NAME	GS<br> follow link to MSigDB	GS DETAILS	SIZE	ES	NES	NOM p-val	FDR q-val	FWER p-val	RANK AT MAX	LEADING EDGE	
HALLMARK_UNFOLDED_PROTEIN_RESPONSE%MSIGDBHALLMARK%HALLMARK_UNFOLDED_PROTEIN_RESPONSE	HALLMARK_UNFOLDED_PROTEIN_RESPONSE%MSIGDBHALLMARK%HALLMARK_UNFOLDED_PROTEIN_RESPONSE	Details ...	94	-0.56693727	-2.3354187	0.0	0.0022972564	0.002	4584	tags=56%, list=19%, signal=69%	
RETROGRADE PROTEIN TRANSPORT, ER TO CYTOSOL%GOBP%GO:0030970	RETROGRADE PROTEIN TRANSPORT, ER TO CYTOSOL%GOBP%GO:0030970	Details ...	19	-0.7711783	-2.21427	0.0	0.0160945	0.027	2353	tags=58%, list=10%, signal=64%	
XBP1(S) ACTIVATES CHAPERONE GENES%REACTOME%R-HSA-381038.5	XBP1(S) ACTIVATES CHAPERONE GENES%REACTOME%R-HSA-381038.5	Details ...	47	-0.6098359	-2.197573	0.0	0.0137748355	0.034	3723	tags=49%, list=15%, signal=58%	
ENDOPLASMIC RETICULUM TO CYTOSOL TRANSPORT%GOBP%GO:1903513	ENDOPLASMIC RETICULUM TO CYTOSOL TRANSPORT%GOBP%GO:1903513	Details ...	19	-0.7711783	-2.1901264	0.0	0.011466072	0.038	2353	tags=58%, list=10%, signal=64%	
IRE1ALPHA ACTIVATES CHAPERONES%REACTOME%R-HSA-381070.3	IRE1ALPHA ACTIVATES CHAPERONES%REACTOME%R-HSA-381070.3	Details ...	49	-0.62483513	-2.1755216	0.0	0.0110006	0.045	3723	tags=49%, list=15%, signal=58%	
UNFOLDED PROTEIN RESPONSE (UPR)%REACTOME%R-HSA-381119.4	UNFOLDED PROTEIN RESPONSE (UPR)%REACTOME%R-HSA-381119.4	Details ...	92	-0.5333073	-2.1701748	0.0	0.009547469	0.047	3723	tags=39%, list=15%, signal=46%	
DENGUE VIRUS GENOME TRANSLATION AND REPLICATION%REACTOME%R-HSA-9918487.1	DENGUE VIRUS GENOME TRANSLATION AND REPLICATION%REACTOME%R-HSA-9918487.1	Details ...	80	-0.5399991	-2.1633306	0.0	0.0101517085	0.059	1865	tags=30%, list=8%, signal=32%	
MORPHINE METABOLISM PATHWAY%SMPDB%SMP0000622	MORPHINE METABOLISM PATHWAY%SMPDB%SMP0000622	Details ...	16	-0.77495456	-2.1443357	0.0	0.011728875	0.078	1216	tags=44%, list=5%, signal=46%	
DISEASES ASSOCIATED WITH GLYCOSYLATION PRECURSOR BIOSYNTHESIS%REACTOME DATABASE ID RELEASE 95%5609975	DISEASES ASSOCIATED WITH GLYCOSYLATION PRECURSOR BIOSYNTHESIS%REACTOME DATABASE ID RELEASE 95%5609975	Details ...	16	-0.78509057	-2.118294	0.0	0.0150415115	0.111	3629	tags=50%, list=15%, signal=59%	
ETOPOSIDE ACTION PATHWAY%SMPDB%SMP0000442	ETOPOSIDE ACTION PATHWAY%SMPDB%SMP0000442	Details ...	20	-0.7067363	-2.0964353	0.0	0.018231235	0.145	1216	tags=35%, list=5%, signal=37%	
ANDROSTENEDIONE METABOLISM%SMPDB%SMP0030406	ANDROSTENEDIONE METABOLISM%SMPDB%SMP0030406	Details ...	18	-0.745122	-2.0874784	0.0	0.0189732	0.163	1216	tags=39%, list=5%, signal=41%	
PROTEIN EXIT FROM ENDOPLASMIC RETICULUM%GOBP%GO:0032527	PROTEIN EXIT FROM ENDOPLASMIC RETICULUM%GOBP%GO:0032527	Details ...	25	-0.66780347	-2.082653	0.0	0.01834502	0.172	2685	tags=52%, list=11%, signal=58%	
CLASSICAL ANTIBODY-MEDIATED COMPLEMENT ACTIVATION%REACTOME%R-HSA-173623.4	CLASSICAL ANTIBODY-MEDIATED COMPLEMENT ACTIVATION%REACTOME%R-HSA-173623.4	Details ...	69	-0.54194367	-2.068658	0.0	0.021236178	0.209	5078	tags=58%, list=21%, signal=73%	
ETOPOSIDE METABOLISM PATHWAY%PATHWHIZ%PW000577	ETOPOSIDE METABOLISM PATHWAY%PATHWHIZ%PW000577	Details ...	20	-0.7067363	-2.0357451	0.0	0.027727667	0.281	1216	tags=35%, list=5%, signal=37%	
NEURON FATE COMMITMENT%GOBP%GO:0048663	NEURON FATE COMMITMENT%GOBP%GO:0048663	Details ...	22	-0.65830564	-2.027222	0.0	0.029149123	0.307	4106	tags=45%, list=17%, signal=55%	
IMMUNOGLOBULIN MEDIATED IMMUNE RESPONSE%GOBP%GO:0016064	IMMUNOGLOBULIN MEDIATED IMMUNE RESPONSE%GOBP%GO:0016064	Details ...	114	-0.4892525	-2.0174007	0.0	0.030224152	0.337	3946	tags=42%, list=16%, signal=50%	
SORAFENIB METABOLISM PATHWAY%PATHWHIZ%PW000624	SORAFENIB METABOLISM PATHWAY%PATHWHIZ%PW000624	Details ...	16	-0.73851115	-2.0117278	0.0	0.030525563	0.357	1216	tags=44%, list=5%, signal=46%	
VITAMIN A DEFICIENCY%SMPDB%SMP0000336	VITAMIN A DEFICIENCY%SMPDB%SMP0000336	Details ...	37	-0.58314687	-2.0096257	0.0	0.02921271	0.361	1363	tags=30%, list=6%, signal=31%	
PHOTODYNAMIC THERAPY INDUCED UNFOLDED PROTEIN RESPONSE%WIKIPATHWAYS_20260211%WP3613%HOMO SAPIENS	PHOTODYNAMIC THERAPY INDUCED UNFOLDED PROTEIN RESPONSE%WIKIPATHWAYS_20260211%WP3613%HOMO SAPIENS	Details ...	20	-0.659862	-2.0035036	0.0	0.030620063	0.391	3341	tags=60%, list=14%, signal=69%	
CD22 MEDIATED BCR REGULATION%REACTOME DATABASE ID RELEASE 95%5690714	CD22 MEDIATED BCR REGULATION%REACTOME DATABASE ID RELEASE 95%5690714	Details ...	66	-0.52405155	-1.985975	0.0	0.03533237	0.456	4814	tags=55%, list=20%, signal=68%	
RETINOL METABOLISM%SMPDB%SMP0000074	RETINOL METABOLISM%SMPDB%SMP0000074		37	-0.58314687	-1.9772518	0.0	0.036926065	0.49	1363	tags=30%, list=6%, signal=31%	
B CELL MEDIATED IMMUNITY%GOBP%GO:0019724	B CELL MEDIATED IMMUNITY%GOBP%GO:0019724		118	-0.47227025	-1.9570218	0.0	0.04517346	0.58	3946	tags=41%, list=16%, signal=48%	
IBUPROFEN METABOLISM PATHWAY%PATHWHIZ%PW000566	IBUPROFEN METABOLISM PATHWAY%PATHWHIZ%PW000566		23	-0.6578359	-1.9475789	0.0	0.048335943	0.616	1705	tags=35%, list=7%, signal=37%	
NGF-STIMULATED TRANSCRIPTION%REACTOME DATABASE ID RELEASE 95%9031628	NGF-STIMULATED TRANSCRIPTION%REACTOME DATABASE ID RELEASE 95%9031628		38	-0.5649459	-1.9316318	0.0	0.054820117	0.681	3016	tags=29%, list=12%, signal=33%	
GLYCOSYLATION AND RELATED CONGENITAL DEFECTS%WIKIPATHWAYS_20260211%WP4521%HOMO SAPIENS	GLYCOSYLATION AND RELATED CONGENITAL DEFECTS%WIKIPATHWAYS_20260211%WP4521%HOMO SAPIENS		22	-0.64253306	-1.9273916	0.0	0.054972503	0.698	2293	tags=50%, list=9%, signal=55%	
REGULATION OF CDH1 POSTTRANSLATIONAL PROCESSING AND TRAFFICKING TO PLASMA MEMBRANE%REACTOME DATABASE ID RELEASE 95%9768727	REGULATION OF CDH1 POSTTRANSLATIONAL PROCESSING AND TRAFFICKING TO PLASMA MEMBRANE%REACTOME DATABASE ID RELEASE 95%9768727		32	-0.60256106	-1.9231446	0.0	0.05592359	0.718	2176	tags=34%, list=9%, signal=38%	
RESPONSE TO UNFOLDED PROTEIN%GOBP%GO:0006986	RESPONSE TO UNFOLDED PROTEIN%GOBP%GO:0006986		94	-0.4668367	-1.9217416	0.0	0.054319005	0.72	2092	tags=23%, list=9%, signal=25%	
INCRETIN SYNTHESIS, SECRETION, AND INACTIVATION%REACTOME%R-HSA-400508.4	INCRETIN SYNTHESIS, SECRETION, AND INACTIVATION%REACTOME%R-HSA-400508.4		24	-0.6110604	-1.9182799	0.0	0.054559506	0.734	1808	tags=29%, list=7%, signal=31%	
ROLE OF LAT2 NTAL LAB ON CALCIUM MOBILIZATION%REACTOME DATABASE ID RELEASE 95%2730905	ROLE OF LAT2 NTAL LAB ON CALCIUM MOBILIZATION%REACTOME DATABASE ID RELEASE 95%2730905		71	-0.49295557	-1.9155623	0.0	0.054342896	0.748	4649	tags=51%, list=19%, signal=62%	
ESTABLISHMENT OF PROTEIN LOCALIZATION TO ENDOPLASMIC RETICULUM%GOBP%GO:0072599	ESTABLISHMENT OF PROTEIN LOCALIZATION TO ENDOPLASMIC RETICULUM%GOBP%GO:0072599		36	-0.5694872	-1.913507	0.0	0.05364036	0.758	2888	tags=47%, list=12%, signal=53%	
PROTEIN TARGETING TO ER%GOBP%GO:0045047	PROTEIN TARGETING TO ER%GOBP%GO:0045047		33	-0.5606772	-1.9041373	0.0	0.057107765	0.792	2888	tags=45%, list=12%, signal=51%	
DEFECTIVE GALNT3 CAUSES HFTC%REACTOME DATABASE ID RELEASE 95%5083625	DEFECTIVE GALNT3 CAUSES HFTC%REACTOME DATABASE ID RELEASE 95%5083625		18	-0.6559093	-1.9028236	0.0063492064	0.05603838	0.796	1060	tags=28%, list=4%, signal=29%	
ENDOPLASMIC RETICULUM UNFOLDED PROTEIN RESPONSE%GOBP%GO:0030968	ENDOPLASMIC RETICULUM UNFOLDED PROTEIN RESPONSE%GOBP%GO:0030968		54	-0.525479	-1.8987736	0.0	0.05663004	0.813	2429	tags=31%, list=10%, signal=35%	
SYNTHESIS, SECRETION, AND INACTIVATION OF GLUCAGON-LIKE PEPTIDE-1 (GLP-1)%REACTOME%R-HSA-381771.6	SYNTHESIS, SECRETION, AND INACTIVATION OF GLUCAGON-LIKE PEPTIDE-1 (GLP-1)%REACTOME%R-HSA-381771.6		21	-0.6572457	-1.8968518	0.0034364262	0.056273926	0.818	1808	tags=33%, list=7%, signal=36%	
ESTRONE METABOLISM%SMPDB%SMP0030880	ESTRONE METABOLISM%SMPDB%SMP0030880		16	-0.68856525	-1.8952904	0.0	0.055452798	0.824	1216	tags=44%, list=5%, signal=46%	
CREATION OF C4 AND C2 ACTIVATORS%REACTOME%R-HSA-166786.4	CREATION OF C4 AND C2 ACTIVATORS%REACTOME%R-HSA-166786.4		76	-0.47890714	-1.8875327	0.0	0.058554888	0.842	4649	tags=49%, list=19%, signal=60%	
FCGR ACTIVATION%REACTOME%R-HSA-2029481.3	FCGR ACTIVATION%REACTOME%R-HSA-2029481.3		73	-0.49430388	-1.8854842	0.006369427	0.058081422	0.847	4649	tags=52%, list=19%, signal=64%	
REGULATION OF OXIDATIVE STRESS-INDUCED INTRINSIC APOPTOTIC SIGNALING PATHWAY%GOBP%GO:1902175	REGULATION OF OXIDATIVE STRESS-INDUCED INTRINSIC APOPTOTIC SIGNALING PATHWAY%GOBP%GO:1902175		32	-0.581095	-1.8767829	0.0	0.06167993	0.871	4645	tags=44%, list=19%, signal=54%	
MATURATION OF DENV PROTEINS%REACTOME%R-HSA-9918432.1	MATURATION OF DENV PROTEINS%REACTOME%R-HSA-9918432.1		51	-0.51986736	-1.8759023	0.0	0.060540717	0.872	1608	tags=29%, list=7%, signal=31%	
PROTEIN N-LINKED GLYCOSYLATION%GOBP%GO:0006487	PROTEIN N-LINKED GLYCOSYLATION%GOBP%GO:0006487		83	-0.45818388	-1.8686415	0.0	0.06349077	0.893	2790	tags=34%, list=11%, signal=38%	
CELLULAR RESPONSE TO UNFOLDED PROTEIN%GOBP%GO:0034620	CELLULAR RESPONSE TO UNFOLDED PROTEIN%GOBP%GO:0034620		69	-0.48107597	-1.8571876	0.0	0.06909795	0.918	2429	tags=26%, list=10%, signal=29%	
FCERI MEDIATED MAPK ACTIVATION%REACTOME DATABASE ID RELEASE 95%2871796	FCERI MEDIATED MAPK ACTIVATION%REACTOME DATABASE ID RELEASE 95%2871796		85	-0.45687994	-1.8457856	0.0	0.07540994	0.938	4649	tags=46%, list=19%, signal=56%	
PROTEIN REFOLDING%GOBP%GO:0042026	PROTEIN REFOLDING%GOBP%GO:0042026		24	-0.5962513	-1.8357049	0.0	0.08086674	0.962	4738	tags=29%, list=19%, signal=36%	
SELENIUM METABOLISM AND SELENOPROTEINS%WIKIPATHWAYS_20260211%WP28%HOMO SAPIENS	SELENIUM METABOLISM AND SELENOPROTEINS%WIKIPATHWAYS_20260211%WP28%HOMO SAPIENS		39	-0.53889453	-1.8320267	0.0	0.081987925	0.967	1922	tags=26%, list=8%, signal=28%	
MAINTENANCE OF GASTROINTESTINAL EPITHELIUM%GOBP%GO:0030277	MAINTENANCE OF GASTROINTESTINAL EPITHELIUM%GOBP%GO:0030277		21	-0.61841106	-1.8297108	0.0	0.081594594	0.969	1677	tags=29%, list=7%, signal=31%	
COTRANSLATIONAL PROTEIN TARGETING TO MEMBRANE%GOBP%GO:0006613	COTRANSLATIONAL PROTEIN TARGETING TO MEMBRANE%GOBP%GO:0006613		20	-0.6171117	-1.8297086	0.0	0.07982079	0.969	2888	tags=50%, list=12%, signal=57%	
IRINOTECAN ACTION PATHWAY%PATHWHIZ%PW000238	IRINOTECAN ACTION PATHWAY%PATHWHIZ%PW000238		24	-0.58399254	-1.8259009	0.0	0.08122333	0.972	1216	tags=29%, list=5%, signal=31%	
N GLYCAN BIOSYNTHESIS%WIKIPATHWAYS_20260211%WP5153%HOMO SAPIENS	N GLYCAN BIOSYNTHESIS%WIKIPATHWAYS_20260211%WP5153%HOMO SAPIENS		49	-0.50341463	-1.8252851	0.0	0.080008045	0.972	2272	tags=35%, list=9%, signal=38%	
INITIAL TRIGGERING OF COMPLEMENT%REACTOME%R-HSA-166663.4	INITIAL TRIGGERING OF COMPLEMENT%REACTOME%R-HSA-166663.4		82	-0.46874025	-1.8145043	0.0	0.087196924	0.983	4649	tags=46%, list=19%, signal=57%	
SCAVENGING OF HEME FROM PLASMA%REACTOME%R-HSA-2168880.3	SCAVENGING OF HEME FROM PLASMA%REACTOME%R-HSA-2168880.3		73	-0.46697873	-1.8005741	0.0	0.09673009	0.988	4649	tags=51%, list=19%, signal=62%	
PROTEIN HYDROXYLATION%GOBP%GO:0018126	PROTEIN HYDROXYLATION%GOBP%GO:0018126		15	-0.6552722	-1.7978601	0.0066006603	0.09720912	0.989	3787	tags=53%, list=15%, signal=63%	
N-GLYCAN TRIMMING IN THE ER AND CALNEXIN CALRETICULIN CYCLE%REACTOME%R-HSA-532668.4	N-GLYCAN TRIMMING IN THE ER AND CALNEXIN CALRETICULIN CYCLE%REACTOME%R-HSA-532668.4		35	-0.5468188	-1.7946013	0.0	0.098209836	0.99	4284	tags=51%, list=17%, signal=62%	
FCERI MEDIATED NF-KB ACTIVATION%REACTOME DATABASE ID RELEASE 95%2871837	FCERI MEDIATED NF-KB ACTIVATION%REACTOME DATABASE ID RELEASE 95%2871837		125	-0.41965985	-1.793734	0.0	0.097442254	0.99	4690	tags=44%, list=19%, signal=54%	
CELLULAR RESPONSE TO GLUCOSE STARVATION%GOBP%GO:0042149	CELLULAR RESPONSE TO GLUCOSE STARVATION%GOBP%GO:0042149		43	-0.5173585	-1.7929732	0.0	0.09631758	0.991	2491	tags=26%, list=10%, signal=28%	
CELLULAR RESPONSE TO TOPOLOGICALLY INCORRECT PROTEIN%GOBP%GO:0035967	CELLULAR RESPONSE TO TOPOLOGICALLY INCORRECT PROTEIN%GOBP%GO:0035967		84	-0.44335595	-1.7775061	0.0	0.10950788	0.995	2674	tags=25%, list=11%, signal=28%	
RIBOSOMAL SCANNING AND START CODON RECOGNITION%REACTOME%R-HSA-72702.5	RIBOSOMAL SCANNING AND START CODON RECOGNITION%REACTOME%R-HSA-72702.5		59	-0.48346087	-1.7732933	0.0	0.111827366	0.996	5797	tags=41%, list=24%, signal=53%	
RESPONSE TO TOPOLOGICALLY INCORRECT PROTEIN%GOBP%GO:0035966	RESPONSE TO TOPOLOGICALLY INCORRECT PROTEIN%GOBP%GO:0035966		111	-0.43343353	-1.7732917	0.0	0.10986548	0.996	2429	tags=23%, list=10%, signal=25%	
ANTIGEN ACTIVATES B CELL RECEPTOR (BCR) LEADING TO GENERATION OF SECOND MESSENGERS%REACTOME DATABASE ID RELEASE 95%983695	ANTIGEN ACTIVATES B CELL RECEPTOR (BCR) LEADING TO GENERATION OF SECOND MESSENGERS%REACTOME DATABASE ID RELEASE 95%983695		90	-0.44408017	-1.7690611	0.0	0.11151337	0.997	4649	tags=46%, list=19%, signal=56%	
ROLE OF PHOSPHOLIPIDS IN PHAGOCYTOSIS%REACTOME DATABASE ID RELEASE 95%2029485	ROLE OF PHOSPHOLIPIDS IN PHAGOCYTOSIS%REACTOME DATABASE ID RELEASE 95%2029485		87	-0.43435535	-1.7634234	0.0	0.114664696	0.998	4649	tags=44%, list=19%, signal=54%	
ACETAMINOPHEN METABOLISM PATHWAY%PATHWHIZ%PW000616	ACETAMINOPHEN METABOLISM PATHWAY%PATHWHIZ%PW000616		29	-0.5523866	-1.7616394	0.003984064	0.11450298	0.998	1671	tags=28%, list=7%, signal=30%	
DEFECTIVE C1GALT1C1 CAUSES TNPS%REACTOME%R-HSA-5083632.4	DEFECTIVE C1GALT1C1 CAUSES TNPS%REACTOME%R-HSA-5083632.4		19	-0.6070842	-1.7599922	0.0102739725	0.114333995	0.998	1060	tags=26%, list=4%, signal=27%	
IRINOTECAN METABOLISM PATHWAY%SMPDB%SMP0000600	IRINOTECAN METABOLISM PATHWAY%SMPDB%SMP0000600		24	-0.58399254	-1.7563539	0.007352941	0.11623511	0.999	1216	tags=29%, list=5%, signal=31%	
PROTEASOME DEGRADATION%WIKIPATHWAYS_20260211%WP183%HOMO SAPIENS	PROTEASOME DEGRADATION%WIKIPATHWAYS_20260211%WP183%HOMO SAPIENS		42	-0.4990162	-1.7515846	0.0	0.11937201	0.999	4690	tags=45%, list=19%, signal=56%	
DEFECTIVE GALNT12 CAUSES CRCS1%REACTOME%R-HSA-5083636.4	DEFECTIVE GALNT12 CAUSES CRCS1%REACTOME%R-HSA-5083636.4		18	-0.6129603	-1.751497	0.013245033	0.11759691	0.999	1060	tags=28%, list=4%, signal=29%	
COPI-MEDIATED ANTEROGRADE TRANSPORT%REACTOME DATABASE ID RELEASE 95%6807878	COPI-MEDIATED ANTEROGRADE TRANSPORT%REACTOME DATABASE ID RELEASE 95%6807878		83	-0.45233098	-1.7457395	0.0	0.12162988	0.999	2959	tags=37%, list=12%, signal=42%	
CALNEXIN CALRETICULIN CYCLE%REACTOME%R-HSA-901042.5	CALNEXIN CALRETICULIN CYCLE%REACTOME%R-HSA-901042.5		26	-0.5510504	-1.7364249	0.007751938	0.12870137	0.999	4762	tags=54%, list=19%, signal=67%	
RESPONSE OF EIF2AK1 (HRI) TO HEME DEFICIENCY%REACTOME DATABASE ID RELEASE 95%9648895	RESPONSE OF EIF2AK1 (HRI) TO HEME DEFICIENCY%REACTOME DATABASE ID RELEASE 95%9648895		15	-0.6345428	-1.7232094	0.014184397	0.14147782	0.999	3070	tags=47%, list=13%, signal=53%	
PARKIN UBIQUITIN PROTEASOMAL SYSTEM PATHWAY%WIKIPATHWAYS_20260211%WP2359%HOMO SAPIENS	PARKIN UBIQUITIN PROTEASOMAL SYSTEM PATHWAY%WIKIPATHWAYS_20260211%WP2359%HOMO SAPIENS		50	-0.48256502	-1.7165327	0.0050251256	0.14757216	0.999	4409	tags=42%, list=18%, signal=51%	
ACTIVATION OF THE MRNA UPON BINDING OF THE CAP-BINDING COMPLEX AND EIFS, AND SUBSEQUENT BINDING TO 43S%REACTOME%R-HSA-72662.5	ACTIVATION OF THE MRNA UPON BINDING OF THE CAP-BINDING COMPLEX AND EIFS, AND SUBSEQUENT BINDING TO 43S%REACTOME%R-HSA-72662.5		60	-0.4518504	-1.71149	0.0	0.15161172	0.999	5797	tags=40%, list=24%, signal=52%	
NEGATIVE REGULATION OF OXIDATIVE STRESS-INDUCED INTRINSIC APOPTOTIC SIGNALING PATHWAY%GOBP%GO:1902176	NEGATIVE REGULATION OF OXIDATIVE STRESS-INDUCED INTRINSIC APOPTOTIC SIGNALING PATHWAY%GOBP%GO:1902176		23	-0.5720374	-1.7109582	0.0067114094	0.15006816	1.0	4404	tags=43%, list=18%, signal=53%	
GTP HYDROLYSIS AND JOINING OF THE 60S RIBOSOMAL SUBUNIT%REACTOME%R-HSA-72706.4	GTP HYDROLYSIS AND JOINING OF THE 60S RIBOSOMAL SUBUNIT%REACTOME%R-HSA-72706.4		112	-0.4056626	-1.6962789	0.0	0.1668467	1.0	5877	tags=39%, list=24%, signal=51%	
IBUPROFEN ACTION PATHWAY%SMPDB%SMP0000086	IBUPROFEN ACTION PATHWAY%SMPDB%SMP0000086		48	-0.48676297	-1.69616	0.0	0.16471949	1.0	2807	tags=29%, list=11%, signal=33%	
HH MUTANTS ARE DEGRADED BY ERAD%REACTOME DATABASE ID RELEASE 95%5362768	HH MUTANTS ARE DEGRADED BY ERAD%REACTOME DATABASE ID RELEASE 95%5362768		43	-0.47512704	-1.6936347	0.008474576	0.16600351	1.0	4658	tags=49%, list=19%, signal=60%	
SRP-DEPENDENT COTRANSLATIONAL PROTEIN TARGETING TO MEMBRANE%REACTOME DATABASE ID RELEASE 95%1799339	SRP-DEPENDENT COTRANSLATIONAL PROTEIN TARGETING TO MEMBRANE%REACTOME DATABASE ID RELEASE 95%1799339		112	-0.4119356	-1.6905855	0.0	0.16794406	1.0	5877	tags=38%, list=24%, signal=50%	
PERK REGULATES GENE EXPRESSION%REACTOME%R-HSA-381042.3	PERK REGULATES GENE EXPRESSION%REACTOME%R-HSA-381042.3		32	-0.5155328	-1.6659105	0.004115226	0.20305589	1.0	4826	tags=47%, list=20%, signal=58%	
NUCLEAR EVENTS (KINASE AND TRANSCRIPTION FACTOR ACTIVATION)%REACTOME%R-HSA-198725.4	NUCLEAR EVENTS (KINASE AND TRANSCRIPTION FACTOR ACTIVATION)%REACTOME%R-HSA-198725.4		60	-0.4506815	-1.6652557	0.0	0.20146818	1.0	3016	tags=25%, list=12%, signal=28%	
BIOSYNTHESIS OF THE N-GLYCAN PRECURSOR (DOLICHOL LIPID-LINKED OLIGOSACCHARIDE, LLO) AND TRANSFER TO A NASCENT PROTEIN%REACTOME DATABASE ID RELEASE 95%446193	BIOSYNTHESIS OF THE N-GLYCAN PRECURSOR (DOLICHOL LIPID-LINKED OLIGOSACCHARIDE, LLO) AND TRANSFER TO A NASCENT PROTEIN%REACTOME DATABASE ID RELEASE 95%446193		80	-0.4164492	-1.6644156	0.0	0.2002534	1.0	1867	tags=24%, list=8%, signal=26%	
NEGATIVE REGULATION OF SMAD PROTEIN SIGNAL TRANSDUCTION%GOBP%GO:0060392	NEGATIVE REGULATION OF SMAD PROTEIN SIGNAL TRANSDUCTION%GOBP%GO:0060392		21	-0.5509312	-1.6393354	0.02341137	0.24182898	1.0	3703	tags=43%, list=15%, signal=50%	
TRANSLATION FACTORS%WIKIPATHWAYS_20260211%WP107%HOMO SAPIENS	TRANSLATION FACTORS%WIKIPATHWAYS_20260211%WP107%HOMO SAPIENS		43	-0.45877603	-1.637855	0.00913242	0.24115705	1.0	3070	tags=35%, list=13%, signal=40%	
HALLMARK_MTORC1_SIGNALING%MSIGDBHALLMARK%HALLMARK_MTORC1_SIGNALING	HALLMARK_MTORC1_SIGNALING%MSIGDBHALLMARK%HALLMARK_MTORC1_SIGNALING		149	-0.3794113	-1.634232	0.0	0.24510829	1.0	3532	tags=32%, list=14%, signal=37%	
POST-TRANSLATIONAL PROTEIN TARGETING TO ENDOPLASMIC RETICULUM MEMBRANE%GOBP%GO:0006620	POST-TRANSLATIONAL PROTEIN TARGETING TO ENDOPLASMIC RETICULUM MEMBRANE%GOBP%GO:0006620		18	-0.58119637	-1.630099	0.022580646	0.24999693	1.0	4759	tags=61%, list=19%, signal=76%	
HEDGEHOG%NETPATH%HEDGEHOG	HEDGEHOG%NETPATH%HEDGEHOG		20	-0.5498173	-1.6273892	0.0068728523	0.25186202	1.0	1871	tags=30%, list=8%, signal=32%	
B CELL RECEPTOR SIGNALING PATHWAY%GOBP%GO:0050853	B CELL RECEPTOR SIGNALING PATHWAY%GOBP%GO:0050853		47	-0.46270812	-1.627263	0.0	0.24903424	1.0	2883	tags=36%, list=12%, signal=41%	
FCGR3A-MEDIATED IL10 SYNTHESIS%REACTOME%R-HSA-9664323.3	FCGR3A-MEDIATED IL10 SYNTHESIS%REACTOME%R-HSA-9664323.3		98	-0.39872682	-1.6207651	0.0	0.25890985	1.0	4649	tags=41%, list=19%, signal=50%	
LYMPHOCYTE MEDIATED IMMUNITY%GOBP%GO:0002449	LYMPHOCYTE MEDIATED IMMUNITY%GOBP%GO:0002449		174	-0.36225095	-1.6191887	0.0	0.25905788	1.0	3830	tags=31%, list=16%, signal=37%	
TRANSLATION INITIATION COMPLEX FORMATION%REACTOME%R-HSA-72649.4	TRANSLATION INITIATION COMPLEX FORMATION%REACTOME%R-HSA-72649.4		59	-0.4424084	-1.6183355	0.0051020407	0.25780421	1.0	5797	tags=39%, list=24%, signal=51%	
B CELL ACTIVATION%REACTOME DATABASE ID RELEASE 95%983705	B CELL ACTIVATION%REACTOME DATABASE ID RELEASE 95%983705		156	-0.362771	-1.6123312	0.0	0.26664177	1.0	4658	tags=39%, list=19%, signal=48%	
EUKARYOTIC TRANSLATION INITIATION%REACTOME%R-HSA-72613.5	EUKARYOTIC TRANSLATION INITIATION%REACTOME%R-HSA-72613.5		119	-0.38840526	-1.6112822	0.0	0.26551682	1.0	5877	tags=40%, list=24%, signal=53%	
CAP-DEPENDENT TRANSLATION INITIATION%REACTOME%R-HSA-72737.4	CAP-DEPENDENT TRANSLATION INITIATION%REACTOME%R-HSA-72737.4		119	-0.38840526	-1.6059039	0.0	0.27293587	1.0	5877	tags=40%, list=24%, signal=53%	
UBIQUITIN–PROTEASOME PATHWAY%SMPDB%SMP0063816	UBIQUITIN–PROTEASOME PATHWAY%SMPDB%SMP0063816		28	-0.4961184	-1.604893	0.007968128	0.2719634	1.0	4658	tags=43%, list=19%, signal=53%	
DOLICHOL-LINKED OLIGOSACCHARIDE BIOSYNTHETIC PROCESS%GOBP%GO:0006488	DOLICHOL-LINKED OLIGOSACCHARIDE BIOSYNTHETIC PROCESS%GOBP%GO:0006488		18	-0.5744264	-1.6036929	0.013201321	0.27119273	1.0	2669	tags=50%, list=11%, signal=56%	
REGULATION OF IFNA IFNB SIGNALING%REACTOME DATABASE ID RELEASE 95%912694	REGULATION OF IFNA IFNB SIGNALING%REACTOME DATABASE ID RELEASE 95%912694		23	-0.51881063	-1.6022531	0.014705882	0.27092072	1.0	1911	tags=22%, list=8%, signal=24%	
DISEASES ASSOCIATED WITH N-GLYCOSYLATION OF PROTEINS%REACTOME DATABASE ID RELEASE 95%3781860	DISEASES ASSOCIATED WITH N-GLYCOSYLATION OF PROTEINS%REACTOME DATABASE ID RELEASE 95%3781860		20	-0.5451634	-1.6005665	0.028673835	0.2710522	1.0	1805	tags=35%, list=7%, signal=38%	
SYNTHESIS OF SUBSTRATES IN N-GLYCAN BIOSYTHESIS%REACTOME%R-HSA-446219.4	SYNTHESIS OF SUBSTRATES IN N-GLYCAN BIOSYTHESIS%REACTOME%R-HSA-446219.4		65	-0.41741815	-1.5991797	0.0	0.27075565	1.0	1867	tags=22%, list=8%, signal=23%	
BINDING AND UPTAKE OF LIGANDS BY SCAVENGER RECEPTORS%REACTOME%R-HSA-2173782.3	BINDING AND UPTAKE OF LIGANDS BY SCAVENGER RECEPTORS%REACTOME%R-HSA-2173782.3		105	-0.39442933	-1.597631	0.0	0.27127096	1.0	4649	tags=41%, list=19%, signal=50%	
AMPK-INDUCED ERAD AND LYSOSOME MEDIATED DEGRADATION OF PD-L1(CD274)%REACTOME DATABASE ID RELEASE 95%9931269	AMPK-INDUCED ERAD AND LYSOSOME MEDIATED DEGRADATION OF PD-L1(CD274)%REACTOME DATABASE ID RELEASE 95%9931269		55	-0.43516454	-1.5762458	0.004464286	0.31319192	1.0	4409	tags=44%, list=18%, signal=53%	
ER QUALITY CONTROL COMPARTMENT (ERQC)%REACTOME%R-HSA-901032.7	ER QUALITY CONTROL COMPARTMENT (ERQC)%REACTOME%R-HSA-901032.7		21	-0.5355802	-1.5692087	0.028268551	0.32548448	1.0	5193	tags=57%, list=21%, signal=72%	
REGULATION OF TRANSLATIONAL INITIATION%GOBP%GO:0006446	REGULATION OF TRANSLATIONAL INITIATION%GOBP%GO:0006446		86	-0.38753328	-1.567992	0.0	0.32479483	1.0	4612	tags=43%, list=19%, signal=53%	
ADAPTIVE IMMUNE RESPONSE BASED ON SOMATIC RECOMBINATION OF IMMUNE RECEPTORS BUILT FROM IMMUNOGLOBULIN SUPERFAMILY DOMAINS%GOBP%GO:0002460	ADAPTIVE IMMUNE RESPONSE BASED ON SOMATIC RECOMBINATION OF IMMUNE RECEPTORS BUILT FROM IMMUNOGLOBULIN SUPERFAMILY DOMAINS%GOBP%GO:0002460		194	-0.3517132	-1.5660031	0.0	0.32603735	1.0	3852	tags=28%, list=16%, signal=33%	
ERAD PATHWAY%GOBP%GO:0036503	ERAD PATHWAY%GOBP%GO:0036503		92	-0.3849243	-1.5658202	0.0	0.32319197	1.0	2353	tags=22%, list=10%, signal=24%	
ALANINE TRANSPORT%GOBP%GO:0032328	ALANINE TRANSPORT%GOBP%GO:0032328		17	-0.55927515	-1.5625532	0.041009463	0.32725915	1.0	2368	tags=47%, list=10%, signal=52%	
SARCOSINEMIA%SMPDB%SMP0000244	SARCOSINEMIA%SMPDB%SMP0000244		24	-0.49879098	-1.5581949	0.014285714	0.3339997	1.0	2976	tags=50%, list=12%, signal=57%	
RESPIRATORY SYNCYTIAL VIRUS (RSV) GENOME REPLICATION, TRANSCRIPTION AND TRANSLATION%REACTOME%R-HSA-9820965.1	RESPIRATORY SYNCYTIAL VIRUS (RSV) GENOME REPLICATION, TRANSCRIPTION AND TRANSLATION%REACTOME%R-HSA-9820965.1		17	-0.56416386	-1.5573432	0.036101084	0.3326816	1.0	1303	tags=29%, list=5%, signal=31%	
LEISHMANIA PHAGOCYTOSIS%REACTOME DATABASE ID RELEASE 95%9664417	LEISHMANIA PHAGOCYTOSIS%REACTOME DATABASE ID RELEASE 95%9664417		119	-0.37055004	-1.5530521	0.0	0.33971763	1.0	4649	tags=39%, list=19%, signal=47%	
FCERI MEDIATED CA+2 MOBILIZATION%REACTOME DATABASE ID RELEASE 95%2871809	FCERI MEDIATED CA+2 MOBILIZATION%REACTOME DATABASE ID RELEASE 95%2871809		85	-0.38708988	-1.5518616	0.0	0.33921525	1.0	4837	tags=46%, list=20%, signal=57%	
HALLMARK_GLYCOLYSIS%MSIGDBHALLMARK%HALLMARK_GLYCOLYSIS	HALLMARK_GLYCOLYSIS%MSIGDBHALLMARK%HALLMARK_GLYCOLYSIS		153	-0.35815492	-1.5412772	0.0	0.36128125	1.0	2017	tags=16%, list=8%, signal=17%	
PROTEIN TRANSMEMBRANE TRANSPORT%GOBP%GO:0071806	PROTEIN TRANSMEMBRANE TRANSPORT%GOBP%GO:0071806		59	-0.41306326	-1.5395905	0.014563107	0.3619997	1.0	4759	tags=44%, list=19%, signal=55%	
PARASITE INFECTION%REACTOME%R-HSA-9664407.3	PARASITE INFECTION%REACTOME%R-HSA-9664407.3		119	-0.37055004	-1.539053	0.0	0.3599327	1.0	4649	tags=39%, list=19%, signal=47%	
REGULATION OF ACTIN DYNAMICS FOR PHAGOCYTIC CUP FORMATION%REACTOME DATABASE ID RELEASE 95%2029482	REGULATION OF ACTIN DYNAMICS FOR PHAGOCYTIC CUP FORMATION%REACTOME DATABASE ID RELEASE 95%2029482		122	-0.36318102	-1.536723	0.0	0.36247054	1.0	4649	tags=38%, list=19%, signal=46%	
FCGR3A-MEDIATED PHAGOCYTOSIS%REACTOME DATABASE ID RELEASE 95%9664422	FCGR3A-MEDIATED PHAGOCYTOSIS%REACTOME DATABASE ID RELEASE 95%9664422		119	-0.37055004	-1.5359067	0.0	0.3611316	1.0	4649	tags=39%, list=19%, signal=47%	
HUMORAL IMMUNE RESPONSE MEDIATED BY CIRCULATING IMMUNOGLOBULIN%GOBP%GO:0002455	HUMORAL IMMUNE RESPONSE MEDIATED BY CIRCULATING IMMUNOGLOBULIN%GOBP%GO:0002455		17	-0.5307846	-1.5356437	0.03169014	0.35854313	1.0	3473	tags=47%, list=14%, signal=55%	
GLYCINE AND SERINE METABOLISM%SMPDB%SMP0000004	GLYCINE AND SERINE METABOLISM%SMPDB%SMP0000004		24	-0.49879098	-1.5336009	0.030075189	0.3608215	1.0	2976	tags=50%, list=12%, signal=57%	
NON-KETOTIC HYPERGLYCINEMIA%PATHWHIZ%PW000209	NON-KETOTIC HYPERGLYCINEMIA%PATHWHIZ%PW000209		24	-0.49879098	-1.5318737	0.010638298	0.36185056	1.0	2976	tags=50%, list=12%, signal=57%	
HH MUTANTS ABROGATE LIGAND SECRETION%REACTOME DATABASE ID RELEASE 95%5387390	HH MUTANTS ABROGATE LIGAND SECRETION%REACTOME DATABASE ID RELEASE 95%5387390		46	-0.43688345	-1.5315694	0.013824885	0.3592606	1.0	4658	tags=46%, list=19%, signal=56%	
KINETOCHORE ASSEMBLY%GOBP%GO:0051382	KINETOCHORE ASSEMBLY%GOBP%GO:0051382		22	-0.4992558	-1.5228502	0.04379562	0.37821078	1.0	1930	tags=27%, list=8%, signal=30%	
3-PHOSPHOGLYCERATE DEHYDROGENASE DEFICIENCY%SMPDB%SMP0000721	3-PHOSPHOGLYCERATE DEHYDROGENASE DEFICIENCY%SMPDB%SMP0000721		24	-0.49879098	-1.522727	0.031468533	0.3753554	1.0	2976	tags=50%, list=12%, signal=57%	
DIHYDROPYRIMIDINE DEHYDROGENASE DEFICIENCY (DHPD)%SMPDB%SMP0000179	DIHYDROPYRIMIDINE DEHYDROGENASE DEFICIENCY (DHPD)%SMPDB%SMP0000179		24	-0.49879098	-1.5208023	0.03508772	0.376845	1.0	2976	tags=50%, list=12%, signal=57%	
HYPERGLYCINEMIA, NON-KETOTIC%SMPDB%SMP0000485	HYPERGLYCINEMIA, NON-KETOTIC%SMPDB%SMP0000485		24	-0.49879098	-1.5161064	0.038062282	0.3857852	1.0	2976	tags=50%, list=12%, signal=57%	
DIMETHYLGLYCINE DEHYDROGENASE DEFICIENCY%SMPDB%SMP0000484	DIMETHYLGLYCINE DEHYDROGENASE DEFICIENCY%SMPDB%SMP0000484		24	-0.49879098	-1.5103542	0.037931036	0.39749575	1.0	2976	tags=50%, list=12%, signal=57%	
DIMETHYLGLYCINE DEHYDROGENASE DEFICIENCY%SMPDB%SMP0000242	DIMETHYLGLYCINE DEHYDROGENASE DEFICIENCY%SMPDB%SMP0000242		24	-0.49879098	-1.5094796	0.01980198	0.39653274	1.0	2976	tags=50%, list=12%, signal=57%	
L13A-MEDIATED TRANSLATIONAL SILENCING OF CERULOPLASMIN EXPRESSION%REACTOME%R-HSA-156827.5	L13A-MEDIATED TRANSLATIONAL SILENCING OF CERULOPLASMIN EXPRESSION%REACTOME%R-HSA-156827.5		111	-0.36663762	-1.5068672	0.0	0.40040872	1.0	5877	tags=38%, list=24%, signal=50%	
HALLMARK_MYC_TARGETS_V2%MSIGDBHALLMARK%HALLMARK_MYC_TARGETS_V2	HALLMARK_MYC_TARGETS_V2%MSIGDBHALLMARK%HALLMARK_MYC_TARGETS_V2		47	-0.41742665	-1.5063578	0.015228426	0.3983373	1.0	3023	tags=32%, list=12%, signal=36%	
NEGATIVE REGULATION OF INTRINSIC APOPTOTIC SIGNALING PATHWAY%GOBP%GO:2001243	NEGATIVE REGULATION OF INTRINSIC APOPTOTIC SIGNALING PATHWAY%GOBP%GO:2001243		77	-0.38782907	-1.5045203	0.0058139535	0.39989626	1.0	3087	tags=26%, list=13%, signal=30%	
COPI-DEPENDENT GOLGI-TO-ER RETROGRADE TRAFFIC%REACTOME DATABASE ID RELEASE 95%6811434	COPI-DEPENDENT GOLGI-TO-ER RETROGRADE TRAFFIC%REACTOME DATABASE ID RELEASE 95%6811434		82	-0.38930294	-1.504198	0.00591716	0.3974302	1.0	3014	tags=28%, list=12%, signal=32%	
POTENTIAL THERAPEUTICS FOR SARS%REACTOME%R-HSA-9679191.5	POTENTIAL THERAPEUTICS FOR SARS%REACTOME%R-HSA-9679191.5		156	-0.3463608	-1.4962223	0.0	0.4157694	1.0	4825	tags=37%, list=20%, signal=45%	
DISEASES OF GLYCOSYLATION%REACTOME DATABASE ID RELEASE 95%3781865	DISEASES OF GLYCOSYLATION%REACTOME DATABASE ID RELEASE 95%3781865		145	-0.35010967	-1.4939504	0.0	0.41840777	1.0	1805	tags=19%, list=7%, signal=20%	
REGULATION OF ORNITHINE DECARBOXYLASE (ODC)%REACTOME%R-HSA-350562.6	REGULATION OF ORNITHINE DECARBOXYLASE (ODC)%REACTOME%R-HSA-350562.6		38	-0.4340076	-1.4932625	0.012931035	0.417087	1.0	4658	tags=39%, list=19%, signal=49%	
ER TO GOLGI ANTEROGRADE TRANSPORT%REACTOME%R-HSA-199977.6	ER TO GOLGI ANTEROGRADE TRANSPORT%REACTOME%R-HSA-199977.6		137	-0.3503777	-1.49313	0.0	0.41416806	1.0	2959	tags=28%, list=12%, signal=32%	
REGULATION OF PD-L1(CD274) POST-TRANSLATIONAL MODIFICATION%REACTOME DATABASE ID RELEASE 95%9909615	REGULATION OF PD-L1(CD274) POST-TRANSLATIONAL MODIFICATION%REACTOME DATABASE ID RELEASE 95%9909615		86	-0.37193748	-1.492454	0.006134969	0.41269234	1.0	4688	tags=38%, list=19%, signal=47%	
INTRACELLULAR PROTEIN TRANSMEMBRANE TRANSPORT%GOBP%GO:0065002	INTRACELLULAR PROTEIN TRANSMEMBRANE TRANSPORT%GOBP%GO:0065002		29	-0.46652696	-1.4900807	0.039426524	0.41611648	1.0	1230	tags=24%, list=5%, signal=25%	
ANK2 PATHWAY IN EPILEPSY DEVELOPMENT%WIKIPATHWAYS_20260211%WP5557%HOMO SAPIENS	ANK2 PATHWAY IN EPILEPSY DEVELOPMENT%WIKIPATHWAYS_20260211%WP5557%HOMO SAPIENS		17	-0.5323636	-1.4884224	0.05483871	0.4174945	1.0	2738	tags=47%, list=11%, signal=53%	
EPITHELIAL STRUCTURE MAINTENANCE%GOBP%GO:0010669	EPITHELIAL STRUCTURE MAINTENANCE%GOBP%GO:0010669		33	-0.4374128	-1.4883324	0.030075189	0.41452226	1.0	1677	tags=18%, list=7%, signal=19%	
CYTOSOLIC TRNA AMINOACYLATION%REACTOME DATABASE ID RELEASE 95%379716	CYTOSOLIC TRNA AMINOACYLATION%REACTOME DATABASE ID RELEASE 95%379716		23	-0.5011464	-1.486275	0.03422053	0.4173442	1.0	2747	tags=30%, list=11%, signal=34%	
HEDGEHOG LIGAND BIOGENESIS%REACTOME%R-HSA-5358346.2	HEDGEHOG LIGAND BIOGENESIS%REACTOME%R-HSA-5358346.2		52	-0.41080463	-1.4856238	0.013953488	0.41594663	1.0	4658	tags=44%, list=19%, signal=55%	
RETROGRADE VESICLE-MEDIATED TRANSPORT, GOLGI TO ENDOPLASMIC RETICULUM%GOBP%GO:0006890	RETROGRADE VESICLE-MEDIATED TRANSPORT, GOLGI TO ENDOPLASMIC RETICULUM%GOBP%GO:0006890		51	-0.40881175	-1.4818364	0.015075377	0.42301258	1.0	3738	tags=35%, list=15%, signal=42%	
FORMATION OF THE TERNARY COMPLEX, AND SUBSEQUENTLY, THE 43S COMPLEX%REACTOME%R-HSA-72695.4	FORMATION OF THE TERNARY COMPLEX, AND SUBSEQUENTLY, THE 43S COMPLEX%REACTOME%R-HSA-72695.4		52	-0.41473413	-1.4807113	0.014285714	0.42268774	1.0	5797	tags=37%, list=24%, signal=48%	
REGULATION OF BLOOD VESSEL ENDOTHELIAL CELL PROLIFERATION INVOLVED IN SPROUTING ANGIOGENESIS%GOBP%GO:1903587	REGULATION OF BLOOD VESSEL ENDOTHELIAL CELL PROLIFERATION INVOLVED IN SPROUTING ANGIOGENESIS%GOBP%GO:1903587		18	-0.51559705	-1.4793748	0.05230769	0.42326602	1.0	1168	tags=22%, list=5%, signal=23%	
ESTABLISHMENT OF ENDOTHELIAL BARRIER%GOBP%GO:0061028	ESTABLISHMENT OF ENDOTHELIAL BARRIER%GOBP%GO:0061028		25	-0.47320306	-1.4772886	0.02892562	0.4258463	1.0	1418	tags=20%, list=6%, signal=21%	
DEFECTIVE CFTR CAUSES CYSTIC FIBROSIS%REACTOME%R-HSA-5678895.5	DEFECTIVE CFTR CAUSES CYSTIC FIBROSIS%REACTOME%R-HSA-5678895.5		48	-0.40684396	-1.4732844	0.02586207	0.43385074	1.0	4658	tags=44%, list=19%, signal=54%	
TRANSMISSION OF NERVE IMPULSE%GOBP%GO:0019226	TRANSMISSION OF NERVE IMPULSE%GOBP%GO:0019226		28	-0.46708867	-1.4710597	0.026415095	0.43707195	1.0	2263	tags=29%, list=9%, signal=31%	
DEGRADATION OF CRY AND PER PROTEINS%REACTOME DATABASE ID RELEASE 95%9932298	DEGRADATION OF CRY AND PER PROTEINS%REACTOME DATABASE ID RELEASE 95%9932298		48	-0.41580614	-1.4695158	0.026548672	0.43827128	1.0	4964	tags=44%, list=20%, signal=55%	
FC EPSILON RECEPTOR (FCERI) SIGNALING%REACTOME DATABASE ID RELEASE 95%2454202	FC EPSILON RECEPTOR (FCERI) SIGNALING%REACTOME DATABASE ID RELEASE 95%2454202		174	-0.3360724	-1.4692345	0.0	0.43586823	1.0	4690	tags=37%, list=19%, signal=46%	
CELLULAR RESPONSE TO HEAT%GOBP%GO:0034605	CELLULAR RESPONSE TO HEAT%GOBP%GO:0034605		38	-0.42563012	-1.466146	0.026666667	0.44204012	1.0	3441	tags=26%, list=14%, signal=31%	
REGULATION OF KETONE BIOSYNTHETIC PROCESS%GOBP%GO:0010566	REGULATION OF KETONE BIOSYNTHETIC PROCESS%GOBP%GO:0010566		19	-0.50712365	-1.4658817	0.055737704	0.43974048	1.0	558	tags=16%, list=2%, signal=16%	
SYNDECAN-3-MEDIATED SIGNALING EVENTS%PATHWAY INTERACTION DATABASE NCI-NATURE CURATED DATA%SYNDECAN-3-MEDIATED SIGNALING EVENTS	SYNDECAN-3-MEDIATED SIGNALING EVENTS%PATHWAY INTERACTION DATABASE NCI-NATURE CURATED DATA%SYNDECAN-3-MEDIATED SIGNALING EVENTS		21	-0.49128637	-1.4609661	0.046153847	0.45108512	1.0	3178	tags=33%, list=13%, signal=38%	
REGULATION OF NEURON MIGRATION%GOBP%GO:2001222	REGULATION OF NEURON MIGRATION%GOBP%GO:2001222		33	-0.43859136	-1.4596969	0.032520324	0.45176026	1.0	3537	tags=27%, list=14%, signal=32%	
HEDGEHOG%IOB%HEDGEHOG	HEDGEHOG%IOB%HEDGEHOG		23	-0.48663518	-1.4548776	0.05964912	0.46295488	1.0	1871	tags=26%, list=8%, signal=28%	
ANTI-INFLAMMATORY RESPONSE FAVOURING LEISHMANIA PARASITE INFECTION%REACTOME%R-HSA-9662851.3	ANTI-INFLAMMATORY RESPONSE FAVOURING LEISHMANIA PARASITE INFECTION%REACTOME%R-HSA-9662851.3		136	-0.3339747	-1.4529749	0.0	0.46539608	1.0	4649	tags=35%, list=19%, signal=43%	
TERMINATION OF O-GLYCAN BIOSYNTHESIS%REACTOME DATABASE ID RELEASE 95%977068	TERMINATION OF O-GLYCAN BIOSYNTHESIS%REACTOME DATABASE ID RELEASE 95%977068		25	-0.46360135	-1.4517441	0.03731343	0.4661269	1.0	1060	tags=20%, list=4%, signal=21%	
GOLGI-TO-ER RETROGRADE TRANSPORT%REACTOME DATABASE ID RELEASE 95%8856688	GOLGI-TO-ER RETROGRADE TRANSPORT%REACTOME DATABASE ID RELEASE 95%8856688		116	-0.34617567	-1.4442409	0.008403362	0.48538083	1.0	3014	tags=27%, list=12%, signal=30%	
GAMMA CARBOXYLATION, HYPUSINYLATION, HYDROXYLATION, AND ARYLSULFATASE ACTIVATION%REACTOME DATABASE ID RELEASE 95%163841	GAMMA CARBOXYLATION, HYPUSINYLATION, HYDROXYLATION, AND ARYLSULFATASE ACTIVATION%REACTOME DATABASE ID RELEASE 95%163841		61	-0.39033434	-1.442157	0.03125	0.48874965	1.0	2164	tags=21%, list=9%, signal=23%	
REGULATION OF COMPLEMENT CASCADE%REACTOME%R-HSA-977606.8	REGULATION OF COMPLEMENT CASCADE%REACTOME%R-HSA-977606.8		107	-0.3453445	-1.4411998	0.0	0.48868075	1.0	4649	tags=39%, list=19%, signal=48%	
OSTEOARTHRITIC CHONDROCYTE HYPERTROPHY%WIKIPATHWAYS_20260211%WP5373%HOMO SAPIENS	OSTEOARTHRITIC CHONDROCYTE HYPERTROPHY%WIKIPATHWAYS_20260211%WP5373%HOMO SAPIENS		42	-0.41228247	-1.440436	0.021551725	0.4878966	1.0	1334	tags=17%, list=5%, signal=18%	
POST-CHAPERONIN TUBULIN FOLDING PATHWAY%REACTOME DATABASE ID RELEASE 95%389977	POST-CHAPERONIN TUBULIN FOLDING PATHWAY%REACTOME DATABASE ID RELEASE 95%389977		23	-0.4612206	-1.4350072	0.053380784	0.5016402	1.0	1937	tags=22%, list=8%, signal=24%	
PID_ATM_PATHWAY%MSIGDB_C2%PID_ATM_PATHWAY	PID_ATM_PATHWAY%MSIGDB_C2%PID_ATM_PATHWAY		24	-0.46432477	-1.4342808	0.04467354	0.50055206	1.0	357	tags=13%, list=1%, signal=13%	
PID_FRA_PATHWAY%MSIGDB_C2%PID_FRA_PATHWAY	PID_FRA_PATHWAY%MSIGDB_C2%PID_FRA_PATHWAY		33	-0.43587083	-1.4342127	0.034749035	0.4975045	1.0	2429	tags=21%, list=10%, signal=24%	
REGULATION OF INTRINSIC APOPTOTIC SIGNALING PATHWAY%GOBP%GO:2001242	REGULATION OF INTRINSIC APOPTOTIC SIGNALING PATHWAY%GOBP%GO:2001242		129	-0.33591586	-1.4338282	0.0088495575	0.49550834	1.0	3196	tags=22%, list=13%, signal=25%	
SUPERPATHWAY OF METHIONINE DEGRADATION%BIOCYC%PWY-5328	SUPERPATHWAY OF METHIONINE DEGRADATION%BIOCYC%PWY-5328		20	-0.50272167	-1.4301146	0.0779661	0.50388765	1.0	1040	tags=30%, list=4%, signal=31%	
METABOLISM OF POLYAMINES%REACTOME%R-HSA-351202.7	METABOLISM OF POLYAMINES%REACTOME%R-HSA-351202.7		45	-0.40289786	-1.4296522	0.029787235	0.50232375	1.0	4658	tags=42%, list=19%, signal=52%	
PROTEIN TARGETING TO MEMBRANE%GOBP%GO:0006612	PROTEIN TARGETING TO MEMBRANE%GOBP%GO:0006612		81	-0.3635303	-1.4247594	0.006134969	0.51495296	1.0	3344	tags=26%, list=14%, signal=30%	
ATF4 ACTIVATES GENES IN RESPONSE TO ENDOPLASMIC RETICULUM STRESS%REACTOME%R-HSA-380994.5	ATF4 ACTIVATES GENES IN RESPONSE TO ENDOPLASMIC RETICULUM STRESS%REACTOME%R-HSA-380994.5		27	-0.45879415	-1.4231501	0.071428575	0.5170942	1.0	3489	tags=33%, list=14%, signal=39%	
RETINA LAYER FORMATION%GOBP%GO:0010842	RETINA LAYER FORMATION%GOBP%GO:0010842		15	-0.52240545	-1.4222474	0.07028754	0.5169235	1.0	1294	tags=20%, list=5%, signal=21%	
REGULATION OF PROTEIN EXPORT FROM NUCLEUS%GOBP%GO:0046825	REGULATION OF PROTEIN EXPORT FROM NUCLEUS%GOBP%GO:0046825		24	-0.46236172	-1.4193867	0.061068702	0.52332336	1.0	1885	tags=21%, list=8%, signal=23%	
LEISHMANIA PARASITE GROWTH AND SURVIVAL%REACTOME DATABASE ID RELEASE 95%9664433	LEISHMANIA PARASITE GROWTH AND SURVIVAL%REACTOME DATABASE ID RELEASE 95%9664433		136	-0.3339747	-1.4164683	0.0	0.52948725	1.0	4649	tags=35%, list=19%, signal=43%	
HALLMARK_HYPOXIA%MSIGDBHALLMARK%HALLMARK_HYPOXIA	HALLMARK_HYPOXIA%MSIGDBHALLMARK%HALLMARK_HYPOXIA		141	-0.3272973	-1.4149246	0.01	0.53144413	1.0	2397	tags=19%, list=10%, signal=21%	
HINDBRAIN DEVELOPMENT%GOBP%GO:0030902	HINDBRAIN DEVELOPMENT%GOBP%GO:0030902		43	-0.40655455	-1.4139694	0.05116279	0.5313624	1.0	4315	tags=37%, list=18%, signal=45%	
DEGRADATION OF DVL%REACTOME%R-HSA-4641258.3	DEGRADATION OF DVL%REACTOME%R-HSA-4641258.3		44	-0.40649235	-1.4122827	0.03196347	0.5337338	1.0	4976	tags=45%, list=20%, signal=57%	
ISOPRENOID BIOSYNTHETIC PROCESS%GOBP%GO:0008299	ISOPRENOID BIOSYNTHETIC PROCESS%GOBP%GO:0008299		22	-0.46547154	-1.4113826	0.062068965	0.5336865	1.0	3567	tags=32%, list=15%, signal=37%	
THE CANONICAL RETINOID CYCLE IN RODS (TWILIGHT VISION)%REACTOME%R-HSA-2453902.7	THE CANONICAL RETINOID CYCLE IN RODS (TWILIGHT VISION)%REACTOME%R-HSA-2453902.7		22	-0.4694025	-1.4086413	0.06007067	0.539189	1.0	1709	tags=18%, list=7%, signal=20%	
PROTEIN LOCALIZATION TO ENDOPLASMIC RETICULUM%GOBP%GO:0070972	PROTEIN LOCALIZATION TO ENDOPLASMIC RETICULUM%GOBP%GO:0070972		26	-0.44162205	-1.402604	0.06115108	0.55643046	1.0	2397	tags=23%, list=10%, signal=26%	
DEFECTIVE B4GALT7 CAUSES EDS, PROGEROID TYPE%REACTOME DATABASE ID RELEASE 95%3560783	DEFECTIVE B4GALT7 CAUSES EDS, PROGEROID TYPE%REACTOME DATABASE ID RELEASE 95%3560783		20	-0.4789705	-1.3978431	0.1024735	0.5692328	1.0	660	tags=15%, list=3%, signal=15%	
HINT1 PATHWAY%WIKIPATHWAYS_20260211%WP5523%HOMO SAPIENS	HINT1 PATHWAY%WIKIPATHWAYS_20260211%WP5523%HOMO SAPIENS		20	-0.4848736	-1.3963597	0.085324235	0.5709155	1.0	5628	tags=70%, list=23%, signal=91%	
ANTERIOR/POSTERIOR PATTERN SPECIFICATION%GOBP%GO:0009952	ANTERIOR/POSTERIOR PATTERN SPECIFICATION%GOBP%GO:0009952		92	-0.3530581	-1.3929317	0.020408163	0.5797646	1.0	3883	tags=29%, list=16%, signal=35%	
PROTEIN HYDROXYLATION%REACTOME DATABASE ID RELEASE 95%9629569	PROTEIN HYDROXYLATION%REACTOME DATABASE ID RELEASE 95%9629569		20	-0.4749514	-1.3874241	0.07067138	0.59599245	1.0	4651	tags=45%, list=19%, signal=56%	
REGULATION OF ENDOPLASMIC RETICULUM STRESS-INDUCED INTRINSIC APOPTOTIC SIGNALING PATHWAY%GOBP%GO:1902235	REGULATION OF ENDOPLASMIC RETICULUM STRESS-INDUCED INTRINSIC APOPTOTIC SIGNALING PATHWAY%GOBP%GO:1902235		25	-0.45412806	-1.3869393	0.076045625	0.5943596	1.0	3095	tags=28%, list=13%, signal=32%	
VISUAL CYCLE%WIKIPATHWAYS_20260211%WP5534%HOMO SAPIENS	VISUAL CYCLE%WIKIPATHWAYS_20260211%WP5534%HOMO SAPIENS		15	-0.5086266	-1.3864377	0.08805031	0.59277487	1.0	1363	tags=13%, list=6%, signal=14%	
AUF1 (HNRNP D0) BINDS AND DESTABILIZES MRNA%REACTOME DATABASE ID RELEASE 95%450408	AUF1 (HNRNP D0) BINDS AND DESTABILIZES MRNA%REACTOME DATABASE ID RELEASE 95%450408		41	-0.4009172	-1.3844259	0.060344826	0.59682465	1.0	4658	tags=41%, list=19%, signal=51%	
EMBRYONIC SKELETAL SYSTEM MORPHOGENESIS%GOBP%GO:0048704	EMBRYONIC SKELETAL SYSTEM MORPHOGENESIS%GOBP%GO:0048704		40	-0.39524198	-1.3843571	0.033195022	0.5937168	1.0	4903	tags=35%, list=20%, signal=44%	
NEGATIVE REGULATION OF STRIATED MUSCLE CELL DIFFERENTIATION%GOBP%GO:0051154	NEGATIVE REGULATION OF STRIATED MUSCLE CELL DIFFERENTIATION%GOBP%GO:0051154		17	-0.49898753	-1.3793739	0.11111111	0.6079828	1.0	3757	tags=41%, list=15%, signal=49%	
GDNF RET SIGNALING AXIS%WIKIPATHWAYS_20260211%WP4830%HOMO SAPIENS	GDNF RET SIGNALING AXIS%WIKIPATHWAYS_20260211%WP4830%HOMO SAPIENS		29	-0.42581338	-1.3755081	0.08467742	0.6189964	1.0	4718	tags=34%, list=19%, signal=43%	
GLYCOGEN CATABOLIC PROCESS%GOBP%GO:0005980	GLYCOGEN CATABOLIC PROCESS%GOBP%GO:0005980		21	-0.45970765	-1.3753206	0.07534247	0.6162296	1.0	5872	tags=52%, list=24%, signal=69%	
VIF-MEDIATED DEGRADATION OF APOBEC3G%REACTOME DATABASE ID RELEASE 95%180585	VIF-MEDIATED DEGRADATION OF APOBEC3G%REACTOME DATABASE ID RELEASE 95%180585		40	-0.39689088	-1.3751065	0.038297873	0.61367464	1.0	4658	tags=43%, list=19%, signal=52%	
METABOLIC PATHWAYS OF FIBROBLASTS%WIKIPATHWAYS_20260211%WP5312%HOMO SAPIENS	METABOLIC PATHWAYS OF FIBROBLASTS%WIKIPATHWAYS_20260211%WP5312%HOMO SAPIENS		22	-0.46224278	-1.3734801	0.077181205	0.6161278	1.0	2652	tags=23%, list=11%, signal=25%	
REGULATION OF ACTIVATED PAK-2P34 BY PROTEASOME MEDIATED DEGRADATION%REACTOME DATABASE ID RELEASE 95%211733	REGULATION OF ACTIVATED PAK-2P34 BY PROTEASOME MEDIATED DEGRADATION%REACTOME DATABASE ID RELEASE 95%211733		37	-0.41263247	-1.3727388	0.071428575	0.61550885	1.0	4658	tags=43%, list=19%, signal=53%	
TRANSLATIONAL INITIATION%GOBP%GO:0006413	TRANSLATIONAL INITIATION%GOBP%GO:0006413		59	-0.37009543	-1.3723186	0.031746034	0.6136855	1.0	4713	tags=39%, list=19%, signal=48%	
NEGATIVE REGULATION OF FOCAL ADHESION ASSEMBLY%GOBP%GO:0051895	NEGATIVE REGULATION OF FOCAL ADHESION ASSEMBLY%GOBP%GO:0051895		18	-0.48255998	-1.3721808	0.094801225	0.61083615	1.0	2795	tags=28%, list=11%, signal=31%	
SOMITOGENESIS%REACTOME DATABASE ID RELEASE 95%9824272	SOMITOGENESIS%REACTOME DATABASE ID RELEASE 95%9824272		45	-0.38119814	-1.371593	0.054054055	0.6095359	1.0	4658	tags=42%, list=19%, signal=52%	
FORMATION OF A POOL OF FREE 40S SUBUNITS%REACTOME%R-HSA-72689.3	FORMATION OF A POOL OF FREE 40S SUBUNITS%REACTOME%R-HSA-72689.3		101	-0.33482718	-1.3650897	0.007633588	0.63016164	1.0	6117	tags=38%, list=25%, signal=50%	
GSK3B AND BTRC:CUL1-MEDIATED-DEGRADATION OF NFE2L2%REACTOME DATABASE ID RELEASE 95%9762114	GSK3B AND BTRC:CUL1-MEDIATED-DEGRADATION OF NFE2L2%REACTOME DATABASE ID RELEASE 95%9762114		42	-0.396796	-1.3618325	0.060869563	0.6393973	1.0	4658	tags=40%, list=19%, signal=50%	
FBXL7 DOWN-REGULATES AURKA DURING MITOTIC ENTRY AND IN EARLY MITOSIS%REACTOME DATABASE ID RELEASE 95%8854050	FBXL7 DOWN-REGULATES AURKA DURING MITOTIC ENTRY AND IN EARLY MITOSIS%REACTOME DATABASE ID RELEASE 95%8854050		42	-0.39258948	-1.3593292	0.043290045	0.64599556	1.0	4658	tags=40%, list=19%, signal=50%	
RESPONSE OF EIF2AK4 (GCN2) TO AMINO ACID DEFICIENCY%REACTOME%R-HSA-9633012.4	RESPONSE OF EIF2AK4 (GCN2) TO AMINO ACID DEFICIENCY%REACTOME%R-HSA-9633012.4		101	-0.327218	-1.3575886	0.0	0.6496311	1.0	6117	tags=37%, list=25%, signal=49%	
PROTEIN SYNTHESIS: SERINE%PATHWHIZ%PW120517	PROTEIN SYNTHESIS: SERINE%PATHWHIZ%PW120517		79	-0.34420264	-1.357495	0.0	0.6466444	1.0	6023	tags=35%, list=25%, signal=47%	
POSITIVE REGULATION OF CYTOPLASMIC TRANSLATION%GOBP%GO:2000767	POSITIVE REGULATION OF CYTOPLASMIC TRANSLATION%GOBP%GO:2000767		17	-0.48385078	-1.3574481	0.1369863	0.6434361	1.0	3853	tags=41%, list=16%, signal=49%	
TRANSPORT TO THE GOLGI AND SUBSEQUENT MODIFICATION%REACTOME%R-HSA-948021.4	TRANSPORT TO THE GOLGI AND SUBSEQUENT MODIFICATION%REACTOME%R-HSA-948021.4		168	-0.31665435	-1.3567023	0.0	0.6429435	1.0	2959	tags=26%, list=12%, signal=30%	
HALLMARK_MYC_TARGETS_V1%MSIGDBHALLMARK%HALLMARK_MYC_TARGETS_V1	HALLMARK_MYC_TARGETS_V1%MSIGDBHALLMARK%HALLMARK_MYC_TARGETS_V1		150	-0.31287506	-1.3534731	0.010752688	0.6519005	1.0	4681	tags=37%, list=19%, signal=45%	
NEGATIVE REGULATION OF STEM CELL POPULATION MAINTENANCE%GOBP%GO:1902455	NEGATIVE REGULATION OF STEM CELL POPULATION MAINTENANCE%GOBP%GO:1902455		21	-0.45581317	-1.353409	0.07553957	0.64888215	1.0	3725	tags=29%, list=15%, signal=34%	
TRANSLESION SYNTHESIS BY POLH%REACTOME DATABASE ID RELEASE 95%110320	TRANSLESION SYNTHESIS BY POLH%REACTOME DATABASE ID RELEASE 95%110320		18	-0.47862726	-1.3530066	0.112676054	0.6472384	1.0	1865	tags=28%, list=8%, signal=30%	
TRNA WOBBLE URIDINE MODIFICATION%GOBP%GO:0002098	TRNA WOBBLE URIDINE MODIFICATION%GOBP%GO:0002098		19	-0.4670418	-1.3509984	0.101265825	0.65162134	1.0	2634	tags=37%, list=11%, signal=41%	
NEGATIVE REGULATION OF NOTCH4 SIGNALING%REACTOME DATABASE ID RELEASE 95%9604323	NEGATIVE REGULATION OF NOTCH4 SIGNALING%REACTOME DATABASE ID RELEASE 95%9604323		43	-0.376492	-1.3500557	0.06880734	0.65182096	1.0	4658	tags=37%, list=19%, signal=46%	
BIOCARTA_IL12_PATHWAY%MSIGDB_C2%BIOCARTA_IL12_PATHWAY	BIOCARTA_IL12_PATHWAY%MSIGDB_C2%BIOCARTA_IL12_PATHWAY		16	-0.48282424	-1.3484764	0.103896104	0.6545501	1.0	1298	tags=19%, list=5%, signal=20%	
PROTEIN FOLDING%GOBP%GO:0006457	PROTEIN FOLDING%GOBP%GO:0006457		176	-0.30676854	-1.3477187	0.00990099	0.6543655	1.0	4052	tags=26%, list=17%, signal=30%	
KINETOCHORE ORGANIZATION%GOBP%GO:0051383	KINETOCHORE ORGANIZATION%GOBP%GO:0051383		24	-0.4433803	-1.3457147	0.0952381	0.65848595	1.0	1930	tags=25%, list=8%, signal=27%	
CHONDROCYTE DIFFERENTIATION%GOBP%GO:0002062	CHONDROCYTE DIFFERENTIATION%GOBP%GO:0002062		36	-0.41001737	-1.3442672	0.072463766	0.6610297	1.0	818	tags=14%, list=3%, signal=14%	
MYOGENESIS%REACTOME DATABASE ID RELEASE 95%525793	MYOGENESIS%REACTOME DATABASE ID RELEASE 95%525793		27	-0.42768374	-1.3428103	0.097165994	0.66348463	1.0	4693	tags=33%, list=19%, signal=41%	
PID_SYNDECAN_1_PATHWAY%MSIGDB_C2%PID_SYNDECAN_1_PATHWAY	PID_SYNDECAN_1_PATHWAY%MSIGDB_C2%PID_SYNDECAN_1_PATHWAY		37	-0.39066753	-1.340437	0.08835341	0.6695308	1.0	1375	tags=19%, list=6%, signal=20%	
UCH PROTEINASES%REACTOME DATABASE ID RELEASE 95%5689603	UCH PROTEINASES%REACTOME DATABASE ID RELEASE 95%5689603		81	-0.34014186	-1.3393362	0.028571429	0.6703874	1.0	4898	tags=41%, list=20%, signal=51%	
POLYSACCHARIDE CATABOLIC PROCESS%GOBP%GO:0000272	POLYSACCHARIDE CATABOLIC PROCESS%GOBP%GO:0000272		22	-0.4387342	-1.3392698	0.09863946	0.667419	1.0	5872	tags=50%, list=24%, signal=66%	
SCF-BETA-TRCP MEDIATED DEGRADATION OF EMI1%REACTOME DATABASE ID RELEASE 95%174113	SCF-BETA-TRCP MEDIATED DEGRADATION OF EMI1%REACTOME DATABASE ID RELEASE 95%174113		42	-0.37562707	-1.3381577	0.06	0.6686835	1.0	4658	tags=38%, list=19%, signal=47%	
NEGATIVE REGULATION OF ENDOPLASMIC RETICULUM UNFOLDED PROTEIN RESPONSE%GOBP%GO:1900102	NEGATIVE REGULATION OF ENDOPLASMIC RETICULUM UNFOLDED PROTEIN RESPONSE%GOBP%GO:1900102		17	-0.4753584	-1.3371574	0.12052117	0.6695995	1.0	2397	tags=29%, list=10%, signal=33%	
POSITIVE REGULATION OF HIPPO SIGNALING%GOBP%GO:0035332	POSITIVE REGULATION OF HIPPO SIGNALING%GOBP%GO:0035332		16	-0.48935306	-1.3370895	0.13870968	0.6666627	1.0	2751	tags=25%, list=11%, signal=28%	
AMPK REGULATION OF MAMMARY MILK PROTEIN SYNTHESIS%WIKIPATHWAYS_20260211%WP5492%HOMO SAPIENS	AMPK REGULATION OF MAMMARY MILK PROTEIN SYNTHESIS%WIKIPATHWAYS_20260211%WP5492%HOMO SAPIENS		20	-0.45821846	-1.334946	0.10958904	0.6717055	1.0	3357	tags=30%, list=14%, signal=35%	
NEGATIVE REGULATION OF CELL-SUBSTRATE JUNCTION ORGANIZATION%GOBP%GO:0150118	NEGATIVE REGULATION OF CELL-SUBSTRATE JUNCTION ORGANIZATION%GOBP%GO:0150118		19	-0.46586785	-1.3337909	0.11838006	0.67296565	1.0	2795	tags=26%, list=11%, signal=30%	
MITOCHONDRIAL UNFOLDED PROTEIN RESPONSE (UPRMT)%REACTOME%R-HSA-9841251.1	MITOCHONDRIAL UNFOLDED PROTEIN RESPONSE (UPRMT)%REACTOME%R-HSA-9841251.1		17	-0.4803682	-1.3327419	0.13580246	0.6739343	1.0	3195	tags=29%, list=13%, signal=34%	
REGULATION OF IRE1-MEDIATED UNFOLDED PROTEIN RESPONSE%GOBP%GO:1903894	REGULATION OF IRE1-MEDIATED UNFOLDED PROTEIN RESPONSE%GOBP%GO:1903894		15	-0.49283433	-1.3314555	0.10693642	0.6759781	1.0	2121	tags=33%, list=9%, signal=36%	
DECTIN-2 FAMILY%REACTOME DATABASE ID RELEASE 95%5621480	DECTIN-2 FAMILY%REACTOME DATABASE ID RELEASE 95%5621480		28	-0.41435108	-1.3314353	0.1124031	0.67290294	1.0	1060	tags=18%, list=4%, signal=19%	
SYNDECAN-1-MEDIATED SIGNALING EVENTS%PATHWAY INTERACTION DATABASE NCI-NATURE CURATED DATA%SYNDECAN-1-MEDIATED SIGNALING EVENTS	SYNDECAN-1-MEDIATED SIGNALING EVENTS%PATHWAY INTERACTION DATABASE NCI-NATURE CURATED DATA%SYNDECAN-1-MEDIATED SIGNALING EVENTS		38	-0.38322154	-1.3306066	0.07377049	0.6730335	1.0	1375	tags=21%, list=6%, signal=22%	
SYNTHESIS, SECRETION, AND DEACYLATION OF GHRELIN%REACTOME%R-HSA-422085.5	SYNTHESIS, SECRETION, AND DEACYLATION OF GHRELIN%REACTOME%R-HSA-422085.5		18	-0.46759537	-1.3303034	0.14590748	0.6711937	1.0	1303	tags=22%, list=5%, signal=23%	
AGE RELATED MACULAR DEGENERATION%WIKIPATHWAYS_20260211%WP5526%HOMO SAPIENS	AGE RELATED MACULAR DEGENERATION%WIKIPATHWAYS_20260211%WP5526%HOMO SAPIENS		16	-0.47203606	-1.3292323	0.12542373	0.6724087	1.0	5240	tags=44%, list=21%, signal=56%	
FCGAMMA RECEPTOR (FCGR) DEPENDENT PHAGOCYTOSIS%REACTOME DATABASE ID RELEASE 95%2029480	FCGAMMA RECEPTOR (FCGR) DEPENDENT PHAGOCYTOSIS%REACTOME DATABASE ID RELEASE 95%2029480		146	-0.30853146	-1.3285247	0.0	0.6721458	1.0	4649	tags=33%, list=19%, signal=40%	
RESPONSE TO ISCHEMIA%GOBP%GO:0002931	RESPONSE TO ISCHEMIA%GOBP%GO:0002931		26	-0.4186334	-1.3283827	0.0647482	0.66965085	1.0	4965	tags=42%, list=20%, signal=53%	
FOXA1 TRANSCRIPTION FACTOR NETWORK%PATHWAY INTERACTION DATABASE NCI-NATURE CURATED DATA%FOXA1 TRANSCRIPTION FACTOR NETWORK	FOXA1 TRANSCRIPTION FACTOR NETWORK%PATHWAY INTERACTION DATABASE NCI-NATURE CURATED DATA%FOXA1 TRANSCRIPTION FACTOR NETWORK		44	-0.37786365	-1.3277203	0.055813953	0.6691482	1.0	3487	tags=30%, list=14%, signal=34%	
PROTEASOME ASSEMBLY%REACTOME%R-HSA-9907900.1	PROTEASOME ASSEMBLY%REACTOME%R-HSA-9907900.1		52	-0.36802843	-1.3270922	0.053398058	0.66844314	1.0	4658	tags=37%, list=19%, signal=45%	
NEGATIVE REGULATION OF TRANSCRIPTION ELONGATION BY RNA POLYMERASE II%GOBP%GO:0034244	NEGATIVE REGULATION OF TRANSCRIPTION ELONGATION BY RNA POLYMERASE II%GOBP%GO:0034244		17	-0.46953362	-1.3255054	0.14417177	0.6714914	1.0	3599	tags=41%, list=15%, signal=48%	
NEGATIVE REGULATION OF CELL-MATRIX ADHESION%GOBP%GO:0001953	NEGATIVE REGULATION OF CELL-MATRIX ADHESION%GOBP%GO:0001953		34	-0.39876434	-1.3242066	0.061728396	0.6737595	1.0	2952	tags=26%, list=12%, signal=30%	
NEGATIVE REGULATION OF ENDOPLASMIC RETICULUM STRESS-INDUCED INTRINSIC APOPTOTIC SIGNALING PATHWAY%GOBP%GO:1902236	NEGATIVE REGULATION OF ENDOPLASMIC RETICULUM STRESS-INDUCED INTRINSIC APOPTOTIC SIGNALING PATHWAY%GOBP%GO:1902236		16	-0.47997287	-1.3239672	0.11764706	0.6716272	1.0	2353	tags=25%, list=10%, signal=28%	
GLUCAN CATABOLIC PROCESS%GOBP%GO:0009251	GLUCAN CATABOLIC PROCESS%GOBP%GO:0009251		22	-0.4387342	-1.3221191	0.11111111	0.67609984	1.0	5872	tags=50%, list=24%, signal=66%	
POSITIVE REGULATION OF DEFENSE RESPONSE TO VIRUS BY HOST%GOBP%GO:0002230	POSITIVE REGULATION OF DEFENSE RESPONSE TO VIRUS BY HOST%GOBP%GO:0002230		27	-0.41303745	-1.3191301	0.08988764	0.68443614	1.0	5036	tags=37%, list=21%, signal=47%	
MORPHINE ACTION PATHWAY%PATHWHIZ%PW000412	MORPHINE ACTION PATHWAY%PATHWHIZ%PW000412		45	-0.37119463	-1.3185878	0.076576576	0.6835097	1.0	2807	tags=27%, list=11%, signal=30%	
CELLULAR RESPONSE TO ESTROGEN STIMULUS%GOBP%GO:0071391	CELLULAR RESPONSE TO ESTROGEN STIMULUS%GOBP%GO:0071391		16	-0.47387707	-1.3154086	0.15017065	0.6928092	1.0	4119	tags=50%, list=17%, signal=60%	
VPU MEDIATED DEGRADATION OF CD4%REACTOME DATABASE ID RELEASE 95%180534	VPU MEDIATED DEGRADATION OF CD4%REACTOME DATABASE ID RELEASE 95%180534		39	-0.384438	-1.3128111	0.07539683	0.70025736	1.0	4658	tags=41%, list=19%, signal=51%	
REGULATION OF RUNX2 EXPRESSION AND ACTIVITY%REACTOME DATABASE ID RELEASE 95%8939902	REGULATION OF RUNX2 EXPRESSION AND ACTIVITY%REACTOME DATABASE ID RELEASE 95%8939902		58	-0.34859946	-1.3097696	0.057591625	0.7091915	1.0	4658	tags=36%, list=19%, signal=45%	
PRE-NOTCH PROCESSING IN GOLGI%REACTOME DATABASE ID RELEASE 95%1912420	PRE-NOTCH PROCESSING IN GOLGI%REACTOME DATABASE ID RELEASE 95%1912420		18	-0.4627547	-1.309758	0.14186852	0.7061791	1.0	693	tags=28%, list=3%, signal=29%	
REGULATION OF RUNX3 EXPRESSION AND ACTIVITY%REACTOME DATABASE ID RELEASE 95%8941858	REGULATION OF RUNX3 EXPRESSION AND ACTIVITY%REACTOME DATABASE ID RELEASE 95%8941858		45	-0.36653626	-1.3088027	0.08755761	0.70701116	1.0	4658	tags=40%, list=19%, signal=49%	
PD-L1(CD274) GLYCOSYLATION AND TRANSLOCATION TO PLASMA MEMBRANE%REACTOME DATABASE ID RELEASE 95%9931295	PD-L1(CD274) GLYCOSYLATION AND TRANSLOCATION TO PLASMA MEMBRANE%REACTOME DATABASE ID RELEASE 95%9931295		17	-0.4628088	-1.3087564	0.12820514	0.7041915	1.0	4688	tags=47%, list=19%, signal=58%	
GSK3B-MEDIATED PROTEASOMAL DEGRADATION OF PD-L1(CD274)%REACTOME DATABASE ID RELEASE 95%9929356	GSK3B-MEDIATED PROTEASOMAL DEGRADATION OF PD-L1(CD274)%REACTOME DATABASE ID RELEASE 95%9929356		44	-0.3637816	-1.3085135	0.07373272	0.7021829	1.0	4658	tags=39%, list=19%, signal=48%	
PID_HNF3A_PATHWAY%MSIGDB_C2%PID_HNF3A_PATHWAY	PID_HNF3A_PATHWAY%MSIGDB_C2%PID_HNF3A_PATHWAY		37	-0.3898556	-1.3059188	0.1	0.70957637	1.0	1551	tags=22%, list=6%, signal=23%	
NEGATIVE REGULATION OF PEPTIDE SECRETION%GOBP%GO:0002792	NEGATIVE REGULATION OF PEPTIDE SECRETION%GOBP%GO:0002792		24	-0.42036143	-1.3056109	0.10583942	0.7077501	1.0	3298	tags=29%, list=13%, signal=34%	
NEGATIVE REGULATION OF BONE REMODELING%GOBP%GO:0046851	NEGATIVE REGULATION OF BONE REMODELING%GOBP%GO:0046851		15	-0.47654787	-1.3045409	0.13694267	0.708846	1.0	1692	tags=33%, list=7%, signal=36%	
DORSAL/VENTRAL PATTERN FORMATION%GOBP%GO:0009953	DORSAL/VENTRAL PATTERN FORMATION%GOBP%GO:0009953		37	-0.38544157	-1.3011727	0.08032128	0.7192021	1.0	4345	tags=38%, list=18%, signal=46%	
NEGATIVE REGULATION OF PEPTIDE HORMONE SECRETION%GOBP%GO:0090278	NEGATIVE REGULATION OF PEPTIDE HORMONE SECRETION%GOBP%GO:0090278		23	-0.42249224	-1.2989224	0.101045296	0.7254637	1.0	3298	tags=30%, list=13%, signal=35%	
UBIQUITIN-DEPENDENT DEGRADATION OF CYCLIN D%REACTOME DATABASE ID RELEASE 95%75815	UBIQUITIN-DEPENDENT DEGRADATION OF CYCLIN D%REACTOME DATABASE ID RELEASE 95%75815		39	-0.38120323	-1.2976184	0.1007752	0.727589	1.0	4658	tags=41%, list=19%, signal=51%	
DEGRADATION OF CYSTEINE AND HOMOCYSTEINE%REACTOME DATABASE ID RELEASE 95%1614558	DEGRADATION OF CYSTEINE AND HOMOCYSTEINE%REACTOME DATABASE ID RELEASE 95%1614558		15	-0.48477504	-1.2969228	0.13988096	0.72748756	1.0	678	tags=13%, list=3%, signal=14%	
DEREGULATED CDK5 TRIGGERS MULTIPLE NEURODEGENERATIVE PATHWAYS IN ALZHEIMER'S DISEASE MODELS%REACTOME DATABASE ID RELEASE 95%8862803	DEREGULATED CDK5 TRIGGERS MULTIPLE NEURODEGENERATIVE PATHWAYS IN ALZHEIMER'S DISEASE MODELS%REACTOME DATABASE ID RELEASE 95%8862803		20	-0.4389015	-1.2933419	0.11821086	0.73915225	1.0	1481	tags=25%, list=6%, signal=27%	
EXERCISE INDUCED CIRCADIAN REGULATION%WIKIPATHWAYS_20260211%WP410%HOMO SAPIENS	EXERCISE INDUCED CIRCADIAN REGULATION%WIKIPATHWAYS_20260211%WP410%HOMO SAPIENS		32	-0.4011167	-1.2916877	0.1027668	0.7432083	1.0	3974	tags=31%, list=16%, signal=37%	
NEGATIVE REGULATION OF RESPONSE TO ENDOPLASMIC RETICULUM STRESS%GOBP%GO:1903573	NEGATIVE REGULATION OF RESPONSE TO ENDOPLASMIC RETICULUM STRESS%GOBP%GO:1903573		43	-0.36473754	-1.2908072	0.08979592	0.7438395	1.0	2397	tags=21%, list=10%, signal=23%	
NEURODEGENERATIVE DISEASES%REACTOME DATABASE ID RELEASE 95%8863678	NEURODEGENERATIVE DISEASES%REACTOME DATABASE ID RELEASE 95%8863678		20	-0.4389015	-1.2900895	0.118971065	0.74397683	1.0	1481	tags=25%, list=6%, signal=27%	
CTNNB1 T41 MUTANTS AREN'T PHOSPHORYLATED%REACTOME DATABASE ID RELEASE 95%5358752	CTNNB1 T41 MUTANTS AREN'T PHOSPHORYLATED%REACTOME DATABASE ID RELEASE 95%5358752		15	-0.45840812	-1.2900801	0.14617941	0.7410159	1.0	3454	tags=40%, list=14%, signal=47%	
THE ROLE OF GTSE1 IN G2 M PROGRESSION AFTER G2 CHECKPOINT%REACTOME DATABASE ID RELEASE 95%8852276	THE ROLE OF GTSE1 IN G2 M PROGRESSION AFTER G2 CHECKPOINT%REACTOME DATABASE ID RELEASE 95%8852276		47	-0.36371055	-1.289477	0.083333336	0.740523	1.0	4658	tags=40%, list=19%, signal=50%	
MITOCHONDRION LOCALIZATION%GOBP%GO:0051646	MITOCHONDRION LOCALIZATION%GOBP%GO:0051646		44	-0.3587238	-1.2880938	0.072961375	0.74312556	1.0	3402	tags=32%, list=14%, signal=37%	
NUCLEOPHAGY%GOBP%GO:0044804	NUCLEOPHAGY%GOBP%GO:0044804		23	-0.4213915	-1.2860861	0.11666667	0.74880636	1.0	5929	tags=48%, list=24%, signal=63%	
POSITIVE REGULATION OF PROTEIN PROCESSING%GOBP%GO:0010954	POSITIVE REGULATION OF PROTEIN PROCESSING%GOBP%GO:0010954		21	-0.43687817	-1.2860342	0.15614618	0.7459871	1.0	1648	tags=19%, list=7%, signal=20%	
BIOCARTA_CARDIACEGF_PATHWAY%MSIGDB_C2%BIOCARTA_CARDIACEGF_PATHWAY	BIOCARTA_CARDIACEGF_PATHWAY%MSIGDB_C2%BIOCARTA_CARDIACEGF_PATHWAY		16	-0.45866117	-1.2857372	0.1375839	0.7442647	1.0	1334	tags=13%, list=5%, signal=13%	
COMPLEMENT CASCADE%REACTOME%R-HSA-166658.6	COMPLEMENT CASCADE%REACTOME%R-HSA-166658.6		117	-0.31113476	-1.2846731	0.0546875	0.74581885	1.0	4649	tags=36%, list=19%, signal=44%	
PERIPHERAL NERVOUS SYSTEM DEVELOPMENT%GOBP%GO:0007422	PERIPHERAL NERVOUS SYSTEM DEVELOPMENT%GOBP%GO:0007422		37	-0.3842619	-1.284512	0.08461539	0.7434851	1.0	1938	tags=19%, list=8%, signal=21%	
MYD88 DISTINCT INPUT OUTPUT PATHWAY%WIKIPATHWAYS_20260211%WP3877%HOMO SAPIENS	MYD88 DISTINCT INPUT OUTPUT PATHWAY%WIKIPATHWAYS_20260211%WP3877%HOMO SAPIENS		15	-0.47120053	-1.2841371	0.16558442	0.74209785	1.0	622	tags=20%, list=3%, signal=21%	
RIBOSOMAL LARGE SUBUNIT BIOGENESIS%GOBP%GO:0042273	RIBOSOMAL LARGE SUBUNIT BIOGENESIS%GOBP%GO:0042273		77	-0.33654797	-1.2840146	0.054945055	0.73974144	1.0	2972	tags=26%, list=12%, signal=29%	
AUTOPHAGY%WIKIPATHWAYS_20260211%WP4923%HOMO SAPIENS	AUTOPHAGY%WIKIPATHWAYS_20260211%WP4923%HOMO SAPIENS		25	-0.42246598	-1.2833148	0.13986014	0.73958635	1.0	3724	tags=28%, list=15%, signal=33%	
REGULATION OF PROTEIN PROCESSING%GOBP%GO:0070613	REGULATION OF PROTEIN PROCESSING%GOBP%GO:0070613		42	-0.3711961	-1.2797673	0.08955224	0.7513167	1.0	1648	tags=17%, list=7%, signal=18%	
POSITIVE REGULATION OF PROTEIN MATURATION%GOBP%GO:1903319	POSITIVE REGULATION OF PROTEIN MATURATION%GOBP%GO:1903319		22	-0.4271055	-1.2780652	0.12944984	0.75574577	1.0	1648	tags=18%, list=7%, signal=19%	
EUKARYOTIC TRANSLATION TERMINATION%REACTOME%R-HSA-72764.6	EUKARYOTIC TRANSLATION TERMINATION%REACTOME%R-HSA-72764.6		92	-0.31701437	-1.278031	0.034722224	0.75296694	1.0	6117	tags=36%, list=25%, signal=48%	
REGULATION OF NEURON APOPTOTIC PROCESS%GOBP%GO:0043523	REGULATION OF NEURON APOPTOTIC PROCESS%GOBP%GO:0043523		135	-0.2962296	-1.2758007	0.034782607	0.7593521	1.0	3510	tags=23%, list=14%, signal=27%	
CELL SURFACE INTERACTIONS AT THE VASCULAR WALL%REACTOME%R-HSA-202733.7	CELL SURFACE INTERACTIONS AT THE VASCULAR WALL%REACTOME%R-HSA-202733.7		194	-0.28700557	-1.2750314	0.016393442	0.75971174	1.0	2883	tags=20%, list=12%, signal=22%	
REGULATION OF PROTEIN MATURATION%GOBP%GO:1903317	REGULATION OF PROTEIN MATURATION%GOBP%GO:1903317		44	-0.36628586	-1.2747463	0.07943925	0.75802064	1.0	1648	tags=16%, list=7%, signal=17%	
ENDOTHELIAL CELL DEVELOPMENT%GOBP%GO:0001885	ENDOTHELIAL CELL DEVELOPMENT%GOBP%GO:0001885		32	-0.3874922	-1.2740612	0.098305084	0.75794894	1.0	1418	tags=16%, list=6%, signal=17%	
ANTIGEN PROCESSING: UB, ATP-INDEPENDENT PROTEASOMAL DEGRADATION%REACTOME DATABASE ID RELEASE 95%9912633	ANTIGEN PROCESSING: UB, ATP-INDEPENDENT PROTEASOMAL DEGRADATION%REACTOME DATABASE ID RELEASE 95%9912633		19	-0.43417433	-1.2740229	0.1418919	0.75524426	1.0	4658	tags=42%, list=19%, signal=52%	
REGULATION OF LONG-TERM SYNAPTIC POTENTIATION%GOBP%GO:1900271	REGULATION OF LONG-TERM SYNAPTIC POTENTIATION%GOBP%GO:1900271		30	-0.39424357	-1.2740052	0.12075472	0.7524825	1.0	879	tags=13%, list=4%, signal=14%	
P53 PATHWAY BY GLUCOSE DEPRIVATION%PANTHER PATHWAY%P04397	P53 PATHWAY BY GLUCOSE DEPRIVATION%PANTHER PATHWAY%P04397		20	-0.43526348	-1.2733157	0.15170279	0.75258696	1.0	2839	tags=35%, list=12%, signal=40%	
SURFACTANT METABOLISM%REACTOME DATABASE ID RELEASE 95%5683826	SURFACTANT METABOLISM%REACTOME DATABASE ID RELEASE 95%5683826		29	-0.3994866	-1.2730583	0.118320614	0.7508471	1.0	4692	tags=34%, list=19%, signal=43%	
15Q25 COPY NUMBER VARIATION%WIKIPATHWAYS_20260211%WP5408%HOMO SAPIENS	15Q25 COPY NUMBER VARIATION%WIKIPATHWAYS_20260211%WP5408%HOMO SAPIENS		36	-0.37533823	-1.2711486	0.08745247	0.75591236	1.0	1333	tags=17%, list=5%, signal=18%	
PROTEIN SYNTHESIS: GLYCINE%PATHWHIZ%PW112928	PROTEIN SYNTHESIS: GLYCINE%PATHWHIZ%PW112928		79	-0.3243875	-1.2700516	0.06285714	0.75772834	1.0	6023	tags=35%, list=25%, signal=47%	
FOXO-MEDIATED TRANSCRIPTION OF CELL DEATH GENES%REACTOME%R-HSA-9614657.2	FOXO-MEDIATED TRANSCRIPTION OF CELL DEATH GENES%REACTOME%R-HSA-9614657.2		16	-0.45267898	-1.2691121	0.18	0.7587608	1.0	1481	tags=25%, list=6%, signal=27%	
MALONIC ACIDURIA%SMPDB%SMP0000198	MALONIC ACIDURIA%SMPDB%SMP0000198		18	-0.43580568	-1.2664083	0.14186852	0.76734537	1.0	840	tags=17%, list=3%, signal=17%	
REGULATION OF EXPRESSION OF SLITS AND ROBOS%REACTOME%R-HSA-9010553.2	REGULATION OF EXPRESSION OF SLITS AND ROBOS%REACTOME%R-HSA-9010553.2		157	-0.28591433	-1.2652068	0.028571429	0.76988786	1.0	5877	tags=35%, list=24%, signal=46%	
ASYMMETRIC LOCALIZATION OF PCP PROTEINS%REACTOME%R-HSA-4608870.3	ASYMMETRIC LOCALIZATION OF PCP PROTEINS%REACTOME%R-HSA-4608870.3		51	-0.3466921	-1.2647449	0.06334842	0.769007	1.0	4409	tags=45%, list=18%, signal=55%	
HALLMARK_ESTROGEN_RESPONSE_LATE%MSIGDBHALLMARK%HALLMARK_ESTROGEN_RESPONSE_LATE	HALLMARK_ESTROGEN_RESPONSE_LATE%MSIGDBHALLMARK%HALLMARK_ESTROGEN_RESPONSE_LATE		168	-0.28699824	-1.2642238	0.04597701	0.7684055	1.0	2648	tags=19%, list=11%, signal=21%	
REGULATION OF CELL-CELL ADHESION MEDIATED BY CADHERIN%GOBP%GO:2000047	REGULATION OF CELL-CELL ADHESION MEDIATED BY CADHERIN%GOBP%GO:2000047		20	-0.4250291	-1.2634121	0.13125	0.7689162	1.0	4002	tags=35%, list=16%, signal=42%	
OXYGEN-DEPENDENT PROLINE HYDROXYLATION OF HYPOXIA-INDUCIBLE FACTOR ALPHA%REACTOME DATABASE ID RELEASE 95%1234176	OXYGEN-DEPENDENT PROLINE HYDROXYLATION OF HYPOXIA-INDUCIBLE FACTOR ALPHA%REACTOME DATABASE ID RELEASE 95%1234176		53	-0.3488236	-1.2626383	0.10695187	0.769329	1.0	4690	tags=36%, list=19%, signal=44%	
CTNNB1 S33 MUTANTS AREN'T PHOSPHORYLATED%REACTOME DATABASE ID RELEASE 95%5358747	CTNNB1 S33 MUTANTS AREN'T PHOSPHORYLATED%REACTOME DATABASE ID RELEASE 95%5358747		15	-0.45840812	-1.2626181	0.15432099	0.7666437	1.0	3454	tags=40%, list=14%, signal=47%	
POSITIVE REGULATION OF ERAD PATHWAY%GOBP%GO:1904294	POSITIVE REGULATION OF ERAD PATHWAY%GOBP%GO:1904294		17	-0.4537178	-1.2612085	0.15806451	0.76976514	1.0	4404	tags=35%, list=18%, signal=43%	
NEGATIVE REGULATION OF INTRACELLULAR PROTEIN TRANSPORT%GOBP%GO:0090317	NEGATIVE REGULATION OF INTRACELLULAR PROTEIN TRANSPORT%GOBP%GO:0090317		27	-0.3916619	-1.2608229	0.14285715	0.7686773	1.0	5329	tags=37%, list=22%, signal=47%	
POSITIVE REGULATION OF GLYCOLYTIC PROCESS%GOBP%GO:0045821	POSITIVE REGULATION OF GLYCOLYTIC PROCESS%GOBP%GO:0045821		20	-0.4293831	-1.2604072	0.11986301	0.76769674	1.0	3357	tags=35%, list=14%, signal=41%	
22Q11 2 DISTAL CNV%WIKIPATHWAYS_20260211%WP5546%HOMO SAPIENS	22Q11 2 DISTAL CNV%WIKIPATHWAYS_20260211%WP5546%HOMO SAPIENS		115	-0.3040871	-1.2596781	0.05	0.76809454	1.0	3043	tags=19%, list=12%, signal=22%	
CDK-MEDIATED PHOSPHORYLATION AND REMOVAL OF CDC6%REACTOME%R-HSA-69017.4	CDK-MEDIATED PHOSPHORYLATION AND REMOVAL OF CDC6%REACTOME%R-HSA-69017.4		60	-0.3311619	-1.2587646	0.07655502	0.7692243	1.0	4690	tags=42%, list=19%, signal=51%	
TYPE I COLLAGEN SYNTHESIS IN THE CONTEXT OF OSTEOGENESIS IMPERFECTA%WIKIPATHWAYS_20260211%WP4786%HOMO SAPIENS	TYPE I COLLAGEN SYNTHESIS IN THE CONTEXT OF OSTEOGENESIS IMPERFECTA%WIKIPATHWAYS_20260211%WP4786%HOMO SAPIENS		27	-0.40652224	-1.258654	0.10902256	0.7669856	1.0	2093	tags=19%, list=9%, signal=20%	
ACTIVATION OF IRF3, IRF7 MEDIATED BY TBK1, IKKΕ (IKBKE)%REACTOME%R-HSA-936964.6	ACTIVATION OF IRF3, IRF7 MEDIATED BY TBK1, IKKΕ (IKBKE)%REACTOME%R-HSA-936964.6		17	-0.45365682	-1.2573957	0.1687898	0.7696113	1.0	2246	tags=29%, list=9%, signal=32%	
PROTEIN IMPORT INTO MITOCHONDRIAL MATRIX%GOBP%GO:0030150	PROTEIN IMPORT INTO MITOCHONDRIAL MATRIX%GOBP%GO:0030150		24	-0.40824938	-1.256453	0.14716981	0.7709226	1.0	4585	tags=54%, list=19%, signal=67%	
PROTEIN DEMANNOSYLATION%GOBP%GO:0036507	PROTEIN DEMANNOSYLATION%GOBP%GO:0036507		15	-0.4588092	-1.255899	0.18531469	0.77062935	1.0	4762	tags=47%, list=19%, signal=58%	
DEGRADATION OF GLI2 BY THE PROTEASOME%REACTOME DATABASE ID RELEASE 95%5610783	DEGRADATION OF GLI2 BY THE PROTEASOME%REACTOME DATABASE ID RELEASE 95%5610783		47	-0.35130423	-1.2549773	0.112676054	0.7717517	1.0	4658	tags=38%, list=19%, signal=47%	
AUTODEGRADATION OF THE E3 UBIQUITIN LIGASE COP1%REACTOME%R-HSA-349425.4	AUTODEGRADATION OF THE E3 UBIQUITIN LIGASE COP1%REACTOME%R-HSA-349425.4		39	-0.35765186	-1.2549309	0.11914894	0.7693077	1.0	4658	tags=41%, list=19%, signal=51%	
DEGRADATION OF AXIN%REACTOME%R-HSA-4641257.3	DEGRADATION OF AXIN%REACTOME%R-HSA-4641257.3		42	-0.34866187	-1.2535412	0.09375	0.7729572	1.0	4658	tags=38%, list=19%, signal=47%	
MALONYL-COA DECARBOXYLASE DEFICIENCY%PATHWHIZ%PW000478	MALONYL-COA DECARBOXYLASE DEFICIENCY%PATHWHIZ%PW000478		18	-0.43580568	-1.2534798	0.17302053	0.7705541	1.0	840	tags=17%, list=3%, signal=17%	
REGULATION OF CARDIAC CONDUCTION%GOBP%GO:1903779	REGULATION OF CARDIAC CONDUCTION%GOBP%GO:1903779		23	-0.40408185	-1.2534399	0.12292359	0.76809937	1.0	598	tags=9%, list=2%, signal=9%	
MAINTENANCE OF PROTEIN LOCALIZATION IN ORGANELLE%GOBP%GO:0072595	MAINTENANCE OF PROTEIN LOCALIZATION IN ORGANELLE%GOBP%GO:0072595		35	-0.3776896	-1.2533538	0.15546219	0.76580566	1.0	1999	tags=17%, list=8%, signal=19%	
CTNNB1 S45 MUTANTS AREN'T PHOSPHORYLATED%REACTOME%R-HSA-5358751.4	CTNNB1 S45 MUTANTS AREN'T PHOSPHORYLATED%REACTOME%R-HSA-5358751.4		15	-0.45840812	-1.2528667	0.17080745	0.76523954	1.0	3454	tags=40%, list=14%, signal=47%	
SPOP-MEDIATED PROTEASOMAL DEGRADATION OF PD-L1(CD274)%REACTOME%R-HSA-9929491.1	SPOP-MEDIATED PROTEASOMAL DEGRADATION OF PD-L1(CD274)%REACTOME%R-HSA-9929491.1		46	-0.35519832	-1.2522335	0.095454544	0.76529336	1.0	4658	tags=39%, list=19%, signal=48%	
METHYLMALONIC ACIDURIA DUE TO COBALAMIN-RELATED DISORDERS%PATHWHIZ%PW000208	METHYLMALONIC ACIDURIA DUE TO COBALAMIN-RELATED DISORDERS%PATHWHIZ%PW000208		18	-0.43580568	-1.2509937	0.15974441	0.7678175	1.0	840	tags=17%, list=3%, signal=17%	
SIGNALING BY GSK3BETA MUTANTS%REACTOME DATABASE ID RELEASE 95%5339716	SIGNALING BY GSK3BETA MUTANTS%REACTOME DATABASE ID RELEASE 95%5339716		15	-0.45840812	-1.2503333	0.16828479	0.76779705	1.0	3454	tags=40%, list=14%, signal=47%	
POSITIVE REGULATION OF PURINE NUCLEOTIDE CATABOLIC PROCESS%GOBP%GO:0033123	POSITIVE REGULATION OF PURINE NUCLEOTIDE CATABOLIC PROCESS%GOBP%GO:0033123		20	-0.4293831	-1.249869	0.18	0.7671742	1.0	3357	tags=35%, list=14%, signal=41%	
RESPONSE TO HEAT%GOBP%GO:0009408	RESPONSE TO HEAT%GOBP%GO:0009408		61	-0.33305553	-1.2496051	0.07853403	0.76572233	1.0	3441	tags=25%, list=14%, signal=29%	
NEGATIVE REGULATION OF NEURON APOPTOTIC PROCESS%GOBP%GO:0043524	NEGATIVE REGULATION OF NEURON APOPTOTIC PROCESS%GOBP%GO:0043524		81	-0.31598216	-1.249202	0.075	0.76476854	1.0	3510	tags=23%, list=14%, signal=27%	
SCF(SKP2)-MEDIATED DEGRADATION OF P27 P21%REACTOME%R-HSA-187577.5	SCF(SKP2)-MEDIATED DEGRADATION OF P27 P21%REACTOME%R-HSA-187577.5		50	-0.34442723	-1.2491493	0.12727273	0.76244485	1.0	4658	tags=38%, list=19%, signal=47%	
NEGATIVE REGULATION OF SIGNAL TRANSDUCTION BY P53 CLASS MEDIATOR%GOBP%GO:1901797	NEGATIVE REGULATION OF SIGNAL TRANSDUCTION BY P53 CLASS MEDIATOR%GOBP%GO:1901797		34	-0.3783478	-1.2457325	0.12	0.77384424	1.0	6114	tags=53%, list=25%, signal=70%	
POSITIVE REGULATION OF NUCLEOTIDE CATABOLIC PROCESS%GOBP%GO:0030813	POSITIVE REGULATION OF NUCLEOTIDE CATABOLIC PROCESS%GOBP%GO:0030813		20	-0.4293831	-1.245674	0.16607773	0.77154744	1.0	3357	tags=35%, list=14%, signal=41%	
MATURATION OF LSU-RRNA%GOBP%GO:0000470	MATURATION OF LSU-RRNA%GOBP%GO:0000470		31	-0.38691068	-1.2454287	0.15873016	0.770075	1.0	2700	tags=26%, list=11%, signal=29%	
MIR TARGETED GENES IN SQUAMOUS CELL%WIKIPATHWAYS_20260211%WP2006%HOMO SAPIENS	MIR TARGETED GENES IN SQUAMOUS CELL%WIKIPATHWAYS_20260211%WP2006%HOMO SAPIENS		105	-0.31039134	-1.245381	0.05882353	0.76773417	1.0	3017	tags=22%, list=12%, signal=25%	
PROTEIN ALPHA-1,2-DEMANNOSYLATION%GOBP%GO:0036508	PROTEIN ALPHA-1,2-DEMANNOSYLATION%GOBP%GO:0036508		15	-0.4588092	-1.2446241	0.17207792	0.7683507	1.0	4762	tags=47%, list=19%, signal=58%	
PROTEIN TARGETING%GOBP%GO:0006605	PROTEIN TARGETING%GOBP%GO:0006605		152	-0.28926876	-1.2431209	0.010989011	0.7721086	1.0	2888	tags=20%, list=12%, signal=23%	
CELLULAR RESPONSE TO MISFOLDED PROTEIN%GOBP%GO:0071218	CELLULAR RESPONSE TO MISFOLDED PROTEIN%GOBP%GO:0071218		16	-0.4601977	-1.2427062	0.15202703	0.7714303	1.0	4137	tags=44%, list=17%, signal=53%	
EXERCISE AND HYPERTROPHY IN SKELETAL MUSCLE%WIKIPATHWAYS_20260211%WP516%HOMO SAPIENS	EXERCISE AND HYPERTROPHY IN SKELETAL MUSCLE%WIKIPATHWAYS_20260211%WP516%HOMO SAPIENS		16	-0.44890058	-1.2419562	0.1863354	0.77177835	1.0	3796	tags=25%, list=15%, signal=30%	
SIGNALING BY CTNNB1 PHOSPHO-SITE MUTANTS%REACTOME%R-HSA-4839743.5	SIGNALING BY CTNNB1 PHOSPHO-SITE MUTANTS%REACTOME%R-HSA-4839743.5		15	-0.45840812	-1.2392274	0.17350158	0.780575	1.0	3454	tags=40%, list=14%, signal=47%	
GLYCOSAMINOGLYCAN-PROTEIN LINKAGE REGION BIOSYNTHESIS%REACTOME%R-HSA-1971475.6	GLYCOSAMINOGLYCAN-PROTEIN LINKAGE REGION BIOSYNTHESIS%REACTOME%R-HSA-1971475.6		29	-0.3789861	-1.2392267	0.13654618	0.77807254	1.0	660	tags=10%, list=3%, signal=11%	
RIBOSOME ASSEMBLY%GOBP%GO:0042255	RIBOSOME ASSEMBLY%GOBP%GO:0042255		60	-0.32886022	-1.2379216	0.07619048	0.7808505	1.0	2752	tags=22%, list=11%, signal=24%	
DISEASES ASSOCIATED WITH GLYCOSAMINOGLYCAN METABOLISM%REACTOME%R-HSA-3560782.5	DISEASES ASSOCIATED WITH GLYCOSAMINOGLYCAN METABOLISM%REACTOME%R-HSA-3560782.5		40	-0.3564344	-1.2377458	0.12658228	0.7790354	1.0	1629	tags=18%, list=7%, signal=19%	
PROPANOATE METABOLISM%SMPDB%SMP0000016	PROPANOATE METABOLISM%SMPDB%SMP0000016		18	-0.43580568	-1.2369769	0.19471948	0.77991873	1.0	840	tags=17%, list=3%, signal=17%	
REGULATION OF ENDOPLASMIC RETICULUM UNFOLDED PROTEIN RESPONSE%GOBP%GO:1900101	REGULATION OF ENDOPLASMIC RETICULUM UNFOLDED PROTEIN RESPONSE%GOBP%GO:1900101		31	-0.38574392	-1.23682	0.13533835	0.77807486	1.0	2397	tags=23%, list=10%, signal=25%	
UBIQUITIN-MEDIATED DEGRADATION OF PHOSPHORYLATED CDC25A%REACTOME%R-HSA-69601.6	UBIQUITIN-MEDIATED DEGRADATION OF PHOSPHORYLATED CDC25A%REACTOME%R-HSA-69601.6		51	-0.3396095	-1.2365804	0.104347825	0.77660185	1.0	5378	tags=39%, list=22%, signal=50%	
SYNTHESIS OF ACTIVE UBIQUITIN: ROLES OF E1 AND E2 ENZYMES%REACTOME DATABASE ID RELEASE 95%8866652	SYNTHESIS OF ACTIVE UBIQUITIN: ROLES OF E1 AND E2 ENZYMES%REACTOME DATABASE ID RELEASE 95%8866652		30	-0.37613714	-1.2357063	0.13011153	0.7779643	1.0	4816	tags=40%, list=20%, signal=50%	
PLATELET CALCIUM HOMEOSTASIS%REACTOME DATABASE ID RELEASE 95%418360	PLATELET CALCIUM HOMEOSTASIS%REACTOME DATABASE ID RELEASE 95%418360		28	-0.38320005	-1.2352765	0.15873016	0.7774167	1.0	2792	tags=25%, list=11%, signal=28%	
P75(NTR)-MEDIATED SIGNALING%PATHWAY INTERACTION DATABASE NCI-NATURE CURATED DATA%P75(NTR)-MEDIATED SIGNALING	P75(NTR)-MEDIATED SIGNALING%PATHWAY INTERACTION DATABASE NCI-NATURE CURATED DATA%P75(NTR)-MEDIATED SIGNALING		68	-0.3183284	-1.2344426	0.1097561	0.7785183	1.0	1481	tags=15%, list=6%, signal=16%	
DEFECTIVE B3GALT6 CAUSES EDSP2 AND SEMDJL1%REACTOME DATABASE ID RELEASE 95%4420332	DEFECTIVE B3GALT6 CAUSES EDSP2 AND SEMDJL1%REACTOME DATABASE ID RELEASE 95%4420332		20	-0.41032434	-1.2333549	0.17096774	0.7805646	1.0	647	tags=10%, list=3%, signal=10%	
REGULATION OF INTRINSIC APOPTOTIC SIGNALING PATHWAY IN RESPONSE TO DNA DAMAGE BY P53 CLASS MEDIATOR%GOBP%GO:1902165	REGULATION OF INTRINSIC APOPTOTIC SIGNALING PATHWAY IN RESPONSE TO DNA DAMAGE BY P53 CLASS MEDIATOR%GOBP%GO:1902165		15	-0.44909263	-1.2328894	0.22789116	0.78017193	1.0	4825	tags=40%, list=20%, signal=50%	
RIBOSOME-ASSOCIATED QUALITY CONTROL%REACTOME%R-HSA-9948299.2	RIBOSOME-ASSOCIATED QUALITY CONTROL%REACTOME%R-HSA-9948299.2		141	-0.29030666	-1.231773	0.008547009	0.7822894	1.0	5877	tags=36%, list=24%, signal=47%	
NEGATIVE REGULATION OF ENDOTHELIAL CELL PROLIFERATION%GOBP%GO:0001937	NEGATIVE REGULATION OF ENDOTHELIAL CELL PROLIFERATION%GOBP%GO:0001937		37	-0.37332642	-1.2303363	0.14453125	0.7859174	1.0	464	tags=11%, list=2%, signal=11%	
PEPTIDE SECRETION%GOBP%GO:0002790	PEPTIDE SECRETION%GOBP%GO:0002790		31	-0.37577248	-1.2290405	0.1696113	0.78866947	1.0	3654	tags=29%, list=15%, signal=34%	
SKELETAL SYSTEM MORPHOGENESIS%GOBP%GO:0048705	SKELETAL SYSTEM MORPHOGENESIS%GOBP%GO:0048705		96	-0.3019615	-1.2289093	0.07189543	0.78683835	1.0	3883	tags=21%, list=16%, signal=25%	
CELLULAR RESPONSE TO HYPOXIA%GOBP%GO:0071456	CELLULAR RESPONSE TO HYPOXIA%GOBP%GO:0071456		77	-0.31039947	-1.2278675	0.09146342	0.7888604	1.0	5051	tags=38%, list=21%, signal=47%	
REGULATION OF UBIQUITIN-PROTEIN TRANSFERASE ACTIVITY%GOBP%GO:0051438	REGULATION OF UBIQUITIN-PROTEIN TRANSFERASE ACTIVITY%GOBP%GO:0051438		16	-0.4515803	-1.2256017	0.19869708	0.79614854	1.0	3772	tags=25%, list=15%, signal=30%	
P75NTR SIGNALS VIA NF-KB%REACTOME DATABASE ID RELEASE 95%193639	P75NTR SIGNALS VIA NF-KB%REACTOME DATABASE ID RELEASE 95%193639		16	-0.44326097	-1.2249007	0.19736843	0.7966957	1.0	505	tags=19%, list=2%, signal=19%	
CTNNB1 S37 MUTANTS AREN'T PHOSPHORYLATED%REACTOME%R-HSA-5358749.4	CTNNB1 S37 MUTANTS AREN'T PHOSPHORYLATED%REACTOME%R-HSA-5358749.4		15	-0.45840812	-1.2240007	0.18811882	0.7980811	1.0	3454	tags=40%, list=14%, signal=47%	
VESICLE TARGETING, TO, FROM OR WITHIN GOLGI%GOBP%GO:0048199	VESICLE TARGETING, TO, FROM OR WITHIN GOLGI%GOBP%GO:0048199		29	-0.37569344	-1.2235713	0.14339623	0.7974591	1.0	912	tags=17%, list=4%, signal=18%	
PHENYTOIN (ANTIARRHYTHMIC) ACTION PATHWAY%PATHWHIZ%PW000380	PHENYTOIN (ANTIARRHYTHMIC) ACTION PATHWAY%PATHWHIZ%PW000380		69	-0.3222861	-1.223164	0.09137056	0.7968243	1.0	2807	tags=20%, list=11%, signal=23%	
CELL DIFFERENTIATION EXPANDED INDEX%WIKIPATHWAYS_20260211%WP2023%HOMO SAPIENS	CELL DIFFERENTIATION EXPANDED INDEX%WIKIPATHWAYS_20260211%WP2023%HOMO SAPIENS		16	-0.45807472	-1.2230825	0.2124183	0.7948174	1.0	3618	tags=31%, list=15%, signal=37%	
P53-INDEPENDENT G1 S DNA DAMAGE CHECKPOINT%REACTOME%R-HSA-69613.5	P53-INDEPENDENT G1 S DNA DAMAGE CHECKPOINT%REACTOME%R-HSA-69613.5		51	-0.3396095	-1.222471	0.14932127	0.7950103	1.0	5378	tags=39%, list=22%, signal=50%	
REGULATION OF INTRINSIC APOPTOTIC SIGNALING PATHWAY BY P53 CLASS MEDIATOR%GOBP%GO:1902253	REGULATION OF INTRINSIC APOPTOTIC SIGNALING PATHWAY BY P53 CLASS MEDIATOR%GOBP%GO:1902253		24	-0.3889572	-1.2209778	0.15969582	0.7991204	1.0	6114	tags=46%, list=25%, signal=61%	
NEGATIVE REGULATION OF TISSUE REMODELING%GOBP%GO:0034104	NEGATIVE REGULATION OF TISSUE REMODELING%GOBP%GO:0034104		17	-0.43822986	-1.219725	0.19266056	0.8020081	1.0	1692	tags=29%, list=7%, signal=32%	
METABOLIC REPROGRAMMING IN PANCREATIC CANCER%WIKIPATHWAYS_20260211%WP5220%HOMO SAPIENS	METABOLIC REPROGRAMMING IN PANCREATIC CANCER%WIKIPATHWAYS_20260211%WP5220%HOMO SAPIENS		27	-0.382707	-1.2188648	0.168	0.8032367	1.0	2047	tags=22%, list=8%, signal=24%	
AUTODEGRADATION OF CDH1 BY CDH1:APC C%REACTOME DATABASE ID RELEASE 95%174084	AUTODEGRADATION OF CDH1 BY CDH1:APC C%REACTOME DATABASE ID RELEASE 95%174084		54	-0.33166564	-1.2188419	0.14659686	0.8009348	1.0	4690	tags=41%, list=19%, signal=50%	
RRNA MODIFICATION IN THE NUCLEUS AND CYTOSOL%REACTOME%R-HSA-6790901.6	RRNA MODIFICATION IN THE NUCLEUS AND CYTOSOL%REACTOME%R-HSA-6790901.6		60	-0.32062525	-1.2185122	0.10576923	0.79990757	1.0	4662	tags=42%, list=19%, signal=51%	
EUKARYOTIC TRANSLATION ELONGATION%REACTOME DATABASE ID RELEASE 95%156842	EUKARYOTIC TRANSLATION ELONGATION%REACTOME DATABASE ID RELEASE 95%156842		93	-0.29982555	-1.21797	0.09352518	0.799911	1.0	6117	tags=37%, list=25%, signal=49%	
REGULATION OF RUFFLE ASSEMBLY%GOBP%GO:1900027	REGULATION OF RUFFLE ASSEMBLY%GOBP%GO:1900027		24	-0.38602614	-1.2178483	0.17491749	0.79798234	1.0	2196	tags=17%, list=9%, signal=18%	
POSITIVE REGULATION OF TRANSLATIONAL INITIATION%GOBP%GO:0045948	POSITIVE REGULATION OF TRANSLATIONAL INITIATION%GOBP%GO:0045948		32	-0.370404	-1.2164584	0.16996047	0.8013811	1.0	3400	tags=34%, list=14%, signal=40%	
EARLY SARS-COV-2 INFECTION EVENTS%REACTOME%R-HSA-9772572.4	EARLY SARS-COV-2 INFECTION EVENTS%REACTOME%R-HSA-9772572.4		37	-0.3558727	-1.215725	0.14224137	0.8020331	1.0	1865	tags=16%, list=8%, signal=18%	
REGULATION OF NUCLEAR-TRANSCRIBED MRNA CATABOLIC PROCESS, DEADENYLATION-DEPENDENT DECAY%GOBP%GO:1900151	REGULATION OF NUCLEAR-TRANSCRIBED MRNA CATABOLIC PROCESS, DEADENYLATION-DEPENDENT DECAY%GOBP%GO:1900151		24	-0.3907414	-1.2150153	0.18181819	0.8027547	1.0	3853	tags=33%, list=16%, signal=40%	
NEURON CELLULAR HOMEOSTASIS%GOBP%GO:0070050	NEURON CELLULAR HOMEOSTASIS%GOBP%GO:0070050		25	-0.38461718	-1.2146925	0.14981273	0.80179596	1.0	4294	tags=36%, list=18%, signal=44%	
NEGATIVE REGULATION OF INTRINSIC APOPTOTIC SIGNALING PATHWAY BY P53 CLASS MEDIATOR%GOBP%GO:1902254	NEGATIVE REGULATION OF INTRINSIC APOPTOTIC SIGNALING PATHWAY BY P53 CLASS MEDIATOR%GOBP%GO:1902254		17	-0.43133557	-1.2133876	0.21376811	0.80491173	1.0	6114	tags=53%, list=25%, signal=71%	
PCNA-DEPENDENT LONG PATCH BASE EXCISION REPAIR%REACTOME DATABASE ID RELEASE 95%5651801	PCNA-DEPENDENT LONG PATCH BASE EXCISION REPAIR%REACTOME DATABASE ID RELEASE 95%5651801		21	-0.4110089	-1.2130228	0.1971831	0.8040157	1.0	6550	tags=52%, list=27%, signal=71%	
HALLMARK_ANDROGEN_RESPONSE%MSIGDBHALLMARK%HALLMARK_ANDROGEN_RESPONSE	HALLMARK_ANDROGEN_RESPONSE%MSIGDBHALLMARK%HALLMARK_ANDROGEN_RESPONSE		70	-0.31434873	-1.2121658	0.082051285	0.8053734	1.0	2301	tags=21%, list=9%, signal=24%	
PROTEIN SYNTHESIS: METHIONINE%PATHWHIZ%PW112933	PROTEIN SYNTHESIS: METHIONINE%PATHWHIZ%PW112933		79	-0.30728102	-1.2114964	0.08588957	0.8058395	1.0	6023	tags=35%, list=25%, signal=47%	
GLI3 IS PROCESSED TO GLI3R BY THE PROTEASOME%REACTOME%R-HSA-5610785.2	GLI3 IS PROCESSED TO GLI3R BY THE PROTEASOME%REACTOME%R-HSA-5610785.2		47	-0.34005594	-1.2114484	0.13675214	0.80370396	1.0	4658	tags=36%, list=19%, signal=45%	
PROTEIN SYNTHESIS: ISOLEUCINE%SMPDB%SMP0111872	PROTEIN SYNTHESIS: ISOLEUCINE%SMPDB%SMP0111872		79	-0.30185392	-1.2093984	0.0872093	0.8101078	1.0	6023	tags=35%, list=25%, signal=47%	
REGULATION OF ER TO GOLGI VESICLE-MEDIATED TRANSPORT%GOBP%GO:0060628	REGULATION OF ER TO GOLGI VESICLE-MEDIATED TRANSPORT%GOBP%GO:0060628		20	-0.4050842	-1.2088283	0.1904762	0.8101533	1.0	5419	tags=45%, list=22%, signal=58%	
REGULATION OF RESPONSE TO ENDOPLASMIC RETICULUM STRESS%GOBP%GO:1905897	REGULATION OF RESPONSE TO ENDOPLASMIC RETICULUM STRESS%GOBP%GO:1905897		81	-0.30867344	-1.2087004	0.09271523	0.8084059	1.0	2397	tags=17%, list=10%, signal=19%	
BIOCARTA_NGF_PATHWAY%MSIGDB_C2%BIOCARTA_NGF_PATHWAY	BIOCARTA_NGF_PATHWAY%MSIGDB_C2%BIOCARTA_NGF_PATHWAY		17	-0.43907377	-1.2083606	0.21088435	0.8074945	1.0	1334	tags=18%, list=5%, signal=19%	
SEALING OF THE NUCLEAR ENVELOPE (NE) BY ESCRT-III%REACTOME%R-HSA-9668328.2	SEALING OF THE NUCLEAR ENVELOPE (NE) BY ESCRT-III%REACTOME%R-HSA-9668328.2		32	-0.3598517	-1.2082193	0.14748201	0.80581385	1.0	4821	tags=28%, list=20%, signal=35%	
DEFECTIVE B3GAT3 CAUSES JDSSDHD%REACTOME DATABASE ID RELEASE 95%3560801	DEFECTIVE B3GAT3 CAUSES JDSSDHD%REACTOME DATABASE ID RELEASE 95%3560801		20	-0.41060793	-1.2081871	0.18471338	0.8036954	1.0	647	tags=10%, list=3%, signal=10%	
ENTEROENDOCRINE CELL DIFFERENTIATION%GOBP%GO:0035883	ENTEROENDOCRINE CELL DIFFERENTIATION%GOBP%GO:0035883		16	-0.42966667	-1.2079366	0.21192053	0.802547	1.0	1590	tags=13%, list=6%, signal=13%	
BIOCARTA_INSULIN_PATHWAY%MSIGDB_C2%BIOCARTA_INSULIN_PATHWAY	BIOCARTA_INSULIN_PATHWAY%MSIGDB_C2%BIOCARTA_INSULIN_PATHWAY		17	-0.4270836	-1.2043719	0.18874173	0.8155318	1.0	1717	tags=24%, list=7%, signal=25%	
BMP RECEPTOR SIGNALING%PATHWAY INTERACTION DATABASE NCI-NATURE CURATED DATA%BMP RECEPTOR SIGNALING	BMP RECEPTOR SIGNALING%PATHWAY INTERACTION DATABASE NCI-NATURE CURATED DATA%BMP RECEPTOR SIGNALING		41	-0.3460973	-1.2033763	0.15767635	0.8176998	1.0	1097	tags=15%, list=4%, signal=15%	
RIBOSOME QUALITY CONTROL (RQC) COMPLEX EXTRACTS AND DEGRADES NASCENT PEPTIDE%REACTOME%R-HSA-9954709.2	RIBOSOME QUALITY CONTROL (RQC) COMPLEX EXTRACTS AND DEGRADES NASCENT PEPTIDE%REACTOME%R-HSA-9954709.2		101	-0.29213804	-1.2022041	0.08888889	0.8205818	1.0	4706	tags=29%, list=19%, signal=35%	
HALLMARK OF CANCER METASTASIS AND EPITHELIAL TO MESENCHYMAL TRANSITION%WIKIPATHWAYS_20260211%WP5469%HOMO SAPIENS	HALLMARK OF CANCER METASTASIS AND EPITHELIAL TO MESENCHYMAL TRANSITION%WIKIPATHWAYS_20260211%WP5469%HOMO SAPIENS		20	-0.4211	-1.2019312	0.18815331	0.8195328	1.0	4825	tags=50%, list=20%, signal=62%	
PEPTIDE HORMONE SECRETION%GOBP%GO:0030072	PEPTIDE HORMONE SECRETION%GOBP%GO:0030072		31	-0.37577248	-1.2010137	0.15498155	0.82128644	1.0	3654	tags=29%, list=15%, signal=34%	
INTRA-GOLGI AND RETROGRADE GOLGI-TO-ER TRAFFIC%REACTOME DATABASE ID RELEASE 95%6811442	INTRA-GOLGI AND RETROGRADE GOLGI-TO-ER TRAFFIC%REACTOME DATABASE ID RELEASE 95%6811442		185	-0.27367932	-1.2009404	0.057471264	0.8193274	1.0	3014	tags=23%, list=12%, signal=26%	
N-CADHERIN SIGNALING EVENTS%PATHWAY INTERACTION DATABASE NCI-NATURE CURATED DATA%N-CADHERIN SIGNALING EVENTS	N-CADHERIN SIGNALING EVENTS%PATHWAY INTERACTION DATABASE NCI-NATURE CURATED DATA%N-CADHERIN SIGNALING EVENTS		34	-0.35885188	-1.2007705	0.17391305	0.8178054	1.0	3175	tags=26%, list=13%, signal=30%	
DEGRADATION OF GLI1 BY THE PROTEASOME%REACTOME DATABASE ID RELEASE 95%5610780	DEGRADATION OF GLI1 BY THE PROTEASOME%REACTOME DATABASE ID RELEASE 95%5610780		47	-0.33383814	-1.199961	0.12560387	0.81890893	1.0	4658	tags=36%, list=19%, signal=45%	
CELLULAR RESPONSE TO STARVATION%GOBP%GO:0009267	CELLULAR RESPONSE TO STARVATION%GOBP%GO:0009267		148	-0.27746505	-1.1998153	0.054945055	0.81726396	1.0	2846	tags=16%, list=12%, signal=17%	
NOTCH2 ACTIVATION AND TRANSMISSION OF SIGNAL TO THE NUCLEUS%REACTOME%R-HSA-2979096.6	NOTCH2 ACTIVATION AND TRANSMISSION OF SIGNAL TO THE NUCLEUS%REACTOME%R-HSA-2979096.6		25	-0.39633065	-1.1993451	0.20512821	0.81708866	1.0	4743	tags=40%, list=19%, signal=50%	
REGULATION OF DEFENSE RESPONSE TO VIRUS BY HOST%GOBP%GO:0050691	REGULATION OF DEFENSE RESPONSE TO VIRUS BY HOST%GOBP%GO:0050691		36	-0.351877	-1.1992229	0.17872341	0.81540453	1.0	5036	tags=33%, list=21%, signal=42%	
GAP JUNCTION ASSEMBLY%REACTOME DATABASE ID RELEASE 95%190861	GAP JUNCTION ASSEMBLY%REACTOME DATABASE ID RELEASE 95%190861		19	-0.42176646	-1.1945242	0.21582733	0.8332901	1.0	4776	tags=21%, list=20%, signal=26%	
P38 SIGNALING MEDIATED BY MAPKAP KINASES%PATHWAY INTERACTION DATABASE NCI-NATURE CURATED DATA%P38 SIGNALING MEDIATED BY MAPKAP KINASES	P38 SIGNALING MEDIATED BY MAPKAP KINASES%PATHWAY INTERACTION DATABASE NCI-NATURE CURATED DATA%P38 SIGNALING MEDIATED BY MAPKAP KINASES		21	-0.406371	-1.1940864	0.18543047	0.83307576	1.0	1998	tags=19%, list=8%, signal=21%	
RESPONSE TO STARVATION%GOBP%GO:0042594	RESPONSE TO STARVATION%GOBP%GO:0042594		170	-0.274666	-1.1940832	0.07777778	0.8308401	1.0	3724	tags=21%, list=15%, signal=24%	
PROTEIN SYNTHESIS: ASPARAGINE%SMPDB%SMP0111854	PROTEIN SYNTHESIS: ASPARAGINE%SMPDB%SMP0111854		79	-0.300448	-1.1934271	0.12578617	0.8314889	1.0	6023	tags=35%, list=25%, signal=47%	
REGULATION OF INTRACELLULAR PROTEIN TRANSPORT%GOBP%GO:0033157	REGULATION OF INTRACELLULAR PROTEIN TRANSPORT%GOBP%GO:0033157		118	-0.28247923	-1.1932006	0.052238807	0.8301824	1.0	2914	tags=18%, list=12%, signal=20%	
INTERACTION BETWEEN L1 AND ANKYRINS%REACTOME DATABASE ID RELEASE 95%445095	INTERACTION BETWEEN L1 AND ANKYRINS%REACTOME DATABASE ID RELEASE 95%445095		29	-0.36620477	-1.1921512	0.19031142	0.83241767	1.0	2263	tags=24%, list=9%, signal=27%	
NEGATIVE REGULATION OF APOPTOTIC SIGNALING PATHWAY%GOBP%GO:2001234	NEGATIVE REGULATION OF APOPTOTIC SIGNALING PATHWAY%GOBP%GO:2001234		162	-0.27258313	-1.1917839	0.086021505	0.83176	1.0	3087	tags=20%, list=13%, signal=23%	
NEGATIVE REGULATION OF UBIQUITIN-DEPENDENT PROTEIN CATABOLIC PROCESS%GOBP%GO:2000059	NEGATIVE REGULATION OF UBIQUITIN-DEPENDENT PROTEIN CATABOLIC PROCESS%GOBP%GO:2000059		52	-0.32382318	-1.1909044	0.11111111	0.83319396	1.0	5652	tags=37%, list=23%, signal=47%	
NEGATIVE REGULATION OF HORMONE SECRETION%GOBP%GO:0046888	NEGATIVE REGULATION OF HORMONE SECRETION%GOBP%GO:0046888		36	-0.3510511	-1.1908596	0.19178082	0.8311427	1.0	3298	tags=28%, list=13%, signal=32%	
17P13 3 YWHAE COPY NUMBER VARIATION%WIKIPATHWAYS_20260211%WP5376%HOMO SAPIENS	17P13 3 YWHAE COPY NUMBER VARIATION%WIKIPATHWAYS_20260211%WP5376%HOMO SAPIENS		17	-0.4241154	-1.1903408	0.18789808	0.83110774	1.0	1286	tags=24%, list=5%, signal=25%	
REGULATION OF BONE REMODELING%GOBP%GO:0046850	REGULATION OF BONE REMODELING%GOBP%GO:0046850		42	-0.34739405	-1.1887373	0.17427386	0.8357484	1.0	1692	tags=17%, list=7%, signal=18%	
REGULATION OF LYSOSOMAL LUMEN PH%GOBP%GO:0035751	REGULATION OF LYSOSOMAL LUMEN PH%GOBP%GO:0035751		29	-0.36836457	-1.1878793	0.18181819	0.8374069	1.0	3379	tags=34%, list=14%, signal=40%	
TRNA WOBBLE BASE MODIFICATION%GOBP%GO:0002097	TRNA WOBBLE BASE MODIFICATION%GOBP%GO:0002097		27	-0.3766228	-1.187353	0.16838488	0.83756983	1.0	2698	tags=33%, list=11%, signal=37%	
PROTEIN SYNTHESIS: PHENYLALANINE%PATHWHIZ%PW112934	PROTEIN SYNTHESIS: PHENYLALANINE%PATHWHIZ%PW112934		80	-0.30347407	-1.1865181	0.125	0.8389686	1.0	6023	tags=35%, list=25%, signal=46%	
VALIDATED TARGETS OF C-MYC TRANSCRIPTIONAL ACTIVATION%PATHWAY INTERACTION DATABASE NCI-NATURE CURATED DATA%VALIDATED TARGETS OF C-MYC TRANSCRIPTIONAL ACTIVATION	VALIDATED TARGETS OF C-MYC TRANSCRIPTIONAL ACTIVATION%PATHWAY INTERACTION DATABASE NCI-NATURE CURATED DATA%VALIDATED TARGETS OF C-MYC TRANSCRIPTIONAL ACTIVATION		79	-0.296588	-1.1851002	0.10666667	0.84273386	1.0	4959	tags=38%, list=20%, signal=47%	
SCHWANN CELL DIFFERENTIATION%GOBP%GO:0014037	SCHWANN CELL DIFFERENTIATION%GOBP%GO:0014037		16	-0.43776736	-1.1847943	0.2195122	0.8417995	1.0	1938	tags=31%, list=8%, signal=34%	
POSITIVE REGULATION OF INTRACELLULAR PROTEIN TRANSPORT%GOBP%GO:0090316	POSITIVE REGULATION OF INTRACELLULAR PROTEIN TRANSPORT%GOBP%GO:0090316		79	-0.3042016	-1.1831849	0.12269939	0.84639263	1.0	2857	tags=19%, list=12%, signal=21%	
IRAK2 MEDIATED ACTIVATION OF TAK1 COMPLEX UPON TLR7 8 OR 9 STIMULATION%REACTOME%R-HSA-975163.3	IRAK2 MEDIATED ACTIVATION OF TAK1 COMPLEX UPON TLR7 8 OR 9 STIMULATION%REACTOME%R-HSA-975163.3		15	-0.42552972	-1.1831528	0.22260274	0.84435093	1.0	2246	tags=27%, list=9%, signal=29%	
VALIDATED TRANSCRIPTIONAL TARGETS OF AP1 FAMILY MEMBERS FRA1 AND FRA2%PATHWAY INTERACTION DATABASE NCI-NATURE CURATED DATA%VALIDATED TRANSCRIPTIONAL TARGETS OF AP1 FAMILY MEMBERS FRA1 AND FRA2	VALIDATED TRANSCRIPTIONAL TARGETS OF AP1 FAMILY MEMBERS FRA1 AND FRA2%PATHWAY INTERACTION DATABASE NCI-NATURE CURATED DATA%VALIDATED TRANSCRIPTIONAL TARGETS OF AP1 FAMILY MEMBERS FRA1 AND FRA2		37	-0.34626976	-1.1819801	0.17768595	0.8475196	1.0	2429	tags=19%, list=10%, signal=21%	
FORMATION OF TUBULIN FOLDING INTERMEDIATES BY CCT TRIC%REACTOME%R-HSA-389960.4	FORMATION OF TUBULIN FOLDING INTERMEDIATES BY CCT TRIC%REACTOME%R-HSA-389960.4		26	-0.37382922	-1.1817607	0.19784173	0.8462504	1.0	4821	tags=42%, list=20%, signal=53%	
DEFECTIVE INTRINSIC PATHWAY FOR APOPTOSIS%REACTOME DATABASE ID RELEASE 95%9734009	DEFECTIVE INTRINSIC PATHWAY FOR APOPTOSIS%REACTOME DATABASE ID RELEASE 95%9734009		23	-0.3928969	-1.1808376	0.22895622	0.8481957	1.0	1481	tags=22%, list=6%, signal=23%	
ID%IOB%ID	ID%IOB%ID		17	-0.408932	-1.1794094	0.20983607	0.85213435	1.0	4563	tags=35%, list=19%, signal=43%	
OXIDATIVE STRESS RESPONSE%PANTHER PATHWAY%P00046	OXIDATIVE STRESS RESPONSE%PANTHER PATHWAY%P00046		22	-0.39008552	-1.178592	0.22516556	0.85351515	1.0	863	tags=14%, list=4%, signal=14%	
INTRINSIC APOPTOTIC SIGNALING PATHWAY IN RESPONSE TO ENDOPLASMIC RETICULUM STRESS%GOBP%GO:0070059	INTRINSIC APOPTOTIC SIGNALING PATHWAY IN RESPONSE TO ENDOPLASMIC RETICULUM STRESS%GOBP%GO:0070059		31	-0.3721436	-1.1776719	0.23134328	0.8552429	1.0	2429	tags=19%, list=10%, signal=21%	
HAIR FOLLICLE DEVELOPMENT CYTODIFFERENTIATION STAGE 3 OF 3%WIKIPATHWAYS_20260211%WP2840%HOMO SAPIENS	HAIR FOLLICLE DEVELOPMENT CYTODIFFERENTIATION STAGE 3 OF 3%WIKIPATHWAYS_20260211%WP2840%HOMO SAPIENS		78	-0.30161124	-1.1768814	0.147929	0.8565262	1.0	2593	tags=23%, list=11%, signal=26%	
LINOLEIC ACID METABOLIC PROCESS%GOBP%GO:0043651	LINOLEIC ACID METABOLIC PROCESS%GOBP%GO:0043651		19	-0.40769425	-1.1761407	0.25245902	0.8576828	1.0	2426	tags=32%, list=10%, signal=35%	
ACTIVATION OF MATRIX METALLOPROTEINASES%REACTOME DATABASE ID RELEASE 95%1592389	ACTIVATION OF MATRIX METALLOPROTEINASES%REACTOME DATABASE ID RELEASE 95%1592389		33	-0.3507115	-1.1751341	0.20731707	0.8602046	1.0	1375	tags=15%, list=6%, signal=16%	
NUCLEOSOME ASSEMBLY%GOBP%GO:0006334	NUCLEOSOME ASSEMBLY%GOBP%GO:0006334		59	-0.3082209	-1.1748923	0.13471502	0.8590386	1.0	1611	tags=14%, list=7%, signal=14%	
ATM PATHWAY%PATHWAY INTERACTION DATABASE NCI-NATURE CURATED DATA%ATM PATHWAY	ATM PATHWAY%PATHWAY INTERACTION DATABASE NCI-NATURE CURATED DATA%ATM PATHWAY		34	-0.36029738	-1.1746876	0.18548387	0.8578595	1.0	357	tags=9%, list=1%, signal=9%	
NEGATIVE REGULATION OF PROTEASOMAL UBIQUITIN-DEPENDENT PROTEIN CATABOLIC PROCESS%GOBP%GO:0032435	NEGATIVE REGULATION OF PROTEASOMAL UBIQUITIN-DEPENDENT PROTEIN CATABOLIC PROCESS%GOBP%GO:0032435		39	-0.3530012	-1.1743886	0.18367347	0.8570162	1.0	6230	tags=44%, list=25%, signal=58%	
REGULATION OF APOPTOSIS%REACTOME DATABASE ID RELEASE 95%169911	REGULATION OF APOPTOSIS%REACTOME DATABASE ID RELEASE 95%169911		40	-0.34292153	-1.1721578	0.15708812	0.8645468	1.0	4658	tags=40%, list=19%, signal=49%	
NOTCH3 ACTIVATION AND TRANSMISSION OF SIGNAL TO THE NUCLEUS%REACTOME DATABASE ID RELEASE 95%9013507	NOTCH3 ACTIVATION AND TRANSMISSION OF SIGNAL TO THE NUCLEUS%REACTOME DATABASE ID RELEASE 95%9013507		25	-0.3923268	-1.1721448	0.23636363	0.8624458	1.0	4743	tags=40%, list=19%, signal=50%	
INTERMEDIATE FILAMENT-BASED PROCESS%GOBP%GO:0045103	INTERMEDIATE FILAMENT-BASED PROCESS%GOBP%GO:0045103		85	-0.2902778	-1.1712457	0.15151516	0.8642374	1.0	2803	tags=16%, list=11%, signal=19%	
PID_S1P_S1P2_PATHWAY%MSIGDB_C2%PID_S1P_S1P2_PATHWAY	PID_S1P_S1P2_PATHWAY%MSIGDB_C2%PID_S1P_S1P2_PATHWAY		18	-0.41705418	-1.1708026	0.23465703	0.8640448	1.0	1334	tags=17%, list=5%, signal=18%	
PROTEIN SYNTHESIS: GLUTAMIC ACID%PATHWHIZ%PW112922	PROTEIN SYNTHESIS: GLUTAMIC ACID%PATHWHIZ%PW112922		79	-0.3040437	-1.1707013	0.17204301	0.86235493	1.0	6023	tags=35%, list=25%, signal=47%	
SIGNALING BY NTRKS%REACTOME DATABASE ID RELEASE 95%166520	SIGNALING BY NTRKS%REACTOME DATABASE ID RELEASE 95%166520		130	-0.27697286	-1.1704365	0.12149533	0.86133856	1.0	3454	tags=19%, list=14%, signal=22%	
RETICULOPHAGY%GOBP%GO:0061709	RETICULOPHAGY%GOBP%GO:0061709		23	-0.37396204	-1.1704273	0.21942446	0.8592547	1.0	4179	tags=35%, list=17%, signal=42%	
RRNA PROCESSING IN THE NUCLEUS AND CYTOSOL%REACTOME%R-HSA-8868773.5	RRNA PROCESSING IN THE NUCLEUS AND CYTOSOL%REACTOME%R-HSA-8868773.5		192	-0.25929555	-1.1697156	0.07042254	0.860153	1.0	5047	tags=31%, list=21%, signal=38%	
PROTEIN SYNTHESIS: LYSINE%SMPDB%SMP0111874	PROTEIN SYNTHESIS: LYSINE%SMPDB%SMP0111874		79	-0.29552537	-1.1695063	0.12	0.8590142	1.0	6023	tags=35%, list=25%, signal=47%	
APC:CDC20 MEDIATED DEGRADATION OF CELL CYCLE PROTEINS PRIOR TO SATISFATION OF THE CELL CYCLE CHECKPOINT%REACTOME DATABASE ID RELEASE 95%179419	APC:CDC20 MEDIATED DEGRADATION OF CELL CYCLE PROTEINS PRIOR TO SATISFATION OF THE CELL CYCLE CHECKPOINT%REACTOME DATABASE ID RELEASE 95%179419		61	-0.30586505	-1.1684927	0.1368421	0.8613915	1.0	4690	tags=38%, list=19%, signal=47%	
NEGATIVE REGULATION OF NOTCH SIGNALING PATHWAY%GOBP%GO:0045746	NEGATIVE REGULATION OF NOTCH SIGNALING PATHWAY%GOBP%GO:0045746		29	-0.36584324	-1.1675849	0.21673004	0.86314046	1.0	2396	tags=21%, list=10%, signal=23%	
FORMATION OF THE URETERIC BUD%REACTOME DATABASE ID RELEASE 95%9830674	FORMATION OF THE URETERIC BUD%REACTOME DATABASE ID RELEASE 95%9830674		21	-0.40785757	-1.167521	0.22222222	0.8613231	1.0	3108	tags=24%, list=13%, signal=27%	
NEUTRAL AMINO ACID TRANSPORT%GOBP%GO:0015804	NEUTRAL AMINO ACID TRANSPORT%GOBP%GO:0015804		43	-0.3347484	-1.1674962	0.19421488	0.85933954	1.0	1702	tags=21%, list=7%, signal=22%	
CELLULAR RESPONSE TO DECREASED OXYGEN LEVELS%GOBP%GO:0036294	CELLULAR RESPONSE TO DECREASED OXYGEN LEVELS%GOBP%GO:0036294		80	-0.29922733	-1.1666045	0.17021276	0.86123586	1.0	5051	tags=36%, list=21%, signal=46%	
PROTEIN SYNTHESIS: TYROSINE%PATHWHIZ%PW120527	PROTEIN SYNTHESIS: TYROSINE%PATHWHIZ%PW120527		79	-0.29260603	-1.1654283	0.11731844	0.86427367	1.0	6023	tags=35%, list=25%, signal=47%	
APC C:CDC20 MEDIATED DEGRADATION OF SECURIN%REACTOME DATABASE ID RELEASE 95%174154	APC C:CDC20 MEDIATED DEGRADATION OF SECURIN%REACTOME DATABASE ID RELEASE 95%174154		55	-0.31056523	-1.1647882	0.17821783	0.8650956	1.0	4690	tags=40%, list=19%, signal=49%	
PID_ERA_GENOMIC_PATHWAY%MSIGDB_C2%PID_ERA_GENOMIC_PATHWAY	PID_ERA_GENOMIC_PATHWAY%MSIGDB_C2%PID_ERA_GENOMIC_PATHWAY		49	-0.31392467	-1.1636329	0.18905473	0.86792165	1.0	3009	tags=22%, list=12%, signal=26%	
MMR%REACTOME%R-HSA-5358508.3	MMR%REACTOME%R-HSA-5358508.3		15	-0.41387278	-1.1634641	0.2413793	0.86657083	1.0	2768	tags=33%, list=11%, signal=38%	
SELENIUM MICRONUTRIENT NETWORK%WIKIPATHWAYS_20260211%WP15%HOMO SAPIENS	SELENIUM MICRONUTRIENT NETWORK%WIKIPATHWAYS_20260211%WP15%HOMO SAPIENS		63	-0.30682302	-1.1634275	0.19211823	0.8646587	1.0	1982	tags=13%, list=8%, signal=14%	
PROTEIN SYNTHESIS: TRYPTOPHAN%PATHWHIZ%PW120526	PROTEIN SYNTHESIS: TRYPTOPHAN%PATHWHIZ%PW120526		79	-0.29248068	-1.1630359	0.11931818	0.8643257	1.0	6023	tags=35%, list=25%, signal=47%	
CEREBELLAR CORTEX DEVELOPMENT%GOBP%GO:0021695	CEREBELLAR CORTEX DEVELOPMENT%GOBP%GO:0021695		19	-0.39671364	-1.1629244	0.24427481	0.8627806	1.0	4315	tags=47%, list=18%, signal=57%	
DNA IR DAMAGE AND CELLULAR RESPONSE VIA ATR%WIKIPATHWAYS_20260211%WP4016%HOMO SAPIENS	DNA IR DAMAGE AND CELLULAR RESPONSE VIA ATR%WIKIPATHWAYS_20260211%WP4016%HOMO SAPIENS		69	-0.3040656	-1.1618879	0.1388889	0.8653589	1.0	2139	tags=17%, list=9%, signal=19%	
ZNF598 AND THE RIBOSOME-ASSOCIATED QUALITY TRIGGER (RQT) COMPLEX DISSOCIATE A RIBOSOME STALLED ON A NO-GO MRNA%REACTOME DATABASE ID RELEASE 95%9954716	ZNF598 AND THE RIBOSOME-ASSOCIATED QUALITY TRIGGER (RQT) COMPLEX DISSOCIATE A RIBOSOME STALLED ON A NO-GO MRNA%REACTOME DATABASE ID RELEASE 95%9954716		95	-0.28847915	-1.1615366	0.11111111	0.864863	1.0	6117	tags=36%, list=25%, signal=48%	
EXPORT ACROSS PLASMA MEMBRANE%GOBP%GO:0140115	EXPORT ACROSS PLASMA MEMBRANE%GOBP%GO:0140115		63	-0.30439934	-1.1602975	0.14673913	0.86822593	1.0	2772	tags=19%, list=11%, signal=21%	
PROTEIN SYNTHESIS: PROLINE%PATHWHIZ%PW113695	PROTEIN SYNTHESIS: PROLINE%PATHWHIZ%PW113695		79	-0.3040437	-1.1602525	0.17575757	0.866353	1.0	6023	tags=35%, list=25%, signal=47%	
MAGNESIUM ION TRANSPORT%GOBP%GO:0015693	MAGNESIUM ION TRANSPORT%GOBP%GO:0015693		17	-0.413322	-1.1599754	0.25762713	0.8654588	1.0	2947	tags=24%, list=12%, signal=27%	
OBSOLETE PROTEIN TARGETING TO MITOCHONDRION%GOBP%GO:0006626	OBSOLETE PROTEIN TARGETING TO MITOCHONDRION%GOBP%GO:0006626		26	-0.37027657	-1.1593665	0.22923589	0.8662159	1.0	3030	tags=27%, list=12%, signal=31%	
REGULATION OF ERYTHROCYTE DIFFERENTIATION%GOBP%GO:0045646	REGULATION OF ERYTHROCYTE DIFFERENTIATION%GOBP%GO:0045646		38	-0.34424946	-1.1593325	0.20229007	0.86433053	1.0	970	tags=13%, list=4%, signal=14%	
REGULATION OF NEURAL PRECURSOR CELL PROLIFERATION%GOBP%GO:2000177	REGULATION OF NEURAL PRECURSOR CELL PROLIFERATION%GOBP%GO:2000177		42	-0.32644692	-1.158542	0.1983471	0.8657983	1.0	3016	tags=26%, list=12%, signal=30%	
REGULATION OF PD-L1(CD274) EXPRESSION%REACTOME%R-HSA-9909648.1	REGULATION OF PD-L1(CD274) EXPRESSION%REACTOME%R-HSA-9909648.1		162	-0.27177867	-1.158022	0.12	0.86620426	1.0	2925	tags=22%, list=12%, signal=24%	
NEGATIVE REGULATION OF HYDROLASE ACTIVITY%GOBP%GO:0051346	NEGATIVE REGULATION OF HYDROLASE ACTIVITY%GOBP%GO:0051346		30	-0.34805527	-1.1571039	0.17670682	0.8681876	1.0	703	tags=17%, list=3%, signal=17%	
RESPONSE TO ALKALOID%GOBP%GO:0043279	RESPONSE TO ALKALOID%GOBP%GO:0043279		24	-0.37562534	-1.1564285	0.23129252	0.86922336	1.0	938	tags=17%, list=4%, signal=17%	
NUCLEOTIDE-SUGAR BIOSYNTHETIC PROCESS%GOBP%GO:0009226	NUCLEOTIDE-SUGAR BIOSYNTHETIC PROCESS%GOBP%GO:0009226		26	-0.3716203	-1.1547754	0.23791821	0.8745218	1.0	1867	tags=19%, list=8%, signal=21%	
PROTEASOMAL UBIQUITIN-INDEPENDENT PROTEIN CATABOLIC PROCESS%GOBP%GO:0010499	PROTEASOMAL UBIQUITIN-INDEPENDENT PROTEIN CATABOLIC PROCESS%GOBP%GO:0010499		19	-0.40581062	-1.1544135	0.24333334	0.87398136	1.0	4658	tags=42%, list=19%, signal=52%	
REGULATION OF HSF1-MEDIATED HEAT SHOCK RESPONSE%REACTOME DATABASE ID RELEASE 95%3371453	REGULATION OF HSF1-MEDIATED HEAT SHOCK RESPONSE%REACTOME DATABASE ID RELEASE 95%3371453		67	-0.2975505	-1.1540673	0.17127071	0.873444	1.0	2157	tags=15%, list=9%, signal=16%	
AMINO ACID IMPORT ACROSS PLASMA MEMBRANE%GOBP%GO:0089718	AMINO ACID IMPORT ACROSS PLASMA MEMBRANE%GOBP%GO:0089718		38	-0.34192964	-1.1537683	0.20689656	0.8727788	1.0	1702	tags=18%, list=7%, signal=20%	
PROTEIN SYNTHESIS: VALINE%PATHWHIZ%PW120528	PROTEIN SYNTHESIS: VALINE%PATHWHIZ%PW120528		79	-0.29333732	-1.1537241	0.12568305	0.8709663	1.0	6023	tags=35%, list=25%, signal=47%	
CYTOPLASMIC TRANSLATION%GOBP%GO:0002181	CYTOPLASMIC TRANSLATION%GOBP%GO:0002181		164	-0.2600629	-1.1536459	0.067567565	0.869319	1.0	5877	tags=34%, list=24%, signal=45%	
ANDROGENRECEPTOR%IOB%ANDROGENRECEPTOR	ANDROGENRECEPTOR%IOB%ANDROGENRECEPTOR		92	-0.2864514	-1.1528478	0.1513158	0.87086684	1.0	2363	tags=17%, list=10%, signal=19%	
INTERMEDIATE FILAMENT CYTOSKELETON ORGANIZATION%GOBP%GO:0045104	INTERMEDIATE FILAMENT CYTOSKELETON ORGANIZATION%GOBP%GO:0045104		84	-0.29113203	-1.1516275	0.16447368	0.8743421	1.0	2803	tags=17%, list=11%, signal=19%	
NOTCH%NETPATH%NOTCH	NOTCH%NETPATH%NOTCH		46	-0.32238647	-1.1498336	0.19634703	0.8799858	1.0	2336	tags=15%, list=10%, signal=17%	
ENDOPLASMIC RETICULUM TO GOLGI VESICLE-MEDIATED TRANSPORT%GOBP%GO:0006888	ENDOPLASMIC RETICULUM TO GOLGI VESICLE-MEDIATED TRANSPORT%GOBP%GO:0006888		118	-0.27449915	-1.1497536	0.115384616	0.87837446	1.0	2959	tags=24%, list=12%, signal=27%	
NUCLEUS LOCALIZATION%GOBP%GO:0051647	NUCLEUS LOCALIZATION%GOBP%GO:0051647		25	-0.37066576	-1.1493235	0.24354243	0.8783469	1.0	2689	tags=20%, list=11%, signal=22%	
NEGATIVE REGULATION OF OSSIFICATION%GOBP%GO:0030279	NEGATIVE REGULATION OF OSSIFICATION%GOBP%GO:0030279		34	-0.3509538	-1.1491944	0.22175732	0.8769085	1.0	4636	tags=41%, list=19%, signal=51%	
REGULATION OF CARDIOCYTE DIFFERENTIATION%GOBP%GO:1905207	REGULATION OF CARDIOCYTE DIFFERENTIATION%GOBP%GO:1905207		21	-0.38843593	-1.1479528	0.25622776	0.8803465	1.0	3757	tags=29%, list=15%, signal=34%	
OLIGODENDROCYTE SPECIFICATION AND DIFFERENTIATION LEADING TO MYELIN COMPONENTS FOR CNS%WIKIPATHWAYS_20260211%WP4304%HOMO SAPIENS	OLIGODENDROCYTE SPECIFICATION AND DIFFERENTIATION LEADING TO MYELIN COMPONENTS FOR CNS%WIKIPATHWAYS_20260211%WP4304%HOMO SAPIENS		26	-0.36519778	-1.1479015	0.25177306	0.87857693	1.0	2040	tags=15%, list=8%, signal=17%	
CELLULAR RESPONSE TO HYPOXIA%REACTOME DATABASE ID RELEASE 95%1234174	CELLULAR RESPONSE TO HYPOXIA%REACTOME DATABASE ID RELEASE 95%1234174		62	-0.30536687	-1.147462	0.1904762	0.8785715	1.0	4690	tags=32%, list=19%, signal=40%	
PROTEIN SYNTHESIS: THREONINE%PATHWHIZ%PW120525	PROTEIN SYNTHESIS: THREONINE%PATHWHIZ%PW120525		79	-0.2946489	-1.1463133	0.13793103	0.8816765	1.0	6023	tags=35%, list=25%, signal=47%	
REGULATION OF APC C ACTIVATORS BETWEEN G1 S AND EARLY ANAPHASE%REACTOME DATABASE ID RELEASE 95%176408	REGULATION OF APC C ACTIVATORS BETWEEN G1 S AND EARLY ANAPHASE%REACTOME DATABASE ID RELEASE 95%176408		68	-0.29558104	-1.1460664	0.19125684	0.8807509	1.0	4690	tags=35%, list=19%, signal=44%	
PCP CE PATHWAY%REACTOME%R-HSA-4086400.4	PCP CE PATHWAY%REACTOME%R-HSA-4086400.4		79	-0.29121587	-1.146026	0.16438356	0.87895167	1.0	4658	tags=35%, list=19%, signal=44%	
CS-GAG BIOSYNTHESIS%REACTOME DATABASE ID RELEASE 95%2022870	CS-GAG BIOSYNTHESIS%REACTOME DATABASE ID RELEASE 95%2022870		20	-0.39543712	-1.1441482	0.2739726	0.88533235	1.0	954	tags=15%, list=4%, signal=16%	
POSITIVE REGULATION OF SMOOTHENED SIGNALING PATHWAY%GOBP%GO:0045880	POSITIVE REGULATION OF SMOOTHENED SIGNALING PATHWAY%GOBP%GO:0045880		22	-0.384039	-1.1437141	0.22525597	0.885277	1.0	4119	tags=36%, list=17%, signal=44%	
TRAF6-MEDIATED INDUCTION OF TAK1 COMPLEX WITHIN TLR4 COMPLEX%REACTOME%R-HSA-937072.4	TRAF6-MEDIATED INDUCTION OF TAK1 COMPLEX WITHIN TLR4 COMPLEX%REACTOME%R-HSA-937072.4		15	-0.42552972	-1.1431327	0.25958702	0.88593835	1.0	2246	tags=27%, list=9%, signal=29%	
AFFECTED PATHWAYS IN DUCHENNE MUSCULAR DYSTROPHY%WIKIPATHWAYS_20260211%WP5356%HOMO SAPIENS	AFFECTED PATHWAYS IN DUCHENNE MUSCULAR DYSTROPHY%WIKIPATHWAYS_20260211%WP5356%HOMO SAPIENS		59	-0.3033656	-1.1429816	0.17410715	0.88464767	1.0	3872	tags=31%, list=16%, signal=36%	
MAPK TARGETS  NUCLEAR EVENTS MEDIATED BY MAP KINASES%REACTOME%R-HSA-450282.3	MAPK TARGETS  NUCLEAR EVENTS MEDIATED BY MAP KINASES%REACTOME%R-HSA-450282.3		30	-0.35012907	-1.1426028	0.27058825	0.88424176	1.0	3454	tags=27%, list=14%, signal=31%	
RRNA TRANSCRIPTION%GOBP%GO:0009303	RRNA TRANSCRIPTION%GOBP%GO:0009303		29	-0.3518579	-1.1416159	0.24242425	0.88674515	1.0	6370	tags=45%, list=26%, signal=61%	
INTEGRATED STRESS RESPONSE SIGNALING%GOBP%GO:0140467	INTEGRATED STRESS RESPONSE SIGNALING%GOBP%GO:0140467		37	-0.33758715	-1.1415523	0.21839081	0.885084	1.0	5312	tags=32%, list=22%, signal=41%	
REGULATION OF PTEN STABILITY AND ACTIVITY%REACTOME%R-HSA-8948751.3	REGULATION OF PTEN STABILITY AND ACTIVITY%REACTOME%R-HSA-8948751.3		56	-0.30681983	-1.1398216	0.24378109	0.89089113	1.0	4658	tags=32%, list=19%, signal=40%	
ORGANIC CATION TRANSPORT%GOBP%GO:0015695	ORGANIC CATION TRANSPORT%GOBP%GO:0015695		86	-0.28148314	-1.1393633	0.16783217	0.8908946	1.0	1906	tags=19%, list=8%, signal=20%	
SUPERPATHWAY OF PYRIMIDINE DEOXYRIBONUCLEOSIDE SALVAGE%BIOCYC%PWY-7200	SUPERPATHWAY OF PYRIMIDINE DEOXYRIBONUCLEOSIDE SALVAGE%BIOCYC%PWY-7200		15	-0.42841145	-1.1391671	0.27672955	0.8898068	1.0	2123	tags=20%, list=9%, signal=22%	
STABILIZATION OF P53%REACTOME DATABASE ID RELEASE 95%69541	STABILIZATION OF P53%REACTOME DATABASE ID RELEASE 95%69541		44	-0.32214963	-1.138271	0.24090908	0.8918897	1.0	4658	tags=39%, list=19%, signal=48%	
ENDOCHONDRAL BONE MORPHOGENESIS%GOBP%GO:0060350	ENDOCHONDRAL BONE MORPHOGENESIS%GOBP%GO:0060350		19	-0.3796738	-1.1380695	0.26845637	0.8909122	1.0	332	tags=11%, list=1%, signal=11%	
PROTEIN INSERTION INTO ER MEMBRANE%GOBP%GO:0045048	PROTEIN INSERTION INTO ER MEMBRANE%GOBP%GO:0045048		31	-0.3493186	-1.1376635	0.23297492	0.89087087	1.0	5069	tags=45%, list=21%, signal=57%	
CO-INHIBITION BY CTLA4%REACTOME DATABASE ID RELEASE 95%389513	CO-INHIBITION BY CTLA4%REACTOME DATABASE ID RELEASE 95%389513		20	-0.38693193	-1.1365469	0.267101	0.893821	1.0	3454	tags=35%, list=14%, signal=41%	
GAP-FILLING DNA REPAIR SYNTHESIS AND LIGATION IN GG-NER%REACTOME DATABASE ID RELEASE 95%5696397	GAP-FILLING DNA REPAIR SYNTHESIS AND LIGATION IN GG-NER%REACTOME DATABASE ID RELEASE 95%5696397		25	-0.36495274	-1.1357938	0.20701754	0.89520705	1.0	5676	tags=44%, list=23%, signal=57%	
MATURATION OF LSU-RRNA FROM TRICISTRONIC RRNA TRANSCRIPT (SSU-RRNA, 5.8S RRNA, LSU-RRNA)%GOBP%GO:0000463	MATURATION OF LSU-RRNA FROM TRICISTRONIC RRNA TRANSCRIPT (SSU-RRNA, 5.8S RRNA, LSU-RRNA)%GOBP%GO:0000463		22	-0.37325367	-1.1350269	0.2597865	0.8965937	1.0	2671	tags=23%, list=11%, signal=25%	
FORMATION OF PARAXIAL MESODERM%REACTOME%R-HSA-9793380.5	FORMATION OF PARAXIAL MESODERM%REACTOME%R-HSA-9793380.5		59	-0.30723873	-1.1346494	0.21333334	0.8963805	1.0	4409	tags=32%, list=18%, signal=39%	
CDC20:PHOSPHO-APC C MEDIATED DEGRADATION OF CYCLIN A%REACTOME DATABASE ID RELEASE 95%174184	CDC20:PHOSPHO-APC C MEDIATED DEGRADATION OF CYCLIN A%REACTOME DATABASE ID RELEASE 95%174184		60	-0.30658153	-1.1341355	0.24778761	0.8968058	1.0	4690	tags=38%, list=19%, signal=47%	
WNT5A-DEPENDENT INTERNALIZATION OF FZD4%REACTOME%R-HSA-5099900.2	WNT5A-DEPENDENT INTERNALIZATION OF FZD4%REACTOME%R-HSA-5099900.2		15	-0.42545888	-1.1336056	0.2703583	0.8973451	1.0	1796	tags=20%, list=7%, signal=22%	
PROTEIN SYNTHESIS: ALANINE%PATHWHIZ%PW101384	PROTEIN SYNTHESIS: ALANINE%PATHWHIZ%PW101384		79	-0.28562507	-1.1330355	0.16969697	0.8979819	1.0	6023	tags=34%, list=25%, signal=45%	
AMINOGLYCAN BIOSYNTHETIC PROCESS%GOBP%GO:0006023	AMINOGLYCAN BIOSYNTHETIC PROCESS%GOBP%GO:0006023		29	-0.3474341	-1.1319761	0.25597268	0.9010167	1.0	1980	tags=17%, list=8%, signal=19%	
POSITIVE REGULATION OF PROTEIN UBIQUITINATION%GOBP%GO:0031398	POSITIVE REGULATION OF PROTEIN UBIQUITINATION%GOBP%GO:0031398		84	-0.28376102	-1.130648	0.18367347	0.90500015	1.0	5886	tags=40%, list=24%, signal=53%	
REGULATION OF EXPRESSION AND FUNCTION OF TYPE I CLASSICAL CADHERINS%REACTOME DATABASE ID RELEASE 95%9764274	REGULATION OF EXPRESSION AND FUNCTION OF TYPE I CLASSICAL CADHERINS%REACTOME DATABASE ID RELEASE 95%9764274		163	-0.25907728	-1.1305567	0.10638298	0.9034613	1.0	2925	tags=21%, list=12%, signal=24%	
PROTEIN SYNTHESIS: CYSTEINE%PATHWHIZ%PW112918	PROTEIN SYNTHESIS: CYSTEINE%PATHWHIZ%PW112918		79	-0.2849049	-1.1304536	0.13664596	0.9020591	1.0	6023	tags=34%, list=25%, signal=45%	
PID_LYSOPHOSPHOLIPID_PATHWAY%MSIGDB_C2%PID_LYSOPHOSPHOLIPID_PATHWAY	PID_LYSOPHOSPHOLIPID_PATHWAY%MSIGDB_C2%PID_LYSOPHOSPHOLIPID_PATHWAY		50	-0.31038588	-1.1288612	0.23529412	0.90738165	1.0	1396	tags=12%, list=6%, signal=13%	
REGULATION OF CDH1 EXPRESSION AND FUNCTION%REACTOME DATABASE ID RELEASE 95%9764265	REGULATION OF CDH1 EXPRESSION AND FUNCTION%REACTOME DATABASE ID RELEASE 95%9764265		163	-0.25907728	-1.1288153	0.093023255	0.9057007	1.0	2925	tags=21%, list=12%, signal=24%	
REGULATION OF HOMOTYPIC CELL-CELL ADHESION%REACTOME DATABASE ID RELEASE 95%9759476	REGULATION OF HOMOTYPIC CELL-CELL ADHESION%REACTOME DATABASE ID RELEASE 95%9759476		178	-0.25606725	-1.1281788	0.10227273	0.9066785	1.0	2925	tags=20%, list=12%, signal=22%	
ALPHA6BETA4INTEGRIN%NETPATH%ALPHA6BETA4INTEGRIN	ALPHA6BETA4INTEGRIN%NETPATH%ALPHA6BETA4INTEGRIN		55	-0.29963285	-1.1279839	0.2264151	0.90559477	1.0	2701	tags=18%, list=11%, signal=20%	
PID_HIF1_TFPATHWAY%MSIGDB_C2%PID_HIF1_TFPATHWAY	PID_HIF1_TFPATHWAY%MSIGDB_C2%PID_HIF1_TFPATHWAY		46	-0.3148889	-1.1273797	0.21145375	0.9063161	1.0	3849	tags=30%, list=16%, signal=36%	
BIOCARTA_TFF_PATHWAY%MSIGDB_C2%BIOCARTA_TFF_PATHWAY	BIOCARTA_TFF_PATHWAY%MSIGDB_C2%BIOCARTA_TFF_PATHWAY		21	-0.38117605	-1.1270078	0.26190478	0.9060975	1.0	4429	tags=29%, list=18%, signal=35%	
PID_BMP_PATHWAY%MSIGDB_C2%PID_BMP_PATHWAY	PID_BMP_PATHWAY%MSIGDB_C2%PID_BMP_PATHWAY		31	-0.3380291	-1.1263686	0.25882354	0.90703875	1.0	4184	tags=32%, list=17%, signal=39%	
NEGATIVE REGULATION OF SYNCYTIUM FORMATION BY PLASMA MEMBRANE FUSION%GOBP%GO:0034242	NEGATIVE REGULATION OF SYNCYTIUM FORMATION BY PLASMA MEMBRANE FUSION%GOBP%GO:0034242		47	-0.31566325	-1.1243978	0.23394495	0.9139718	1.0	6023	tags=43%, list=25%, signal=56%	
REGULATION OF GLYCOLYTIC PROCESS%GOBP%GO:0006110	REGULATION OF GLYCOLYTIC PROCESS%GOBP%GO:0006110		44	-0.31200424	-1.1232554	0.23444976	0.9170956	1.0	2491	tags=18%, list=10%, signal=20%	
ENERGY RESERVE METABOLIC PROCESS%GOBP%GO:0006112	ENERGY RESERVE METABOLIC PROCESS%GOBP%GO:0006112		42	-0.3126223	-1.1223445	0.224	0.9191427	1.0	2884	tags=17%, list=12%, signal=19%	
PRIMARY FOCAL SEGMENTAL GLOMERULOSCLEROSIS FSGS %WIKIPATHWAYS_20260211%WP2572%HOMO SAPIENS	PRIMARY FOCAL SEGMENTAL GLOMERULOSCLEROSIS FSGS %WIKIPATHWAYS_20260211%WP2572%HOMO SAPIENS		60	-0.29969716	-1.1220784	0.23756906	0.91841984	1.0	2805	tags=25%, list=11%, signal=28%	
REGULATION OF HORMONE BIOSYNTHETIC PROCESS%GOBP%GO:0046885	REGULATION OF HORMONE BIOSYNTHETIC PROCESS%GOBP%GO:0046885		17	-0.39688107	-1.1219213	0.2857143	0.9172258	1.0	3520	tags=24%, list=14%, signal=27%	
CELLULAR RESPONSE TO OXYGEN LEVELS%GOBP%GO:0071453	CELLULAR RESPONSE TO OXYGEN LEVELS%GOBP%GO:0071453		90	-0.27849397	-1.1213951	0.16176471	0.91759837	1.0	5051	tags=34%, list=21%, signal=43%	
POSITIVE REGULATION OF RAS PROTEIN SIGNAL TRANSDUCTION%GOBP%GO:0046579	POSITIVE REGULATION OF RAS PROTEIN SIGNAL TRANSDUCTION%GOBP%GO:0046579		20	-0.36742148	-1.1204286	0.27333334	0.9200966	1.0	2047	tags=25%, list=8%, signal=27%	
PID_P75_NTR_PATHWAY%MSIGDB_C2%PID_P75_NTR_PATHWAY	PID_P75_NTR_PATHWAY%MSIGDB_C2%PID_P75_NTR_PATHWAY		55	-0.30349252	-1.1198788	0.21827412	0.9206556	1.0	1481	tags=15%, list=6%, signal=15%	
ENDOPLASMIC RETICULUM CALCIUM ION HOMEOSTASIS%GOBP%GO:0032469	ENDOPLASMIC RETICULUM CALCIUM ION HOMEOSTASIS%GOBP%GO:0032469		22	-0.3661003	-1.1191788	0.3057554	0.92189527	1.0	1873	tags=18%, list=8%, signal=20%	
MITOTIC CHROMOSOME CONDENSATION%GOBP%GO:0007076	MITOTIC CHROMOSOME CONDENSATION%GOBP%GO:0007076		16	-0.4170629	-1.1190242	0.30744338	0.920685	1.0	5631	tags=56%, list=23%, signal=73%	
NEGATIVE REGULATION OF DNA-TEMPLATED TRANSCRIPTION, ELONGATION%GOBP%GO:0032785	NEGATIVE REGULATION OF DNA-TEMPLATED TRANSCRIPTION, ELONGATION%GOBP%GO:0032785		23	-0.36049575	-1.1184505	0.2736842	0.92142004	1.0	3599	tags=30%, list=15%, signal=36%	
PROTEIN SYNTHESIS: HISTIDINE%PATHWHIZ%PW112929	PROTEIN SYNTHESIS: HISTIDINE%PATHWHIZ%PW112929		79	-0.28124052	-1.1180844	0.22619048	0.92121726	1.0	6023	tags=34%, list=25%, signal=45%	
PROTEIN HETEROOLIGOMERIZATION%GOBP%GO:0051291	PROTEIN HETEROOLIGOMERIZATION%GOBP%GO:0051291		21	-0.3772235	-1.1180116	0.29180327	0.9196543	1.0	2467	tags=33%, list=10%, signal=37%	
CELL DIFFERENTIATION IN SPINAL CORD%GOBP%GO:0021515	CELL DIFFERENTIATION IN SPINAL CORD%GOBP%GO:0021515		15	-0.4232615	-1.1177903	0.29641694	0.91875917	1.0	1294	tags=20%, list=5%, signal=21%	
REGULATION OF RESPONSE TO FOOD%GOBP%GO:0032095	REGULATION OF RESPONSE TO FOOD%GOBP%GO:0032095		19	-0.38540152	-1.1167283	0.2986111	0.9219308	1.0	172	tags=16%, list=1%, signal=16%	
VESICLE COATING%GOBP%GO:0006901	VESICLE COATING%GOBP%GO:0006901		35	-0.3369924	-1.1132431	0.2820513	0.9356736	1.0	2308	tags=20%, list=9%, signal=22%	
BIOCARTA_ATM_PATHWAY%MSIGDB_C2%BIOCARTA_ATM_PATHWAY	BIOCARTA_ATM_PATHWAY%MSIGDB_C2%BIOCARTA_ATM_PATHWAY		17	-0.40094525	-1.1130527	0.26785713	0.9346807	1.0	2737	tags=24%, list=11%, signal=26%	
REGULATION OF TRIGLYCERIDE BIOSYNTHETIC PROCESS%GOBP%GO:0010866	REGULATION OF TRIGLYCERIDE BIOSYNTHETIC PROCESS%GOBP%GO:0010866		17	-0.3913192	-1.1129022	0.29491526	0.9334947	1.0	3558	tags=29%, list=15%, signal=34%	
HEDGEHOG 'ON' STATE%REACTOME%R-HSA-5632684.2	HEDGEHOG 'ON' STATE%REACTOME%R-HSA-5632684.2		71	-0.2839239	-1.1127249	0.20212767	0.9323196	1.0	4409	tags=34%, list=18%, signal=41%	
ACTIVATION OF APC C AND APC C:CDC20 MEDIATED DEGRADATION OF MITOTIC PROTEINS%REACTOME DATABASE ID RELEASE 95%176814	ACTIVATION OF APC C AND APC C:CDC20 MEDIATED DEGRADATION OF MITOTIC PROTEINS%REACTOME DATABASE ID RELEASE 95%176814		64	-0.28829128	-1.1118001	0.20555556	0.93459976	1.0	4690	tags=36%, list=19%, signal=44%	
CANONICAL GLYCOLYSIS%GOBP%GO:0061621	CANONICAL GLYCOLYSIS%GOBP%GO:0061621		18	-0.39020273	-1.111756	0.2885246	0.9329375	1.0	2052	tags=28%, list=8%, signal=30%	
PID_SMAD2_3NUCLEAR_PATHWAY%MSIGDB_C2%PID_SMAD2_3NUCLEAR_PATHWAY	PID_SMAD2_3NUCLEAR_PATHWAY%MSIGDB_C2%PID_SMAD2_3NUCLEAR_PATHWAY		66	-0.2858099	-1.1115513	0.27325583	0.93201303	1.0	4733	tags=26%, list=19%, signal=32%	
CIRCADIAN CLOCK%REACTOME DATABASE ID RELEASE 95%9909396	CIRCADIAN CLOCK%REACTOME DATABASE ID RELEASE 95%9909396		108	-0.2653739	-1.1111902	0.21641791	0.9318446	1.0	5481	tags=36%, list=22%, signal=46%	
DIENCEPHALON DEVELOPMENT%GOBP%GO:0021536	DIENCEPHALON DEVELOPMENT%GOBP%GO:0021536		21	-0.3762378	-1.1105618	0.3125	0.932976	1.0	4315	tags=43%, list=18%, signal=52%	
ALPHA-AMINO ACID BIOSYNTHETIC PROCESS%GOBP%GO:1901607	ALPHA-AMINO ACID BIOSYNTHETIC PROCESS%GOBP%GO:1901607		40	-0.3198285	-1.1099703	0.2857143	0.9337887	1.0	3892	tags=33%, list=16%, signal=39%	
TRANSLESION SYNTHESIS BY POLK%REACTOME%R-HSA-5655862.2	TRANSLESION SYNTHESIS BY POLK%REACTOME%R-HSA-5655862.2		17	-0.39105818	-1.1099564	0.3028169	0.9320041	1.0	3772	tags=29%, list=15%, signal=35%	
TRANSLESION SYNTHESIS BY REV1%REACTOME%R-HSA-110312.3	TRANSLESION SYNTHESIS BY REV1%REACTOME%R-HSA-110312.3		16	-0.41056743	-1.1099147	0.31683168	0.93036485	1.0	3772	tags=31%, list=15%, signal=37%	
REGULATION OF CDH1 FUNCTION%REACTOME%R-HSA-9764561.1	REGULATION OF CDH1 FUNCTION%REACTOME%R-HSA-9764561.1		53	-0.30481538	-1.1093838	0.24017467	0.9309866	1.0	4658	tags=34%, list=19%, signal=42%	
REGULATION OF GRANULOCYTE MACROPHAGE COLONY-STIMULATING FACTOR PRODUCTION%GOBP%GO:0032645	REGULATION OF GRANULOCYTE MACROPHAGE COLONY-STIMULATING FACTOR PRODUCTION%GOBP%GO:0032645		15	-0.40478435	-1.1088747	0.28289473	0.9314546	1.0	622	tags=13%, list=3%, signal=14%	
REGULATION OF NUCLEOTIDE CATABOLIC PROCESS%GOBP%GO:0030811	REGULATION OF NUCLEOTIDE CATABOLIC PROCESS%GOBP%GO:0030811		44	-0.31200424	-1.107061	0.24050634	0.93810683	1.0	2491	tags=18%, list=10%, signal=20%	
CIRCADIAN REGULATION OF GENE EXPRESSION%GOBP%GO:0032922	CIRCADIAN REGULATION OF GENE EXPRESSION%GOBP%GO:0032922		65	-0.28848407	-1.1065214	0.23163842	0.93858993	1.0	3547	tags=23%, list=14%, signal=27%	
DEGRADATION OF CDH1%REACTOME DATABASE ID RELEASE 95%9766229	DEGRADATION OF CDH1%REACTOME DATABASE ID RELEASE 95%9766229		52	-0.305407	-1.1064885	0.2753623	0.9368526	1.0	4658	tags=35%, list=19%, signal=43%	
CROSS-PRESENTATION OF SOLUBLE EXOGENOUS ANTIGENS (ENDOSOMES)%REACTOME DATABASE ID RELEASE 95%1236978	CROSS-PRESENTATION OF SOLUBLE EXOGENOUS ANTIGENS (ENDOSOMES)%REACTOME DATABASE ID RELEASE 95%1236978		41	-0.32632732	-1.1064037	0.23552124	0.93542635	1.0	4658	tags=37%, list=19%, signal=45%	
PEPTIDE CHAIN ELONGATION%REACTOME%R-HSA-156902.4	PEPTIDE CHAIN ELONGATION%REACTOME%R-HSA-156902.4		89	-0.2749691	-1.1059363	0.20394737	0.9355843	1.0	6117	tags=35%, list=25%, signal=46%	
RENAL FILTRATION%GOBP%GO:0097205	RENAL FILTRATION%GOBP%GO:0097205		16	-0.4011878	-1.1051936	0.31861198	0.9371617	1.0	2658	tags=38%, list=11%, signal=42%	
APC C:CDH1 MEDIATED DEGRADATION OF CDC20 AND OTHER APC C:CDH1 TARGETED PROTEINS IN LATE MITOSIS EARLY G1%REACTOME DATABASE ID RELEASE 95%174178	APC C:CDH1 MEDIATED DEGRADATION OF CDC20 AND OTHER APC C:CDH1 TARGETED PROTEINS IN LATE MITOSIS EARLY G1%REACTOME DATABASE ID RELEASE 95%174178		61	-0.28814197	-1.1044734	0.21105528	0.9386428	1.0	4690	tags=36%, list=19%, signal=44%	
HALLMARK_UV_RESPONSE_UP%MSIGDBHALLMARK%HALLMARK_UV_RESPONSE_UP	HALLMARK_UV_RESPONSE_UP%MSIGDBHALLMARK%HALLMARK_UV_RESPONSE_UP		130	-0.26465598	-1.1035706	0.18691589	0.9407983	1.0	4563	tags=25%, list=19%, signal=31%	
PROTEIN SYNTHESIS: GLUTAMINE%SMPDB%SMP0111862	PROTEIN SYNTHESIS: GLUTAMINE%SMPDB%SMP0111862		79	-0.2773974	-1.1029459	0.20467836	0.94184613	1.0	6023	tags=34%, list=25%, signal=45%	
U12 DEPENDENT SPLICING%REACTOME%R-HSA-72165.3	U12 DEPENDENT SPLICING%REACTOME%R-HSA-72165.3		50	-0.29884705	-1.1027461	0.27234042	0.94088846	1.0	4627	tags=34%, list=19%, signal=42%	
MBDNF AND PROBDNF REGULATION OF GABA NEUROTRANSMISSION%WIKIPATHWAYS_20260211%WP4829%HOMO SAPIENS	MBDNF AND PROBDNF REGULATION OF GABA NEUROTRANSMISSION%WIKIPATHWAYS_20260211%WP4829%HOMO SAPIENS		31	-0.32794338	-1.1025759	0.24489796	0.9398556	1.0	1382	tags=13%, list=6%, signal=14%	
CELLULAR RESPONSE TO HEAT STRESS%REACTOME DATABASE ID RELEASE 95%3371556	CELLULAR RESPONSE TO HEAT STRESS%REACTOME DATABASE ID RELEASE 95%3371556		87	-0.2736702	-1.1025602	0.19496855	0.9381129	1.0	2956	tags=17%, list=12%, signal=20%	
REGULATION OF MRNA STABILITY BY PROTEINS THAT BIND AU-RICH ELEMENTS%REACTOME%R-HSA-450531.6	REGULATION OF MRNA STABILITY BY PROTEINS THAT BIND AU-RICH ELEMENTS%REACTOME%R-HSA-450531.6		73	-0.2857789	-1.1016694	0.24064171	0.94035935	1.0	5101	tags=38%, list=21%, signal=48%	
RESPONSE TO MISFOLDED PROTEIN%GOBP%GO:0051788	RESPONSE TO MISFOLDED PROTEIN%GOBP%GO:0051788		19	-0.38341874	-1.1016403	0.27719298	0.9386691	1.0	4137	tags=37%, list=17%, signal=44%	
FGF SIGNALING PATHWAY%PATHWAY INTERACTION DATABASE NCI-NATURE CURATED DATA%FGF SIGNALING PATHWAY	FGF SIGNALING PATHWAY%PATHWAY INTERACTION DATABASE NCI-NATURE CURATED DATA%FGF SIGNALING PATHWAY		46	-0.3055028	-1.1015793	0.24456522	0.93710345	1.0	1396	tags=15%, list=6%, signal=16%	
PROTEIN LOCALIZATION TO SITE OF DOUBLE-STRAND BREAK%GOBP%GO:1990166	PROTEIN LOCALIZATION TO SITE OF DOUBLE-STRAND BREAK%GOBP%GO:1990166		15	-0.41058585	-1.0976809	0.30448717	0.9529271	1.0	2061	tags=20%, list=8%, signal=22%	
ACTIVATION OF BH3-ONLY PROTEINS%REACTOME DATABASE ID RELEASE 95%114452	ACTIVATION OF BH3-ONLY PROTEINS%REACTOME DATABASE ID RELEASE 95%114452		30	-0.33081242	-1.0975736	0.29237288	0.9516286	1.0	2400	tags=23%, list=10%, signal=26%	
POSITIVE REGULATION OF PROTEOLYSIS%GOBP%GO:0045862	POSITIVE REGULATION OF PROTEOLYSIS%GOBP%GO:0045862		61	-0.29691255	-1.0960042	0.26404494	0.9569292	1.0	2106	tags=18%, list=9%, signal=20%	
REGULATION OF PURINE NUCLEOTIDE CATABOLIC PROCESS%GOBP%GO:0033121	REGULATION OF PURINE NUCLEOTIDE CATABOLIC PROCESS%GOBP%GO:0033121		44	-0.31200424	-1.0955338	0.24884793	0.9573434	1.0	2491	tags=18%, list=10%, signal=20%	
NEURAL CREST CELL MIGRATION DURING DEVELOPMENT%WIKIPATHWAYS_20260211%WP4564%HOMO SAPIENS	NEURAL CREST CELL MIGRATION DURING DEVELOPMENT%WIKIPATHWAYS_20260211%WP4564%HOMO SAPIENS		28	-0.34124082	-1.0952904	0.32830188	0.95662135	1.0	1488	tags=18%, list=6%, signal=19%	
GLUCOSE CATABOLIC PROCESS TO PYRUVATE%GOBP%GO:0061718	GLUCOSE CATABOLIC PROCESS TO PYRUVATE%GOBP%GO:0061718		18	-0.39020273	-1.0952079	0.31921825	0.95520973	1.0	2052	tags=28%, list=8%, signal=30%	
SIGNALING BY NTRK1 (TRKA)%REACTOME%R-HSA-187037.4	SIGNALING BY NTRK1 (TRKA)%REACTOME%R-HSA-187037.4		111	-0.26228786	-1.094864	0.18181819	0.95498955	1.0	903	tags=8%, list=4%, signal=8%	
SARCOMERE ORGANIZATION%GOBP%GO:0045214	SARCOMERE ORGANIZATION%GOBP%GO:0045214		36	-0.3277503	-1.0943644	0.25	0.9555206	1.0	2110	tags=19%, list=9%, signal=21%	
GLYCOLYTIC PROCESS THROUGH FRUCTOSE-6-PHOSPHATE%GOBP%GO:0061615	GLYCOLYTIC PROCESS THROUGH FRUCTOSE-6-PHOSPHATE%GOBP%GO:0061615		19	-0.37774488	-1.0942445	0.29354838	0.954274	1.0	2052	tags=26%, list=8%, signal=29%	
REGULATION OF HIPPO SIGNALING%GOBP%GO:0035330	REGULATION OF HIPPO SIGNALING%GOBP%GO:0035330		45	-0.30866733	-1.0936613	0.2735426	0.955174	1.0	3454	tags=22%, list=14%, signal=26%	
INTERACTIONS BETWEEN LOXL4 AND OXIDATIVE STRESS PATHWAY%WIKIPATHWAYS_20260211%WP3670%HOMO SAPIENS	INTERACTIONS BETWEEN LOXL4 AND OXIDATIVE STRESS PATHWAY%WIKIPATHWAYS_20260211%WP3670%HOMO SAPIENS		16	-0.3940723	-1.0936556	0.29411766	0.95339894	1.0	2760	tags=19%, list=11%, signal=21%	
DEGRADATION OF BETA-CATENIN BY THE DESTRUCTION COMPLEX%REACTOME%R-HSA-195253.4	DEGRADATION OF BETA-CATENIN BY THE DESTRUCTION COMPLEX%REACTOME%R-HSA-195253.4		70	-0.28290677	-1.0935205	0.21311475	0.9521976	1.0	4409	tags=33%, list=18%, signal=40%	
COLLAGEN FORMATION%REACTOME%R-HSA-1474290.5	COLLAGEN FORMATION%REACTOME%R-HSA-1474290.5		89	-0.2734963	-1.0927088	0.19480519	0.9540978	1.0	2652	tags=17%, list=11%, signal=19%	
SMITH MAGENIS AND POTOCKI LUPSKI SYNDROME COPY NUMBER VARIATION%WIKIPATHWAYS_20260211%WP5381%HOMO SAPIENS	SMITH MAGENIS AND POTOCKI LUPSKI SYNDROME COPY NUMBER VARIATION%WIKIPATHWAYS_20260211%WP5381%HOMO SAPIENS		126	-0.25711325	-1.0912876	0.23300971	0.9587117	1.0	2275	tags=15%, list=9%, signal=17%	
PELO:HBS1L AND ABCE1 DISSOCIATE A RIBOSOME ON A NON-STOP MRNA%REACTOME%R-HSA-9954714.2	PELO:HBS1L AND ABCE1 DISSOCIATE A RIBOSOME ON A NON-STOP MRNA%REACTOME%R-HSA-9954714.2		89	-0.27135044	-1.0904742	0.2556391	0.96054983	1.0	6117	tags=35%, list=25%, signal=46%	
ABC TRANSPORTER DISORDERS%REACTOME%R-HSA-5619084.7	ABC TRANSPORTER DISORDERS%REACTOME%R-HSA-5619084.7		65	-0.2835837	-1.0903236	0.26600984	0.9594952	1.0	4409	tags=31%, list=18%, signal=37%	
TIGHT JUNCTION ORGANIZATION%GOBP%GO:0120193	TIGHT JUNCTION ORGANIZATION%GOBP%GO:0120193		40	-0.32042482	-1.0902443	0.3102041	0.9580853	1.0	1086	tags=10%, list=4%, signal=10%	
PID_RHOA_PATHWAY%MSIGDB_C2%PID_RHOA_PATHWAY	PID_RHOA_PATHWAY%MSIGDB_C2%PID_RHOA_PATHWAY		34	-0.3347068	-1.0891316	0.2931727	0.9613287	1.0	3423	tags=29%, list=14%, signal=34%	
REGULATION OF BONE RESORPTION%GOBP%GO:0045124	REGULATION OF BONE RESORPTION%GOBP%GO:0045124		35	-0.32577038	-1.0889084	0.31153846	0.96059006	1.0	1692	tags=17%, list=7%, signal=18%	
SLC-MEDIATED TRANSPORT OF NEUROTRANSMITTERS%REACTOME%R-HSA-442660.4	SLC-MEDIATED TRANSPORT OF NEUROTRANSMITTERS%REACTOME%R-HSA-442660.4		21	-0.3648005	-1.088762	0.29641694	0.9594659	1.0	3225	tags=19%, list=13%, signal=22%	
ESTROGEN-DEPENDENT GENE EXPRESSION%REACTOME DATABASE ID RELEASE 95%9018519	ESTROGEN-DEPENDENT GENE EXPRESSION%REACTOME DATABASE ID RELEASE 95%9018519		116	-0.2579554	-1.088721	0.21367522	0.9578891	1.0	2296	tags=17%, list=9%, signal=19%	
GENITALIA DEVELOPMENT%GOBP%GO:0048806	GENITALIA DEVELOPMENT%GOBP%GO:0048806		19	-0.38372296	-1.0878805	0.32876712	0.95992684	1.0	4386	tags=32%, list=18%, signal=38%	
VALIDATED NUCLEAR ESTROGEN RECEPTOR ALPHA NETWORK%PATHWAY INTERACTION DATABASE NCI-NATURE CURATED DATA%VALIDATED NUCLEAR ESTROGEN RECEPTOR ALPHA NETWORK	VALIDATED NUCLEAR ESTROGEN RECEPTOR ALPHA NETWORK%PATHWAY INTERACTION DATABASE NCI-NATURE CURATED DATA%VALIDATED NUCLEAR ESTROGEN RECEPTOR ALPHA NETWORK		64	-0.28117222	-1.0857064	0.28342247	0.9683512	1.0	3195	tags=20%, list=13%, signal=23%	
TISSUE REMODELING%GOBP%GO:0048771	TISSUE REMODELING%GOBP%GO:0048771		37	-0.32452345	-1.0851483	0.31349206	0.9690403	1.0	2939	tags=24%, list=12%, signal=28%	
PID_NCADHERIN_PATHWAY%MSIGDB_C2%PID_NCADHERIN_PATHWAY	PID_NCADHERIN_PATHWAY%MSIGDB_C2%PID_NCADHERIN_PATHWAY		29	-0.34023836	-1.0846725	0.3125	0.9693967	1.0	3175	tags=24%, list=13%, signal=28%	
PEXOPHAGY%GOBP%GO:0000425	PEXOPHAGY%GOBP%GO:0000425		16	-0.3898368	-1.0839993	0.33673468	0.9707656	1.0	6033	tags=56%, list=25%, signal=75%	
CYTOPLASMIC TRANSLATIONAL INITIATION%GOBP%GO:0002183	CYTOPLASMIC TRANSLATIONAL INITIATION%GOBP%GO:0002183		37	-0.32636684	-1.0839756	0.31683168	0.96910715	1.0	4713	tags=38%, list=19%, signal=47%	
5-HYDROXYTRYPTAMINE DEGREDATION%PANTHER PATHWAY%P04372	5-HYDROXYTRYPTAMINE DEGREDATION%PANTHER PATHWAY%P04372		18	-0.37230793	-1.0832487	0.3535032	0.9707307	1.0	2229	tags=28%, list=9%, signal=31%	
HORMONE SECRETION%GOBP%GO:0046879	HORMONE SECRETION%GOBP%GO:0046879		36	-0.32176954	-1.0826118	0.31439394	0.97192574	1.0	3654	tags=25%, list=15%, signal=29%	
G PROTEIN-COUPLED GLUTAMATE RECEPTOR SIGNALING PATHWAY%GOBP%GO:0007216	G PROTEIN-COUPLED GLUTAMATE RECEPTOR SIGNALING PATHWAY%GOBP%GO:0007216		15	-0.39636058	-1.0823756	0.32051283	0.9712951	1.0	676	tags=20%, list=3%, signal=21%	
CLEAR CELL RENAL CELL CARCINOMA PATHWAYS%WIKIPATHWAYS_20260211%WP4018%HOMO SAPIENS	CLEAR CELL RENAL CELL CARCINOMA PATHWAYS%WIKIPATHWAYS_20260211%WP4018%HOMO SAPIENS		60	-0.28588343	-1.0823122	0.24742268	0.96986413	1.0	2177	tags=17%, list=9%, signal=18%	
REGULATION OF STRIATED MUSCLE CELL DIFFERENTIATION%GOBP%GO:0051153	REGULATION OF STRIATED MUSCLE CELL DIFFERENTIATION%GOBP%GO:0051153		48	-0.3006634	-1.0812535	0.30172414	0.97288543	1.0	2934	tags=25%, list=12%, signal=28%	
ABC-FAMILY PROTEINS MEDIATED TRANSPORT%REACTOME%R-HSA-382556.6	ABC-FAMILY PROTEINS MEDIATED TRANSPORT%REACTOME%R-HSA-382556.6		90	-0.2644787	-1.0810968	0.24223602	0.971815	1.0	4409	tags=29%, list=18%, signal=35%	
POSITIVE REGULATION OF INSULIN SECRETION%GOBP%GO:0032024	POSITIVE REGULATION OF INSULIN SECRETION%GOBP%GO:0032024		49	-0.29340544	-1.0808102	0.2761905	0.97133344	1.0	2646	tags=16%, list=11%, signal=18%	
LEUCINE ISOLEUCINE AND VALINE METABOLISM%WIKIPATHWAYS_20260211%WP4686%HOMO SAPIENS	LEUCINE ISOLEUCINE AND VALINE METABOLISM%WIKIPATHWAYS_20260211%WP4686%HOMO SAPIENS		16	-0.3933722	-1.0805217	0.31358886	0.97091687	1.0	4260	tags=38%, list=17%, signal=45%	
OMEGA 6 FATTY ACIDS IN SENESCENCE%WIKIPATHWAYS_20260211%WP5424%HOMO SAPIENS	OMEGA 6 FATTY ACIDS IN SENESCENCE%WIKIPATHWAYS_20260211%WP5424%HOMO SAPIENS		29	-0.33010036	-1.0797728	0.328125	0.9726745	1.0	2737	tags=21%, list=11%, signal=23%	
CELL FATE SPECIFICATION%GOBP%GO:0001708	CELL FATE SPECIFICATION%GOBP%GO:0001708		48	-0.3039142	-1.0793273	0.30454546	0.97301733	1.0	3792	tags=21%, list=15%, signal=25%	
RENAL ABSORPTION%GOBP%GO:0070293	RENAL ABSORPTION%GOBP%GO:0070293		27	-0.33488488	-1.0790185	0.3125	0.9726708	1.0	1982	tags=22%, list=8%, signal=24%	
RESPONSE TO DECREASED OXYGEN LEVELS%GOBP%GO:0036293	RESPONSE TO DECREASED OXYGEN LEVELS%GOBP%GO:0036293		139	-0.24770644	-1.0785198	0.2747253	0.9732073	1.0	2802	tags=19%, list=11%, signal=22%	
APC C:CDC20 MEDIATED DEGRADATION OF MITOTIC PROTEINS%REACTOME DATABASE ID RELEASE 95%176409	APC C:CDC20 MEDIATED DEGRADATION OF MITOTIC PROTEINS%REACTOME DATABASE ID RELEASE 95%176409		63	-0.29096824	-1.0776219	0.2984293	0.97571886	1.0	4690	tags=37%, list=19%, signal=45%	
REGULATION OF SKELETAL MUSCLE CONTRACTION%GOBP%GO:0014819	REGULATION OF SKELETAL MUSCLE CONTRACTION%GOBP%GO:0014819		17	-0.36962274	-1.0774368	0.30927834	0.9747758	1.0	706	tags=12%, list=3%, signal=12%	
PID_RB_1PATHWAY%MSIGDB_C2%PID_RB_1PATHWAY	PID_RB_1PATHWAY%MSIGDB_C2%PID_RB_1PATHWAY		58	-0.29013845	-1.0770345	0.2857143	0.97491294	1.0	332	tags=9%, list=1%, signal=9%	
REGULATION OF EXECUTION PHASE OF APOPTOSIS%GOBP%GO:1900117	REGULATION OF EXECUTION PHASE OF APOPTOSIS%GOBP%GO:1900117		18	-0.3665052	-1.0768659	0.31632653	0.9739472	1.0	3358	tags=39%, list=14%, signal=45%	
NEGATIVE REGULATION OF CELL-SUBSTRATE ADHESION%GOBP%GO:0010812	NEGATIVE REGULATION OF CELL-SUBSTRATE ADHESION%GOBP%GO:0010812		55	-0.29649702	-1.0763843	0.28301886	0.97444767	1.0	2952	tags=22%, list=12%, signal=25%	
GLYCOLYTIC PROCESS THROUGH GLUCOSE-6-PHOSPHATE%GOBP%GO:0061620	GLYCOLYTIC PROCESS THROUGH GLUCOSE-6-PHOSPHATE%GOBP%GO:0061620		19	-0.37774488	-1.076049	0.36807817	0.97418517	1.0	2052	tags=26%, list=8%, signal=29%	
HEMATOPOIETIC PROGENITOR CELL DIFFERENTIATION%GOBP%GO:0002244	HEMATOPOIETIC PROGENITOR CELL DIFFERENTIATION%GOBP%GO:0002244		31	-0.33605236	-1.0756273	0.32046333	0.97439593	1.0	4119	tags=32%, list=17%, signal=39%	
RESOLUTION OF ABASIC SITES (AP SITES)%REACTOME DATABASE ID RELEASE 95%73933	RESOLUTION OF ABASIC SITES (AP SITES)%REACTOME DATABASE ID RELEASE 95%73933		36	-0.3141642	-1.075489	0.33744857	0.97330076	1.0	5908	tags=39%, list=24%, signal=51%	
E-CADHERIN SIGNALING IN THE NASCENT ADHERENS JUNCTION%PATHWAY INTERACTION DATABASE NCI-NATURE CURATED DATA%E-CADHERIN SIGNALING IN THE NASCENT ADHERENS JUNCTION	E-CADHERIN SIGNALING IN THE NASCENT ADHERENS JUNCTION%PATHWAY INTERACTION DATABASE NCI-NATURE CURATED DATA%E-CADHERIN SIGNALING IN THE NASCENT ADHERENS JUNCTION		36	-0.3208207	-1.0735587	0.32905984	0.9803945	1.0	4758	tags=33%, list=19%, signal=41%	
RESPONSE TO HYPOXIA%GOBP%GO:0001666	RESPONSE TO HYPOXIA%GOBP%GO:0001666		136	-0.25234672	-1.0735053	0.23728813	0.9789227	1.0	2802	tags=20%, list=11%, signal=22%	
PEPTIDE HORMONE METABOLISM%REACTOME DATABASE ID RELEASE 95%2980736	PEPTIDE HORMONE METABOLISM%REACTOME DATABASE ID RELEASE 95%2980736		85	-0.27331883	-1.073408	0.26875	0.97765064	1.0	1380	tags=13%, list=6%, signal=14%	
DIGESTIVE SYSTEM PROCESS%GOBP%GO:0022600	DIGESTIVE SYSTEM PROCESS%GOBP%GO:0022600		54	-0.289734	-1.0719309	0.2741117	0.9827633	1.0	1810	tags=13%, list=7%, signal=14%	
KEAP1-NFE2L2 PATHWAY%REACTOME%R-HSA-9755511.5	KEAP1-NFE2L2 PATHWAY%REACTOME%R-HSA-9755511.5		112	-0.2560095	-1.0717279	0.2704918	0.9819968	1.0	5479	tags=34%, list=22%, signal=44%	
PROTEIN LOCALIZATION TO PHAGOPHORE ASSEMBLY SITE%GOBP%GO:0034497	PROTEIN LOCALIZATION TO PHAGOPHORE ASSEMBLY SITE%GOBP%GO:0034497		16	-0.3846389	-1.0716181	0.34812286	0.98076576	1.0	6507	tags=50%, list=27%, signal=68%	
REGULATION OF NEUROTRANSMITTER SECRETION%GOBP%GO:0046928	REGULATION OF NEUROTRANSMITTER SECRETION%GOBP%GO:0046928		55	-0.285421	-1.0714928	0.30097088	0.9796518	1.0	2637	tags=20%, list=11%, signal=22%	
NEURAL CREST CELL MIGRATION IN CANCER%WIKIPATHWAYS_20260211%WP4565%HOMO SAPIENS	NEURAL CREST CELL MIGRATION IN CANCER%WIKIPATHWAYS_20260211%WP4565%HOMO SAPIENS		31	-0.33146116	-1.0713016	0.31868133	0.9789167	1.0	1488	tags=16%, list=6%, signal=17%	
BIOCARTA_IGF1_PATHWAY%MSIGDB_C2%BIOCARTA_IGF1_PATHWAY	BIOCARTA_IGF1_PATHWAY%MSIGDB_C2%BIOCARTA_IGF1_PATHWAY		17	-0.37556943	-1.0711054	0.32352942	0.9780758	1.0	1334	tags=18%, list=5%, signal=19%	
PROTEIN SYNTHESIS: ASPARTIC ACID%SMPDB%SMP0111858	PROTEIN SYNTHESIS: ASPARTIC ACID%SMPDB%SMP0111858		79	-0.2739708	-1.070522	0.2742857	0.9791216	1.0	6023	tags=34%, list=25%, signal=45%	
NEGATIVE REGULATION OF EPITHELIAL CELL PROLIFERATION%GOBP%GO:0050680	NEGATIVE REGULATION OF EPITHELIAL CELL PROLIFERATION%GOBP%GO:0050680		84	-0.26800486	-1.0702965	0.26973686	0.9783794	1.0	3082	tags=14%, list=13%, signal=16%	
DECTIN-1 MEDIATED NONCANONICAL NF-KB SIGNALING%REACTOME DATABASE ID RELEASE 95%5607761	DECTIN-1 MEDIATED NONCANONICAL NF-KB SIGNALING%REACTOME DATABASE ID RELEASE 95%5607761		47	-0.2973259	-1.0685488	0.3275862	0.98458433	1.0	4658	tags=36%, list=19%, signal=45%	
ENTRAINMENT OF CIRCADIAN CLOCK BY PHOTOPERIOD%GOBP%GO:0043153	ENTRAINMENT OF CIRCADIAN CLOCK BY PHOTOPERIOD%GOBP%GO:0043153		23	-0.35124305	-1.0685421	0.35357141	0.9829142	1.0	4964	tags=39%, list=20%, signal=49%	
VASCULAR TRANSPORT%GOBP%GO:0010232	VASCULAR TRANSPORT%GOBP%GO:0010232		88	-0.26312193	-1.0675354	0.28030303	0.9859628	1.0	2821	tags=20%, list=12%, signal=23%	
PID_FOXO_PATHWAY%MSIGDB_C2%PID_FOXO_PATHWAY	PID_FOXO_PATHWAY%MSIGDB_C2%PID_FOXO_PATHWAY		38	-0.30604053	-1.0675256	0.30737704	0.98433125	1.0	2363	tags=18%, list=10%, signal=20%	
PHOTOPERIODISM%GOBP%GO:0009648	PHOTOPERIODISM%GOBP%GO:0009648		24	-0.3507894	-1.0674833	0.33442622	0.982798	1.0	4964	tags=38%, list=20%, signal=47%	
REGULATION OF CELLULAR RESPONSE TO HEAT%GOBP%GO:1900034	REGULATION OF CELLULAR RESPONSE TO HEAT%GOBP%GO:1900034		16	-0.37964374	-1.0667669	0.3625	0.98449796	1.0	1950	tags=19%, list=8%, signal=20%	
REGULATION OF PROTEIN EXIT FROM ENDOPLASMIC RETICULUM%GOBP%GO:0070861	REGULATION OF PROTEIN EXIT FROM ENDOPLASMIC RETICULUM%GOBP%GO:0070861		31	-0.32714447	-1.0642945	0.36078432	0.99436146	1.0	2857	tags=19%, list=12%, signal=22%	
COOPERATION OF PREFOLDIN AND TRIC CCT IN ACTIN AND TUBULIN FOLDING%REACTOME DATABASE ID RELEASE 95%389958	COOPERATION OF PREFOLDIN AND TRIC CCT IN ACTIN AND TUBULIN FOLDING%REACTOME DATABASE ID RELEASE 95%389958		33	-0.31691658	-1.0635812	0.33054394	0.9959368	1.0	4352	tags=33%, list=18%, signal=40%	
AUTOPHAGY OF PEROXISOME%GOBP%GO:0030242	AUTOPHAGY OF PEROXISOME%GOBP%GO:0030242		16	-0.3898368	-1.0633053	0.3564669	0.99560285	1.0	6033	tags=56%, list=25%, signal=75%	
P53-DEPENDENT G1 S DNA DAMAGE CHECKPOINT%REACTOME DATABASE ID RELEASE 95%69580	P53-DEPENDENT G1 S DNA DAMAGE CHECKPOINT%REACTOME DATABASE ID RELEASE 95%69580		53	-0.28718615	-1.0632585	0.3254717	0.99411494	1.0	4658	tags=38%, list=19%, signal=46%	
EPO SIGNALING PATHWAY%PATHWHIZ%PW070692	EPO SIGNALING PATHWAY%PATHWHIZ%PW070692		17	-0.3895271	-1.0625558	0.38351256	0.9956007	1.0	1334	tags=18%, list=5%, signal=19%	
REGULATION OF DNA-TEMPLATED TRANSCRIPTION INITIATION%GOBP%GO:2000142	REGULATION OF DNA-TEMPLATED TRANSCRIPTION INITIATION%GOBP%GO:2000142		82	-0.26532072	-1.062329	0.27108434	0.9949384	1.0	2734	tags=18%, list=11%, signal=21%	
PID_FGF_PATHWAY%MSIGDB_C2%PID_FGF_PATHWAY	PID_FGF_PATHWAY%MSIGDB_C2%PID_FGF_PATHWAY		43	-0.30422089	-1.062238	0.33744857	0.99365854	1.0	1396	tags=16%, list=6%, signal=17%	
BIOCARTA_MTOR_PATHWAY%MSIGDB_C2%BIOCARTA_MTOR_PATHWAY	BIOCARTA_MTOR_PATHWAY%MSIGDB_C2%BIOCARTA_MTOR_PATHWAY		17	-0.3740415	-1.0609595	0.35454544	0.9979001	1.0	4408	tags=29%, list=18%, signal=36%	
POSITIVE REGULATION OF DNA-TEMPLATED TRANSCRIPTION INITIATION%GOBP%GO:2000144	POSITIVE REGULATION OF DNA-TEMPLATED TRANSCRIPTION INITIATION%GOBP%GO:2000144		64	-0.27981332	-1.0608803	0.33519554	0.9965862	1.0	2631	tags=19%, list=11%, signal=21%	
POSITIVE REGULATION OF CELL MIGRATION INVOLVED IN SPROUTING ANGIOGENESIS%GOBP%GO:0090050	POSITIVE REGULATION OF CELL MIGRATION INVOLVED IN SPROUTING ANGIOGENESIS%GOBP%GO:0090050		20	-0.36484897	-1.0602348	0.358804	0.9979896	1.0	2297	tags=20%, list=9%, signal=22%	
NEGATIVE REGULATION OF GTPASE ACTIVITY%GOBP%GO:0034260	NEGATIVE REGULATION OF GTPASE ACTIVITY%GOBP%GO:0034260		15	-0.38642004	-1.0601846	0.37460318	0.9965435	1.0	693	tags=20%, list=3%, signal=21%	
VIRAL GENE EXPRESSION%GOBP%GO:0019080	VIRAL GENE EXPRESSION%GOBP%GO:0019080		52	-0.2905576	-1.0601581	0.3707317	0.99500114	1.0	1460	tags=13%, list=6%, signal=14%	
CARBOXYTERMINAL POST-TRANSLATIONAL MODIFICATIONS OF TUBULIN%REACTOME DATABASE ID RELEASE 95%8955332	CARBOXYTERMINAL POST-TRANSLATIONAL MODIFICATIONS OF TUBULIN%REACTOME DATABASE ID RELEASE 95%8955332		42	-0.29739904	-1.0601256	0.32618025	0.99349916	1.0	4821	tags=36%, list=20%, signal=44%	
CENTRAL NERVOUS SYSTEM NEURON DIFFERENTIATION%GOBP%GO:0021953	CENTRAL NERVOUS SYSTEM NEURON DIFFERENTIATION%GOBP%GO:0021953		93	-0.26567522	-1.0600382	0.29411766	0.99223393	1.0	3108	tags=19%, list=13%, signal=22%	
ESTABLISHMENT OF PROTEIN LOCALIZATION TO EXTRACELLULAR REGION%GOBP%GO:0035592	ESTABLISHMENT OF PROTEIN LOCALIZATION TO EXTRACELLULAR REGION%GOBP%GO:0035592		71	-0.2730637	-1.0599351	0.29651162	0.9910668	1.0	2718	tags=18%, list=11%, signal=21%	
PLATELET SENSITIZATION BY LDL%REACTOME%R-HSA-432142.4	PLATELET SENSITIZATION BY LDL%REACTOME%R-HSA-432142.4		17	-0.37121466	-1.0586071	0.33876222	0.9956112	1.0	3454	tags=35%, list=14%, signal=41%	
GALANIN RECEPTOR PATHWAY%WIKIPATHWAYS_20260211%WP4970%HOMO SAPIENS	GALANIN RECEPTOR PATHWAY%WIKIPATHWAYS_20260211%WP4970%HOMO SAPIENS		15	-0.3936055	-1.0584358	0.35897437	0.9947545	1.0	2737	tags=27%, list=11%, signal=30%	
REGULATION OF NEUROTRANSMITTER RECEPTOR ACTIVITY%GOBP%GO:0099601	REGULATION OF NEUROTRANSMITTER RECEPTOR ACTIVITY%GOBP%GO:0099601		18	-0.37486836	-1.0579638	0.36333334	0.995241	1.0	4223	tags=33%, list=17%, signal=40%	
PROTEIN LOCALIZATION TO EXTRACELLULAR REGION%GOBP%GO:0071692	PROTEIN LOCALIZATION TO EXTRACELLULAR REGION%GOBP%GO:0071692		70	-0.2748407	-1.0577899	0.32768363	0.99436307	1.0	2718	tags=19%, list=11%, signal=21%	
PROTEIN SYNTHESIS: LEUCINE%SMPDB%SMP0111873	PROTEIN SYNTHESIS: LEUCINE%SMPDB%SMP0111873		79	-0.26496685	-1.057691	0.28834355	0.99314386	1.0	6023	tags=34%, list=25%, signal=45%	
P53-DEPENDENT G1 DNA DAMAGE RESPONSE%REACTOME%R-HSA-69563.6	P53-DEPENDENT G1 DNA DAMAGE RESPONSE%REACTOME%R-HSA-69563.6		53	-0.28718615	-1.0574195	0.35023043	0.9927148	1.0	4658	tags=38%, list=19%, signal=46%	
CONSTITUTIVE SIGNALING BY NOTCH1 HD DOMAIN MUTANTS%REACTOME%R-HSA-2691232.3	CONSTITUTIVE SIGNALING BY NOTCH1 HD DOMAIN MUTANTS%REACTOME%R-HSA-2691232.3		15	-0.3898697	-1.057017	0.39308175	0.9929779	1.0	4489	tags=40%, list=18%, signal=49%	
REGULATION OF RETINOBLASTOMA PROTEIN%PATHWAY INTERACTION DATABASE NCI-NATURE CURATED DATA%REGULATION OF RETINOBLASTOMA PROTEIN	REGULATION OF RETINOBLASTOMA PROTEIN%PATHWAY INTERACTION DATABASE NCI-NATURE CURATED DATA%REGULATION OF RETINOBLASTOMA PROTEIN		65	-0.27506447	-1.0567551	0.2824074	0.99260306	1.0	332	tags=8%, list=1%, signal=8%	
TRANSPORT ACROSS BLOOD-BRAIN BARRIER%GOBP%GO:0150104	TRANSPORT ACROSS BLOOD-BRAIN BARRIER%GOBP%GO:0150104		88	-0.26312193	-1.0565689	0.34814814	0.99182314	1.0	2821	tags=20%, list=12%, signal=23%	
HORMONE TRANSPORT%GOBP%GO:0009914	HORMONE TRANSPORT%GOBP%GO:0009914		45	-0.30009612	-1.0563492	0.3744681	0.99115187	1.0	3654	tags=24%, list=15%, signal=29%	
MITOCHONDRIAL CALCIUM ION TRANSPORT%REACTOME DATABASE ID RELEASE 95%8949215	MITOCHONDRIAL CALCIUM ION TRANSPORT%REACTOME DATABASE ID RELEASE 95%8949215		23	-0.35165894	-1.0561236	0.35664335	0.990532	1.0	1215	tags=9%, list=5%, signal=9%	
MAJOR PATHWAY OF RRNA PROCESSING IN THE NUCLEOLUS AND CYTOSOL%REACTOME%R-HSA-6791226.5	MAJOR PATHWAY OF RRNA PROCESSING IN THE NUCLEOLUS AND CYTOSOL%REACTOME%R-HSA-6791226.5		182	-0.24202424	-1.0559995	0.22666667	0.98954827	1.0	5877	tags=37%, list=24%, signal=48%	
CELLULAR RESPONSE TO NUTRIENT LEVELS%GOBP%GO:0031669	CELLULAR RESPONSE TO NUTRIENT LEVELS%GOBP%GO:0031669		187	-0.23750328	-1.055586	0.23170732	0.989905	1.0	3724	tags=18%, list=15%, signal=21%	
NUCLEOTIDE EXCISION REPAIR%WIKIPATHWAYS_20260211%WP4753%HOMO SAPIENS	NUCLEOTIDE EXCISION REPAIR%WIKIPATHWAYS_20260211%WP4753%HOMO SAPIENS		32	-0.32131314	-1.0547397	0.34854773	0.99199224	1.0	5676	tags=47%, list=23%, signal=61%	
REGULATION OF LIPOPOLYSACCHARIDE-MEDIATED SIGNALING PATHWAY%GOBP%GO:0031664	REGULATION OF LIPOPOLYSACCHARIDE-MEDIATED SIGNALING PATHWAY%GOBP%GO:0031664		29	-0.31988072	-1.0542797	0.33449477	0.99249333	1.0	2246	tags=28%, list=9%, signal=30%	
CHONDROITIN SULFATE PROTEOGLYCAN METABOLIC PROCESS%GOBP%GO:0050654	CHONDROITIN SULFATE PROTEOGLYCAN METABOLIC PROCESS%GOBP%GO:0050654		31	-0.3195317	-1.0537968	0.36363637	0.9931747	1.0	1980	tags=16%, list=8%, signal=18%	
NEURAL PRECURSOR CELL PROLIFERATION%GOBP%GO:0061351	NEURAL PRECURSOR CELL PROLIFERATION%GOBP%GO:0061351		36	-0.3223348	-1.0536766	0.34387353	0.99213964	1.0	605	tags=8%, list=2%, signal=9%	
NEGATIVE REGULATION OF MUSCLE CELL APOPTOTIC PROCESS%GOBP%GO:0010656	NEGATIVE REGULATION OF MUSCLE CELL APOPTOTIC PROCESS%GOBP%GO:0010656		26	-0.33658648	-1.0524731	0.36397058	0.99616134	1.0	4098	tags=23%, list=17%, signal=28%	
BIOCARTA_VEGF_PATHWAY%MSIGDB_C2%BIOCARTA_VEGF_PATHWAY	BIOCARTA_VEGF_PATHWAY%MSIGDB_C2%BIOCARTA_VEGF_PATHWAY		22	-0.34498054	-1.0512446	0.36397058	1.0	1.0	3070	tags=18%, list=13%, signal=21%	
SPERM AXONEME ASSEMBLY%GOBP%GO:0007288	SPERM AXONEME ASSEMBLY%GOBP%GO:0007288		26	-0.3390324	-1.0512221	0.36394557	0.99862695	1.0	3937	tags=27%, list=16%, signal=32%	
NIK-->NONCANONICAL NF-KB SIGNALING%REACTOME%R-HSA-5676590.3	NIK-->NONCANONICAL NF-KB SIGNALING%REACTOME%R-HSA-5676590.3		46	-0.29830313	-1.0507205	0.31967214	0.9992439	1.0	4658	tags=37%, list=19%, signal=46%	
POSITIVE REGULATION OF PROTEIN TRANSPORT%GOBP%GO:0051222	POSITIVE REGULATION OF PROTEIN TRANSPORT%GOBP%GO:0051222		183	-0.23503453	-1.0506221	0.29310346	0.9980558	1.0	2857	tags=16%, list=12%, signal=18%	
MITOCHONDRIAL CALCIUM ION HOMEOSTASIS%GOBP%GO:0051560	MITOCHONDRIAL CALCIUM ION HOMEOSTASIS%GOBP%GO:0051560		20	-0.3704677	-1.0498807	0.3594306	0.9999218	1.0	1873	tags=15%, list=8%, signal=16%	
LEUCINE STIMULATION ON INSULIN SIGNALING%SMPDB%SMP0000682	LEUCINE STIMULATION ON INSULIN SIGNALING%SMPDB%SMP0000682		15	-0.39345577	-1.0495814	0.38170347	0.99974346	1.0	3926	tags=27%, list=16%, signal=32%	
REGULATION OF SMOOTH MUSCLE CELL APOPTOTIC PROCESS%GOBP%GO:0034391	REGULATION OF SMOOTH MUSCLE CELL APOPTOTIC PROCESS%GOBP%GO:0034391		22	-0.3475444	-1.0495601	0.35234898	0.998254	1.0	6967	tags=55%, list=28%, signal=76%	
NEGATIVE REGULATION OF ACTIN FILAMENT BUNDLE ASSEMBLY%GOBP%GO:0032232	NEGATIVE REGULATION OF ACTIN FILAMENT BUNDLE ASSEMBLY%GOBP%GO:0032232		27	-0.33080977	-1.0494512	0.33333334	0.9971721	1.0	4271	tags=30%, list=17%, signal=36%	
RHO GTPASES ACTIVATE PKNS%REACTOME%R-HSA-5625740.3	RHO GTPASES ACTIVATE PKNS%REACTOME%R-HSA-5625740.3		61	-0.27472562	-1.0491948	0.35748792	0.9967946	1.0	1889	tags=13%, list=8%, signal=14%	
PROTEIN COMPLEX OLIGOMERIZATION%GOBP%GO:0051259	PROTEIN COMPLEX OLIGOMERIZATION%GOBP%GO:0051259		193	-0.230867	-1.0481638	0.33333334	0.99989396	1.0	1340	tags=10%, list=5%, signal=10%	
SUBSTANTIA NIGRA DEVELOPMENT%GOBP%GO:0021762	SUBSTANTIA NIGRA DEVELOPMENT%GOBP%GO:0021762		41	-0.30789685	-1.0478781	0.3982684	0.9995504	1.0	2254	tags=17%, list=9%, signal=19%	
REGULATION OF UBIQUITIN-DEPENDENT PROTEIN CATABOLIC PROCESS%GOBP%GO:2000058	REGULATION OF UBIQUITIN-DEPENDENT PROTEIN CATABOLIC PROCESS%GOBP%GO:2000058		152	-0.23757905	-1.0476422	0.33	0.99903065	1.0	4404	tags=24%, list=18%, signal=29%	
RAC1 SIGNALING PATHWAY%PATHWAY INTERACTION DATABASE NCI-NATURE CURATED DATA%RAC1 SIGNALING PATHWAY	RAC1 SIGNALING PATHWAY%PATHWAY INTERACTION DATABASE NCI-NATURE CURATED DATA%RAC1 SIGNALING PATHWAY		54	-0.28099698	-1.0471721	0.2974359	0.9995731	1.0	5113	tags=33%, list=21%, signal=42%	
ARACHIDONATE METABOLITES BIOSYNTHESIS%BIOCYC%PWY-8397	ARACHIDONATE METABOLITES BIOSYNTHESIS%BIOCYC%PWY-8397		28	-0.32127956	-1.046547	0.39922482	1.0	1.0	143	tags=7%, list=1%, signal=7%	
CEREBELLAR CORTEX MORPHOGENESIS%GOBP%GO:0021696	CEREBELLAR CORTEX MORPHOGENESIS%GOBP%GO:0021696		16	-0.39372703	-1.0452703	0.42772862	1.0	1.0	4315	tags=50%, list=18%, signal=61%	
NEGATIVE REGULATION OF FERROPTOSIS%GOBP%GO:0110076	NEGATIVE REGULATION OF FERROPTOSIS%GOBP%GO:0110076		17	-0.3660025	-1.0450916	0.36654803	1.0	1.0	4404	tags=35%, list=18%, signal=43%	
ERBB2 ERBB3 SIGNALING EVENTS%PATHWAY INTERACTION DATABASE NCI-NATURE CURATED DATA%ERBB2 ERBB3 SIGNALING EVENTS	ERBB2 ERBB3 SIGNALING EVENTS%PATHWAY INTERACTION DATABASE NCI-NATURE CURATED DATA%ERBB2 ERBB3 SIGNALING EVENTS		41	-0.29419795	-1.043838	0.37962964	1.0	1.0	2047	tags=17%, list=8%, signal=19%	
UNFOLDED PROTEIN RESPONSE%WIKIPATHWAYS_20260211%WP4925%HOMO SAPIENS	UNFOLDED PROTEIN RESPONSE%WIKIPATHWAYS_20260211%WP4925%HOMO SAPIENS		18	-0.37155476	-1.0437357	0.3807947	1.0	1.0	4818	tags=44%, list=20%, signal=55%	
AMINO ACID TRANSPORT ACROSS THE PLASMA MEMBRANE%REACTOME%R-HSA-352230.6	AMINO ACID TRANSPORT ACROSS THE PLASMA MEMBRANE%REACTOME%R-HSA-352230.6		31	-0.31217468	-1.0434796	0.3691756	1.0	1.0	1702	tags=23%, list=7%, signal=24%	
EMBRYONIC SKELETAL SYSTEM DEVELOPMENT%GOBP%GO:0048706	EMBRYONIC SKELETAL SYSTEM DEVELOPMENT%GOBP%GO:0048706		60	-0.27405772	-1.043305	0.34759358	1.0	1.0	3712	tags=23%, list=15%, signal=27%	
GLUTATHIONE METABOLIC PROCESS%GOBP%GO:0006749	GLUTATHIONE METABOLIC PROCESS%GOBP%GO:0006749		38	-0.30012444	-1.0428476	0.3830645	1.0	1.0	1671	tags=16%, list=7%, signal=17%	
POSITIVE REGULATION OF TRANSLATION%GOBP%GO:0045727	POSITIVE REGULATION OF TRANSLATION%GOBP%GO:0045727		117	-0.25255102	-1.0420061	0.30476192	1.0	1.0	3958	tags=26%, list=16%, signal=30%	
PROTEIN SECRETION%GOBP%GO:0009306	PROTEIN SECRETION%GOBP%GO:0009306		68	-0.27748516	-1.0417457	0.32738096	1.0	1.0	2718	tags=19%, list=11%, signal=21%	
CANONICAL WNT SIGNALING PATHWAY%PATHWAY INTERACTION DATABASE NCI-NATURE CURATED DATA%CANONICAL WNT SIGNALING PATHWAY	CANONICAL WNT SIGNALING PATHWAY%PATHWAY INTERACTION DATABASE NCI-NATURE CURATED DATA%CANONICAL WNT SIGNALING PATHWAY		20	-0.35018185	-1.0416033	0.38538206	1.0	1.0	5230	tags=40%, list=21%, signal=51%	
VIRAL PROTEIN PROCESSING%GOBP%GO:0019082	VIRAL PROTEIN PROCESSING%GOBP%GO:0019082		31	-0.31614918	-1.041359	0.38910505	1.0	1.0	1460	tags=16%, list=6%, signal=17%	
PROTEIN SYNTHESIS: ARGININE%SMPDB%SMP0111853	PROTEIN SYNTHESIS: ARGININE%SMPDB%SMP0111853		79	-0.26772818	-1.0411106	0.34444445	1.0	1.0	6023	tags=34%, list=25%, signal=45%	
AMINO ACID TRANSMEMBRANE TRANSPORT%GOBP%GO:0003333	AMINO ACID TRANSMEMBRANE TRANSPORT%GOBP%GO:0003333		74	-0.26576433	-1.0409722	0.3539326	1.0	1.0	1702	tags=15%, list=7%, signal=16%	
INTERFERON TYPE I SIGNALING%WIKIPATHWAYS_20260211%WP585%HOMO SAPIENS	INTERFERON TYPE I SIGNALING%WIKIPATHWAYS_20260211%WP585%HOMO SAPIENS		49	-0.28741193	-1.0408511	0.34322035	1.0	1.0	3423	tags=20%, list=14%, signal=24%	
L-AMINO ACID BIOSYNTHETIC PROCESS%GOBP%GO:0170034	L-AMINO ACID BIOSYNTHETIC PROCESS%GOBP%GO:0170034		33	-0.3071643	-1.0399666	0.35390946	1.0	1.0	4260	tags=33%, list=17%, signal=40%	
REGULATION OF MORPHOGENESIS OF A BRANCHING STRUCTURE%GOBP%GO:0060688	REGULATION OF MORPHOGENESIS OF A BRANCHING STRUCTURE%GOBP%GO:0060688		28	-0.32490006	-1.0398903	0.36153847	1.0	1.0	1808	tags=14%, list=7%, signal=15%	
FRUCTOSE AND MANNOSE DEGRADATION%SMPDB%SMP0087197	FRUCTOSE AND MANNOSE DEGRADATION%SMPDB%SMP0087197		17	-0.36927158	-1.0396879	0.40384614	1.0	1.0	2511	tags=18%, list=10%, signal=20%	
PID_DELTA_NP63_PATHWAY%MSIGDB_C2%PID_DELTA_NP63_PATHWAY	PID_DELTA_NP63_PATHWAY%MSIGDB_C2%PID_DELTA_NP63_PATHWAY		39	-0.3014538	-1.0396496	0.374502	1.0	1.0	36	tags=5%, list=0%, signal=5%	
PID_P38_ALPHA_BETA_DOWNSTREAM_PATHWAY%MSIGDB_C2%PID_P38_ALPHA_BETA_DOWNSTREAM_PATHWAY	PID_P38_ALPHA_BETA_DOWNSTREAM_PATHWAY%MSIGDB_C2%PID_P38_ALPHA_BETA_DOWNSTREAM_PATHWAY		26	-0.33195272	-1.039438	0.38831615	1.0	1.0	3849	tags=27%, list=16%, signal=32%	
VIRAL MRNA TRANSLATION%REACTOME DATABASE ID RELEASE 95%192823	VIRAL MRNA TRANSLATION%REACTOME DATABASE ID RELEASE 95%192823		89	-0.26205453	-1.0386249	0.38059703	1.0	1.0	6117	tags=34%, list=25%, signal=45%	
ACTIVATION OF NF-KAPPAB IN B CELLS%REACTOME DATABASE ID RELEASE 95%1169091	ACTIVATION OF NF-KAPPAB IN B CELLS%REACTOME DATABASE ID RELEASE 95%1169091		54	-0.27971596	-1.0383751	0.34653464	1.0	1.0	4658	tags=35%, list=19%, signal=43%	
PID_IL12_STAT4_PATHWAY%MSIGDB_C2%PID_IL12_STAT4_PATHWAY	PID_IL12_STAT4_PATHWAY%MSIGDB_C2%PID_IL12_STAT4_PATHWAY		27	-0.32957605	-1.0366887	0.3895131	1.0	1.0	1334	tags=15%, list=5%, signal=16%	
POSITIVE REGULATION OF INTRINSIC APOPTOTIC SIGNALING PATHWAY%GOBP%GO:2001244	POSITIVE REGULATION OF INTRINSIC APOPTOTIC SIGNALING PATHWAY%GOBP%GO:2001244		42	-0.30544007	-1.0365168	0.37826088	1.0	1.0	1875	tags=14%, list=8%, signal=15%	
CD8-POSITIVE, ALPHA-BETA T CELL HOMEOSTASIS%GOBP%GO:0160165	CD8-POSITIVE, ALPHA-BETA T CELL HOMEOSTASIS%GOBP%GO:0160165		15	-0.3808277	-1.0363806	0.38762215	1.0	1.0	2798	tags=20%, list=11%, signal=23%	
POSITIVE REGULATION OF ATP-DEPENDENT ACTIVITY%GOBP%GO:0032781	POSITIVE REGULATION OF ATP-DEPENDENT ACTIVITY%GOBP%GO:0032781		19	-0.3482082	-1.0360502	0.36486486	1.0	1.0	562	tags=11%, list=2%, signal=11%	
PD-1 SIGNALING%REACTOME%R-HSA-389948.6	PD-1 SIGNALING%REACTOME%R-HSA-389948.6		185	-0.23153506	-1.0355376	0.3218391	1.0	1.0	2798	tags=19%, list=11%, signal=22%	
ADHERENS JUNCTIONS INTERACTIONS%REACTOME DATABASE ID RELEASE 95%418990	ADHERENS JUNCTIONS INTERACTIONS%REACTOME DATABASE ID RELEASE 95%418990		200	-0.22908938	-1.0354531	0.38333333	1.0	1.0	2925	tags=19%, list=12%, signal=21%	
RUNX1 REGULATES TRANSCRIPTION OF GENES INVOLVED IN DIFFERENTIATION OF HSCS%REACTOME%R-HSA-8939236.2	RUNX1 REGULATES TRANSCRIPTION OF GENES INVOLVED IN DIFFERENTIATION OF HSCS%REACTOME%R-HSA-8939236.2		84	-0.25717807	-1.0352409	0.35449734	1.0	1.0	2925	tags=20%, list=12%, signal=23%	
REGULATION OF MITOTIC CELL CYCLE%REACTOME DATABASE ID RELEASE 95%453276	REGULATION OF MITOTIC CELL CYCLE%REACTOME DATABASE ID RELEASE 95%453276		75	-0.26710865	-1.0349135	0.40229884	1.0	1.0	4690	tags=32%, list=19%, signal=39%	
POSITIVE REGULATION OF ERYTHROCYTE DIFFERENTIATION%GOBP%GO:0045648	POSITIVE REGULATION OF ERYTHROCYTE DIFFERENTIATION%GOBP%GO:0045648		27	-0.33128268	-1.0348698	0.36654803	1.0	1.0	970	tags=15%, list=4%, signal=15%	
CELLULAR RESPONSE TO LIPOPOLYSACCHARIDE%GOBP%GO:0071222	CELLULAR RESPONSE TO LIPOPOLYSACCHARIDE%GOBP%GO:0071222		122	-0.24726035	-1.0341806	0.31666666	1.0	1.0	2246	tags=15%, list=9%, signal=16%	
CORTICOTROPIN RELEASING HORMONE SIGNALING%WIKIPATHWAYS_20260211%WP2355%HOMO SAPIENS	CORTICOTROPIN RELEASING HORMONE SIGNALING%WIKIPATHWAYS_20260211%WP2355%HOMO SAPIENS		72	-0.26537833	-1.0340981	0.33544305	1.0	1.0	5467	tags=33%, list=22%, signal=43%	
APC C-MEDIATED DEGRADATION OF CELL CYCLE PROTEINS%REACTOME DATABASE ID RELEASE 95%174143	APC C-MEDIATED DEGRADATION OF CELL CYCLE PROTEINS%REACTOME DATABASE ID RELEASE 95%174143		75	-0.26710865	-1.0336604	0.3468208	1.0	1.0	4690	tags=32%, list=19%, signal=39%	
HAIR FOLLICLE DEVELOPMENT ORGANOGENESIS STAGE 2 OF 3%WIKIPATHWAYS_20260211%WP2839%HOMO SAPIENS	HAIR FOLLICLE DEVELOPMENT ORGANOGENESIS STAGE 2 OF 3%WIKIPATHWAYS_20260211%WP2839%HOMO SAPIENS		26	-0.32442003	-1.033552	0.37370244	1.0	1.0	2400	tags=23%, list=10%, signal=26%	
MIR TARGETED GENES IN LEUKOCYTES%WIKIPATHWAYS_20260211%WP2003%HOMO SAPIENS	MIR TARGETED GENES IN LEUKOCYTES%WIKIPATHWAYS_20260211%WP2003%HOMO SAPIENS		103	-0.25480446	-1.0335213	0.35135135	1.0	1.0	2305	tags=18%, list=9%, signal=20%	
NEGATIVE REGULATION OF MYOBLAST FUSION%GOBP%GO:1901740	NEGATIVE REGULATION OF MYOBLAST FUSION%GOBP%GO:1901740		46	-0.28623965	-1.032951	0.34801763	1.0	1.0	6023	tags=41%, list=25%, signal=55%	
INTRINSIC APOPTOTIC SIGNALING PATHWAY%GOBP%GO:0097193	INTRINSIC APOPTOTIC SIGNALING PATHWAY%GOBP%GO:0097193		137	-0.23995078	-1.0328305	0.4	1.0	1.0	3647	tags=21%, list=15%, signal=25%	
POSITIVE REGULATION OF COLLAGEN METABOLIC PROCESS%GOBP%GO:0010714	POSITIVE REGULATION OF COLLAGEN METABOLIC PROCESS%GOBP%GO:0010714		16	-0.3769628	-1.0323956	0.39285713	1.0	1.0	3421	tags=31%, list=14%, signal=36%	
GLUCOSE CATABOLIC PROCESS%GOBP%GO:0006007	GLUCOSE CATABOLIC PROCESS%GOBP%GO:0006007		20	-0.34542435	-1.0319448	0.39739415	1.0	1.0	2052	tags=25%, list=8%, signal=27%	
INTERMEDIATE FILAMENT ORGANIZATION%GOBP%GO:0045109	INTERMEDIATE FILAMENT ORGANIZATION%GOBP%GO:0045109		72	-0.26889482	-1.0318875	0.36413044	1.0	1.0	2803	tags=15%, list=11%, signal=17%	
CELLULAR RESPONSE TO ALKALOID%GOBP%GO:0071312	CELLULAR RESPONSE TO ALKALOID%GOBP%GO:0071312		19	-0.35612157	-1.0314885	0.3950178	1.0	1.0	938	tags=16%, list=4%, signal=16%	
CHONDROITIN SULFATE PROTEOGLYCAN BIOSYNTHETIC PROCESS%GOBP%GO:0050650	CHONDROITIN SULFATE PROTEOGLYCAN BIOSYNTHETIC PROCESS%GOBP%GO:0050650		24	-0.33589178	-1.0314356	0.39649123	1.0	1.0	3874	tags=29%, list=16%, signal=35%	
CD8-POSITIVE, ALPHA-BETA T CELL DIFFERENTIATION%GOBP%GO:0043374	CD8-POSITIVE, ALPHA-BETA T CELL DIFFERENTIATION%GOBP%GO:0043374		17	-0.35887694	-1.0314345	0.3883495	1.0	1.0	705	tags=12%, list=3%, signal=12%	
NOTCH SIGNALING%WIKIPATHWAYS_20260211%WP61%HOMO SAPIENS	NOTCH SIGNALING%WIKIPATHWAYS_20260211%WP61%HOMO SAPIENS		42	-0.29447424	-1.0313611	0.4090909	1.0	1.0	131	tags=7%, list=1%, signal=7%	
OBSOLETE PROTEOLYSIS INVOLVED IN PROTEIN CATABOLIC PROCESS%GOBP%GO:0051603	OBSOLETE PROTEOLYSIS INVOLVED IN PROTEIN CATABOLIC PROCESS%GOBP%GO:0051603		30	-0.31874126	-1.0308076	0.41666666	1.0	1.0	1745	tags=17%, list=7%, signal=18%	
NEURAL NUCLEUS DEVELOPMENT%GOBP%GO:0048857	NEURAL NUCLEUS DEVELOPMENT%GOBP%GO:0048857		46	-0.2914758	-1.0305544	0.37727273	1.0	1.0	2254	tags=15%, list=9%, signal=17%	
REGULATION OF CIRCADIAN RHYTHM%GOBP%GO:0042752	REGULATION OF CIRCADIAN RHYTHM%GOBP%GO:0042752		101	-0.25305098	-1.0305467	0.34810126	1.0	1.0	3654	tags=24%, list=15%, signal=28%	
NEURODEGENERATION WITH BRAIN IRON ACCUMULATION NBIA SUBTYPES PATHWAY%WIKIPATHWAYS_20260211%WP4577%HOMO SAPIENS	NEURODEGENERATION WITH BRAIN IRON ACCUMULATION NBIA SUBTYPES PATHWAY%WIKIPATHWAYS_20260211%WP4577%HOMO SAPIENS		35	-0.3061801	-1.0293404	0.4	1.0	1.0	3926	tags=29%, list=16%, signal=34%	
INTERLEUKIN-37 SIGNALING%REACTOME DATABASE ID RELEASE 95%9008059	INTERLEUKIN-37 SIGNALING%REACTOME DATABASE ID RELEASE 95%9008059		21	-0.34681457	-1.0285368	0.3892857	1.0	1.0	1152	tags=19%, list=5%, signal=20%	
DNA CATABOLIC PROCESS%GOBP%GO:0006308	DNA CATABOLIC PROCESS%GOBP%GO:0006308		24	-0.329857	-1.0281518	0.40363637	1.0	1.0	1905	tags=17%, list=8%, signal=18%	
KIDNEY DEVELOPMENT%REACTOME DATABASE ID RELEASE 95%9830369	KIDNEY DEVELOPMENT%REACTOME DATABASE ID RELEASE 95%9830369		46	-0.28462705	-1.0276579	0.39449543	1.0	1.0	1808	tags=15%, list=7%, signal=16%	
NEGATIVE REGULATION OF EPITHELIAL CELL MIGRATION%GOBP%GO:0010633	NEGATIVE REGULATION OF EPITHELIAL CELL MIGRATION%GOBP%GO:0010633		15	-0.37316957	-1.0266528	0.3963964	1.0	1.0	4844	tags=33%, list=20%, signal=42%	
CELLULAR RESPONSE TO TYPE I INTERFERON%GOBP%GO:0071357	CELLULAR RESPONSE TO TYPE I INTERFERON%GOBP%GO:0071357		78	-0.25972384	-1.0264244	0.37356323	1.0	1.0	4409	tags=27%, list=18%, signal=33%	
SIGNALING BY NOTCH4%REACTOME%R-HSA-9013694.3	SIGNALING BY NOTCH4%REACTOME%R-HSA-9013694.3		71	-0.26105702	-1.0252851	0.37623763	1.0	1.0	2925	tags=20%, list=12%, signal=22%	
NEGATIVE REGULATION OF PROTEIN TRANSPORT%GOBP%GO:0051224	NEGATIVE REGULATION OF PROTEIN TRANSPORT%GOBP%GO:0051224		79	-0.25733626	-1.0249867	0.37974682	1.0	1.0	2029	tags=13%, list=8%, signal=14%	
GLUTATHIONE CONJUGATION%REACTOME%R-HSA-156590.4	GLUTATHIONE CONJUGATION%REACTOME%R-HSA-156590.4		34	-0.30643308	-1.0248287	0.36397058	1.0	1.0	1671	tags=15%, list=7%, signal=16%	
MAINTENANCE OF BLOOD-BRAIN BARRIER%GOBP%GO:0035633	MAINTENANCE OF BLOOD-BRAIN BARRIER%GOBP%GO:0035633		32	-0.30973437	-1.0244782	0.4177215	1.0	1.0	785	tags=9%, list=3%, signal=10%	
PROTEIN UBIQUITINATION%REACTOME%R-HSA-8852135.4	PROTEIN UBIQUITINATION%REACTOME%R-HSA-8852135.4		75	-0.26108035	-1.0239695	0.37988827	1.0	1.0	2457	tags=17%, list=10%, signal=19%	
METHIONINE ADENOSYLTRANSFERASE DEFICIENCY%SMPDB%SMP0000221	METHIONINE ADENOSYLTRANSFERASE DEFICIENCY%SMPDB%SMP0000221		16	-0.36551157	-1.0237279	0.410596	1.0	1.0	1600	tags=25%, list=7%, signal=27%	
VIRAL TRANSLATION%GOBP%GO:0019081	VIRAL TRANSLATION%GOBP%GO:0019081		15	-0.3849444	-1.0234016	0.4272152	1.0	1.0	5457	tags=33%, list=22%, signal=43%	
PID_ERBB2_ERBB3_PATHWAY%MSIGDB_C2%PID_ERBB2_ERBB3_PATHWAY	PID_ERBB2_ERBB3_PATHWAY%MSIGDB_C2%PID_ERBB2_ERBB3_PATHWAY		38	-0.3034458	-1.0233947	0.3992095	1.0	1.0	2047	tags=18%, list=8%, signal=20%	
DNA DAMAGE RECOGNITION IN GG-NER%REACTOME%R-HSA-5696394.2	DNA DAMAGE RECOGNITION IN GG-NER%REACTOME%R-HSA-5696394.2		37	-0.3002352	-1.0231926	0.39759037	1.0	1.0	3745	tags=27%, list=15%, signal=32%	
TP53 REGULATES TRANSCRIPTION OF GENES INVOLVED IN CYTOCHROME C RELEASE%REACTOME%R-HSA-6803204.3	TP53 REGULATES TRANSCRIPTION OF GENES INVOLVED IN CYTOCHROME C RELEASE%REACTOME%R-HSA-6803204.3		20	-0.35289192	-1.023097	0.4	1.0	1.0	4818	tags=40%, list=20%, signal=50%	
NEGATIVE REGULATION OF PROTEASOMAL PROTEIN CATABOLIC PROCESS%GOBP%GO:1901799	NEGATIVE REGULATION OF PROTEASOMAL PROTEIN CATABOLIC PROCESS%GOBP%GO:1901799		54	-0.27670285	-1.0230167	0.45	1.0	1.0	4127	tags=20%, list=17%, signal=24%	
CELLULAR RESPONSE TO STARVATION%REACTOME%R-HSA-9711097.5	CELLULAR RESPONSE TO STARVATION%REACTOME%R-HSA-9711097.5		155	-0.23440772	-1.0226464	0.38541666	1.0	1.0	6035	tags=34%, list=25%, signal=44%	
CYSTATHIONINE BETA-SYNTHASE DEFICIENCY%SMPDB%SMP0000177	CYSTATHIONINE BETA-SYNTHASE DEFICIENCY%SMPDB%SMP0000177		16	-0.36551157	-1.0225635	0.40728477	1.0	1.0	1600	tags=25%, list=7%, signal=27%	
AZATHIOPRINE ADME%REACTOME DATABASE ID RELEASE 95%9748787	AZATHIOPRINE ADME%REACTOME DATABASE ID RELEASE 95%9748787		23	-0.3434161	-1.0224453	0.4	1.0	1.0	3434	tags=26%, list=14%, signal=30%	
COLLAGEN BIOSYNTHESIS AND MODIFYING ENZYMES%REACTOME%R-HSA-1650814.6	COLLAGEN BIOSYNTHESIS AND MODIFYING ENZYMES%REACTOME%R-HSA-1650814.6		67	-0.2744679	-1.0217755	0.40758294	1.0	1.0	1981	tags=13%, list=8%, signal=15%	
EMBRYONIC DIGIT MORPHOGENESIS%GOBP%GO:0042733	EMBRYONIC DIGIT MORPHOGENESIS%GOBP%GO:0042733		18	-0.35765538	-1.0214279	0.41935483	1.0	1.0	3487	tags=28%, list=14%, signal=32%	
POSITIVE REGULATION OF PEPTIDE SECRETION%GOBP%GO:0002793	POSITIVE REGULATION OF PEPTIDE SECRETION%GOBP%GO:0002793		69	-0.26139992	-1.0209858	0.36756757	1.0	1.0	2793	tags=16%, list=11%, signal=18%	
EPITHELIAL CELL MIGRATION%GOBP%GO:0010631	EPITHELIAL CELL MIGRATION%GOBP%GO:0010631		20	-0.34756115	-1.0207455	0.4057971	1.0	1.0	625	tags=10%, list=3%, signal=10%	
ENERGY METABOLISM%WIKIPATHWAYS_20260211%WP1541%HOMO SAPIENS	ENERGY METABOLISM%WIKIPATHWAYS_20260211%WP1541%HOMO SAPIENS		41	-0.30178866	-1.020567	0.3966942	1.0	1.0	2491	tags=17%, list=10%, signal=19%	
SIGNALING BY NOTCH1 HD DOMAIN MUTANTS IN CANCER%REACTOME DATABASE ID RELEASE 95%2691230	SIGNALING BY NOTCH1 HD DOMAIN MUTANTS IN CANCER%REACTOME DATABASE ID RELEASE 95%2691230		15	-0.3898697	-1.0197166	0.39144737	1.0	1.0	4489	tags=40%, list=18%, signal=49%	
ORC1 REMOVAL FROM CHROMATIN%REACTOME%R-HSA-68949.5	ORC1 REMOVAL FROM CHROMATIN%REACTOME%R-HSA-68949.5		58	-0.2743988	-1.019194	0.40669855	1.0	1.0	4658	tags=34%, list=19%, signal=42%	
PID_AP1_PATHWAY%MSIGDB_C2%PID_AP1_PATHWAY	PID_AP1_PATHWAY%MSIGDB_C2%PID_AP1_PATHWAY		59	-0.27350566	-1.0189602	0.4	1.0	1.0	3073	tags=20%, list=13%, signal=23%	
REGULATION OF GLUCOSE METABOLIC PROCESS%GOBP%GO:0010906	REGULATION OF GLUCOSE METABOLIC PROCESS%GOBP%GO:0010906		69	-0.26650977	-1.0188067	0.37823835	1.0	1.0	2690	tags=20%, list=11%, signal=23%	
ANTIGEN PRESENTATION: FOLDING, ASSEMBLY AND PEPTIDE LOADING OF CLASS I MHC%REACTOME DATABASE ID RELEASE 95%983170	ANTIGEN PRESENTATION: FOLDING, ASSEMBLY AND PEPTIDE LOADING OF CLASS I MHC%REACTOME DATABASE ID RELEASE 95%983170		28	-0.31479284	-1.0185531	0.37860084	1.0	1.0	228	tags=7%, list=1%, signal=7%	
HALLMARK_P53_PATHWAY%MSIGDBHALLMARK%HALLMARK_P53_PATHWAY	HALLMARK_P53_PATHWAY%MSIGDBHALLMARK%HALLMARK_P53_PATHWAY		177	-0.23413746	-1.0175613	0.37804878	1.0	1.0	2760	tags=14%, list=11%, signal=16%	
TRAF6 MEDIATED IRF7 ACTIVATION%REACTOME%R-HSA-933541.7	TRAF6 MEDIATED IRF7 ACTIVATION%REACTOME%R-HSA-933541.7		29	-0.31160864	-1.0173075	0.40384614	1.0	1.0	4874	tags=31%, list=20%, signal=39%	
REGULATION OF CELL MIGRATION INVOLVED IN SPROUTING ANGIOGENESIS%GOBP%GO:0090049	REGULATION OF CELL MIGRATION INVOLVED IN SPROUTING ANGIOGENESIS%GOBP%GO:0090049		35	-0.3035789	-1.0171509	0.41379312	1.0	1.0	1168	tags=11%, list=5%, signal=12%	
POSITIVE REGULATION OF PURINE NUCLEOTIDE METABOLIC PROCESS%GOBP%GO:1900544	POSITIVE REGULATION OF PURINE NUCLEOTIDE METABOLIC PROCESS%GOBP%GO:1900544		30	-0.31534034	-1.0168259	0.39483395	1.0	1.0	2491	tags=23%, list=10%, signal=26%	
REGULATION OF CATECHOLAMINE SECRETION%GOBP%GO:0050433	REGULATION OF CATECHOLAMINE SECRETION%GOBP%GO:0050433		23	-0.32978192	-1.0164447	0.4350877	1.0	1.0	3450	tags=35%, list=14%, signal=40%	
CEREBELLUM MORPHOGENESIS%GOBP%GO:0021587	CEREBELLUM MORPHOGENESIS%GOBP%GO:0021587		17	-0.3519358	-1.0161538	0.42492014	1.0	1.0	4315	tags=47%, list=18%, signal=57%	
PROTEIN K48-LINKED DEUBIQUITINATION%GOBP%GO:0071108	PROTEIN K48-LINKED DEUBIQUITINATION%GOBP%GO:0071108		22	-0.33596414	-1.015904	0.39115646	1.0	1.0	3955	tags=27%, list=16%, signal=32%	
DNA REPLICATION PRE-INITIATION%REACTOME%R-HSA-69002.4	DNA REPLICATION PRE-INITIATION%REACTOME%R-HSA-69002.4		117	-0.2405591	-1.0157493	0.40163934	1.0	1.0	4690	tags=32%, list=19%, signal=39%	
NEGATIVE REGULATION OF RHO PROTEIN SIGNAL TRANSDUCTION%GOBP%GO:0035024	NEGATIVE REGULATION OF RHO PROTEIN SIGNAL TRANSDUCTION%GOBP%GO:0035024		17	-0.3624107	-1.015644	0.40202704	1.0	1.0	71	tags=6%, list=0%, signal=6%	
NEGATIVE REGULATION OF STRESS FIBER ASSEMBLY%GOBP%GO:0051497	NEGATIVE REGULATION OF STRESS FIBER ASSEMBLY%GOBP%GO:0051497		23	-0.34180516	-1.0156075	0.4308176	1.0	1.0	4271	tags=30%, list=17%, signal=37%	
PROTEINOGENIC AMINO ACID BIOSYNTHETIC PROCESS%GOBP%GO:0170038	PROTEINOGENIC AMINO ACID BIOSYNTHETIC PROCESS%GOBP%GO:0170038		37	-0.2930782	-1.0142103	0.38864627	1.0	1.0	4260	tags=32%, list=17%, signal=39%	
PROTEIN PALMITOYLATION%GOBP%GO:0018345	PROTEIN PALMITOYLATION%GOBP%GO:0018345		22	-0.33596498	-1.0139626	0.44407895	1.0	1.0	1589	tags=14%, list=6%, signal=15%	
CYTOPLASMIC RIBOSOMAL PROTEINS%WIKIPATHWAYS_20260211%WP477%HOMO SAPIENS	CYTOPLASMIC RIBOSOMAL PROTEINS%WIKIPATHWAYS_20260211%WP477%HOMO SAPIENS		86	-0.2486929	-1.0137206	0.3846154	1.0	1.0	6023	tags=34%, list=25%, signal=45%	
RESPONSE TO PURINE-CONTAINING COMPOUND%GOBP%GO:0014074	RESPONSE TO PURINE-CONTAINING COMPOUND%GOBP%GO:0014074		74	-0.25867626	-1.0126319	0.4064171	1.0	1.0	1418	tags=12%, list=6%, signal=13%	
RESPONSE TO TEMPERATURE STIMULUS%GOBP%GO:0009266	RESPONSE TO TEMPERATURE STIMULUS%GOBP%GO:0009266		88	-0.25436848	-1.0120932	0.45398772	1.0	1.0	5011	tags=32%, list=20%, signal=40%	
HALLMARK_G2M_CHECKPOINT%MSIGDBHALLMARK%HALLMARK_G2M_CHECKPOINT	HALLMARK_G2M_CHECKPOINT%MSIGDBHALLMARK%HALLMARK_G2M_CHECKPOINT		144	-0.23362885	-1.0119187	0.39	1.0	1.0	5065	tags=31%, list=21%, signal=39%	
P53 PATHWAY%PANTHER PATHWAY%P00059	P53 PATHWAY%PANTHER PATHWAY%P00059		43	-0.28922305	-1.0117025	0.39759037	1.0	1.0	3581	tags=21%, list=15%, signal=24%	
METHIONINE METABOLISM%SMPDB%SMP0000033	METHIONINE METABOLISM%SMPDB%SMP0000033		16	-0.36551157	-1.0113164	0.3963964	1.0	1.0	1600	tags=25%, list=7%, signal=27%	
RHOA SIGNALING PATHWAY%PATHWAY INTERACTION DATABASE NCI-NATURE CURATED DATA%RHOA SIGNALING PATHWAY	RHOA SIGNALING PATHWAY%PATHWAY INTERACTION DATABASE NCI-NATURE CURATED DATA%RHOA SIGNALING PATHWAY		45	-0.2851183	-1.0113094	0.44715446	1.0	1.0	3423	tags=22%, list=14%, signal=26%	
SELENOCYSTEINE SYNTHESIS%REACTOME DATABASE ID RELEASE 95%2408557	SELENOCYSTEINE SYNTHESIS%REACTOME DATABASE ID RELEASE 95%2408557		93	-0.24838887	-1.0110918	0.43055555	1.0	1.0	6117	tags=32%, list=25%, signal=43%	
HOMOCYSTINURIA-MEGALOBLASTIC ANEMIA DUE TO DEFECT IN COBALAMIN METABOLISM, CBLG COMPLEMENTATION TYPE%SMPDB%SMP0000570	HOMOCYSTINURIA-MEGALOBLASTIC ANEMIA DUE TO DEFECT IN COBALAMIN METABOLISM, CBLG COMPLEMENTATION TYPE%SMPDB%SMP0000570		16	-0.36551157	-1.0108924	0.42724457	1.0	1.0	1600	tags=25%, list=7%, signal=27%	
REGULATION OF NUCLEAR SMAD2 3 SIGNALING%PATHWAY INTERACTION DATABASE NCI-NATURE CURATED DATA%REGULATION OF NUCLEAR SMAD2 3 SIGNALING	REGULATION OF NUCLEAR SMAD2 3 SIGNALING%PATHWAY INTERACTION DATABASE NCI-NATURE CURATED DATA%REGULATION OF NUCLEAR SMAD2 3 SIGNALING		82	-0.2550502	-1.0098139	0.37974682	1.0	1.0	4733	tags=24%, list=19%, signal=30%	
SPINAL CORD DEVELOPMENT%GOBP%GO:0021510	SPINAL CORD DEVELOPMENT%GOBP%GO:0021510		35	-0.30378795	-1.0097523	0.39453125	1.0	1.0	1294	tags=14%, list=5%, signal=15%	
CLOCK CONTROLLED AUTOPHAGY IN BONE METABOLISM%WIKIPATHWAYS_20260211%WP5205%HOMO SAPIENS	CLOCK CONTROLLED AUTOPHAGY IN BONE METABOLISM%WIKIPATHWAYS_20260211%WP5205%HOMO SAPIENS		63	-0.26777336	-1.0092922	0.4247312	1.0	1.0	3512	tags=21%, list=14%, signal=24%	
STRIATED MUSCLE CELL DEVELOPMENT%GOBP%GO:0055002	STRIATED MUSCLE CELL DEVELOPMENT%GOBP%GO:0055002		92	-0.2488481	-1.0091625	0.38271606	1.0	1.0	2110	tags=13%, list=9%, signal=14%	
ADRENERGIC RECEPTOR SIGNALING PATHWAY%GOBP%GO:0071875	ADRENERGIC RECEPTOR SIGNALING PATHWAY%GOBP%GO:0071875		19	-0.34348425	-1.0091001	0.42424244	1.0	1.0	2573	tags=32%, list=11%, signal=35%	
BDNF SIGNALING IN NEURODEVELOPMENT%WIKIPATHWAYS_20260211%WP5541%HOMO SAPIENS	BDNF SIGNALING IN NEURODEVELOPMENT%WIKIPATHWAYS_20260211%WP5541%HOMO SAPIENS		95	-0.24875854	-1.0086946	0.46153846	1.0	1.0	2806	tags=19%, list=11%, signal=21%	
RESPONSE TO ARSENIC-CONTAINING SUBSTANCE%GOBP%GO:0046685	RESPONSE TO ARSENIC-CONTAINING SUBSTANCE%GOBP%GO:0046685		18	-0.35217053	-1.0085866	0.449827	1.0	1.0	3524	tags=28%, list=14%, signal=32%	
RA BIOSYNTHESIS PATHWAY%REACTOME DATABASE ID RELEASE 95%5365859	RA BIOSYNTHESIS PATHWAY%REACTOME DATABASE ID RELEASE 95%5365859		22	-0.34312958	-1.0084497	0.43521595	1.0	1.0	654	tags=14%, list=3%, signal=14%	
NUCLEAR EVENTS MEDIATED BY NFE2L2%REACTOME%R-HSA-9759194.4	NUCLEAR EVENTS MEDIATED BY NFE2L2%REACTOME%R-HSA-9759194.4		86	-0.25409412	-1.0074944	0.42613637	1.0	1.0	5393	tags=33%, list=22%, signal=42%	
HYPERMETHIONINEMIA%SMPDB%SMP0000341	HYPERMETHIONINEMIA%SMPDB%SMP0000341		16	-0.36551157	-1.0070758	0.45302013	1.0	1.0	1600	tags=25%, list=7%, signal=27%	
GLUCAGON-TYPE LIGAND RECEPTORS%REACTOME DATABASE ID RELEASE 95%420092	GLUCAGON-TYPE LIGAND RECEPTORS%REACTOME DATABASE ID RELEASE 95%420092		33	-0.2970613	-1.0063004	0.42045453	1.0	1.0	3899	tags=27%, list=16%, signal=32%	
TRANSCRIPTIONAL REGULATION BY RUNX3%REACTOME DATABASE ID RELEASE 95%8878159	TRANSCRIPTIONAL REGULATION BY RUNX3%REACTOME DATABASE ID RELEASE 95%8878159		85	-0.25463888	-1.0047112	0.4113924	1.0	1.0	2925	tags=22%, list=12%, signal=25%	
POSITIVE REGULATION OF NUCLEOCYTOPLASMIC TRANSPORT%GOBP%GO:0046824	POSITIVE REGULATION OF NUCLEOCYTOPLASMIC TRANSPORT%GOBP%GO:0046824		46	-0.2825871	-1.0045573	0.43055555	1.0	1.0	2760	tags=17%, list=11%, signal=20%	
POSITIVE REGULATION OF PEPTIDE HORMONE SECRETION%GOBP%GO:0090277	POSITIVE REGULATION OF PEPTIDE HORMONE SECRETION%GOBP%GO:0090277		69	-0.26139992	-1.0043789	0.44623655	1.0	1.0	2793	tags=16%, list=11%, signal=18%	
PLATELET HOMEOSTASIS%REACTOME%R-HSA-418346.4	PLATELET HOMEOSTASIS%REACTOME%R-HSA-418346.4		85	-0.25291824	-1.0040194	0.4034091	1.0	1.0	3899	tags=28%, list=16%, signal=33%	
S-ADENOSYLHOMOCYSTEINE (SAH) HYDROLASE DEFICIENCY%PATHWHIZ%PW000102	S-ADENOSYLHOMOCYSTEINE (SAH) HYDROLASE DEFICIENCY%PATHWHIZ%PW000102		16	-0.36551157	-1.0035403	0.4375	1.0	1.0	1600	tags=25%, list=7%, signal=27%	
P38 MAPK PATHWAY%PANTHER PATHWAY%P05918	P38 MAPK PATHWAY%PANTHER PATHWAY%P05918		27	-0.31796998	-1.0031463	0.4204947	1.0	1.0	2806	tags=15%, list=11%, signal=17%	
ESR-MEDIATED SIGNALING%REACTOME DATABASE ID RELEASE 95%8939211	ESR-MEDIATED SIGNALING%REACTOME DATABASE ID RELEASE 95%8939211		183	-0.22717084	-1.0027847	0.43589744	1.0	1.0	2296	tags=15%, list=9%, signal=16%	
INNER DYNEIN ARM ASSEMBLY%GOBP%GO:0036159	INNER DYNEIN ARM ASSEMBLY%GOBP%GO:0036159		15	-0.37982544	-1.0025295	0.4471831	1.0	1.0	2281	tags=27%, list=9%, signal=29%	
BONE MINERALIZATION%GOBP%GO:0030282	BONE MINERALIZATION%GOBP%GO:0030282		25	-0.32816455	-1.0021129	0.44329897	1.0	1.0	4168	tags=32%, list=17%, signal=39%	
METHYLENETETRAHYDROFOLATE REDUCTASE DEFICIENCY (MTHFRD)%SMPDB%SMP0000340	METHYLENETETRAHYDROFOLATE REDUCTASE DEFICIENCY (MTHFRD)%SMPDB%SMP0000340		16	-0.36551157	-1.0020163	0.43396226	1.0	1.0	1600	tags=25%, list=7%, signal=27%	
REGULATION OF HEART GROWTH%GOBP%GO:0060420	REGULATION OF HEART GROWTH%GOBP%GO:0060420		29	-0.31115642	-1.0019757	0.45070422	1.0	1.0	2942	tags=24%, list=12%, signal=27%	
MALE INFERTILITY%WIKIPATHWAYS_20260211%WP4673%HOMO SAPIENS	MALE INFERTILITY%WIKIPATHWAYS_20260211%WP4673%HOMO SAPIENS		104	-0.24204409	-1.0016164	0.4779412	1.0	1.0	1726	tags=13%, list=7%, signal=13%	
REGULATION OF TISSUE REMODELING%GOBP%GO:0034103	REGULATION OF TISSUE REMODELING%GOBP%GO:0034103		62	-0.26303384	-1.0007982	0.43809524	1.0	1.0	4193	tags=26%, list=17%, signal=31%	
GLUTATHIONE-MEDIATED DETOXIFICATION I%BIOCYC%PWY-4061	GLUTATHIONE-MEDIATED DETOXIFICATION I%BIOCYC%PWY-4061		19	-0.3503802	-1.0004288	0.421365	1.0	1.0	1671	tags=16%, list=7%, signal=17%	
GENETIC CAUSES OF PORTO SINUSOIDAL VASCULAR DISEASE%WIKIPATHWAYS_20260211%WP5269%HOMO SAPIENS	GENETIC CAUSES OF PORTO SINUSOIDAL VASCULAR DISEASE%WIKIPATHWAYS_20260211%WP5269%HOMO SAPIENS		34	-0.30691996	-1.0002822	0.45703125	1.0	1.0	3121	tags=26%, list=13%, signal=30%	
HINDBRAIN MORPHOGENESIS%GOBP%GO:0021575	HINDBRAIN MORPHOGENESIS%GOBP%GO:0021575		18	-0.34820414	-0.99967724	0.43448275	1.0	1.0	4315	tags=44%, list=18%, signal=54%	
FOREBRAIN NEURON DIFFERENTIATION%GOBP%GO:0021879	FOREBRAIN NEURON DIFFERENTIATION%GOBP%GO:0021879		28	-0.31322652	-0.9996406	0.442029	1.0	1.0	3108	tags=25%, list=13%, signal=29%	
CARDIAC MUSCLE CELL MEMBRANE REPOLARIZATION%GOBP%GO:0099622	CARDIAC MUSCLE CELL MEMBRANE REPOLARIZATION%GOBP%GO:0099622		17	-0.35335696	-0.99963754	0.44147158	1.0	1.0	1812	tags=18%, list=7%, signal=19%	
ATM SIGNALING IN DEVELOPMENT AND DISEASE %WIKIPATHWAYS_20260211%WP3878%HOMO SAPIENS	ATM SIGNALING IN DEVELOPMENT AND DISEASE %WIKIPATHWAYS_20260211%WP3878%HOMO SAPIENS		38	-0.29722157	-0.9993848	0.3764706	1.0	1.0	2296	tags=13%, list=9%, signal=14%	
MATURATION OF SPIKE PROTEIN%REACTOME%R-HSA-9694548.5	MATURATION OF SPIKE PROTEIN%REACTOME%R-HSA-9694548.5		41	-0.28645486	-0.99915665	0.45106384	1.0	1.0	2293	tags=22%, list=9%, signal=24%	
POSITIVE REGULATION OF NUCLEOTIDE METABOLIC PROCESS%GOBP%GO:0045981	POSITIVE REGULATION OF NUCLEOTIDE METABOLIC PROCESS%GOBP%GO:0045981		30	-0.31534034	-0.99888295	0.41984734	1.0	1.0	2491	tags=23%, list=10%, signal=26%	
REGULATION OF RAS BY GAPS%REACTOME DATABASE ID RELEASE 95%5658442	REGULATION OF RAS BY GAPS%REACTOME DATABASE ID RELEASE 95%5658442		54	-0.26975492	-0.99883413	0.45338982	1.0	1.0	4658	tags=35%, list=19%, signal=43%	
TRANSCRIPTIONAL REGULATION OF MEMORY B CELL DIFFERENTIATION%WIKIPATHWAYS_20260211%WP5491%HOMO SAPIENS	TRANSCRIPTIONAL REGULATION OF MEMORY B CELL DIFFERENTIATION%WIKIPATHWAYS_20260211%WP5491%HOMO SAPIENS		39	-0.29026532	-0.998049	0.4585153	1.0	1.0	2737	tags=18%, list=11%, signal=20%	
B CELL PROLIFERATION%GOBP%GO:0042100	B CELL PROLIFERATION%GOBP%GO:0042100		20	-0.33728737	-0.99796665	0.44709897	1.0	1.0	2021	tags=15%, list=8%, signal=16%	
EPITHELIUM MIGRATION%GOBP%GO:0090132	EPITHELIUM MIGRATION%GOBP%GO:0090132		22	-0.3283957	-0.99796504	0.4310954	1.0	1.0	625	tags=9%, list=3%, signal=9%	
POSITIVE REGULATION OF ERBB SIGNALING PATHWAY%GOBP%GO:1901186	POSITIVE REGULATION OF ERBB SIGNALING PATHWAY%GOBP%GO:1901186		30	-0.29857838	-0.99651206	0.4698795	1.0	1.0	2922	tags=23%, list=12%, signal=26%	
PID_HEDGEHOG_GLI_PATHWAY%MSIGDB_C2%PID_HEDGEHOG_GLI_PATHWAY	PID_HEDGEHOG_GLI_PATHWAY%MSIGDB_C2%PID_HEDGEHOG_GLI_PATHWAY		37	-0.28621536	-0.99644154	0.4279661	1.0	1.0	1956	tags=14%, list=8%, signal=15%	
MITOCHONDRIAL TRANSLATION ELONGATION%REACTOME DATABASE ID RELEASE 95%5389840	MITOCHONDRIAL TRANSLATION ELONGATION%REACTOME DATABASE ID RELEASE 95%5389840		88	-0.24603282	-0.99600756	0.44311377	1.0	1.0	5397	tags=39%, list=22%, signal=49%	
CLASS B 2 (SECRETIN FAMILY RECEPTORS)%REACTOME%R-HSA-373080.4	CLASS B 2 (SECRETIN FAMILY RECEPTORS)%REACTOME%R-HSA-373080.4		93	-0.2398416	-0.9958212	0.4857143	1.0	1.0	3951	tags=26%, list=16%, signal=31%	
POSITIVE REGULATION OF ATP METABOLIC PROCESS%GOBP%GO:1903580	POSITIVE REGULATION OF ATP METABOLIC PROCESS%GOBP%GO:1903580		29	-0.31534454	-0.9955293	0.44150943	1.0	1.0	2491	tags=24%, list=10%, signal=27%	
NEGATIVE REGULATION OF EXTRINSIC APOPTOTIC SIGNALING PATHWAY%GOBP%GO:2001237	NEGATIVE REGULATION OF EXTRINSIC APOPTOTIC SIGNALING PATHWAY%GOBP%GO:2001237		71	-0.2541522	-0.99525374	0.49390244	1.0	1.0	3075	tags=20%, list=13%, signal=22%	
PATHOGENIC ESCHERICHIA COLI INFECTION%WIKIPATHWAYS_20260211%WP2272%HOMO SAPIENS	PATHOGENIC ESCHERICHIA COLI INFECTION%WIKIPATHWAYS_20260211%WP2272%HOMO SAPIENS		43	-0.2818183	-0.9941862	0.44534412	1.0	1.0	2902	tags=21%, list=12%, signal=24%	
POSITIVE REGULATION OF NEURON DIFFERENTIATION%GOBP%GO:0045666	POSITIVE REGULATION OF NEURON DIFFERENTIATION%GOBP%GO:0045666		40	-0.2924828	-0.99400944	0.45299146	1.0	1.0	2696	tags=23%, list=11%, signal=25%	
HALLMARK_TGF_BETA_SIGNALING%MSIGDBHALLMARK%HALLMARK_TGF_BETA_SIGNALING	HALLMARK_TGF_BETA_SIGNALING%MSIGDBHALLMARK%HALLMARK_TGF_BETA_SIGNALING		43	-0.284574	-0.9938168	0.42561984	1.0	1.0	3094	tags=26%, list=13%, signal=29%	
INTERLEUKIN-4 AND INTERLEUKIN-13 SIGNALING%REACTOME DATABASE ID RELEASE 95%6785807	INTERLEUKIN-4 AND INTERLEUKIN-13 SIGNALING%REACTOME DATABASE ID RELEASE 95%6785807		111	-0.23863065	-0.9935659	0.51724136	1.0	1.0	1551	tags=11%, list=6%, signal=11%	
TYPE 2 PAPILLARY RENAL CELL CARCINOMA%WIKIPATHWAYS_20260211%WP4241%HOMO SAPIENS	TYPE 2 PAPILLARY RENAL CELL CARCINOMA%WIKIPATHWAYS_20260211%WP4241%HOMO SAPIENS		24	-0.3266807	-0.9932342	0.4296578	1.0	1.0	2760	tags=21%, list=11%, signal=23%	
RECEPTOR-TYPE TYROSINE-PROTEIN PHOSPHATASES%REACTOME%R-HSA-388844.4	RECEPTOR-TYPE TYROSINE-PROTEIN PHOSPHATASES%REACTOME%R-HSA-388844.4		19	-0.3508326	-0.99185735	0.4379085	1.0	1.0	996	tags=16%, list=4%, signal=16%	
HALLMARK_NOTCH_SIGNALING%MSIGDBHALLMARK%HALLMARK_NOTCH_SIGNALING	HALLMARK_NOTCH_SIGNALING%MSIGDBHALLMARK%HALLMARK_NOTCH_SIGNALING		23	-0.3278879	-0.99163175	0.46212122	1.0	1.0	1289	tags=13%, list=5%, signal=14%	
COLLAGEN METABOLIC PROCESS%GOBP%GO:0032963	COLLAGEN METABOLIC PROCESS%GOBP%GO:0032963		52	-0.27114964	-0.9914883	0.47004607	1.0	1.0	1375	tags=12%, list=6%, signal=12%	
ACTIVATION OF BAD AND TRANSLOCATION TO MITOCHONDRIA%REACTOME DATABASE ID RELEASE 95%111447	ACTIVATION OF BAD AND TRANSLOCATION TO MITOCHONDRIA%REACTOME DATABASE ID RELEASE 95%111447		15	-0.36722973	-0.9898139	0.4819672	1.0	1.0	899	tags=13%, list=4%, signal=14%	
REGULATION OF MUSCLE CELL APOPTOTIC PROCESS%GOBP%GO:0010660	REGULATION OF MUSCLE CELL APOPTOTIC PROCESS%GOBP%GO:0010660		41	-0.27687073	-0.98973155	0.4732143	1.0	1.0	4098	tags=20%, list=17%, signal=23%	
HS-GAG DEGRADATION%REACTOME DATABASE ID RELEASE 95%2024096	HS-GAG DEGRADATION%REACTOME DATABASE ID RELEASE 95%2024096		19	-0.33569604	-0.9890378	0.4778157	1.0	1.0	17	tags=5%, list=0%, signal=5%	
PHOSPHATE ION TRANSPORT%GOBP%GO:0006817	PHOSPHATE ION TRANSPORT%GOBP%GO:0006817		18	-0.34137782	-0.9887193	0.45117846	1.0	1.0	3061	tags=17%, list=12%, signal=19%	
RENIN ANGIOTENSIN ALDOSTERONE SYSTEM RAAS %WIKIPATHWAYS_20260211%WP4756%HOMO SAPIENS	RENIN ANGIOTENSIN ALDOSTERONE SYSTEM RAAS %WIKIPATHWAYS_20260211%WP4756%HOMO SAPIENS		34	-0.29640317	-0.9880179	0.46387833	1.0	1.0	2461	tags=18%, list=10%, signal=20%	
REGULATION OF HYDROLASE ACTIVITY%GOBP%GO:0051336	REGULATION OF HYDROLASE ACTIVITY%GOBP%GO:0051336		155	-0.2300123	-0.98798	0.48514852	1.0	1.0	2078	tags=14%, list=8%, signal=15%	
G2 M TRANSITION%REACTOME%R-HSA-69275.7	G2 M TRANSITION%REACTOME%R-HSA-69275.7		173	-0.22342521	-0.9877344	0.52	1.0	1.0	4821	tags=28%, list=20%, signal=34%	
DEGRADATION OF THE EXTRACELLULAR MATRIX%REACTOME DATABASE ID RELEASE 95%1474228	DEGRADATION OF THE EXTRACELLULAR MATRIX%REACTOME DATABASE ID RELEASE 95%1474228		110	-0.23579752	-0.987442	0.5254237	1.0	1.0	1622	tags=10%, list=7%, signal=11%	
CELL-CELL JUNCTION ASSEMBLY%GOBP%GO:0007043	CELL-CELL JUNCTION ASSEMBLY%GOBP%GO:0007043		101	-0.24418809	-0.9869972	0.47741935	1.0	1.0	1808	tags=12%, list=7%, signal=13%	
SUPERPATHWAY OF PYRIMIDINE DEOXYRIBONUCLEOTIDES <I>DE NOVO< I> BIOSYNTHESIS%BIOCYC%PWY-7211	SUPERPATHWAY OF PYRIMIDINE DEOXYRIBONUCLEOTIDES <I>DE NOVO< I> BIOSYNTHESIS%BIOCYC%PWY-7211		21	-0.33629516	-0.9867479	0.47098976	1.0	1.0	2123	tags=14%, list=9%, signal=16%	
GLYCINE N-METHYLTRANSFERASE DEFICIENCY%SMPDB%SMP0000222	GLYCINE N-METHYLTRANSFERASE DEFICIENCY%SMPDB%SMP0000222		16	-0.36551157	-0.9862705	0.46381578	1.0	1.0	1600	tags=25%, list=7%, signal=27%	
COPII-MEDIATED VESICLE TRANSPORT%REACTOME%R-HSA-204005.6	COPII-MEDIATED VESICLE TRANSPORT%REACTOME%R-HSA-204005.6		69	-0.26236492	-0.98415315	0.5	1.0	1.0	2959	tags=25%, list=12%, signal=28%	
NEUROTROPHIN SIGNALING PATHWAY%GOBP%GO:0038179	NEUROTROPHIN SIGNALING PATHWAY%GOBP%GO:0038179		18	-0.3453434	-0.9839525	0.45054945	1.0	1.0	3408	tags=28%, list=14%, signal=32%	
POSITIVE REGULATION OF RESPONSE TO ENDOPLASMIC RETICULUM STRESS%GOBP%GO:1905898	POSITIVE REGULATION OF RESPONSE TO ENDOPLASMIC RETICULUM STRESS%GOBP%GO:1905898		35	-0.29110125	-0.98320705	0.48739496	1.0	1.0	5002	tags=31%, list=20%, signal=39%	
REGULATION OF CARBOHYDRATE CATABOLIC PROCESS%GOBP%GO:0043470	REGULATION OF CARBOHYDRATE CATABOLIC PROCESS%GOBP%GO:0043470		50	-0.26639724	-0.9826428	0.46575344	1.0	1.0	2491	tags=16%, list=10%, signal=18%	
REGULATION OF GTPASE ACTIVITY%GOBP%GO:0043087	REGULATION OF GTPASE ACTIVITY%GOBP%GO:0043087		117	-0.23564368	-0.9821119	0.47413793	1.0	1.0	2718	tags=17%, list=11%, signal=19%	
SENSORY PROCESSING OF SOUND BY OUTER HAIR CELLS OF THE COCHLEA%REACTOME DATABASE ID RELEASE 95%9662361	SENSORY PROCESSING OF SOUND BY OUTER HAIR CELLS OF THE COCHLEA%REACTOME DATABASE ID RELEASE 95%9662361		51	-0.27201548	-0.9820256	0.48404256	1.0	1.0	2524	tags=18%, list=10%, signal=20%	
LIPOPOLYSACCHARIDE-MEDIATED SIGNALING PATHWAY%GOBP%GO:0031663	LIPOPOLYSACCHARIDE-MEDIATED SIGNALING PATHWAY%GOBP%GO:0031663		19	-0.33692655	-0.9819356	0.5123675	1.0	1.0	923	tags=16%, list=4%, signal=16%	
TGF BETA RECEPTOR SIGNALING IN SKELETAL DYSPLASIAS%WIKIPATHWAYS_20260211%WP4816%HOMO SAPIENS	TGF BETA RECEPTOR SIGNALING IN SKELETAL DYSPLASIAS%WIKIPATHWAYS_20260211%WP4816%HOMO SAPIENS		51	-0.26888144	-0.9817438	0.49760765	1.0	1.0	3712	tags=22%, list=15%, signal=25%	
MEMBRANE REPOLARIZATION DURING CARDIAC MUSCLE CELL ACTION POTENTIAL%GOBP%GO:0086013	MEMBRANE REPOLARIZATION DURING CARDIAC MUSCLE CELL ACTION POTENTIAL%GOBP%GO:0086013		17	-0.35335696	-0.98164433	0.4778481	1.0	1.0	1812	tags=18%, list=7%, signal=19%	
NUCLEOSOME ASSEMBLY%REACTOME DATABASE ID RELEASE 95%774815	NUCLEOSOME ASSEMBLY%REACTOME DATABASE ID RELEASE 95%774815		52	-0.2662257	-0.9802634	0.47368422	1.0	1.0	1889	tags=13%, list=8%, signal=15%	
MITOTIC G2-G2 M PHASES%REACTOME%R-HSA-453274.4	MITOTIC G2-G2 M PHASES%REACTOME%R-HSA-453274.4		175	-0.2228336	-0.97952527	0.48192772	1.0	1.0	4821	tags=27%, list=20%, signal=34%	
NEGATIVE REGULATION OF EXTRINSIC APOPTOTIC SIGNALING PATHWAY VIA DEATH DOMAIN RECEPTORS%GOBP%GO:1902042	NEGATIVE REGULATION OF EXTRINSIC APOPTOTIC SIGNALING PATHWAY VIA DEATH DOMAIN RECEPTORS%GOBP%GO:1902042		24	-0.3216529	-0.97949404	0.46341464	1.0	1.0	2523	tags=29%, list=10%, signal=32%	
MODIFIED AMINO ACID CATABOLIC PROCESS%GOBP%GO:0042219	MODIFIED AMINO ACID CATABOLIC PROCESS%GOBP%GO:0042219		26	-0.31099275	-0.97936773	0.48550725	1.0	1.0	1195	tags=15%, list=5%, signal=16%	
CARGO CONCENTRATION IN THE ER%REACTOME DATABASE ID RELEASE 95%5694530	CARGO CONCENTRATION IN THE ER%REACTOME DATABASE ID RELEASE 95%5694530		33	-0.29706863	-0.9788247	0.5176471	1.0	1.0	912	tags=15%, list=4%, signal=16%	
CELL REDOX HOMEOSTASIS%GOBP%GO:0045454	CELL REDOX HOMEOSTASIS%GOBP%GO:0045454		38	-0.2826267	-0.97822696	0.45081967	1.0	1.0	1085	tags=11%, list=4%, signal=11%	
DEPOSITION OF NEW CENPA-CONTAINING NUCLEOSOMES AT THE CENTROMERE%REACTOME DATABASE ID RELEASE 95%606279	DEPOSITION OF NEW CENPA-CONTAINING NUCLEOSOMES AT THE CENTROMERE%REACTOME DATABASE ID RELEASE 95%606279		52	-0.2662257	-0.97790354	0.4723618	1.0	1.0	1889	tags=13%, list=8%, signal=15%	
POSITIVE REGULATION OF UBIQUITIN-DEPENDENT PROTEIN CATABOLIC PROCESS%GOBP%GO:2000060	POSITIVE REGULATION OF UBIQUITIN-DEPENDENT PROTEIN CATABOLIC PROCESS%GOBP%GO:2000060		91	-0.24210791	-0.9777263	0.5151515	1.0	1.0	1950	tags=13%, list=8%, signal=14%	
BIOCARTA_IL6_PATHWAY%MSIGDB_C2%BIOCARTA_IL6_PATHWAY	BIOCARTA_IL6_PATHWAY%MSIGDB_C2%BIOCARTA_IL6_PATHWAY		18	-0.3421148	-0.97739047	0.49382716	1.0	1.0	1334	tags=17%, list=5%, signal=18%	
RESPIRATORY SYNCYTIAL VIRUS INFECTION PATHWAY%REACTOME%R-HSA-9820952.2	RESPIRATORY SYNCYTIAL VIRUS INFECTION PATHWAY%REACTOME%R-HSA-9820952.2		119	-0.23660836	-0.977138	0.5	1.0	1.0	2396	tags=13%, list=10%, signal=15%	
GTP METABOLIC PROCESS%GOBP%GO:0046039	GTP METABOLIC PROCESS%GOBP%GO:0046039		16	-0.34792373	-0.9766557	0.48039216	1.0	1.0	2377	tags=38%, list=10%, signal=42%	
MICROTUBULE DEPOLYMERIZATION%GOBP%GO:0007019	MICROTUBULE DEPOLYMERIZATION%GOBP%GO:0007019		17	-0.34293166	-0.97639424	0.46885246	1.0	1.0	3590	tags=18%, list=15%, signal=21%	
DENGUE VIRUS ATTACHMENT AND ENTRY%REACTOME DATABASE ID RELEASE 95%9918485	DENGUE VIRUS ATTACHMENT AND ENTRY%REACTOME DATABASE ID RELEASE 95%9918485		44	-0.2807373	-0.9753966	0.48249027	1.0	1.0	2186	tags=14%, list=9%, signal=15%	
REGULATION OF VASCULAR ENDOTHELIAL CELL PROLIFERATION%GOBP%GO:1905562	REGULATION OF VASCULAR ENDOTHELIAL CELL PROLIFERATION%GOBP%GO:1905562		18	-0.3401952	-0.975187	0.4858044	1.0	1.0	464	tags=11%, list=2%, signal=11%	
ATF-2 TRANSCRIPTION FACTOR NETWORK%PATHWAY INTERACTION DATABASE NCI-NATURE CURATED DATA%ATF-2 TRANSCRIPTION FACTOR NETWORK	ATF-2 TRANSCRIPTION FACTOR NETWORK%PATHWAY INTERACTION DATABASE NCI-NATURE CURATED DATA%ATF-2 TRANSCRIPTION FACTOR NETWORK		59	-0.26345402	-0.9748153	0.47945204	1.0	1.0	4682	tags=31%, list=19%, signal=38%	
MTOR SIGNALING PATHWAY%PATHWAY INTERACTION DATABASE NCI-NATURE CURATED DATA%MTOR SIGNALING PATHWAY	MTOR SIGNALING PATHWAY%PATHWAY INTERACTION DATABASE NCI-NATURE CURATED DATA%MTOR SIGNALING PATHWAY		66	-0.25190675	-0.97450745	0.49171272	1.0	1.0	5109	tags=32%, list=21%, signal=40%	
DUAL INCISION IN GG-NER%REACTOME%R-HSA-5696400.3	DUAL INCISION IN GG-NER%REACTOME%R-HSA-5696400.3		40	-0.2825513	-0.97440773	0.505618	1.0	1.0	5676	tags=40%, list=23%, signal=52%	
VALIDATED TRANSCRIPTIONAL TARGETS OF DELTANP63 ISOFORMS%PATHWAY INTERACTION DATABASE NCI-NATURE CURATED DATA%VALIDATED TRANSCRIPTIONAL TARGETS OF DELTANP63 ISOFORMS	VALIDATED TRANSCRIPTIONAL TARGETS OF DELTANP63 ISOFORMS%PATHWAY INTERACTION DATABASE NCI-NATURE CURATED DATA%VALIDATED TRANSCRIPTIONAL TARGETS OF DELTANP63 ISOFORMS		47	-0.2715938	-0.974148	0.4729064	1.0	1.0	36	tags=4%, list=0%, signal=4%	
ENDOCHONDRAL OSSIFICATION WITH SKELETAL DYSPLASIAS%WIKIPATHWAYS_20260211%WP4808%HOMO SAPIENS	ENDOCHONDRAL OSSIFICATION WITH SKELETAL DYSPLASIAS%WIKIPATHWAYS_20260211%WP4808%HOMO SAPIENS		52	-0.2628197	-0.9741231	0.45933014	1.0	1.0	1409	tags=12%, list=6%, signal=12%	
NEGATIVE REGULATION OF BLOOD VESSEL ENDOTHELIAL CELL MIGRATION%GOBP%GO:0043537	NEGATIVE REGULATION OF BLOOD VESSEL ENDOTHELIAL CELL MIGRATION%GOBP%GO:0043537		35	-0.28800607	-0.9740964	0.4857143	1.0	1.0	5479	tags=34%, list=22%, signal=44%	
NEGATIVE REGULATION OF INSULIN SECRETION%GOBP%GO:0046676	NEGATIVE REGULATION OF INSULIN SECRETION%GOBP%GO:0046676		20	-0.33338156	-0.9740823	0.4903226	1.0	1.0	2696	tags=20%, list=11%, signal=22%	
MAP KINASE ACTIVATION%REACTOME%R-HSA-450294.5	MAP KINASE ACTIVATION%REACTOME%R-HSA-450294.5		62	-0.257204	-0.97385573	0.50476193	1.0	1.0	1334	tags=13%, list=5%, signal=14%	
TRK RECEPTOR SIGNALING MEDIATED BY PI3K AND PLC-GAMMA%PATHWAY INTERACTION DATABASE NCI-NATURE CURATED DATA%TRK RECEPTOR SIGNALING MEDIATED BY PI3K AND PLC-GAMMA	TRK RECEPTOR SIGNALING MEDIATED BY PI3K AND PLC-GAMMA%PATHWAY INTERACTION DATABASE NCI-NATURE CURATED DATA%TRK RECEPTOR SIGNALING MEDIATED BY PI3K AND PLC-GAMMA		36	-0.28746128	-0.9736657	0.5083333	1.0	1.0	5599	tags=31%, list=23%, signal=40%	
POSITIVE REGULATION OF PROTEIN SECRETION%GOBP%GO:0050714	POSITIVE REGULATION OF PROTEIN SECRETION%GOBP%GO:0050714		95	-0.23745802	-0.97300583	0.5308642	1.0	1.0	2802	tags=17%, list=11%, signal=19%	
POSITIVE REGULATION OF B CELL PROLIFERATION%GOBP%GO:0030890	POSITIVE REGULATION OF B CELL PROLIFERATION%GOBP%GO:0030890		30	-0.29912215	-0.97292674	0.49809885	1.0	1.0	2562	tags=20%, list=10%, signal=22%	
NEGATIVE REGULATION OF ESTABLISHMENT OF PROTEIN LOCALIZATION%GOBP%GO:1904950	NEGATIVE REGULATION OF ESTABLISHMENT OF PROTEIN LOCALIZATION%GOBP%GO:1904950		87	-0.2455312	-0.97231644	0.5345912	1.0	1.0	2914	tags=15%, list=12%, signal=17%	
MAINTENANCE OF LOCATION%GOBP%GO:0051235	MAINTENANCE OF LOCATION%GOBP%GO:0051235		57	-0.2624811	-0.97188544	0.49308756	1.0	1.0	1999	tags=12%, list=8%, signal=13%	
HALLMARK_TNFA_SIGNALING_VIA_NFKB%MSIGDBHALLMARK%HALLMARK_TNFA_SIGNALING_VIA_NFKB	HALLMARK_TNFA_SIGNALING_VIA_NFKB%MSIGDBHALLMARK%HALLMARK_TNFA_SIGNALING_VIA_NFKB		169	-0.21944895	-0.97180045	0.5531915	1.0	1.0	4430	tags=21%, list=18%, signal=25%	
MAINTENANCE OF PROTEIN LOCATION IN CELL%GOBP%GO:0032507	MAINTENANCE OF PROTEIN LOCATION IN CELL%GOBP%GO:0032507		48	-0.26905954	-0.97111535	0.5046729	1.0	1.0	1999	tags=13%, list=8%, signal=14%	
DISEASES OF PROGRAMMED CELL DEATH%REACTOME%R-HSA-9645723.8	DISEASES OF PROGRAMMED CELL DEATH%REACTOME%R-HSA-9645723.8		70	-0.25434324	-0.97087026	0.49462366	1.0	1.0	2424	tags=17%, list=10%, signal=19%	
SELENOAMINO ACID METABOLISM%REACTOME DATABASE ID RELEASE 95%2408522	SELENOAMINO ACID METABOLISM%REACTOME DATABASE ID RELEASE 95%2408522		116	-0.23449685	-0.97071916	0.4954955	1.0	1.0	5877	tags=31%, list=24%, signal=41%	
POSITIVE REGULATION OF PROTEASOMAL PROTEIN CATABOLIC PROCESS%GOBP%GO:1901800	POSITIVE REGULATION OF PROTEASOMAL PROTEIN CATABOLIC PROCESS%GOBP%GO:1901800		103	-0.23504326	-0.9693178	0.5540541	1.0	1.0	2622	tags=13%, list=11%, signal=14%	
GLYCOSPHINGOLIPID CATABOLISM%REACTOME DATABASE ID RELEASE 95%9840310	GLYCOSPHINGOLIPID CATABOLISM%REACTOME DATABASE ID RELEASE 95%9840310		37	-0.2805983	-0.9685962	0.5123967	1.0	1.0	1240	tags=14%, list=5%, signal=14%	
DISASSEMBLY OF THE DESTRUCTION COMPLEX AND RECRUITMENT OF AXIN TO THE MEMBRANE%REACTOME%R-HSA-4641262.6	DISASSEMBLY OF THE DESTRUCTION COMPLEX AND RECRUITMENT OF AXIN TO THE MEMBRANE%REACTOME%R-HSA-4641262.6		31	-0.2977074	-0.9683176	0.4979592	1.0	1.0	3951	tags=32%, list=16%, signal=38%	
REGULATION OF CELLULAR RESPIRATION%GOBP%GO:0043457	REGULATION OF CELLULAR RESPIRATION%GOBP%GO:0043457		34	-0.2923818	-0.96759135	0.47637796	1.0	1.0	3849	tags=29%, list=16%, signal=35%	
EAR MORPHOGENESIS%GOBP%GO:0042471	EAR MORPHOGENESIS%GOBP%GO:0042471		46	-0.27288774	-0.96744704	0.5347826	1.0	1.0	2177	tags=13%, list=9%, signal=14%	
PID_MYC_ACTIV_PATHWAY%MSIGDB_C2%PID_MYC_ACTIV_PATHWAY	PID_MYC_ACTIV_PATHWAY%MSIGDB_C2%PID_MYC_ACTIV_PATHWAY		65	-0.25021726	-0.9671711	0.57216495	1.0	1.0	4959	tags=37%, list=20%, signal=46%	
PEPTIDYL-TYROSINE DEPHOSPHORYLATION%GOBP%GO:0035335	PEPTIDYL-TYROSINE DEPHOSPHORYLATION%GOBP%GO:0035335		19	-0.32729048	-0.9669445	0.48013246	1.0	1.0	2074	tags=26%, list=8%, signal=29%	
XENOBIOTIC TRANSPORT%GOBP%GO:0042908	XENOBIOTIC TRANSPORT%GOBP%GO:0042908		35	-0.28549987	-0.9667621	0.50769234	1.0	1.0	2381	tags=20%, list=10%, signal=22%	
GLUCOCORTICOID RECEPTOR PATHWAY%WIKIPATHWAYS_20260211%WP2880%HOMO SAPIENS	GLUCOCORTICOID RECEPTOR PATHWAY%WIKIPATHWAYS_20260211%WP2880%HOMO SAPIENS		60	-0.25841904	-0.96664095	0.530303	1.0	1.0	2072	tags=17%, list=8%, signal=18%	
REGULATION OF PROTEIN IMPORT INTO NUCLEUS%GOBP%GO:0042306	REGULATION OF PROTEIN IMPORT INTO NUCLEUS%GOBP%GO:0042306		41	-0.27212065	-0.96565664	0.51131225	1.0	1.0	2914	tags=17%, list=12%, signal=19%	
NRIF SIGNALS CELL DEATH FROM THE NUCLEUS%REACTOME%R-HSA-205043.3	NRIF SIGNALS CELL DEATH FROM THE NUCLEUS%REACTOME%R-HSA-205043.3		16	-0.3440081	-0.96506995	0.51324505	1.0	1.0	1289	tags=19%, list=5%, signal=20%	
PID_ATR_PATHWAY%MSIGDB_C2%PID_ATR_PATHWAY	PID_ATR_PATHWAY%MSIGDB_C2%PID_ATR_PATHWAY		32	-0.2926516	-0.96487164	0.5390625	1.0	1.0	4594	tags=31%, list=19%, signal=38%	
SUPERPATHWAY OF PURINE NUCLEOTIDE SALVAGE%BIOCYC%PWY66-409	SUPERPATHWAY OF PURINE NUCLEOTIDE SALVAGE%BIOCYC%PWY66-409		29	-0.30062813	-0.9645089	0.5263158	1.0	1.0	2377	tags=21%, list=10%, signal=23%	
NEGATIVE REGULATION OF SMOOTH MUSCLE CELL PROLIFERATION%GOBP%GO:0048662	NEGATIVE REGULATION OF SMOOTH MUSCLE CELL PROLIFERATION%GOBP%GO:0048662		36	-0.28638545	-0.96437925	0.53113556	1.0	1.0	2737	tags=17%, list=11%, signal=19%	
MAINTENANCE OF LOCATION IN CELL%GOBP%GO:0051651	MAINTENANCE OF LOCATION IN CELL%GOBP%GO:0051651		57	-0.2624811	-0.9643152	0.545	1.0	1.0	1999	tags=12%, list=8%, signal=13%	
PID_PRL_SIGNALING_EVENTS_PATHWAY%MSIGDB_C2%PID_PRL_SIGNALING_EVENTS_PATHWAY	PID_PRL_SIGNALING_EVENTS_PATHWAY%MSIGDB_C2%PID_PRL_SIGNALING_EVENTS_PATHWAY		19	-0.32423475	-0.96430665	0.50328946	1.0	1.0	2737	tags=16%, list=11%, signal=18%	
MATURE B CELL DIFFERENTIATION INVOLVED IN IMMUNE RESPONSE%GOBP%GO:0002313	MATURE B CELL DIFFERENTIATION INVOLVED IN IMMUNE RESPONSE%GOBP%GO:0002313		15	-0.35527396	-0.96404624	0.49185666	1.0	1.0	4856	tags=53%, list=20%, signal=66%	
BRAIN DERIVED NEUROTROPHIC FACTOR BDNF SIGNALING%WIKIPATHWAYS_20260211%WP2380%HOMO SAPIENS	BRAIN DERIVED NEUROTROPHIC FACTOR BDNF SIGNALING%WIKIPATHWAYS_20260211%WP2380%HOMO SAPIENS		120	-0.22348063	-0.96342576	0.59016395	1.0	1.0	3175	tags=18%, list=13%, signal=21%	
RHOBTB1 GTPASE CYCLE%REACTOME%R-HSA-9013422.4	RHOBTB1 GTPASE CYCLE%REACTOME%R-HSA-9013422.4		23	-0.31221566	-0.9629845	0.4982699	1.0	1.0	5640	tags=52%, list=23%, signal=68%	
REGULATION OF KIDNEY DEVELOPMENT%GOBP%GO:0090183	REGULATION OF KIDNEY DEVELOPMENT%GOBP%GO:0090183		25	-0.30546468	-0.962969	0.53479856	1.0	1.0	1294	tags=12%, list=5%, signal=13%	
CELLULAR RESPONSE TO MOLECULE OF BACTERIAL ORIGIN%GOBP%GO:0071219	CELLULAR RESPONSE TO MOLECULE OF BACTERIAL ORIGIN%GOBP%GO:0071219		133	-0.22649279	-0.9626445	0.57272726	1.0	1.0	2246	tags=14%, list=9%, signal=15%	
NONSENSE MEDIATED DECAY (NMD) INDEPENDENT OF THE EXON JUNCTION COMPLEX (EJC)%REACTOME%R-HSA-975956.2	NONSENSE MEDIATED DECAY (NMD) INDEPENDENT OF THE EXON JUNCTION COMPLEX (EJC)%REACTOME%R-HSA-975956.2		95	-0.24011467	-0.96247655	0.5248227	1.0	1.0	6117	tags=34%, list=25%, signal=45%	
ESTABLISHMENT OF MITOCHONDRION LOCALIZATION%GOBP%GO:0051654	ESTABLISHMENT OF MITOCHONDRION LOCALIZATION%GOBP%GO:0051654		26	-0.3042035	-0.96223134	0.48421052	1.0	1.0	3402	tags=38%, list=14%, signal=45%	
MITOCHONDRIAL TRANSLATION TERMINATION%REACTOME%R-HSA-5419276.6	MITOCHONDRIAL TRANSLATION TERMINATION%REACTOME%R-HSA-5419276.6		89	-0.23710746	-0.9619408	0.5424837	1.0	1.0	5397	tags=37%, list=22%, signal=47%	
RHO PROTEIN SIGNAL TRANSDUCTION%GOBP%GO:0007266	RHO PROTEIN SIGNAL TRANSDUCTION%GOBP%GO:0007266		59	-0.25631863	-0.9617596	0.5252525	1.0	1.0	2659	tags=15%, list=11%, signal=17%	
EMBRYONIC APPENDAGE MORPHOGENESIS%GOBP%GO:0035113	EMBRYONIC APPENDAGE MORPHOGENESIS%GOBP%GO:0035113		37	-0.28321105	-0.9613933	0.51209676	1.0	1.0	3706	tags=27%, list=15%, signal=32%	
PID_RAC1_PATHWAY%MSIGDB_C2%PID_RAC1_PATHWAY	PID_RAC1_PATHWAY%MSIGDB_C2%PID_RAC1_PATHWAY		42	-0.27422595	-0.9613332	0.5575221	1.0	1.0	4758	tags=31%, list=19%, signal=38%	
O-LINKED GLYCOSYLATION OF MUCINS%REACTOME DATABASE ID RELEASE 95%913709	O-LINKED GLYCOSYLATION OF MUCINS%REACTOME DATABASE ID RELEASE 95%913709		63	-0.25589463	-0.9612149	0.5497076	1.0	1.0	1208	tags=11%, list=5%, signal=12%	
ERBB1 DOWNSTREAM SIGNALING%PATHWAY INTERACTION DATABASE NCI-NATURE CURATED DATA%ERBB1 DOWNSTREAM SIGNALING	ERBB1 DOWNSTREAM SIGNALING%PATHWAY INTERACTION DATABASE NCI-NATURE CURATED DATA%ERBB1 DOWNSTREAM SIGNALING		103	-0.23529443	-0.9611338	0.5540541	1.0	1.0	3454	tags=21%, list=14%, signal=25%	
PREFOLDIN MEDIATED TRANSFER OF SUBSTRATE TO CCT TRIC%REACTOME%R-HSA-389957.4	PREFOLDIN MEDIATED TRANSFER OF SUBSTRATE TO CCT TRIC%REACTOME%R-HSA-389957.4		28	-0.30747864	-0.96110535	0.5162455	1.0	1.0	4352	tags=36%, list=18%, signal=43%	
IL12 SIGNALING MEDIATED BY STAT4%PATHWAY INTERACTION DATABASE NCI-NATURE CURATED DATA%IL12 SIGNALING MEDIATED BY STAT4	IL12 SIGNALING MEDIATED BY STAT4%PATHWAY INTERACTION DATABASE NCI-NATURE CURATED DATA%IL12 SIGNALING MEDIATED BY STAT4		30	-0.29217368	-0.96086687	0.5	1.0	1.0	1850	tags=17%, list=8%, signal=18%	
BIOCARTA_EPO_PATHWAY%MSIGDB_C2%BIOCARTA_EPO_PATHWAY	BIOCARTA_EPO_PATHWAY%MSIGDB_C2%BIOCARTA_EPO_PATHWAY		16	-0.35164136	-0.96078354	0.5064516	1.0	1.0	1334	tags=19%, list=5%, signal=20%	
MATURATION OF SSU-RRNA FROM TRICISTRONIC RRNA TRANSCRIPT (SSU-RRNA, 5.8S RRNA, LSU-RRNA)%GOBP%GO:0000462	MATURATION OF SSU-RRNA FROM TRICISTRONIC RRNA TRANSCRIPT (SSU-RRNA, 5.8S RRNA, LSU-RRNA)%GOBP%GO:0000462		28	-0.30559927	-0.9602347	0.5189394	1.0	1.0	5381	tags=43%, list=22%, signal=55%	
TOLL LIKE RECEPTOR SIGNALING RELATED TO MYD88%WIKIPATHWAYS_20260211%WP3858%HOMO SAPIENS	TOLL LIKE RECEPTOR SIGNALING RELATED TO MYD88%WIKIPATHWAYS_20260211%WP3858%HOMO SAPIENS		28	-0.29502434	-0.960119	0.5118644	1.0	1.0	622	tags=11%, list=3%, signal=11%	
TGF-BETA SIGNALING PATHWAY%PANTHER PATHWAY%P00052	TGF-BETA SIGNALING PATHWAY%PANTHER PATHWAY%P00052		85	-0.24354476	-0.9595447	0.5416667	1.0	1.0	4184	tags=27%, list=17%, signal=33%	
EMBRYONIC LIMB MORPHOGENESIS%GOBP%GO:0030326	EMBRYONIC LIMB MORPHOGENESIS%GOBP%GO:0030326		37	-0.28321105	-0.9595101	0.5315985	1.0	1.0	3706	tags=27%, list=15%, signal=32%	
OLIGODENDROCYTE DIFFERENTIATION%GOBP%GO:0048709	OLIGODENDROCYTE DIFFERENTIATION%GOBP%GO:0048709		31	-0.2862447	-0.95942426	0.502008	1.0	1.0	105	tags=6%, list=0%, signal=6%	
REGULATION OF RESPONSE TO NUTRIENT LEVELS%GOBP%GO:0032107	REGULATION OF RESPONSE TO NUTRIENT LEVELS%GOBP%GO:0032107		26	-0.30638996	-0.95940065	0.5186441	1.0	1.0	172	tags=12%, list=1%, signal=12%	
DNA MISMATCH REPAIR%WIKIPATHWAYS_20260211%WP531%HOMO SAPIENS	DNA MISMATCH REPAIR%WIKIPATHWAYS_20260211%WP531%HOMO SAPIENS		18	-0.33508098	-0.95850396	0.4968153	1.0	1.0	4010	tags=33%, list=16%, signal=40%	
TOLL RECEPTOR SIGNALING PATHWAY%PANTHER PATHWAY%P00054	TOLL RECEPTOR SIGNALING PATHWAY%PANTHER PATHWAY%P00054		37	-0.289448	-0.95841414	0.5194805	1.0	1.0	622	tags=11%, list=3%, signal=11%	
PROTEIN DEGLYCOSYLATION%GOBP%GO:0006517	PROTEIN DEGLYCOSYLATION%GOBP%GO:0006517		17	-0.33189815	-0.9580526	0.4852459	1.0	1.0	4762	tags=41%, list=19%, signal=51%	
NEURON MIGRATION%GOBP%GO:0001764	NEURON MIGRATION%GOBP%GO:0001764		67	-0.25401375	-0.95796883	0.5625	1.0	1.0	2988	tags=18%, list=12%, signal=20%	
IL3 SIGNALING%WIKIPATHWAYS_20260211%WP286%HOMO SAPIENS	IL3 SIGNALING%WIKIPATHWAYS_20260211%WP286%HOMO SAPIENS		42	-0.2740243	-0.95751625	0.529148	1.0	1.0	2760	tags=24%, list=11%, signal=27%	
NEGATIVE REGULATION OF BIOMINERAL TISSUE DEVELOPMENT%GOBP%GO:0070168	NEGATIVE REGULATION OF BIOMINERAL TISSUE DEVELOPMENT%GOBP%GO:0070168		25	-0.31246677	-0.95747316	0.50757575	1.0	1.0	3854	tags=32%, list=16%, signal=38%	
SIGNALING BY NOTCH2%REACTOME%R-HSA-1980145.4	SIGNALING BY NOTCH2%REACTOME%R-HSA-1980145.4		35	-0.2907798	-0.95682377	0.5	1.0	1.0	3792	tags=26%, list=15%, signal=30%	
PID_BETA_CATENIN_DEG_PATHWAY%MSIGDB_C2%PID_BETA_CATENIN_DEG_PATHWAY	PID_BETA_CATENIN_DEG_PATHWAY%MSIGDB_C2%PID_BETA_CATENIN_DEG_PATHWAY		16	-0.35095406	-0.956691	0.5167785	1.0	1.0	6118	tags=50%, list=25%, signal=67%	
NEGATIVE REGULATION OF OSTEOBLAST DIFFERENTIATION%GOBP%GO:0045668	NEGATIVE REGULATION OF OSTEOBLAST DIFFERENTIATION%GOBP%GO:0045668		36	-0.27873105	-0.9564241	0.50209206	1.0	1.0	1488	tags=11%, list=6%, signal=12%	
REGULATION OF NUCLEOTIDE METABOLIC PROCESS%GOBP%GO:0006140	REGULATION OF NUCLEOTIDE METABOLIC PROCESS%GOBP%GO:0006140		68	-0.24610318	-0.9561371	0.5340314	1.0	1.0	2553	tags=18%, list=10%, signal=20%	
AMINO ACID BIOSYNTHETIC PROCESS%GOBP%GO:0008652	AMINO ACID BIOSYNTHETIC PROCESS%GOBP%GO:0008652		46	-0.2703251	-0.9560314	0.47272727	1.0	1.0	3892	tags=30%, list=16%, signal=36%	
GLYCOSAMINOGLYCAN METABOLISM%REACTOME DATABASE ID RELEASE 95%1630316	GLYCOSAMINOGLYCAN METABOLISM%REACTOME DATABASE ID RELEASE 95%1630316		133	-0.22545774	-0.95542425	0.59821427	1.0	1.0	1980	tags=12%, list=8%, signal=13%	
TRANSLESION SYNTHESIS BY Y FAMILY DNA POLYMERASES BYPASSES LESIONS ON DNA TEMPLATE%REACTOME DATABASE ID RELEASE 95%110313	TRANSLESION SYNTHESIS BY Y FAMILY DNA POLYMERASES BYPASSES LESIONS ON DNA TEMPLATE%REACTOME DATABASE ID RELEASE 95%110313		38	-0.27456826	-0.9553729	0.54320985	1.0	1.0	4407	tags=29%, list=18%, signal=35%	
MEIOTIC RECOMBINATION%REACTOME DATABASE ID RELEASE 95%912446	MEIOTIC RECOMBINATION%REACTOME DATABASE ID RELEASE 95%912446		56	-0.25887877	-0.9552672	0.5560538	1.0	1.0	1889	tags=14%, list=8%, signal=15%	
TARGETING YAP IN PANCREATIC DUCTAL ADENOCARCINOMA PDAC %WIKIPATHWAYS_20260211%WP5495%HOMO SAPIENS	TARGETING YAP IN PANCREATIC DUCTAL ADENOCARCINOMA PDAC %WIKIPATHWAYS_20260211%WP5495%HOMO SAPIENS		19	-0.3346516	-0.9552025	0.5104167	1.0	1.0	2491	tags=21%, list=10%, signal=23%	
PROTEIN LOCALIZATION TO GOLGI APPARATUS%GOBP%GO:0034067	PROTEIN LOCALIZATION TO GOLGI APPARATUS%GOBP%GO:0034067		31	-0.29252642	-0.9551949	0.52755904	1.0	1.0	3411	tags=26%, list=14%, signal=30%	
T-HELPER 1 CELL DIFFERENTIATION%GOBP%GO:0045063	T-HELPER 1 CELL DIFFERENTIATION%GOBP%GO:0045063		24	-0.30563986	-0.95491314	0.51263535	1.0	1.0	940	tags=13%, list=4%, signal=13%	
TGF-BETA RECEPTOR SIGNALING IN EMT (EPITHELIAL TO MESENCHYMAL TRANSITION)%REACTOME%R-HSA-2173791.3	TGF-BETA RECEPTOR SIGNALING IN EMT (EPITHELIAL TO MESENCHYMAL TRANSITION)%REACTOME%R-HSA-2173791.3		16	-0.35038662	-0.95316255	0.5	1.0	1.0	4512	tags=50%, list=18%, signal=61%	
REGULATION OF STRIATED MUSCLE CELL APOPTOTIC PROCESS%GOBP%GO:0010662	REGULATION OF STRIATED MUSCLE CELL APOPTOTIC PROCESS%GOBP%GO:0010662		15	-0.34909946	-0.9528692	0.5186441	1.0	1.0	16	tags=7%, list=0%, signal=7%	
SYNAPTIC SIGNALING ASSOCIATED WITH AUTISM SPECTRUM DISORDER%WIKIPATHWAYS_20260211%WP4539%HOMO SAPIENS	SYNAPTIC SIGNALING ASSOCIATED WITH AUTISM SPECTRUM DISORDER%WIKIPATHWAYS_20260211%WP4539%HOMO SAPIENS		42	-0.27415866	-0.9528658	0.5458167	1.0	1.0	2687	tags=19%, list=11%, signal=21%	
FOREBRAIN NEURON DEVELOPMENT%GOBP%GO:0021884	FOREBRAIN NEURON DEVELOPMENT%GOBP%GO:0021884		16	-0.3459881	-0.95254517	0.49514562	1.0	1.0	3108	tags=25%, list=13%, signal=29%	
SWITCHING OF ORIGINS TO A POST-REPLICATIVE STATE%REACTOME%R-HSA-69052.6	SWITCHING OF ORIGINS TO A POST-REPLICATIVE STATE%REACTOME%R-HSA-69052.6		79	-0.24630171	-0.95225734	0.5714286	1.0	1.0	4690	tags=34%, list=19%, signal=42%	
ANDROGEN RECEPTOR SIGNALING%WIKIPATHWAYS_20260211%WP138%HOMO SAPIENS	ANDROGEN RECEPTOR SIGNALING%WIKIPATHWAYS_20260211%WP138%HOMO SAPIENS		68	-0.2532424	-0.95224535	0.56020945	1.0	1.0	2659	tags=16%, list=11%, signal=18%	
SIGNALING BY NODAL%REACTOME%R-HSA-1181150.3	SIGNALING BY NODAL%REACTOME%R-HSA-1181150.3		22	-0.31658015	-0.9519792	0.519573	1.0	1.0	878	tags=14%, list=4%, signal=14%	
NUCLEOTIDE-SUGAR METABOLIC PROCESS%GOBP%GO:0009225	NUCLEOTIDE-SUGAR METABOLIC PROCESS%GOBP%GO:0009225		35	-0.28320196	-0.9516956	0.52988046	1.0	1.0	1867	tags=14%, list=8%, signal=15%	
1P36 COPY NUMBER VARIATION SYNDROME%WIKIPATHWAYS_20260211%WP5345%HOMO SAPIENS	1P36 COPY NUMBER VARIATION SYNDROME%WIKIPATHWAYS_20260211%WP5345%HOMO SAPIENS		87	-0.24284148	-0.95149565	0.5531915	1.0	1.0	5472	tags=33%, list=22%, signal=43%	
ARYL HYDROCARBON RECEPTOR PATHWAY%WIKIPATHWAYS_20260211%WP2873%HOMO SAPIENS	ARYL HYDROCARBON RECEPTOR PATHWAY%WIKIPATHWAYS_20260211%WP2873%HOMO SAPIENS		41	-0.28134033	-0.9514014	0.56122446	1.0	1.0	1157	tags=10%, list=5%, signal=10%	
FOXO FAMILY SIGNALING%PATHWAY INTERACTION DATABASE NCI-NATURE CURATED DATA%FOXO FAMILY SIGNALING	FOXO FAMILY SIGNALING%PATHWAY INTERACTION DATABASE NCI-NATURE CURATED DATA%FOXO FAMILY SIGNALING		48	-0.26308632	-0.9508886	0.53648067	1.0	1.0	2363	tags=19%, list=10%, signal=21%	
RESOLUTION OF AP SITES VIA THE MULTIPLE-NUCLEOTIDE PATCH REPLACEMENT PATHWAY%REACTOME DATABASE ID RELEASE 95%110373	RESOLUTION OF AP SITES VIA THE MULTIPLE-NUCLEOTIDE PATCH REPLACEMENT PATHWAY%REACTOME DATABASE ID RELEASE 95%110373		25	-0.31598657	-0.9503886	0.535461	1.0	1.0	6186	tags=40%, list=25%, signal=53%	
NEGATIVE EPIGENETIC REGULATION OF RRNA EXPRESSION%REACTOME DATABASE ID RELEASE 95%5250941	NEGATIVE EPIGENETIC REGULATION OF RRNA EXPRESSION%REACTOME DATABASE ID RELEASE 95%5250941		76	-0.24300604	-0.9497054	0.5689655	1.0	1.0	4414	tags=26%, list=18%, signal=32%	
TRIF (TICAM1)-MEDIATED TLR4 SIGNALING%REACTOME%R-HSA-937061.5	TRIF (TICAM1)-MEDIATED TLR4 SIGNALING%REACTOME%R-HSA-937061.5		106	-0.2266335	-0.94900686	0.6143791	1.0	1.0	3794	tags=21%, list=15%, signal=24%	
POLYSACCHARIDE METABOLIC PROCESS%GOBP%GO:0005976	POLYSACCHARIDE METABOLIC PROCESS%GOBP%GO:0005976		44	-0.26394832	-0.94829434	0.5339367	1.0	1.0	5872	tags=36%, list=24%, signal=48%	
REGULATION OF SMAD PROTEIN SIGNAL TRANSDUCTION%GOBP%GO:0060390	REGULATION OF SMAD PROTEIN SIGNAL TRANSDUCTION%GOBP%GO:0060390		60	-0.2526024	-0.94809324	0.56216216	1.0	1.0	3712	tags=25%, list=15%, signal=29%	
RESPONSE TO OXYGEN LEVELS%GOBP%GO:0070482	RESPONSE TO OXYGEN LEVELS%GOBP%GO:0070482		152	-0.22079116	-0.9473078	0.6440678	1.0	1.0	3778	tags=23%, list=15%, signal=27%	
SEROTONIN NEUROTRANSMITTER RELEASE CYCLE%REACTOME DATABASE ID RELEASE 95%181429	SEROTONIN NEUROTRANSMITTER RELEASE CYCLE%REACTOME DATABASE ID RELEASE 95%181429		17	-0.3419275	-0.9468928	0.5544218	1.0	1.0	3031	tags=29%, list=12%, signal=34%	
NEGATIVE REGULATION OF MAPK PATHWAY%REACTOME DATABASE ID RELEASE 95%5675221	NEGATIVE REGULATION OF MAPK PATHWAY%REACTOME DATABASE ID RELEASE 95%5675221		42	-0.26887122	-0.9463481	0.5887446	1.0	1.0	3745	tags=29%, list=15%, signal=34%	
PID_NOTCH_PATHWAY%MSIGDB_C2%PID_NOTCH_PATHWAY	PID_NOTCH_PATHWAY%MSIGDB_C2%PID_NOTCH_PATHWAY		45	-0.26492754	-0.94622105	0.56398106	1.0	1.0	1573	tags=11%, list=6%, signal=12%	
ENDOCHONDRAL OSSIFICATION%WIKIPATHWAYS_20260211%WP474%HOMO SAPIENS	ENDOCHONDRAL OSSIFICATION%WIKIPATHWAYS_20260211%WP474%HOMO SAPIENS		52	-0.2628197	-0.94603044	0.5714286	1.0	1.0	1409	tags=12%, list=6%, signal=12%	
MAINTENANCE OF PROTEIN LOCATION%GOBP%GO:0045185	MAINTENANCE OF PROTEIN LOCATION%GOBP%GO:0045185		48	-0.26905954	-0.9457206	0.5947136	1.0	1.0	1999	tags=13%, list=8%, signal=14%	
SIGNALING BY HEDGEHOG%REACTOME DATABASE ID RELEASE 95%5358351	SIGNALING BY HEDGEHOG%REACTOME DATABASE ID RELEASE 95%5358351		122	-0.2213525	-0.945571	0.62903225	1.0	1.0	4658	tags=30%, list=19%, signal=37%	
BETA5 BETA6 BETA7 AND BETA8 INTEGRIN CELL SURFACE INTERACTIONS%PATHWAY INTERACTION DATABASE NCI-NATURE CURATED DATA%BETA5 BETA6 BETA7 AND BETA8 INTEGRIN CELL SURFACE INTERACTIONS	BETA5 BETA6 BETA7 AND BETA8 INTEGRIN CELL SURFACE INTERACTIONS%PATHWAY INTERACTION DATABASE NCI-NATURE CURATED DATA%BETA5 BETA6 BETA7 AND BETA8 INTEGRIN CELL SURFACE INTERACTIONS		17	-0.34059927	-0.9455045	0.52443	1.0	1.0	17	tags=6%, list=0%, signal=6%	
NUCLEAR MIGRATION%GOBP%GO:0007097	NUCLEAR MIGRATION%GOBP%GO:0007097		21	-0.31920898	-0.9450001	0.5080906	1.0	1.0	2343	tags=14%, list=10%, signal=16%	
REGULATION OF PURINE NUCLEOTIDE METABOLIC PROCESS%GOBP%GO:1900542	REGULATION OF PURINE NUCLEOTIDE METABOLIC PROCESS%GOBP%GO:1900542		68	-0.24610318	-0.94445175	0.6	1.0	1.0	2553	tags=18%, list=10%, signal=20%	
RRNA PROCESSING%GOBP%GO:0006364	RRNA PROCESSING%GOBP%GO:0006364		180	-0.21568964	-0.9443811	0.73255813	1.0	1.0	4545	tags=28%, list=19%, signal=35%	
IL6%NETPATH%IL6	IL6%NETPATH%IL6		55	-0.25283742	-0.9438296	0.61904764	1.0	1.0	2806	tags=16%, list=11%, signal=18%	
SENSORY ORGAN MORPHOGENESIS%GOBP%GO:0090596	SENSORY ORGAN MORPHOGENESIS%GOBP%GO:0090596		129	-0.22049025	-0.94358516	0.59166664	1.0	1.0	2429	tags=14%, list=10%, signal=15%	
REGULATION OF ORGAN GROWTH%GOBP%GO:0046620	REGULATION OF ORGAN GROWTH%GOBP%GO:0046620		36	-0.2794842	-0.9431416	0.57539684	1.0	1.0	1621	tags=17%, list=7%, signal=18%	
NEGATIVE REGULATION OF MRNA METABOLIC PROCESS%GOBP%GO:1903312	NEGATIVE REGULATION OF MRNA METABOLIC PROCESS%GOBP%GO:1903312		104	-0.22976524	-0.9430905	0.62857145	1.0	1.0	3909	tags=26%, list=16%, signal=31%	
CELLULAR RESPONSE TO BIOTIC STIMULUS%GOBP%GO:0071216	CELLULAR RESPONSE TO BIOTIC STIMULUS%GOBP%GO:0071216		153	-0.21562915	-0.94296134	0.6321839	1.0	1.0	2246	tags=14%, list=9%, signal=15%	
REGULATION OF PYRUVATE METABOLISM%REACTOME DATABASE ID RELEASE 95%9861718	REGULATION OF PYRUVATE METABOLISM%REACTOME DATABASE ID RELEASE 95%9861718		31	-0.2860199	-0.9425071	0.5276596	1.0	1.0	1583	tags=13%, list=6%, signal=14%	
NEGATIVE REGULATION OF CELL JUNCTION ASSEMBLY%GOBP%GO:1901889	NEGATIVE REGULATION OF CELL JUNCTION ASSEMBLY%GOBP%GO:1901889		29	-0.288142	-0.9421959	0.56630826	1.0	1.0	3108	tags=24%, list=13%, signal=28%	
HEPATITIS B INFECTION%WIKIPATHWAYS_20260211%WP4666%HOMO SAPIENS	HEPATITIS B INFECTION%WIKIPATHWAYS_20260211%WP4666%HOMO SAPIENS		127	-0.22497582	-0.94196415	0.6280992	1.0	1.0	3712	tags=20%, list=15%, signal=23%	
G1 S DNA DAMAGE CHECKPOINTS%REACTOME DATABASE ID RELEASE 95%69615	G1 S DNA DAMAGE CHECKPOINTS%REACTOME DATABASE ID RELEASE 95%69615		67	-0.24884754	-0.9414911	0.5714286	1.0	1.0	4658	tags=31%, list=19%, signal=39%	
CANONICAL AND NON CANONICAL TGF B SIGNALING%WIKIPATHWAYS_20260211%WP3874%HOMO SAPIENS	CANONICAL AND NON CANONICAL TGF B SIGNALING%WIKIPATHWAYS_20260211%WP3874%HOMO SAPIENS		16	-0.3397867	-0.9410406	0.51384616	1.0	1.0	170	tags=13%, list=1%, signal=13%	
MATURE B CELL DIFFERENTIATION%GOBP%GO:0002335	MATURE B CELL DIFFERENTIATION%GOBP%GO:0002335		16	-0.3409439	-0.94060624	0.5427632	1.0	1.0	4856	tags=50%, list=20%, signal=62%	
MAP3K1 ROLE IN PROMOTING AND BLOCKING GONADAL DETERMINATION%WIKIPATHWAYS_20260211%WP4872%HOMO SAPIENS	MAP3K1 ROLE IN PROMOTING AND BLOCKING GONADAL DETERMINATION%WIKIPATHWAYS_20260211%WP4872%HOMO SAPIENS		15	-0.34751138	-0.9397052	0.5180723	1.0	1.0	1968	tags=20%, list=8%, signal=22%	
MYD88 DEPENDENT CASCADE INITIATED ON ENDOSOME%REACTOME%R-HSA-975155.6	MYD88 DEPENDENT CASCADE INITIATED ON ENDOSOME%REACTOME%R-HSA-975155.6		100	-0.22934587	-0.9395154	0.6148649	1.0	1.0	3794	tags=22%, list=15%, signal=26%	
REGULATION OF NOTCH SIGNALING PATHWAY%GOBP%GO:0008593	REGULATION OF NOTCH SIGNALING PATHWAY%GOBP%GO:0008593		77	-0.23771743	-0.9392458	0.6263158	1.0	1.0	2400	tags=14%, list=10%, signal=16%	
INTERMEMBRANE LIPID TRANSFER%GOBP%GO:0120009	INTERMEMBRANE LIPID TRANSFER%GOBP%GO:0120009		15	-0.34772092	-0.9379576	0.5401929	1.0	1.0	3759	tags=27%, list=15%, signal=31%	
PTEN REGULATION%REACTOME%R-HSA-6807070.4	PTEN REGULATION%REACTOME%R-HSA-6807070.4		125	-0.222426	-0.9378283	0.6454545	1.0	1.0	4265	tags=26%, list=17%, signal=31%	
CHONDROITIN SULFATE DERMATAN SULFATE METABOLISM%REACTOME DATABASE ID RELEASE 95%1793185	CHONDROITIN SULFATE DERMATAN SULFATE METABOLISM%REACTOME DATABASE ID RELEASE 95%1793185		36	-0.27854934	-0.93758494	0.4871795	1.0	1.0	954	tags=11%, list=4%, signal=12%	
ASSEMBLY OF THE PRE-REPLICATIVE COMPLEX%REACTOME DATABASE ID RELEASE 95%68867	ASSEMBLY OF THE PRE-REPLICATIVE COMPLEX%REACTOME DATABASE ID RELEASE 95%68867		100	-0.22991537	-0.93740845	0.61904764	1.0	1.0	4409	tags=28%, list=18%, signal=34%	
MITOCHONDRIAL TRANSLATION INITIATION%REACTOME%R-HSA-5368286.3	MITOCHONDRIAL TRANSLATION INITIATION%REACTOME%R-HSA-5368286.3		88	-0.23430066	-0.93699676	0.65625	1.0	1.0	5397	tags=38%, list=22%, signal=48%	
MITOCHONDRIAL TRNA PROCESSING%GOBP%GO:0090646	MITOCHONDRIAL TRNA PROCESSING%GOBP%GO:0090646		17	-0.33720225	-0.93652415	0.5625	1.0	1.0	1892	tags=18%, list=8%, signal=19%	
CELL FATE COMMITMENT INVOLVED IN FORMATION OF PRIMARY GERM LAYER%GOBP%GO:0060795	CELL FATE COMMITMENT INVOLVED IN FORMATION OF PRIMARY GERM LAYER%GOBP%GO:0060795		16	-0.33540305	-0.936413	0.5548387	1.0	1.0	147	tags=6%, list=1%, signal=6%	
POSITIVE REGULATION OF SYNAPTIC TRANSMISSION%GOBP%GO:0050806	POSITIVE REGULATION OF SYNAPTIC TRANSMISSION%GOBP%GO:0050806		91	-0.22907965	-0.9363737	0.5782313	1.0	1.0	1660	tags=11%, list=7%, signal=12%	
CARTILAGE DEVELOPMENT%GOBP%GO:0051216	CARTILAGE DEVELOPMENT%GOBP%GO:0051216		70	-0.23872852	-0.9356324	0.625731	1.0	1.0	1328	tags=9%, list=5%, signal=9%	
PID_IL1_PATHWAY%MSIGDB_C2%PID_IL1_PATHWAY	PID_IL1_PATHWAY%MSIGDB_C2%PID_IL1_PATHWAY		27	-0.30857992	-0.93534887	0.5555556	1.0	1.0	422	tags=11%, list=2%, signal=11%	
FOXO-MEDIATED TRANSCRIPTION%REACTOME%R-HSA-9614085.3	FOXO-MEDIATED TRANSCRIPTION%REACTOME%R-HSA-9614085.3		65	-0.24584134	-0.93516725	0.625	1.0	1.0	2737	tags=17%, list=11%, signal=19%	
BASIGIN INTERACTIONS%REACTOME DATABASE ID RELEASE 95%210991	BASIGIN INTERACTIONS%REACTOME DATABASE ID RELEASE 95%210991		25	-0.30270633	-0.93508995	0.5529412	1.0	1.0	1702	tags=20%, list=7%, signal=21%	
REGULATION OF VASCULAR ENDOTHELIAL GROWTH FACTOR SIGNALING PATHWAY%GOBP%GO:1900746	REGULATION OF VASCULAR ENDOTHELIAL GROWTH FACTOR SIGNALING PATHWAY%GOBP%GO:1900746		28	-0.29773572	-0.934935	0.55172414	1.0	1.0	4102	tags=21%, list=17%, signal=26%	
POSITIVE REGULATION OF INTRACELLULAR TRANSPORT%GOBP%GO:0032388	POSITIVE REGULATION OF INTRACELLULAR TRANSPORT%GOBP%GO:0032388		130	-0.2201486	-0.9343296	0.69491524	1.0	1.0	2929	tags=15%, list=12%, signal=17%	
PEPTIDE TRANSPORT%GOBP%GO:0015833	PEPTIDE TRANSPORT%GOBP%GO:0015833		49	-0.25638828	-0.93415904	0.58035713	1.0	1.0	3654	tags=24%, list=15%, signal=29%	
FOREBRAIN GENERATION OF NEURONS%GOBP%GO:0021872	FOREBRAIN GENERATION OF NEURONS%GOBP%GO:0021872		32	-0.28416875	-0.93382454	0.55595666	1.0	1.0	3108	tags=22%, list=13%, signal=25%	
LIPID METABOLISM PATHWAY%WIKIPATHWAYS_20260211%WP3965%HOMO SAPIENS	LIPID METABOLISM PATHWAY%WIKIPATHWAYS_20260211%WP3965%HOMO SAPIENS		21	-0.31330615	-0.9331636	0.5689655	1.0	1.0	2491	tags=19%, list=10%, signal=21%	
SPLICEOSOMAL COMPLEX ASSEMBLY%GOBP%GO:0000245	SPLICEOSOMAL COMPLEX ASSEMBLY%GOBP%GO:0000245		75	-0.23881091	-0.93314916	0.625	1.0	1.0	2858	tags=20%, list=12%, signal=23%	
ANATOMICAL STRUCTURE HOMEOSTASIS%GOBP%GO:0060249	ANATOMICAL STRUCTURE HOMEOSTASIS%GOBP%GO:0060249		136	-0.21844146	-0.9329431	0.6761905	1.0	1.0	1769	tags=12%, list=7%, signal=13%	
SENSORY PERCEPTION OF SOUND%GOBP%GO:0007605	SENSORY PERCEPTION OF SOUND%GOBP%GO:0007605		112	-0.22568753	-0.9327956	0.6363636	1.0	1.0	2486	tags=14%, list=10%, signal=16%	
POSITIVE REGULATION OF MIRNA TRANSCRIPTION%GOBP%GO:1902895	POSITIVE REGULATION OF MIRNA TRANSCRIPTION%GOBP%GO:1902895		48	-0.26553273	-0.9327928	0.58152175	1.0	1.0	2802	tags=21%, list=11%, signal=23%	
NEGATIVE REGULATION OF CARBOHYDRATE METABOLIC PROCESS%GOBP%GO:0045912	NEGATIVE REGULATION OF CARBOHYDRATE METABOLIC PROCESS%GOBP%GO:0045912		39	-0.26532242	-0.93224216	0.59016395	1.0	1.0	3511	tags=23%, list=14%, signal=27%	
2-HYDROXYGLUTRIC ACIDURIA (D AND L FORM)%SMPDB%SMP0000136	2-HYDROXYGLUTRIC ACIDURIA (D AND L FORM)%SMPDB%SMP0000136		21	-0.30999961	-0.93096423	0.57039714	1.0	1.0	476	tags=10%, list=2%, signal=10%	
REGULATION OF CARDIAC MUSCLE TISSUE GROWTH%GOBP%GO:0055021	REGULATION OF CARDIAC MUSCLE TISSUE GROWTH%GOBP%GO:0055021		25	-0.30140987	-0.93050283	0.5479452	1.0	1.0	2942	tags=24%, list=12%, signal=27%	
STRIATED MUSCLE CELL DIFFERENTIATION%GOBP%GO:0051146	STRIATED MUSCLE CELL DIFFERENTIATION%GOBP%GO:0051146		132	-0.22130653	-0.9303209	0.65346533	1.0	1.0	2110	tags=11%, list=9%, signal=12%	
EMBRYONIC CRANIAL SKELETON MORPHOGENESIS%GOBP%GO:0048701	EMBRYONIC CRANIAL SKELETON MORPHOGENESIS%GOBP%GO:0048701		15	-0.33798358	-0.9300284	0.56013745	1.0	1.0	1488	tags=20%, list=6%, signal=21%	
CIRCADIAN RHYTHM GENES%WIKIPATHWAYS_20260211%WP3594%HOMO SAPIENS	CIRCADIAN RHYTHM GENES%WIKIPATHWAYS_20260211%WP3594%HOMO SAPIENS		164	-0.20821184	-0.9287944	0.72527474	1.0	1.0	3890	tags=22%, list=16%, signal=26%	
TOLL LIKE RECEPTOR 7 8 (TLR7 8) CASCADE%REACTOME%R-HSA-168181.9	TOLL LIKE RECEPTOR 7 8 (TLR7 8) CASCADE%REACTOME%R-HSA-168181.9		104	-0.22438098	-0.92842484	0.66412216	1.0	1.0	3794	tags=21%, list=15%, signal=25%	
RAC 1 CELL MOTILITY SIGNALING PATHWAY%SMPDB%SMP0063795	RAC 1 CELL MOTILITY SIGNALING PATHWAY%SMPDB%SMP0063795		22	-0.31042248	-0.92827773	0.56393445	1.0	1.0	4714	tags=32%, list=19%, signal=39%	
SUMOYLATION OF TRANSCRIPTION COFACTORS%REACTOME%R-HSA-3899300.7	SUMOYLATION OF TRANSCRIPTION COFACTORS%REACTOME%R-HSA-3899300.7		42	-0.2628142	-0.9278697	0.60337555	1.0	1.0	1919	tags=14%, list=8%, signal=15%	
DEGRADATION OF BETA CATENIN%PATHWAY INTERACTION DATABASE NCI-NATURE CURATED DATA%DEGRADATION OF BETA CATENIN	DEGRADATION OF BETA CATENIN%PATHWAY INTERACTION DATABASE NCI-NATURE CURATED DATA%DEGRADATION OF BETA CATENIN		18	-0.31938958	-0.9278423	0.5681063	1.0	1.0	6118	tags=44%, list=25%, signal=59%	
TISSUE HOMEOSTASIS%GOBP%GO:0001894	TISSUE HOMEOSTASIS%GOBP%GO:0001894		136	-0.21844146	-0.92741257	0.6846847	1.0	1.0	1769	tags=12%, list=7%, signal=13%	
RESPONSE OF MTB TO PHAGOCYTOSIS%REACTOME%R-HSA-9637690.3	RESPONSE OF MTB TO PHAGOCYTOSIS%REACTOME%R-HSA-9637690.3		23	-0.31225312	-0.9273096	0.52380955	1.0	1.0	752	tags=13%, list=3%, signal=13%	
CYCLIN E ASSOCIATED EVENTS DURING G1 S TRANSITION%REACTOME%R-HSA-69202.5	CYCLIN E ASSOCIATED EVENTS DURING G1 S TRANSITION%REACTOME%R-HSA-69202.5		73	-0.23295969	-0.9269426	0.62983423	1.0	1.0	5347	tags=33%, list=22%, signal=42%	
REGULATION OF ATP METABOLIC PROCESS%GOBP%GO:1903578	REGULATION OF ATP METABOLIC PROCESS%GOBP%GO:1903578		59	-0.2514166	-0.9267463	0.6509434	1.0	1.0	2491	tags=17%, list=10%, signal=19%	
PID_INTEGRIN3_PATHWAY%MSIGDB_C2%PID_INTEGRIN3_PATHWAY	PID_INTEGRIN3_PATHWAY%MSIGDB_C2%PID_INTEGRIN3_PATHWAY		35	-0.28585914	-0.926707	0.6052632	1.0	1.0	981	tags=11%, list=4%, signal=12%	
TRAF6 MEDIATED INDUCTION OF NFKB AND MAP KINASES UPON TLR7 8 OR 9 ACTIVATION%REACTOME%R-HSA-975138.5	TRAF6 MEDIATED INDUCTION OF NFKB AND MAP KINASES UPON TLR7 8 OR 9 ACTIVATION%REACTOME%R-HSA-975138.5		99	-0.23167731	-0.92666847	0.6447368	1.0	1.0	3794	tags=22%, list=15%, signal=26%	
REGULATION OF MICROTUBULE NUCLEATION%GOBP%GO:0010968	REGULATION OF MICROTUBULE NUCLEATION%GOBP%GO:0010968		18	-0.32755283	-0.9264165	0.5753425	1.0	1.0	1286	tags=11%, list=5%, signal=12%	
POSITIVE REGULATION OF TYPE II INTERFERON PRODUCTION%GOBP%GO:0032729	POSITIVE REGULATION OF TYPE II INTERFERON PRODUCTION%GOBP%GO:0032729		69	-0.23646374	-0.92589754	0.64457834	1.0	1.0	2798	tags=16%, list=11%, signal=18%	
TOLL-LIKE RECEPTOR PATHWAY 1%PATHWHIZ%PW064909	TOLL-LIKE RECEPTOR PATHWAY 1%PATHWHIZ%PW064909		33	-0.28308424	-0.92589474	0.5687023	1.0	1.0	3794	tags=27%, list=15%, signal=32%	
REGULATION OF MYELINATION%GOBP%GO:0031641	REGULATION OF MYELINATION%GOBP%GO:0031641		27	-0.296929	-0.9258891	0.57894737	1.0	1.0	1938	tags=22%, list=8%, signal=24%	
SLC-MEDIATED TRANSPORT OF AMINO ACIDS%REACTOME%R-HSA-9958863.1	SLC-MEDIATED TRANSPORT OF AMINO ACIDS%REACTOME%R-HSA-9958863.1		36	-0.2746902	-0.92584157	0.6344538	1.0	1.0	1702	tags=19%, list=7%, signal=21%	
TETRAHYDROFOLATE METABOLIC PROCESS%GOBP%GO:0046653	TETRAHYDROFOLATE METABOLIC PROCESS%GOBP%GO:0046653		15	-0.3346662	-0.9256317	0.52866244	1.0	1.0	3764	tags=33%, list=15%, signal=39%	
PROSTAGLANDIN AND LEUKOTRIENE METABOLISM IN SENESCENCE %WIKIPATHWAYS_20260211%WP5122%HOMO SAPIENS	PROSTAGLANDIN AND LEUKOTRIENE METABOLISM IN SENESCENCE %WIKIPATHWAYS_20260211%WP5122%HOMO SAPIENS		26	-0.3011534	-0.9253529	0.6028369	1.0	1.0	2951	tags=27%, list=12%, signal=31%	
MYD88-INDEPENDENT TLR4 CASCADE%REACTOME DATABASE ID RELEASE 95%166166	MYD88-INDEPENDENT TLR4 CASCADE%REACTOME DATABASE ID RELEASE 95%166166		106	-0.2266335	-0.92490166	0.6793893	1.0	1.0	3794	tags=21%, list=15%, signal=24%	
LYSOSOMAL LUMEN ACIDIFICATION%GOBP%GO:0007042	LYSOSOMAL LUMEN ACIDIFICATION%GOBP%GO:0007042		21	-0.31441623	-0.92420846	0.5971223	1.0	1.0	3363	tags=29%, list=14%, signal=33%	
RESPONSE TO TYPE I INTERFERON%GOBP%GO:0034340	RESPONSE TO TYPE I INTERFERON%GOBP%GO:0034340		86	-0.23702821	-0.92407787	0.6891892	1.0	1.0	4658	tags=28%, list=19%, signal=34%	
HYPERINSULINISM-HYPERAMMONEMIA SYNDROME%PATHWHIZ%PW000072	HYPERINSULINISM-HYPERAMMONEMIA SYNDROME%PATHWHIZ%PW000072		21	-0.30999961	-0.9238118	0.56565654	1.0	1.0	476	tags=10%, list=2%, signal=10%	
REGULATION OF MIRNA TRANSCRIPTION%GOBP%GO:1902893	REGULATION OF MIRNA TRANSCRIPTION%GOBP%GO:1902893		65	-0.2460542	-0.9237622	0.6566265	1.0	1.0	3195	tags=23%, list=13%, signal=26%	
INTRINSIC APOPTOTIC SIGNALING PATHWAY BY P53 CLASS MEDIATOR%GOBP%GO:0072332	INTRINSIC APOPTOTIC SIGNALING PATHWAY BY P53 CLASS MEDIATOR%GOBP%GO:0072332		38	-0.2745425	-0.92363495	0.61960787	1.0	1.0	2400	tags=21%, list=10%, signal=23%	
PID_TELOMERASE_PATHWAY%MSIGDB_C2%PID_TELOMERASE_PATHWAY	PID_TELOMERASE_PATHWAY%MSIGDB_C2%PID_TELOMERASE_PATHWAY		58	-0.24950361	-0.9227687	0.5967742	1.0	1.0	1819	tags=10%, list=7%, signal=11%	
NEUROGENESIS REGULATION IN THE OLFACTORY EPITHELIUM%WIKIPATHWAYS_20260211%WP5265%HOMO SAPIENS	NEUROGENESIS REGULATION IN THE OLFACTORY EPITHELIUM%WIKIPATHWAYS_20260211%WP5265%HOMO SAPIENS		47	-0.2545139	-0.9225191	0.6180258	1.0	1.0	766	tags=9%, list=3%, signal=9%	
BONE DEVELOPMENT%GOBP%GO:0060348	BONE DEVELOPMENT%GOBP%GO:0060348		91	-0.23124345	-0.92226654	0.6442953	1.0	1.0	1980	tags=12%, list=8%, signal=13%	
BDNF TRKB SIGNALING%WIKIPATHWAYS_20260211%WP3676%HOMO SAPIENS	BDNF TRKB SIGNALING%WIKIPATHWAYS_20260211%WP3676%HOMO SAPIENS		29	-0.2898859	-0.92200696	0.6	1.0	1.0	2792	tags=21%, list=11%, signal=23%	
HALLMARK_ESTROGEN_RESPONSE_EARLY%MSIGDBHALLMARK%HALLMARK_ESTROGEN_RESPONSE_EARLY	HALLMARK_ESTROGEN_RESPONSE_EARLY%MSIGDBHALLMARK%HALLMARK_ESTROGEN_RESPONSE_EARLY		174	-0.20897903	-0.9213538	0.7432432	1.0	1.0	2645	tags=17%, list=11%, signal=19%	
CELLULAR RESPONSE TO VASCULAR ENDOTHELIAL GROWTH FACTOR STIMULUS%GOBP%GO:0035924	CELLULAR RESPONSE TO VASCULAR ENDOTHELIAL GROWTH FACTOR STIMULUS%GOBP%GO:0035924		39	-0.26771355	-0.9206366	0.5714286	1.0	1.0	1677	tags=13%, list=7%, signal=14%	
ISOPRENOID METABOLIC PROCESS%GOBP%GO:0006720	ISOPRENOID METABOLIC PROCESS%GOBP%GO:0006720		97	-0.22636907	-0.92052394	0.6838235	1.0	1.0	1535	tags=11%, list=6%, signal=12%	
TRANSLESION SYNTHESIS%GOBP%GO:0019985	TRANSLESION SYNTHESIS%GOBP%GO:0019985		25	-0.30044165	-0.92028415	0.61130744	1.0	1.0	4340	tags=28%, list=18%, signal=34%	
REGULATION OF TELOMERASE%PATHWAY INTERACTION DATABASE NCI-NATURE CURATED DATA%REGULATION OF TELOMERASE	REGULATION OF TELOMERASE%PATHWAY INTERACTION DATABASE NCI-NATURE CURATED DATA%REGULATION OF TELOMERASE		68	-0.24386363	-0.92016655	0.6178011	1.0	1.0	1819	tags=10%, list=7%, signal=11%	
4-HYDROXYBUTYRIC ACIDURIA SUCCINIC SEMIALDEHYDE DEHYDROGENASE DEFICIENCY%SMPDB%SMP0000243	4-HYDROXYBUTYRIC ACIDURIA SUCCINIC SEMIALDEHYDE DEHYDROGENASE DEFICIENCY%SMPDB%SMP0000243		21	-0.30999961	-0.9199923	0.57741934	1.0	1.0	476	tags=10%, list=2%, signal=10%	
GLUTAMATE METABOLISM%PATHWHIZ%PW000003	GLUTAMATE METABOLISM%PATHWHIZ%PW000003		21	-0.30999961	-0.9195441	0.57246375	1.0	1.0	476	tags=10%, list=2%, signal=10%	
DNA SYNTHESIS INVOLVED IN DNA REPLICATION%GOBP%GO:0090592	DNA SYNTHESIS INVOLVED IN DNA REPLICATION%GOBP%GO:0090592		26	-0.29112646	-0.9187109	0.60294116	1.0	1.0	4340	tags=27%, list=18%, signal=33%	
REGULATION OF MEMBRANE PROTEIN ECTODOMAIN PROTEOLYSIS%GOBP%GO:0051043	REGULATION OF MEMBRANE PROTEIN ECTODOMAIN PROTEOLYSIS%GOBP%GO:0051043		24	-0.30011764	-0.9183847	0.57615894	1.0	1.0	1898	tags=13%, list=8%, signal=14%	
ACTIN FILAMENT SEVERING%GOBP%GO:0051014	ACTIN FILAMENT SEVERING%GOBP%GO:0051014		15	-0.3444451	-0.91788507	0.5474006	1.0	1.0	2068	tags=20%, list=8%, signal=22%	
POSITIVE REGULATION OF HYDROLASE ACTIVITY%GOBP%GO:0051345	POSITIVE REGULATION OF HYDROLASE ACTIVITY%GOBP%GO:0051345		101	-0.22195838	-0.9169869	0.69343066	1.0	1.0	2078	tags=14%, list=8%, signal=15%	
REGULATION OF RRNA PROCESSING%GOBP%GO:2000232	REGULATION OF RRNA PROCESSING%GOBP%GO:2000232		18	-0.31752163	-0.91665024	0.5767918	1.0	1.0	685	tags=11%, list=3%, signal=11%	
PURINERGIC SIGNALING IN LEISHMANIASIS INFECTION%REACTOME DATABASE ID RELEASE 95%9660826	PURINERGIC SIGNALING IN LEISHMANIASIS INFECTION%REACTOME DATABASE ID RELEASE 95%9660826		25	-0.29911986	-0.91659904	0.63773584	1.0	1.0	2118	tags=16%, list=9%, signal=17%	
PID_ECADHERIN_KERATINOCYTE_PATHWAY%MSIGDB_C2%PID_ECADHERIN_KERATINOCYTE_PATHWAY	PID_ECADHERIN_KERATINOCYTE_PATHWAY%MSIGDB_C2%PID_ECADHERIN_KERATINOCYTE_PATHWAY		17	-0.33603954	-0.916412	0.58450705	1.0	1.0	2701	tags=24%, list=11%, signal=26%	
TOLL LIKE RECEPTOR 9 (TLR9) CASCADE%REACTOME%R-HSA-168138.6	TOLL LIKE RECEPTOR 9 (TLR9) CASCADE%REACTOME%R-HSA-168138.6		107	-0.2248993	-0.9158757	0.6879433	1.0	1.0	3794	tags=21%, list=15%, signal=25%	
PI-3K CASCADE:FGFR1%REACTOME%R-HSA-5654689.4	PI-3K CASCADE:FGFR1%REACTOME%R-HSA-5654689.4		15	-0.34399295	-0.9158202	0.5706215	1.0	1.0	3452	tags=27%, list=14%, signal=31%	
ESTROGEN SIGNALING%WIKIPATHWAYS_20260211%WP712%HOMO SAPIENS	ESTROGEN SIGNALING%WIKIPATHWAYS_20260211%WP712%HOMO SAPIENS		18	-0.32331902	-0.91513956	0.58148146	1.0	1.0	1334	tags=17%, list=5%, signal=18%	
IRON UPTAKE AND TRANSPORT%REACTOME DATABASE ID RELEASE 95%917937	IRON UPTAKE AND TRANSPORT%REACTOME DATABASE ID RELEASE 95%917937		57	-0.2402986	-0.91508657	0.6712963	1.0	1.0	4068	tags=26%, list=17%, signal=31%	
CELL RECRUITMENT (PRO-INFLAMMATORY RESPONSE)%REACTOME DATABASE ID RELEASE 95%9664424	CELL RECRUITMENT (PRO-INFLAMMATORY RESPONSE)%REACTOME DATABASE ID RELEASE 95%9664424		25	-0.29911986	-0.9148994	0.5964286	1.0	1.0	2118	tags=16%, list=9%, signal=17%	
HOST PATHOGEN INTERACTION OF HUMAN CORONAVIRUSES MAPK SIGNALING%WIKIPATHWAYS_20260211%WP4877%HOMO SAPIENS	HOST PATHOGEN INTERACTION OF HUMAN CORONAVIRUSES MAPK SIGNALING%WIKIPATHWAYS_20260211%WP4877%HOMO SAPIENS		33	-0.27596906	-0.9148296	0.5770751	1.0	1.0	3423	tags=21%, list=14%, signal=25%	
HSP90 CHAPERONE CYCLE FOR SHRS%REACTOME DATABASE ID RELEASE 95%3371497	HSP90 CHAPERONE CYCLE FOR SHRS%REACTOME DATABASE ID RELEASE 95%3371497		38	-0.26706907	-0.9146522	0.6184211	1.0	1.0	2843	tags=18%, list=12%, signal=21%	
TRANSCRIPTION INITIATION AT RNA POLYMERASE III PROMOTER%GOBP%GO:0006384	TRANSCRIPTION INITIATION AT RNA POLYMERASE III PROMOTER%GOBP%GO:0006384		25	-0.29424185	-0.9137302	0.5801527	1.0	1.0	3624	tags=28%, list=15%, signal=33%	
SUCCINIC SEMIALDEHYDE DEHYDROGENASE DEFICIENCY%SMPDB%SMP0000567	SUCCINIC SEMIALDEHYDE DEHYDROGENASE DEFICIENCY%SMPDB%SMP0000567		21	-0.30999961	-0.91370696	0.5917603	1.0	1.0	476	tags=10%, list=2%, signal=10%	
NEGATIVE REGULATION OF RNA CATABOLIC PROCESS%GOBP%GO:1902369	NEGATIVE REGULATION OF RNA CATABOLIC PROCESS%GOBP%GO:1902369		90	-0.22279088	-0.9134484	0.71794873	1.0	1.0	3853	tags=26%, list=16%, signal=30%	
HEDGEHOG SIGNALING%WIKIPATHWAYS_20260211%WP4249%HOMO SAPIENS	HEDGEHOG SIGNALING%WIKIPATHWAYS_20260211%WP4249%HOMO SAPIENS		34	-0.26981336	-0.9132883	0.6134454	1.0	1.0	4560	tags=29%, list=19%, signal=36%	
TRANSCRIPTIONAL REGULATION BY RUNX2%REACTOME DATABASE ID RELEASE 95%8878166	TRANSCRIPTIONAL REGULATION BY RUNX2%REACTOME DATABASE ID RELEASE 95%8878166		105	-0.21835704	-0.9124463	0.73049647	1.0	1.0	4409	tags=25%, list=18%, signal=30%	
POSITIVE REGULATION OF NOTCH SIGNALING PATHWAY%GOBP%GO:0045747	POSITIVE REGULATION OF NOTCH SIGNALING PATHWAY%GOBP%GO:0045747		34	-0.27734065	-0.9124236	0.61382115	1.0	1.0	3108	tags=21%, list=13%, signal=24%	
NORC NEGATIVELY REGULATES RRNA EXPRESSION%REACTOME%R-HSA-427413.4	NORC NEGATIVELY REGULATES RRNA EXPRESSION%REACTOME%R-HSA-427413.4		73	-0.23688588	-0.91209424	0.7058824	1.0	1.0	4414	tags=26%, list=18%, signal=32%	
SIGNALING BY WNT IN CANCER%REACTOME DATABASE ID RELEASE 95%4791275	SIGNALING BY WNT IN CANCER%REACTOME DATABASE ID RELEASE 95%4791275		34	-0.27495715	-0.91205746	0.5956679	1.0	1.0	3454	tags=26%, list=14%, signal=31%	
SMAD PROTEIN SIGNAL TRANSDUCTION%GOBP%GO:0060395	SMAD PROTEIN SIGNAL TRANSDUCTION%GOBP%GO:0060395		17	-0.31197524	-0.91184324	0.6	1.0	1.0	1789	tags=18%, list=7%, signal=19%	
CEREBELLUM DEVELOPMENT%GOBP%GO:0021549	CEREBELLUM DEVELOPMENT%GOBP%GO:0021549		28	-0.28683093	-0.91151994	0.6472727	1.0	1.0	4315	tags=36%, list=18%, signal=43%	
METENCEPHALON DEVELOPMENT%GOBP%GO:0022037	METENCEPHALON DEVELOPMENT%GOBP%GO:0022037		28	-0.28683093	-0.91071916	0.6076923	1.0	1.0	4315	tags=36%, list=18%, signal=43%	
ACYL-COA BIOSYNTHETIC PROCESS%GOBP%GO:0071616	ACYL-COA BIOSYNTHETIC PROCESS%GOBP%GO:0071616		42	-0.2550757	-0.91054696	0.6347826	1.0	1.0	2468	tags=19%, list=10%, signal=21%	
NEGATIVE REGULATION OF DOUBLE-STRAND BREAK REPAIR VIA HOMOLOGOUS RECOMBINATION%GOBP%GO:2000042	NEGATIVE REGULATION OF DOUBLE-STRAND BREAK REPAIR VIA HOMOLOGOUS RECOMBINATION%GOBP%GO:2000042		25	-0.2933928	-0.90967286	0.59607846	1.0	1.0	6214	tags=52%, list=25%, signal=70%	
ALPHA6BETA4INTEGRIN%IOB%ALPHA6BETA4INTEGRIN	ALPHA6BETA4INTEGRIN%IOB%ALPHA6BETA4INTEGRIN		50	-0.24998946	-0.90957445	0.6130653	1.0	1.0	2701	tags=16%, list=11%, signal=18%	
MYOBLAST DIFFERENTIATION%GOBP%GO:0045445	MYOBLAST DIFFERENTIATION%GOBP%GO:0045445		23	-0.29486436	-0.9091629	0.57347673	1.0	1.0	2696	tags=17%, list=11%, signal=20%	
REGULATION OF LIPID STORAGE%GOBP%GO:0010883	REGULATION OF LIPID STORAGE%GOBP%GO:0010883		37	-0.26157457	-0.908524	0.640625	1.0	1.0	2381	tags=16%, list=10%, signal=18%	
GLOBAL GENOME NUCLEOTIDE EXCISION REPAIR (GG-NER)%REACTOME%R-HSA-5696399.2	GLOBAL GENOME NUCLEOTIDE EXCISION REPAIR (GG-NER)%REACTOME%R-HSA-5696399.2		83	-0.23035255	-0.9081386	0.69142854	1.0	1.0	5676	tags=37%, list=23%, signal=48%	
REGULATION OF D-GLUCOSE TRANSMEMBRANE TRANSPORT%GOBP%GO:0010827	REGULATION OF D-GLUCOSE TRANSMEMBRANE TRANSPORT%GOBP%GO:0010827		52	-0.25086823	-0.908058	0.68303573	1.0	1.0	3796	tags=21%, list=15%, signal=25%	
TIGHT JUNCTION ASSEMBLY%GOBP%GO:0120192	TIGHT JUNCTION ASSEMBLY%GOBP%GO:0120192		38	-0.26970604	-0.90805197	0.6581197	1.0	1.0	1086	tags=8%, list=4%, signal=8%	
HALLMARK_IL2_STAT5_SIGNALING%MSIGDBHALLMARK%HALLMARK_IL2_STAT5_SIGNALING	HALLMARK_IL2_STAT5_SIGNALING%MSIGDBHALLMARK%HALLMARK_IL2_STAT5_SIGNALING		170	-0.20447256	-0.9080021	0.75308645	1.0	1.0	2591	tags=13%, list=11%, signal=14%	
MITOCHONDRIAL RNA PROCESSING%GOBP%GO:0000963	MITOCHONDRIAL RNA PROCESSING%GOBP%GO:0000963		28	-0.28372115	-0.9074714	0.59450173	1.0	1.0	1892	tags=14%, list=8%, signal=15%	
DOWNSTREAM SIGNALING EVENTS OF B CELL RECEPTOR (BCR)%REACTOME DATABASE ID RELEASE 95%1168372	DOWNSTREAM SIGNALING EVENTS OF B CELL RECEPTOR (BCR)%REACTOME DATABASE ID RELEASE 95%1168372		67	-0.23349659	-0.9073544	0.6847826	1.0	1.0	4409	tags=28%, list=18%, signal=34%	
EVASION BY RSV OF HOST INTERFERON RESPONSES%REACTOME%R-HSA-9833109.1	EVASION BY RSV OF HOST INTERFERON RESPONSES%REACTOME%R-HSA-9833109.1		33	-0.27209857	-0.90735	0.5932836	1.0	1.0	4430	tags=24%, list=18%, signal=30%	
SYNTHESIS OF DNA%REACTOME%R-HSA-69239.5	SYNTHESIS OF DNA%REACTOME%R-HSA-69239.5		108	-0.22007234	-0.9068467	0.75886524	1.0	1.0	4690	tags=31%, list=19%, signal=38%	
TELOMERE EXTENSION BY TELOMERASE%REACTOME DATABASE ID RELEASE 95%171319	TELOMERE EXTENSION BY TELOMERASE%REACTOME DATABASE ID RELEASE 95%171319		23	-0.30551094	-0.90651494	0.5985663	1.0	1.0	5214	tags=43%, list=21%, signal=55%	
INTRINSIC APOPTOTIC SIGNALING PATHWAY IN RESPONSE TO DNA DAMAGE BY P53 CLASS MEDIATOR%GOBP%GO:0042771	INTRINSIC APOPTOTIC SIGNALING PATHWAY IN RESPONSE TO DNA DAMAGE BY P53 CLASS MEDIATOR%GOBP%GO:0042771		22	-0.30007362	-0.9064432	0.62030077	1.0	1.0	4452	tags=41%, list=18%, signal=50%	
TRANSLESION SYNTHESIS BY POLI%REACTOME%R-HSA-5656121.2	TRANSLESION SYNTHESIS BY POLI%REACTOME%R-HSA-5656121.2		17	-0.33059385	-0.90609384	0.585034	1.0	1.0	3772	tags=29%, list=15%, signal=35%	
RNA STABILIZATION%GOBP%GO:0043489	RNA STABILIZATION%GOBP%GO:0043489		75	-0.23110531	-0.90604734	0.7189189	1.0	1.0	3853	tags=27%, list=16%, signal=32%	
REGULATION OF PD-L1(CD274) TRANSCRIPTION%REACTOME%R-HSA-9909649.2	REGULATION OF PD-L1(CD274) TRANSCRIPTION%REACTOME%R-HSA-9909649.2		68	-0.24193472	-0.90602994	0.72527474	1.0	1.0	1889	tags=15%, list=8%, signal=16%	
HOMOCARNOSINOSIS%SMPDB%SMP0000385	HOMOCARNOSINOSIS%SMPDB%SMP0000385		21	-0.30999961	-0.905251	0.5873606	1.0	1.0	476	tags=10%, list=2%, signal=10%	
NEGATIVE REGULATION OF WNT SIGNALING PATHWAY%GOBP%GO:0030178	NEGATIVE REGULATION OF WNT SIGNALING PATHWAY%GOBP%GO:0030178		144	-0.21166629	-0.90470093	0.7977528	1.0	1.0	2904	tags=15%, list=12%, signal=16%	
PID_WNT_CANONICAL_PATHWAY%MSIGDB_C2%PID_WNT_CANONICAL_PATHWAY	PID_WNT_CANONICAL_PATHWAY%MSIGDB_C2%PID_WNT_CANONICAL_PATHWAY		16	-0.3259398	-0.9043893	0.6038961	1.0	1.0	1808	tags=19%, list=7%, signal=20%	
EYE MORPHOGENESIS%GOBP%GO:0048592	EYE MORPHOGENESIS%GOBP%GO:0048592		85	-0.2277185	-0.90386736	0.7	1.0	1.0	2429	tags=16%, list=10%, signal=18%	
PIECEMEAL MICROAUTOPHAGY OF THE NUCLEUS%GOBP%GO:0034727	PIECEMEAL MICROAUTOPHAGY OF THE NUCLEUS%GOBP%GO:0034727		18	-0.31865415	-0.903842	0.61204016	1.0	1.0	91	tags=6%, list=0%, signal=6%	
LONG-TERM SYNAPTIC POTENTIATION%GOBP%GO:0060291	LONG-TERM SYNAPTIC POTENTIATION%GOBP%GO:0060291		29	-0.2769017	-0.9035556	0.6226415	1.0	1.0	15	tags=7%, list=0%, signal=7%	
FORMATION OF THE HIV-1 EARLY ELONGATION COMPLEX%REACTOME DATABASE ID RELEASE 95%167158	FORMATION OF THE HIV-1 EARLY ELONGATION COMPLEX%REACTOME DATABASE ID RELEASE 95%167158		33	-0.27035326	-0.90272975	0.6652893	1.0	1.0	5413	tags=45%, list=22%, signal=58%	
BETA-CATENIN PHOSPHORYLATION CASCADE%REACTOME%R-HSA-196299.3	BETA-CATENIN PHOSPHORYLATION CASCADE%REACTOME%R-HSA-196299.3		17	-0.32495666	-0.9025792	0.58208954	1.0	1.0	3454	tags=35%, list=14%, signal=41%	
PID_ER_NONGENOMIC_PATHWAY%MSIGDB_C2%PID_ER_NONGENOMIC_PATHWAY	PID_ER_NONGENOMIC_PATHWAY%MSIGDB_C2%PID_ER_NONGENOMIC_PATHWAY		31	-0.27438295	-0.90255773	0.65413535	1.0	1.0	2659	tags=16%, list=11%, signal=18%	
RNA LOCALIZATION%GOBP%GO:0006403	RNA LOCALIZATION%GOBP%GO:0006403		131	-0.21351944	-0.9014567	0.76859504	1.0	1.0	3897	tags=23%, list=16%, signal=27%	
ENDOCRINE PANCREAS DEVELOPMENT%GOBP%GO:0031018	ENDOCRINE PANCREAS DEVELOPMENT%GOBP%GO:0031018		20	-0.30973765	-0.90144664	0.6317568	1.0	1.0	3792	tags=20%, list=15%, signal=24%	
POSITIVE REGULATION OF EXOSOMAL SECRETION%GOBP%GO:1903543	POSITIVE REGULATION OF EXOSOMAL SECRETION%GOBP%GO:1903543		15	-0.3392091	-0.90113705	0.5506757	1.0	1.0	17	tags=7%, list=0%, signal=7%	
APOPTOSIS%REACTOME DATABASE ID RELEASE 95%109581	APOPTOSIS%REACTOME DATABASE ID RELEASE 95%109581		163	-0.20619552	-0.90103567	0.8426966	1.0	1.0	2925	tags=18%, list=12%, signal=20%	
PURINERGIC SIGNALING%WIKIPATHWAYS_20260211%WP4900%HOMO SAPIENS	PURINERGIC SIGNALING%WIKIPATHWAYS_20260211%WP4900%HOMO SAPIENS		29	-0.27927893	-0.9009508	0.6560284	1.0	1.0	2252	tags=21%, list=9%, signal=23%	
PRC2 METHYLATES HISTONES AND DNA%REACTOME DATABASE ID RELEASE 95%212300	PRC2 METHYLATES HISTONES AND DNA%REACTOME DATABASE ID RELEASE 95%212300		43	-0.25797898	-0.8998943	0.69135803	1.0	1.0	2424	tags=19%, list=10%, signal=21%	
NEGATIVE REGULATION OF MRNA CATABOLIC PROCESS%GOBP%GO:1902373	NEGATIVE REGULATION OF MRNA CATABOLIC PROCESS%GOBP%GO:1902373		77	-0.23182839	-0.8992159	0.72392637	1.0	1.0	3853	tags=27%, list=16%, signal=32%	
REGULATION OF AEROBIC RESPIRATION%GOBP%GO:1903715	REGULATION OF AEROBIC RESPIRATION%GOBP%GO:1903715		23	-0.29602352	-0.8992016	0.6702509	1.0	1.0	3798	tags=26%, list=16%, signal=31%	
XENOBIOTIC EXPORT FROM CELL%GOBP%GO:0046618	XENOBIOTIC EXPORT FROM CELL%GOBP%GO:0046618		15	-0.33205858	-0.8989826	0.595679	1.0	1.0	2381	tags=27%, list=10%, signal=30%	
POSITIVE REGULATION OF EPIDERMAL GROWTH FACTOR RECEPTOR SIGNALING PATHWAY%GOBP%GO:0045742	POSITIVE REGULATION OF EPIDERMAL GROWTH FACTOR RECEPTOR SIGNALING PATHWAY%GOBP%GO:0045742		28	-0.28235075	-0.8983974	0.5962264	1.0	1.0	2922	tags=21%, list=12%, signal=24%	
REGULATION OF TRIGLYCERIDE METABOLIC PROCESS%GOBP%GO:0090207	REGULATION OF TRIGLYCERIDE METABOLIC PROCESS%GOBP%GO:0090207		32	-0.27169165	-0.8981803	0.6230159	1.0	1.0	1950	tags=16%, list=8%, signal=17%	
MRNA STABILIZATION%GOBP%GO:0048255	MRNA STABILIZATION%GOBP%GO:0048255		63	-0.24170484	-0.897653	0.72619045	1.0	1.0	3853	tags=29%, list=16%, signal=34%	
NOREPINEPHRINE NEUROTRANSMITTER RELEASE CYCLE%REACTOME DATABASE ID RELEASE 95%181430	NOREPINEPHRINE NEUROTRANSMITTER RELEASE CYCLE%REACTOME DATABASE ID RELEASE 95%181430		17	-0.3159693	-0.8974007	0.58878505	1.0	1.0	3031	tags=29%, list=12%, signal=34%	
POSITIVE REGULATION OF PROTEIN MODIFICATION BY SMALL PROTEIN CONJUGATION OR REMOVAL%GOBP%GO:1903322	POSITIVE REGULATION OF PROTEIN MODIFICATION BY SMALL PROTEIN CONJUGATION OR REMOVAL%GOBP%GO:1903322		104	-0.21427162	-0.89687395	0.7482993	1.0	1.0	4379	tags=25%, list=18%, signal=30%	
PROCESSIVE SYNTHESIS ON THE LAGGING STRAND%REACTOME%R-HSA-69183.4	PROCESSIVE SYNTHESIS ON THE LAGGING STRAND%REACTOME%R-HSA-69183.4		15	-0.32613298	-0.8967708	0.57980454	1.0	1.0	1813	tags=27%, list=7%, signal=29%	
SPERMATID NUCLEUS DIFFERENTIATION%GOBP%GO:0007289	SPERMATID NUCLEUS DIFFERENTIATION%GOBP%GO:0007289		17	-0.32052854	-0.89667237	0.5898204	1.0	1.0	1015	tags=12%, list=4%, signal=12%	
TGF BETA RECEPTOR SIGNALING%WIKIPATHWAYS_20260211%WP560%HOMO SAPIENS	TGF BETA RECEPTOR SIGNALING%WIKIPATHWAYS_20260211%WP560%HOMO SAPIENS		49	-0.24992119	-0.89663184	0.7112069	1.0	1.0	3712	tags=20%, list=15%, signal=24%	
INTERLEUKIN-17 SIGNALING%REACTOME DATABASE ID RELEASE 95%448424	INTERLEUKIN-17 SIGNALING%REACTOME DATABASE ID RELEASE 95%448424		70	-0.2365287	-0.8964603	0.70526314	1.0	1.0	1334	tags=11%, list=5%, signal=12%	
POSITIVE REGULATION OF PROTEIN IMPORT INTO NUCLEUS%GOBP%GO:0042307	POSITIVE REGULATION OF PROTEIN IMPORT INTO NUCLEUS%GOBP%GO:0042307		28	-0.28882307	-0.89625806	0.6666667	1.0	1.0	2760	tags=18%, list=11%, signal=20%	
EXTRINSIC APOPTOTIC SIGNALING PATHWAY VIA DEATH DOMAIN RECEPTORS%GOBP%GO:0008625	EXTRINSIC APOPTOTIC SIGNALING PATHWAY VIA DEATH DOMAIN RECEPTORS%GOBP%GO:0008625		38	-0.2553432	-0.8956964	0.6561265	1.0	1.0	1914	tags=13%, list=8%, signal=14%	
FORMATION OF THE EARLY ELONGATION COMPLEX%REACTOME%R-HSA-113418.5	FORMATION OF THE EARLY ELONGATION COMPLEX%REACTOME%R-HSA-113418.5		33	-0.27035326	-0.8956434	0.6212121	1.0	1.0	5413	tags=45%, list=22%, signal=58%	
SIGNALING MEDIATED BY P38-ALPHA AND P38-BETA%PATHWAY INTERACTION DATABASE NCI-NATURE CURATED DATA%SIGNALING MEDIATED BY P38-ALPHA AND P38-BETA	SIGNALING MEDIATED BY P38-ALPHA AND P38-BETA%PATHWAY INTERACTION DATABASE NCI-NATURE CURATED DATA%SIGNALING MEDIATED BY P38-ALPHA AND P38-BETA		35	-0.2690005	-0.8955279	0.67634857	1.0	1.0	4157	tags=29%, list=17%, signal=34%	
POSITIVE REGULATION OF CARTILAGE DEVELOPMENT%GOBP%GO:0061036	POSITIVE REGULATION OF CARTILAGE DEVELOPMENT%GOBP%GO:0061036		18	-0.30388272	-0.8953657	0.6510903	1.0	1.0	2652	tags=17%, list=11%, signal=19%	
PROTEIN TETRAMERIZATION%GOBP%GO:0051262	PROTEIN TETRAMERIZATION%GOBP%GO:0051262		84	-0.22579758	-0.8952531	0.7247191	1.0	1.0	2976	tags=17%, list=12%, signal=19%	
DENGUE VIRUS MODULATES APOPTOSIS%REACTOME%R-HSA-9920951.1	DENGUE VIRUS MODULATES APOPTOSIS%REACTOME%R-HSA-9920951.1		16	-0.3337647	-0.89502573	0.6268657	1.0	1.0	4894	tags=38%, list=20%, signal=47%	
SYNTHESIS OF PROSTAGLANDINS (PG) AND THROMBOXANES (TX)%REACTOME DATABASE ID RELEASE 95%2162123	SYNTHESIS OF PROSTAGLANDINS (PG) AND THROMBOXANES (TX)%REACTOME DATABASE ID RELEASE 95%2162123		15	-0.33712214	-0.89499307	0.60967743	1.0	1.0	2142	tags=13%, list=9%, signal=15%	
P53 TRANSCRIPTIONAL GENE NETWORK%WIKIPATHWAYS_20260211%WP4963%HOMO SAPIENS	P53 TRANSCRIPTIONAL GENE NETWORK%WIKIPATHWAYS_20260211%WP4963%HOMO SAPIENS		78	-0.2284304	-0.8939619	0.7380952	1.0	1.0	5240	tags=37%, list=21%, signal=47%	
PSEUDOURIDINE SYNTHESIS%GOBP%GO:0001522	PSEUDOURIDINE SYNTHESIS%GOBP%GO:0001522		18	-0.31751108	-0.8938768	0.62658226	1.0	1.0	1823	tags=22%, list=7%, signal=24%	
CELLULAR RESPONSE TO ATP%GOBP%GO:0071318	CELLULAR RESPONSE TO ATP%GOBP%GO:0071318		15	-0.32897082	-0.89342517	0.6546547	1.0	1.0	1340	tags=20%, list=5%, signal=21%	
REGULATION OF PROTEIN UBIQUITINATION%GOBP%GO:0031396	REGULATION OF PROTEIN UBIQUITINATION%GOBP%GO:0031396		154	-0.20616771	-0.89325565	0.8207547	1.0	1.0	4964	tags=28%, list=20%, signal=35%	
CARDIAC MUSCLE CELL DIFFERENTIATION%GOBP%GO:0055007	CARDIAC MUSCLE CELL DIFFERENTIATION%GOBP%GO:0055007		52	-0.2504026	-0.8932133	0.66820276	1.0	1.0	2110	tags=13%, list=9%, signal=15%	
DISORDERS OF MITOCHONDRIAL HOMEOSTATIS DYNAMICS PROTEIN IMPORT AND QUALITY CONTROL%WIKIPATHWAYS_20260211%WP5504%HOMO SAPIENS	DISORDERS OF MITOCHONDRIAL HOMEOSTATIS DYNAMICS PROTEIN IMPORT AND QUALITY CONTROL%WIKIPATHWAYS_20260211%WP5504%HOMO SAPIENS		52	-0.24404137	-0.8924249	0.7056277	1.0	1.0	3087	tags=17%, list=13%, signal=20%	
NEGATIVE REGULATION OF NEURON PROJECTION DEVELOPMENT%GOBP%GO:0010977	NEGATIVE REGULATION OF NEURON PROJECTION DEVELOPMENT%GOBP%GO:0010977		70	-0.22986594	-0.8923678	0.75	1.0	1.0	2559	tags=17%, list=10%, signal=19%	
REGULATION OF CELLULAR RESPONSE TO VASCULAR ENDOTHELIAL GROWTH FACTOR STIMULUS%GOBP%GO:1902547	REGULATION OF CELLULAR RESPONSE TO VASCULAR ENDOTHELIAL GROWTH FACTOR STIMULUS%GOBP%GO:1902547		30	-0.27615225	-0.891409	0.6784314	1.0	1.0	1694	tags=10%, list=7%, signal=11%	
POSITIVE REGULATION OF TRANSCRIPTION ELONGATION BY RNA POLYMERASE II%GOBP%GO:0032968	POSITIVE REGULATION OF TRANSCRIPTION ELONGATION BY RNA POLYMERASE II%GOBP%GO:0032968		50	-0.2440861	-0.8913935	0.70046085	1.0	1.0	929	tags=10%, list=4%, signal=10%	
CD8-POSITIVE, ALPHA-BETA T CELL ACTIVATION%GOBP%GO:0036037	CD8-POSITIVE, ALPHA-BETA T CELL ACTIVATION%GOBP%GO:0036037		20	-0.30888912	-0.8913311	0.6164383	1.0	1.0	705	tags=10%, list=3%, signal=10%	
OSSIFICATION%GOBP%GO:0001503	OSSIFICATION%GOBP%GO:0001503		146	-0.2072948	-0.8907315	0.7735849	1.0	1.0	2645	tags=13%, list=11%, signal=15%	
IL6-MEDIATED SIGNALING EVENTS%PATHWAY INTERACTION DATABASE NCI-NATURE CURATED DATA%IL6-MEDIATED SIGNALING EVENTS	IL6-MEDIATED SIGNALING EVENTS%PATHWAY INTERACTION DATABASE NCI-NATURE CURATED DATA%IL6-MEDIATED SIGNALING EVENTS		47	-0.2470906	-0.890595	0.675	1.0	1.0	1334	tags=11%, list=5%, signal=11%	
CHROMOSOME MAINTENANCE%REACTOME DATABASE ID RELEASE 95%73886	CHROMOSOME MAINTENANCE%REACTOME DATABASE ID RELEASE 95%73886		118	-0.21230002	-0.889859	0.7881356	1.0	1.0	4960	tags=27%, list=20%, signal=34%	
NEGATIVE REGULATION OF CD4-POSITIVE, ALPHA-BETA T CELL ACTIVATION%GOBP%GO:2000515	NEGATIVE REGULATION OF CD4-POSITIVE, ALPHA-BETA T CELL ACTIVATION%GOBP%GO:2000515		26	-0.28588358	-0.88963103	0.6450382	1.0	1.0	4136	tags=23%, list=17%, signal=28%	
REGULATION OF ESTABLISHMENT OF CELL POLARITY%GOBP%GO:2000114	REGULATION OF ESTABLISHMENT OF CELL POLARITY%GOBP%GO:2000114		20	-0.3037776	-0.8893414	0.6151203	1.0	1.0	1445	tags=15%, list=6%, signal=16%	
NEGATIVE REGULATION OF REGULATORY T CELL DIFFERENTIATION%GOBP%GO:0045590	NEGATIVE REGULATION OF REGULATORY T CELL DIFFERENTIATION%GOBP%GO:0045590		19	-0.3110406	-0.88921326	0.60841423	1.0	1.0	705	tags=11%, list=3%, signal=11%	
CYCLIN A:CDK2-ASSOCIATED EVENTS AT S PHASE ENTRY%REACTOME%R-HSA-69656.6	CYCLIN A:CDK2-ASSOCIATED EVENTS AT S PHASE ENTRY%REACTOME%R-HSA-69656.6		75	-0.22493804	-0.8887421	0.76243097	1.0	1.0	5347	tags=32%, list=22%, signal=41%	
POSITIVE REGULATION OF POST-TRANSLATIONAL PROTEIN MODIFICATION%GOBP%GO:1901875	POSITIVE REGULATION OF POST-TRANSLATIONAL PROTEIN MODIFICATION%GOBP%GO:1901875		105	-0.21309826	-0.8887325	0.79850745	1.0	1.0	4379	tags=25%, list=18%, signal=30%	
MITOCHONDRIAL PROTEIN DEGRADATION%REACTOME%R-HSA-9837999.2	MITOCHONDRIAL PROTEIN DEGRADATION%REACTOME%R-HSA-9837999.2		90	-0.22313829	-0.88835084	0.7962963	1.0	1.0	3824	tags=20%, list=16%, signal=24%	
SIGNALING BY RETINOIC ACID%REACTOME DATABASE ID RELEASE 95%5362517	SIGNALING BY RETINOIC ACID%REACTOME DATABASE ID RELEASE 95%5362517		41	-0.2537628	-0.88820744	0.6969697	1.0	1.0	2636	tags=17%, list=11%, signal=19%	
RELAXATION OF MUSCLE%GOBP%GO:0090075	RELAXATION OF MUSCLE%GOBP%GO:0090075		17	-0.3114992	-0.8881493	0.6114865	1.0	1.0	1621	tags=24%, list=7%, signal=25%	
TRANSCRIPTION-COUPLED NUCLEOTIDE EXCISION REPAIR (TC-NER)%REACTOME%R-HSA-6781827.3	TRANSCRIPTION-COUPLED NUCLEOTIDE EXCISION REPAIR (TC-NER)%REACTOME%R-HSA-6781827.3		75	-0.22967637	-0.88768184	0.7443182	1.0	1.0	5676	tags=40%, list=23%, signal=52%	
AMINOGLYCAN METABOLIC PROCESS%GOBP%GO:0006022	AMINOGLYCAN METABOLIC PROCESS%GOBP%GO:0006022		54	-0.24062169	-0.887533	0.6919192	1.0	1.0	2017	tags=13%, list=8%, signal=14%	
1Q21 1 COPY NUMBER VARIATION SYNDROME%WIKIPATHWAYS_20260211%WP4905%HOMO SAPIENS	1Q21 1 COPY NUMBER VARIATION SYNDROME%WIKIPATHWAYS_20260211%WP4905%HOMO SAPIENS		25	-0.29545444	-0.8874946	0.62765956	1.0	1.0	2491	tags=20%, list=10%, signal=22%	
SENSORY PERCEPTION OF MECHANICAL STIMULUS%GOBP%GO:0050954	SENSORY PERCEPTION OF MECHANICAL STIMULUS%GOBP%GO:0050954		121	-0.20718615	-0.88739	0.8359375	1.0	1.0	2486	tags=13%, list=10%, signal=15%	
CELLULAR RESPONSE TO CAMP%GOBP%GO:0071320	CELLULAR RESPONSE TO CAMP%GOBP%GO:0071320		33	-0.2696314	-0.8871471	0.6653846	1.0	1.0	1418	tags=12%, list=6%, signal=13%	
REGULATION OF BLOOD VESSEL ENDOTHELIAL CELL MIGRATION%GOBP%GO:0043535	REGULATION OF BLOOD VESSEL ENDOTHELIAL CELL MIGRATION%GOBP%GO:0043535		85	-0.22107023	-0.8870279	0.7452229	1.0	1.0	3818	tags=18%, list=16%, signal=21%	
REGULATION OF D-GLUCOSE IMPORT ACROSS PLASMA MEMBRANE%GOBP%GO:0046324	REGULATION OF D-GLUCOSE IMPORT ACROSS PLASMA MEMBRANE%GOBP%GO:0046324		37	-0.26251325	-0.8863176	0.71020406	1.0	1.0	2425	tags=16%, list=10%, signal=18%	
VOLTAGE GATED POTASSIUM CHANNELS%REACTOME%R-HSA-1296072.4	VOLTAGE GATED POTASSIUM CHANNELS%REACTOME%R-HSA-1296072.4		43	-0.25900006	-0.8862113	0.697318	1.0	1.0	1846	tags=12%, list=8%, signal=13%	
FORMATION OF RNA POL II ELONGATION COMPLEX%REACTOME%R-HSA-112382.4	FORMATION OF RNA POL II ELONGATION COMPLEX%REACTOME%R-HSA-112382.4		58	-0.23930201	-0.8857698	0.7014218	1.0	1.0	5965	tags=45%, list=24%, signal=59%	
PURINE METABOLISM AND RELATED DISORDERS%WIKIPATHWAYS_20260211%WP4224%HOMO SAPIENS	PURINE METABOLISM AND RELATED DISORDERS%WIKIPATHWAYS_20260211%WP4224%HOMO SAPIENS		15	-0.33778653	-0.88572776	0.62913907	1.0	1.0	4908	tags=47%, list=20%, signal=58%	
GLOMERULUS DEVELOPMENT%GOBP%GO:0032835	GLOMERULUS DEVELOPMENT%GOBP%GO:0032835		38	-0.2599294	-0.8846489	0.6770428	1.0	1.0	611	tags=11%, list=2%, signal=11%	
GLYCOGEN METABOLIC PROCESS%GOBP%GO:0005977	GLYCOGEN METABOLIC PROCESS%GOBP%GO:0005977		34	-0.26838693	-0.8838422	0.6931818	1.0	1.0	5872	tags=41%, list=24%, signal=54%	
REGULATION OF T-HELPER 17 CELL DIFFERENTIATION%GOBP%GO:2000319	REGULATION OF T-HELPER 17 CELL DIFFERENTIATION%GOBP%GO:2000319		24	-0.28841674	-0.8837997	0.6216216	1.0	1.0	5954	tags=50%, list=24%, signal=66%	
REGULATION OF BMP SIGNALING PATHWAY%GOBP%GO:0030510	REGULATION OF BMP SIGNALING PATHWAY%GOBP%GO:0030510		81	-0.22873303	-0.88345844	0.7654321	1.0	1.0	4695	tags=31%, list=19%, signal=38%	
APPENDAGE DEVELOPMENT%GOBP%GO:0048736	APPENDAGE DEVELOPMENT%GOBP%GO:0048736		69	-0.23302339	-0.88339275	0.73056996	1.0	1.0	3790	tags=22%, list=15%, signal=26%	
S1P2 PATHWAY%PATHWAY INTERACTION DATABASE NCI-NATURE CURATED DATA%S1P2 PATHWAY	S1P2 PATHWAY%PATHWAY INTERACTION DATABASE NCI-NATURE CURATED DATA%S1P2 PATHWAY		24	-0.2905135	-0.88254255	0.65925926	1.0	1.0	1334	tags=13%, list=5%, signal=13%	
3'-UTR-MEDIATED MRNA DESTABILIZATION%GOBP%GO:0061158	3'-UTR-MEDIATED MRNA DESTABILIZATION%GOBP%GO:0061158		22	-0.29772007	-0.8822969	0.662963	1.0	1.0	2443	tags=18%, list=10%, signal=20%	
TISSUE MIGRATION%GOBP%GO:0090130	TISSUE MIGRATION%GOBP%GO:0090130		26	-0.2801603	-0.8819934	0.6533865	1.0	1.0	625	tags=8%, list=3%, signal=8%	
PI-3K CASCADE:FGFR4%REACTOME DATABASE ID RELEASE 95%5654720	PI-3K CASCADE:FGFR4%REACTOME DATABASE ID RELEASE 95%5654720		17	-0.311784	-0.88183486	0.6112957	1.0	1.0	3452	tags=29%, list=14%, signal=34%	
RAB GERANYLGERANYLATION%REACTOME%R-HSA-8873719.4	RAB GERANYLGERANYLATION%REACTOME%R-HSA-8873719.4		65	-0.23348837	-0.8818325	0.73056996	1.0	1.0	3569	tags=23%, list=15%, signal=27%	
PID_CD8_TCR_DOWNSTREAM_PATHWAY%MSIGDB_C2%PID_CD8_TCR_DOWNSTREAM_PATHWAY	PID_CD8_TCR_DOWNSTREAM_PATHWAY%MSIGDB_C2%PID_CD8_TCR_DOWNSTREAM_PATHWAY		56	-0.24071366	-0.8815884	0.72511846	1.0	1.0	2047	tags=13%, list=8%, signal=14%	
REGULATION OF PROTEOLYSIS%GOBP%GO:0030162	REGULATION OF PROTEOLYSIS%GOBP%GO:0030162		129	-0.20783061	-0.8814189	0.8534483	1.0	1.0	2106	tags=12%, list=9%, signal=13%	
SIGNALING BY PDGFR IN DISEASE%REACTOME%R-HSA-9671555.4	SIGNALING BY PDGFR IN DISEASE%REACTOME%R-HSA-9671555.4		18	-0.3035504	-0.8812828	0.633218	1.0	1.0	71	tags=6%, list=0%, signal=6%	
PID_ATF2_PATHWAY%MSIGDB_C2%PID_ATF2_PATHWAY	PID_ATF2_PATHWAY%MSIGDB_C2%PID_ATF2_PATHWAY		54	-0.24283975	-0.881126	0.765625	1.0	1.0	4682	tags=28%, list=19%, signal=34%	
REGULATION OF CHONDROCYTE DIFFERENTIATION%GOBP%GO:0032330	REGULATION OF CHONDROCYTE DIFFERENTIATION%GOBP%GO:0032330		29	-0.2650925	-0.8805558	0.68773234	1.0	1.0	2904	tags=21%, list=12%, signal=23%	
DICARBOXYLIC ACID CATABOLIC PROCESS%GOBP%GO:0043649	DICARBOXYLIC ACID CATABOLIC PROCESS%GOBP%GO:0043649		15	-0.3293309	-0.880135	0.6198083	1.0	1.0	853	tags=20%, list=3%, signal=21%	
GLUCAN METABOLIC PROCESS%GOBP%GO:0044042	GLUCAN METABOLIC PROCESS%GOBP%GO:0044042		35	-0.2582846	-0.8798368	0.7121212	1.0	1.0	5872	tags=40%, list=24%, signal=53%	
ADIPOGENESIS%WIKIPATHWAYS_20260211%WP236%HOMO SAPIENS	ADIPOGENESIS%WIKIPATHWAYS_20260211%WP236%HOMO SAPIENS		109	-0.21512376	-0.87967926	0.84931505	1.0	1.0	3995	tags=19%, list=16%, signal=23%	
SULFUR COMPOUND BIOSYNTHETIC PROCESS%GOBP%GO:0044272	SULFUR COMPOUND BIOSYNTHETIC PROCESS%GOBP%GO:0044272		87	-0.22244701	-0.87913716	0.7810651	1.0	1.0	2894	tags=18%, list=12%, signal=21%	
INTRACELLULAR POTASSIUM ION HOMEOSTASIS%GOBP%GO:0030007	INTRACELLULAR POTASSIUM ION HOMEOSTASIS%GOBP%GO:0030007		21	-0.29672554	-0.87912166	0.6632653	1.0	1.0	2772	tags=24%, list=11%, signal=27%	
CHK1 CHK2(CDS1) MEDIATED INACTIVATION OF CYCLIN B:CDK1 COMPLEX%REACTOME%R-HSA-75035.6	CHK1 CHK2(CDS1) MEDIATED INACTIVATION OF CYCLIN B:CDK1 COMPLEX%REACTOME%R-HSA-75035.6		15	-0.33126304	-0.8789918	0.6061644	1.0	1.0	899	tags=13%, list=4%, signal=14%	
PROTON TRANSMEMBRANE TRANSPORT%GOBP%GO:1902600	PROTON TRANSMEMBRANE TRANSPORT%GOBP%GO:1902600		61	-0.23377483	-0.8779473	0.74396133	1.0	1.0	3723	tags=21%, list=15%, signal=25%	
POSITIVE REGULATION OF COLLAGEN BIOSYNTHETIC PROCESS%GOBP%GO:0032967	POSITIVE REGULATION OF COLLAGEN BIOSYNTHETIC PROCESS%GOBP%GO:0032967		15	-0.32085714	-0.87743765	0.6091954	1.0	1.0	3421	tags=27%, list=14%, signal=31%	
REMOVAL OF THE FLAP INTERMEDIATE FROM THE C-STRAND%REACTOME DATABASE ID RELEASE 95%174437	REMOVAL OF THE FLAP INTERMEDIATE FROM THE C-STRAND%REACTOME DATABASE ID RELEASE 95%174437		17	-0.30993518	-0.8772098	0.6569579	1.0	1.0	1813	tags=18%, list=7%, signal=19%	
LIMB DEVELOPMENT%GOBP%GO:0060173	LIMB DEVELOPMENT%GOBP%GO:0060173		69	-0.23302339	-0.876889	0.7745665	1.0	1.0	3790	tags=22%, list=15%, signal=26%	
AUTOPHAGY%REACTOME DATABASE ID RELEASE 95%9612973	AUTOPHAGY%REACTOME DATABASE ID RELEASE 95%9612973		137	-0.20280239	-0.87688	0.8974359	1.0	1.0	3030	tags=14%, list=12%, signal=16%	
PROTEIN LOCALIZATION TO CHROMOSOME%GOBP%GO:0034502	PROTEIN LOCALIZATION TO CHROMOSOME%GOBP%GO:0034502		78	-0.22499736	-0.8757858	0.75595236	1.0	1.0	2239	tags=12%, list=9%, signal=13%	
RESPONSE TO ATP%GOBP%GO:0033198	RESPONSE TO ATP%GOBP%GO:0033198		20	-0.29581767	-0.87576956	0.6551724	1.0	1.0	1340	tags=15%, list=5%, signal=16%	
NEGATIVE REGULATION OF OSTEOCLAST DIFFERENTIATION%GOBP%GO:0045671	NEGATIVE REGULATION OF OSTEOCLAST DIFFERENTIATION%GOBP%GO:0045671		25	-0.28075615	-0.87548274	0.65313655	1.0	1.0	833	tags=12%, list=3%, signal=12%	
NOTCH%IOB%NOTCH	NOTCH%IOB%NOTCH		53	-0.24110821	-0.8753318	0.70098037	1.0	1.0	2336	tags=13%, list=10%, signal=15%	
POSITIVE REGULATION OF MIRNA METABOLIC PROCESS%GOBP%GO:2000630	POSITIVE REGULATION OF MIRNA METABOLIC PROCESS%GOBP%GO:2000630		54	-0.2412264	-0.87516797	0.7477477	1.0	1.0	2802	tags=19%, list=11%, signal=21%	
BONE REMODELING%GOBP%GO:0046849	BONE REMODELING%GOBP%GO:0046849		16	-0.32036823	-0.8745857	0.5951557	1.0	1.0	2939	tags=25%, list=12%, signal=28%	
NUCLEOTIDE-EXCISION REPAIR%GOBP%GO:0006289	NUCLEOTIDE-EXCISION REPAIR%GOBP%GO:0006289		59	-0.23474792	-0.8742196	0.74285716	1.0	1.0	3577	tags=24%, list=15%, signal=28%	
RESPONSE TO ORGANOPHOSPHORUS%GOBP%GO:0046683	RESPONSE TO ORGANOPHOSPHORUS%GOBP%GO:0046683		62	-0.23188181	-0.87417996	0.77717394	1.0	1.0	1418	tags=11%, list=6%, signal=12%	
RNA POLYMERASE II TRANSCRIPTION ELONGATION%REACTOME%R-HSA-75955.4	RNA POLYMERASE II TRANSCRIPTION ELONGATION%REACTOME%R-HSA-75955.4		58	-0.23930201	-0.8741204	0.7205882	1.0	1.0	5965	tags=45%, list=24%, signal=59%	
HAIR CELL DIFFERENTIATION%GOBP%GO:0035315	HAIR CELL DIFFERENTIATION%GOBP%GO:0035315		22	-0.29433694	-0.87402034	0.65625	1.0	1.0	1863	tags=23%, list=8%, signal=25%	
RESPONSE TO OXYGEN RADICAL%GOBP%GO:0000305	RESPONSE TO OXYGEN RADICAL%GOBP%GO:0000305		15	-0.32538378	-0.8737718	0.63225806	1.0	1.0	5171	tags=33%, list=21%, signal=42%	
ANTERIOR/POSTERIOR AXIS SPECIFICATION%GOBP%GO:0009948	ANTERIOR/POSTERIOR AXIS SPECIFICATION%GOBP%GO:0009948		36	-0.26215264	-0.87362564	0.68817204	1.0	1.0	3883	tags=25%, list=16%, signal=30%	
NEGATIVE REGULATION OF TOLL-LIKE RECEPTOR SIGNALING PATHWAY%GOBP%GO:0034122	NEGATIVE REGULATION OF TOLL-LIKE RECEPTOR SIGNALING PATHWAY%GOBP%GO:0034122		15	-0.32079715	-0.8730729	0.6231003	1.0	1.0	899	tags=13%, list=4%, signal=14%	
TRNA METHYLATION%GOBP%GO:0030488	TRNA METHYLATION%GOBP%GO:0030488		38	-0.24864873	-0.8729804	0.69135803	1.0	1.0	1892	tags=13%, list=8%, signal=14%	
REGULATION OF ENDOTHELIAL CELL PROLIFERATION%GOBP%GO:0001936	REGULATION OF ENDOTHELIAL CELL PROLIFERATION%GOBP%GO:0001936		108	-0.20668232	-0.87244034	0.8513514	1.0	1.0	2412	tags=12%, list=10%, signal=13%	
REGULATION OF LAMELLIPODIUM ORGANIZATION%GOBP%GO:1902743	REGULATION OF LAMELLIPODIUM ORGANIZATION%GOBP%GO:1902743		47	-0.24265614	-0.87236303	0.7351598	1.0	1.0	1005	tags=9%, list=4%, signal=9%	
GLYCOSAMINOGLYCAN SYNTHESIS IN FIBROBLASTS%WIKIPATHWAYS_20260211%WP5395%HOMO SAPIENS	GLYCOSAMINOGLYCAN SYNTHESIS IN FIBROBLASTS%WIKIPATHWAYS_20260211%WP5395%HOMO SAPIENS		34	-0.25949118	-0.872354	0.71489364	1.0	1.0	3874	tags=21%, list=16%, signal=24%	
PARKINSON 39 S DISEASE PATHWAY%WIKIPATHWAYS_20260211%WP2371%HOMO SAPIENS	PARKINSON 39 S DISEASE PATHWAY%WIKIPATHWAYS_20260211%WP2371%HOMO SAPIENS		32	-0.26866606	-0.87152255	0.66810346	1.0	1.0	4429	tags=31%, list=18%, signal=38%	
PID_UPA_UPAR_PATHWAY%MSIGDB_C2%PID_UPA_UPAR_PATHWAY	PID_UPA_UPAR_PATHWAY%MSIGDB_C2%PID_UPA_UPAR_PATHWAY		29	-0.27039626	-0.8705926	0.68679243	1.0	1.0	572	tags=7%, list=2%, signal=7%	
APOPTOTIC NUCLEAR CHANGES%GOBP%GO:0030262	APOPTOTIC NUCLEAR CHANGES%GOBP%GO:0030262		18	-0.30257136	-0.87038684	0.66129035	1.0	1.0	768	tags=11%, list=3%, signal=11%	
MACROPHAGE STIMULATING PROTEIN MSP SIGNALING%WIKIPATHWAYS_20260211%WP5353%HOMO SAPIENS	MACROPHAGE STIMULATING PROTEIN MSP SIGNALING%WIKIPATHWAYS_20260211%WP5353%HOMO SAPIENS		84	-0.21965416	-0.8697143	0.8109756	1.0	1.0	2904	tags=14%, list=12%, signal=16%	
INTRACELLULAR SIGNALLING THROUGH ADENOSINE RECEPTOR A2A AND ADENOSINE%SMPDB%SMP0000320	INTRACELLULAR SIGNALLING THROUGH ADENOSINE RECEPTOR A2A AND ADENOSINE%SMPDB%SMP0000320		37	-0.24973029	-0.8688611	0.71794873	1.0	1.0	2395	tags=16%, list=10%, signal=18%	
NEGATIVE REGULATION OF CARTILAGE DEVELOPMENT%GOBP%GO:0061037	NEGATIVE REGULATION OF CARTILAGE DEVELOPMENT%GOBP%GO:0061037		17	-0.31681326	-0.86857384	0.6312057	1.0	1.0	1061	tags=12%, list=4%, signal=12%	
MITOCHONDRIAL RIBOSOME-ASSOCIATED QUALITY CONTROL%REACTOME DATABASE ID RELEASE 95%9937383	MITOCHONDRIAL RIBOSOME-ASSOCIATED QUALITY CONTROL%REACTOME DATABASE ID RELEASE 95%9937383		90	-0.21943104	-0.868095	0.836478	1.0	1.0	5397	tags=37%, list=22%, signal=47%	
NLS-BEARING PROTEIN IMPORT INTO NUCLEUS%GOBP%GO:0006607	NLS-BEARING PROTEIN IMPORT INTO NUCLEUS%GOBP%GO:0006607		19	-0.29729593	-0.86809283	0.6611842	1.0	1.0	53	tags=5%, list=0%, signal=5%	
MACROAUTOPHAGY%REACTOME DATABASE ID RELEASE 95%1632852	MACROAUTOPHAGY%REACTOME DATABASE ID RELEASE 95%1632852		122	-0.20589226	-0.8679798	0.8897059	1.0	1.0	2491	tags=11%, list=10%, signal=13%	
REGULATION OF EXOSOMAL SECRETION%GOBP%GO:1903541	REGULATION OF EXOSOMAL SECRETION%GOBP%GO:1903541		17	-0.3139171	-0.8679472	0.64375	1.0	1.0	17	tags=6%, list=0%, signal=6%	
NEGATIVE REGULATION OF INTERLEUKIN-2 PRODUCTION%GOBP%GO:0032703	NEGATIVE REGULATION OF INTERLEUKIN-2 PRODUCTION%GOBP%GO:0032703		22	-0.2902216	-0.8676777	0.6587838	1.0	1.0	1955	tags=23%, list=8%, signal=25%	
CELLULAR COMPONENT DISASSEMBLY INVOLVED IN EXECUTION PHASE OF APOPTOSIS%GOBP%GO:0006921	CELLULAR COMPONENT DISASSEMBLY INVOLVED IN EXECUTION PHASE OF APOPTOSIS%GOBP%GO:0006921		20	-0.29244474	-0.8676264	0.64768684	1.0	1.0	768	tags=10%, list=3%, signal=10%	
PROTEIN LOCALIZATION TO CHROMATIN%GOBP%GO:0071168	PROTEIN LOCALIZATION TO CHROMATIN%GOBP%GO:0071168		33	-0.2524733	-0.8674564	0.70342207	1.0	1.0	2239	tags=15%, list=9%, signal=17%	
PID_BETA_CATENIN_NUC_PATHWAY%MSIGDB_C2%PID_BETA_CATENIN_NUC_PATHWAY	PID_BETA_CATENIN_NUC_PATHWAY%MSIGDB_C2%PID_BETA_CATENIN_NUC_PATHWAY		64	-0.22989601	-0.86723256	0.7761194	1.0	1.0	3016	tags=20%, list=12%, signal=23%	
SKELETAL MUSCLE TISSUE DEVELOPMENT%GOBP%GO:0007519	SKELETAL MUSCLE TISSUE DEVELOPMENT%GOBP%GO:0007519		50	-0.23746586	-0.86720175	0.7242991	1.0	1.0	1922	tags=12%, list=8%, signal=13%	
LONG-TERM MEMORY%GOBP%GO:0007616	LONG-TERM MEMORY%GOBP%GO:0007616		23	-0.2888747	-0.86700004	0.6666667	1.0	1.0	15	tags=4%, list=0%, signal=4%	
NEGATIVE REGULATION OF CHONDROCYTE DIFFERENTIATION%GOBP%GO:0032331	NEGATIVE REGULATION OF CHONDROCYTE DIFFERENTIATION%GOBP%GO:0032331		16	-0.31681502	-0.8655677	0.6754967	1.0	1.0	1061	tags=13%, list=4%, signal=13%	
MRNA 3'-END PROCESSING%GOBP%GO:0031124	MRNA 3'-END PROCESSING%GOBP%GO:0031124		33	-0.2601323	-0.8654042	0.728	1.0	1.0	2876	tags=21%, list=12%, signal=24%	
G ALPHA (Z) SIGNALLING EVENTS%REACTOME DATABASE ID RELEASE 95%418597	G ALPHA (Z) SIGNALLING EVENTS%REACTOME DATABASE ID RELEASE 95%418597		48	-0.24407011	-0.8645153	0.78070176	1.0	1.0	3899	tags=23%, list=16%, signal=27%	
CRANIAL SKELETAL SYSTEM DEVELOPMENT%GOBP%GO:1904888	CRANIAL SKELETAL SYSTEM DEVELOPMENT%GOBP%GO:1904888		26	-0.27427268	-0.86431885	0.6983051	1.0	1.0	3907	tags=23%, list=16%, signal=27%	
ERK MAPK TARGETS%REACTOME%R-HSA-198753.3	ERK MAPK TARGETS%REACTOME%R-HSA-198753.3		22	-0.28963566	-0.8641732	0.66549295	1.0	1.0	903	tags=14%, list=4%, signal=14%	
VITAMIN CATABOLIC PROCESS%GOBP%GO:0009111	VITAMIN CATABOLIC PROCESS%GOBP%GO:0009111		15	-0.317367	-0.86413574	0.6694915	1.0	1.0	1131	tags=13%, list=5%, signal=14%	
REGULATION OF CARBOHYDRATE METABOLIC PROCESS%GOBP%GO:0006109	REGULATION OF CARBOHYDRATE METABOLIC PROCESS%GOBP%GO:0006109		130	-0.20232685	-0.864035	0.8962264	1.0	1.0	3601	tags=22%, list=15%, signal=25%	
BIOCARTA_EIF4_PATHWAY%MSIGDB_C2%BIOCARTA_EIF4_PATHWAY	BIOCARTA_EIF4_PATHWAY%MSIGDB_C2%BIOCARTA_EIF4_PATHWAY		20	-0.30229005	-0.8640168	0.6524823	1.0	1.0	3920	tags=20%, list=16%, signal=24%	
DNA REPLICATION%WIKIPATHWAYS_20260211%WP466%HOMO SAPIENS	DNA REPLICATION%WIKIPATHWAYS_20260211%WP466%HOMO SAPIENS		33	-0.26412153	-0.86363417	0.728	1.0	1.0	1957	tags=21%, list=8%, signal=23%	
REGULATION OF SIGNAL TRANSDUCTION BY P53 CLASS MEDIATOR%GOBP%GO:1901796	REGULATION OF SIGNAL TRANSDUCTION BY P53 CLASS MEDIATOR%GOBP%GO:1901796		101	-0.20694338	-0.8632827	0.8455882	1.0	1.0	2397	tags=17%, list=10%, signal=19%	
MITOCHONDRIAL CALCIUM ION TRANSMEMBRANE TRANSPORT%GOBP%GO:0006851	MITOCHONDRIAL CALCIUM ION TRANSMEMBRANE TRANSPORT%GOBP%GO:0006851		20	-0.2935066	-0.86258185	0.6564626	1.0	1.0	1215	tags=10%, list=5%, signal=11%	
TERPENOID METABOLIC PROCESS%GOBP%GO:0006721	TERPENOID METABOLIC PROCESS%GOBP%GO:0006721		85	-0.21340899	-0.8625767	0.8083832	1.0	1.0	1535	tags=11%, list=6%, signal=11%	
ESTABLISHMENT OF MITOCHONDRION LOCALIZATION, MICROTUBULE-MEDIATED%GOBP%GO:0034643	ESTABLISHMENT OF MITOCHONDRION LOCALIZATION, MICROTUBULE-MEDIATED%GOBP%GO:0034643		22	-0.2833908	-0.862566	0.67375886	1.0	1.0	3402	tags=36%, list=14%, signal=42%	
PYRIDINE-CONTAINING COMPOUND BIOSYNTHETIC PROCESS%GOBP%GO:0072525	PYRIDINE-CONTAINING COMPOUND BIOSYNTHETIC PROCESS%GOBP%GO:0072525		17	-0.30987892	-0.86189264	0.6180556	1.0	1.0	3405	tags=29%, list=14%, signal=34%	
POSITIVE REGULATION OF LEUKOCYTE APOPTOTIC PROCESS%GOBP%GO:2000108	POSITIVE REGULATION OF LEUKOCYTE APOPTOTIC PROCESS%GOBP%GO:2000108		20	-0.29515213	-0.8615246	0.6585366	1.0	1.0	332	tags=10%, list=1%, signal=10%	
NEGATIVE REGULATION OF TUMOR NECROSIS FACTOR PRODUCTION%GOBP%GO:0032720	NEGATIVE REGULATION OF TUMOR NECROSIS FACTOR PRODUCTION%GOBP%GO:0032720		48	-0.2389024	-0.8610032	0.77578473	1.0	1.0	1692	tags=17%, list=7%, signal=18%	
DNA REPLICATION%REACTOME%R-HSA-69306.9	DNA REPLICATION%REACTOME%R-HSA-69306.9		151	-0.20016243	-0.8608643	0.8736842	1.0	1.0	2082	tags=13%, list=9%, signal=14%	
ABORTIVE ELONGATION OF HIV-1 TRANSCRIPT IN THE ABSENCE OF TAT%REACTOME DATABASE ID RELEASE 95%167242	ABORTIVE ELONGATION OF HIV-1 TRANSCRIPT IN THE ABSENCE OF TAT%REACTOME DATABASE ID RELEASE 95%167242		23	-0.2827172	-0.8605703	0.7	1.0	1.0	5048	tags=43%, list=21%, signal=55%	
GAP JUNCTION TRAFFICKING%REACTOME DATABASE ID RELEASE 95%190828	GAP JUNCTION TRAFFICKING%REACTOME DATABASE ID RELEASE 95%190828		28	-0.27706847	-0.85978293	0.7218045	1.0	1.0	1512	tags=11%, list=6%, signal=11%	
BIOCARTA_ALK_PATHWAY%MSIGDB_C2%BIOCARTA_ALK_PATHWAY	BIOCARTA_ALK_PATHWAY%MSIGDB_C2%BIOCARTA_ALK_PATHWAY		32	-0.26424322	-0.85837555	0.719697	1.0	1.0	5230	tags=38%, list=21%, signal=48%	
NEGATIVE REGULATION OF CANONICAL NF-KAPPAB SIGNAL TRANSDUCTION%GOBP%GO:0043124	NEGATIVE REGULATION OF CANONICAL NF-KAPPAB SIGNAL TRANSDUCTION%GOBP%GO:0043124		78	-0.21721278	-0.85794026	0.8291139	1.0	1.0	1950	tags=13%, list=8%, signal=14%	
ENDOTHELIUM DEVELOPMENT%GOBP%GO:0003158	ENDOTHELIUM DEVELOPMENT%GOBP%GO:0003158		67	-0.22473128	-0.85752445	0.7837838	1.0	1.0	2336	tags=13%, list=10%, signal=15%	
MYOMETRIAL RELAXATION AND CONTRACTION PATHWAYS%WIKIPATHWAYS_20260211%WP289%HOMO SAPIENS	MYOMETRIAL RELAXATION AND CONTRACTION PATHWAYS%WIKIPATHWAYS_20260211%WP289%HOMO SAPIENS		119	-0.20589589	-0.8572405	0.884058	1.0	1.0	1619	tags=10%, list=7%, signal=11%	
INSULIN RECEPTOR RECYCLING%REACTOME DATABASE ID RELEASE 95%77387	INSULIN RECEPTOR RECYCLING%REACTOME DATABASE ID RELEASE 95%77387		30	-0.2678929	-0.85693955	0.6751055	1.0	1.0	3723	tags=23%, list=15%, signal=27%	
REGULATION OF MUSCLE ORGAN DEVELOPMENT%GOBP%GO:0048634	REGULATION OF MUSCLE ORGAN DEVELOPMENT%GOBP%GO:0048634		23	-0.28599095	-0.85684884	0.7133333	1.0	1.0	3792	tags=26%, list=15%, signal=31%	
VESICLE BUDDING FROM MEMBRANE%GOBP%GO:0006900	VESICLE BUDDING FROM MEMBRANE%GOBP%GO:0006900		76	-0.2216664	-0.8565205	0.8082902	1.0	1.0	2308	tags=16%, list=9%, signal=17%	
PHOSPHORYLATED BMAL1:CLOCK (ARNTL:CLOCK) ACTIVATES EXPRESSION OF CORE CLOCK GENES%REACTOME DATABASE ID RELEASE 95%9931510	PHOSPHORYLATED BMAL1:CLOCK (ARNTL:CLOCK) ACTIVATES EXPRESSION OF CORE CLOCK GENES%REACTOME DATABASE ID RELEASE 95%9931510		20	-0.2952542	-0.85614413	0.69085175	1.0	1.0	3547	tags=25%, list=14%, signal=29%	
REGULATION OF MIRNA METABOLIC PROCESS%GOBP%GO:2000628	REGULATION OF MIRNA METABOLIC PROCESS%GOBP%GO:2000628		74	-0.21561821	-0.85571605	0.8588957	1.0	1.0	3195	tags=20%, list=13%, signal=23%	
REGULATION OF ESTABLISHMENT OR MAINTENANCE OF CELL POLARITY%GOBP%GO:0032878	REGULATION OF ESTABLISHMENT OR MAINTENANCE OF CELL POLARITY%GOBP%GO:0032878		23	-0.2814721	-0.85566723	0.72659177	1.0	1.0	1445	tags=13%, list=6%, signal=14%	
THROMBOXANE SIGNALLING THROUGH TP RECEPTOR%REACTOME DATABASE ID RELEASE 95%428930	THROMBOXANE SIGNALLING THROUGH TP RECEPTOR%REACTOME DATABASE ID RELEASE 95%428930		24	-0.27962318	-0.8554975	0.68	1.0	1.0	1619	tags=17%, list=7%, signal=18%	
REGULATION OF CENTROSOME CYCLE%GOBP%GO:0046605	REGULATION OF CENTROSOME CYCLE%GOBP%GO:0046605		54	-0.23320353	-0.8532773	0.8066038	1.0	1.0	3088	tags=19%, list=13%, signal=21%	
BIOCARTA_MET_PATHWAY%MSIGDB_C2%BIOCARTA_MET_PATHWAY	BIOCARTA_MET_PATHWAY%MSIGDB_C2%BIOCARTA_MET_PATHWAY		28	-0.2653398	-0.8530899	0.7360595	1.0	1.0	1396	tags=14%, list=6%, signal=15%	
RNA 5'-END PROCESSING%GOBP%GO:0000966	RNA 5'-END PROCESSING%GOBP%GO:0000966		38	-0.24986361	-0.85291857	0.75641024	1.0	1.0	3824	tags=26%, list=16%, signal=31%	
RUFFLE ORGANIZATION%GOBP%GO:0031529	RUFFLE ORGANIZATION%GOBP%GO:0031529		17	-0.30143464	-0.852918	0.6625767	1.0	1.0	4486	tags=29%, list=18%, signal=36%	
TP53 NETWORK%WIKIPATHWAYS_20260211%WP1742%HOMO SAPIENS	TP53 NETWORK%WIKIPATHWAYS_20260211%WP1742%HOMO SAPIENS		16	-0.3055617	-0.85291344	0.6987952	1.0	1.0	5998	tags=50%, list=24%, signal=66%	
G2 M CHECKPOINTS%REACTOME%R-HSA-69481.5	G2 M CHECKPOINTS%REACTOME%R-HSA-69481.5		139	-0.19864543	-0.85224044	0.94	1.0	1.0	2082	tags=12%, list=9%, signal=13%	
HOST-MEDIATED ACTIVATION OF VIRAL PROCESS%GOBP%GO:0044794	HOST-MEDIATED ACTIVATION OF VIRAL PROCESS%GOBP%GO:0044794		34	-0.25892758	-0.8521718	0.708	1.0	1.0	5061	tags=35%, list=21%, signal=44%	
SIGNALING BY SCF-KIT%REACTOME%R-HSA-1433557.6	SIGNALING BY SCF-KIT%REACTOME%R-HSA-1433557.6		39	-0.2524337	-0.85198385	0.7222222	1.0	1.0	2701	tags=21%, list=11%, signal=23%	
MUSCLE TISSUE DEVELOPMENT%GOBP%GO:0060537	MUSCLE TISSUE DEVELOPMENT%GOBP%GO:0060537		179	-0.19882777	-0.8516507	0.8888889	1.0	1.0	3094	tags=15%, list=13%, signal=17%	
REGULATION OF POST-TRANSLATIONAL PROTEIN MODIFICATION%GOBP%GO:1901873	REGULATION OF POST-TRANSLATIONAL PROTEIN MODIFICATION%GOBP%GO:1901873		194	-0.19313653	-0.8515885	0.91803277	1.0	1.0	5230	tags=29%, list=21%, signal=37%	
HALLMARK_EPITHELIAL_MESENCHYMAL_TRANSITION%MSIGDBHALLMARK%HALLMARK_EPITHELIAL_MESENCHYMAL_TRANSITION	HALLMARK_EPITHELIAL_MESENCHYMAL_TRANSITION%MSIGDBHALLMARK%HALLMARK_EPITHELIAL_MESENCHYMAL_TRANSITION		158	-0.19709466	-0.8495415	0.8876405	1.0	1.0	3066	tags=15%, list=13%, signal=17%	
INTERCONVERSION OF NUCLEOTIDE DI- AND TRIPHOSPHATES%REACTOME DATABASE ID RELEASE 95%499943	INTERCONVERSION OF NUCLEOTIDE DI- AND TRIPHOSPHATES%REACTOME DATABASE ID RELEASE 95%499943		27	-0.2681797	-0.84917235	0.67558527	1.0	1.0	2469	tags=19%, list=10%, signal=21%	
RESPONSE TO ELEVATED PLATELET CYTOSOLIC CA2+%REACTOME DATABASE ID RELEASE 95%76005	RESPONSE TO ELEVATED PLATELET CYTOSOLIC CA2+%REACTOME DATABASE ID RELEASE 95%76005		131	-0.19800961	-0.84848905	0.8951613	1.0	1.0	3514	tags=18%, list=14%, signal=21%	
PROCESSIVE SYNTHESIS ON THE C-STRAND OF THE TELOMERE%REACTOME DATABASE ID RELEASE 95%174414	PROCESSIVE SYNTHESIS ON THE C-STRAND OF THE TELOMERE%REACTOME DATABASE ID RELEASE 95%174414		19	-0.28638428	-0.8475298	0.70846397	1.0	1.0	1813	tags=16%, list=7%, signal=17%	
HIGH-DENSITY LIPOPROTEIN PARTICLE REMODELING%GOBP%GO:0034375	HIGH-DENSITY LIPOPROTEIN PARTICLE REMODELING%GOBP%GO:0034375		20	-0.29356617	-0.8471393	0.6850649	1.0	1.0	2381	tags=20%, list=10%, signal=22%	
UROTENSIN II MEDIATED SIGNALING%WIKIPATHWAYS_20260211%WP5158%HOMO SAPIENS	UROTENSIN II MEDIATED SIGNALING%WIKIPATHWAYS_20260211%WP5158%HOMO SAPIENS		60	-0.22458357	-0.84696305	0.8442211	1.0	1.0	2975	tags=18%, list=12%, signal=21%	
SEMA3A PAK DEPENDENT AXON REPULSION%REACTOME%R-HSA-399954.4	SEMA3A PAK DEPENDENT AXON REPULSION%REACTOME%R-HSA-399954.4		16	-0.30386475	-0.84695464	0.684375	1.0	1.0	5331	tags=38%, list=22%, signal=48%	
REGULATION OF MITF-M-DEPENDENT GENES INVOLVED IN PIGMENTATION%REACTOME DATABASE ID RELEASE 95%9824585	REGULATION OF MITF-M-DEPENDENT GENES INVOLVED IN PIGMENTATION%REACTOME DATABASE ID RELEASE 95%9824585		40	-0.23790574	-0.84688365	0.7617021	1.0	1.0	1808	tags=13%, list=7%, signal=13%	
POSITIVE REGULATION OF TELOMERE MAINTENANCE VIA TELOMERE LENGTHENING%GOBP%GO:1904358	POSITIVE REGULATION OF TELOMERE MAINTENANCE VIA TELOMERE LENGTHENING%GOBP%GO:1904358		26	-0.2742408	-0.84645975	0.73214287	1.0	1.0	3583	tags=31%, list=15%, signal=36%	
REGULATION OF AMINE TRANSPORT%GOBP%GO:0051952	REGULATION OF AMINE TRANSPORT%GOBP%GO:0051952		39	-0.24848637	-0.8460812	0.7468355	1.0	1.0	3943	tags=31%, list=16%, signal=37%	
ALPHA ADRENERGIC RECEPTOR SIGNALING PATHWAY%PANTHER PATHWAY%P00002	ALPHA ADRENERGIC RECEPTOR SIGNALING PATHWAY%PANTHER PATHWAY%P00002		16	-0.31686977	-0.8459026	0.7152104	1.0	1.0	2805	tags=25%, list=11%, signal=28%	
REGULATION OF POST-TRANSCRIPTIONAL GENE SILENCING BY REGULATORY NCRNA%GOBP%GO:1900368	REGULATION OF POST-TRANSCRIPTIONAL GENE SILENCING BY REGULATORY NCRNA%GOBP%GO:1900368		28	-0.26309288	-0.8453631	0.7093023	1.0	1.0	2760	tags=21%, list=11%, signal=24%	
DEREGULATING CELLULAR METABOLISM THROUGH NON GENOTOXIC CARCINOGENS%WIKIPATHWAYS_20260211%WP5571%HOMO SAPIENS	DEREGULATING CELLULAR METABOLISM THROUGH NON GENOTOXIC CARCINOGENS%WIKIPATHWAYS_20260211%WP5571%HOMO SAPIENS		18	-0.3000717	-0.84534127	0.7227414	1.0	1.0	2429	tags=22%, list=10%, signal=25%	
AUTOPHAGY OF MITOCHONDRION%GOBP%GO:0000422	AUTOPHAGY OF MITOCHONDRION%GOBP%GO:0000422		66	-0.21795386	-0.8451666	0.82608694	1.0	1.0	6033	tags=35%, list=25%, signal=46%	
REGULATION OF MUSCLE TISSUE DEVELOPMENT%GOBP%GO:1901861	REGULATION OF MUSCLE TISSUE DEVELOPMENT%GOBP%GO:1901861		18	-0.28646195	-0.84473103	0.7152778	1.0	1.0	2760	tags=22%, list=11%, signal=25%	
REGULATION OF PROTEASOMAL UBIQUITIN-DEPENDENT PROTEIN CATABOLIC PROCESS%GOBP%GO:0032434	REGULATION OF PROTEASOMAL UBIQUITIN-DEPENDENT PROTEIN CATABOLIC PROCESS%GOBP%GO:0032434		119	-0.20291442	-0.8439287	0.93162394	1.0	1.0	5757	tags=33%, list=24%, signal=43%	
GAP-FILLING DNA REPAIR SYNTHESIS AND LIGATION IN TC-NER%REACTOME%R-HSA-6782210.3	GAP-FILLING DNA REPAIR SYNTHESIS AND LIGATION IN TC-NER%REACTOME%R-HSA-6782210.3		61	-0.22204295	-0.84348387	0.8028169	1.0	1.0	5478	tags=36%, list=22%, signal=46%	
REGULATION OF ACUTE INFLAMMATORY RESPONSE%GOBP%GO:0002673	REGULATION OF ACUTE INFLAMMATORY RESPONSE%GOBP%GO:0002673		33	-0.25370276	-0.84324294	0.744	1.0	1.0	3095	tags=15%, list=13%, signal=17%	
GAP JUNCTION TRAFFICKING AND REGULATION%REACTOME DATABASE ID RELEASE 95%157858	GAP JUNCTION TRAFFICKING AND REGULATION%REACTOME DATABASE ID RELEASE 95%157858		29	-0.2616962	-0.84302026	0.7528517	1.0	1.0	1512	tags=10%, list=6%, signal=11%	
NEGATIVE REGULATION OF MEIOTIC CELL CYCLE%GOBP%GO:0051447	NEGATIVE REGULATION OF MEIOTIC CELL CYCLE%GOBP%GO:0051447		16	-0.30719435	-0.84277153	0.721519	1.0	1.0	2134	tags=19%, list=9%, signal=21%	
RETINA MORPHOGENESIS IN CAMERA-TYPE EYE%GOBP%GO:0060042	RETINA MORPHOGENESIS IN CAMERA-TYPE EYE%GOBP%GO:0060042		33	-0.25372863	-0.8423657	0.7375	1.0	1.0	1646	tags=12%, list=7%, signal=13%	
TRNA 5'-END PROCESSING%GOBP%GO:0099116	TRNA 5'-END PROCESSING%GOBP%GO:0099116		15	-0.31135234	-0.8421016	0.68561876	1.0	1.0	3824	tags=33%, list=16%, signal=39%	
REGULATION OF SMOOTH MUSCLE CELL PROLIFERATION%GOBP%GO:0048660	REGULATION OF SMOOTH MUSCLE CELL PROLIFERATION%GOBP%GO:0048660		85	-0.20898288	-0.8416372	0.9060773	1.0	1.0	3016	tags=15%, list=12%, signal=17%	
MEMBRANE REPOLARIZATION%GOBP%GO:0086009	MEMBRANE REPOLARIZATION%GOBP%GO:0086009		28	-0.2638128	-0.8411498	0.7364621	1.0	1.0	4756	tags=29%, list=19%, signal=35%	
PHYSICO CHEMICAL FEATURES AND TOXICITY ASSOCIATED PATHWAYS%WIKIPATHWAYS_20260211%WP3680%HOMO SAPIENS	PHYSICO CHEMICAL FEATURES AND TOXICITY ASSOCIATED PATHWAYS%WIKIPATHWAYS_20260211%WP3680%HOMO SAPIENS		52	-0.2311143	-0.8406264	0.8325792	1.0	1.0	5541	tags=44%, list=23%, signal=57%	
PID_AVB3_INTEGRIN_PATHWAY%MSIGDB_C2%PID_AVB3_INTEGRIN_PATHWAY	PID_AVB3_INTEGRIN_PATHWAY%MSIGDB_C2%PID_AVB3_INTEGRIN_PATHWAY		58	-0.22337833	-0.8405991	0.83919597	1.0	1.0	1396	tags=9%, list=6%, signal=9%	
RAF-INDEPENDENT MAPK1 3 ACTIVATION%REACTOME%R-HSA-112409.5	RAF-INDEPENDENT MAPK1 3 ACTIVATION%REACTOME%R-HSA-112409.5		22	-0.29091617	-0.84012234	0.7	1.0	1.0	3082	tags=27%, list=13%, signal=31%	
STEROID HORMONE BIOSYNTHETIC PROCESS%GOBP%GO:0120178	STEROID HORMONE BIOSYNTHETIC PROCESS%GOBP%GO:0120178		27	-0.2703158	-0.84011436	0.7173145	1.0	1.0	942	tags=11%, list=4%, signal=12%	
CELLULAR RESPONSE TO CHEMICAL STRESS%REACTOME DATABASE ID RELEASE 95%9711123	CELLULAR RESPONSE TO CHEMICAL STRESS%REACTOME DATABASE ID RELEASE 95%9711123		188	-0.18676649	-0.8397216	0.9411765	1.0	1.0	5522	tags=30%, list=23%, signal=38%	
NEGATIVE REGULATION OF MRNA SPLICING, VIA SPLICEOSOME%GOBP%GO:0048025	NEGATIVE REGULATION OF MRNA SPLICING, VIA SPLICEOSOME%GOBP%GO:0048025		26	-0.2731065	-0.83872503	0.6976744	1.0	1.0	4627	tags=31%, list=19%, signal=38%	
REGULATION OF BROWN FAT CELL DIFFERENTIATION%GOBP%GO:0090335	REGULATION OF BROWN FAT CELL DIFFERENTIATION%GOBP%GO:0090335		22	-0.2869438	-0.83871275	0.7094801	1.0	1.0	2375	tags=18%, list=10%, signal=20%	
GLUTAMATE BINDING, ACTIVATION OF AMPA RECEPTORS AND SYNAPTIC PLASTICITY%REACTOME%R-HSA-399721.5	GLUTAMATE BINDING, ACTIVATION OF AMPA RECEPTORS AND SYNAPTIC PLASTICITY%REACTOME%R-HSA-399721.5		27	-0.2632668	-0.8382171	0.75767916	1.0	1.0	3175	tags=19%, list=13%, signal=21%	
INSULIN PROCESSING%REACTOME DATABASE ID RELEASE 95%264876	INSULIN PROCESSING%REACTOME DATABASE ID RELEASE 95%264876		25	-0.26610485	-0.837656	0.7121771	1.0	1.0	3360	tags=20%, list=14%, signal=23%	
ECM PROTEOGLYCANS%REACTOME DATABASE ID RELEASE 95%3000178	ECM PROTEOGLYCANS%REACTOME DATABASE ID RELEASE 95%3000178		56	-0.2249613	-0.8375626	0.8235294	1.0	1.0	720	tags=9%, list=3%, signal=9%	
SULFUR AMINO ACID METABOLISM%REACTOME DATABASE ID RELEASE 95%1614635	SULFUR AMINO ACID METABOLISM%REACTOME DATABASE ID RELEASE 95%1614635		28	-0.26668715	-0.83704036	0.7937743	1.0	1.0	4078	tags=21%, list=17%, signal=26%	
REGULATION OF GENERATION OF PRECURSOR METABOLITES AND ENERGY%GOBP%GO:0043467	REGULATION OF GENERATION OF PRECURSOR METABOLITES AND ENERGY%GOBP%GO:0043467		105	-0.20251775	-0.8368323	0.8881119	1.0	1.0	3849	tags=21%, list=16%, signal=25%	
ATR SIGNALING PATHWAY%PATHWAY INTERACTION DATABASE NCI-NATURE CURATED DATA%ATR SIGNALING PATHWAY	ATR SIGNALING PATHWAY%PATHWAY INTERACTION DATABASE NCI-NATURE CURATED DATA%ATR SIGNALING PATHWAY		39	-0.2459573	-0.83658236	0.77828056	1.0	1.0	2058	tags=15%, list=8%, signal=17%	
PROTEIN K63-LINKED DEUBIQUITINATION%GOBP%GO:0070536	PROTEIN K63-LINKED DEUBIQUITINATION%GOBP%GO:0070536		24	-0.26789278	-0.8346737	0.76383764	1.0	1.0	2976	tags=21%, list=12%, signal=24%	
STRESS GRANULE ASSEMBLY%GOBP%GO:0034063	STRESS GRANULE ASSEMBLY%GOBP%GO:0034063		27	-0.26287508	-0.8341159	0.74509805	1.0	1.0	4132	tags=33%, list=17%, signal=40%	
EXTRINSIC APOPTOTIC SIGNALING PATHWAY%GOBP%GO:0097191	EXTRINSIC APOPTOTIC SIGNALING PATHWAY%GOBP%GO:0097191		77	-0.2076409	-0.8338623	0.872093	1.0	1.0	2039	tags=12%, list=8%, signal=13%	
LDL INFLUENCE ON CD14 AND TLR4%WIKIPATHWAYS_20260211%WP5272%HOMO SAPIENS	LDL INFLUENCE ON CD14 AND TLR4%WIKIPATHWAYS_20260211%WP5272%HOMO SAPIENS		22	-0.2806501	-0.83376575	0.71875	1.0	1.0	40	tags=5%, list=0%, signal=5%	
MEMBRANE REPOLARIZATION DURING ACTION POTENTIAL%GOBP%GO:0086011	MEMBRANE REPOLARIZATION DURING ACTION POTENTIAL%GOBP%GO:0086011		22	-0.2769794	-0.8335492	0.71565497	1.0	1.0	4756	tags=32%, list=19%, signal=39%	
IMP METABOLIC PROCESS%GOBP%GO:0046040	IMP METABOLIC PROCESS%GOBP%GO:0046040		15	-0.30653945	-0.83265984	0.72292995	1.0	1.0	2482	tags=33%, list=10%, signal=37%	
RRNA CATABOLIC PROCESS%GOBP%GO:0016075	RRNA CATABOLIC PROCESS%GOBP%GO:0016075		18	-0.28949943	-0.83214766	0.73	1.0	1.0	5971	tags=44%, list=24%, signal=59%	
MITOCHONDRION TRANSPORT ALONG MICROTUBULE%GOBP%GO:0047497	MITOCHONDRION TRANSPORT ALONG MICROTUBULE%GOBP%GO:0047497		22	-0.2833908	-0.8317108	0.71272725	1.0	1.0	3402	tags=36%, list=14%, signal=42%	
POSITIVE REGULATION OF BMP SIGNALING PATHWAY%GOBP%GO:0030513	POSITIVE REGULATION OF BMP SIGNALING PATHWAY%GOBP%GO:0030513		24	-0.27481627	-0.8315835	0.72473866	1.0	1.0	4695	tags=42%, list=19%, signal=51%	
REGULATION OF MIRNA-MEDIATED GENE SILENCING%GOBP%GO:0060964	REGULATION OF MIRNA-MEDIATED GENE SILENCING%GOBP%GO:0060964		28	-0.26309288	-0.8315111	0.76	1.0	1.0	2760	tags=21%, list=11%, signal=24%	
COPII-COATED VESICLE BUDDING%GOBP%GO:0090114	COPII-COATED VESICLE BUDDING%GOBP%GO:0090114		39	-0.24173734	-0.83110374	0.7905983	1.0	1.0	2308	tags=18%, list=9%, signal=20%	
REGULATION OF POST-TRANSCRIPTIONAL GENE SILENCING%GOBP%GO:0060147	REGULATION OF POST-TRANSCRIPTIONAL GENE SILENCING%GOBP%GO:0060147		28	-0.26309288	-0.83102596	0.75185186	1.0	1.0	2760	tags=21%, list=11%, signal=24%	
HEDGEHOG 'OFF' STATE%REACTOME DATABASE ID RELEASE 95%5610787	HEDGEHOG 'OFF' STATE%REACTOME DATABASE ID RELEASE 95%5610787		87	-0.20865062	-0.83069825	0.8742515	1.0	1.0	4658	tags=28%, list=19%, signal=34%	
POSITIVE REGULATION OF MORPHOGENESIS OF AN EPITHELIUM%GOBP%GO:1905332	POSITIVE REGULATION OF MORPHOGENESIS OF AN EPITHELIUM%GOBP%GO:1905332		26	-0.2697337	-0.8305353	0.74626863	1.0	1.0	1808	tags=15%, list=7%, signal=17%	
FORMATION OF THE DYSTROPHIN-GLYCOPROTEIN COMPLEX (DGC)%REACTOME DATABASE ID RELEASE 95%9913351	FORMATION OF THE DYSTROPHIN-GLYCOPROTEIN COMPLEX (DGC)%REACTOME DATABASE ID RELEASE 95%9913351		30	-0.2549103	-0.83023345	0.7881356	1.0	1.0	2648	tags=17%, list=11%, signal=19%	
ENTRAINMENT OF CIRCADIAN CLOCK%GOBP%GO:0009649	ENTRAINMENT OF CIRCADIAN CLOCK%GOBP%GO:0009649		26	-0.26932877	-0.8299753	0.78014183	1.0	1.0	4964	tags=35%, list=20%, signal=43%	
INTRACELLULAR SIGNALLING THROUGH ADENOSINE RECEPTOR A2B AND ADENOSINE%SMPDB%SMP0000321	INTRACELLULAR SIGNALLING THROUGH ADENOSINE RECEPTOR A2B AND ADENOSINE%SMPDB%SMP0000321		38	-0.2412761	-0.82986706	0.8284519	1.0	1.0	2395	tags=16%, list=10%, signal=17%	
REGULATION OF GLUCONEOGENESIS%GOBP%GO:0006111	REGULATION OF GLUCONEOGENESIS%GOBP%GO:0006111		38	-0.2464877	-0.8290963	0.79026216	1.0	1.0	3511	tags=24%, list=14%, signal=28%	
G1 S TRANSITION%REACTOME DATABASE ID RELEASE 95%69206	G1 S TRANSITION%REACTOME DATABASE ID RELEASE 95%69206		121	-0.19941327	-0.8281916	0.9347826	1.0	1.0	4658	tags=27%, list=19%, signal=34%	
NEGATIVE REGULATION OF T CELL MEDIATED IMMUNITY%GOBP%GO:0002710	NEGATIVE REGULATION OF T CELL MEDIATED IMMUNITY%GOBP%GO:0002710		28	-0.25938943	-0.8281328	0.7565543	1.0	1.0	4034	tags=29%, list=16%, signal=34%	
REGULATION OF MITOCHONDRIAL MEMBRANE POTENTIAL%GOBP%GO:0051881	REGULATION OF MITOCHONDRIAL MEMBRANE POTENTIAL%GOBP%GO:0051881		42	-0.23820482	-0.8280399	0.8063063	1.0	1.0	1865	tags=14%, list=8%, signal=15%	
REGULATION OF CELL FATE COMMITMENT%GOBP%GO:0010453	REGULATION OF CELL FATE COMMITMENT%GOBP%GO:0010453		35	-0.2509311	-0.82768565	0.8055556	1.0	1.0	2314	tags=17%, list=9%, signal=19%	
POSTTRANSLATIONAL REGULATION OF ADHERENS JUNCTION STABILITY AND DISSASSEMBLY%PATHWAY INTERACTION DATABASE NCI-NATURE CURATED DATA%POSTTRANSLATIONAL REGULATION OF ADHERENS JUNCTION STABILITY AND DISSASSEMBLY	POSTTRANSLATIONAL REGULATION OF ADHERENS JUNCTION STABILITY AND DISSASSEMBLY%PATHWAY INTERACTION DATABASE NCI-NATURE CURATED DATA%POSTTRANSLATIONAL REGULATION OF ADHERENS JUNCTION STABILITY AND DISSASSEMBLY		48	-0.23490311	-0.82712865	0.81889766	1.0	1.0	2701	tags=17%, list=11%, signal=19%	
SIGNALING EVENTS MEDIATED BY PRL%PATHWAY INTERACTION DATABASE NCI-NATURE CURATED DATA%SIGNALING EVENTS MEDIATED BY PRL	SIGNALING EVENTS MEDIATED BY PRL%PATHWAY INTERACTION DATABASE NCI-NATURE CURATED DATA%SIGNALING EVENTS MEDIATED BY PRL		23	-0.2760755	-0.82699245	0.7689531	1.0	1.0	4594	tags=26%, list=19%, signal=32%	
PID_IL6_7_PATHWAY%MSIGDB_C2%PID_IL6_7_PATHWAY	PID_IL6_7_PATHWAY%MSIGDB_C2%PID_IL6_7_PATHWAY		38	-0.2395873	-0.8268526	0.7923077	1.0	1.0	2806	tags=16%, list=11%, signal=18%	
NEGATIVE REGULATION OF AXONOGENESIS%GOBP%GO:0050771	NEGATIVE REGULATION OF AXONOGENESIS%GOBP%GO:0050771		24	-0.26826257	-0.8266637	0.78546715	1.0	1.0	2479	tags=17%, list=10%, signal=19%	
NOTCH SIGNALING PATHWAY%PATHWAY INTERACTION DATABASE NCI-NATURE CURATED DATA%NOTCH SIGNALING PATHWAY	NOTCH SIGNALING PATHWAY%PATHWAY INTERACTION DATABASE NCI-NATURE CURATED DATA%NOTCH SIGNALING PATHWAY		58	-0.2183279	-0.82657456	0.8578199	1.0	1.0	2895	tags=14%, list=12%, signal=16%	
RNA POLYMERASE III TRANSCRIPTION INITIATION FROM TYPE 2 PROMOTER%REACTOME DATABASE ID RELEASE 95%76066	RNA POLYMERASE III TRANSCRIPTION INITIATION FROM TYPE 2 PROMOTER%REACTOME DATABASE ID RELEASE 95%76066		27	-0.2590583	-0.82645965	0.75	1.0	1.0	3624	tags=26%, list=15%, signal=30%	
NEGATIVE REGULATION OF MUSCLE CELL DIFFERENTIATION%GOBP%GO:0051148	NEGATIVE REGULATION OF MUSCLE CELL DIFFERENTIATION%GOBP%GO:0051148		34	-0.24813105	-0.82629025	0.78367347	1.0	1.0	3757	tags=26%, list=15%, signal=31%	
REGULATION OF TP53 DEGRADATION%REACTOME%R-HSA-6804757.3	REGULATION OF TP53 DEGRADATION%REACTOME%R-HSA-6804757.3		36	-0.24118437	-0.8262313	0.8068182	1.0	1.0	4894	tags=33%, list=20%, signal=42%	
RNA POLYMERASE II TRANSCRIPTION TERMINATION%REACTOME%R-HSA-73856.6	RNA POLYMERASE II TRANSCRIPTION TERMINATION%REACTOME%R-HSA-73856.6		66	-0.2172124	-0.82581073	0.9	1.0	1.0	4143	tags=26%, list=17%, signal=31%	
NUCLEOLAR LARGE RRNA TRANSCRIPTION BY RNA POLYMERASE I%GOBP%GO:0042790	NUCLEOLAR LARGE RRNA TRANSCRIPTION BY RNA POLYMERASE I%GOBP%GO:0042790		15	-0.30236548	-0.82562554	0.73040754	1.0	1.0	17092	tags=100%, list=70%, signal=331%	
REGULATION OF PLATELET AGGREGATION%GOBP%GO:0090330	REGULATION OF PLATELET AGGREGATION%GOBP%GO:0090330		27	-0.2670387	-0.82538044	0.7490775	1.0	1.0	1694	tags=15%, list=7%, signal=16%	
TP53 REGULATES TRANSCRIPTION OF DNA REPAIR GENES%REACTOME%R-HSA-6796648.5	TP53 REGULATES TRANSCRIPTION OF DNA REPAIR GENES%REACTOME%R-HSA-6796648.5		62	-0.215478	-0.8250575	0.83732057	1.0	1.0	5185	tags=34%, list=21%, signal=43%	
RNA POLYMERASE III TRANSCRIPTION INITIATION%REACTOME%R-HSA-76046.4	RNA POLYMERASE III TRANSCRIPTION INITIATION%REACTOME%R-HSA-76046.4		36	-0.25085306	-0.8250289	0.79310346	1.0	1.0	3624	tags=25%, list=15%, signal=29%	
TRAFFICKING OF AMPA RECEPTORS%REACTOME%R-HSA-399719.3	TRAFFICKING OF AMPA RECEPTORS%REACTOME%R-HSA-399719.3		27	-0.2632668	-0.82500654	0.7924528	1.0	1.0	3175	tags=19%, list=13%, signal=21%	
POSITIVE REGULATION OF FOCAL ADHESION ASSEMBLY%GOBP%GO:0051894	POSITIVE REGULATION OF FOCAL ADHESION ASSEMBLY%GOBP%GO:0051894		19	-0.2765768	-0.8248602	0.7125	1.0	1.0	5575	tags=42%, list=23%, signal=54%	
PROTEIN DEPOLYMERIZATION%GOBP%GO:0051261	PROTEIN DEPOLYMERIZATION%GOBP%GO:0051261		35	-0.24650489	-0.82335263	0.7933884	1.0	1.0	1584	tags=11%, list=6%, signal=12%	
NUCLEOTIDE EXCISION REPAIR%REACTOME%R-HSA-5696398.4	NUCLEOTIDE EXCISION REPAIR%REACTOME%R-HSA-5696398.4		107	-0.19647883	-0.82280415	0.90909094	1.0	1.0	5676	tags=36%, list=23%, signal=46%	
REGULATION OF TP53 ACTIVITY THROUGH METHYLATION%REACTOME%R-HSA-6804760.3	REGULATION OF TP53 ACTIVITY THROUGH METHYLATION%REACTOME%R-HSA-6804760.3		19	-0.28240928	-0.822456	0.6967509	1.0	1.0	1599	tags=16%, list=7%, signal=17%	
WNT%NETPATH%WNT	WNT%NETPATH%WNT		46	-0.23481323	-0.8220235	0.80861247	1.0	1.0	1735	tags=13%, list=7%, signal=14%	
TRNA CHARGING%BIOCYC%TRNA-CHARGING-PWY	TRNA CHARGING%BIOCYC%TRNA-CHARGING-PWY		38	-0.24236415	-0.8217379	0.8720379	1.0	1.0	2747	tags=18%, list=11%, signal=21%	
10Q22Q23 COPY NUMBER VARIATION%WIKIPATHWAYS_20260211%WP5402%HOMO SAPIENS	10Q22Q23 COPY NUMBER VARIATION%WIKIPATHWAYS_20260211%WP5402%HOMO SAPIENS		56	-0.22406392	-0.82167965	0.7960199	1.0	1.0	628	tags=5%, list=3%, signal=5%	
RESPONSE TO ACETYLCHOLINE%GOBP%GO:1905144	RESPONSE TO ACETYLCHOLINE%GOBP%GO:1905144		43	-0.2294692	-0.82148075	0.8122449	1.0	1.0	2757	tags=19%, list=11%, signal=21%	
TRANSCRIPTIONAL REGULATION BY THE AP-2 (TFAP2) FAMILY OF TRANSCRIPTION FACTORS%REACTOME%R-HSA-8864260.5	TRANSCRIPTIONAL REGULATION BY THE AP-2 (TFAP2) FAMILY OF TRANSCRIPTION FACTORS%REACTOME%R-HSA-8864260.5		36	-0.24318247	-0.8212651	0.8353414	1.0	1.0	3778	tags=25%, list=15%, signal=30%	
REGULATION OF HOMOTYPIC CELL-CELL ADHESION%GOBP%GO:0034110	REGULATION OF HOMOTYPIC CELL-CELL ADHESION%GOBP%GO:0034110		35	-0.24685413	-0.8212006	0.7777778	1.0	1.0	1808	tags=14%, list=7%, signal=15%	
CALCIUM REGULATION IN CARDIAC CELLS%WIKIPATHWAYS_20260211%WP536%HOMO SAPIENS	CALCIUM REGULATION IN CARDIAC CELLS%WIKIPATHWAYS_20260211%WP536%HOMO SAPIENS		119	-0.19800946	-0.8202005	0.9347826	1.0	1.0	1619	tags=10%, list=7%, signal=11%	
ACTIVATION OF G PROTEIN GATED POTASSIUM CHANNELS%REACTOME%R-HSA-1296041.4	ACTIVATION OF G PROTEIN GATED POTASSIUM CHANNELS%REACTOME%R-HSA-1296041.4		29	-0.25315925	-0.8201815	0.76119405	1.0	1.0	1619	tags=14%, list=7%, signal=15%	
NEUROINFLAMMATION AND GLUTAMATERGIC SIGNALING%WIKIPATHWAYS_20260211%WP5083%HOMO SAPIENS	NEUROINFLAMMATION AND GLUTAMATERGIC SIGNALING%WIKIPATHWAYS_20260211%WP5083%HOMO SAPIENS		108	-0.20031324	-0.8201113	0.8951613	1.0	1.0	3175	tags=15%, list=13%, signal=17%	
LAGGING STRAND SYNTHESIS%REACTOME%R-HSA-69186.4	LAGGING STRAND SYNTHESIS%REACTOME%R-HSA-69186.4		20	-0.27739123	-0.81988585	0.7450331	1.0	1.0	1813	tags=20%, list=7%, signal=22%	
REGULATION OF INTERLEUKIN-4 PRODUCTION%GOBP%GO:0032673	REGULATION OF INTERLEUKIN-4 PRODUCTION%GOBP%GO:0032673		25	-0.26120758	-0.8198315	0.76978415	1.0	1.0	3852	tags=28%, list=16%, signal=33%	
LPA RECEPTOR MEDIATED EVENTS%PATHWAY INTERACTION DATABASE NCI-NATURE CURATED DATA%LPA RECEPTOR MEDIATED EVENTS	LPA RECEPTOR MEDIATED EVENTS%PATHWAY INTERACTION DATABASE NCI-NATURE CURATED DATA%LPA RECEPTOR MEDIATED EVENTS		64	-0.21964248	-0.8194695	0.8473684	1.0	1.0	1396	tags=9%, list=6%, signal=10%	
VEGFR2 MEDIATED VASCULAR PERMEABILITY%REACTOME%R-HSA-5218920.4	VEGFR2 MEDIATED VASCULAR PERMEABILITY%REACTOME%R-HSA-5218920.4		27	-0.2579949	-0.81933606	0.8111111	1.0	1.0	5826	tags=37%, list=24%, signal=49%	
PID_TRKR_PATHWAY%MSIGDB_C2%PID_TRKR_PATHWAY	PID_TRKR_PATHWAY%MSIGDB_C2%PID_TRKR_PATHWAY		49	-0.22527368	-0.8189324	0.8362069	1.0	1.0	3408	tags=18%, list=14%, signal=21%	
CENTRAL NERVOUS SYSTEM NEURON DEVELOPMENT%GOBP%GO:0021954	CENTRAL NERVOUS SYSTEM NEURON DEVELOPMENT%GOBP%GO:0021954		43	-0.23205326	-0.81840277	0.8162393	1.0	1.0	145	tags=5%, list=1%, signal=5%	
BASE EXCISION REPAIR%REACTOME DATABASE ID RELEASE 95%73884	BASE EXCISION REPAIR%REACTOME DATABASE ID RELEASE 95%73884		68	-0.21199016	-0.81826764	0.88481677	1.0	1.0	2413	tags=12%, list=10%, signal=13%	
TRP CHANNELS%REACTOME%R-HSA-3295583.4	TRP CHANNELS%REACTOME%R-HSA-3295583.4		25	-0.26580748	-0.81812835	0.7706093	1.0	1.0	2792	tags=16%, list=11%, signal=18%	
ENDOSOME TO LYSOSOME TRANSPORT%GOBP%GO:0008333	ENDOSOME TO LYSOSOME TRANSPORT%GOBP%GO:0008333		64	-0.21352392	-0.81762123	0.890625	1.0	1.0	2651	tags=14%, list=11%, signal=16%	
NEGATIVE REGULATION OF CYTOKINE PRODUCTION INVOLVED IN IMMUNE RESPONSE%GOBP%GO:0002719	NEGATIVE REGULATION OF CYTOKINE PRODUCTION INVOLVED IN IMMUNE RESPONSE%GOBP%GO:0002719		23	-0.27361515	-0.8175692	0.77816904	1.0	1.0	4604	tags=35%, list=19%, signal=43%	
REGULATION OF STRIATED MUSCLE TISSUE DEVELOPMENT%GOBP%GO:0016202	REGULATION OF STRIATED MUSCLE TISSUE DEVELOPMENT%GOBP%GO:0016202		18	-0.28646195	-0.8174602	0.7306501	1.0	1.0	2760	tags=22%, list=11%, signal=25%	
REGULATION OF PEPTIDE HORMONE SECRETION%GOBP%GO:0090276	REGULATION OF PEPTIDE HORMONE SECRETION%GOBP%GO:0090276		136	-0.19097199	-0.8174216	0.95238096	1.0	1.0	2793	tags=13%, list=11%, signal=15%	
REGULATION OF TRANSLATION IN RESPONSE TO STRESS%GOBP%GO:0043555	REGULATION OF TRANSLATION IN RESPONSE TO STRESS%GOBP%GO:0043555		17	-0.30051634	-0.81733495	0.7607973	1.0	1.0	3341	tags=29%, list=14%, signal=34%	
EPITHELIAL TO MESENCHYMAL TRANSITION%GOBP%GO:0001837	EPITHELIAL TO MESENCHYMAL TRANSITION%GOBP%GO:0001837		67	-0.215392	-0.81653774	0.8480392	1.0	1.0	2904	tags=19%, list=12%, signal=22%	
SARS-COV-1 TARGETS HOST INTRACELLULAR SIGNALLING AND REGULATORY PATHWAYS%REACTOME%R-HSA-9735871.2	SARS-COV-1 TARGETS HOST INTRACELLULAR SIGNALLING AND REGULATORY PATHWAYS%REACTOME%R-HSA-9735871.2		15	-0.3041922	-0.81650734	0.75165564	1.0	1.0	899	tags=13%, list=4%, signal=14%	
ENDOTHELIAL CELL DIFFERENTIATION%GOBP%GO:0045446	ENDOTHELIAL CELL DIFFERENTIATION%GOBP%GO:0045446		57	-0.21542874	-0.8133051	0.86096257	1.0	1.0	2336	tags=12%, list=10%, signal=14%	
GASTRIN SIGNALING%WIKIPATHWAYS_20260211%WP4659%HOMO SAPIENS	GASTRIN SIGNALING%WIKIPATHWAYS_20260211%WP4659%HOMO SAPIENS		96	-0.19886017	-0.81254417	0.9364162	1.0	1.0	2737	tags=13%, list=11%, signal=14%	
RETINOIC ACID METABOLIC PROCESS%GOBP%GO:0042573	RETINOIC ACID METABOLIC PROCESS%GOBP%GO:0042573		26	-0.25724608	-0.81216073	0.7761733	1.0	1.0	2229	tags=15%, list=9%, signal=17%	
POSITIVE REGULATION OF D-GLUCOSE IMPORT ACROSS PLASMA MEMBRANE%GOBP%GO:0046326	POSITIVE REGULATION OF D-GLUCOSE IMPORT ACROSS PLASMA MEMBRANE%GOBP%GO:0046326		26	-0.2565015	-0.811878	0.8007663	1.0	1.0	1717	tags=12%, list=7%, signal=12%	
INHIBITION OF VOLTAGE GATED CA2+ CHANNELS VIA GBETA GAMMA SUBUNITS%REACTOME%R-HSA-997272.3	INHIBITION OF VOLTAGE GATED CA2+ CHANNELS VIA GBETA GAMMA SUBUNITS%REACTOME%R-HSA-997272.3		29	-0.25315925	-0.81139404	0.7751004	1.0	1.0	1619	tags=14%, list=7%, signal=15%	
FACE DEVELOPMENT%GOBP%GO:0060324	FACE DEVELOPMENT%GOBP%GO:0060324		17	-0.29519114	-0.8112734	0.75767916	1.0	1.0	3094	tags=29%, list=13%, signal=34%	
TRNA AMINOACYLATION FOR PROTEIN TRANSLATION%GOBP%GO:0006418	TRNA AMINOACYLATION FOR PROTEIN TRANSLATION%GOBP%GO:0006418		41	-0.23291741	-0.8109743	0.8340807	1.0	1.0	2747	tags=17%, list=11%, signal=19%	
RHO GTPASES ACTIVATE ROCKS%REACTOME%R-HSA-5627117.5	RHO GTPASES ACTIVATE ROCKS%REACTOME%R-HSA-5627117.5		19	-0.27931893	-0.8106539	0.77666664	1.0	1.0	2785	tags=16%, list=11%, signal=18%	
PID_CMYB_PATHWAY%MSIGDB_C2%PID_CMYB_PATHWAY	PID_CMYB_PATHWAY%MSIGDB_C2%PID_CMYB_PATHWAY		68	-0.20950179	-0.8103943	0.9166667	1.0	1.0	4161	tags=21%, list=17%, signal=25%	
DUAL INCISION IN TC-NER%REACTOME%R-HSA-6782135.4	DUAL INCISION IN TC-NER%REACTOME%R-HSA-6782135.4		62	-0.2149979	-0.809832	0.8674033	1.0	1.0	5676	tags=39%, list=23%, signal=50%	
NONSENSE MEDIATED DECAY (NMD) ENHANCED BY THE EXON JUNCTION COMPLEX (EJC)%REACTOME DATABASE ID RELEASE 95%975957	NONSENSE MEDIATED DECAY (NMD) ENHANCED BY THE EXON JUNCTION COMPLEX (EJC)%REACTOME DATABASE ID RELEASE 95%975957		115	-0.19449139	-0.809069	0.93043476	1.0	1.0	5877	tags=33%, list=24%, signal=43%	
REGULATION OF NUCLEAR BETA CATENIN SIGNALING AND TARGET GENE TRANSCRIPTION%PATHWAY INTERACTION DATABASE NCI-NATURE CURATED DATA%REGULATION OF NUCLEAR BETA CATENIN SIGNALING AND TARGET GENE TRANSCRIPTION	REGULATION OF NUCLEAR BETA CATENIN SIGNALING AND TARGET GENE TRANSCRIPTION%PATHWAY INTERACTION DATABASE NCI-NATURE CURATED DATA%REGULATION OF NUCLEAR BETA CATENIN SIGNALING AND TARGET GENE TRANSCRIPTION		79	-0.2071403	-0.8089773	0.8863636	1.0	1.0	3016	tags=18%, list=12%, signal=20%	
WHITE FAT CELL DIFFERENTIATION%WIKIPATHWAYS_20260211%WP4149%HOMO SAPIENS	WHITE FAT CELL DIFFERENTIATION%WIKIPATHWAYS_20260211%WP4149%HOMO SAPIENS		28	-0.25480628	-0.8077383	0.79435486	1.0	1.0	3852	tags=25%, list=16%, signal=30%	
VIRION ASSEMBLY%GOBP%GO:0019068	VIRION ASSEMBLY%GOBP%GO:0019068		34	-0.24202883	-0.80761856	0.7946768	1.0	1.0	2881	tags=21%, list=12%, signal=23%	
CS DS DEGRADATION%REACTOME%R-HSA-2024101.6	CS DS DEGRADATION%REACTOME%R-HSA-2024101.6		20	-0.2745295	-0.8070612	0.7591973	1.0	1.0	647	tags=10%, list=3%, signal=10%	
RRNA METHYLATION%GOBP%GO:0031167	RRNA METHYLATION%GOBP%GO:0031167		25	-0.25954646	-0.8069962	0.77380955	1.0	1.0	2295	tags=20%, list=9%, signal=22%	
NONSENSE-MEDIATED DECAY (NMD)%REACTOME%R-HSA-927802.4	NONSENSE-MEDIATED DECAY (NMD)%REACTOME%R-HSA-927802.4		115	-0.19449139	-0.80684906	0.95454544	1.0	1.0	5877	tags=33%, list=24%, signal=43%	
AUTOPHAGOSOME ASSEMBLY%GOBP%GO:0000045	AUTOPHAGOSOME ASSEMBLY%GOBP%GO:0000045		71	-0.21077155	-0.8065541	0.92045456	1.0	1.0	2884	tags=14%, list=12%, signal=16%	
REGULATION OF COLLAGEN METABOLIC PROCESS%GOBP%GO:0010712	REGULATION OF COLLAGEN METABOLIC PROCESS%GOBP%GO:0010712		23	-0.26929066	-0.80651456	0.7689769	1.0	1.0	3421	tags=26%, list=14%, signal=30%	
CELLULAR RESPONSE TO ACETYLCHOLINE%GOBP%GO:1905145	CELLULAR RESPONSE TO ACETYLCHOLINE%GOBP%GO:1905145		43	-0.2294692	-0.8063715	0.8375	1.0	1.0	2757	tags=19%, list=11%, signal=21%	
REGULATION OF PLK1 ACTIVITY AT G2 M TRANSITION%REACTOME DATABASE ID RELEASE 95%2565942	REGULATION OF PLK1 ACTIVITY AT G2 M TRANSITION%REACTOME DATABASE ID RELEASE 95%2565942		84	-0.19814235	-0.8062726	0.9403973	1.0	1.0	4821	tags=25%, list=20%, signal=31%	
REGULATION OF ANDROGEN RECEPTOR ACTIVITY%PATHWAY INTERACTION DATABASE NCI-NATURE CURATED DATA%REGULATION OF ANDROGEN RECEPTOR ACTIVITY	REGULATION OF ANDROGEN RECEPTOR ACTIVITY%PATHWAY INTERACTION DATABASE NCI-NATURE CURATED DATA%REGULATION OF ANDROGEN RECEPTOR ACTIVITY		53	-0.21997957	-0.80621034	0.864486	1.0	1.0	1968	tags=15%, list=8%, signal=16%	
ACTION POTENTIAL%GOBP%GO:0001508	ACTION POTENTIAL%GOBP%GO:0001508		100	-0.19845189	-0.80524546	0.9455782	1.0	1.0	1913	tags=11%, list=8%, signal=12%	
RNA POLYMERASE III TRANSCRIPTION INITIATION FROM TYPE 1 PROMOTER%REACTOME DATABASE ID RELEASE 95%76061	RNA POLYMERASE III TRANSCRIPTION INITIATION FROM TYPE 1 PROMOTER%REACTOME DATABASE ID RELEASE 95%76061		28	-0.2553197	-0.80496144	0.7978339	1.0	1.0	3624	tags=25%, list=15%, signal=29%	
REGULATION OF ENDOTHELIAL CELL MIGRATION%GOBP%GO:0010594	REGULATION OF ENDOTHELIAL CELL MIGRATION%GOBP%GO:0010594		156	-0.18648638	-0.8045395	0.97894734	1.0	1.0	2968	tags=13%, list=12%, signal=14%	
G BETA:GAMMA SIGNALLING THROUGH BTK%REACTOME DATABASE ID RELEASE 95%8964315	G BETA:GAMMA SIGNALLING THROUGH BTK%REACTOME DATABASE ID RELEASE 95%8964315		18	-0.28408137	-0.80439335	0.75	1.0	1.0	4306	tags=33%, list=18%, signal=40%	
FATTY ACID DERIVATIVE BIOSYNTHETIC PROCESS%GOBP%GO:1901570	FATTY ACID DERIVATIVE BIOSYNTHETIC PROCESS%GOBP%GO:1901570		48	-0.2216626	-0.8040467	0.85714287	1.0	1.0	2894	tags=19%, list=12%, signal=21%	
PID_E2F_PATHWAY%MSIGDB_C2%PID_E2F_PATHWAY	PID_E2F_PATHWAY%MSIGDB_C2%PID_E2F_PATHWAY		57	-0.21715124	-0.8035647	0.8974359	1.0	1.0	1950	tags=12%, list=8%, signal=13%	
G PROTEIN GATED POTASSIUM CHANNELS%REACTOME%R-HSA-1296059.4	G PROTEIN GATED POTASSIUM CHANNELS%REACTOME%R-HSA-1296059.4		29	-0.25315925	-0.8028291	0.8037383	1.0	1.0	1619	tags=14%, list=7%, signal=15%	
GOLGI ASSOCIATED VESICLE BIOGENESIS%REACTOME%R-HSA-432722.5	GOLGI ASSOCIATED VESICLE BIOGENESIS%REACTOME%R-HSA-432722.5		54	-0.21580268	-0.8027061	0.87081337	1.0	1.0	2431	tags=15%, list=10%, signal=16%	
BIOCARTA_AT1R_PATHWAY%MSIGDB_C2%BIOCARTA_AT1R_PATHWAY	BIOCARTA_AT1R_PATHWAY%MSIGDB_C2%BIOCARTA_AT1R_PATHWAY		22	-0.26297542	-0.80197716	0.78467155	1.0	1.0	2806	tags=18%, list=11%, signal=21%	
ELEVATION OF CYTOSOLIC CA2+ LEVELS%REACTOME DATABASE ID RELEASE 95%139853	ELEVATION OF CYTOSOLIC CA2+ LEVELS%REACTOME DATABASE ID RELEASE 95%139853		16	-0.2984784	-0.80113024	0.75490195	1.0	1.0	2792	tags=31%, list=11%, signal=35%	
NEGATIVE REGULATION OF MRNA PROCESSING%GOBP%GO:0050686	NEGATIVE REGULATION OF MRNA PROCESSING%GOBP%GO:0050686		27	-0.253881	-0.8009328	0.8314176	1.0	1.0	4627	tags=30%, list=19%, signal=36%	
RECRUITMENT OF MITOTIC CENTROSOME PROTEINS AND COMPLEXES%REACTOME DATABASE ID RELEASE 95%380270	RECRUITMENT OF MITOTIC CENTROSOME PROTEINS AND COMPLEXES%REACTOME DATABASE ID RELEASE 95%380270		79	-0.20052515	-0.800715	0.9322034	1.0	1.0	4821	tags=27%, list=20%, signal=33%	
PROSTANOID BIOSYNTHETIC PROCESS%GOBP%GO:0046457	PROSTANOID BIOSYNTHETIC PROCESS%GOBP%GO:0046457		17	-0.28751254	-0.8003844	0.7123288	1.0	1.0	2142	tags=12%, list=9%, signal=13%	
POSITIVE REGULATION OF BLOOD CIRCULATION%GOBP%GO:1903524	POSITIVE REGULATION OF BLOOD CIRCULATION%GOBP%GO:1903524		25	-0.25725642	-0.79969746	0.8133803	1.0	1.0	1394	tags=12%, list=6%, signal=13%	
REGULATION OF CARTILAGE DEVELOPMENT%GOBP%GO:0061035	REGULATION OF CARTILAGE DEVELOPMENT%GOBP%GO:0061035		37	-0.23529772	-0.7992759	0.86178863	1.0	1.0	2904	tags=16%, list=12%, signal=18%	
AMINO ACID ACTIVATION%GOBP%GO:0043038	AMINO ACID ACTIVATION%GOBP%GO:0043038		44	-0.22002366	-0.79898137	0.87083334	1.0	1.0	2747	tags=16%, list=11%, signal=18%	
NEGATIVE REGULATION OF PROTEIN MATURATION%GOBP%GO:1903318	NEGATIVE REGULATION OF PROTEIN MATURATION%GOBP%GO:1903318		17	-0.2848725	-0.798483	0.77210885	1.0	1.0	1383	tags=12%, list=6%, signal=12%	
MITOTIC G1 PHASE AND G1 S TRANSITION%REACTOME DATABASE ID RELEASE 95%453279	MITOTIC G1 PHASE AND G1 S TRANSITION%REACTOME DATABASE ID RELEASE 95%453279		138	-0.1871622	-0.79844445	0.9909091	1.0	1.0	5393	tags=30%, list=22%, signal=39%	
REGULATION OF CELL-SUBSTRATE JUNCTION ASSEMBLY%GOBP%GO:0090109	REGULATION OF CELL-SUBSTRATE JUNCTION ASSEMBLY%GOBP%GO:0090109		57	-0.20870057	-0.7982351	0.9205608	1.0	1.0	5647	tags=32%, list=23%, signal=41%	
POSITIVE REGULATION OF DNA-TEMPLATED TRANSCRIPTION, ELONGATION%GOBP%GO:0032786	POSITIVE REGULATION OF DNA-TEMPLATED TRANSCRIPTION, ELONGATION%GOBP%GO:0032786		58	-0.21717373	-0.7978991	0.87830687	1.0	1.0	929	tags=9%, list=4%, signal=9%	
POSITIVE REGULATION OF T-HELPER CELL DIFFERENTIATION%GOBP%GO:0045624	POSITIVE REGULATION OF T-HELPER CELL DIFFERENTIATION%GOBP%GO:0045624		22	-0.27359563	-0.79765433	0.7777778	1.0	1.0	5209	tags=36%, list=21%, signal=46%	
BIOCARTA_ARENRF2_PATHWAY%MSIGDB_C2%BIOCARTA_ARENRF2_PATHWAY	BIOCARTA_ARENRF2_PATHWAY%MSIGDB_C2%BIOCARTA_ARENRF2_PATHWAY		17	-0.28764144	-0.7975978	0.7733333	1.0	1.0	1334	tags=12%, list=5%, signal=12%	
AP-1 TRANSCRIPTION FACTOR NETWORK%PATHWAY INTERACTION DATABASE NCI-NATURE CURATED DATA%AP-1 TRANSCRIPTION FACTOR NETWORK	AP-1 TRANSCRIPTION FACTOR NETWORK%PATHWAY INTERACTION DATABASE NCI-NATURE CURATED DATA%AP-1 TRANSCRIPTION FACTOR NETWORK		70	-0.21292055	-0.7972497	0.91477275	1.0	1.0	3195	tags=19%, list=13%, signal=21%	
TRNA AMINOACYLATION%REACTOME%R-HSA-379724.3	TRNA AMINOACYLATION%REACTOME%R-HSA-379724.3		41	-0.23083021	-0.7963853	0.8486056	1.0	1.0	2747	tags=17%, list=11%, signal=19%	
REGULATION OF CELL-SUBSTRATE JUNCTION ORGANIZATION%GOBP%GO:0150116	REGULATION OF CELL-SUBSTRATE JUNCTION ORGANIZATION%GOBP%GO:0150116		65	-0.2097316	-0.7957059	0.90909094	1.0	1.0	5647	tags=32%, list=23%, signal=42%	
MICROTUBULE-BASED PROTEIN TRANSPORT%GOBP%GO:0099118	MICROTUBULE-BASED PROTEIN TRANSPORT%GOBP%GO:0099118		19	-0.27357456	-0.7947258	0.77922076	1.0	1.0	3360	tags=21%, list=14%, signal=24%	
WNT BETA CATENIN SIGNALING IN LEUKEMIA%WIKIPATHWAYS_20260211%WP3658%HOMO SAPIENS	WNT BETA CATENIN SIGNALING IN LEUKEMIA%WIKIPATHWAYS_20260211%WP3658%HOMO SAPIENS		23	-0.26794356	-0.794589	0.80851066	1.0	1.0	3713	tags=26%, list=15%, signal=31%	
SYNDECAN INTERACTIONS%REACTOME%R-HSA-3000170.4	SYNDECAN INTERACTIONS%REACTOME%R-HSA-3000170.4		20	-0.2789177	-0.7945051	0.7538941	1.0	1.0	17	tags=5%, list=0%, signal=5%	
ATTACHMENT AND ENTRY%REACTOME DATABASE ID RELEASE 95%9694614	ATTACHMENT AND ENTRY%REACTOME DATABASE ID RELEASE 95%9694614		19	-0.27684796	-0.79426	0.81639344	1.0	1.0	17	tags=5%, list=0%, signal=5%	
POSITIVE REGULATION OF LONG-TERM SYNAPTIC POTENTIATION%GOBP%GO:1900273	POSITIVE REGULATION OF LONG-TERM SYNAPTIC POTENTIATION%GOBP%GO:1900273		15	-0.29261768	-0.7939894	0.7517007	1.0	1.0	249	tags=7%, list=1%, signal=7%	
EXTRACELLULAR MATRIX DISASSEMBLY%GOBP%GO:0022617	EXTRACELLULAR MATRIX DISASSEMBLY%GOBP%GO:0022617		42	-0.23068577	-0.7936019	0.8584475	1.0	1.0	1375	tags=10%, list=6%, signal=10%	
INTRINSIC PATHWAY FOR APOPTOSIS%REACTOME DATABASE ID RELEASE 95%109606	INTRINSIC PATHWAY FOR APOPTOSIS%REACTOME DATABASE ID RELEASE 95%109606		54	-0.21773243	-0.79323095	0.91549295	1.0	1.0	2400	tags=17%, list=10%, signal=18%	
NEGATIVE REGULATION OF DOUBLE-STRAND BREAK REPAIR%GOBP%GO:2000780	NEGATIVE REGULATION OF DOUBLE-STRAND BREAK REPAIR%GOBP%GO:2000780		37	-0.22886997	-0.7928357	0.8162393	1.0	1.0	3855	tags=24%, list=16%, signal=29%	
REGULATION OF CAMP/PKA SIGNAL TRANSDUCTION%GOBP%GO:0141161	REGULATION OF CAMP/PKA SIGNAL TRANSDUCTION%GOBP%GO:0141161		43	-0.22350141	-0.7927303	0.89162564	1.0	1.0	4209	tags=26%, list=17%, signal=31%	
BIOCARTA_EGF_PATHWAY%MSIGDB_C2%BIOCARTA_EGF_PATHWAY	BIOCARTA_EGF_PATHWAY%MSIGDB_C2%BIOCARTA_EGF_PATHWAY		23	-0.25860542	-0.79226416	0.8141892	1.0	1.0	6528	tags=48%, list=27%, signal=65%	
REGULATION OF PTEN GENE TRANSCRIPTION%REACTOME%R-HSA-8943724.2	REGULATION OF PTEN GENE TRANSCRIPTION%REACTOME%R-HSA-8943724.2		59	-0.20910053	-0.79200757	0.9045454	1.0	1.0	3926	tags=22%, list=16%, signal=26%	
SKELETAL MUSCLE ORGAN DEVELOPMENT%GOBP%GO:0060538	SKELETAL MUSCLE ORGAN DEVELOPMENT%GOBP%GO:0060538		59	-0.2089363	-0.7918928	0.9045226	1.0	1.0	4004	tags=19%, list=16%, signal=22%	
TNF STRESS RELATED SIGNALING%PATHWHIZ%PW064784	TNF STRESS RELATED SIGNALING%PATHWHIZ%PW064784		22	-0.25776803	-0.79163045	0.8141892	1.0	1.0	4186	tags=32%, list=17%, signal=38%	
REGULATION OF DNA DAMAGE RESPONSE, SIGNAL TRANSDUCTION BY P53 CLASS MEDIATOR%GOBP%GO:0043516	REGULATION OF DNA DAMAGE RESPONSE, SIGNAL TRANSDUCTION BY P53 CLASS MEDIATOR%GOBP%GO:0043516		34	-0.23626332	-0.79040426	0.8515625	1.0	1.0	2904	tags=21%, list=12%, signal=23%	
REGULATION OF RESPIRATORY BURST%GOBP%GO:0060263	REGULATION OF RESPIRATORY BURST%GOBP%GO:0060263		16	-0.2896295	-0.7903848	0.7807309	1.0	1.0	1961	tags=25%, list=8%, signal=27%	
MULTICELLULAR ORGANISMAL-LEVEL IRON ION HOMEOSTASIS%GOBP%GO:0060586	MULTICELLULAR ORGANISMAL-LEVEL IRON ION HOMEOSTASIS%GOBP%GO:0060586		16	-0.2878534	-0.79034305	0.7725857	1.0	1.0	2686	tags=19%, list=11%, signal=21%	
FRUCTOSURIA%SMPDB%SMP0000561	FRUCTOSURIA%SMPDB%SMP0000561		18	-0.27502576	-0.79016	0.78507465	1.0	1.0	109	tags=6%, list=0%, signal=6%	
NEGATIVE REGULATION OF INTERLEUKIN-6 PRODUCTION%GOBP%GO:0032715	NEGATIVE REGULATION OF INTERLEUKIN-6 PRODUCTION%GOBP%GO:0032715		33	-0.23962161	-0.79000044	0.8381743	1.0	1.0	2442	tags=18%, list=10%, signal=20%	
LENS DEVELOPMENT IN CAMERA-TYPE EYE%GOBP%GO:0002088	LENS DEVELOPMENT IN CAMERA-TYPE EYE%GOBP%GO:0002088		41	-0.22715071	-0.78890127	0.8590909	1.0	1.0	5128	tags=34%, list=21%, signal=43%	
PROTEIN TRANSPORT ALONG MICROTUBULE%GOBP%GO:0098840	PROTEIN TRANSPORT ALONG MICROTUBULE%GOBP%GO:0098840		19	-0.27357456	-0.7888471	0.7881944	1.0	1.0	3360	tags=21%, list=14%, signal=24%	
CENTRAL NERVOUS SYSTEM NEURON AXONOGENESIS%GOBP%GO:0021955	CENTRAL NERVOUS SYSTEM NEURON AXONOGENESIS%GOBP%GO:0021955		20	-0.27801988	-0.7888409	0.78424656	1.0	1.0	145	tags=5%, list=1%, signal=5%	
SENESCENCE AND AUTOPHAGY IN CANCER%WIKIPATHWAYS_20260211%WP615%HOMO SAPIENS	SENESCENCE AND AUTOPHAGY IN CANCER%WIKIPATHWAYS_20260211%WP615%HOMO SAPIENS		86	-0.2009389	-0.7880026	0.9426752	1.0	1.0	1467	tags=5%, list=6%, signal=5%	
RESPONSE TO ESTRADIOL%GOBP%GO:0032355	RESPONSE TO ESTRADIOL%GOBP%GO:0032355		31	-0.24492279	-0.7876998	0.82824427	1.0	1.0	4119	tags=26%, list=17%, signal=31%	
APICAL JUNCTION ASSEMBLY%GOBP%GO:0043297	APICAL JUNCTION ASSEMBLY%GOBP%GO:0043297		37	-0.23445588	-0.78765076	0.87903225	1.0	1.0	435	tags=5%, list=2%, signal=5%	
REGULATION OF SMOOTHENED SIGNALING PATHWAY%GOBP%GO:0008589	REGULATION OF SMOOTHENED SIGNALING PATHWAY%GOBP%GO:0008589		56	-0.21294214	-0.787522	0.90575916	1.0	1.0	1865	tags=13%, list=8%, signal=13%	
NEGATIVE REGULATION OF PROTEIN PROCESSING%GOBP%GO:0010955	NEGATIVE REGULATION OF PROTEIN PROCESSING%GOBP%GO:0010955		16	-0.28746215	-0.78743637	0.77304965	1.0	1.0	1383	tags=13%, list=6%, signal=13%	
NEGATIVE REGULATION OF BMP SIGNALING PATHWAY%GOBP%GO:0030514	NEGATIVE REGULATION OF BMP SIGNALING PATHWAY%GOBP%GO:0030514		44	-0.22192869	-0.7873983	0.8518519	1.0	1.0	2126	tags=16%, list=9%, signal=17%	
REGULATION OF DEFENSE RESPONSE TO VIRUS%GOBP%GO:0050688	REGULATION OF DEFENSE RESPONSE TO VIRUS%GOBP%GO:0050688		50	-0.21784075	-0.78727746	0.89719623	1.0	1.0	2356	tags=14%, list=10%, signal=15%	
WNT%IOB%WNT	WNT%IOB%WNT		61	-0.21500948	-0.787159	0.8930481	1.0	1.0	1808	tags=13%, list=7%, signal=14%	
PID_ERBB1_DOWNSTREAM_PATHWAY%MSIGDB_C2%PID_ERBB1_DOWNSTREAM_PATHWAY	PID_ERBB1_DOWNSTREAM_PATHWAY%MSIGDB_C2%PID_ERBB1_DOWNSTREAM_PATHWAY		85	-0.19930404	-0.785869	0.9685535	1.0	1.0	3454	tags=21%, list=14%, signal=25%	
ALPHA 6 BETA 4 SIGNALING%WIKIPATHWAYS_20260211%WP244%HOMO SAPIENS	ALPHA 6 BETA 4 SIGNALING%WIKIPATHWAYS_20260211%WP244%HOMO SAPIENS		26	-0.24770825	-0.7854995	0.8327402	1.0	1.0	2687	tags=15%, list=11%, signal=17%	
PID_VEGFR1_2_PATHWAY%MSIGDB_C2%PID_VEGFR1_2_PATHWAY	PID_VEGFR1_2_PATHWAY%MSIGDB_C2%PID_VEGFR1_2_PATHWAY		53	-0.21527782	-0.7854978	0.8847926	1.0	1.0	2701	tags=19%, list=11%, signal=21%	
GLYCOSAMINOGLYCAN BIOSYNTHETIC PROCESS%GOBP%GO:0006024	GLYCOSAMINOGLYCAN BIOSYNTHETIC PROCESS%GOBP%GO:0006024		23	-0.25999594	-0.78524256	0.7992701	1.0	1.0	1980	tags=13%, list=8%, signal=14%	
PID_ILK_PATHWAY%MSIGDB_C2%PID_ILK_PATHWAY	PID_ILK_PATHWAY%MSIGDB_C2%PID_ILK_PATHWAY		34	-0.23735735	-0.7850424	0.86178863	1.0	1.0	2100	tags=15%, list=9%, signal=16%	
INOSITOL PHOSPHATE METABOLIC PROCESS%GOBP%GO:0043647	INOSITOL PHOSPHATE METABOLIC PROCESS%GOBP%GO:0043647		24	-0.2630948	-0.7844495	0.8181818	1.0	1.0	3170	tags=21%, list=13%, signal=24%	
POSITIVE REGULATION OF HEART CONTRACTION%GOBP%GO:0045823	POSITIVE REGULATION OF HEART CONTRACTION%GOBP%GO:0045823		25	-0.25725642	-0.78442365	0.81509435	1.0	1.0	1394	tags=12%, list=6%, signal=13%	
ARP2/3 COMPLEX-MEDIATED ACTIN NUCLEATION%GOBP%GO:0034314	ARP2/3 COMPLEX-MEDIATED ACTIN NUCLEATION%GOBP%GO:0034314		16	-0.28834298	-0.7837491	0.7802198	1.0	1.0	3106	tags=25%, list=13%, signal=29%	
E-CADHERIN SIGNALING IN KERATINOCYTES%PATHWAY INTERACTION DATABASE NCI-NATURE CURATED DATA%E-CADHERIN SIGNALING IN KERATINOCYTES	E-CADHERIN SIGNALING IN KERATINOCYTES%PATHWAY INTERACTION DATABASE NCI-NATURE CURATED DATA%E-CADHERIN SIGNALING IN KERATINOCYTES		21	-0.26156273	-0.7837433	0.7830882	1.0	1.0	2701	tags=19%, list=11%, signal=21%	
CENTROSOME MATURATION%REACTOME DATABASE ID RELEASE 95%380287	CENTROSOME MATURATION%REACTOME DATABASE ID RELEASE 95%380287		79	-0.20052515	-0.78253525	0.9402174	1.0	1.0	4821	tags=27%, list=20%, signal=33%	
POSITIVE REGULATION OF ANGIOGENESIS%GOBP%GO:0045766	POSITIVE REGULATION OF ANGIOGENESIS%GOBP%GO:0045766		122	-0.18618113	-0.7822038	0.9637681	1.0	1.0	2142	tags=13%, list=9%, signal=14%	
REGULATION OF PEPTIDE TRANSPORT%GOBP%GO:0090087	REGULATION OF PEPTIDE TRANSPORT%GOBP%GO:0090087		140	-0.18234427	-0.7817209	0.96666664	1.0	1.0	2793	tags=13%, list=11%, signal=14%	
AMB2 INTEGRIN SIGNALING%PATHWAY INTERACTION DATABASE NCI-NATURE CURATED DATA%AMB2 INTEGRIN SIGNALING	AMB2 INTEGRIN SIGNALING%PATHWAY INTERACTION DATABASE NCI-NATURE CURATED DATA%AMB2 INTEGRIN SIGNALING		32	-0.23605315	-0.78152126	0.87593985	1.0	1.0	572	tags=6%, list=2%, signal=6%	
REGULATION OF EXTRINSIC APOPTOTIC SIGNALING PATHWAY VIA DEATH DOMAIN RECEPTORS%GOBP%GO:1902041	REGULATION OF EXTRINSIC APOPTOTIC SIGNALING PATHWAY VIA DEATH DOMAIN RECEPTORS%GOBP%GO:1902041		34	-0.23679467	-0.7809277	0.8484849	1.0	1.0	2523	tags=21%, list=10%, signal=23%	
EXTRA-NUCLEAR ESTROGEN SIGNALING%REACTOME DATABASE ID RELEASE 95%9009391	EXTRA-NUCLEAR ESTROGEN SIGNALING%REACTOME DATABASE ID RELEASE 95%9009391		71	-0.20530571	-0.7801551	0.920904	1.0	1.0	1619	tags=11%, list=7%, signal=12%	
REGULATION OF STEM CELL DIFFERENTIATION%GOBP%GO:2000736	REGULATION OF STEM CELL DIFFERENTIATION%GOBP%GO:2000736		63	-0.20691597	-0.7798505	0.95049506	1.0	1.0	4132	tags=22%, list=17%, signal=27%	
REGULATION OF PEPTIDE SECRETION%GOBP%GO:0002791	REGULATION OF PEPTIDE SECRETION%GOBP%GO:0002791		138	-0.18595682	-0.7796032	0.96850395	1.0	1.0	2793	tags=13%, list=11%, signal=15%	
PHOTODYNAMIC THERAPY INDUCED NFE2L2 NRF2 SURVIVAL SIGNALING%WIKIPATHWAYS_20260211%WP3612%HOMO SAPIENS	PHOTODYNAMIC THERAPY INDUCED NFE2L2 NRF2 SURVIVAL SIGNALING%WIKIPATHWAYS_20260211%WP3612%HOMO SAPIENS		21	-0.2563145	-0.77844524	0.8249027	1.0	1.0	1334	tags=10%, list=5%, signal=10%	
G PROTEIN SIGNALING%WIKIPATHWAYS_20260211%WP35%HOMO SAPIENS	G PROTEIN SIGNALING%WIKIPATHWAYS_20260211%WP35%HOMO SAPIENS		70	-0.20291516	-0.77792346	0.9100529	1.0	1.0	3899	tags=19%, list=16%, signal=22%	
REGULATION OF OSTEOBLAST PROLIFERATION%GOBP%GO:0033688	REGULATION OF OSTEOBLAST PROLIFERATION%GOBP%GO:0033688		16	-0.2834016	-0.777727	0.8196721	1.0	1.0	88	tags=6%, list=0%, signal=6%	
PROTEIN QUALITY CONTROL FOR MISFOLDED OR INCOMPLETELY SYNTHESIZED PROTEINS%GOBP%GO:0006515	PROTEIN QUALITY CONTROL FOR MISFOLDED OR INCOMPLETELY SYNTHESIZED PROTEINS%GOBP%GO:0006515		30	-0.24475482	-0.77747065	0.851145	1.0	1.0	2322	tags=17%, list=9%, signal=18%	
POSITIVE REGULATION OF ALPHA-BETA T CELL DIFFERENTIATION%GOBP%GO:0046638	POSITIVE REGULATION OF ALPHA-BETA T CELL DIFFERENTIATION%GOBP%GO:0046638		39	-0.22705697	-0.77738327	0.8565217	1.0	1.0	5209	tags=33%, list=21%, signal=42%	
ACETYLCHOLINE RECEPTOR SIGNALING PATHWAY%GOBP%GO:0095500	ACETYLCHOLINE RECEPTOR SIGNALING PATHWAY%GOBP%GO:0095500		41	-0.22453408	-0.77665687	0.8735178	1.0	1.0	1263	tags=12%, list=5%, signal=13%	
BONE MORPHOGENESIS%GOBP%GO:0060349	BONE MORPHOGENESIS%GOBP%GO:0060349		39	-0.22475697	-0.7762681	0.9143969	1.0	1.0	1488	tags=8%, list=6%, signal=8%	
REGULATION OF NUCLEAR-TRANSCRIBED MRNA CATABOLIC PROCESS, NONSENSE-MEDIATED DECAY%GOBP%GO:2000622	REGULATION OF NUCLEAR-TRANSCRIBED MRNA CATABOLIC PROCESS, NONSENSE-MEDIATED DECAY%GOBP%GO:2000622		15	-0.28564763	-0.77599937	0.7923323	1.0	1.0	2276	tags=27%, list=9%, signal=29%	
CELLULAR RESPONSE TO CORTICOSTEROID STIMULUS%GOBP%GO:0071384	CELLULAR RESPONSE TO CORTICOSTEROID STIMULUS%GOBP%GO:0071384		33	-0.2382086	-0.7752555	0.8864469	1.0	1.0	2795	tags=18%, list=11%, signal=20%	
PROSTACYCLIN SIGNALLING THROUGH PROSTACYCLIN RECEPTOR%REACTOME DATABASE ID RELEASE 95%392851	PROSTACYCLIN SIGNALLING THROUGH PROSTACYCLIN RECEPTOR%REACTOME DATABASE ID RELEASE 95%392851		19	-0.26737222	-0.77523327	0.84949833	1.0	1.0	3899	tags=26%, list=16%, signal=31%	
DOSAGE COMPENSATION BY INACTIVATION OF X CHROMOSOME%GOBP%GO:0009048	DOSAGE COMPENSATION BY INACTIVATION OF X CHROMOSOME%GOBP%GO:0009048		15	-0.28416663	-0.7750178	0.78405315	1.0	1.0	2770	tags=20%, list=11%, signal=23%	
PI3K CASCADE%REACTOME DATABASE ID RELEASE 95%109704	PI3K CASCADE%REACTOME DATABASE ID RELEASE 95%109704		36	-0.23411874	-0.77475893	0.86290324	1.0	1.0	3452	tags=19%, list=14%, signal=23%	
TAT-MEDIATED ELONGATION OF THE HIV-1 TRANSCRIPT%REACTOME DATABASE ID RELEASE 95%167246	TAT-MEDIATED ELONGATION OF THE HIV-1 TRANSCRIPT%REACTOME DATABASE ID RELEASE 95%167246		43	-0.21783051	-0.77425	0.90833336	1.0	1.0	5413	tags=40%, list=22%, signal=51%	
DNA IR DOUBLE STRAND BREAKS AND CELLULAR RESPONSE VIA ATM%WIKIPATHWAYS_20260211%WP3959%HOMO SAPIENS	DNA IR DOUBLE STRAND BREAKS AND CELLULAR RESPONSE VIA ATM%WIKIPATHWAYS_20260211%WP3959%HOMO SAPIENS		45	-0.21793954	-0.77409786	0.90234375	1.0	1.0	1478	tags=9%, list=6%, signal=9%	
FRUCTOSE INTOLERANCE, HEREDITARY%PATHWHIZ%PW000702	FRUCTOSE INTOLERANCE, HEREDITARY%PATHWHIZ%PW000702		18	-0.27502576	-0.77404577	0.7876712	1.0	1.0	109	tags=6%, list=0%, signal=6%	
NEGATIVE REGULATION OF VASCULAR ASSOCIATED SMOOTH MUSCLE CELL PROLIFERATION%GOBP%GO:1904706	NEGATIVE REGULATION OF VASCULAR ASSOCIATED SMOOTH MUSCLE CELL PROLIFERATION%GOBP%GO:1904706		17	-0.27722988	-0.7737596	0.821192	1.0	1.0	2737	tags=18%, list=11%, signal=20%	
REGULATION OF RELEASE OF CYTOCHROME C FROM MITOCHONDRIA%GOBP%GO:0090199	REGULATION OF RELEASE OF CYTOCHROME C FROM MITOCHONDRIA%GOBP%GO:0090199		38	-0.22447422	-0.77346987	0.88065845	1.0	1.0	3647	tags=21%, list=15%, signal=25%	
PROLACTIN SIGNALING%WIKIPATHWAYS_20260211%WP2037%HOMO SAPIENS	PROLACTIN SIGNALING%WIKIPATHWAYS_20260211%WP2037%HOMO SAPIENS		63	-0.20168613	-0.7729263	0.93582886	1.0	1.0	2859	tags=16%, list=12%, signal=18%	
POSTSYNAPTIC SIGNAL TRANSDUCTION%GOBP%GO:0098926	POSTSYNAPTIC SIGNAL TRANSDUCTION%GOBP%GO:0098926		44	-0.220527	-0.77208704	0.907173	1.0	1.0	1263	tags=11%, list=5%, signal=12%	
PHOTODYNAMIC THERAPY INDUCED HIF 1 SURVIVAL SIGNALING%WIKIPATHWAYS_20260211%WP3614%HOMO SAPIENS	PHOTODYNAMIC THERAPY INDUCED HIF 1 SURVIVAL SIGNALING%WIKIPATHWAYS_20260211%WP3614%HOMO SAPIENS		25	-0.24836725	-0.7713754	0.82867134	1.0	1.0	3849	tags=20%, list=16%, signal=24%	
PID_AVB3_OPN_PATHWAY%MSIGDB_C2%PID_AVB3_OPN_PATHWAY	PID_AVB3_OPN_PATHWAY%MSIGDB_C2%PID_AVB3_OPN_PATHWAY		26	-0.24693748	-0.77123094	0.8637993	1.0	1.0	2659	tags=23%, list=11%, signal=26%	
PID_AMB2_NEUTROPHILS_PATHWAY%MSIGDB_C2%PID_AMB2_NEUTROPHILS_PATHWAY	PID_AMB2_NEUTROPHILS_PATHWAY%MSIGDB_C2%PID_AMB2_NEUTROPHILS_PATHWAY		30	-0.24063109	-0.7708292	0.86415094	1.0	1.0	2701	tags=13%, list=11%, signal=15%	
RECRUITMENT OF NUMA TO MITOTIC CENTROSOMES%REACTOME DATABASE ID RELEASE 95%380320	RECRUITMENT OF NUMA TO MITOTIC CENTROSOMES%REACTOME DATABASE ID RELEASE 95%380320		78	-0.19888908	-0.7707026	0.95	1.0	1.0	4821	tags=27%, list=20%, signal=33%	
POSITIVE REGULATION OF ENDOTHELIAL CELL MIGRATION%GOBP%GO:0010595	POSITIVE REGULATION OF ENDOTHELIAL CELL MIGRATION%GOBP%GO:0010595		100	-0.18495114	-0.7699331	0.9848485	1.0	1.0	3452	tags=16%, list=14%, signal=19%	
FORMATION OF HIV ELONGATION COMPLEX IN THE ABSENCE OF HIV TAT%REACTOME%R-HSA-167152.5	FORMATION OF HIV ELONGATION COMPLEX IN THE ABSENCE OF HIV TAT%REACTOME%R-HSA-167152.5		45	-0.21794237	-0.76981866	0.8978723	1.0	1.0	5413	tags=40%, list=22%, signal=51%	
TRNA AMINOACYLATION%GOBP%GO:0043039	TRNA AMINOACYLATION%GOBP%GO:0043039		44	-0.22002366	-0.7697603	0.8672986	1.0	1.0	2747	tags=16%, list=11%, signal=18%	
FORMATION OF HIV-1 ELONGATION COMPLEX CONTAINING HIV-1 TAT%REACTOME%R-HSA-167200.5	FORMATION OF HIV-1 ELONGATION COMPLEX CONTAINING HIV-1 TAT%REACTOME%R-HSA-167200.5		43	-0.21783051	-0.76966435	0.90873015	1.0	1.0	5413	tags=40%, list=22%, signal=51%	
A6B1 AND A6B4 INTEGRIN SIGNALING%PATHWAY INTERACTION DATABASE NCI-NATURE CURATED DATA%A6B1 AND A6B4 INTEGRIN SIGNALING	A6B1 AND A6B4 INTEGRIN SIGNALING%PATHWAY INTERACTION DATABASE NCI-NATURE CURATED DATA%A6B1 AND A6B4 INTEGRIN SIGNALING		45	-0.21848084	-0.769596	0.93333334	1.0	1.0	1336	tags=9%, list=5%, signal=9%	
INTRACELLULAR GLUCOSE HOMEOSTASIS%GOBP%GO:0001678	INTRACELLULAR GLUCOSE HOMEOSTASIS%GOBP%GO:0001678		61	-0.20340289	-0.7692937	0.94545454	1.0	1.0	3667	tags=23%, list=15%, signal=27%	
NEGATIVE REGULATION OF HIPPO SIGNALING%GOBP%GO:0035331	NEGATIVE REGULATION OF HIPPO SIGNALING%GOBP%GO:0035331		25	-0.25158405	-0.76890594	0.8593156	1.0	1.0	3454	tags=24%, list=14%, signal=28%	
GPCRS CLASS B SECRETIN LIKE%WIKIPATHWAYS_20260211%WP334%HOMO SAPIENS	GPCRS CLASS B SECRETIN LIKE%WIKIPATHWAYS_20260211%WP334%HOMO SAPIENS		19	-0.26267228	-0.7687473	0.84415585	1.0	1.0	3045	tags=21%, list=12%, signal=24%	
NEURONAL ACTION POTENTIAL%GOBP%GO:0019228	NEURONAL ACTION POTENTIAL%GOBP%GO:0019228		15	-0.28288674	-0.7682014	0.77070063	1.0	1.0	2263	tags=27%, list=9%, signal=29%	
SEX-CHROMOSOME DOSAGE COMPENSATION%GOBP%GO:0007549	SEX-CHROMOSOME DOSAGE COMPENSATION%GOBP%GO:0007549		15	-0.28416663	-0.7675707	0.79937303	1.0	1.0	2770	tags=20%, list=11%, signal=23%	
T-HELPER 17 CELL DIFFERENTIATION%GOBP%GO:0072539	T-HELPER 17 CELL DIFFERENTIATION%GOBP%GO:0072539		24	-0.2542911	-0.7674384	0.8235294	1.0	1.0	5347	tags=29%, list=22%, signal=37%	
IL26 SIGNALING%WIKIPATHWAYS_20260211%WP5347%HOMO SAPIENS	IL26 SIGNALING%WIKIPATHWAYS_20260211%WP5347%HOMO SAPIENS		40	-0.21486153	-0.7668803	0.90204084	1.0	1.0	863	tags=8%, list=4%, signal=8%	
INTRACELLULAR SODIUM ION HOMEOSTASIS%GOBP%GO:0006883	INTRACELLULAR SODIUM ION HOMEOSTASIS%GOBP%GO:0006883		28	-0.24484137	-0.7664782	0.89179105	1.0	1.0	2772	tags=21%, list=11%, signal=24%	
PID_HIF2PATHWAY%MSIGDB_C2%PID_HIF2PATHWAY	PID_HIF2PATHWAY%MSIGDB_C2%PID_HIF2PATHWAY		25	-0.24801794	-0.7662724	0.8494624	1.0	1.0	2686	tags=20%, list=11%, signal=22%	
BMP SIGNALING PATHWAY%GOBP%GO:0030509	BMP SIGNALING PATHWAY%GOBP%GO:0030509		53	-0.20901644	-0.76608676	0.91150445	1.0	1.0	415	tags=6%, list=2%, signal=6%	
PAUSING AND RECOVERY OF HIV ELONGATION%REACTOME DATABASE ID RELEASE 95%167290	PAUSING AND RECOVERY OF HIV ELONGATION%REACTOME DATABASE ID RELEASE 95%167290		33	-0.22881214	-0.76456535	0.8786611	1.0	1.0	5048	tags=36%, list=21%, signal=46%	
POTASSIUM ION HOMEOSTASIS%GOBP%GO:0055075	POTASSIUM ION HOMEOSTASIS%GOBP%GO:0055075		31	-0.23707518	-0.76437676	0.908	1.0	1.0	2772	tags=19%, list=11%, signal=22%	
NEGATIVE REGULATION OF DNA REPAIR%GOBP%GO:0045738	NEGATIVE REGULATION OF DNA REPAIR%GOBP%GO:0045738		39	-0.22272258	-0.76396525	0.89166665	1.0	1.0	3855	tags=23%, list=16%, signal=27%	
POSITIVE REGULATION OF LIPID CATABOLIC PROCESS%GOBP%GO:0050996	POSITIVE REGULATION OF LIPID CATABOLIC PROCESS%GOBP%GO:0050996		22	-0.25659037	-0.76326853	0.83219177	1.0	1.0	1488	tags=14%, list=6%, signal=15%	
MYOTUBE DIFFERENTIATION%GOBP%GO:0014902	MYOTUBE DIFFERENTIATION%GOBP%GO:0014902		38	-0.22528575	-0.76285577	0.9015748	1.0	1.0	5039	tags=26%, list=21%, signal=33%	
RIBOSOME-ASSOCIATED UBIQUITIN-DEPENDENT PROTEIN CATABOLIC PROCESS%GOBP%GO:1990116	RIBOSOME-ASSOCIATED UBIQUITIN-DEPENDENT PROTEIN CATABOLIC PROCESS%GOBP%GO:1990116		17	-0.27308744	-0.76283115	0.82666665	1.0	1.0	2027	tags=18%, list=8%, signal=19%	
NCRNAS IN WNT SIGNALING IN HEPATOCELLULAR CARCINOMA%WIKIPATHWAYS_20260211%WP4336%HOMO SAPIENS	NCRNAS IN WNT SIGNALING IN HEPATOCELLULAR CARCINOMA%WIKIPATHWAYS_20260211%WP4336%HOMO SAPIENS		76	-0.1981337	-0.76244587	0.9590643	1.0	1.0	4288	tags=28%, list=18%, signal=33%	
GLYCOLYSIS%PANTHER PATHWAY%P00024	GLYCOLYSIS%PANTHER PATHWAY%P00024		17	-0.2723089	-0.7620114	0.8333333	1.0	1.0	1999	tags=18%, list=8%, signal=19%	
REGULATION OF FOCAL ADHESION ASSEMBLY%GOBP%GO:0051893	REGULATION OF FOCAL ADHESION ASSEMBLY%GOBP%GO:0051893		57	-0.20870057	-0.7619757	0.919598	1.0	1.0	5647	tags=32%, list=23%, signal=41%	
INTRINSIC APOPTOTIC SIGNALING PATHWAY IN RESPONSE TO DNA DAMAGE%GOBP%GO:0008630	INTRINSIC APOPTOTIC SIGNALING PATHWAY IN RESPONSE TO DNA DAMAGE%GOBP%GO:0008630		59	-0.20497596	-0.761856	0.921875	1.0	1.0	3353	tags=20%, list=14%, signal=24%	
SARS-COV-1 MODULATES HOST TRANSLATION MACHINERY%REACTOME DATABASE ID RELEASE 95%9735869	SARS-COV-1 MODULATES HOST TRANSLATION MACHINERY%REACTOME DATABASE ID RELEASE 95%9735869		37	-0.21939252	-0.76163065	0.9364407	1.0	1.0	7586	tags=51%, list=31%, signal=74%	
INSULIN SECRETION%GOBP%GO:0030073	INSULIN SECRETION%GOBP%GO:0030073		19	-0.26767918	-0.7602144	0.85211265	1.0	1.0	3419	tags=21%, list=14%, signal=24%	
POSITIVE REGULATION OF TELOMERE MAINTENANCE VIA TELOMERASE%GOBP%GO:0032212	POSITIVE REGULATION OF TELOMERE MAINTENANCE VIA TELOMERASE%GOBP%GO:0032212		23	-0.2483262	-0.75993645	0.8602941	1.0	1.0	3583	tags=30%, list=15%, signal=36%	
PID_MYC_PATHWAY%MSIGDB_C2%PID_MYC_PATHWAY	PID_MYC_PATHWAY%MSIGDB_C2%PID_MYC_PATHWAY		21	-0.26274532	-0.75987	0.84175086	1.0	1.0	5393	tags=43%, list=22%, signal=55%	
MESODERMAL CELL DIFFERENTIATION%GOBP%GO:0048333	MESODERMAL CELL DIFFERENTIATION%GOBP%GO:0048333		15	-0.28244546	-0.7596583	0.79347825	1.0	1.0	1729	tags=13%, list=7%, signal=14%	
RNA POL II CTD PHOSPHORYLATION AND INTERACTION WITH CE%REACTOME%R-HSA-77075.4	RNA POL II CTD PHOSPHORYLATION AND INTERACTION WITH CE%REACTOME%R-HSA-77075.4		27	-0.2422156	-0.7594557	0.8582677	1.0	1.0	6111	tags=44%, list=25%, signal=59%	
NEGATIVE REGULATION OF NUCLEOTIDE METABOLIC PROCESS%GOBP%GO:0045980	NEGATIVE REGULATION OF NUCLEOTIDE METABOLIC PROCESS%GOBP%GO:0045980		19	-0.26433402	-0.7578322	0.81072557	1.0	1.0	1100	tags=11%, list=4%, signal=11%	
ENDOSOME TO LYSOSOME TRANSPORT VIA MULTIVESICULAR BODY SORTING PATHWAY%GOBP%GO:0032510	ENDOSOME TO LYSOSOME TRANSPORT VIA MULTIVESICULAR BODY SORTING PATHWAY%GOBP%GO:0032510		19	-0.26523647	-0.7576997	0.8390411	1.0	1.0	5883	tags=37%, list=24%, signal=48%	
PID_MTOR_4PATHWAY%MSIGDB_C2%PID_MTOR_4PATHWAY	PID_MTOR_4PATHWAY%MSIGDB_C2%PID_MTOR_4PATHWAY		57	-0.20462383	-0.7576754	0.9276018	1.0	1.0	5109	tags=30%, list=21%, signal=38%	
TRANSLATIONAL ELONGATION%GOBP%GO:0006414	TRANSLATIONAL ELONGATION%GOBP%GO:0006414		60	-0.2049827	-0.7575205	0.9405941	1.0	1.0	2121	tags=12%, list=9%, signal=13%	
REGULATION OF ERAD PATHWAY%GOBP%GO:1904292	REGULATION OF ERAD PATHWAY%GOBP%GO:1904292		24	-0.24275868	-0.75720274	0.87375414	1.0	1.0	4404	tags=25%, list=18%, signal=30%	
REGULATION OF STRESS FIBER ASSEMBLY%GOBP%GO:0051492	REGULATION OF STRESS FIBER ASSEMBLY%GOBP%GO:0051492		72	-0.19644788	-0.7560757	0.9364162	1.0	1.0	4518	tags=25%, list=18%, signal=31%	
TRANSFORMING GROWTH FACTOR BETA RECEPTOR SUPERFAMILY SIGNALING PATHWAY%GOBP%GO:0141091	TRANSFORMING GROWTH FACTOR BETA RECEPTOR SUPERFAMILY SIGNALING PATHWAY%GOBP%GO:0141091		125	-0.17655142	-0.7560647	0.9781022	1.0	1.0	4372	tags=22%, list=18%, signal=26%	
REGULATION OF TP53 EXPRESSION AND DEGRADATION%REACTOME%R-HSA-6806003.4	REGULATION OF TP53 EXPRESSION AND DEGRADATION%REACTOME%R-HSA-6806003.4		37	-0.2306176	-0.7560545	0.8601695	1.0	1.0	4894	tags=32%, list=20%, signal=40%	
NEGATIVE REGULATION OF CELL MIGRATION INVOLVED IN SPROUTING ANGIOGENESIS%GOBP%GO:0090051	NEGATIVE REGULATION OF CELL MIGRATION INVOLVED IN SPROUTING ANGIOGENESIS%GOBP%GO:0090051		15	-0.27441958	-0.7557956	0.84039086	1.0	1.0	131	tags=7%, list=1%, signal=7%	
PLASMA LIPOPROTEIN PARTICLE REMODELING%GOBP%GO:0034369	PLASMA LIPOPROTEIN PARTICLE REMODELING%GOBP%GO:0034369		33	-0.22442026	-0.7555336	0.91699606	1.0	1.0	2381	tags=15%, list=10%, signal=17%	
NEGATIVE REGULATION OF PURINE NUCLEOTIDE METABOLIC PROCESS%GOBP%GO:1900543	NEGATIVE REGULATION OF PURINE NUCLEOTIDE METABOLIC PROCESS%GOBP%GO:1900543		19	-0.26433402	-0.7553118	0.85893416	1.0	1.0	1100	tags=11%, list=4%, signal=11%	
VITAMIN METABOLIC PROCESS%GOBP%GO:0006766	VITAMIN METABOLIC PROCESS%GOBP%GO:0006766		25	-0.24484503	-0.75419635	0.9054545	1.0	1.0	1943	tags=16%, list=8%, signal=17%	
HIV ELONGATION ARREST AND RECOVERY%REACTOME DATABASE ID RELEASE 95%167287	HIV ELONGATION ARREST AND RECOVERY%REACTOME DATABASE ID RELEASE 95%167287		33	-0.22881214	-0.7540556	0.8937008	1.0	1.0	5048	tags=36%, list=21%, signal=46%	
POSITIVE REGULATION OF BLOOD VESSEL ENDOTHELIAL CELL MIGRATION%GOBP%GO:0043536	POSITIVE REGULATION OF BLOOD VESSEL ENDOTHELIAL CELL MIGRATION%GOBP%GO:0043536		51	-0.21189855	-0.7539562	0.9368421	1.0	1.0	3452	tags=18%, list=14%, signal=20%	
HIV TRANSCRIPTION ELONGATION%REACTOME DATABASE ID RELEASE 95%167169	HIV TRANSCRIPTION ELONGATION%REACTOME DATABASE ID RELEASE 95%167169		43	-0.21783051	-0.75371236	0.9055794	1.0	1.0	5413	tags=40%, list=22%, signal=51%	
CHROMOSOME CONDENSATION%GOBP%GO:0030261	CHROMOSOME CONDENSATION%GOBP%GO:0030261		33	-0.22651877	-0.75347525	0.89166665	1.0	1.0	4324	tags=27%, list=18%, signal=33%	
NEUROTROPHIC FACTOR-MEDIATED TRK RECEPTOR SIGNALING%PATHWAY INTERACTION DATABASE NCI-NATURE CURATED DATA%NEUROTROPHIC FACTOR-MEDIATED TRK RECEPTOR SIGNALING	NEUROTROPHIC FACTOR-MEDIATED TRK RECEPTOR SIGNALING%PATHWAY INTERACTION DATABASE NCI-NATURE CURATED DATA%NEUROTROPHIC FACTOR-MEDIATED TRK RECEPTOR SIGNALING		61	-0.20117632	-0.7533823	0.9583333	1.0	1.0	3452	tags=18%, list=14%, signal=21%	
PID_HES_HEY_PATHWAY%MSIGDB_C2%PID_HES_HEY_PATHWAY	PID_HES_HEY_PATHWAY%MSIGDB_C2%PID_HES_HEY_PATHWAY		41	-0.21425588	-0.7533397	0.9375	1.0	1.0	2336	tags=12%, list=10%, signal=13%	
REGULATION OF MYOBLAST FUSION%GOBP%GO:1901739	REGULATION OF MYOBLAST FUSION%GOBP%GO:1901739		56	-0.20358086	-0.7531595	0.9408602	1.0	1.0	6023	tags=36%, list=25%, signal=47%	
FRUCTOSE AND MANNOSE DEGRADATION%SMPDB%SMP0000064	FRUCTOSE AND MANNOSE DEGRADATION%SMPDB%SMP0000064		18	-0.27502576	-0.7530523	0.84641635	1.0	1.0	109	tags=6%, list=0%, signal=6%	
REGULATION OF HAIR CYCLE%GOBP%GO:0042634	REGULATION OF HAIR CYCLE%GOBP%GO:0042634		15	-0.2783898	-0.7525902	0.8130841	1.0	1.0	3419	tags=20%, list=14%, signal=23%	
RNA POL II CTD PHOSPHORYLATION AND INTERACTION WITH CE DURING HIV INFECTION%REACTOME%R-HSA-167160.4	RNA POL II CTD PHOSPHORYLATION AND INTERACTION WITH CE DURING HIV INFECTION%REACTOME%R-HSA-167160.4		27	-0.2422156	-0.7523817	0.87258685	1.0	1.0	6111	tags=44%, list=25%, signal=59%	
MIRNA REGULATION OF P53 PATHWAY IN PROSTATE CANCER%WIKIPATHWAYS_20260211%WP3982%HOMO SAPIENS	MIRNA REGULATION OF P53 PATHWAY IN PROSTATE CANCER%WIKIPATHWAYS_20260211%WP3982%HOMO SAPIENS		21	-0.25419563	-0.7518545	0.8717949	1.0	1.0	5002	tags=33%, list=20%, signal=42%	
POSITIVE REGULATION OF TELOMERE MAINTENANCE%GOBP%GO:0032206	POSITIVE REGULATION OF TELOMERE MAINTENANCE%GOBP%GO:0032206		58	-0.19916381	-0.7518468	0.94711536	1.0	1.0	5856	tags=38%, list=24%, signal=50%	
REGULATION OF HORMONE METABOLIC PROCESS%GOBP%GO:0032350	REGULATION OF HORMONE METABOLIC PROCESS%GOBP%GO:0032350		30	-0.232485	-0.7516721	0.8740458	1.0	1.0	3520	tags=23%, list=14%, signal=27%	
CLASS I PI3K SIGNALING EVENTS MEDIATED BY AKT%PATHWAY INTERACTION DATABASE NCI-NATURE CURATED DATA%CLASS I PI3K SIGNALING EVENTS MEDIATED BY AKT	CLASS I PI3K SIGNALING EVENTS MEDIATED BY AKT%PATHWAY INTERACTION DATABASE NCI-NATURE CURATED DATA%CLASS I PI3K SIGNALING EVENTS MEDIATED BY AKT		35	-0.22063254	-0.75165635	0.9206349	1.0	1.0	899	tags=9%, list=4%, signal=9%	
GDNF%IOB%GDNF	GDNF%IOB%GDNF		15	-0.27931407	-0.751621	0.83557045	1.0	1.0	5109	tags=40%, list=21%, signal=51%	
10Q11 21Q11 23 COPY NUMBER VARIATION SYNDROME%WIKIPATHWAYS_20260211%WP5352%HOMO SAPIENS	10Q11 21Q11 23 COPY NUMBER VARIATION SYNDROME%WIKIPATHWAYS_20260211%WP5352%HOMO SAPIENS		47	-0.20943424	-0.7514428	0.9212963	1.0	1.0	4457	tags=26%, list=18%, signal=31%	
LENS FIBER CELL DIFFERENTIATION%GOBP%GO:0070306	LENS FIBER CELL DIFFERENTIATION%GOBP%GO:0070306		16	-0.28303385	-0.7502246	0.8576159	1.0	1.0	3639	tags=25%, list=15%, signal=29%	
POSITIVE REGULATION OF NEURAL PRECURSOR CELL PROLIFERATION%GOBP%GO:2000179	POSITIVE REGULATION OF NEURAL PRECURSOR CELL PROLIFERATION%GOBP%GO:2000179		24	-0.24321873	-0.7501299	0.83882785	1.0	1.0	1808	tags=13%, list=7%, signal=13%	
ACETYL-COA METABOLIC PROCESS%GOBP%GO:0006084	ACETYL-COA METABOLIC PROCESS%GOBP%GO:0006084		25	-0.24480668	-0.74989104	0.87142855	1.0	1.0	768	tags=8%, list=3%, signal=8%	
PROTEIN-CONTAINING COMPLEX REMODELING%GOBP%GO:0034367	PROTEIN-CONTAINING COMPLEX REMODELING%GOBP%GO:0034367		34	-0.22291183	-0.7496506	0.92105263	1.0	1.0	2381	tags=15%, list=10%, signal=16%	
C-MYC PATHWAY%PATHWAY INTERACTION DATABASE NCI-NATURE CURATED DATA%C-MYC PATHWAY	C-MYC PATHWAY%PATHWAY INTERACTION DATABASE NCI-NATURE CURATED DATA%C-MYC PATHWAY		25	-0.24128874	-0.7484285	0.88973385	1.0	1.0	5629	tags=44%, list=23%, signal=57%	
TGF-BETA RECEPTOR SIGNALING ACTIVATES SMADS%REACTOME%R-HSA-2173789.6	TGF-BETA RECEPTOR SIGNALING ACTIVATES SMADS%REACTOME%R-HSA-2173789.6		44	-0.21393533	-0.7483772	0.90983605	1.0	1.0	4104	tags=30%, list=17%, signal=35%	
CARBOHYDRATE CATABOLIC PROCESS%GOBP%GO:0016052	CARBOHYDRATE CATABOLIC PROCESS%GOBP%GO:0016052		98	-0.18414655	-0.74821174	0.972973	1.0	1.0	2383	tags=12%, list=10%, signal=14%	
PROTEIN-LIPID COMPLEX REMODELING%GOBP%GO:0034368	PROTEIN-LIPID COMPLEX REMODELING%GOBP%GO:0034368		33	-0.22442026	-0.7467255	0.911032	1.0	1.0	2381	tags=15%, list=10%, signal=17%	
ATP BIOSYNTHESIS%BIOCYC%PWY-7980	ATP BIOSYNTHESIS%BIOCYC%PWY-7980		31	-0.23357433	-0.7464854	0.8875502	1.0	1.0	3723	tags=16%, list=15%, signal=19%	
NEF-MEDIATES DOWN MODULATION OF CELL SURFACE RECEPTORS BY RECRUITING THEM TO CLATHRIN ADAPTERS%REACTOME%R-HSA-164938.5	NEF-MEDIATES DOWN MODULATION OF CELL SURFACE RECEPTORS BY RECRUITING THEM TO CLATHRIN ADAPTERS%REACTOME%R-HSA-164938.5		21	-0.25078103	-0.74587053	0.8541667	1.0	1.0	3691	tags=19%, list=15%, signal=22%	
POSITIVE REGULATION OF MITOCHONDRIAL MEMBRANE PERMEABILITY%GOBP%GO:0035794	POSITIVE REGULATION OF MITOCHONDRIAL MEMBRANE PERMEABILITY%GOBP%GO:0035794		18	-0.2625196	-0.7453039	0.82828283	1.0	1.0	5230	tags=33%, list=21%, signal=42%	
CELLULAR RESPONSE TO ESTRADIOL STIMULUS%GOBP%GO:0071392	CELLULAR RESPONSE TO ESTRADIOL STIMULUS%GOBP%GO:0071392		20	-0.25871584	-0.7447911	0.86545455	1.0	1.0	603	tags=10%, list=2%, signal=10%	
NEGATIVE REGULATION OF CELL CYCLE G2/M PHASE TRANSITION%GOBP%GO:1902750	NEGATIVE REGULATION OF CELL CYCLE G2/M PHASE TRANSITION%GOBP%GO:1902750		68	-0.19886449	-0.74448454	0.96067417	1.0	1.0	2172	tags=13%, list=9%, signal=14%	
RESPONSE TO CAMP%GOBP%GO:0051591	RESPONSE TO CAMP%GOBP%GO:0051591		39	-0.21625961	-0.74403495	0.9279661	1.0	1.0	1418	tags=10%, list=6%, signal=11%	
REGULATION OF T-HELPER CELL DIFFERENTIATION%GOBP%GO:0045622	REGULATION OF T-HELPER CELL DIFFERENTIATION%GOBP%GO:0045622		39	-0.22101259	-0.74358994	0.92608696	1.0	1.0	5954	tags=44%, list=24%, signal=57%	
RETROGRADE AXONAL TRANSPORT%GOBP%GO:0008090	RETROGRADE AXONAL TRANSPORT%GOBP%GO:0008090		17	-0.25971258	-0.74349344	0.8762542	1.0	1.0	2664	tags=18%, list=11%, signal=20%	
REGULATION OF BICELLULAR TIGHT JUNCTION ASSEMBLY%GOBP%GO:2000810	REGULATION OF BICELLULAR TIGHT JUNCTION ASSEMBLY%GOBP%GO:2000810		19	-0.26400658	-0.74331546	0.8611111	1.0	1.0	2904	tags=26%, list=12%, signal=30%	
TAT-MEDIATED HIV ELONGATION ARREST AND RECOVERY%REACTOME DATABASE ID RELEASE 95%167243	TAT-MEDIATED HIV ELONGATION ARREST AND RECOVERY%REACTOME DATABASE ID RELEASE 95%167243		31	-0.22846045	-0.74292284	0.9114391	1.0	1.0	5048	tags=35%, list=21%, signal=45%	
EMBRYONIC HEMOPOIESIS%GOBP%GO:0035162	EMBRYONIC HEMOPOIESIS%GOBP%GO:0035162		16	-0.2623659	-0.74211305	0.84385383	1.0	1.0	3897	tags=31%, list=16%, signal=37%	
NANOMATERIAL INDUCED APOPTOSIS%WIKIPATHWAYS_20260211%WP2507%HOMO SAPIENS	NANOMATERIAL INDUCED APOPTOSIS%WIKIPATHWAYS_20260211%WP2507%HOMO SAPIENS		15	-0.27107733	-0.74186856	0.8605442	1.0	1.0	4429	tags=33%, list=18%, signal=41%	
MICROAUTOPHAGY%GOBP%GO:0016237	MICROAUTOPHAGY%GOBP%GO:0016237		21	-0.25018552	-0.74186605	0.87969923	1.0	1.0	91	tags=5%, list=0%, signal=5%	
LOSS OF NLP FROM MITOTIC CENTROSOMES%REACTOME DATABASE ID RELEASE 95%380259	LOSS OF NLP FROM MITOTIC CENTROSOMES%REACTOME DATABASE ID RELEASE 95%380259		67	-0.19220003	-0.74156994	0.974359	1.0	1.0	4821	tags=27%, list=20%, signal=33%	
FOXO-MEDIATED TRANSCRIPTION OF OXIDATIVE STRESS, METABOLIC AND NEURONAL GENES%REACTOME DATABASE ID RELEASE 95%9615017	FOXO-MEDIATED TRANSCRIPTION OF OXIDATIVE STRESS, METABOLIC AND NEURONAL GENES%REACTOME DATABASE ID RELEASE 95%9615017		29	-0.23476192	-0.741088	0.8780488	1.0	1.0	2322	tags=14%, list=9%, signal=15%	
PDGF PATHWAY%WIKIPATHWAYS_20260211%WP2526%HOMO SAPIENS	PDGF PATHWAY%WIKIPATHWAYS_20260211%WP2526%HOMO SAPIENS		32	-0.22629037	-0.7406959	0.9188034	1.0	1.0	2806	tags=16%, list=11%, signal=18%	
EGF SIGNALLING PATHWAY%SMPDB%SMP0063810	EGF SIGNALLING PATHWAY%SMPDB%SMP0063810		26	-0.23599865	-0.7406745	0.8712121	1.0	1.0	2823	tags=15%, list=12%, signal=17%	
PID_AJDISS_2PATHWAY%MSIGDB_C2%PID_AJDISS_2PATHWAY	PID_AJDISS_2PATHWAY%MSIGDB_C2%PID_AJDISS_2PATHWAY		39	-0.21493998	-0.7402845	0.924	1.0	1.0	3337	tags=21%, list=14%, signal=24%	
POSITIVE REGULATION OF CARDIAC MUSCLE TISSUE GROWTH%GOBP%GO:0055023	POSITIVE REGULATION OF CARDIAC MUSCLE TISSUE GROWTH%GOBP%GO:0055023		17	-0.26873228	-0.7396639	0.8388158	1.0	1.0	2942	tags=24%, list=12%, signal=27%	
TRANSFERRIN ENDOCYTOSIS AND RECYCLING%REACTOME%R-HSA-917977.3	TRANSFERRIN ENDOCYTOSIS AND RECYCLING%REACTOME%R-HSA-917977.3		31	-0.22418322	-0.7390385	0.91525424	1.0	1.0	3723	tags=23%, list=15%, signal=27%	
POSITIVE REGULATION OF T-HELPER 17 TYPE IMMUNE RESPONSE%GOBP%GO:2000318	POSITIVE REGULATION OF T-HELPER 17 TYPE IMMUNE RESPONSE%GOBP%GO:2000318		16	-0.27072278	-0.73865014	0.86153847	1.0	1.0	1298	tags=13%, list=5%, signal=13%	
PI5P, PP2A AND IER3 REGULATE PI3K AKT SIGNALING%REACTOME%R-HSA-6811558.5	PI5P, PP2A AND IER3 REGULATE PI3K AKT SIGNALING%REACTOME%R-HSA-6811558.5		100	-0.18231316	-0.73855364	0.9745763	1.0	1.0	3454	tags=17%, list=14%, signal=20%	
NEGATIVE REGULATION OF DNA REPLICATION%GOBP%GO:0008156	NEGATIVE REGULATION OF DNA REPLICATION%GOBP%GO:0008156		26	-0.23627788	-0.7373196	0.89056605	1.0	1.0	5214	tags=42%, list=21%, signal=54%	
REGULATION OF FERROPTOSIS%GOBP%GO:0110075	REGULATION OF FERROPTOSIS%GOBP%GO:0110075		27	-0.23657303	-0.7371847	0.85375494	1.0	1.0	2262	tags=19%, list=9%, signal=20%	
SEMI-LUNAR VALVE DEVELOPMENT%GOBP%GO:1905314	SEMI-LUNAR VALVE DEVELOPMENT%GOBP%GO:1905314		48	-0.20877373	-0.73663294	0.9368932	1.0	1.0	3108	tags=21%, list=13%, signal=24%	
THE ROLE OF NEF IN HIV-1 REPLICATION AND DISEASE PATHOGENESIS%REACTOME%R-HSA-164952.3	THE ROLE OF NEF IN HIV-1 REPLICATION AND DISEASE PATHOGENESIS%REACTOME%R-HSA-164952.3		27	-0.23369291	-0.7363644	0.87890625	1.0	1.0	3691	tags=19%, list=15%, signal=22%	
ENDONUCLEOLYTIC CLEAVAGE OF TRICISTRONIC RRNA TRANSCRIPT (SSU-RRNA, 5.8S RRNA, LSU-RRNA)%GOBP%GO:0000479	ENDONUCLEOLYTIC CLEAVAGE OF TRICISTRONIC RRNA TRANSCRIPT (SSU-RRNA, 5.8S RRNA, LSU-RRNA)%GOBP%GO:0000479		20	-0.25459155	-0.7359151	0.86545455	1.0	1.0	4662	tags=35%, list=19%, signal=43%	
PKC GAMMA CALCIUM SIGNALING IN ATAXIA%WIKIPATHWAYS_20260211%WP4760%HOMO SAPIENS	PKC GAMMA CALCIUM SIGNALING IN ATAXIA%WIKIPATHWAYS_20260211%WP4760%HOMO SAPIENS		16	-0.2691544	-0.73572975	0.85714287	1.0	1.0	197	tags=6%, list=1%, signal=6%	
CRISTAE FORMATION%REACTOME%R-HSA-8949613.3	CRISTAE FORMATION%REACTOME%R-HSA-8949613.3		31	-0.22841732	-0.7355353	0.9169675	1.0	1.0	4834	tags=23%, list=20%, signal=28%	
LOSS OF PROTEINS REQUIRED FOR INTERPHASE MICROTUBULE ORGANIZATION FROM THE CENTROSOME%REACTOME DATABASE ID RELEASE 95%380284	LOSS OF PROTEINS REQUIRED FOR INTERPHASE MICROTUBULE ORGANIZATION FROM THE CENTROSOME%REACTOME DATABASE ID RELEASE 95%380284		67	-0.19220003	-0.73518026	0.96276593	1.0	1.0	4821	tags=27%, list=20%, signal=33%	
CELL SURFACE RECEPTOR PROTEIN SERINE/THREONINE KINASE SIGNALING PATHWAY%GOBP%GO:0007178	CELL SURFACE RECEPTOR PROTEIN SERINE/THREONINE KINASE SIGNALING PATHWAY%GOBP%GO:0007178		139	-0.172965	-0.7341774	1.0	1.0	1.0	4372	tags=22%, list=18%, signal=26%	
NUCLEAR SIGNALING BY ERBB4%REACTOME%R-HSA-1251985.7	NUCLEAR SIGNALING BY ERBB4%REACTOME%R-HSA-1251985.7		31	-0.2260576	-0.73393196	0.92134833	1.0	1.0	3195	tags=19%, list=13%, signal=22%	
PID_FOXM1_PATHWAY%MSIGDB_C2%PID_FOXM1_PATHWAY	PID_FOXM1_PATHWAY%MSIGDB_C2%PID_FOXM1_PATHWAY		37	-0.21847296	-0.73382366	0.93004113	1.0	1.0	1383	tags=8%, list=6%, signal=9%	
SIGNALING BY TYPE 1 INSULIN-LIKE GROWTH FACTOR 1 RECEPTOR (IGF1R)%REACTOME DATABASE ID RELEASE 95%2404192	SIGNALING BY TYPE 1 INSULIN-LIKE GROWTH FACTOR 1 RECEPTOR (IGF1R)%REACTOME DATABASE ID RELEASE 95%2404192		44	-0.20473592	-0.7336463	0.94358975	1.0	1.0	3452	tags=18%, list=14%, signal=21%	
BIOCARTA_PDGF_PATHWAY%MSIGDB_C2%BIOCARTA_PDGF_PATHWAY	BIOCARTA_PDGF_PATHWAY%MSIGDB_C2%BIOCARTA_PDGF_PATHWAY		23	-0.23983324	-0.733088	0.9150579	1.0	1.0	2806	tags=13%, list=11%, signal=15%	
THE NLRP3 INFLAMMASOME%REACTOME%R-HSA-844456.10	THE NLRP3 INFLAMMASOME%REACTOME%R-HSA-844456.10		16	-0.26780748	-0.732903	0.8269231	1.0	1.0	2118	tags=19%, list=9%, signal=21%	
NEGATIVE REGULATION OF SMOOTHENED SIGNALING PATHWAY%GOBP%GO:0045879	NEGATIVE REGULATION OF SMOOTHENED SIGNALING PATHWAY%GOBP%GO:0045879		24	-0.2430839	-0.7327099	0.89705884	1.0	1.0	1865	tags=13%, list=8%, signal=14%	
ACTIVATED NOTCH1 TRANSMITS SIGNAL TO THE NUCLEUS%REACTOME DATABASE ID RELEASE 95%2122948	ACTIVATED NOTCH1 TRANSMITS SIGNAL TO THE NUCLEUS%REACTOME DATABASE ID RELEASE 95%2122948		31	-0.22554515	-0.732684	0.8978102	1.0	1.0	3792	tags=23%, list=15%, signal=27%	
REGULATION OF CELL CYCLE G2/M PHASE TRANSITION%GOBP%GO:1902749	REGULATION OF CELL CYCLE G2/M PHASE TRANSITION%GOBP%GO:1902749		100	-0.18374573	-0.7321942	0.99264705	1.0	1.0	3482	tags=17%, list=14%, signal=20%	
METABOLIC EPILEPTIC DISORDERS%WIKIPATHWAYS_20260211%WP5355%HOMO SAPIENS	METABOLIC EPILEPTIC DISORDERS%WIKIPATHWAYS_20260211%WP5355%HOMO SAPIENS		68	-0.19432594	-0.7319811	0.9476744	1.0	1.0	4213	tags=22%, list=17%, signal=27%	
REGULATION OF ACTIN FILAMENT BUNDLE ASSEMBLY%GOBP%GO:0032231	REGULATION OF ACTIN FILAMENT BUNDLE ASSEMBLY%GOBP%GO:0032231		84	-0.18501754	-0.7316004	0.9870968	1.0	1.0	4518	tags=24%, list=18%, signal=29%	
AORTIC VALVE MORPHOGENESIS%GOBP%GO:0003180	AORTIC VALVE MORPHOGENESIS%GOBP%GO:0003180		39	-0.21129918	-0.73112583	0.954955	1.0	1.0	3108	tags=21%, list=13%, signal=23%	
C-MYB TRANSCRIPTION FACTOR NETWORK%PATHWAY INTERACTION DATABASE NCI-NATURE CURATED DATA%C-MYB TRANSCRIPTION FACTOR NETWORK	C-MYB TRANSCRIPTION FACTOR NETWORK%PATHWAY INTERACTION DATABASE NCI-NATURE CURATED DATA%C-MYB TRANSCRIPTION FACTOR NETWORK		84	-0.18267371	-0.73090917	0.9751553	1.0	1.0	2047	tags=11%, list=8%, signal=12%	
RESPONSE TO NERVE GROWTH FACTOR%GOBP%GO:1990089	RESPONSE TO NERVE GROWTH FACTOR%GOBP%GO:1990089		23	-0.23785563	-0.7306388	0.88475835	1.0	1.0	3590	tags=17%, list=15%, signal=20%	
PID_ARF6_PATHWAY%MSIGDB_C2%PID_ARF6_PATHWAY	PID_ARF6_PATHWAY%MSIGDB_C2%PID_ARF6_PATHWAY		29	-0.23076382	-0.73003674	0.9227799	1.0	1.0	5326	tags=34%, list=22%, signal=44%	
REGULATION OF COLLAGEN BIOSYNTHETIC PROCESS%GOBP%GO:0032965	REGULATION OF COLLAGEN BIOSYNTHETIC PROCESS%GOBP%GO:0032965		18	-0.25260884	-0.7270848	0.8741259	1.0	1.0	3421	tags=22%, list=14%, signal=26%	
LIMB MORPHOGENESIS%GOBP%GO:0035108	LIMB MORPHOGENESIS%GOBP%GO:0035108		44	-0.2036686	-0.72700095	0.95652175	1.0	1.0	3706	tags=23%, list=15%, signal=27%	
PHOTORECEPTOR CELL DIFFERENTIATION%GOBP%GO:0046530	PHOTORECEPTOR CELL DIFFERENTIATION%GOBP%GO:0046530		38	-0.21403457	-0.72660553	0.95219123	1.0	1.0	2177	tags=13%, list=9%, signal=14%	
REGULATION OF T-HELPER 17 TYPE IMMUNE RESPONSE%GOBP%GO:2000316	REGULATION OF T-HELPER 17 TYPE IMMUNE RESPONSE%GOBP%GO:2000316		29	-0.2278639	-0.72541827	0.9	1.0	1.0	1298	tags=10%, list=5%, signal=11%	
PYRIMIDINE METABOLISM%WIKIPATHWAYS_20260211%WP4022%HOMO SAPIENS	PYRIMIDINE METABOLISM%WIKIPATHWAYS_20260211%WP4022%HOMO SAPIENS		71	-0.19057783	-0.7253244	0.98255813	1.0	1.0	4020	tags=21%, list=16%, signal=25%	
NADPH REGENERATION%GOBP%GO:0006740	NADPH REGENERATION%GOBP%GO:0006740		15	-0.2646384	-0.72514284	0.88235295	1.0	1.0	853	tags=13%, list=3%, signal=14%	
BIOCARTA_HDAC_PATHWAY%MSIGDB_C2%BIOCARTA_HDAC_PATHWAY	BIOCARTA_HDAC_PATHWAY%MSIGDB_C2%BIOCARTA_HDAC_PATHWAY		19	-0.2524315	-0.72478217	0.87857145	1.0	1.0	1717	tags=11%, list=7%, signal=11%	
REGULATION OF CALCIUM ION-DEPENDENT EXOCYTOSIS%GOBP%GO:0017158	REGULATION OF CALCIUM ION-DEPENDENT EXOCYTOSIS%GOBP%GO:0017158		36	-0.21245399	-0.7246277	0.9279661	1.0	1.0	2696	tags=19%, list=11%, signal=22%	
REGULATION OF ALPHA-BETA T CELL DIFFERENTIATION%GOBP%GO:0046637	REGULATION OF ALPHA-BETA T CELL DIFFERENTIATION%GOBP%GO:0046637		59	-0.19830582	-0.7237986	0.9726776	1.0	1.0	5954	tags=39%, list=24%, signal=51%	
CELLULAR RESPONSE TO PEPTIDE HORMONE STIMULUS%GOBP%GO:0071375	CELLULAR RESPONSE TO PEPTIDE HORMONE STIMULUS%GOBP%GO:0071375		174	-0.16608839	-0.723321	1.0	1.0	1.0	3941	tags=17%, list=16%, signal=20%	
CONSTITUTIVE SIGNALING BY AKT1 E17K IN CANCER%REACTOME DATABASE ID RELEASE 95%5674400	CONSTITUTIVE SIGNALING BY AKT1 E17K IN CANCER%REACTOME DATABASE ID RELEASE 95%5674400		25	-0.23345718	-0.7227075	0.9310345	1.0	1.0	5998	tags=28%, list=24%, signal=37%	
PID_IL12_2PATHWAY%MSIGDB_C2%PID_IL12_2PATHWAY	PID_IL12_2PATHWAY%MSIGDB_C2%PID_IL12_2PATHWAY		51	-0.20202503	-0.7222348	0.9478261	1.0	1.0	4045	tags=18%, list=17%, signal=21%	
REGULATION OF INTERFERON-ALPHA PRODUCTION%GOBP%GO:0032647	REGULATION OF INTERFERON-ALPHA PRODUCTION%GOBP%GO:0032647		27	-0.23243143	-0.72217363	0.8947368	1.0	1.0	1816	tags=11%, list=7%, signal=12%	
INTRACELLULAR IRON ION HOMEOSTASIS%GOBP%GO:0006879	INTRACELLULAR IRON ION HOMEOSTASIS%GOBP%GO:0006879		64	-0.18865214	-0.7204502	0.9823529	1.0	1.0	3877	tags=19%, list=16%, signal=22%	
IRS-MEDIATED SIGNALLING%REACTOME DATABASE ID RELEASE 95%112399	IRS-MEDIATED SIGNALLING%REACTOME DATABASE ID RELEASE 95%112399		39	-0.21117204	-0.72038996	0.9372385	1.0	1.0	3452	tags=18%, list=14%, signal=21%	
PHOSPHATIDYLINOSITOL 3-KINASE/PROTEIN KINASE B SIGNAL TRANSDUCTION%GOBP%GO:0043491	PHOSPHATIDYLINOSITOL 3-KINASE/PROTEIN KINASE B SIGNAL TRANSDUCTION%GOBP%GO:0043491		43	-0.20135227	-0.72018635	0.9486166	1.0	1.0	2433	tags=12%, list=10%, signal=13%	
RESPIRATORY SYNCYTIAL VIRUS (RSV) ATTACHMENT AND ENTRY%REACTOME%R-HSA-9820960.2	RESPIRATORY SYNCYTIAL VIRUS (RSV) ATTACHMENT AND ENTRY%REACTOME%R-HSA-9820960.2		23	-0.23642372	-0.7185289	0.8976109	1.0	1.0	17	tags=4%, list=0%, signal=4%	
CELLULAR RESPONSE TO NERVE GROWTH FACTOR STIMULUS%GOBP%GO:1990090	CELLULAR RESPONSE TO NERVE GROWTH FACTOR STIMULUS%GOBP%GO:1990090		23	-0.23785563	-0.7180818	0.92142856	1.0	1.0	3590	tags=17%, list=15%, signal=20%	
SIGNALING BY PTK6%REACTOME DATABASE ID RELEASE 95%8848021	SIGNALING BY PTK6%REACTOME DATABASE ID RELEASE 95%8848021		51	-0.19764633	-0.71797746	0.94323146	1.0	1.0	4645	tags=18%, list=19%, signal=22%	
REGULATION OF MORPHOGENESIS OF AN EPITHELIUM%GOBP%GO:1905330	REGULATION OF MORPHOGENESIS OF AN EPITHELIUM%GOBP%GO:1905330		40	-0.21043463	-0.71758205	0.9504132	1.0	1.0	2927	tags=15%, list=12%, signal=17%	
REGULATION OF CD4-POSITIVE, ALPHA-BETA T CELL ACTIVATION%GOBP%GO:2000514	REGULATION OF CD4-POSITIVE, ALPHA-BETA T CELL ACTIVATION%GOBP%GO:2000514		63	-0.19275466	-0.7175552	0.98421055	1.0	1.0	5312	tags=30%, list=22%, signal=38%	
TERMINATION OF TRANSLESION DNA SYNTHESIS%REACTOME DATABASE ID RELEASE 95%5656169	TERMINATION OF TRANSLESION DNA SYNTHESIS%REACTOME DATABASE ID RELEASE 95%5656169		32	-0.21629658	-0.7174708	0.9147287	1.0	1.0	5676	tags=38%, list=23%, signal=49%	
ACETYLCHOLINE NEUROTRANSMITTER RELEASE CYCLE%REACTOME%R-HSA-264642.6	ACETYLCHOLINE NEUROTRANSMITTER RELEASE CYCLE%REACTOME%R-HSA-264642.6		16	-0.2656937	-0.71722424	0.8865672	1.0	1.0	4327	tags=38%, list=18%, signal=46%	
DOWNSTREAM SIGNALING OF ACTIVATED FGFR1%REACTOME DATABASE ID RELEASE 95%5654687	DOWNSTREAM SIGNALING OF ACTIVATED FGFR1%REACTOME DATABASE ID RELEASE 95%5654687		23	-0.24047326	-0.71709144	0.85958904	1.0	1.0	3452	tags=22%, list=14%, signal=25%	
MITOTIC CELL CYCLE PHASE TRANSITION%GOBP%GO:0044772	MITOTIC CELL CYCLE PHASE TRANSITION%GOBP%GO:0044772		117	-0.17105414	-0.71644723	1.0	1.0	1.0	4835	tags=26%, list=20%, signal=32%	
PAUSING AND RECOVERY OF TAT-MEDIATED HIV ELONGATION%REACTOME DATABASE ID RELEASE 95%167238	PAUSING AND RECOVERY OF TAT-MEDIATED HIV ELONGATION%REACTOME DATABASE ID RELEASE 95%167238		31	-0.22846045	-0.7164266	0.9254902	1.0	1.0	5048	tags=35%, list=21%, signal=45%	
REGULATION OF VASCULAR ASSOCIATED SMOOTH MUSCLE CELL PROLIFERATION%GOBP%GO:1904705	REGULATION OF VASCULAR ASSOCIATED SMOOTH MUSCLE CELL PROLIFERATION%GOBP%GO:1904705		38	-0.21228962	-0.71551996	0.9372385	1.0	1.0	2737	tags=16%, list=11%, signal=18%	
AORTIC VALVE DEVELOPMENT%GOBP%GO:0003176	AORTIC VALVE DEVELOPMENT%GOBP%GO:0003176		44	-0.20683296	-0.71550333	0.963964	1.0	1.0	4699	tags=30%, list=19%, signal=36%	
PROTEIN HOMOTETRAMERIZATION%GOBP%GO:0051289	PROTEIN HOMOTETRAMERIZATION%GOBP%GO:0051289		61	-0.19414851	-0.7154919	0.97969544	1.0	1.0	678	tags=7%, list=3%, signal=7%	
PID_EPHRINB_REV_PATHWAY%MSIGDB_C2%PID_EPHRINB_REV_PATHWAY	PID_EPHRINB_REV_PATHWAY%MSIGDB_C2%PID_EPHRINB_REV_PATHWAY		24	-0.23784184	-0.71502596	0.9100346	1.0	1.0	2958	tags=21%, list=12%, signal=24%	
CELLULAR RESPONSE TO BMP STIMULUS%GOBP%GO:0071773	CELLULAR RESPONSE TO BMP STIMULUS%GOBP%GO:0071773		60	-0.18810429	-0.7147483	0.98029554	1.0	1.0	415	tags=5%, list=2%, signal=5%	
SIGNALING BY NON-RECEPTOR TYROSINE KINASES%REACTOME DATABASE ID RELEASE 95%9006927	SIGNALING BY NON-RECEPTOR TYROSINE KINASES%REACTOME DATABASE ID RELEASE 95%9006927		51	-0.19764633	-0.71443313	0.97321427	1.0	1.0	4645	tags=18%, list=19%, signal=22%	
ACTIVATION OF GTPASE ACTIVITY%GOBP%GO:0090630	ACTIVATION OF GTPASE ACTIVITY%GOBP%GO:0090630		22	-0.23558193	-0.7144109	0.9166667	1.0	1.0	1835	tags=14%, list=7%, signal=15%	
GLIAL CELL MIGRATION%GOBP%GO:0008347	GLIAL CELL MIGRATION%GOBP%GO:0008347		18	-0.251157	-0.71380836	0.88297874	1.0	1.0	4843	tags=33%, list=20%, signal=42%	
APPENDAGE MORPHOGENESIS%GOBP%GO:0035107	APPENDAGE MORPHOGENESIS%GOBP%GO:0035107		44	-0.2036686	-0.71373993	0.9295154	1.0	1.0	3706	tags=23%, list=15%, signal=27%	
ROS AND RNS PRODUCTION IN PHAGOCYTES%REACTOME%R-HSA-1222556.11	ROS AND RNS PRODUCTION IN PHAGOCYTES%REACTOME%R-HSA-1222556.11		36	-0.21349974	-0.712983	0.92771083	1.0	1.0	3872	tags=28%, list=16%, signal=33%	
UROKINASE-TYPE PLASMINOGEN ACTIVATOR (UPA) AND UPAR-MEDIATED SIGNALING%PATHWAY INTERACTION DATABASE NCI-NATURE CURATED DATA%UROKINASE-TYPE PLASMINOGEN ACTIVATOR (UPA) AND UPAR-MEDIATED SIGNALING	UROKINASE-TYPE PLASMINOGEN ACTIVATOR (UPA) AND UPAR-MEDIATED SIGNALING%PATHWAY INTERACTION DATABASE NCI-NATURE CURATED DATA%UROKINASE-TYPE PLASMINOGEN ACTIVATOR (UPA) AND UPAR-MEDIATED SIGNALING		42	-0.20420608	-0.7128957	0.9695652	1.0	1.0	2973	tags=12%, list=12%, signal=14%	
BIOCARTA_CDMAC_PATHWAY%MSIGDB_C2%BIOCARTA_CDMAC_PATHWAY	BIOCARTA_CDMAC_PATHWAY%MSIGDB_C2%BIOCARTA_CDMAC_PATHWAY		16	-0.26128066	-0.71274084	0.87540984	1.0	1.0	1334	tags=13%, list=5%, signal=13%	
MESONEPHROS DEVELOPMENT%GOBP%GO:0001823	MESONEPHROS DEVELOPMENT%GOBP%GO:0001823		37	-0.21284625	-0.71272916	0.94736844	1.0	1.0	4345	tags=24%, list=18%, signal=30%	
REGULATION OF FEEDING BEHAVIOR%GOBP%GO:0060259	REGULATION OF FEEDING BEHAVIOR%GOBP%GO:0060259		20	-0.24699607	-0.7109977	0.89215684	1.0	1.0	1713	tags=10%, list=7%, signal=11%	
CALCIUM-INDEPENDENT CELL-CELL ADHESION%GOBP%GO:0016338	CALCIUM-INDEPENDENT CELL-CELL ADHESION%GOBP%GO:0016338		20	-0.24231263	-0.7109604	0.9228188	1.0	1.0	785	tags=10%, list=3%, signal=10%	
MITOPHAGY%GOBP%GO:0000423	MITOPHAGY%GOBP%GO:0000423		50	-0.19323629	-0.71083486	0.9692308	1.0	1.0	543	tags=4%, list=2%, signal=4%	
SIGNALING EVENTS MEDIATED BY THE HEDGEHOG FAMILY%PATHWAY INTERACTION DATABASE NCI-NATURE CURATED DATA%SIGNALING EVENTS MEDIATED BY THE HEDGEHOG FAMILY	SIGNALING EVENTS MEDIATED BY THE HEDGEHOG FAMILY%PATHWAY INTERACTION DATABASE NCI-NATURE CURATED DATA%SIGNALING EVENTS MEDIATED BY THE HEDGEHOG FAMILY		22	-0.23768516	-0.71031755	0.8992537	1.0	1.0	4315	tags=32%, list=18%, signal=39%	
POSITIVE REGULATION OF CELL-SUBSTRATE JUNCTION ORGANIZATION%GOBP%GO:0150117	POSITIVE REGULATION OF CELL-SUBSTRATE JUNCTION ORGANIZATION%GOBP%GO:0150117		26	-0.22681148	-0.7102613	0.89935064	1.0	1.0	5575	tags=35%, list=23%, signal=45%	
TERMINATION OF RNA POLYMERASE I TRANSCRIPTION%GOBP%GO:0006363	TERMINATION OF RNA POLYMERASE I TRANSCRIPTION%GOBP%GO:0006363		15	-0.25738755	-0.7095484	0.8632219	1.0	1.0	5728	tags=47%, list=23%, signal=61%	
NOTCH-MEDIATED HES HEY NETWORK%PATHWAY INTERACTION DATABASE NCI-NATURE CURATED DATA%NOTCH-MEDIATED HES HEY NETWORK	NOTCH-MEDIATED HES HEY NETWORK%PATHWAY INTERACTION DATABASE NCI-NATURE CURATED DATA%NOTCH-MEDIATED HES HEY NETWORK		47	-0.19875233	-0.70941544	0.9764151	1.0	1.0	2336	tags=11%, list=10%, signal=12%	
SLC25A46 PATHWAY%WIKIPATHWAYS_20260211%WP5521%HOMO SAPIENS	SLC25A46 PATHWAY%WIKIPATHWAYS_20260211%WP5521%HOMO SAPIENS		17	-0.25610682	-0.7083436	0.88	1.0	1.0	2678	tags=24%, list=11%, signal=26%	
HEAD AND NECK SQUAMOUS CELL CARCINOMA%WIKIPATHWAYS_20260211%WP4674%HOMO SAPIENS	HEAD AND NECK SQUAMOUS CELL CARCINOMA%WIKIPATHWAYS_20260211%WP4674%HOMO SAPIENS		65	-0.1892219	-0.7078546	0.9719101	1.0	1.0	5704	tags=32%, list=23%, signal=42%	
REGULATION OF ACTIN NUCLEATION%GOBP%GO:0051125	REGULATION OF ACTIN NUCLEATION%GOBP%GO:0051125		33	-0.21121807	-0.70758766	0.9114391	1.0	1.0	4271	tags=24%, list=17%, signal=29%	
PID_MET_PATHWAY%MSIGDB_C2%PID_MET_PATHWAY	PID_MET_PATHWAY%MSIGDB_C2%PID_MET_PATHWAY		64	-0.18885879	-0.70755786	0.97938144	1.0	1.0	3357	tags=20%, list=14%, signal=23%	
FGFR2 ALTERNATIVE SPLICING%REACTOME%R-HSA-6803529.3	FGFR2 ALTERNATIVE SPLICING%REACTOME%R-HSA-6803529.3		26	-0.22368746	-0.70742244	0.9375	1.0	1.0	5957	tags=42%, list=24%, signal=56%	
LATE ENDOSOMAL MICROAUTOPHAGY%REACTOME DATABASE ID RELEASE 95%9615710	LATE ENDOSOMAL MICROAUTOPHAGY%REACTOME DATABASE ID RELEASE 95%9615710		33	-0.2162112	-0.7073393	0.9385965	1.0	1.0	2651	tags=15%, list=11%, signal=17%	
LIPID DROPLET ORGANIZATION%GOBP%GO:0034389	LIPID DROPLET ORGANIZATION%GOBP%GO:0034389		37	-0.21130621	-0.70707196	0.954717	1.0	1.0	2491	tags=16%, list=10%, signal=18%	
SIGNALING BY NOTCH3%REACTOME%R-HSA-9012852.3	SIGNALING BY NOTCH3%REACTOME%R-HSA-9012852.3		48	-0.19773024	-0.70622087	0.9874477	1.0	1.0	3792	tags=19%, list=15%, signal=22%	
PROSTAGLANDIN METABOLIC PROCESS%GOBP%GO:0006693	PROSTAGLANDIN METABOLIC PROCESS%GOBP%GO:0006693		29	-0.21939638	-0.7040544	0.9150579	1.0	1.0	2142	tags=10%, list=9%, signal=11%	
METALLO-SULFUR CLUSTER ASSEMBLY%GOBP%GO:0031163	METALLO-SULFUR CLUSTER ASSEMBLY%GOBP%GO:0031163		26	-0.22677095	-0.7031451	0.92250925	1.0	1.0	2010	tags=12%, list=8%, signal=13%	
PHOTODYNAMIC THERAPY INDUCED AP 1 SURVIVAL SIGNALING%WIKIPATHWAYS_20260211%WP3611%HOMO SAPIENS	PHOTODYNAMIC THERAPY INDUCED AP 1 SURVIVAL SIGNALING%WIKIPATHWAYS_20260211%WP3611%HOMO SAPIENS		42	-0.20480242	-0.703091	0.9478261	1.0	1.0	3423	tags=19%, list=14%, signal=22%	
REGULATION OF SYNCYTIUM FORMATION BY PLASMA MEMBRANE FUSION%GOBP%GO:0060142	REGULATION OF SYNCYTIUM FORMATION BY PLASMA MEMBRANE FUSION%GOBP%GO:0060142		62	-0.18458869	-0.7016213	0.9782609	1.0	1.0	6023	tags=34%, list=25%, signal=45%	
PID_ECADHERIN_NASCENT_AJ_PATHWAY%MSIGDB_C2%PID_ECADHERIN_NASCENT_AJ_PATHWAY	PID_ECADHERIN_NASCENT_AJ_PATHWAY%MSIGDB_C2%PID_ECADHERIN_NASCENT_AJ_PATHWAY		29	-0.22321129	-0.7009447	0.90909094	1.0	1.0	5479	tags=34%, list=22%, signal=44%	
NEGATIVE REGULATION OF ENDOTHELIAL CELL MIGRATION%GOBP%GO:0010596	NEGATIVE REGULATION OF ENDOTHELIAL CELL MIGRATION%GOBP%GO:0010596		51	-0.1926752	-0.70026547	1.0	1.0	1.0	5480	tags=31%, list=22%, signal=40%	
TELOMERE MAINTENANCE IN RESPONSE TO DNA DAMAGE%GOBP%GO:0043247	TELOMERE MAINTENANCE IN RESPONSE TO DNA DAMAGE%GOBP%GO:0043247		15	-0.25367147	-0.69992536	0.8892405	1.0	1.0	4563	tags=33%, list=19%, signal=41%	
IRON-SULFUR CLUSTER ASSEMBLY%GOBP%GO:0016226	IRON-SULFUR CLUSTER ASSEMBLY%GOBP%GO:0016226		26	-0.22677095	-0.6988454	0.9220779	1.0	1.0	2010	tags=12%, list=8%, signal=13%	
REGULATION OF DNA STRAND ELONGATION%GOBP%GO:0060382	REGULATION OF DNA STRAND ELONGATION%GOBP%GO:0060382		17	-0.24400558	-0.6986613	0.89700997	1.0	1.0	3021	tags=24%, list=12%, signal=27%	
HOST-MEDIATED PERTURBATION OF VIRAL TRANSCRIPTION%GOBP%GO:0043921	HOST-MEDIATED PERTURBATION OF VIRAL TRANSCRIPTION%GOBP%GO:0043921		27	-0.22229634	-0.6982945	0.93846154	1.0	1.0	2696	tags=19%, list=11%, signal=21%	
DOPAMINE NEUROTRANSMITTER RELEASE CYCLE%REACTOME%R-HSA-212676.5	DOPAMINE NEUROTRANSMITTER RELEASE CYCLE%REACTOME%R-HSA-212676.5		22	-0.23140854	-0.69771653	0.9186441	1.0	1.0	3031	tags=23%, list=12%, signal=26%	
SARS-COV-2 MODULATES HOST TRANSLATION MACHINERY%REACTOME DATABASE ID RELEASE 95%9754678	SARS-COV-2 MODULATES HOST TRANSLATION MACHINERY%REACTOME DATABASE ID RELEASE 95%9754678		49	-0.19041112	-0.69764274	0.98507464	1.0	1.0	5381	tags=27%, list=22%, signal=34%	
EYE PHOTORECEPTOR CELL DIFFERENTIATION%GOBP%GO:0001754	EYE PHOTORECEPTOR CELL DIFFERENTIATION%GOBP%GO:0001754		28	-0.21872212	-0.69760585	0.94949496	1.0	1.0	2177	tags=14%, list=9%, signal=16%	
NEURON MATURATION%GOBP%GO:0042551	NEURON MATURATION%GOBP%GO:0042551		27	-0.22006604	-0.6974484	0.9456067	1.0	1.0	1475	tags=7%, list=6%, signal=8%	
MRNA CAPPING%REACTOME DATABASE ID RELEASE 95%72086	MRNA CAPPING%REACTOME DATABASE ID RELEASE 95%72086		29	-0.21986428	-0.6968585	0.94814813	1.0	1.0	6111	tags=45%, list=25%, signal=60%	
TRAIL%IOB%TRAIL	TRAIL%IOB%TRAIL		43	-0.19950694	-0.6963516	0.9665272	1.0	1.0	4429	tags=26%, list=18%, signal=31%	
RESPONSE TO BMP%GOBP%GO:0071772	RESPONSE TO BMP%GOBP%GO:0071772		60	-0.18810429	-0.69622743	0.9777778	1.0	1.0	415	tags=5%, list=2%, signal=5%	
UBIQUITIN-DEPENDENT PROTEIN CATABOLIC PROCESS VIA THE C-END DEGRON RULE PATHWAY%GOBP%GO:0140627	UBIQUITIN-DEPENDENT PROTEIN CATABOLIC PROCESS VIA THE C-END DEGRON RULE PATHWAY%GOBP%GO:0140627		16	-0.24933691	-0.69602	0.9134948	1.0	1.0	2654	tags=19%, list=11%, signal=21%	
ALPHA-BETA T CELL ACTIVATION INVOLVED IN IMMUNE RESPONSE%GOBP%GO:0002287	ALPHA-BETA T CELL ACTIVATION INVOLVED IN IMMUNE RESPONSE%GOBP%GO:0002287		39	-0.20166914	-0.69587237	0.97402596	1.0	1.0	940	tags=8%, list=4%, signal=8%	
BASE EXCISION REPAIR%WIKIPATHWAYS_20260211%WP4752%HOMO SAPIENS	BASE EXCISION REPAIR%WIKIPATHWAYS_20260211%WP4752%HOMO SAPIENS		27	-0.2215734	-0.69553167	0.9312977	1.0	1.0	4010	tags=22%, list=16%, signal=27%	
INFLUENZA VIRAL RNA TRANSCRIPTION AND REPLICATION%REACTOME DATABASE ID RELEASE 95%168273	INFLUENZA VIRAL RNA TRANSCRIPTION AND REPLICATION%REACTOME DATABASE ID RELEASE 95%168273		133	-0.16315167	-0.6954837	1.0	1.0	1.0	6023	tags=30%, list=25%, signal=40%	
UNSATURATED FATTY ACID BIOSYNTHETIC PROCESS%GOBP%GO:0006636	UNSATURATED FATTY ACID BIOSYNTHETIC PROCESS%GOBP%GO:0006636		27	-0.22293745	-0.6941248	0.9390681	1.0	1.0	2814	tags=11%, list=11%, signal=13%	
HEXOSE CATABOLIC PROCESS%GOBP%GO:0019320	HEXOSE CATABOLIC PROCESS%GOBP%GO:0019320		40	-0.1987172	-0.69393176	0.96995705	1.0	1.0	2052	tags=13%, list=8%, signal=14%	
SPROUTING ANGIOGENESIS%GOBP%GO:0002040	SPROUTING ANGIOGENESIS%GOBP%GO:0002040		54	-0.1888053	-0.69381976	0.9952153	1.0	1.0	2760	tags=13%, list=11%, signal=15%	
EGF RECEPTOR (ERBB1) SIGNALING PATHWAY%PATHWAY INTERACTION DATABASE NCI-NATURE CURATED DATA%EGF RECEPTOR (ERBB1) SIGNALING PATHWAY	EGF RECEPTOR (ERBB1) SIGNALING PATHWAY%PATHWAY INTERACTION DATABASE NCI-NATURE CURATED DATA%EGF RECEPTOR (ERBB1) SIGNALING PATHWAY		32	-0.2134848	-0.6935071	0.9563492	1.0	1.0	3452	tags=19%, list=14%, signal=22%	
CELLULAR RESPONSE TO UV%GOBP%GO:0034644	CELLULAR RESPONSE TO UV%GOBP%GO:0034644		74	-0.17681685	-0.6926982	0.9944751	1.0	1.0	5561	tags=32%, list=23%, signal=42%	
PID_P73PATHWAY%MSIGDB_C2%PID_P73PATHWAY	PID_P73PATHWAY%MSIGDB_C2%PID_P73PATHWAY		65	-0.1842032	-0.69252014	0.9951691	1.0	1.0	4818	tags=26%, list=20%, signal=32%	
DOWNSTREAM SIGNALING OF ACTIVATED FGFR4%REACTOME DATABASE ID RELEASE 95%5654716	DOWNSTREAM SIGNALING OF ACTIVATED FGFR4%REACTOME DATABASE ID RELEASE 95%5654716		22	-0.23146893	-0.6899297	0.9094077	1.0	1.0	3452	tags=23%, list=14%, signal=26%	
UPTAKE AND ACTIONS OF BACTERIAL TOXINS%REACTOME%R-HSA-5339562.5	UPTAKE AND ACTIONS OF BACTERIAL TOXINS%REACTOME%R-HSA-5339562.5		25	-0.22482517	-0.68902445	0.94736844	1.0	1.0	2806	tags=20%, list=11%, signal=23%	
CELLULAR RESPONSE TO EPIDERMAL GROWTH FACTOR STIMULUS%GOBP%GO:0071364	CELLULAR RESPONSE TO EPIDERMAL GROWTH FACTOR STIMULUS%GOBP%GO:0071364		29	-0.21446478	-0.6885447	0.943609	1.0	1.0	2904	tags=17%, list=12%, signal=20%	
RHOBTB GTPASE CYCLE%REACTOME%R-HSA-9706574.4	RHOBTB GTPASE CYCLE%REACTOME%R-HSA-9706574.4		35	-0.209485	-0.6881897	0.96428573	1.0	1.0	4585	tags=29%, list=19%, signal=35%	
PDGFR BETA PATHWAY%WIKIPATHWAYS_20260211%WP3972%HOMO SAPIENS	PDGFR BETA PATHWAY%WIKIPATHWAYS_20260211%WP3972%HOMO SAPIENS		22	-0.22997405	-0.68753636	0.970696	1.0	1.0	1334	tags=9%, list=5%, signal=10%	
NEPHRIN NEPH1 SIGNALING IN THE KIDNEY PODOCYTE%PATHWAY INTERACTION DATABASE NCI-NATURE CURATED DATA%NEPHRIN NEPH1 SIGNALING IN THE KIDNEY PODOCYTE	NEPHRIN NEPH1 SIGNALING IN THE KIDNEY PODOCYTE%PATHWAY INTERACTION DATABASE NCI-NATURE CURATED DATA%NEPHRIN NEPH1 SIGNALING IN THE KIDNEY PODOCYTE		28	-0.21338838	-0.68639624	0.9588015	1.0	1.0	2806	tags=18%, list=11%, signal=20%	
INFLUENZA INFECTION%REACTOME%R-HSA-168255.6	INFLUENZA INFECTION%REACTOME%R-HSA-168255.6		155	-0.15992163	-0.68629223	1.0	1.0	1.0	6023	tags=31%, list=25%, signal=41%	
REVERSE CHOLESTEROL TRANSPORT%GOBP%GO:0043691	REVERSE CHOLESTEROL TRANSPORT%GOBP%GO:0043691		17	-0.24746175	-0.68604034	0.8798587	1.0	1.0	2381	tags=18%, list=10%, signal=20%	
BIOCARTA_BCR_PATHWAY%MSIGDB_C2%BIOCARTA_BCR_PATHWAY	BIOCARTA_BCR_PATHWAY%MSIGDB_C2%BIOCARTA_BCR_PATHWAY		29	-0.2161877	-0.6856852	0.95185184	1.0	1.0	1334	tags=10%, list=5%, signal=11%	
PROTEIN LIPIDATION%GOBP%GO:0006497	PROTEIN LIPIDATION%GOBP%GO:0006497		34	-0.20848571	-0.6856731	0.9444444	1.0	1.0	1589	tags=9%, list=6%, signal=9%	
FOXM1 TRANSCRIPTION FACTOR NETWORK%PATHWAY INTERACTION DATABASE NCI-NATURE CURATED DATA%FOXM1 TRANSCRIPTION FACTOR NETWORK	FOXM1 TRANSCRIPTION FACTOR NETWORK%PATHWAY INTERACTION DATABASE NCI-NATURE CURATED DATA%FOXM1 TRANSCRIPTION FACTOR NETWORK		41	-0.19959943	-0.68532866	0.95	1.0	1.0	1383	tags=7%, list=6%, signal=8%	
POLYMERASE SWITCHING ON THE C-STRAND OF THE TELOMERE%REACTOME DATABASE ID RELEASE 95%174411	POLYMERASE SWITCHING ON THE C-STRAND OF THE TELOMERE%REACTOME DATABASE ID RELEASE 95%174411		26	-0.21803021	-0.6845734	0.93333334	1.0	1.0	1521	tags=12%, list=6%, signal=12%	
INTERFERON ALPHA BETA SIGNALING%REACTOME DATABASE ID RELEASE 95%909733	INTERFERON ALPHA BETA SIGNALING%REACTOME DATABASE ID RELEASE 95%909733		75	-0.17266008	-0.68446046	0.99425286	1.0	1.0	3852	tags=15%, list=16%, signal=17%	
NUCLEOSIDE DIPHOSPHATE METABOLIC PROCESS%GOBP%GO:0009132	NUCLEOSIDE DIPHOSPHATE METABOLIC PROCESS%GOBP%GO:0009132		59	-0.1820885	-0.683852	0.987013	1.0	1.0	2614	tags=15%, list=11%, signal=17%	
SULFUR AMINO ACID METABOLIC PROCESS%GOBP%GO:0000096	SULFUR AMINO ACID METABOLIC PROCESS%GOBP%GO:0000096		32	-0.20693916	-0.683629	0.97530866	1.0	1.0	1600	tags=9%, list=7%, signal=10%	
SYNAPTIC_VESICLE_TRAFFICKING%PANTHER PATHWAY%P05734	SYNAPTIC_VESICLE_TRAFFICKING%PANTHER PATHWAY%P05734		20	-0.2298762	-0.6826133	0.9240924	1.0	1.0	2738	tags=20%, list=11%, signal=22%	
CORTICAL CYTOSKELETON ORGANIZATION%GOBP%GO:0030865	CORTICAL CYTOSKELETON ORGANIZATION%GOBP%GO:0030865		41	-0.19626054	-0.6820516	0.9777778	1.0	1.0	4851	tags=22%, list=20%, signal=27%	
NATURAL KILLER CELL ACTIVATION INVOLVED IN IMMUNE RESPONSE%GOBP%GO:0002323	NATURAL KILLER CELL ACTIVATION INVOLVED IN IMMUNE RESPONSE%GOBP%GO:0002323		21	-0.22589625	-0.6816203	0.9259259	1.0	1.0	1911	tags=10%, list=8%, signal=10%	
REGULATION OF PYRUVATE DEHYDROGENASE (PDH) COMPLEX%REACTOME%R-HSA-204174.5	REGULATION OF PYRUVATE DEHYDROGENASE (PDH) COMPLEX%REACTOME%R-HSA-204174.5		15	-0.2517789	-0.6807431	0.9122257	1.0	1.0	1583	tags=13%, list=6%, signal=14%	
REGULATION OF PROTEIN DEACETYLATION%GOBP%GO:0090311	REGULATION OF PROTEIN DEACETYLATION%GOBP%GO:0090311		16	-0.24918376	-0.68054	0.8978328	1.0	1.0	5563	tags=38%, list=23%, signal=48%	
GLUTAMATE NEUROTRANSMITTER RELEASE CYCLE%REACTOME%R-HSA-210500.6	GLUTAMATE NEUROTRANSMITTER RELEASE CYCLE%REACTOME%R-HSA-210500.6		23	-0.22496478	-0.6805126	0.9233227	1.0	1.0	3031	tags=22%, list=12%, signal=25%	
POSITIVE REGULATION OF MICROTUBULE POLYMERIZATION OR DEPOLYMERIZATION%GOBP%GO:0031112	POSITIVE REGULATION OF MICROTUBULE POLYMERIZATION OR DEPOLYMERIZATION%GOBP%GO:0031112		32	-0.2001739	-0.6805029	0.962963	1.0	1.0	1372	tags=9%, list=6%, signal=10%	
BIOCARTA_VIP_PATHWAY%MSIGDB_C2%BIOCARTA_VIP_PATHWAY	BIOCARTA_VIP_PATHWAY%MSIGDB_C2%BIOCARTA_VIP_PATHWAY		18	-0.23868273	-0.6785516	0.9273356	1.0	1.0	6040	tags=44%, list=25%, signal=59%	
PHOSPHOLIPID DEPHOSPHORYLATION%GOBP%GO:0046839	PHOSPHOLIPID DEPHOSPHORYLATION%GOBP%GO:0046839		32	-0.20790642	-0.67746705	0.97628456	1.0	1.0	3861	tags=25%, list=16%, signal=30%	
U2-TYPE PRESPLICEOSOME ASSEMBLY%GOBP%GO:1903241	U2-TYPE PRESPLICEOSOME ASSEMBLY%GOBP%GO:1903241		25	-0.21853013	-0.67731225	0.9491525	1.0	1.0	2858	tags=16%, list=12%, signal=18%	
BIOCARTA_CELLCYCLE_PATHWAY%MSIGDB_C2%BIOCARTA_CELLCYCLE_PATHWAY	BIOCARTA_CELLCYCLE_PATHWAY%MSIGDB_C2%BIOCARTA_CELLCYCLE_PATHWAY		19	-0.23164302	-0.67693025	0.93877554	1.0	1.0	18824	tags=100%, list=77%, signal=432%	
POSITIVE REGULATION OF ORGAN GROWTH%GOBP%GO:0046622	POSITIVE REGULATION OF ORGAN GROWTH%GOBP%GO:0046622		20	-0.23022968	-0.6763944	0.9296296	1.0	1.0	4639	tags=35%, list=19%, signal=43%	
PROTEIN HOMOTRIMERIZATION%GOBP%GO:0070207	PROTEIN HOMOTRIMERIZATION%GOBP%GO:0070207		15	-0.24281849	-0.6759167	0.9260355	1.0	1.0	1340	tags=13%, list=5%, signal=14%	
PI-3K CASCADE:FGFR2%REACTOME DATABASE ID RELEASE 95%5654695	PI-3K CASCADE:FGFR2%REACTOME DATABASE ID RELEASE 95%5654695		18	-0.23906691	-0.67546153	0.9033333	1.0	1.0	3452	tags=22%, list=14%, signal=26%	
LIPOPROTEIN BIOSYNTHETIC PROCESS%GOBP%GO:0042158	LIPOPROTEIN BIOSYNTHETIC PROCESS%GOBP%GO:0042158		35	-0.2065588	-0.6752001	0.95384616	1.0	1.0	1589	tags=9%, list=6%, signal=9%	
CANCER IMMUNOTHERAPY BY PD 1 BLOCKADE%WIKIPATHWAYS_20260211%WP4585%HOMO SAPIENS	CANCER IMMUNOTHERAPY BY PD 1 BLOCKADE%WIKIPATHWAYS_20260211%WP4585%HOMO SAPIENS		21	-0.22881357	-0.67492014	0.9430605	1.0	1.0	1061	tags=10%, list=4%, signal=10%	
GAB1 SIGNALOSOME%REACTOME%R-HSA-180292.5	GAB1 SIGNALOSOME%REACTOME%R-HSA-180292.5		16	-0.24530932	-0.6746452	0.9190141	1.0	1.0	5178	tags=25%, list=21%, signal=32%	
BMP SIGNALING IN EYELID DEVELOPMENT%WIKIPATHWAYS_20260211%WP3927%HOMO SAPIENS	BMP SIGNALING IN EYELID DEVELOPMENT%WIKIPATHWAYS_20260211%WP3927%HOMO SAPIENS		19	-0.2315747	-0.6712317	0.92333335	1.0	1.0	4119	tags=21%, list=17%, signal=25%	
POSITIVE REGULATION OF HEART GROWTH%GOBP%GO:0060421	POSITIVE REGULATION OF HEART GROWTH%GOBP%GO:0060421		20	-0.23022968	-0.66994566	0.9070632	1.0	1.0	4639	tags=35%, list=19%, signal=43%	
URETERIC BUD DEVELOPMENT%GOBP%GO:0001657	URETERIC BUD DEVELOPMENT%GOBP%GO:0001657		32	-0.19993713	-0.6686241	0.95366794	1.0	1.0	4345	tags=25%, list=18%, signal=30%	
INSERTION OF TAIL-ANCHORED PROTEINS INTO THE ENDOPLASMIC RETICULUM MEMBRANE%REACTOME%R-HSA-9609523.4	INSERTION OF TAIL-ANCHORED PROTEINS INTO THE ENDOPLASMIC RETICULUM MEMBRANE%REACTOME%R-HSA-9609523.4		19	-0.23324369	-0.6681146	0.93448275	1.0	1.0	4616	tags=32%, list=19%, signal=39%	
NAD METABOLISM IN ONCOGENE INDUCED SENESCENCE AND MITOCHONDRIAL DYSFUNCTION ASSOCIATED SENESCENCE%WIKIPATHWAYS_20260211%WP5046%HOMO SAPIENS	NAD METABOLISM IN ONCOGENE INDUCED SENESCENCE AND MITOCHONDRIAL DYSFUNCTION ASSOCIATED SENESCENCE%WIKIPATHWAYS_20260211%WP5046%HOMO SAPIENS		17	-0.2353281	-0.66770655	0.9331307	1.0	1.0	2129	tags=18%, list=9%, signal=19%	
REGULATION OF GENE SILENCING BY REGULATORY NCRNA%GOBP%GO:0060966	REGULATION OF GENE SILENCING BY REGULATORY NCRNA%GOBP%GO:0060966		33	-0.20340231	-0.6676599	0.964	1.0	1.0	2760	tags=18%, list=11%, signal=20%	
WARBURG EFFECT MODULATED BY DEUBIQUITINATING ENZYMES AND THEIR SUBSTRATES%WIKIPATHWAYS_20260211%WP5216%HOMO SAPIENS	WARBURG EFFECT MODULATED BY DEUBIQUITINATING ENZYMES AND THEIR SUBSTRATES%WIKIPATHWAYS_20260211%WP5216%HOMO SAPIENS		21	-0.2262487	-0.6674322	0.9442231	1.0	1.0	1999	tags=14%, list=8%, signal=16%	
G1/S TRANSITION OF MITOTIC CELL CYCLE%GOBP%GO:0000082	G1/S TRANSITION OF MITOTIC CELL CYCLE%GOBP%GO:0000082		68	-0.17390954	-0.66687	1.0	1.0	1.0	4835	tags=28%, list=20%, signal=35%	
T-HELPER CELL DIFFERENTIATION%GOBP%GO:0042093	T-HELPER CELL DIFFERENTIATION%GOBP%GO:0042093		50	-0.18211307	-0.6629046	0.9873949	1.0	1.0	4201	tags=18%, list=17%, signal=22%	
HEPARAN SULFATE PROTEOGLYCAN BIOSYNTHETIC PROCESS%GOBP%GO:0015012	HEPARAN SULFATE PROTEOGLYCAN BIOSYNTHETIC PROCESS%GOBP%GO:0015012		27	-0.21241401	-0.6627973	0.9522059	1.0	1.0	1980	tags=11%, list=8%, signal=12%	
BACTERIAL INFECTION PATHWAYS%REACTOME DATABASE ID RELEASE 95%9824439	BACTERIAL INFECTION PATHWAYS%REACTOME DATABASE ID RELEASE 95%9824439		78	-0.1682705	-0.6627082	1.0	1.0	1.0	5032	tags=26%, list=21%, signal=32%	
DEVELOPMENT OF URETERIC DERIVED COLLECTING SYSTEM%WIKIPATHWAYS_20260211%WP5053%HOMO SAPIENS	DEVELOPMENT OF URETERIC DERIVED COLLECTING SYSTEM%WIKIPATHWAYS_20260211%WP5053%HOMO SAPIENS		39	-0.1934906	-0.66187054	0.9865471	1.0	1.0	4831	tags=28%, list=20%, signal=35%	
HEMATOPOIETIC STEM CELL GENE REGULATION BY GABP ALPHA BETA COMPLEX%WIKIPATHWAYS_20260211%WP3657%HOMO SAPIENS	HEMATOPOIETIC STEM CELL GENE REGULATION BY GABP ALPHA BETA COMPLEX%WIKIPATHWAYS_20260211%WP3657%HOMO SAPIENS		16	-0.2420006	-0.6600892	0.9402516	1.0	1.0	4624	tags=25%, list=19%, signal=31%	
POSITIVE REGULATION OF ACTIVATED T CELL PROLIFERATION%GOBP%GO:0042104	POSITIVE REGULATION OF ACTIVATED T CELL PROLIFERATION%GOBP%GO:0042104		19	-0.22892442	-0.6599657	0.93856657	1.0	1.0	1298	tags=11%, list=5%, signal=11%	
AGGREPHAGY%REACTOME DATABASE ID RELEASE 95%9646399	AGGREPHAGY%REACTOME DATABASE ID RELEASE 95%9646399		24	-0.21691579	-0.659596	0.9508772	1.0	1.0	2254	tags=13%, list=9%, signal=14%	
BIOCARTA_RAC1_PATHWAY%MSIGDB_C2%BIOCARTA_RAC1_PATHWAY	BIOCARTA_RAC1_PATHWAY%MSIGDB_C2%BIOCARTA_RAC1_PATHWAY		18	-0.23355007	-0.6584265	0.9266667	1.0	1.0	1906	tags=11%, list=8%, signal=12%	
SIGNALING BY LIGAND-RESPONSIVE EGFR VARIANTS IN CANCER%REACTOME%R-HSA-5637815.3	SIGNALING BY LIGAND-RESPONSIVE EGFR VARIANTS IN CANCER%REACTOME%R-HSA-5637815.3		17	-0.22959642	-0.65824264	0.9270833	1.0	1.0	5178	tags=29%, list=21%, signal=37%	
BMAL1:CLOCK,NPAS2 ACTIVATES CIRCADIAN EXPRESSION%REACTOME%R-HSA-1368108.9	BMAL1:CLOCK,NPAS2 ACTIVATES CIRCADIAN EXPRESSION%REACTOME%R-HSA-1368108.9		26	-0.21756724	-0.65818715	0.9625	1.0	1.0	19170	tags=100%, list=78%, signal=460%	
SARS-COV-1 INFECTION%REACTOME%R-HSA-9678108.8	SARS-COV-1 INFECTION%REACTOME%R-HSA-9678108.8		140	-0.15430161	-0.6578228	1.0	1.0	1.0	4588	tags=19%, list=19%, signal=24%	
POSITIVE REGULATION OF HOMOTYPIC CELL-CELL ADHESION%GOBP%GO:0034112	POSITIVE REGULATION OF HOMOTYPIC CELL-CELL ADHESION%GOBP%GO:0034112		17	-0.23756564	-0.65780765	0.93209875	1.0	1.0	1808	tags=12%, list=7%, signal=13%	
MONOCYTE DIFFERENTIATION%GOBP%GO:0030224	MONOCYTE DIFFERENTIATION%GOBP%GO:0030224		16	-0.23082548	-0.6572656	0.9496644	1.0	1.0	4209	tags=25%, list=17%, signal=30%	
BUDDING AND MATURATION OF HIV VIRION%REACTOME DATABASE ID RELEASE 95%162588	BUDDING AND MATURATION OF HIV VIRION%REACTOME DATABASE ID RELEASE 95%162588		28	-0.20554283	-0.65522856	0.969697	1.0	1.0	2651	tags=14%, list=11%, signal=16%	
MESODERM FORMATION%GOBP%GO:0001707	MESODERM FORMATION%GOBP%GO:0001707		29	-0.20276429	-0.6539845	0.96666664	1.0	1.0	4717	tags=24%, list=19%, signal=30%	
BIOCARTA_GLEEVEC_PATHWAY%MSIGDB_C2%BIOCARTA_GLEEVEC_PATHWAY	BIOCARTA_GLEEVEC_PATHWAY%MSIGDB_C2%BIOCARTA_GLEEVEC_PATHWAY		19	-0.22808436	-0.6537176	0.96575344	1.0	1.0	1334	tags=11%, list=5%, signal=11%	
PROSTANOID METABOLIC PROCESS%GOBP%GO:0006692	PROSTANOID METABOLIC PROCESS%GOBP%GO:0006692		32	-0.19988759	-0.65367633	0.972973	1.0	1.0	2142	tags=9%, list=9%, signal=10%	
MESONEPHRIC EPITHELIUM DEVELOPMENT%GOBP%GO:0072163	MESONEPHRIC EPITHELIUM DEVELOPMENT%GOBP%GO:0072163		33	-0.19775337	-0.65315616	0.96747965	1.0	1.0	4345	tags=24%, list=18%, signal=29%	
THYMIC STROMAL LYMPHOPOIETIN TSLP SIGNALING%WIKIPATHWAYS_20260211%WP2203%HOMO SAPIENS	THYMIC STROMAL LYMPHOPOIETIN TSLP SIGNALING%WIKIPATHWAYS_20260211%WP2203%HOMO SAPIENS		32	-0.19980727	-0.65269476	0.97472924	1.0	1.0	4306	tags=25%, list=18%, signal=30%	
NEGATIVE REGULATION OF PROTEIN LOCALIZATION TO NUCLEUS%GOBP%GO:1900181	NEGATIVE REGULATION OF PROTEIN LOCALIZATION TO NUCLEUS%GOBP%GO:1900181		27	-0.20225911	-0.65203243	0.98031497	1.0	1.0	5329	tags=30%, list=22%, signal=38%	
POSITIVE REGULATION OF D-GLUCOSE TRANSMEMBRANE TRANSPORT%GOBP%GO:0010828	POSITIVE REGULATION OF D-GLUCOSE TRANSMEMBRANE TRANSPORT%GOBP%GO:0010828		34	-0.1988535	-0.651632	0.9882353	1.0	1.0	3796	tags=18%, list=15%, signal=21%	
LYMPHOCYTE COSTIMULATION%GOBP%GO:0031294	LYMPHOCYTE COSTIMULATION%GOBP%GO:0031294		37	-0.19073696	-0.6493852	0.98717946	1.0	1.0	2701	tags=14%, list=11%, signal=15%	
NEGATIVE REGULATION OF TCF-DEPENDENT SIGNALING BY WNT LIGAND ANTAGONISTS%REACTOME DATABASE ID RELEASE 95%3772470	NEGATIVE REGULATION OF TCF-DEPENDENT SIGNALING BY WNT LIGAND ANTAGONISTS%REACTOME DATABASE ID RELEASE 95%3772470		15	-0.24004376	-0.64878184	0.9025157	1.0	1.0	2309	tags=20%, list=9%, signal=22%	
REGULATION OF MUSCLE ADAPTATION%GOBP%GO:0043502	REGULATION OF MUSCLE ADAPTATION%GOBP%GO:0043502		47	-0.18284923	-0.6474625	0.9911111	1.0	1.0	4608	tags=21%, list=19%, signal=26%	
BIOCARTA_TCR_PATHWAY%MSIGDB_C2%BIOCARTA_TCR_PATHWAY	BIOCARTA_TCR_PATHWAY%MSIGDB_C2%BIOCARTA_TCR_PATHWAY		36	-0.1923169	-0.6471524	0.97890294	1.0	1.0	6528	tags=44%, list=27%, signal=61%	
PROTEIN TRIMERIZATION%GOBP%GO:0070206	PROTEIN TRIMERIZATION%GOBP%GO:0070206		15	-0.24281849	-0.64614534	0.93225807	1.0	1.0	1340	tags=13%, list=5%, signal=14%	
EXTENSION OF TELOMERES%REACTOME%R-HSA-180786.4	EXTENSION OF TELOMERES%REACTOME%R-HSA-180786.4		51	-0.17964225	-0.6437345	0.9945946	1.0	1.0	5214	tags=31%, list=21%, signal=40%	
RHO GTPASES ACTIVATE CIT%REACTOME%R-HSA-5625900.4	RHO GTPASES ACTIVATE CIT%REACTOME%R-HSA-5625900.4		19	-0.22721791	-0.6434865	0.95873016	1.0	1.0	2785	tags=16%, list=11%, signal=18%	
DEVELOPMENTAL CELL LINEAGES%REACTOME DATABASE ID RELEASE 95%9734767	DEVELOPMENTAL CELL LINEAGES%REACTOME DATABASE ID RELEASE 95%9734767		21	-0.22030349	-0.6430821	0.9421769	1.0	1.0	224	tags=5%, list=1%, signal=5%	
SIGNALING BY FGFR2 IIIA TM%REACTOME%R-HSA-8851708.2	SIGNALING BY FGFR2 IIIA TM%REACTOME%R-HSA-8851708.2		19	-0.22196181	-0.6424117	0.95454544	1.0	1.0	4960	tags=37%, list=20%, signal=46%	
MESONEPHRIC TUBULE DEVELOPMENT%GOBP%GO:0072164	MESONEPHRIC TUBULE DEVELOPMENT%GOBP%GO:0072164		33	-0.19775337	-0.6415078	0.9880952	1.0	1.0	4345	tags=24%, list=18%, signal=29%	
SYNTHESIS OF PIPS AT THE GOLGI MEMBRANE%REACTOME%R-HSA-1660514.5	SYNTHESIS OF PIPS AT THE GOLGI MEMBRANE%REACTOME%R-HSA-1660514.5		18	-0.22845101	-0.64082783	0.94237286	1.0	1.0	4657	tags=28%, list=19%, signal=34%	
HOST-MEDIATED ACTIVATION OF VIRAL TRANSCRIPTION%GOBP%GO:0043923	HOST-MEDIATED ACTIVATION OF VIRAL TRANSCRIPTION%GOBP%GO:0043923		17	-0.23185118	-0.6408176	0.9371069	1.0	1.0	267	tags=6%, list=1%, signal=6%	
NRF2 ARE REGULATION%WIKIPATHWAYS_20260211%WP4357%HOMO SAPIENS	NRF2 ARE REGULATION%WIKIPATHWAYS_20260211%WP4357%HOMO SAPIENS		21	-0.21580805	-0.64069873	0.96805114	1.0	1.0	5230	tags=33%, list=21%, signal=42%	
MECHANOREGULATION AND PATHOLOGY OF YAP TAZ VIA HIPPO AND NON HIPPO MECHANISMS%WIKIPATHWAYS_20260211%WP4534%HOMO SAPIENS	MECHANOREGULATION AND PATHOLOGY OF YAP TAZ VIA HIPPO AND NON HIPPO MECHANISMS%WIKIPATHWAYS_20260211%WP4534%HOMO SAPIENS		33	-0.19332409	-0.63884646	0.98846155	1.0	1.0	3073	tags=15%, list=13%, signal=17%	
SYNAPTIC TRANSMISSION, CHOLINERGIC%GOBP%GO:0007271	SYNAPTIC TRANSMISSION, CHOLINERGIC%GOBP%GO:0007271		20	-0.22110406	-0.63876015	0.96478873	1.0	1.0	1263	tags=10%, list=5%, signal=11%	
NONCANONICAL WNT SIGNALING PATHWAY%PATHWAY INTERACTION DATABASE NCI-NATURE CURATED DATA%NONCANONICAL WNT SIGNALING PATHWAY	NONCANONICAL WNT SIGNALING PATHWAY%PATHWAY INTERACTION DATABASE NCI-NATURE CURATED DATA%NONCANONICAL WNT SIGNALING PATHWAY		32	-0.1939551	-0.6382123	0.972549	1.0	1.0	4976	tags=28%, list=20%, signal=35%	
IRON METABOLISM DISORDERS%WIKIPATHWAYS_20260211%WP5172%HOMO SAPIENS	IRON METABOLISM DISORDERS%WIKIPATHWAYS_20260211%WP5172%HOMO SAPIENS		15	-0.23253347	-0.6380208	0.95638627	1.0	1.0	4840	tags=33%, list=20%, signal=42%	
CONSTITUTIVE SIGNALING BY LIGAND-RESPONSIVE EGFR CANCER VARIANTS%REACTOME%R-HSA-1236382.3	CONSTITUTIVE SIGNALING BY LIGAND-RESPONSIVE EGFR CANCER VARIANTS%REACTOME%R-HSA-1236382.3		17	-0.22959642	-0.6379815	0.96166134	1.0	1.0	5178	tags=29%, list=21%, signal=37%	
REGULATION OF EPITHELIAL CELL APOPTOTIC PROCESS%GOBP%GO:1904035	REGULATION OF EPITHELIAL CELL APOPTOTIC PROCESS%GOBP%GO:1904035		23	-0.20876965	-0.63651574	0.9550562	1.0	1.0	2491	tags=17%, list=10%, signal=19%	
TELOMERE C-STRAND (LAGGING STRAND) SYNTHESIS%REACTOME DATABASE ID RELEASE 95%174417	TELOMERE C-STRAND (LAGGING STRAND) SYNTHESIS%REACTOME DATABASE ID RELEASE 95%174417		34	-0.18584886	-0.63110214	0.99206346	1.0	1.0	1813	tags=12%, list=7%, signal=13%	
GROWTH HORMONE RECEPTOR SIGNALING%REACTOME DATABASE ID RELEASE 95%982772	GROWTH HORMONE RECEPTOR SIGNALING%REACTOME DATABASE ID RELEASE 95%982772		23	-0.205457	-0.6288649	0.9683099	1.0	1.0	4640	tags=30%, list=19%, signal=38%	
BIOCARTA_GPCR_PATHWAY%MSIGDB_C2%BIOCARTA_GPCR_PATHWAY	BIOCARTA_GPCR_PATHWAY%MSIGDB_C2%BIOCARTA_GPCR_PATHWAY		22	-0.21274571	-0.62765217	0.971223	1.0	1.0	5109	tags=32%, list=21%, signal=40%	
PLASMINOGEN ACTIVATING CASCADE%PANTHER PATHWAY%P00050	PLASMINOGEN ACTIVATING CASCADE%PANTHER PATHWAY%P00050		15	-0.23245236	-0.6275048	0.9493671	1.0	1.0	2523	tags=13%, list=10%, signal=15%	
APOPTOSIS%WIKIPATHWAYS_20260211%WP254%HOMO SAPIENS	APOPTOSIS%WIKIPATHWAYS_20260211%WP254%HOMO SAPIENS		74	-0.15788256	-0.6268521	1.0	1.0	1.0	4818	tags=23%, list=20%, signal=29%	
WATER TRANSPORT%GOBP%GO:0006833	WATER TRANSPORT%GOBP%GO:0006833		21	-0.21862613	-0.6267874	0.9527027	1.0	1.0	19143	tags=100%, list=78%, signal=457%	
NUCLEOTIDE-BINDING DOMAIN, LEUCINE RICH REPEAT CONTAINING RECEPTOR SIGNALING PATHWAY%GOBP%GO:0035872	NUCLEOTIDE-BINDING DOMAIN, LEUCINE RICH REPEAT CONTAINING RECEPTOR SIGNALING PATHWAY%GOBP%GO:0035872		16	-0.2264862	-0.62670773	0.95015574	1.0	1.0	1692	tags=13%, list=7%, signal=13%	
7Q11 23 DISTAL COPY NUMBER VARIATION%WIKIPATHWAYS_20260211%WP5401%HOMO SAPIENS	7Q11 23 DISTAL COPY NUMBER VARIATION%WIKIPATHWAYS_20260211%WP5401%HOMO SAPIENS		18	-0.21828978	-0.6264856	0.9628253	1.0	1.0	2680	tags=17%, list=11%, signal=19%	
REGULATION OF T CELL MEDIATED IMMUNE RESPONSE TO TUMOR CELL%GOBP%GO:0002840	REGULATION OF T CELL MEDIATED IMMUNE RESPONSE TO TUMOR CELL%GOBP%GO:0002840		19	-0.22012427	-0.625299	0.9527027	1.0	1.0	3831	tags=26%, list=16%, signal=31%	
ANGIOTENSIN II RECEPTOR TYPE 1 PATHWAY%WIKIPATHWAYS_20260211%WP5036%HOMO SAPIENS	ANGIOTENSIN II RECEPTOR TYPE 1 PATHWAY%WIKIPATHWAYS_20260211%WP5036%HOMO SAPIENS		22	-0.2038419	-0.623345	0.9716312	1.0	1.0	3712	tags=18%, list=15%, signal=21%	
REGULATION OF INFLAMMATORY RESPONSE TO ANTIGENIC STIMULUS%GOBP%GO:0002861	REGULATION OF INFLAMMATORY RESPONSE TO ANTIGENIC STIMULUS%GOBP%GO:0002861		29	-0.19623609	-0.62316674	0.983871	1.0	1.0	3095	tags=17%, list=13%, signal=20%	
VASOPRESSIN REGULATED WATER REABSORPTION%WIKIPATHWAYS_20260211%WP5085%HOMO SAPIENS	VASOPRESSIN REGULATED WATER REABSORPTION%WIKIPATHWAYS_20260211%WP5085%HOMO SAPIENS		35	-0.18398145	-0.62284756	0.99233717	1.0	1.0	1286	tags=6%, list=5%, signal=6%	
TRANSCRIPTION FACTOR REGULATION IN ADIPOGENESIS%WIKIPATHWAYS_20260211%WP3599%HOMO SAPIENS	TRANSCRIPTION FACTOR REGULATION IN ADIPOGENESIS%WIKIPATHWAYS_20260211%WP3599%HOMO SAPIENS		19	-0.2129078	-0.6223289	0.95695364	1.0	1.0	1717	tags=11%, list=7%, signal=11%	
G BETA:GAMMA SIGNALLING THROUGH PI3KGAMMA%REACTOME DATABASE ID RELEASE 95%392451	G BETA:GAMMA SIGNALLING THROUGH PI3KGAMMA%REACTOME DATABASE ID RELEASE 95%392451		25	-0.19974396	-0.62171906	0.9893617	1.0	1.0	1619	tags=12%, list=7%, signal=13%	
TIGHT JUNCTION INTERACTIONS%REACTOME DATABASE ID RELEASE 95%420029	TIGHT JUNCTION INTERACTIONS%REACTOME DATABASE ID RELEASE 95%420029		30	-0.19677967	-0.6216776	0.972973	1.0	1.0	4233	tags=23%, list=17%, signal=28%	
13Q12 12 COPY NUMBER VARIATION%WIKIPATHWAYS_20260211%WP5406%HOMO SAPIENS	13Q12 12 COPY NUMBER VARIATION%WIKIPATHWAYS_20260211%WP5406%HOMO SAPIENS		27	-0.20045365	-0.62150055	0.9765625	1.0	1.0	3353	tags=19%, list=14%, signal=21%	
T CELL RECEPTOR AND CO STIMULATORY SIGNALING%WIKIPATHWAYS_20260211%WP2583%HOMO SAPIENS	T CELL RECEPTOR AND CO STIMULATORY SIGNALING%WIKIPATHWAYS_20260211%WP2583%HOMO SAPIENS		22	-0.20632991	-0.62147504	0.9592593	1.0	1.0	6196	tags=36%, list=25%, signal=49%	
INFECTION WITH ENTEROBACTERIA%REACTOME%R-HSA-9640148.3	INFECTION WITH ENTEROBACTERIA%REACTOME%R-HSA-9640148.3		17	-0.22082198	-0.62144035	0.9669967	1.0	1.0	1982	tags=12%, list=8%, signal=13%	
METABOLIC REPROGRAMMING IN COLON CANCER%WIKIPATHWAYS_20260211%WP4290%HOMO SAPIENS	METABOLIC REPROGRAMMING IN COLON CANCER%WIKIPATHWAYS_20260211%WP4290%HOMO SAPIENS		23	-0.2030627	-0.6163818	0.96750903	1.0	1.0	5194	tags=35%, list=21%, signal=44%	
G BETA:GAMMA SIGNALLING THROUGH PLC BETA%REACTOME%R-HSA-418217.5	G BETA:GAMMA SIGNALLING THROUGH PLC BETA%REACTOME%R-HSA-418217.5		20	-0.21126747	-0.6134666	0.96336997	1.0	1.0	1619	tags=15%, list=7%, signal=16%	
PERTURBATIONS TO HOST CELL AUTOPHAGY INDUCED BY SARS COV 2 PROTEINS%WIKIPATHWAYS_20260211%WP4936%HOMO SAPIENS	PERTURBATIONS TO HOST CELL AUTOPHAGY INDUCED BY SARS COV 2 PROTEINS%WIKIPATHWAYS_20260211%WP4936%HOMO SAPIENS		37	-0.18020092	-0.61069155	0.9957806	1.0	1.0	4088	tags=22%, list=17%, signal=26%	
PROCESSING OF SMDT1%REACTOME%R-HSA-8949664.2	PROCESSING OF SMDT1%REACTOME%R-HSA-8949664.2		16	-0.22262625	-0.6093541	0.9551724	1.0	1.0	19044	tags=100%, list=78%, signal=449%	
EPIBOLY INVOLVED IN WOUND HEALING%GOBP%GO:0090505	EPIBOLY INVOLVED IN WOUND HEALING%GOBP%GO:0090505		27	-0.18868266	-0.60738254	0.98828125	1.0	1.0	2335	tags=15%, list=10%, signal=16%	
DOWNREGULATION OF ERBB2 SIGNALING%REACTOME%R-HSA-8863795.3	DOWNREGULATION OF ERBB2 SIGNALING%REACTOME%R-HSA-8863795.3		27	-0.19713432	-0.6060176	0.96750903	1.0	1.0	5178	tags=26%, list=21%, signal=33%	
PI3K AKT SIGNALING IN CANCER%REACTOME DATABASE ID RELEASE 95%2219528	PI3K AKT SIGNALING IN CANCER%REACTOME DATABASE ID RELEASE 95%2219528		99	-0.14824048	-0.6042684	1.0	1.0	1.0	3452	tags=13%, list=14%, signal=15%	
CHAPERONE MEDIATED AUTOPHAGY%REACTOME DATABASE ID RELEASE 95%9613829	CHAPERONE MEDIATED AUTOPHAGY%REACTOME DATABASE ID RELEASE 95%9613829		21	-0.20149648	-0.60393935	0.97342193	1.0	1.0	5412	tags=29%, list=22%, signal=37%	
TNFR1-INDUCED PROAPOPTOTIC SIGNALING%REACTOME%R-HSA-5357786.6	TNFR1-INDUCED PROAPOPTOTIC SIGNALING%REACTOME%R-HSA-5357786.6		25	-0.19635025	-0.60353714	0.9847328	1.0	1.0	1692	tags=8%, list=7%, signal=9%	
REGULATION OF FERTILIZATION%GOBP%GO:0080154	REGULATION OF FERTILIZATION%GOBP%GO:0080154		16	-0.22198334	-0.6027916	0.96875	1.0	1.0	5435	tags=38%, list=22%, signal=48%	
MOLECULES ASSOCIATED WITH ELASTIC FIBRES%REACTOME%R-HSA-2129379.3	MOLECULES ASSOCIATED WITH ELASTIC FIBRES%REACTOME%R-HSA-2129379.3		28	-0.184327	-0.59941834	0.99230766	1.0	1.0	2802	tags=18%, list=11%, signal=20%	
WOUND HEALING, SPREADING OF CELLS%GOBP%GO:0044319	WOUND HEALING, SPREADING OF CELLS%GOBP%GO:0044319		27	-0.18868266	-0.5993886	0.9764706	1.0	1.0	2335	tags=15%, list=10%, signal=16%	
PID_EPHA2_FWD_PATHWAY%MSIGDB_C2%PID_EPHA2_FWD_PATHWAY	PID_EPHA2_FWD_PATHWAY%MSIGDB_C2%PID_EPHA2_FWD_PATHWAY		15	-0.22433305	-0.59853673	0.9739414	1.0	1.0	19002	tags=100%, list=78%, signal=446%	
PID_PTP1B_PATHWAY%MSIGDB_C2%PID_PTP1B_PATHWAY	PID_PTP1B_PATHWAY%MSIGDB_C2%PID_PTP1B_PATHWAY		41	-0.1764158	-0.598091	0.99590164	1.0	1.0	2958	tags=12%, list=12%, signal=14%	
FORMATION OF ATP BY CHEMIOSMOTIC COUPLING%REACTOME DATABASE ID RELEASE 95%163210	FORMATION OF ATP BY CHEMIOSMOTIC COUPLING%REACTOME DATABASE ID RELEASE 95%163210		18	-0.21083264	-0.5967899	0.95302016	1.0	1.0	1203	tags=6%, list=5%, signal=6%	
EMBRYONIC DIGESTIVE TRACT DEVELOPMENT%GOBP%GO:0048566	EMBRYONIC DIGESTIVE TRACT DEVELOPMENT%GOBP%GO:0048566		20	-0.20950474	-0.59575295	0.9710145	1.0	1.0	19366	tags=100%, list=79%, signal=477%	
CD4-POSITIVE OR CD8-POSITIVE, ALPHA-BETA T CELL LINEAGE COMMITMENT%GOBP%GO:0043369	CD4-POSITIVE OR CD8-POSITIVE, ALPHA-BETA T CELL LINEAGE COMMITMENT%GOBP%GO:0043369		16	-0.21796265	-0.5906089	0.98644066	1.0	1.0	3852	tags=25%, list=16%, signal=30%	
T-HELPER 17 TYPE IMMUNE RESPONSE%GOBP%GO:0072538	T-HELPER 17 TYPE IMMUNE RESPONSE%GOBP%GO:0072538		35	-0.17518206	-0.5899825	0.9962406	1.0	1.0	705	tags=6%, list=3%, signal=6%	
INTERLEUKIN-12 SIGNALING%REACTOME%R-HSA-9020591.3	INTERLEUKIN-12 SIGNALING%REACTOME%R-HSA-9020591.3		44	-0.16655678	-0.5855245	1.0	1.0	1.0	4650	tags=20%, list=19%, signal=25%	
EXTRACELLULAR MATRIX ASSEMBLY%GOBP%GO:0085029	EXTRACELLULAR MATRIX ASSEMBLY%GOBP%GO:0085029		20	-0.1996725	-0.585312	0.9898305	1.0	1.0	3348	tags=20%, list=14%, signal=23%	
SCAVENGING BY CLASS A RECEPTORS%REACTOME%R-HSA-3000480.2	SCAVENGING BY CLASS A RECEPTORS%REACTOME%R-HSA-3000480.2		19	-0.1983089	-0.5814328	0.986532	1.0	1.0	420	tags=5%, list=2%, signal=5%	
PID_AURORA_A_PATHWAY%MSIGDB_C2%PID_AURORA_A_PATHWAY	PID_AURORA_A_PATHWAY%MSIGDB_C2%PID_AURORA_A_PATHWAY		24	-0.19073583	-0.5802745	0.98630136	1.0	1.0	6058	tags=38%, list=25%, signal=50%	
CORTICAL ACTIN CYTOSKELETON ORGANIZATION%GOBP%GO:0030866	CORTICAL ACTIN CYTOSKELETON ORGANIZATION%GOBP%GO:0030866		25	-0.19099195	-0.5787076	0.986014	1.0	1.0	19820	tags=100%, list=81%, signal=524%	
REGULATION OF CD8-POSITIVE, ALPHA-BETA T CELL ACTIVATION%GOBP%GO:2001185	REGULATION OF CD8-POSITIVE, ALPHA-BETA T CELL ACTIVATION%GOBP%GO:2001185		20	-0.1976916	-0.5775887	0.97427654	1.0	1.0	4640	tags=30%, list=19%, signal=37%	
PID_TAP63_PATHWAY%MSIGDB_C2%PID_TAP63_PATHWAY	PID_TAP63_PATHWAY%MSIGDB_C2%PID_TAP63_PATHWAY		44	-0.15897855	-0.5736193	0.9958159	1.0	1.0	5631	tags=36%, list=23%, signal=47%	
HSF1-DEPENDENT TRANSACTIVATION%REACTOME%R-HSA-3371571.3	HSF1-DEPENDENT TRANSACTIVATION%REACTOME%R-HSA-3371571.3		24	-0.19225621	-0.5734741	0.99006623	1.0	1.0	4738	tags=21%, list=19%, signal=26%	
POSITIVE REGULATION OF PROTEIN EXIT FROM ENDOPLASMIC RETICULUM%GOBP%GO:0070863	POSITIVE REGULATION OF PROTEIN EXIT FROM ENDOPLASMIC RETICULUM%GOBP%GO:0070863		19	-0.19823352	-0.5647079	0.99348533	1.0	1.0	2857	tags=16%, list=12%, signal=18%	
POSITIVE REGULATION OF RELEASE OF CYTOCHROME C FROM MITOCHONDRIA%GOBP%GO:0090200	POSITIVE REGULATION OF RELEASE OF CYTOCHROME C FROM MITOCHONDRIA%GOBP%GO:0090200		22	-0.18238614	-0.5604385	0.98644066	1.0	1.0	4818	tags=27%, list=20%, signal=34%	
NFE2L2 REGULATING ANTI-OXIDANT DETOXIFICATION ENZYMES%REACTOME%R-HSA-9818027.3	NFE2L2 REGULATING ANTI-OXIDANT DETOXIFICATION ENZYMES%REACTOME%R-HSA-9818027.3		19	-0.19095731	-0.5603418	0.9739414	1.0	1.0	5171	tags=32%, list=21%, signal=40%	
PID_WNT_NONCANONICAL_PATHWAY%MSIGDB_C2%PID_WNT_NONCANONICAL_PATHWAY	PID_WNT_NONCANONICAL_PATHWAY%MSIGDB_C2%PID_WNT_NONCANONICAL_PATHWAY		26	-0.17586899	-0.557406	0.9916318	1.0	1.0	4976	tags=27%, list=20%, signal=34%	
NEGATIVE REGULATION OF NUCLEOCYTOPLASMIC TRANSPORT%GOBP%GO:0046823	NEGATIVE REGULATION OF NUCLEOCYTOPLASMIC TRANSPORT%GOBP%GO:0046823		20	-0.18866459	-0.5568602	1.0	1.0	1.0	19876	tags=100%, list=81%, signal=530%	
LISTERIA MONOCYTOGENES ENTRY INTO HOST CELLS%REACTOME%R-HSA-8876384.4	LISTERIA MONOCYTOGENES ENTRY INTO HOST CELLS%REACTOME%R-HSA-8876384.4		19	-0.1940376	-0.5568372	0.983871	1.0	1.0	3745	tags=21%, list=15%, signal=25%	
LYSOSOMAL MEMBRANE ORGANIZATION%GOBP%GO:0097212	LYSOSOMAL MEMBRANE ORGANIZATION%GOBP%GO:0097212		18	-0.19155844	-0.5547101	0.9826389	1.0	1.0	1612	tags=11%, list=7%, signal=12%	
POSITIVE REGULATION OF LEUKOCYTE ADHESION TO VASCULAR ENDOTHELIAL CELL%GOBP%GO:1904996	POSITIVE REGULATION OF LEUKOCYTE ADHESION TO VASCULAR ENDOTHELIAL CELL%GOBP%GO:1904996		20	-0.19118688	-0.55466807	0.9933775	1.0	1.0	422	tags=5%, list=2%, signal=5%	
NEGATIVE REGULATION OF ATP METABOLIC PROCESS%GOBP%GO:1903579	NEGATIVE REGULATION OF ATP METABOLIC PROCESS%GOBP%GO:1903579		16	-0.19978657	-0.5540389	0.98142415	1.0	1.0	753	tags=6%, list=3%, signal=6%	
COPPER ION HOMEOSTASIS%GOBP%GO:0055070	COPPER ION HOMEOSTASIS%GOBP%GO:0055070		15	-0.20824935	-0.554019	0.9741936	1.0	1.0	1627	tags=13%, list=7%, signal=14%	
NEGATIVE REGULATION OF CAMP/PKA SIGNAL TRANSDUCTION%GOBP%GO:0141162	NEGATIVE REGULATION OF CAMP/PKA SIGNAL TRANSDUCTION%GOBP%GO:0141162		27	-0.17491926	-0.5486569	1.0	1.0	1.0	4209	tags=22%, list=17%, signal=27%	
NUCLEOTIDE SALVAGE%REACTOME%R-HSA-8956321.3	NUCLEOTIDE SALVAGE%REACTOME%R-HSA-8956321.3		22	-0.18171589	-0.54267645	0.9935484	1.0	1.0	5114	tags=32%, list=21%, signal=40%	
REGULATION OF WNT B CATENIN SIGNALING BY SMALL MOLECULE COMPOUNDS%WIKIPATHWAYS_20260211%WP3664%HOMO SAPIENS	REGULATION OF WNT B CATENIN SIGNALING BY SMALL MOLECULE COMPOUNDS%WIKIPATHWAYS_20260211%WP3664%HOMO SAPIENS		16	-0.19463761	-0.5413903	0.9935065	1.0	1.0	5230	tags=38%, list=21%, signal=48%	
SIGNALING BY EGFR IN CANCER%REACTOME%R-HSA-1643713.4	SIGNALING BY EGFR IN CANCER%REACTOME%R-HSA-1643713.4		23	-0.17535222	-0.5318257	0.9930556	1.0	1.0	5178	tags=26%, list=21%, signal=33%	
IFN-ALPHA%IOB%IFN-ALPHA	IFN-ALPHA%IOB%IFN-ALPHA		29	-0.16256034	-0.51544946	1.0	1.0	1.0	4088	tags=21%, list=17%, signal=25%	
BIOCARTA_IGF1MTOR_PATHWAY%MSIGDB_C2%BIOCARTA_IGF1MTOR_PATHWAY	BIOCARTA_IGF1MTOR_PATHWAY%MSIGDB_C2%BIOCARTA_IGF1MTOR_PATHWAY		18	-0.18233599	-0.5151565	0.986532	1.0	1.0	6139	tags=39%, list=25%, signal=52%	
BIOCARTA_MITOCHONDRIA_PATHWAY%MSIGDB_C2%BIOCARTA_MITOCHONDRIA_PATHWAY	BIOCARTA_MITOCHONDRIA_PATHWAY%MSIGDB_C2%BIOCARTA_MITOCHONDRIA_PATHWAY		15	-0.1829468	-0.48337275	0.99346405	1.0	1.0	2782	tags=13%, list=11%, signal=15%	
POSITIVE REGULATION OF ACUTE INFLAMMATORY RESPONSE%GOBP%GO:0002675	POSITIVE REGULATION OF ACUTE INFLAMMATORY RESPONSE%GOBP%GO:0002675		20	-0.16286373	-0.4714045	1.0	1.0	1.0	2680	tags=10%, list=11%, signal=11%	
HOST PATHOGEN INTERACTION OF HUMAN CORONAVIRUSES APOPTOSIS%WIKIPATHWAYS_20260211%WP4864%HOMO SAPIENS	HOST PATHOGEN INTERACTION OF HUMAN CORONAVIRUSES APOPTOSIS%WIKIPATHWAYS_20260211%WP4864%HOMO SAPIENS		17	-0.16163047	-0.44501114	1.0	1.0	1.0	4818	tags=24%, list=20%, signal=29%	
DEVELOPMENT AND HETEROGENEITY OF THE ILC FAMILY%WIKIPATHWAYS_20260211%WP3893%HOMO SAPIENS	DEVELOPMENT AND HETEROGENEITY OF THE ILC FAMILY%WIKIPATHWAYS_20260211%WP3893%HOMO SAPIENS		31	-0.1345624	-0.44013175	1.0	1.0	1.0	3016	tags=10%, list=12%, signal=11%	
TRANSCRIPTION BY RNA POLYMERASE I%GOBP%GO:0006360	TRANSCRIPTION BY RNA POLYMERASE I%GOBP%GO:0006360		25	-0.14064904	-0.42593572	1.0	1.0	1.0	5728	tags=32%, list=23%, signal=42%	
REGULATION OF T CELL DIFFERENTIATION IN THYMUS%GOBP%GO:0033081	REGULATION OF T CELL DIFFERENTIATION IN THYMUS%GOBP%GO:0033081		15	-0.15884237	-0.42253575	1.0	0.99984205	1.0	4315	tags=20%, list=18%, signal=24%	
