NAME	GS<br> follow link to MSigDB	GS DETAILS	SIZE	ES	NES	NOM p-val	FDR q-val	FWER p-val	RANK AT MAX	LEADING EDGE	
FEMALE MEIOTIC NUCLEAR DIVISION%GOBP%GO:0007143	FEMALE MEIOTIC NUCLEAR DIVISION%GOBP%GO:0007143	Details ...	21	0.6983362	1.8161387	0.0028409092	1.0	0.767	3316	tags=33%, list=14%, signal=39%	
RECEPTOR INTERNALIZATION%GOBP%GO:0031623	RECEPTOR INTERNALIZATION%GOBP%GO:0031623	Details ...	55	0.56679773	1.7648011	0.0	1.0	0.972	3335	tags=33%, list=14%, signal=38%	
COMMON PATHWAY OF FIBRIN CLOT FORMATION%REACTOME DATABASE ID RELEASE 95%140875	COMMON PATHWAY OF FIBRIN CLOT FORMATION%REACTOME DATABASE ID RELEASE 95%140875	Details ...	22	0.6625261	1.7375402	0.0027662518	1.0	0.997	3625	tags=41%, list=15%, signal=48%	
PHOSPHATIDYLGLYCEROL METABOLIC PROCESS%GOBP%GO:0046471	PHOSPHATIDYLGLYCEROL METABOLIC PROCESS%GOBP%GO:0046471	Details ...	31	0.6279995	1.725754	0.0013495276	1.0	1.0	2498	tags=26%, list=10%, signal=29%	
VISUAL BEHAVIOR%GOBP%GO:0007632	VISUAL BEHAVIOR%GOBP%GO:0007632	Details ...	18	0.69790953	1.7152983	0.0	1.0	1.0	4704	tags=61%, list=19%, signal=76%	
COMPLEMENT AND COAGULATION CASCADES%WIKIPATHWAYS_20260211%WP558%HOMO SAPIENS	COMPLEMENT AND COAGULATION CASCADES%WIKIPATHWAYS_20260211%WP558%HOMO SAPIENS	Details ...	49	0.55507797	1.6696762	0.0012903226	1.0	1.0	8585	tags=63%, list=35%, signal=97%	
POSITIVE REGULATION OF MONOCYTE CHEMOTAXIS%GOBP%GO:0090026	POSITIVE REGULATION OF MONOCYTE CHEMOTAXIS%GOBP%GO:0090026	Details ...	18	0.66532856	1.6673242	0.0113154175	1.0	1.0	5323	tags=56%, list=22%, signal=71%	
GLYCEROPHOSPHOLIPID BIOSYNTHETIC PATHWAY%WIKIPATHWAYS_20260211%WP2533%HOMO SAPIENS	GLYCEROPHOSPHOLIPID BIOSYNTHETIC PATHWAY%WIKIPATHWAYS_20260211%WP2533%HOMO SAPIENS	Details ...	26	0.62050027	1.6668365	0.0041724616	1.0	1.0	2739	tags=27%, list=11%, signal=30%	
TRANSLOCATION OF ZAP-70 TO IMMUNOLOGICAL SYNAPSE%REACTOME DATABASE ID RELEASE 95%202430	TRANSLOCATION OF ZAP-70 TO IMMUNOLOGICAL SYNAPSE%REACTOME DATABASE ID RELEASE 95%202430	Details ...	22	0.63671553	1.6660203	0.009957326	1.0	1.0	7592	tags=68%, list=31%, signal=99%	
FATTY ACID BETA OXIDATION%WIKIPATHWAYS_20260211%WP143%HOMO SAPIENS	FATTY ACID BETA OXIDATION%WIKIPATHWAYS_20260211%WP143%HOMO SAPIENS	Details ...	26	0.6159029	1.6652075	0.0013404826	1.0	1.0	4516	tags=46%, list=18%, signal=57%	
HALLMARK_PEROXISOME%MSIGDBHALLMARK%HALLMARK_PEROXISOME	HALLMARK_PEROXISOME%MSIGDBHALLMARK%HALLMARK_PEROXISOME	Details ...	81	0.50610733	1.6629604	0.0	1.0	1.0	5125	tags=37%, list=21%, signal=47%	
PEROXISOMAL LIPID METABOLISM%REACTOME%R-HSA-390918.7	PEROXISOMAL LIPID METABOLISM%REACTOME%R-HSA-390918.7	Details ...	23	0.63620806	1.6578771	0.010899182	1.0	1.0	5746	tags=57%, list=23%, signal=74%	
GENERATION OF SECOND MESSENGER MOLECULES%REACTOME%R-HSA-202433.5	GENERATION OF SECOND MESSENGER MOLECULES%REACTOME%R-HSA-202433.5	Details ...	37	0.57843244	1.6558492	0.006702413	1.0	1.0	7592	tags=59%, list=31%, signal=86%	
DENGUE 2 INTERACTIONS WITH COMPLEMENT AND COAGULATION CASCADES%WIKIPATHWAYS_20260211%WP3896%HOMO SAPIENS	DENGUE 2 INTERACTIONS WITH COMPLEMENT AND COAGULATION CASCADES%WIKIPATHWAYS_20260211%WP3896%HOMO SAPIENS	Details ...	50	0.54811907	1.6551834	0.0012755102	1.0	1.0	8585	tags=62%, list=35%, signal=95%	
ZYGOTIC GENOME ACTIVATION (ZGA)%REACTOME DATABASE ID RELEASE 95%9819196	ZYGOTIC GENOME ACTIVATION (ZGA)%REACTOME DATABASE ID RELEASE 95%9819196	Details ...	16	0.6799235	1.6474739	0.0041899444	1.0	1.0	6320	tags=63%, list=26%, signal=84%	
POSITIVE REGULATION OF T CELL MIGRATION%GOBP%GO:2000406	POSITIVE REGULATION OF T CELL MIGRATION%GOBP%GO:2000406	Details ...	29	0.5900965	1.6317519	0.006729475	1.0	1.0	6440	tags=55%, list=26%, signal=75%	
MACROPHAGE ACTIVATION%GOBP%GO:0042116	MACROPHAGE ACTIVATION%GOBP%GO:0042116	Details ...	41	0.55453825	1.6316878	0.005167959	1.0	1.0	7017	tags=54%, list=29%, signal=75%	
ETHER LIPID METABOLIC PROCESS%GOBP%GO:0046485	ETHER LIPID METABOLIC PROCESS%GOBP%GO:0046485	Details ...	22	0.6328374	1.6297324	0.004213483	1.0	1.0	2346	tags=27%, list=10%, signal=30%	
ASSOCIATIVE LEARNING%GOBP%GO:0008306	ASSOCIATIVE LEARNING%GOBP%GO:0008306	Details ...	23	0.6094531	1.6112602	0.004115226	1.0	1.0	4704	tags=48%, list=19%, signal=59%	
DETECTION OF CHEMICAL STIMULUS INVOLVED IN SENSORY PERCEPTION OF BITTER TASTE%GOBP%GO:0001580	DETECTION OF CHEMICAL STIMULUS INVOLVED IN SENSORY PERCEPTION OF BITTER TASTE%GOBP%GO:0001580	Details ...	33	0.56715035	1.6091194	0.00397351	1.0	1.0	6407	tags=39%, list=26%, signal=53%	
LONG-TERM POTENTIATION%REACTOME%R-HSA-9620244.3	LONG-TERM POTENTIATION%REACTOME%R-HSA-9620244.3		22	0.61962116	1.6014702	0.006756757	1.0	1.0	5213	tags=50%, list=21%, signal=63%	
MALE MEIOTIC NUCLEAR DIVISION%GOBP%GO:0007140	MALE MEIOTIC NUCLEAR DIVISION%GOBP%GO:0007140		40	0.54695684	1.5980356	0.0050890585	1.0	1.0	4501	tags=40%, list=18%, signal=49%	
POSITIVE REGULATION OF EXCITATORY POSTSYNAPTIC POTENTIAL%GOBP%GO:2000463	POSITIVE REGULATION OF EXCITATORY POSTSYNAPTIC POTENTIAL%GOBP%GO:2000463		22	0.6163828	1.5930387	0.009722223	1.0	1.0	4259	tags=36%, list=17%, signal=44%	
DIOL BIOSYNTHETIC PROCESS%GOBP%GO:0034312	DIOL BIOSYNTHETIC PROCESS%GOBP%GO:0034312		20	0.6188269	1.5920402	0.024147727	1.0	1.0	5280	tags=55%, list=22%, signal=70%	
STATIN INHIBITION OF CHOLESTEROL PRODUCTION%WIKIPATHWAYS_20260211%WP430%HOMO SAPIENS	STATIN INHIBITION OF CHOLESTEROL PRODUCTION%WIKIPATHWAYS_20260211%WP430%HOMO SAPIENS		25	0.5900434	1.5918055	0.01971831	1.0	1.0	8580	tags=72%, list=35%, signal=111%	
CHEMOKINE-MEDIATED SIGNALING PATHWAY%GOBP%GO:0070098	CHEMOKINE-MEDIATED SIGNALING PATHWAY%GOBP%GO:0070098		62	0.5075894	1.5913625	0.0012406948	1.0	1.0	5877	tags=44%, list=24%, signal=57%	
PHOSPHORYLATION OF CD3 AND TCR ZETA CHAINS%REACTOME%R-HSA-202427.8	PHOSPHORYLATION OF CD3 AND TCR ZETA CHAINS%REACTOME%R-HSA-202427.8		25	0.6023649	1.5895525	0.014492754	1.0	1.0	7624	tags=64%, list=31%, signal=93%	
POSITIVE REGULATION OF VASOCONSTRICTION%GOBP%GO:0045907	POSITIVE REGULATION OF VASOCONSTRICTION%GOBP%GO:0045907		15	0.6732474	1.5818204	0.017291067	1.0	1.0	5350	tags=47%, list=22%, signal=60%	
REGULATION OF VASOCONSTRICTION%GOBP%GO:0019229	REGULATION OF VASOCONSTRICTION%GOBP%GO:0019229		34	0.5524995	1.5782483	0.0054869684	1.0	1.0	6689	tags=44%, list=27%, signal=61%	
PEPTIDE CATABOLIC PROCESS%GOBP%GO:0043171	PEPTIDE CATABOLIC PROCESS%GOBP%GO:0043171		19	0.6276106	1.5759541	0.013927577	1.0	1.0	6689	tags=53%, list=27%, signal=72%	
RESPONSE TO CHEMOKINE%GOBP%GO:1990868	RESPONSE TO CHEMOKINE%GOBP%GO:1990868		69	0.48946163	1.5704428	0.003699137	1.0	1.0	5877	tags=42%, list=24%, signal=55%	
LIPID OXIDATION%GOBP%GO:0034440	LIPID OXIDATION%GOBP%GO:0034440		72	0.4918939	1.5673089	0.0036674817	1.0	1.0	5746	tags=46%, list=23%, signal=60%	
ASSEMBLY AND CELL SURFACE PRESENTATION OF NMDA RECEPTORS%REACTOME DATABASE ID RELEASE 95%9609736	ASSEMBLY AND CELL SURFACE PRESENTATION OF NMDA RECEPTORS%REACTOME DATABASE ID RELEASE 95%9609736		25	0.5873365	1.5671488	0.015936255	1.0	1.0	4113	tags=44%, list=17%, signal=53%	
SENSORY PERCEPTION OF BITTER TASTE%GOBP%GO:0050913	SENSORY PERCEPTION OF BITTER TASTE%GOBP%GO:0050913		35	0.54618466	1.5625249	0.017082786	1.0	1.0	8377	tags=49%, list=34%, signal=74%	
AMELOGENESIS%GOBP%GO:0097186	AMELOGENESIS%GOBP%GO:0097186		15	0.6532535	1.558573	0.024320457	1.0	1.0	3091	tags=47%, list=13%, signal=53%	
CELLULAR RESPONSE TO CHEMOKINE%GOBP%GO:1990869	CELLULAR RESPONSE TO CHEMOKINE%GOBP%GO:1990869		69	0.48946163	1.5579772	0.0024630541	1.0	1.0	5877	tags=42%, list=24%, signal=55%	
ACYL CHAIN REMODELLING OF PC%REACTOME%R-HSA-1482788.5	ACYL CHAIN REMODELLING OF PC%REACTOME%R-HSA-1482788.5		27	0.5844965	1.5579422	0.015714286	1.0	1.0	2653	tags=26%, list=11%, signal=29%	
UNBLOCKING OF NMDA RECEPTORS, GLUTAMATE BINDING AND ACTIVATION%REACTOME%R-HSA-438066.5	UNBLOCKING OF NMDA RECEPTORS, GLUTAMATE BINDING AND ACTIVATION%REACTOME%R-HSA-438066.5		21	0.61641055	1.5569195	0.008426966	1.0	1.0	4113	tags=43%, list=17%, signal=51%	
REGULATION OF NUCLEOTIDE-EXCISION REPAIR%GOBP%GO:2000819	REGULATION OF NUCLEOTIDE-EXCISION REPAIR%GOBP%GO:2000819		29	0.563952	1.5540012	0.009762901	1.0	1.0	6855	tags=55%, list=28%, signal=77%	
INHIBITION OF GNAQ REGULATED SIGNALING IN UVEAL MELANOMA%WIKIPATHWAYS_20260211%WP5490%HOMO SAPIENS	INHIBITION OF GNAQ REGULATED SIGNALING IN UVEAL MELANOMA%WIKIPATHWAYS_20260211%WP5490%HOMO SAPIENS		26	0.57571846	1.5508422	0.00952381	1.0	1.0	8172	tags=62%, list=33%, signal=92%	
PEPTIDE METABOLIC PROCESS%GOBP%GO:0006518	PEPTIDE METABOLIC PROCESS%GOBP%GO:0006518		42	0.52215016	1.5450667	0.00887199	1.0	1.0	6745	tags=45%, list=28%, signal=62%	
CLATHRIN-DEPENDENT ENDOCYTOSIS%GOBP%GO:0072583	CLATHRIN-DEPENDENT ENDOCYTOSIS%GOBP%GO:0072583		32	0.5568571	1.5435199	0.016713092	1.0	1.0	4278	tags=38%, list=17%, signal=45%	
PHOSPHATIDYLCHOLINE METABOLIC PROCESS%GOBP%GO:0046470	PHOSPHATIDYLCHOLINE METABOLIC PROCESS%GOBP%GO:0046470		62	0.49212667	1.5430144	0.0036719707	1.0	1.0	3215	tags=23%, list=13%, signal=26%	
REGULATION OF CELLULAR EXTRAVASATION%GOBP%GO:0002691	REGULATION OF CELLULAR EXTRAVASATION%GOBP%GO:0002691		30	0.5607259	1.5416988	0.020718232	1.0	1.0	6037	tags=47%, list=25%, signal=62%	
NEURON RECOGNITION%GOBP%GO:0008038	NEURON RECOGNITION%GOBP%GO:0008038		37	0.5390841	1.5408562	0.015873017	1.0	1.0	6980	tags=59%, list=28%, signal=83%	
REGULATION OF RECEPTOR RECYCLING%GOBP%GO:0001919	REGULATION OF RECEPTOR RECYCLING%GOBP%GO:0001919		17	0.63314253	1.5400934	0.021489972	1.0	1.0	6139	tags=59%, list=25%, signal=78%	
REGULATION OF T CELL MIGRATION%GOBP%GO:2000404	REGULATION OF T CELL MIGRATION%GOBP%GO:2000404		40	0.53067666	1.5370117	0.014360313	1.0	1.0	6440	tags=48%, list=26%, signal=64%	
FATTY ACID TRANSPORT%GOBP%GO:0015908	FATTY ACID TRANSPORT%GOBP%GO:0015908		66	0.48234755	1.5269928	0.0060827252	1.0	1.0	4585	tags=32%, list=19%, signal=39%	
FATTY ACID OXIDATION%GOBP%GO:0019395	FATTY ACID OXIDATION%GOBP%GO:0019395		67	0.48661217	1.526552	0.008547009	1.0	1.0	8024	tags=61%, list=33%, signal=91%	
POSITIVE REGULATION OF CALCIUM ION TRANSPORT%GOBP%GO:0051928	POSITIVE REGULATION OF CALCIUM ION TRANSPORT%GOBP%GO:0051928		69	0.48388603	1.5249214	0.0036945813	1.0	1.0	5949	tags=38%, list=24%, signal=50%	
CATECHOL-CONTAINING COMPOUND METABOLIC PROCESS%GOBP%GO:0009712	CATECHOL-CONTAINING COMPOUND METABOLIC PROCESS%GOBP%GO:0009712		26	0.56310695	1.5223709	0.02173913	1.0	1.0	6728	tags=58%, list=27%, signal=79%	
TRICARBOXYLIC ACID CYCLE%GOBP%GO:0006099	TRICARBOXYLIC ACID CYCLE%GOBP%GO:0006099		29	0.5478608	1.5219693	0.023319615	1.0	1.0	6135	tags=45%, list=25%, signal=60%	
TETRAPYRROLE METABOLIC PROCESS%GOBP%GO:0033013	TETRAPYRROLE METABOLIC PROCESS%GOBP%GO:0033013		52	0.4973419	1.5211905	0.011464968	1.0	1.0	8874	tags=58%, list=36%, signal=90%	
MYELOID LEUKOCYTE ACTIVATION%GOBP%GO:0002274	MYELOID LEUKOCYTE ACTIVATION%GOBP%GO:0002274		104	0.4488326	1.5202465	0.0035128805	1.0	1.0	7150	tags=44%, list=29%, signal=62%	
SPHINGOSINE BIOSYNTHETIC PROCESS%GOBP%GO:0046512	SPHINGOSINE BIOSYNTHETIC PROCESS%GOBP%GO:0046512		15	0.6402052	1.5197444	0.02691218	1.0	1.0	5280	tags=60%, list=22%, signal=76%	
LYMPHOCYTE CHEMOTAXIS%GOBP%GO:0048247	LYMPHOCYTE CHEMOTAXIS%GOBP%GO:0048247		24	0.58038074	1.5186353	0.030261349	1.0	1.0	6440	tags=46%, list=26%, signal=62%	
CATECHOLAMINE METABOLIC PROCESS%GOBP%GO:0006584	CATECHOLAMINE METABOLIC PROCESS%GOBP%GO:0006584		26	0.56310695	1.5157835	0.03146375	1.0	1.0	6728	tags=58%, list=27%, signal=79%	
NEURON PROJECTION FASCICULATION%GOBP%GO:0106030	NEURON PROJECTION FASCICULATION%GOBP%GO:0106030		15	0.6406816	1.5131626	0.0371471	1.0	1.0	6980	tags=60%, list=28%, signal=84%	
MATERNAL TO ZYGOTIC TRANSITION (MZT)%REACTOME%R-HSA-9816359.2	MATERNAL TO ZYGOTIC TRANSITION (MZT)%REACTOME%R-HSA-9816359.2		86	0.45788968	1.5129474	0.0048019206	1.0	1.0	3409	tags=29%, list=14%, signal=34%	
AXONAL FASCICULATION%GOBP%GO:0007413	AXONAL FASCICULATION%GOBP%GO:0007413		15	0.6406816	1.5122883	0.03181818	1.0	1.0	6980	tags=60%, list=28%, signal=84%	
POSITIVE REGULATION OF MONONUCLEAR CELL MIGRATION%GOBP%GO:0071677	POSITIVE REGULATION OF MONONUCLEAR CELL MIGRATION%GOBP%GO:0071677		75	0.46791026	1.5111535	0.012135922	1.0	1.0	7433	tags=48%, list=30%, signal=69%	
REGULATION OF GRANULOCYTE CHEMOTAXIS%GOBP%GO:0071622	REGULATION OF GRANULOCYTE CHEMOTAXIS%GOBP%GO:0071622		43	0.50541717	1.5072954	0.019556714	1.0	1.0	8895	tags=67%, list=36%, signal=106%	
FORMATION OF FIBRIN CLOT (CLOTTING CASCADE)%REACTOME DATABASE ID RELEASE 95%140877	FORMATION OF FIBRIN CLOT (CLOTTING CASCADE)%REACTOME DATABASE ID RELEASE 95%140877		39	0.51477015	1.5072659	0.018766755	1.0	1.0	8585	tags=56%, list=35%, signal=87%	
SPHINGOID BIOSYNTHETIC PROCESS%GOBP%GO:0046520	SPHINGOID BIOSYNTHETIC PROCESS%GOBP%GO:0046520		15	0.6402052	1.5018997	0.029411765	1.0	1.0	5280	tags=60%, list=22%, signal=76%	
LEUKOCYTE ACTIVATION INVOLVED IN INFLAMMATORY RESPONSE%GOBP%GO:0002269	LEUKOCYTE ACTIVATION INVOLVED IN INFLAMMATORY RESPONSE%GOBP%GO:0002269		22	0.5807162	1.5012112	0.02616279	1.0	1.0	4522	tags=36%, list=18%, signal=45%	
GLUCURONIDATION%REACTOME%R-HSA-156588.6	GLUCURONIDATION%REACTOME%R-HSA-156588.6		25	0.5654323	1.4979919	0.019607844	1.0	1.0	5362	tags=36%, list=22%, signal=46%	
SPERM CAPACITATION%GOBP%GO:0048240	SPERM CAPACITATION%GOBP%GO:0048240		28	0.5504419	1.4970168	0.04043127	1.0	1.0	8335	tags=57%, list=34%, signal=87%	
TRANSPOSABLE ELEMENT SILENCING%GOBP%GO:0010526	TRANSPOSABLE ELEMENT SILENCING%GOBP%GO:0010526		40	0.50527513	1.4951174	0.024081115	1.0	1.0	3383	tags=28%, list=14%, signal=32%	
POSITIVE REGULATION OF CYTOSOLIC CALCIUM ION CONCENTRATION%GOBP%GO:0007204	POSITIVE REGULATION OF CYTOSOLIC CALCIUM ION CONCENTRATION%GOBP%GO:0007204		123	0.43811876	1.4947169	0.002283105	1.0	1.0	6806	tags=40%, list=28%, signal=55%	
NITRIC OXIDE MEDIATED SIGNAL TRANSDUCTION%GOBP%GO:0007263	NITRIC OXIDE MEDIATED SIGNAL TRANSDUCTION%GOBP%GO:0007263		17	0.6085649	1.493061	0.025641026	1.0	1.0	810	tags=24%, list=3%, signal=24%	
EMBRYONIC HEART TUBE MORPHOGENESIS%GOBP%GO:0003143	EMBRYONIC HEART TUBE MORPHOGENESIS%GOBP%GO:0003143		42	0.5051523	1.4924107	0.02173913	1.0	1.0	6199	tags=43%, list=25%, signal=57%	
CHEMOKINE RECEPTORS BIND CHEMOKINES%REACTOME%R-HSA-380108.6	CHEMOKINE RECEPTORS BIND CHEMOKINES%REACTOME%R-HSA-380108.6		56	0.48247036	1.4914631	0.0074626864	1.0	1.0	6647	tags=41%, list=27%, signal=56%	
ANTIGEN PROCESSING AND PRESENTATION OF PEPTIDE ANTIGEN VIA MHC CLASS I%GOBP%GO:0002474	ANTIGEN PROCESSING AND PRESENTATION OF PEPTIDE ANTIGEN VIA MHC CLASS I%GOBP%GO:0002474		33	0.53532153	1.4914107	0.021276595	1.0	1.0	5365	tags=33%, list=22%, signal=43%	
FATTY ACIDS%REACTOME%R-HSA-211935.5	FATTY ACIDS%REACTOME%R-HSA-211935.5		15	0.6257176	1.489586	0.03628447	1.0	1.0	4893	tags=53%, list=20%, signal=67%	
MYELOID LEUKOCYTE MIGRATION%GOBP%GO:0097529	MYELOID LEUKOCYTE MIGRATION%GOBP%GO:0097529		95	0.44853473	1.4890081	0.0035714286	1.0	1.0	6908	tags=46%, list=28%, signal=64%	
IONOTROPIC GLUTAMATE RECEPTOR PATHWAY%PANTHER PATHWAY%P00037	IONOTROPIC GLUTAMATE RECEPTOR PATHWAY%PANTHER PATHWAY%P00037		35	0.52416635	1.4877563	0.02849741	1.0	1.0	6888	tags=46%, list=28%, signal=64%	
LIPID METABOLISM IN SENESCENT CELLS%WIKIPATHWAYS_20260211%WP5149%HOMO SAPIENS	LIPID METABOLISM IN SENESCENT CELLS%WIKIPATHWAYS_20260211%WP5149%HOMO SAPIENS		18	0.59748435	1.4853685	0.030523255	1.0	1.0	3326	tags=28%, list=14%, signal=32%	
TNF RECEPTOR SUPERFAMILY (TNFSF) MEMBERS MEDIATING NON-CANONICAL NF-KB PATHWAY%REACTOME%R-HSA-5676594.3	TNF RECEPTOR SUPERFAMILY (TNFSF) MEMBERS MEDIATING NON-CANONICAL NF-KB PATHWAY%REACTOME%R-HSA-5676594.3		16	0.6174927	1.4843644	0.03146375	1.0	1.0	7081	tags=69%, list=29%, signal=97%	
HEART LOOPING%GOBP%GO:0001947	HEART LOOPING%GOBP%GO:0001947		38	0.508773	1.4837075	0.018324608	1.0	1.0	6199	tags=42%, list=25%, signal=56%	
GLYCEROPHOSPHOLIPID CATABOLIC PROCESS%GOBP%GO:0046475	GLYCEROPHOSPHOLIPID CATABOLIC PROCESS%GOBP%GO:0046475		31	0.5252437	1.4825814	0.01997147	1.0	1.0	6203	tags=39%, list=25%, signal=52%	
SWI SNF CHROMATIN REMODELERS%REACTOME%R-HSA-9932451.1	SWI SNF CHROMATIN REMODELERS%REACTOME%R-HSA-9932451.1		31	0.53180206	1.4807256	0.029372497	1.0	1.0	6907	tags=55%, list=28%, signal=76%	
MULTI-ORGANISM REPRODUCTIVE PROCESS%GOBP%GO:0044703	MULTI-ORGANISM REPRODUCTIVE PROCESS%GOBP%GO:0044703		83	0.45474067	1.4794804	0.004819277	1.0	1.0	5941	tags=39%, list=24%, signal=51%	
TCA CYCLE%BIOCYC%PWY66-398	TCA CYCLE%BIOCYC%PWY66-398		18	0.6033894	1.4790081	0.04034582	1.0	1.0	6031	tags=50%, list=25%, signal=66%	
ACTIVATION OF PROTEIN KINASE ACTIVITY%GOBP%GO:0032147	ACTIVATION OF PROTEIN KINASE ACTIVITY%GOBP%GO:0032147		46	0.49455887	1.4784467	0.01910828	1.0	1.0	4320	tags=33%, list=18%, signal=40%	
MICROGLIAL CELL ACTIVATION%GOBP%GO:0001774	MICROGLIAL CELL ACTIVATION%GOBP%GO:0001774		22	0.5807162	1.4782364	0.031724136	1.0	1.0	4522	tags=36%, list=18%, signal=45%	
CITRIC ACID CYCLE (TCA CYCLE)%REACTOME%R-HSA-71403.5	CITRIC ACID CYCLE (TCA CYCLE)%REACTOME%R-HSA-71403.5		32	0.5263969	1.4767376	0.020380436	1.0	1.0	6031	tags=38%, list=25%, signal=50%	
NOTCH-HLH TRANSCRIPTION PATHWAY%REACTOME%R-HSA-350054.5	NOTCH-HLH TRANSCRIPTION PATHWAY%REACTOME%R-HSA-350054.5		28	0.5429638	1.4747572	0.03178808	1.0	1.0	6539	tags=57%, list=27%, signal=78%	
ATP-DEPENDENT CHROMATIN REMODELERS%REACTOME%R-HSA-9932444.2	ATP-DEPENDENT CHROMATIN REMODELERS%REACTOME%R-HSA-9932444.2		31	0.53180206	1.470302	0.042349726	1.0	1.0	6907	tags=55%, list=28%, signal=76%	
KLEEFSTRA SYNDROME%WIKIPATHWAYS_20260211%WP5351%HOMO SAPIENS	KLEEFSTRA SYNDROME%WIKIPATHWAYS_20260211%WP5351%HOMO SAPIENS		23	0.5530107	1.4699636	0.0375	1.0	1.0	4726	tags=48%, list=19%, signal=59%	
POSITIVE REGULATION OF CATION TRANSMEMBRANE TRANSPORT%GOBP%GO:1904064	POSITIVE REGULATION OF CATION TRANSMEMBRANE TRANSPORT%GOBP%GO:1904064		93	0.44523442	1.4699194	0.014457831	1.0	1.0	6459	tags=39%, list=26%, signal=52%	
MEIOTIC NUCLEAR DIVISION%GOBP%GO:0140013	MEIOTIC NUCLEAR DIVISION%GOBP%GO:0140013		135	0.42680955	1.4677933	0.004494382	1.0	1.0	4978	tags=30%, list=20%, signal=38%	
SUBSTRATE-DEPENDENT CELL MIGRATION%GOBP%GO:0006929	SUBSTRATE-DEPENDENT CELL MIGRATION%GOBP%GO:0006929		16	0.60415936	1.4676951	0.045321636	1.0	1.0	9029	tags=69%, list=37%, signal=109%	
SYNAPTIC ADHESION-LIKE MOLECULES%REACTOME%R-HSA-8849932.6	SYNAPTIC ADHESION-LIKE MOLECULES%REACTOME%R-HSA-8849932.6		21	0.5767322	1.4670211	0.03064067	1.0	1.0	5084	tags=43%, list=21%, signal=54%	
METABOTROPIC GLUTAMATE RECEPTOR GROUP I PATHWAY%PANTHER PATHWAY%P00041	METABOTROPIC GLUTAMATE RECEPTOR GROUP I PATHWAY%PANTHER PATHWAY%P00041		23	0.5629164	1.4661471	0.036061026	1.0	1.0	5026	tags=48%, list=21%, signal=60%	
POSITIVE REGULATION OF MONOATOMIC ION TRANSPORT%GOBP%GO:0043270	POSITIVE REGULATION OF MONOATOMIC ION TRANSPORT%GOBP%GO:0043270		135	0.4275736	1.4644544	0.0044444446	1.0	1.0	6459	tags=36%, list=26%, signal=48%	
XENOBIOTIC METABOLIC PROCESS%GOBP%GO:0006805	XENOBIOTIC METABOLIC PROCESS%GOBP%GO:0006805		126	0.42463106	1.4621327	0.0045819017	1.0	1.0	7690	tags=48%, list=31%, signal=69%	
REGULATION OF CILIUM-DEPENDENT CELL MOTILITY%GOBP%GO:1902019	REGULATION OF CILIUM-DEPENDENT CELL MOTILITY%GOBP%GO:1902019		26	0.544692	1.4608687	0.039577838	1.0	1.0	5392	tags=38%, list=22%, signal=49%	
GRANULOCYTE MIGRATION%GOBP%GO:0097530	GRANULOCYTE MIGRATION%GOBP%GO:0097530		71	0.45946175	1.4599448	0.015931373	1.0	1.0	6908	tags=46%, list=28%, signal=65%	
MYELOID CELL ACTIVATION INVOLVED IN IMMUNE RESPONSE%GOBP%GO:0002275	MYELOID CELL ACTIVATION INVOLVED IN IMMUNE RESPONSE%GOBP%GO:0002275		44	0.49115986	1.4575052	0.0232859	1.0	1.0	7150	tags=48%, list=29%, signal=67%	
SYNTHESIS OF CERAMIDES AND 1 DEOXYCERAMIDES%WIKIPATHWAYS_20260211%WP5194%HOMO SAPIENS	SYNTHESIS OF CERAMIDES AND 1 DEOXYCERAMIDES%WIKIPATHWAYS_20260211%WP5194%HOMO SAPIENS		19	0.58424556	1.4568162	0.04347826	1.0	1.0	5920	tags=58%, list=24%, signal=76%	
REGULATION OF CILIUM MOVEMENT INVOLVED IN CELL MOTILITY%GOBP%GO:0060295	REGULATION OF CILIUM MOVEMENT INVOLVED IN CELL MOTILITY%GOBP%GO:0060295		26	0.544692	1.4512128	0.05285118	1.0	1.0	5392	tags=38%, list=22%, signal=49%	
TRIACYLGLYCERIDE SYNTHESIS%WIKIPATHWAYS_20260211%WP325%HOMO SAPIENS	TRIACYLGLYCERIDE SYNTHESIS%WIKIPATHWAYS_20260211%WP325%HOMO SAPIENS		20	0.57604575	1.4512058	0.056338027	1.0	1.0	6166	tags=50%, list=25%, signal=67%	
MEIOTIC CELL CYCLE PROCESS%GOBP%GO:1903046	MEIOTIC CELL CYCLE PROCESS%GOBP%GO:1903046		153	0.41459176	1.4503465	0.0043956046	1.0	1.0	5741	tags=32%, list=23%, signal=42%	
SIGNALLING TO ERKS%REACTOME DATABASE ID RELEASE 95%187687	SIGNALLING TO ERKS%REACTOME DATABASE ID RELEASE 95%187687		31	0.5223496	1.4494557	0.04103967	1.0	1.0	6517	tags=45%, list=27%, signal=61%	
REGULATION OF CALCIUM ION IMPORT%GOBP%GO:0090279	REGULATION OF CALCIUM ION IMPORT%GOBP%GO:0090279		29	0.5240814	1.4490461	0.04255319	1.0	1.0	3182	tags=24%, list=13%, signal=28%	
SELECTIVE EXPRESSION OF CHEMOKINE RECEPTORS DURING T CELL POLARIZATION%WIKIPATHWAYS_20260211%WP4494%HOMO SAPIENS	SELECTIVE EXPRESSION OF CHEMOKINE RECEPTORS DURING T CELL POLARIZATION%WIKIPATHWAYS_20260211%WP4494%HOMO SAPIENS		23	0.55933553	1.4489182	0.04481793	1.0	1.0	1520	tags=22%, list=6%, signal=23%	
SPHINGOID METABOLIC PROCESS%GOBP%GO:0046519	SPHINGOID METABOLIC PROCESS%GOBP%GO:0046519		22	0.5567188	1.4483743	0.042796005	1.0	1.0	5296	tags=45%, list=22%, signal=58%	
FORMATION OF NEURONAL PROGENITOR AND NEURONAL BAF (NPBAF AND NBAF)%REACTOME%R-HSA-9934037.1	FORMATION OF NEURONAL PROGENITOR AND NEURONAL BAF (NPBAF AND NBAF)%REACTOME%R-HSA-9934037.1		25	0.53177834	1.4472382	0.04229195	1.0	1.0	6907	tags=56%, list=28%, signal=78%	
PLASMALOGEN BIOSYNTHESIS%BIOCYC%PWY-7782	PLASMALOGEN BIOSYNTHESIS%BIOCYC%PWY-7782		15	0.61018574	1.4468098	0.04956268	1.0	1.0	1337	tags=20%, list=5%, signal=21%	
VITAMIN TRANSMEMBRANE TRANSPORT%GOBP%GO:0035461	VITAMIN TRANSMEMBRANE TRANSPORT%GOBP%GO:0035461		16	0.60284096	1.4456344	0.0604782	1.0	1.0	3854	tags=44%, list=16%, signal=52%	
SYNTHESIS OF GLYCOSYLPHOSPHATIDYLINOSITOL (GPI)%REACTOME%R-HSA-162710.6	SYNTHESIS OF GLYCOSYLPHOSPHATIDYLINOSITOL (GPI)%REACTOME%R-HSA-162710.6		17	0.5921128	1.4451368	0.05611511	1.0	1.0	5745	tags=59%, list=23%, signal=77%	
POSITIVE REGULATION OF DOUBLE-STRAND BREAK REPAIR%GOBP%GO:2000781	POSITIVE REGULATION OF DOUBLE-STRAND BREAK REPAIR%GOBP%GO:2000781		95	0.43539703	1.4448476	0.0072289156	1.0	1.0	4934	tags=32%, list=20%, signal=39%	
FATTY ACID CATABOLIC PROCESS%GOBP%GO:0009062	FATTY ACID CATABOLIC PROCESS%GOBP%GO:0009062		77	0.44531205	1.4442767	0.018159807	1.0	1.0	5180	tags=40%, list=21%, signal=51%	
REGULATION OF G0 TO G1 TRANSITION%GOBP%GO:0070316	REGULATION OF G0 TO G1 TRANSITION%GOBP%GO:0070316		34	0.5092681	1.4442513	0.048812665	1.0	1.0	7118	tags=50%, list=29%, signal=70%	
REGULATION OF AMYLOID FIBRIL FORMATION%GOBP%GO:1905906	REGULATION OF AMYLOID FIBRIL FORMATION%GOBP%GO:1905906		16	0.594818	1.4425979	0.05602241	1.0	1.0	6747	tags=50%, list=28%, signal=69%	
OXYSTEROLS DERIVED FROM CHOLESTEROL%WIKIPATHWAYS_20260211%WP4545%HOMO SAPIENS	OXYSTEROLS DERIVED FROM CHOLESTEROL%WIKIPATHWAYS_20260211%WP4545%HOMO SAPIENS		42	0.49079907	1.442054	0.042801555	1.0	1.0	5174	tags=33%, list=21%, signal=42%	
CELL RECOGNITION%GOBP%GO:0008037	CELL RECOGNITION%GOBP%GO:0008037		100	0.42643607	1.4410262	0.013157895	1.0	1.0	7175	tags=42%, list=29%, signal=59%	
ATP SYNTHESIS COUPLED ELECTRON TRANSPORT%GOBP%GO:0042773	ATP SYNTHESIS COUPLED ELECTRON TRANSPORT%GOBP%GO:0042773		64	0.45446134	1.4409916	0.027848102	1.0	1.0	5972	tags=28%, list=24%, signal=37%	
PPAR SIGNALING%WIKIPATHWAYS_20260211%WP3942%HOMO SAPIENS	PPAR SIGNALING%WIKIPATHWAYS_20260211%WP3942%HOMO SAPIENS		38	0.4933008	1.4406697	0.039215688	1.0	1.0	8556	tags=55%, list=35%, signal=85%	
REGULATION OF THE FORCE OF HEART CONTRACTION%GOBP%GO:0002026	REGULATION OF THE FORCE OF HEART CONTRACTION%GOBP%GO:0002026		18	0.57476914	1.4397445	0.04680851	1.0	1.0	5242	tags=39%, list=21%, signal=49%	
KETONE BIOSYNTHETIC PROCESS%GOBP%GO:0042181	KETONE BIOSYNTHETIC PROCESS%GOBP%GO:0042181		30	0.5318128	1.4391993	0.05124654	1.0	1.0	2548	tags=27%, list=10%, signal=30%	
DIACYLGLYCEROL METABOLIC PROCESS%GOBP%GO:0046339	DIACYLGLYCEROL METABOLIC PROCESS%GOBP%GO:0046339		23	0.5496203	1.4354049	0.048090525	1.0	1.0	3594	tags=39%, list=15%, signal=46%	
SPHINGOSINE METABOLIC PROCESS%GOBP%GO:0006670	SPHINGOSINE METABOLIC PROCESS%GOBP%GO:0006670		21	0.5665305	1.4350264	0.058495823	1.0	1.0	5296	tags=48%, list=22%, signal=61%	
SMALL LIGAND GPCRS%WIKIPATHWAYS_20260211%WP247%HOMO SAPIENS	SMALL LIGAND GPCRS%WIKIPATHWAYS_20260211%WP247%HOMO SAPIENS		18	0.5756726	1.4348626	0.055474453	1.0	1.0	4983	tags=39%, list=20%, signal=49%	
BASE CONVERSION OR SUBSTITUTION EDITING%GOBP%GO:0016553	BASE CONVERSION OR SUBSTITUTION EDITING%GOBP%GO:0016553		18	0.58240134	1.4348385	0.067047074	1.0	1.0	3788	tags=39%, list=15%, signal=46%	
GLUTAMATE METABOLIC PROCESS%GOBP%GO:0006536	GLUTAMATE METABOLIC PROCESS%GOBP%GO:0006536		18	0.5694274	1.4347556	0.06684857	1.0	1.0	3942	tags=44%, list=16%, signal=53%	
PROTEIN LOCALIZATION TO LYSOSOME%GOBP%GO:0061462	PROTEIN LOCALIZATION TO LYSOSOME%GOBP%GO:0061462		42	0.4834378	1.4336672	0.03398693	1.0	1.0	7711	tags=55%, list=31%, signal=80%	
REGULATION OF NEUTROPHIL MIGRATION%GOBP%GO:1902622	REGULATION OF NEUTROPHIL MIGRATION%GOBP%GO:1902622		35	0.50645876	1.4332366	0.035422344	1.0	1.0	7936	tags=60%, list=32%, signal=89%	
EMBRYO IMPLANTATION%GOBP%GO:0007566	EMBRYO IMPLANTATION%GOBP%GO:0007566		21	0.5616673	1.4330257	0.062767476	1.0	1.0	4585	tags=38%, list=19%, signal=47%	
NEUROINFLAMMATORY RESPONSE%GOBP%GO:0150076	NEUROINFLAMMATORY RESPONSE%GOBP%GO:0150076		29	0.5268242	1.4324424	0.047419805	1.0	1.0	4522	tags=34%, list=18%, signal=42%	
PID_RXR_VDR_PATHWAY%MSIGDB_C2%PID_RXR_VDR_PATHWAY	PID_RXR_VDR_PATHWAY%MSIGDB_C2%PID_RXR_VDR_PATHWAY		19	0.5792457	1.4319713	0.052186176	1.0	1.0	3215	tags=32%, list=13%, signal=36%	
CARDIAC SEPTUM DEVELOPMENT%GOBP%GO:0003279	CARDIAC SEPTUM DEVELOPMENT%GOBP%GO:0003279		63	0.45638263	1.431811	0.020100502	1.0	1.0	6294	tags=38%, list=26%, signal=51%	
POSITIVE REGULATION OF FIBROBLAST PROLIFERATION%GOBP%GO:0048146	POSITIVE REGULATION OF FIBROBLAST PROLIFERATION%GOBP%GO:0048146		28	0.52366215	1.4306917	0.04581152	1.0	1.0	7765	tags=50%, list=32%, signal=73%	
PID_SYNDECAN_2_PATHWAY%MSIGDB_C2%PID_SYNDECAN_2_PATHWAY	PID_SYNDECAN_2_PATHWAY%MSIGDB_C2%PID_SYNDECAN_2_PATHWAY		24	0.53641397	1.4301665	0.047008548	1.0	1.0	7384	tags=54%, list=30%, signal=77%	
VEGFR3 SIGNALING IN LYMPHATIC ENDOTHELIUM%PATHWAY INTERACTION DATABASE NCI-NATURE CURATED DATA%VEGFR3 SIGNALING IN LYMPHATIC ENDOTHELIUM	VEGFR3 SIGNALING IN LYMPHATIC ENDOTHELIUM%PATHWAY INTERACTION DATABASE NCI-NATURE CURATED DATA%VEGFR3 SIGNALING IN LYMPHATIC ENDOTHELIUM		25	0.54170185	1.4290873	0.05	1.0	1.0	6909	tags=40%, list=28%, signal=56%	
MITOCHONDRIAL ATP SYNTHESIS COUPLED ELECTRON TRANSPORT%GOBP%GO:0042775	MITOCHONDRIAL ATP SYNTHESIS COUPLED ELECTRON TRANSPORT%GOBP%GO:0042775		64	0.45446134	1.4287423	0.034696408	1.0	1.0	5972	tags=28%, list=24%, signal=37%	
POSITIVE REGULATION OF LEUKOCYTE CHEMOTAXIS%GOBP%GO:0002690	POSITIVE REGULATION OF LEUKOCYTE CHEMOTAXIS%GOBP%GO:0002690		79	0.4421348	1.4286088	0.021608643	1.0	1.0	7433	tags=46%, list=30%, signal=65%	
POLYOL BIOSYNTHETIC PROCESS%GOBP%GO:0046173	POLYOL BIOSYNTHETIC PROCESS%GOBP%GO:0046173		38	0.49773803	1.4277403	0.039215688	1.0	1.0	8551	tags=66%, list=35%, signal=101%	
REGULATION OF MAST CELL ACTIVATION%GOBP%GO:0033003	REGULATION OF MAST CELL ACTIVATION%GOBP%GO:0033003		15	0.5991784	1.4276307	0.06428572	1.0	1.0	3006	tags=33%, list=12%, signal=38%	
POSITIVE REGULATION OF MONOATOMIC ION TRANSMEMBRANE TRANSPORT%GOBP%GO:0034767	POSITIVE REGULATION OF MONOATOMIC ION TRANSMEMBRANE TRANSPORT%GOBP%GO:0034767		98	0.4328405	1.4276123	0.01843318	1.0	1.0	6459	tags=38%, list=26%, signal=51%	
IONOTROPIC GLUTAMATE RECEPTOR SIGNALING PATHWAY%GOBP%GO:0035235	IONOTROPIC GLUTAMATE RECEPTOR SIGNALING PATHWAY%GOBP%GO:0035235		20	0.5577213	1.4273338	0.055954088	1.0	1.0	4113	tags=50%, list=17%, signal=60%	
CARGO TRAFFICKING TO THE PERICILIARY MEMBRANE%REACTOME%R-HSA-5620920.6	CARGO TRAFFICKING TO THE PERICILIARY MEMBRANE%REACTOME%R-HSA-5620920.6		53	0.46755803	1.426321	0.031446543	1.0	1.0	3977	tags=34%, list=16%, signal=40%	
REGULATION OF AMYLOID-BETA CLEARANCE%GOBP%GO:1900221	REGULATION OF AMYLOID-BETA CLEARANCE%GOBP%GO:1900221		16	0.5953979	1.425715	0.0518732	1.0	1.0	2596	tags=25%, list=11%, signal=28%	
NEUTRAL LIPID BIOSYNTHETIC PROCESS%GOBP%GO:0046460	NEUTRAL LIPID BIOSYNTHETIC PROCESS%GOBP%GO:0046460		25	0.5278419	1.4249866	0.057991512	1.0	1.0	6166	tags=48%, list=25%, signal=64%	
EPHB FORWARD SIGNALING%PATHWAY INTERACTION DATABASE NCI-NATURE CURATED DATA%EPHB FORWARD SIGNALING	EPHB FORWARD SIGNALING%PATHWAY INTERACTION DATABASE NCI-NATURE CURATED DATA%EPHB FORWARD SIGNALING		39	0.49144566	1.4249369	0.036339164	1.0	1.0	7704	tags=46%, list=31%, signal=67%	
ODONTOGENESIS OF DENTIN-CONTAINING TOOTH%GOBP%GO:0042475	ODONTOGENESIS OF DENTIN-CONTAINING TOOTH%GOBP%GO:0042475		31	0.5114402	1.4248269	0.058404557	1.0	1.0	8301	tags=58%, list=34%, signal=88%	
VXPX CARGO-TARGETING TO CILIUM%REACTOME%R-HSA-5620916.4	VXPX CARGO-TARGETING TO CILIUM%REACTOME%R-HSA-5620916.4		21	0.55351985	1.4241976	0.05647383	1.0	1.0	3619	tags=33%, list=15%, signal=39%	
POSITIVE REGULATION OF CHEMOTAXIS%GOBP%GO:0050921	POSITIVE REGULATION OF CHEMOTAXIS%GOBP%GO:0050921		112	0.41592526	1.4231513	0.013888889	1.0	1.0	7755	tags=45%, list=32%, signal=65%	
MACROMOLECULE DEACYLATION%GOBP%GO:0098732	MACROMOLECULE DEACYLATION%GOBP%GO:0098732		19	0.5703538	1.4231508	0.05263158	1.0	1.0	3137	tags=37%, list=13%, signal=42%	
REGULATION OF LEUKOCYTE DEGRANULATION%GOBP%GO:0043300	REGULATION OF LEUKOCYTE DEGRANULATION%GOBP%GO:0043300		32	0.50503063	1.4227911	0.054812834	1.0	1.0	2417	tags=25%, list=10%, signal=28%	
PYRIMIDINE RIBONUCLEOTIDE METABOLIC PROCESS%GOBP%GO:0009218	PYRIMIDINE RIBONUCLEOTIDE METABOLIC PROCESS%GOBP%GO:0009218		21	0.55209357	1.4222351	0.06303725	1.0	1.0	7903	tags=62%, list=32%, signal=91%	
REGULATION OF INTERLEUKIN-8 PRODUCTION%GOBP%GO:0032677	REGULATION OF INTERLEUKIN-8 PRODUCTION%GOBP%GO:0032677		82	0.43623644	1.4220009	0.021276595	1.0	1.0	7755	tags=44%, list=32%, signal=64%	
PATHOGENESIS OF SARS COV 2 MEDIATED BY NSP9 NSP10 COMPLEX%WIKIPATHWAYS_20260211%WP4884%HOMO SAPIENS	PATHOGENESIS OF SARS COV 2 MEDIATED BY NSP9 NSP10 COMPLEX%WIKIPATHWAYS_20260211%WP4884%HOMO SAPIENS		17	0.58086306	1.4217834	0.072164945	1.0	1.0	5505	tags=47%, list=22%, signal=61%	
TRANSCRIPTION INITIATION-COUPLED CHROMATIN REMODELING%GOBP%GO:0045815	TRANSCRIPTION INITIATION-COUPLED CHROMATIN REMODELING%GOBP%GO:0045815		52	0.4657255	1.4214493	0.02988792	1.0	1.0	3788	tags=31%, list=15%, signal=36%	
FATTY ACID BETA-OXIDATION%GOBP%GO:0006635	FATTY ACID BETA-OXIDATION%GOBP%GO:0006635		51	0.469912	1.4205654	0.037131883	1.0	1.0	5060	tags=41%, list=21%, signal=52%	
LEFT/RIGHT PATTERN FORMATION%GOBP%GO:0060972	LEFT/RIGHT PATTERN FORMATION%GOBP%GO:0060972		80	0.43340197	1.4205016	0.024096385	1.0	1.0	6199	tags=34%, list=25%, signal=45%	
PEROXISOMAL PROTEIN IMPORT%REACTOME%R-HSA-9033241.5	PEROXISOMAL PROTEIN IMPORT%REACTOME%R-HSA-9033241.5		60	0.46060336	1.4199772	0.026548672	1.0	1.0	6483	tags=40%, list=26%, signal=54%	
GLIAL CELL ACTIVATION%GOBP%GO:0061900	GLIAL CELL ACTIVATION%GOBP%GO:0061900		25	0.5454845	1.4193726	0.059945505	1.0	1.0	4522	tags=36%, list=18%, signal=44%	
NEGATIVE REGULATION OF VIRAL PROCESS%GOBP%GO:0048525	NEGATIVE REGULATION OF VIRAL PROCESS%GOBP%GO:0048525		70	0.4451191	1.4184407	0.026506023	1.0	1.0	4541	tags=33%, list=19%, signal=40%	
SULFATION%GOBP%GO:0051923	SULFATION%GOBP%GO:0051923		17	0.5753829	1.4184073	0.055882353	1.0	1.0	7258	tags=65%, list=30%, signal=92%	
AXON GUIDANCE%GOBP%GO:0007411	AXON GUIDANCE%GOBP%GO:0007411		158	0.40692782	1.4171818	0.009879254	1.0	1.0	6399	tags=39%, list=26%, signal=53%	
PORPHYRIN-CONTAINING COMPOUND BIOSYNTHETIC PROCESS%GOBP%GO:0006779	PORPHYRIN-CONTAINING COMPOUND BIOSYNTHETIC PROCESS%GOBP%GO:0006779		26	0.52341545	1.416078	0.05890411	1.0	1.0	3197	tags=31%, list=13%, signal=35%	
DIOL METABOLIC PROCESS%GOBP%GO:0034311	DIOL METABOLIC PROCESS%GOBP%GO:0034311		29	0.51928264	1.4156176	0.05107527	1.0	1.0	5296	tags=41%, list=22%, signal=53%	
ATRIOVENTRICULAR VALVE MORPHOGENESIS%GOBP%GO:0003181	ATRIOVENTRICULAR VALVE MORPHOGENESIS%GOBP%GO:0003181		22	0.5460062	1.4145958	0.07552448	1.0	1.0	6199	tags=45%, list=25%, signal=61%	
METHADONE ACTION PATHWAY%PATHWHIZ%PW000414	METHADONE ACTION PATHWAY%PATHWHIZ%PW000414		36	0.48543498	1.4143221	0.055851065	1.0	1.0	6712	tags=50%, list=27%, signal=69%	
NEGATIVE REGULATION OF VIRAL GENOME REPLICATION%GOBP%GO:0045071	NEGATIVE REGULATION OF VIRAL GENOME REPLICATION%GOBP%GO:0045071		48	0.46925008	1.413768	0.04432855	1.0	1.0	4541	tags=33%, list=19%, signal=41%	
PPAR ALPHA PATHWAY%WIKIPATHWAYS_20260211%WP2878%HOMO SAPIENS	PPAR ALPHA PATHWAY%WIKIPATHWAYS_20260211%WP2878%HOMO SAPIENS		21	0.5471997	1.4130878	0.06139154	1.0	1.0	8428	tags=62%, list=34%, signal=94%	
REGULATION OF CILIUM MOVEMENT%GOBP%GO:0003352	REGULATION OF CILIUM MOVEMENT%GOBP%GO:0003352		35	0.50135523	1.4127818	0.051175658	1.0	1.0	5570	tags=37%, list=23%, signal=48%	
DETERMINATION OF HEART LEFT/RIGHT ASYMMETRY%GOBP%GO:0061371	DETERMINATION OF HEART LEFT/RIGHT ASYMMETRY%GOBP%GO:0061371		42	0.48383546	1.411833	0.0503876	1.0	1.0	6199	tags=40%, list=25%, signal=54%	
DENDRITIC CELL MIGRATION%GOBP%GO:0036336	DENDRITIC CELL MIGRATION%GOBP%GO:0036336		21	0.5521865	1.4114327	0.066759385	1.0	1.0	6478	tags=38%, list=26%, signal=52%	
NUCLEAR RECEPTORS%WIKIPATHWAYS_20260211%WP170%HOMO SAPIENS	NUCLEAR RECEPTORS%WIKIPATHWAYS_20260211%WP170%HOMO SAPIENS		26	0.5205948	1.4112695	0.067586206	1.0	1.0	3215	tags=27%, list=13%, signal=31%	
ACYL CHAIN REMODELLING OF PE%REACTOME%R-HSA-1482839.4	ACYL CHAIN REMODELLING OF PE%REACTOME%R-HSA-1482839.4		29	0.5242129	1.4100094	0.06048387	1.0	1.0	2750	tags=24%, list=11%, signal=27%	
RETT SYNDROME%WIKIPATHWAYS_20260211%WP4312%HOMO SAPIENS	RETT SYNDROME%WIKIPATHWAYS_20260211%WP4312%HOMO SAPIENS		43	0.47597316	1.4082986	0.042857144	1.0	1.0	6888	tags=44%, list=28%, signal=61%	
CALCIUM ION TRANSMEMBRANE IMPORT INTO CYTOSOL%GOBP%GO:0097553	CALCIUM ION TRANSMEMBRANE IMPORT INTO CYTOSOL%GOBP%GO:0097553		86	0.4318814	1.4067764	0.025301205	1.0	1.0	8331	tags=53%, list=34%, signal=81%	
TETRAPYRROLE BIOSYNTHETIC PROCESS%GOBP%GO:0033014	TETRAPYRROLE BIOSYNTHETIC PROCESS%GOBP%GO:0033014		26	0.52341545	1.4067683	0.05357143	1.0	1.0	3197	tags=31%, list=13%, signal=35%	
REGULATION OF VASCULAR ENDOTHELIAL GROWTH FACTOR RECEPTOR SIGNALING PATHWAY%GOBP%GO:0030947	REGULATION OF VASCULAR ENDOTHELIAL GROWTH FACTOR RECEPTOR SIGNALING PATHWAY%GOBP%GO:0030947		26	0.5278252	1.4062439	0.06901409	1.0	1.0	5480	tags=46%, list=22%, signal=59%	
REGULATION OF AUTOPHAGOSOME MATURATION%GOBP%GO:1901096	REGULATION OF AUTOPHAGOSOME MATURATION%GOBP%GO:1901096		17	0.57231253	1.4053899	0.07692308	1.0	1.0	3065	tags=41%, list=13%, signal=47%	
ACYLGLYCEROL BIOSYNTHETIC PROCESS%GOBP%GO:0046463	ACYLGLYCEROL BIOSYNTHETIC PROCESS%GOBP%GO:0046463		25	0.5278419	1.4038396	0.0728022	1.0	1.0	6166	tags=48%, list=25%, signal=64%	
CHOLESTEROL METABOLISM%WIKIPATHWAYS_20260211%WP5304%HOMO SAPIENS	CHOLESTEROL METABOLISM%WIKIPATHWAYS_20260211%WP5304%HOMO SAPIENS		62	0.4429963	1.4033707	0.032745592	1.0	1.0	8580	tags=55%, list=35%, signal=84%	
NEGATIVE REGULATION OF MICROTUBULE DEPOLYMERIZATION%GOBP%GO:0007026	NEGATIVE REGULATION OF MICROTUBULE DEPOLYMERIZATION%GOBP%GO:0007026		21	0.5445487	1.4031423	0.0724234	1.0	1.0	6157	tags=48%, list=25%, signal=64%	
LYMPH VESSEL DEVELOPMENT%GOBP%GO:0001945	LYMPH VESSEL DEVELOPMENT%GOBP%GO:0001945		18	0.5604437	1.4031076	0.07027818	1.0	1.0	4509	tags=33%, list=18%, signal=41%	
DETERMINATION OF LEFT/RIGHT SYMMETRY%GOBP%GO:0007368	DETERMINATION OF LEFT/RIGHT SYMMETRY%GOBP%GO:0007368		79	0.42801774	1.4027566	0.028202115	1.0	1.0	6199	tags=33%, list=25%, signal=44%	
XENOBIOTICS%REACTOME%R-HSA-211981.3	XENOBIOTICS%REACTOME%R-HSA-211981.3		24	0.5245432	1.4018029	0.06811989	1.0	1.0	8257	tags=58%, list=34%, signal=88%	
POSITIVE REGULATION OF GENE EXPRESSION, EPIGENETIC%GOBP%GO:0141137	POSITIVE REGULATION OF GENE EXPRESSION, EPIGENETIC%GOBP%GO:0141137		55	0.4490761	1.4014038	0.047738694	1.0	1.0	3788	tags=29%, list=15%, signal=34%	
FEMALE PREGNANCY%GOBP%GO:0007565	FEMALE PREGNANCY%GOBP%GO:0007565		72	0.43729025	1.4010652	0.035194173	1.0	1.0	5941	tags=38%, list=24%, signal=49%	
MEIOSIS I%GOBP%GO:0007127	MEIOSIS I%GOBP%GO:0007127		100	0.42146128	1.3996439	0.017667845	1.0	1.0	4978	tags=30%, list=20%, signal=37%	
PYRIMIDINE-CONTAINING COMPOUND METABOLIC PROCESS%GOBP%GO:0072527	PYRIMIDINE-CONTAINING COMPOUND METABOLIC PROCESS%GOBP%GO:0072527		59	0.45066968	1.3995924	0.03699137	1.0	1.0	6848	tags=44%, list=28%, signal=61%	
METABOTROPIC GLUTAMATE RECEPTOR GROUP III PATHWAY%PANTHER PATHWAY%P00039	METABOTROPIC GLUTAMATE RECEPTOR GROUP III PATHWAY%PANTHER PATHWAY%P00039		65	0.44671753	1.3994203	0.03345725	1.0	1.0	7297	tags=45%, list=30%, signal=63%	
INTERACTOME OF POLYCOMB REPRESSIVE COMPLEX 2 PRC2 %WIKIPATHWAYS_20260211%WP2916%HOMO SAPIENS	INTERACTOME OF POLYCOMB REPRESSIVE COMPLEX 2 PRC2 %WIKIPATHWAYS_20260211%WP2916%HOMO SAPIENS		15	0.5783355	1.3988949	0.08689459	1.0	1.0	3437	tags=40%, list=14%, signal=47%	
SECONDARY ALCOHOL METABOLIC PROCESS%GOBP%GO:1902652	SECONDARY ALCOHOL METABOLIC PROCESS%GOBP%GO:1902652		83	0.42597649	1.3984735	0.024125453	1.0	1.0	4846	tags=28%, list=20%, signal=34%	
MEIOTIC CELL CYCLE%GOBP%GO:0051321	MEIOTIC CELL CYCLE%GOBP%GO:0051321		192	0.3932907	1.3983637	0.005387931	1.0	1.0	5830	tags=32%, list=24%, signal=42%	
POSITIVE REGULATION OF TUMOR NECROSIS FACTOR SUPERFAMILY CYTOKINE PRODUCTION%GOBP%GO:1903557	POSITIVE REGULATION OF TUMOR NECROSIS FACTOR SUPERFAMILY CYTOKINE PRODUCTION%GOBP%GO:1903557		101	0.41887456	1.3976328	0.022248244	1.0	1.0	3687	tags=28%, list=15%, signal=33%	
REGULATION OF AMYLOID-BETA FORMATION%GOBP%GO:1902003	REGULATION OF AMYLOID-BETA FORMATION%GOBP%GO:1902003		35	0.4860818	1.3974246	0.05882353	1.0	1.0	3207	tags=23%, list=13%, signal=26%	
PROTEIN TARGETING TO LYSOSOME%GOBP%GO:0006622	PROTEIN TARGETING TO LYSOSOME%GOBP%GO:0006622		26	0.52511764	1.3973246	0.059972107	1.0	1.0	7363	tags=54%, list=30%, signal=77%	
POSITIVE REGULATION OF OSTEOCLAST DIFFERENTIATION%GOBP%GO:0045672	POSITIVE REGULATION OF OSTEOCLAST DIFFERENTIATION%GOBP%GO:0045672		23	0.5338564	1.3968594	0.06767956	1.0	1.0	4621	tags=26%, list=19%, signal=32%	
POSITIVE REGULATION OF CALCIUM ION TRANSMEMBRANE TRANSPORT%GOBP%GO:1904427	POSITIVE REGULATION OF CALCIUM ION TRANSMEMBRANE TRANSPORT%GOBP%GO:1904427		43	0.47011203	1.3968122	0.052348994	1.0	1.0	5620	tags=35%, list=23%, signal=45%	
POSITIVE REGULATION OF MYOBLAST DIFFERENTIATION%GOBP%GO:0045663	POSITIVE REGULATION OF MYOBLAST DIFFERENTIATION%GOBP%GO:0045663		40	0.47648144	1.3965365	0.06623377	1.0	1.0	3924	tags=38%, list=16%, signal=45%	
HOMOLOGOUS CHROMOSOME SEGREGATION%GOBP%GO:0045143	HOMOLOGOUS CHROMOSOME SEGREGATION%GOBP%GO:0045143		43	0.47569662	1.396184	0.04465494	1.0	1.0	4939	tags=33%, list=20%, signal=41%	
PID_EPHB_FWD_PATHWAY%MSIGDB_C2%PID_EPHB_FWD_PATHWAY	PID_EPHB_FWD_PATHWAY%MSIGDB_C2%PID_EPHB_FWD_PATHWAY		34	0.49119937	1.3947761	0.0473613	1.0	1.0	7704	tags=44%, list=31%, signal=64%	
REGULATION OF ADENYLATE CYCLASE ACTIVITY%GOBP%GO:0045761	REGULATION OF ADENYLATE CYCLASE ACTIVITY%GOBP%GO:0045761		28	0.50800043	1.3944064	0.053424656	1.0	1.0	1801	tags=25%, list=7%, signal=27%	
REGULATION OF ACTION POTENTIAL%GOBP%GO:0098900	REGULATION OF ACTION POTENTIAL%GOBP%GO:0098900		56	0.45236713	1.3937775	0.04225352	1.0	1.0	7780	tags=45%, list=32%, signal=65%	
NEURON CELL-CELL ADHESION%GOBP%GO:0007158	NEURON CELL-CELL ADHESION%GOBP%GO:0007158		18	0.5610707	1.3933539	0.07936508	1.0	1.0	6306	tags=33%, list=26%, signal=45%	
COMPLEMENT PATHWAY%PATHWHIZ%PW064819	COMPLEMENT PATHWAY%PATHWHIZ%PW064819		19	0.5611274	1.3926321	0.081575245	1.0	1.0	7946	tags=53%, list=32%, signal=78%	
MATURATION OF TCA ENZYMES AND REGULATION OF TCA CYCLE%REACTOME DATABASE ID RELEASE 95%9854311	MATURATION OF TCA ENZYMES AND REGULATION OF TCA CYCLE%REACTOME DATABASE ID RELEASE 95%9854311		18	0.5672803	1.392505	0.06865671	1.0	1.0	6031	tags=39%, list=25%, signal=52%	
HETEROTYPIC CELL-CELL ADHESION%GOBP%GO:0034113	HETEROTYPIC CELL-CELL ADHESION%GOBP%GO:0034113		32	0.50360835	1.3908049	0.061333332	1.0	1.0	7833	tags=56%, list=32%, signal=83%	
NEURON PROJECTION GUIDANCE%GOBP%GO:0097485	NEURON PROJECTION GUIDANCE%GOBP%GO:0097485		159	0.39842308	1.3906975	0.010215664	1.0	1.0	6399	tags=39%, list=26%, signal=52%	
NEGATIVE REGULATION OF POTASSIUM ION TRANSMEMBRANE TRANSPORT%GOBP%GO:1901380	NEGATIVE REGULATION OF POTASSIUM ION TRANSMEMBRANE TRANSPORT%GOBP%GO:1901380		15	0.56747645	1.3898277	0.084319524	1.0	1.0	6024	tags=47%, list=25%, signal=62%	
AXON GUIDANCE%WIKIPATHWAYS_20260211%WP5289%HOMO SAPIENS	AXON GUIDANCE%WIKIPATHWAYS_20260211%WP5289%HOMO SAPIENS		59	0.44886178	1.3889828	0.03233831	1.0	1.0	7543	tags=53%, list=31%, signal=76%	
POSITIVE REGULATION OF G PROTEIN-COUPLED RECEPTOR SIGNALING PATHWAY%GOBP%GO:0045745	POSITIVE REGULATION OF G PROTEIN-COUPLED RECEPTOR SIGNALING PATHWAY%GOBP%GO:0045745		31	0.49717087	1.387781	0.07219251	1.0	1.0	5986	tags=48%, list=24%, signal=64%	
POSITIVE REGULATION OF INTERLEUKIN-8 PRODUCTION%GOBP%GO:0032757	POSITIVE REGULATION OF INTERLEUKIN-8 PRODUCTION%GOBP%GO:0032757		63	0.44124675	1.3855859	0.045397226	1.0	1.0	7141	tags=43%, list=29%, signal=60%	
ANTIMICROBIAL HUMORAL IMMUNE RESPONSE MEDIATED BY ANTIMICROBIAL PEPTIDE%GOBP%GO:0061844	ANTIMICROBIAL HUMORAL IMMUNE RESPONSE MEDIATED BY ANTIMICROBIAL PEPTIDE%GOBP%GO:0061844		96	0.41399053	1.3845887	0.021871204	1.0	1.0	5343	tags=36%, list=22%, signal=46%	
MEIOTIC CHROMOSOME SEGREGATION%GOBP%GO:0045132	MEIOTIC CHROMOSOME SEGREGATION%GOBP%GO:0045132		56	0.45010334	1.3835127	0.047029704	1.0	1.0	4939	tags=30%, list=20%, signal=38%	
POSITIVE REGULATION OF CELL ADHESION MEDIATED BY INTEGRIN%GOBP%GO:0033630	POSITIVE REGULATION OF CELL ADHESION MEDIATED BY INTEGRIN%GOBP%GO:0033630		19	0.5509604	1.38351	0.06960227	1.0	1.0	8013	tags=58%, list=33%, signal=86%	
REGULATION OF LEUKOCYTE CHEMOTAXIS%GOBP%GO:0002688	REGULATION OF LEUKOCYTE CHEMOTAXIS%GOBP%GO:0002688		101	0.40917963	1.3828365	0.023640662	1.0	1.0	8410	tags=52%, list=34%, signal=80%	
MULTI-MULTICELLULAR ORGANISM PROCESS%GOBP%GO:0044706	MULTI-MULTICELLULAR ORGANISM PROCESS%GOBP%GO:0044706		86	0.42132232	1.3825353	0.034238487	1.0	1.0	5941	tags=38%, list=24%, signal=50%	
PREGNANE X RECEPTOR PATHWAY%WIKIPATHWAYS_20260211%WP2876%HOMO SAPIENS	PREGNANE X RECEPTOR PATHWAY%WIKIPATHWAYS_20260211%WP2876%HOMO SAPIENS		22	0.5337819	1.3820946	0.0911641	1.0	1.0	8404	tags=59%, list=34%, signal=90%	
LIDOCAINE (LOCAL ANAESTHETIC) ACTION PATHWAY%SMPDB%SMP0000398	LIDOCAINE (LOCAL ANAESTHETIC) ACTION PATHWAY%SMPDB%SMP0000398		32	0.48851165	1.3819079	0.060686015	1.0	1.0	6712	tags=50%, list=27%, signal=69%	
PORPHYRIN-CONTAINING COMPOUND METABOLIC PROCESS%GOBP%GO:0006778	PORPHYRIN-CONTAINING COMPOUND METABOLIC PROCESS%GOBP%GO:0006778		43	0.47342935	1.3818351	0.051612902	1.0	1.0	8874	tags=56%, list=36%, signal=87%	
TRYPTOPHAN METABOLISM%WIKIPATHWAYS_20260211%WP465%HOMO SAPIENS	TRYPTOPHAN METABOLISM%WIKIPATHWAYS_20260211%WP465%HOMO SAPIENS		30	0.49652746	1.3815144	0.070028014	1.0	1.0	4783	tags=37%, list=20%, signal=46%	
POSITIVE REGULATION OF DOUBLE-STRAND BREAK REPAIR VIA HOMOLOGOUS RECOMBINATION%GOBP%GO:1905168	POSITIVE REGULATION OF DOUBLE-STRAND BREAK REPAIR VIA HOMOLOGOUS RECOMBINATION%GOBP%GO:1905168		43	0.47446293	1.3813212	0.061935484	1.0	1.0	4053	tags=30%, list=17%, signal=36%	
POSITIVE REGULATION OF LEUKOCYTE MIGRATION%GOBP%GO:0002687	POSITIVE REGULATION OF LEUKOCYTE MIGRATION%GOBP%GO:0002687		116	0.40788716	1.3813112	0.029579068	1.0	1.0	7433	tags=44%, list=30%, signal=63%	
REGULATION OF PRESYNAPSE ORGANIZATION%GOBP%GO:0099174	REGULATION OF PRESYNAPSE ORGANIZATION%GOBP%GO:0099174		17	0.56087536	1.3800778	0.091822095	1.0	1.0	5305	tags=41%, list=22%, signal=53%	
POSITIVE REGULATION OF TUMOR NECROSIS FACTOR PRODUCTION%GOBP%GO:0032760	POSITIVE REGULATION OF TUMOR NECROSIS FACTOR PRODUCTION%GOBP%GO:0032760		97	0.4137683	1.3798537	0.03533569	1.0	1.0	3687	tags=27%, list=15%, signal=31%	
LIPID MODIFICATION%GOBP%GO:0030258	LIPID MODIFICATION%GOBP%GO:0030258		127	0.40275806	1.3791958	0.025727069	1.0	1.0	6662	tags=43%, list=27%, signal=58%	
SIGNALING LIPIDS%WIKIPATHWAYS_20260211%WP5584%HOMO SAPIENS	SIGNALING LIPIDS%WIKIPATHWAYS_20260211%WP5584%HOMO SAPIENS		23	0.52840817	1.3791606	0.08430233	1.0	1.0	5125	tags=35%, list=21%, signal=44%	
REGULATION OF AMYLOID PRECURSOR PROTEIN CATABOLIC PROCESS%GOBP%GO:1902991	REGULATION OF AMYLOID PRECURSOR PROTEIN CATABOLIC PROCESS%GOBP%GO:1902991		41	0.46883208	1.3785703	0.067639254	1.0	1.0	3207	tags=22%, list=13%, signal=25%	
7 OXO C AND 7 BETA HC PATHWAYS%WIKIPATHWAYS_20260211%WP5064%HOMO SAPIENS	7 OXO C AND 7 BETA HC PATHWAYS%WIKIPATHWAYS_20260211%WP5064%HOMO SAPIENS		23	0.52446944	1.3782699	0.08798882	1.0	1.0	8431	tags=57%, list=34%, signal=86%	
DENDRITIC CELL CHEMOTAXIS%GOBP%GO:0002407	DENDRITIC CELL CHEMOTAXIS%GOBP%GO:0002407		16	0.58222795	1.3782547	0.08005618	1.0	1.0	6478	tags=44%, list=26%, signal=59%	
NEGATIVE REGULATION OF ERBB SIGNALING PATHWAY%GOBP%GO:1901185	NEGATIVE REGULATION OF ERBB SIGNALING PATHWAY%GOBP%GO:1901185		33	0.4892575	1.3778436	0.06	1.0	1.0	3637	tags=24%, list=15%, signal=28%	
NEGATIVE REGULATION OF CATION TRANSMEMBRANE TRANSPORT%GOBP%GO:1904063	NEGATIVE REGULATION OF CATION TRANSMEMBRANE TRANSPORT%GOBP%GO:1904063		51	0.45189962	1.3774835	0.04930468	1.0	1.0	3029	tags=25%, list=12%, signal=29%	
EPIGENETIC PROGRAMMING OF GENE EXPRESSION%GOBP%GO:0043045	EPIGENETIC PROGRAMMING OF GENE EXPRESSION%GOBP%GO:0043045		21	0.53936976	1.377438	0.06906475	1.0	1.0	3017	tags=24%, list=12%, signal=27%	
CORONARY VASCULATURE DEVELOPMENT%GOBP%GO:0060976	CORONARY VASCULATURE DEVELOPMENT%GOBP%GO:0060976		18	0.56290865	1.3771688	0.08166189	1.0	1.0	6708	tags=44%, list=27%, signal=61%	
NEUTROPHIL MIGRATION%GOBP%GO:1990266	NEUTROPHIL MIGRATION%GOBP%GO:1990266		50	0.45184204	1.3769709	0.04909561	1.0	1.0	6908	tags=44%, list=28%, signal=61%	
ACYL CHAIN REMODELLING OF PI%REACTOME DATABASE ID RELEASE 95%1482922	ACYL CHAIN REMODELLING OF PI%REACTOME DATABASE ID RELEASE 95%1482922		17	0.5720382	1.3769462	0.08529412	1.0	1.0	5409	tags=35%, list=22%, signal=45%	
PHENOL-CONTAINING COMPOUND METABOLIC PROCESS%GOBP%GO:0018958	PHENOL-CONTAINING COMPOUND METABOLIC PROCESS%GOBP%GO:0018958		54	0.44631734	1.3767303	0.052564103	1.0	1.0	6728	tags=46%, list=27%, signal=64%	
PID_LYMPH_ANGIOGENESIS_PATHWAY%MSIGDB_C2%PID_LYMPH_ANGIOGENESIS_PATHWAY	PID_LYMPH_ANGIOGENESIS_PATHWAY%MSIGDB_C2%PID_LYMPH_ANGIOGENESIS_PATHWAY		22	0.5352654	1.3766984	0.074074075	1.0	1.0	6909	tags=41%, list=28%, signal=57%	
REGULATION OF BETA-CELL DEVELOPMENT%REACTOME DATABASE ID RELEASE 95%186712	REGULATION OF BETA-CELL DEVELOPMENT%REACTOME DATABASE ID RELEASE 95%186712		39	0.47633347	1.3761543	0.05006766	1.0	1.0	6467	tags=38%, list=26%, signal=52%	
IMIPRAMINE ACTION PATHWAY%SMPDB%SMP0000422	IMIPRAMINE ACTION PATHWAY%SMPDB%SMP0000422		34	0.48504055	1.3759313	0.062909566	1.0	1.0	6712	tags=50%, list=27%, signal=69%	
DISORDERS OF BILE ACID SYNTHESIS AND BILIARY TRANSPORT%WIKIPATHWAYS_20260211%WP5176%HOMO SAPIENS	DISORDERS OF BILE ACID SYNTHESIS AND BILIARY TRANSPORT%WIKIPATHWAYS_20260211%WP5176%HOMO SAPIENS		24	0.5204713	1.3757936	0.085553996	1.0	1.0	7540	tags=54%, list=31%, signal=78%	
ALCOHOL BIOSYNTHETIC PROCESS%GOBP%GO:0046165	ALCOHOL BIOSYNTHETIC PROCESS%GOBP%GO:0046165		76	0.42576328	1.3755933	0.040050063	1.0	1.0	8633	tags=51%, list=35%, signal=79%	
REGULATION OF RENAL SYSTEM PROCESS%GOBP%GO:0098801	REGULATION OF RENAL SYSTEM PROCESS%GOBP%GO:0098801		16	0.5633329	1.3753198	0.088445075	1.0	1.0	6806	tags=56%, list=28%, signal=78%	
MEIOSIS I CELL CYCLE PROCESS%GOBP%GO:0061982	MEIOSIS I CELL CYCLE PROCESS%GOBP%GO:0061982		105	0.40862393	1.3752856	0.035755478	1.0	1.0	4978	tags=29%, list=20%, signal=36%	
NEGATIVE REGULATION OF ORGANELLE ASSEMBLY%GOBP%GO:1902116	NEGATIVE REGULATION OF ORGANELLE ASSEMBLY%GOBP%GO:1902116		48	0.45945302	1.3737994	0.059585493	1.0	1.0	4999	tags=29%, list=20%, signal=37%	
DOPAMINERGIC NEURON DIFFERENTIATION%GOBP%GO:0071542	DOPAMINERGIC NEURON DIFFERENTIATION%GOBP%GO:0071542		26	0.5144961	1.3728647	0.06868132	1.0	1.0	6387	tags=54%, list=26%, signal=73%	
POSITIVE REGULATION OF BLOOD COAGULATION%GOBP%GO:0030194	POSITIVE REGULATION OF BLOOD COAGULATION%GOBP%GO:0030194		20	0.5461728	1.3722098	0.06930693	1.0	1.0	8408	tags=55%, list=34%, signal=84%	
CITALOPRAM ACTION PATHWAY%PATHWHIZ%PW000426	CITALOPRAM ACTION PATHWAY%PATHWHIZ%PW000426		36	0.47961745	1.371492	0.068511195	1.0	1.0	6712	tags=50%, list=27%, signal=69%	
REGULATION OF INTRACELLULAR ESTROGEN RECEPTOR SIGNALING PATHWAY%GOBP%GO:0033146	REGULATION OF INTRACELLULAR ESTROGEN RECEPTOR SIGNALING PATHWAY%GOBP%GO:0033146		28	0.49901935	1.3714366	0.06882591	1.0	1.0	4051	tags=32%, list=17%, signal=38%	
REGULATION OF CYTOPLASMIC AND NUCLEAR SMAD2 3 SIGNALING%PATHWAY INTERACTION DATABASE NCI-NATURE CURATED DATA%REGULATION OF CYTOPLASMIC AND NUCLEAR SMAD2 3 SIGNALING	REGULATION OF CYTOPLASMIC AND NUCLEAR SMAD2 3 SIGNALING%PATHWAY INTERACTION DATABASE NCI-NATURE CURATED DATA%REGULATION OF CYTOPLASMIC AND NUCLEAR SMAD2 3 SIGNALING		18	0.5548007	1.3710972	0.08895265	1.0	1.0	7677	tags=61%, list=31%, signal=89%	
POSITIVE REGULATION OF T CELL RECEPTOR SIGNALING PATHWAY%GOBP%GO:0050862	POSITIVE REGULATION OF T CELL RECEPTOR SIGNALING PATHWAY%GOBP%GO:0050862		16	0.57994324	1.3697692	0.0877193	1.0	1.0	3597	tags=38%, list=15%, signal=44%	
PHOSPHOLIPASES%BIOCYC%LIPASYN-PWY	PHOSPHOLIPASES%BIOCYC%LIPASYN-PWY		42	0.46619377	1.3693025	0.07542263	1.0	1.0	2380	tags=19%, list=10%, signal=21%	
RAS ACTIVATION UPON CA2+ INFLUX THROUGH NMDA RECEPTOR%REACTOME%R-HSA-442982.5	RAS ACTIVATION UPON CA2+ INFLUX THROUGH NMDA RECEPTOR%REACTOME%R-HSA-442982.5		19	0.54284555	1.3691831	0.085872576	1.0	1.0	6168	tags=42%, list=25%, signal=56%	
POSITIVE REGULATION OF DNA DAMAGE RESPONSE, SIGNAL TRANSDUCTION BY P53 CLASS MEDIATOR%GOBP%GO:0043517	POSITIVE REGULATION OF DNA DAMAGE RESPONSE, SIGNAL TRANSDUCTION BY P53 CLASS MEDIATOR%GOBP%GO:0043517		16	0.5687261	1.3691037	0.0923994	1.0	1.0	8251	tags=63%, list=34%, signal=94%	
FATTY ACID AND LIPOPROTEIN TRANSPORT IN HEPATOCYTES%WIKIPATHWAYS_20260211%WP5323%HOMO SAPIENS	FATTY ACID AND LIPOPROTEIN TRANSPORT IN HEPATOCYTES%WIKIPATHWAYS_20260211%WP5323%HOMO SAPIENS		30	0.49761045	1.3690737	0.056100983	1.0	1.0	8580	tags=60%, list=35%, signal=92%	
DETECTION OF MECHANICAL STIMULUS INVOLVED IN SENSORY PERCEPTION%GOBP%GO:0050974	DETECTION OF MECHANICAL STIMULUS INVOLVED IN SENSORY PERCEPTION%GOBP%GO:0050974		19	0.55119205	1.3683739	0.085553996	1.0	1.0	3396	tags=32%, list=14%, signal=37%	
ARYL HYDROCARBON RECEPTOR PATHWAY%WIKIPATHWAYS_20260211%WP2586%HOMO SAPIENS	ARYL HYDROCARBON RECEPTOR PATHWAY%WIKIPATHWAYS_20260211%WP2586%HOMO SAPIENS		39	0.48092335	1.3680328	0.05858855	1.0	1.0	3985	tags=28%, list=16%, signal=34%	
EPOXYGENASE P450 PATHWAY%GOBP%GO:0019373	EPOXYGENASE P450 PATHWAY%GOBP%GO:0019373		18	0.5530865	1.3679445	0.084285714	1.0	1.0	8404	tags=72%, list=34%, signal=110%	
NEGATIVE REGULATION OF EPIDERMAL GROWTH FACTOR RECEPTOR SIGNALING PATHWAY%GOBP%GO:0042059	NEGATIVE REGULATION OF EPIDERMAL GROWTH FACTOR RECEPTOR SIGNALING PATHWAY%GOBP%GO:0042059		29	0.494759	1.3674349	0.08847185	1.0	1.0	3637	tags=24%, list=15%, signal=28%	
CELLULAR EXTRAVASATION%GOBP%GO:0045123	CELLULAR EXTRAVASATION%GOBP%GO:0045123		34	0.48527664	1.367153	0.079738565	1.0	1.0	6037	tags=47%, list=25%, signal=62%	
CARBOXYLIC ACID CATABOLIC PROCESS%GOBP%GO:0046395	CARBOXYLIC ACID CATABOLIC PROCESS%GOBP%GO:0046395		187	0.38263392	1.3670881	0.015021459	1.0	1.0	5746	tags=35%, list=23%, signal=46%	
ATRIOVENTRICULAR VALVE DEVELOPMENT%GOBP%GO:0003171	ATRIOVENTRICULAR VALVE DEVELOPMENT%GOBP%GO:0003171		25	0.51526254	1.3667729	0.07734807	1.0	1.0	6199	tags=40%, list=25%, signal=54%	
POSITIVE REGULATION OF HEMOSTASIS%GOBP%GO:1900048	POSITIVE REGULATION OF HEMOSTASIS%GOBP%GO:1900048		20	0.5461728	1.3664874	0.099590726	1.0	1.0	8408	tags=55%, list=34%, signal=84%	
HIV-1 NEF: NEGATIVE EFFECTOR OF FAS AND TNF-ALPHA%PATHWAY INTERACTION DATABASE NCI-NATURE CURATED DATA%HIV-1 NEF: NEGATIVE EFFECTOR OF FAS AND TNF-ALPHA	HIV-1 NEF: NEGATIVE EFFECTOR OF FAS AND TNF-ALPHA%PATHWAY INTERACTION DATABASE NCI-NATURE CURATED DATA%HIV-1 NEF: NEGATIVE EFFECTOR OF FAS AND TNF-ALPHA		33	0.48520958	1.3660591	0.07084469	1.0	1.0	4990	tags=33%, list=20%, signal=42%	
POSITIVE REGULATION OF LYMPHOCYTE CHEMOTAXIS%GOBP%GO:0140131	POSITIVE REGULATION OF LYMPHOCYTE CHEMOTAXIS%GOBP%GO:0140131		17	0.5653943	1.3659514	0.09117647	1.0	1.0	5827	tags=59%, list=24%, signal=77%	
PRIMARY ALCOHOL METABOLIC PROCESS%GOBP%GO:0034308	PRIMARY ALCOHOL METABOLIC PROCESS%GOBP%GO:0034308		64	0.433078	1.3652413	0.047146402	1.0	1.0	6637	tags=39%, list=27%, signal=53%	
CELLULAR RESPONSE TO MECHANICAL STIMULUS%GOBP%GO:0071260	CELLULAR RESPONSE TO MECHANICAL STIMULUS%GOBP%GO:0071260		54	0.44153637	1.3649917	0.058748405	1.0	1.0	7017	tags=41%, list=29%, signal=57%	
REGULATION OF MITOTIC METAPHASE/ANAPHASE TRANSITION%GOBP%GO:0030071	REGULATION OF MITOTIC METAPHASE/ANAPHASE TRANSITION%GOBP%GO:0030071		97	0.40494332	1.3649094	0.034802783	1.0	1.0	3965	tags=28%, list=16%, signal=33%	
MONOCARBOXYLIC ACID TRANSPORT%GOBP%GO:0015718	MONOCARBOXYLIC ACID TRANSPORT%GOBP%GO:0015718		124	0.39885852	1.3646917	0.021664767	1.0	1.0	5629	tags=32%, list=23%, signal=42%	
GNAQ P R183Q DRIVES CAPILLARY MALFORMATION%WIKIPATHWAYS_20260211%WP5501%HOMO SAPIENS	GNAQ P R183Q DRIVES CAPILLARY MALFORMATION%WIKIPATHWAYS_20260211%WP5501%HOMO SAPIENS		21	0.5392176	1.364038	0.08379121	1.0	1.0	8594	tags=62%, list=35%, signal=95%	
TRIGLYCERIDE BIOSYNTHETIC PROCESS%GOBP%GO:0019432	TRIGLYCERIDE BIOSYNTHETIC PROCESS%GOBP%GO:0019432		19	0.54459953	1.363401	0.091038406	1.0	1.0	6914	tags=58%, list=28%, signal=81%	
PHOSPHATIDYLINOSITOL PHOSPHATE METABOLISM%SMPDB%SMP0000463	PHOSPHATIDYLINOSITOL PHOSPHATE METABOLISM%SMPDB%SMP0000463		22	0.5199579	1.3633035	0.08089261	1.0	1.0	2739	tags=23%, list=11%, signal=26%	
DOPAMINE METABOLIC PROCESS%GOBP%GO:0042417	DOPAMINE METABOLIC PROCESS%GOBP%GO:0042417		21	0.5342667	1.3630518	0.088275865	1.0	1.0	6637	tags=52%, list=27%, signal=72%	
LEUKOCYTE CHEMOTAXIS%GOBP%GO:0030595	LEUKOCYTE CHEMOTAXIS%GOBP%GO:0030595		115	0.39953765	1.3630059	0.032992035	1.0	1.0	6908	tags=40%, list=28%, signal=55%	
HIPPO SIGNALING%GOBP%GO:0035329	HIPPO SIGNALING%GOBP%GO:0035329		22	0.5218852	1.362622	0.101123594	1.0	1.0	9899	tags=68%, list=40%, signal=114%	
PLASMA LIPOPROTEIN PARTICLE CLEARANCE%GOBP%GO:0034381	PLASMA LIPOPROTEIN PARTICLE CLEARANCE%GOBP%GO:0034381		26	0.5104909	1.3621399	0.079514824	1.0	1.0	8709	tags=69%, list=36%, signal=107%	
CREB1 PHOSPHORYLATION THROUGH NMDA RECEPTOR-MEDIATED ACTIVATION OF RAS SIGNALING%REACTOME%R-HSA-442742.5	CREB1 PHOSPHORYLATION THROUGH NMDA RECEPTOR-MEDIATED ACTIVATION OF RAS SIGNALING%REACTOME%R-HSA-442742.5		26	0.50423867	1.3618952	0.06406685	1.0	1.0	6517	tags=42%, list=27%, signal=58%	
GABA RECEPTOR SIGNALING%WIKIPATHWAYS_20260211%WP4159%HOMO SAPIENS	GABA RECEPTOR SIGNALING%WIKIPATHWAYS_20260211%WP4159%HOMO SAPIENS		28	0.50437653	1.3615537	0.087016575	1.0	1.0	4110	tags=29%, list=17%, signal=34%	
PHASE I - FUNCTIONALIZATION OF COMPOUNDS%REACTOME%R-HSA-211945.8	PHASE I - FUNCTIONALIZATION OF COMPOUNDS%REACTOME%R-HSA-211945.8		104	0.39871794	1.3610184	0.04186603	1.0	1.0	8404	tags=49%, list=34%, signal=74%	
NEGATIVE REGULATION OF NUCLEAR DIVISION%GOBP%GO:0051784	NEGATIVE REGULATION OF NUCLEAR DIVISION%GOBP%GO:0051784		41	0.46281075	1.3609601	0.0821382	1.0	1.0	3732	tags=29%, list=15%, signal=34%	
ATTACHMENT OF MITOTIC SPINDLE MICROTUBULES TO KINETOCHORE%GOBP%GO:0051315	ATTACHMENT OF MITOTIC SPINDLE MICROTUBULES TO KINETOCHORE%GOBP%GO:0051315		17	0.556694	1.3600068	0.08835904	1.0	1.0	3813	tags=29%, list=16%, signal=35%	
REGULATION OF ANDROGEN RECEPTOR SIGNALING PATHWAY%GOBP%GO:0060765	REGULATION OF ANDROGEN RECEPTOR SIGNALING PATHWAY%GOBP%GO:0060765		31	0.4985706	1.3586984	0.06929348	1.0	1.0	6326	tags=48%, list=26%, signal=65%	
LONG-CHAIN FATTY ACID TRANSPORT%GOBP%GO:0015909	LONG-CHAIN FATTY ACID TRANSPORT%GOBP%GO:0015909		35	0.4808819	1.3585455	0.08053691	1.0	1.0	4369	tags=37%, list=18%, signal=45%	
RECYCLING PATHWAY OF L1%REACTOME%R-HSA-437239.3	RECYCLING PATHWAY OF L1%REACTOME%R-HSA-437239.3		27	0.49923232	1.3580351	0.093055554	1.0	1.0	3171	tags=26%, list=13%, signal=30%	
AEROBIC ELECTRON TRANSPORT CHAIN%GOBP%GO:0019646	AEROBIC ELECTRON TRANSPORT CHAIN%GOBP%GO:0019646		64	0.43511415	1.3579365	0.050868485	1.0	1.0	5972	tags=27%, list=24%, signal=35%	
REGULATION OF MONONUCLEAR CELL MIGRATION%GOBP%GO:0071675	REGULATION OF MONONUCLEAR CELL MIGRATION%GOBP%GO:0071675		112	0.39930573	1.3575324	0.045610033	1.0	1.0	8548	tags=51%, list=35%, signal=78%	
CELLULAR RESPONSE TO EXTERNAL STIMULUS%GOBP%GO:0071496	CELLULAR RESPONSE TO EXTERNAL STIMULUS%GOBP%GO:0071496		54	0.44153637	1.3572505	0.082810536	1.0	1.0	7017	tags=41%, list=29%, signal=57%	
TRYPTOPHAN METABOLISM%SMPDB%SMP0000063	TRYPTOPHAN METABOLISM%SMPDB%SMP0000063		18	0.5460594	1.3570163	0.10744986	1.0	1.0	5195	tags=44%, list=21%, signal=56%	
REGULATION OF MYELOID LEUKOCYTE MEDIATED IMMUNITY%GOBP%GO:0002886	REGULATION OF MYELOID LEUKOCYTE MEDIATED IMMUNITY%GOBP%GO:0002886		36	0.47342604	1.356273	0.0883905	1.0	1.0	8582	tags=58%, list=35%, signal=90%	
EMBRYONIC HEART TUBE DEVELOPMENT%GOBP%GO:0035050	EMBRYONIC HEART TUBE DEVELOPMENT%GOBP%GO:0035050		47	0.4545071	1.3561728	0.07026349	1.0	1.0	6199	tags=40%, list=25%, signal=54%	
GRANULOCYTE CHEMOTAXIS%GOBP%GO:0071621	GRANULOCYTE CHEMOTAXIS%GOBP%GO:0071621		63	0.43164554	1.355771	0.05970149	1.0	1.0	6908	tags=46%, list=28%, signal=64%	
NOTCH4 INTRACELLULAR DOMAIN REGULATES TRANSCRIPTION%REACTOME%R-HSA-9013695.2	NOTCH4 INTRACELLULAR DOMAIN REGULATES TRANSCRIPTION%REACTOME%R-HSA-9013695.2		20	0.53362644	1.3557098	0.10465116	1.0	1.0	6909	tags=55%, list=28%, signal=77%	
CODEINE ACTION PATHWAY%PATHWHIZ%PW000411	CODEINE ACTION PATHWAY%PATHWHIZ%PW000411		33	0.47758037	1.354961	0.072289154	1.0	1.0	6712	tags=48%, list=27%, signal=67%	
NEGATIVE REGULATION OF PROTEIN LOCALIZATION TO PLASMA MEMBRANE%GOBP%GO:1903077	NEGATIVE REGULATION OF PROTEIN LOCALIZATION TO PLASMA MEMBRANE%GOBP%GO:1903077		29	0.49328774	1.3547088	0.083215795	1.0	1.0	5413	tags=38%, list=22%, signal=49%	
NEGATIVE REGULATION OF NMDA RECEPTOR-MEDIATED NEURONAL TRANSMISSION%REACTOME%R-HSA-9617324.2	NEGATIVE REGULATION OF NMDA RECEPTOR-MEDIATED NEURONAL TRANSMISSION%REACTOME%R-HSA-9617324.2		21	0.52960634	1.3538746	0.101248264	1.0	1.0	4113	tags=38%, list=17%, signal=46%	
NUCLEAR PORE ORGANIZATION%GOBP%GO:0006999	NUCLEAR PORE ORGANIZATION%GOBP%GO:0006999		15	0.57485783	1.3531235	0.11594203	1.0	1.0	8424	tags=60%, list=34%, signal=91%	
ORGANIC ACID CATABOLIC PROCESS%GOBP%GO:0016054	ORGANIC ACID CATABOLIC PROCESS%GOBP%GO:0016054		187	0.38263392	1.3530055	0.016286645	1.0	1.0	5746	tags=35%, list=23%, signal=46%	
CHOLESTEROL METABOLIC PROCESS%GOBP%GO:0008203	CHOLESTEROL METABOLIC PROCESS%GOBP%GO:0008203		75	0.4184667	1.3528361	0.05582524	1.0	1.0	4846	tags=28%, list=20%, signal=35%	
NEGATIVE REGULATION OF POTASSIUM ION TRANSPORT%GOBP%GO:0043267	NEGATIVE REGULATION OF POTASSIUM ION TRANSPORT%GOBP%GO:0043267		19	0.5319816	1.3527578	0.11977716	1.0	1.0	1880	tags=26%, list=8%, signal=28%	
GLYCOLIPID BIOSYNTHETIC PROCESS%GOBP%GO:0009247	GLYCOLIPID BIOSYNTHETIC PROCESS%GOBP%GO:0009247		76	0.42182773	1.3521597	0.052941177	1.0	1.0	5922	tags=39%, list=24%, signal=52%	
GLYCEROLIPID CATABOLIC PROCESS%GOBP%GO:0046503	GLYCEROLIPID CATABOLIC PROCESS%GOBP%GO:0046503		63	0.42017165	1.3510082	0.03379224	1.0	1.0	6203	tags=33%, list=25%, signal=45%	
LIGAND-GATED ION CHANNEL SIGNALING PATHWAY%GOBP%GO:1990806	LIGAND-GATED ION CHANNEL SIGNALING PATHWAY%GOBP%GO:1990806		25	0.5046516	1.3509018	0.097693354	1.0	1.0	4113	tags=40%, list=17%, signal=48%	
UNTITLED%PANTHER PATHWAY%P00019	UNTITLED%PANTHER PATHWAY%P00019		59	0.4326816	1.3507905	0.065110564	1.0	1.0	8594	tags=56%, list=35%, signal=86%	
REGULATION OF CHEMOTAXIS%GOBP%GO:0050920	REGULATION OF CHEMOTAXIS%GOBP%GO:0050920		159	0.38164043	1.3501978	0.023230089	1.0	1.0	7755	tags=43%, list=32%, signal=63%	
ASPIRIN ADME%REACTOME DATABASE ID RELEASE 95%9749641	ASPIRIN ADME%REACTOME DATABASE ID RELEASE 95%9749641		41	0.465967	1.3501548	0.087741934	1.0	1.0	8035	tags=46%, list=33%, signal=69%	
NEGATIVE REGULATION OF AMYLOID-BETA FORMATION%GOBP%GO:1902430	NEGATIVE REGULATION OF AMYLOID-BETA FORMATION%GOBP%GO:1902430		17	0.5486228	1.350007	0.09544787	1.0	1.0	2382	tags=24%, list=10%, signal=26%	
SMOOTH MUSCLE CONTRACTION%REACTOME%R-HSA-445355.8	SMOOTH MUSCLE CONTRACTION%REACTOME%R-HSA-445355.8		41	0.45885402	1.3487517	0.06357616	1.0	1.0	5659	tags=39%, list=23%, signal=51%	
RESPIRATORY ELECTRON TRANSPORT CHAIN%GOBP%GO:0022904	RESPIRATORY ELECTRON TRANSPORT CHAIN%GOBP%GO:0022904		70	0.41996336	1.3481346	0.054413542	1.0	1.0	5972	tags=27%, list=24%, signal=36%	
REGULATION OF INTERLEUKIN-12 PRODUCTION%GOBP%GO:0032655	REGULATION OF INTERLEUKIN-12 PRODUCTION%GOBP%GO:0032655		49	0.447496	1.3477113	0.07470511	1.0	1.0	8830	tags=55%, list=36%, signal=86%	
CELLULAR DEFENSE RESPONSE%GOBP%GO:0006968	CELLULAR DEFENSE RESPONSE%GOBP%GO:0006968		48	0.4512993	1.3475138	0.07188703	1.0	1.0	7153	tags=50%, list=29%, signal=70%	
REGULATION OF FIBROBLAST PROLIFERATION%GOBP%GO:0048145	REGULATION OF FIBROBLAST PROLIFERATION%GOBP%GO:0048145		46	0.45024583	1.3475118	0.06779661	1.0	1.0	6526	tags=46%, list=27%, signal=62%	
JOUBERT SYNDROME%SMPDB%SMP0000582	JOUBERT SYNDROME%SMPDB%SMP0000582		22	0.5199579	1.3473265	0.091292135	1.0	1.0	2739	tags=23%, list=11%, signal=26%	
NITRIC OXIDE METABOLIC PROCESS%GOBP%GO:0046209	NITRIC OXIDE METABOLIC PROCESS%GOBP%GO:0046209		23	0.5185324	1.3467107	0.08005618	1.0	1.0	6424	tags=39%, list=26%, signal=53%	
NICOTINE ACTION PATHWAY%SMPDB%SMP0000431	NICOTINE ACTION PATHWAY%SMPDB%SMP0000431		37	0.47019497	1.345915	0.08322147	1.0	1.0	6712	tags=46%, list=27%, signal=63%	
POSITIVE REGULATION OF COAGULATION%GOBP%GO:0050820	POSITIVE REGULATION OF COAGULATION%GOBP%GO:0050820		22	0.5219486	1.3454964	0.0911641	1.0	1.0	9219	tags=59%, list=38%, signal=95%	
BIOCARTA_COMP_PATHWAY%MSIGDB_C2%BIOCARTA_COMP_PATHWAY	BIOCARTA_COMP_PATHWAY%MSIGDB_C2%BIOCARTA_COMP_PATHWAY		15	0.5619998	1.345462	0.108597286	1.0	1.0	7946	tags=53%, list=32%, signal=79%	
HEME METABOLIC PROCESS%GOBP%GO:0042168	HEME METABOLIC PROCESS%GOBP%GO:0042168		41	0.46165267	1.3449254	0.072178476	1.0	1.0	8709	tags=54%, list=36%, signal=83%	
VITAMIN B5 (PANTOTHENATE) METABOLISM%REACTOME DATABASE ID RELEASE 95%199220	VITAMIN B5 (PANTOTHENATE) METABOLISM%REACTOME DATABASE ID RELEASE 95%199220		20	0.52810776	1.3446038	0.095375724	1.0	1.0	6234	tags=50%, list=25%, signal=67%	
RESPONSE TO PROSTAGLANDIN%GOBP%GO:0034694	RESPONSE TO PROSTAGLANDIN%GOBP%GO:0034694		20	0.53333235	1.3441616	0.09618105	1.0	1.0	5918	tags=45%, list=24%, signal=59%	
REGULATION OF PRESYNAPSE ASSEMBLY%GOBP%GO:1905606	REGULATION OF PRESYNAPSE ASSEMBLY%GOBP%GO:1905606		17	0.56087536	1.343889	0.09090909	1.0	1.0	5305	tags=41%, list=22%, signal=53%	
PHOSPHOLIPID CATABOLIC PROCESS%GOBP%GO:0009395	PHOSPHOLIPID CATABOLIC PROCESS%GOBP%GO:0009395		40	0.4569923	1.3438439	0.09329829	1.0	1.0	6499	tags=35%, list=27%, signal=48%	
REGULATION OF LEUKOCYTE MIGRATION%GOBP%GO:0002685	REGULATION OF LEUKOCYTE MIGRATION%GOBP%GO:0002685		171	0.38482374	1.3432537	0.02232143	1.0	1.0	8083	tags=47%, list=33%, signal=69%	
INTESTINAL ABSORPTION%GOBP%GO:0050892	INTESTINAL ABSORPTION%GOBP%GO:0050892		23	0.51028293	1.343247	0.11444921	1.0	1.0	7957	tags=65%, list=32%, signal=97%	
ESTABLISHMENT OR MAINTENANCE OF EPITHELIAL CELL APICAL/BASAL POLARITY%GOBP%GO:0045197	ESTABLISHMENT OR MAINTENANCE OF EPITHELIAL CELL APICAL/BASAL POLARITY%GOBP%GO:0045197		32	0.4806063	1.3430561	0.092493296	1.0	1.0	10393	tags=78%, list=42%, signal=136%	
REGULATION OF INTRACELLULAR STEROID HORMONE RECEPTOR SIGNALING PATHWAY%GOBP%GO:0033143	REGULATION OF INTRACELLULAR STEROID HORMONE RECEPTOR SIGNALING PATHWAY%GOBP%GO:0033143		65	0.4332424	1.3428025	0.07040573	1.0	1.0	6326	tags=38%, list=26%, signal=52%	
DENDRITIC CELL DIFFERENTIATION%GOBP%GO:0097028	DENDRITIC CELL DIFFERENTIATION%GOBP%GO:0097028		26	0.5041989	1.3414	0.09651475	1.0	1.0	8410	tags=54%, list=34%, signal=82%	
TCR SIGNALING IN NAIVE CD4+ T CELLS%PATHWAY INTERACTION DATABASE NCI-NATURE CURATED DATA%TCR SIGNALING IN NAIVE CD4+ T CELLS	TCR SIGNALING IN NAIVE CD4+ T CELLS%PATHWAY INTERACTION DATABASE NCI-NATURE CURATED DATA%TCR SIGNALING IN NAIVE CD4+ T CELLS		66	0.4285269	1.3413146	0.061818182	1.0	1.0	5555	tags=38%, list=23%, signal=49%	
REGULATION OF MICROTUBULE-BASED MOVEMENT%GOBP%GO:0060632	REGULATION OF MICROTUBULE-BASED MOVEMENT%GOBP%GO:0060632		52	0.43847266	1.3403187	0.07360406	1.0	1.0	5570	tags=31%, list=23%, signal=40%	
POSITIVE REGULATION OF TRANSCRIPTION BY RNA POLYMERASE I%GOBP%GO:0045943	POSITIVE REGULATION OF TRANSCRIPTION BY RNA POLYMERASE I%GOBP%GO:0045943		34	0.47885138	1.3394457	0.08590604	1.0	1.0	2634	tags=24%, list=11%, signal=26%	
BIOCARTA_DC_PATHWAY%MSIGDB_C2%BIOCARTA_DC_PATHWAY	BIOCARTA_DC_PATHWAY%MSIGDB_C2%BIOCARTA_DC_PATHWAY		16	0.5515262	1.3375422	0.11526946	1.0	1.0	6644	tags=44%, list=27%, signal=60%	
CELLULAR RESPONSE TO INTERLEUKIN-4%GOBP%GO:0071353	CELLULAR RESPONSE TO INTERLEUKIN-4%GOBP%GO:0071353		20	0.51816815	1.3367649	0.10970464	1.0	1.0	4991	tags=45%, list=20%, signal=56%	
REGULATION OF MONOCYTE CHEMOTAXIS%GOBP%GO:0090025	REGULATION OF MONOCYTE CHEMOTAXIS%GOBP%GO:0090025		25	0.50170904	1.3366662	0.10742705	1.0	1.0	8410	tags=72%, list=34%, signal=110%	
NEPHROGENESIS%WIKIPATHWAYS_20260211%WP5052%HOMO SAPIENS	NEPHROGENESIS%WIKIPATHWAYS_20260211%WP5052%HOMO SAPIENS		17	0.5435687	1.3364053	0.104321904	1.0	1.0	6642	tags=41%, list=27%, signal=56%	
CELL-SUBSTRATE ADHESION%GOBP%GO:0031589	CELL-SUBSTRATE ADHESION%GOBP%GO:0031589		153	0.3783913	1.335044	0.022950819	1.0	1.0	6939	tags=35%, list=28%, signal=49%	
MECP2 REGULATES NEURONAL RECEPTORS AND CHANNELS%REACTOME DATABASE ID RELEASE 95%9022699	MECP2 REGULATES NEURONAL RECEPTORS AND CHANNELS%REACTOME DATABASE ID RELEASE 95%9022699		15	0.5557045	1.3348507	0.11032532	1.0	1.0	6694	tags=60%, list=27%, signal=83%	
TRANSCYTOSIS%GOBP%GO:0045056	TRANSCYTOSIS%GOBP%GO:0045056		19	0.53329086	1.3341537	0.09593023	1.0	1.0	3092	tags=32%, list=13%, signal=36%	
RETINOL BIOSYNTHESIS%BIOCYC%PWY-6857	RETINOL BIOSYNTHESIS%BIOCYC%PWY-6857		19	0.5349439	1.3339487	0.114825584	1.0	1.0	6328	tags=32%, list=26%, signal=43%	
POSITIVE REGULATION OF SMOOTH MUSCLE CELL MIGRATION%GOBP%GO:0014911	POSITIVE REGULATION OF SMOOTH MUSCLE CELL MIGRATION%GOBP%GO:0014911		17	0.5520614	1.3338665	0.100995734	1.0	1.0	6754	tags=53%, list=28%, signal=73%	
BIOCARTA_TH1TH2_PATHWAY%MSIGDB_C2%BIOCARTA_TH1TH2_PATHWAY	BIOCARTA_TH1TH2_PATHWAY%MSIGDB_C2%BIOCARTA_TH1TH2_PATHWAY		16	0.546385	1.3334006	0.10369318	1.0	1.0	7580	tags=63%, list=31%, signal=90%	
TUMOR SUPPRESSOR ACTIVITY OF SMARCB1%WIKIPATHWAYS_20260211%WP4204%HOMO SAPIENS	TUMOR SUPPRESSOR ACTIVITY OF SMARCB1%WIKIPATHWAYS_20260211%WP4204%HOMO SAPIENS		26	0.4956139	1.3329136	0.09610028	1.0	1.0	7765	tags=62%, list=32%, signal=90%	
POSITIVE REGULATION OF AXON EXTENSION%GOBP%GO:0045773	POSITIVE REGULATION OF AXON EXTENSION%GOBP%GO:0045773		20	0.5237223	1.3322527	0.10957004	1.0	1.0	6980	tags=45%, list=28%, signal=63%	
ELECTRON TRANSPORT CHAIN%GOBP%GO:0022900	ELECTRON TRANSPORT CHAIN%GOBP%GO:0022900		78	0.41108254	1.3318806	0.057971016	1.0	1.0	5972	tags=27%, list=24%, signal=35%	
CELLULAR RESPONSE TO ZINC ION%GOBP%GO:0071294	CELLULAR RESPONSE TO ZINC ION%GOBP%GO:0071294		18	0.5388282	1.3315676	0.09248555	1.0	1.0	8493	tags=67%, list=35%, signal=102%	
N-ACETYLGLUCOSAMINE METABOLIC PROCESS%GOBP%GO:0006044	N-ACETYLGLUCOSAMINE METABOLIC PROCESS%GOBP%GO:0006044		15	0.56231993	1.3315115	0.13293944	1.0	1.0	977	tags=20%, list=4%, signal=21%	
RECEPTOR-MEDIATED ENDOCYTOSIS%GOBP%GO:0006898	RECEPTOR-MEDIATED ENDOCYTOSIS%GOBP%GO:0006898		150	0.3819571	1.3304474	0.026431719	1.0	1.0	5903	tags=31%, list=24%, signal=41%	
OXIDATION BY CYTOCHROME P450%WIKIPATHWAYS_20260211%WP43%HOMO SAPIENS	OXIDATION BY CYTOCHROME P450%WIKIPATHWAYS_20260211%WP43%HOMO SAPIENS		54	0.4346671	1.3303521	0.089032255	1.0	1.0	8404	tags=57%, list=34%, signal=87%	
SIGNALING BY TGFBR3%REACTOME DATABASE ID RELEASE 95%9839373	SIGNALING BY TGFBR3%REACTOME DATABASE ID RELEASE 95%9839373		46	0.43490627	1.3299471	0.08239701	1.0	1.0	3116	tags=26%, list=13%, signal=30%	
MITOCHONDRIAL ELECTRON TRANSPORT, NADH TO UBIQUINONE%GOBP%GO:0006120	MITOCHONDRIAL ELECTRON TRANSPORT, NADH TO UBIQUINONE%GOBP%GO:0006120		34	0.47350267	1.3295481	0.09461235	1.0	1.0	3352	tags=18%, list=14%, signal=20%	
STEROL METABOLIC PROCESS%GOBP%GO:0016125	STEROL METABOLIC PROCESS%GOBP%GO:0016125		92	0.39958274	1.3291498	0.056670602	1.0	1.0	5553	tags=29%, list=23%, signal=38%	
NEGATIVE REGULATION OF MONOATOMIC ION TRANSMEMBRANE TRANSPORT%GOBP%GO:0034766	NEGATIVE REGULATION OF MONOATOMIC ION TRANSMEMBRANE TRANSPORT%GOBP%GO:0034766		53	0.4352774	1.3286296	0.073548384	1.0	1.0	3029	tags=25%, list=12%, signal=28%	
GLYCOSPHINGOLIPID BIOSYNTHETIC PROCESS%GOBP%GO:0006688	GLYCOSPHINGOLIPID BIOSYNTHETIC PROCESS%GOBP%GO:0006688		43	0.4533717	1.3276318	0.09114249	1.0	1.0	5922	tags=35%, list=24%, signal=46%	
G13 SIGNALING%WIKIPATHWAYS_20260211%WP524%HOMO SAPIENS	G13 SIGNALING%WIKIPATHWAYS_20260211%WP524%HOMO SAPIENS		30	0.48135275	1.3269914	0.0952381	1.0	1.0	10412	tags=67%, list=43%, signal=116%	
SYNTHESIS OF BILE ACIDS AND BILE SALTS VIA 7ALPHA-HYDROXYCHOLESTEROL%REACTOME%R-HSA-193368.4	SYNTHESIS OF BILE ACIDS AND BILE SALTS VIA 7ALPHA-HYDROXYCHOLESTEROL%REACTOME%R-HSA-193368.4		22	0.5182571	1.3267258	0.1276901	1.0	1.0	9689	tags=73%, list=40%, signal=120%	
NEGATIVE REGULATION OF FATTY ACID BIOSYNTHETIC PROCESS%GOBP%GO:0045717	NEGATIVE REGULATION OF FATTY ACID BIOSYNTHETIC PROCESS%GOBP%GO:0045717		18	0.53083	1.3260168	0.12184874	1.0	1.0	5254	tags=39%, list=21%, signal=49%	
REGULATION OF DNA DAMAGE CHECKPOINT%GOBP%GO:2000001	REGULATION OF DNA DAMAGE CHECKPOINT%GOBP%GO:2000001		22	0.50820893	1.3253282	0.11126374	1.0	1.0	6450	tags=41%, list=26%, signal=55%	
INTRINSIC PATHWAY OF FIBRIN CLOT FORMATION%REACTOME DATABASE ID RELEASE 95%140837	INTRINSIC PATHWAY OF FIBRIN CLOT FORMATION%REACTOME DATABASE ID RELEASE 95%140837		23	0.50321424	1.3252877	0.11631206	1.0	1.0	9159	tags=52%, list=37%, signal=83%	
ESCITALOPRAM ACTION PATHWAY%PATHWHIZ%PW000427	ESCITALOPRAM ACTION PATHWAY%PATHWHIZ%PW000427		30	0.47303122	1.3242252	0.108254395	1.0	1.0	6712	tags=47%, list=27%, signal=64%	
PROTEIN LOCALIZATION TO CHROMOSOME, CENTROMERIC REGION%GOBP%GO:0071459	PROTEIN LOCALIZATION TO CHROMOSOME, CENTROMERIC REGION%GOBP%GO:0071459		21	0.5114464	1.3241863	0.118309855	1.0	1.0	3997	tags=24%, list=16%, signal=28%	
CLASS I PEROXISOMAL MEMBRANE PROTEIN IMPORT%REACTOME%R-HSA-9603798.3	CLASS I PEROXISOMAL MEMBRANE PROTEIN IMPORT%REACTOME%R-HSA-9603798.3		19	0.53022635	1.3237216	0.11747851	1.0	1.0	4382	tags=42%, list=18%, signal=51%	
REGULATION OF PROTEIN LOCALIZATION TO CELL PERIPHERY%GOBP%GO:1904375	REGULATION OF PROTEIN LOCALIZATION TO CELL PERIPHERY%GOBP%GO:1904375		122	0.38806123	1.3233719	0.04431818	1.0	1.0	8970	tags=45%, list=37%, signal=71%	
COCAINE ACTION PATHWAY%SMPDB%SMP0000395	COCAINE ACTION PATHWAY%SMPDB%SMP0000395		30	0.47303122	1.3233554	0.09833795	1.0	1.0	6712	tags=47%, list=27%, signal=64%	
LOCOMOTORY BEHAVIOR%GOBP%GO:0007626	LOCOMOTORY BEHAVIOR%GOBP%GO:0007626		42	0.45028317	1.3228974	0.09350649	1.0	1.0	6712	tags=48%, list=27%, signal=65%	
REGULATION OF NEUTROPHIL CHEMOTAXIS%GOBP%GO:0090022	REGULATION OF NEUTROPHIL CHEMOTAXIS%GOBP%GO:0090022		27	0.48525134	1.321885	0.10928962	1.0	1.0	7936	tags=59%, list=32%, signal=88%	
HALLMARK_COMPLEMENT%MSIGDBHALLMARK%HALLMARK_COMPLEMENT	HALLMARK_COMPLEMENT%MSIGDBHALLMARK%HALLMARK_COMPLEMENT		142	0.37764433	1.3216791	0.033975083	1.0	1.0	8580	tags=48%, list=35%, signal=73%	
GLYOXYLATE METABOLISM AND GLYCINE DEGRADATION%REACTOME%R-HSA-389661.10	GLYOXYLATE METABOLISM AND GLYCINE DEGRADATION%REACTOME%R-HSA-389661.10		19	0.5223162	1.3208244	0.125	1.0	1.0	6483	tags=42%, list=26%, signal=57%	
SPHINGOLIPID PATHWAY%WIKIPATHWAYS_20260211%WP1422%HOMO SAPIENS	SPHINGOLIPID PATHWAY%WIKIPATHWAYS_20260211%WP1422%HOMO SAPIENS		24	0.49882394	1.3207202	0.10363392	1.0	1.0	5296	tags=42%, list=22%, signal=53%	
RESPONSE TO INTERLEUKIN-4%GOBP%GO:0070670	RESPONSE TO INTERLEUKIN-4%GOBP%GO:0070670		21	0.51764303	1.319983	0.129683	1.0	1.0	4991	tags=43%, list=20%, signal=54%	
REACTIVE NITROGEN SPECIES METABOLIC PROCESS%GOBP%GO:2001057	REACTIVE NITROGEN SPECIES METABOLIC PROCESS%GOBP%GO:2001057		24	0.49405932	1.3196447	0.1127923	1.0	1.0	6424	tags=38%, list=26%, signal=51%	
POSITIVE REGULATION OF LYMPHOCYTE MIGRATION%GOBP%GO:2000403	POSITIVE REGULATION OF LYMPHOCYTE MIGRATION%GOBP%GO:2000403		35	0.46243802	1.3195448	0.10217984	1.0	1.0	6440	tags=51%, list=26%, signal=70%	
ESTROGEN METABOLISM%WIKIPATHWAYS_20260211%WP5276%HOMO SAPIENS	ESTROGEN METABOLISM%WIKIPATHWAYS_20260211%WP5276%HOMO SAPIENS		18	0.51260954	1.3190717	0.12780899	1.0	1.0	7690	tags=56%, list=31%, signal=81%	
RXR AND RAR HETERODIMERIZATION WITH OTHER NUCLEAR RECEPTOR%PATHWAY INTERACTION DATABASE NCI-NATURE CURATED DATA%RXR AND RAR HETERODIMERIZATION WITH OTHER NUCLEAR RECEPTOR	RXR AND RAR HETERODIMERIZATION WITH OTHER NUCLEAR RECEPTOR%PATHWAY INTERACTION DATABASE NCI-NATURE CURATED DATA%RXR AND RAR HETERODIMERIZATION WITH OTHER NUCLEAR RECEPTOR		26	0.49140215	1.3188205	0.1097561	1.0	1.0	4585	tags=31%, list=19%, signal=38%	
NALBUPHINE ACTION PATHWAY%SMPDB%SMP0000691	NALBUPHINE ACTION PATHWAY%SMPDB%SMP0000691		31	0.47912708	1.3187976	0.095108695	1.0	1.0	6712	tags=48%, list=27%, signal=67%	
NEGATIVE REGULATION OF PROTEIN LOCALIZATION TO MEMBRANE%GOBP%GO:1905476	NEGATIVE REGULATION OF PROTEIN LOCALIZATION TO MEMBRANE%GOBP%GO:1905476		31	0.47781965	1.3182849	0.1263298	1.0	1.0	5413	tags=35%, list=22%, signal=45%	
REGULATION OF MECP2 EXPRESSION AND ACTIVITY%REACTOME DATABASE ID RELEASE 95%9022692	REGULATION OF MECP2 EXPRESSION AND ACTIVITY%REACTOME DATABASE ID RELEASE 95%9022692		29	0.48368755	1.3181709	0.100550964	1.0	1.0	6539	tags=48%, list=27%, signal=66%	
EICOSANOID LIGAND-BINDING RECEPTORS%REACTOME%R-HSA-391903.3	EICOSANOID LIGAND-BINDING RECEPTORS%REACTOME%R-HSA-391903.3		15	0.56261426	1.3179966	0.12998523	1.0	1.0	5049	tags=47%, list=21%, signal=59%	
DIPHENOXYLATE ACTION PATHWAY%SMPDB%SMP0000675	DIPHENOXYLATE ACTION PATHWAY%SMPDB%SMP0000675		30	0.47303122	1.3175435	0.093055554	1.0	1.0	6712	tags=47%, list=27%, signal=64%	
DIBUCAINE ACTION PATHWAY%SMPDB%SMP0000396	DIBUCAINE ACTION PATHWAY%SMPDB%SMP0000396		30	0.47303122	1.3166442	0.09562842	1.0	1.0	6712	tags=47%, list=27%, signal=64%	
PROTEIN DEACYLATION%GOBP%GO:0035601	PROTEIN DEACYLATION%GOBP%GO:0035601		18	0.52665466	1.31658	0.12481203	1.0	1.0	3137	tags=33%, list=13%, signal=38%	
BUPIVACAINE ACTION PATHWAY%SMPDB%SMP0000393	BUPIVACAINE ACTION PATHWAY%SMPDB%SMP0000393		30	0.47303122	1.3164028	0.1061828	1.0	1.0	6712	tags=47%, list=27%, signal=64%	
METHADYL ACETATE ACTION PATHWAY%PATHWHIZ%PW000655	METHADYL ACETATE ACTION PATHWAY%PATHWHIZ%PW000655		30	0.47303122	1.3163307	0.11659808	1.0	1.0	6712	tags=47%, list=27%, signal=64%	
DOXORUBICIN METABOLISM PATHWAY%SMPDB%SMP0000650	DOXORUBICIN METABOLISM PATHWAY%SMPDB%SMP0000650		17	0.5319961	1.3158453	0.13188405	1.0	1.0	8694	tags=76%, list=35%, signal=118%	
PROPOXYPHENE ACTION PATHWAY%PATHWHIZ%PW000649	PROPOXYPHENE ACTION PATHWAY%PATHWHIZ%PW000649		30	0.47303122	1.3158333	0.11111111	1.0	1.0	6712	tags=47%, list=27%, signal=64%	
INTERLEUKIN-7 SIGNALING%REACTOME DATABASE ID RELEASE 95%1266695	INTERLEUKIN-7 SIGNALING%REACTOME DATABASE ID RELEASE 95%1266695		25	0.49383456	1.3155445	0.1100141	1.0	1.0	6564	tags=40%, list=27%, signal=55%	
MODIFIED AMINO ACID BIOSYNTHETIC PROCESS%GOBP%GO:0042398	MODIFIED AMINO ACID BIOSYNTHETIC PROCESS%GOBP%GO:0042398		29	0.47690943	1.3147557	0.11966988	1.0	1.0	4994	tags=38%, list=20%, signal=48%	
REGULATION OF HEMOSTASIS%GOBP%GO:1900046	REGULATION OF HEMOSTASIS%GOBP%GO:1900046		57	0.42440096	1.3147501	0.07990012	1.0	1.0	7868	tags=44%, list=32%, signal=64%	
POSITIVE REGULATION OF MACROPHAGE CHEMOTAXIS%GOBP%GO:0010759	POSITIVE REGULATION OF MACROPHAGE CHEMOTAXIS%GOBP%GO:0010759		15	0.5606474	1.3144628	0.11664296	1.0	1.0	8895	tags=73%, list=36%, signal=115%	
NEGATIVE REGULATION OF MONOATOMIC ION TRANSPORT%GOBP%GO:0043271	NEGATIVE REGULATION OF MONOATOMIC ION TRANSPORT%GOBP%GO:0043271		69	0.4098852	1.3142685	0.06304079	1.0	1.0	3182	tags=23%, list=13%, signal=27%	
VEGF SIGNALING PATHWAY%PANTHER PATHWAY%P00056	VEGF SIGNALING PATHWAY%PANTHER PATHWAY%P00056		61	0.42154977	1.3142397	0.06298201	1.0	1.0	5422	tags=33%, list=22%, signal=42%	
BBSOME-MEDIATED CARGO-TARGETING TO CILIUM%REACTOME%R-HSA-5620922.5	BBSOME-MEDIATED CARGO-TARGETING TO CILIUM%REACTOME%R-HSA-5620922.5		23	0.50510377	1.314102	0.11731844	1.0	1.0	4767	tags=43%, list=19%, signal=54%	
POSITIVE REGULATION OF BIOMINERAL TISSUE DEVELOPMENT%GOBP%GO:0070169	POSITIVE REGULATION OF BIOMINERAL TISSUE DEVELOPMENT%GOBP%GO:0070169		48	0.43896618	1.3140314	0.07773386	1.0	1.0	4189	tags=33%, list=17%, signal=40%	
BENZOCAINE ACTION PATHWAY%SMPDB%SMP0000392	BENZOCAINE ACTION PATHWAY%SMPDB%SMP0000392		30	0.47303122	1.3139287	0.09736842	1.0	1.0	6712	tags=47%, list=27%, signal=64%	
ENDODERMAL CELL DIFFERENTIATION%GOBP%GO:0035987	ENDODERMAL CELL DIFFERENTIATION%GOBP%GO:0035987		38	0.45961773	1.3136878	0.091984235	1.0	1.0	6676	tags=37%, list=27%, signal=51%	
REGULATION OF VIRAL PROCESS%GOBP%GO:0050792	REGULATION OF VIRAL PROCESS%GOBP%GO:0050792		128	0.37968767	1.3136209	0.050167225	1.0	1.0	4993	tags=29%, list=20%, signal=36%	
HOST-MEDIATED SUPPRESSION OF SYMBIONT INVASION%GOBP%GO:0046597	HOST-MEDIATED SUPPRESSION OF SYMBIONT INVASION%GOBP%GO:0046597		19	0.5136374	1.3131447	0.10977443	1.0	1.0	3706	tags=32%, list=15%, signal=37%	
POSITIVE REGULATION OF CALCIUM-MEDIATED SIGNALING%GOBP%GO:0050850	POSITIVE REGULATION OF CALCIUM-MEDIATED SIGNALING%GOBP%GO:0050850		49	0.43457833	1.312921	0.09355246	1.0	1.0	5186	tags=29%, list=21%, signal=36%	
TRYPTOPHAN CATABOLISM LEADING TO NAD PRODUCTION%WIKIPATHWAYS_20260211%WP4210%HOMO SAPIENS	TRYPTOPHAN CATABOLISM LEADING TO NAD PRODUCTION%WIKIPATHWAYS_20260211%WP4210%HOMO SAPIENS		15	0.5551526	1.3124804	0.13552068	1.0	1.0	6671	tags=60%, list=27%, signal=82%	
NEGATIVE REGULATION OF MITOTIC NUCLEAR DIVISION%GOBP%GO:0045839	NEGATIVE REGULATION OF MITOTIC NUCLEAR DIVISION%GOBP%GO:0045839		35	0.4653339	1.3119339	0.11258278	1.0	1.0	3732	tags=31%, list=15%, signal=37%	
REGULATION OF METAPHASE/ANAPHASE TRANSITION OF CELL CYCLE%GOBP%GO:1902099	REGULATION OF METAPHASE/ANAPHASE TRANSITION OF CELL CYCLE%GOBP%GO:1902099		99	0.39508983	1.3117454	0.058956917	1.0	1.0	3965	tags=27%, list=16%, signal=32%	
NEGATIVE REGULATION OF NLRP3 INFLAMMASOME COMPLEX ASSEMBLY%GOBP%GO:1900226	NEGATIVE REGULATION OF NLRP3 INFLAMMASOME COMPLEX ASSEMBLY%GOBP%GO:1900226		15	0.55270946	1.3116869	0.13725491	1.0	1.0	3351	tags=33%, list=14%, signal=39%	
DETECTION OF CHEMICAL STIMULUS INVOLVED IN SENSORY PERCEPTION OF TASTE%GOBP%GO:0050912	DETECTION OF CHEMICAL STIMULUS INVOLVED IN SENSORY PERCEPTION OF TASTE%GOBP%GO:0050912		37	0.45884514	1.3116239	0.095300265	1.0	1.0	6812	tags=41%, list=28%, signal=56%	
3-METHYLTHIOFENTANYL ACTION PATHWAY%PATHWHIZ%PW000656	3-METHYLTHIOFENTANYL ACTION PATHWAY%PATHWHIZ%PW000656		30	0.47303122	1.3113848	0.11684783	1.0	1.0	6712	tags=47%, list=27%, signal=64%	
LEVORPHANOL ACTION PATHWAY%SMPDB%SMP0000673	LEVORPHANOL ACTION PATHWAY%SMPDB%SMP0000673		30	0.47303122	1.3111055	0.10190217	1.0	1.0	6712	tags=47%, list=27%, signal=64%	
POST NMDA RECEPTOR ACTIVATION EVENTS%REACTOME%R-HSA-438064.5	POST NMDA RECEPTOR ACTIVATION EVENTS%REACTOME%R-HSA-438064.5		57	0.42314187	1.3109452	0.09170854	1.0	1.0	5213	tags=30%, list=21%, signal=38%	
POSITIVE REGULATION OF DENDRITIC SPINE DEVELOPMENT%GOBP%GO:0060999	POSITIVE REGULATION OF DENDRITIC SPINE DEVELOPMENT%GOBP%GO:0060999		23	0.5088283	1.310891	0.11608391	1.0	1.0	2887	tags=26%, list=12%, signal=30%	
KETOBEMIDONE ACTION PATHWAY%SMPDB%SMP0000690	KETOBEMIDONE ACTION PATHWAY%SMPDB%SMP0000690		30	0.47303122	1.31054	0.12411848	1.0	1.0	6712	tags=47%, list=27%, signal=64%	
ELECTRON TRANSPORT CHAIN OXPHOS SYSTEM IN MITOCHONDRIA%WIKIPATHWAYS_20260211%WP111%HOMO SAPIENS	ELECTRON TRANSPORT CHAIN OXPHOS SYSTEM IN MITOCHONDRIA%WIKIPATHWAYS_20260211%WP111%HOMO SAPIENS		89	0.3998843	1.3105068	0.059164733	1.0	1.0	3164	tags=17%, list=13%, signal=19%	
MITOCHONDRIAL TRANSPORT%GOBP%GO:0006839	MITOCHONDRIAL TRANSPORT%GOBP%GO:0006839		32	0.46971488	1.3102113	0.112021856	1.0	1.0	3197	tags=28%, list=13%, signal=32%	
PROCAINE ACTION PATHWAY%PATHWHIZ%PW000408	PROCAINE ACTION PATHWAY%PATHWHIZ%PW000408		30	0.47303122	1.310171	0.12256268	1.0	1.0	6712	tags=47%, list=27%, signal=64%	
ALVIMOPAN ACTION PATHWAY%SMPDB%SMP0000685	ALVIMOPAN ACTION PATHWAY%SMPDB%SMP0000685		30	0.47303122	1.3095901	0.1184573	1.0	1.0	6712	tags=47%, list=27%, signal=64%	
NALOXONE ACTION PATHWAY%SMPDB%SMP0000688	NALOXONE ACTION PATHWAY%SMPDB%SMP0000688		30	0.47303122	1.3093866	0.12068965	1.0	1.0	6712	tags=47%, list=27%, signal=64%	
ACYLGLYCEROL METABOLIC PROCESS%GOBP%GO:0006639	ACYLGLYCEROL METABOLIC PROCESS%GOBP%GO:0006639		87	0.3998308	1.3093615	0.05854801	1.0	1.0	6183	tags=39%, list=25%, signal=52%	
AUTOPHAGOSOME-LYSOSOME FUSION%GOBP%GO:0061909	AUTOPHAGOSOME-LYSOSOME FUSION%GOBP%GO:0061909		18	0.5265443	1.3093446	0.13623595	1.0	1.0	4051	tags=39%, list=17%, signal=47%	
OXIDATIVE PHOSPHORYLATION%WIKIPATHWAYS_20260211%WP623%HOMO SAPIENS	OXIDATIVE PHOSPHORYLATION%WIKIPATHWAYS_20260211%WP623%HOMO SAPIENS		47	0.4414921	1.3087897	0.098445594	1.0	1.0	3164	tags=15%, list=13%, signal=17%	
PHAGOLYSOSOME ASSEMBLY%GOBP%GO:0001845	PHAGOLYSOSOME ASSEMBLY%GOBP%GO:0001845		15	0.5403323	1.3085777	0.13333334	1.0	1.0	2813	tags=40%, list=11%, signal=45%	
SUFENTANIL ACTION PATHWAY%PATHWHIZ%PW000423	SUFENTANIL ACTION PATHWAY%PATHWHIZ%PW000423		30	0.47303122	1.3081976	0.11292517	1.0	1.0	6712	tags=47%, list=27%, signal=64%	
NEUTRAL LIPID METABOLIC PROCESS%GOBP%GO:0006638	NEUTRAL LIPID METABOLIC PROCESS%GOBP%GO:0006638		87	0.3998308	1.30814	0.06309524	1.0	1.0	6183	tags=39%, list=25%, signal=52%	
POLY(A)+ MRNA EXPORT FROM NUCLEUS%GOBP%GO:0016973	POLY(A)+ MRNA EXPORT FROM NUCLEUS%GOBP%GO:0016973		22	0.50084335	1.3076293	0.12569833	1.0	1.0	2730	tags=23%, list=11%, signal=26%	
CHLOROPROCAINE ACTION PATHWAY%SMPDB%SMP0000394	CHLOROPROCAINE ACTION PATHWAY%SMPDB%SMP0000394		30	0.47303122	1.3076142	0.112	1.0	1.0	6712	tags=47%, list=27%, signal=64%	
CARFENTANIL ACTION PATHWAY%SMPDB%SMP0000414	CARFENTANIL ACTION PATHWAY%SMPDB%SMP0000414		30	0.47303122	1.3071624	0.11051213	1.0	1.0	6712	tags=47%, list=27%, signal=64%	
MONOCARBOXYLIC ACID CATABOLIC PROCESS%GOBP%GO:0072329	MONOCARBOXYLIC ACID CATABOLIC PROCESS%GOBP%GO:0072329		94	0.39988333	1.3066925	0.05469679	1.0	1.0	5180	tags=36%, list=21%, signal=46%	
METANEPHRIC NEPHRON DEVELOPMENT%GOBP%GO:0072210	METANEPHRIC NEPHRON DEVELOPMENT%GOBP%GO:0072210		18	0.5238246	1.3065375	0.14697406	1.0	1.0	5991	tags=39%, list=24%, signal=51%	
AFLATOXIN ACTIVATION AND DETOXIFICATION%REACTOME%R-HSA-5423646.6	AFLATOXIN ACTIVATION AND DETOXIFICATION%REACTOME%R-HSA-5423646.6		17	0.53719735	1.3062694	0.12247839	1.0	1.0	9632	tags=76%, list=39%, signal=126%	
ALFENTANIL ACTION PATHWAY%PATHWHIZ%PW000419	ALFENTANIL ACTION PATHWAY%PATHWHIZ%PW000419		30	0.47303122	1.3061658	0.11354309	1.0	1.0	6712	tags=47%, list=27%, signal=64%	
REGULATION OF T CELL RECEPTOR SIGNALING PATHWAY%GOBP%GO:0050856	REGULATION OF T CELL RECEPTOR SIGNALING PATHWAY%GOBP%GO:0050856		52	0.42803222	1.3060372	0.09578544	1.0	1.0	4921	tags=29%, list=20%, signal=36%	
REGULATION OF SISTER CHROMATID SEGREGATION%GOBP%GO:0033045	REGULATION OF SISTER CHROMATID SEGREGATION%GOBP%GO:0033045		110	0.39144704	1.3057818	0.054809842	1.0	1.0	3965	tags=26%, list=16%, signal=31%	
ALCOHOL CATABOLIC PROCESS%GOBP%GO:0046164	ALCOHOL CATABOLIC PROCESS%GOBP%GO:0046164		24	0.4942078	1.3050885	0.10921053	1.0	1.0	7213	tags=54%, list=29%, signal=77%	
CARDIAC CONDUCTION SYSTEM DEVELOPMENT%GOBP%GO:0003161	CARDIAC CONDUCTION SYSTEM DEVELOPMENT%GOBP%GO:0003161		33	0.46774948	1.3050756	0.101182655	1.0	1.0	8251	tags=48%, list=34%, signal=73%	
HYDROCODONE ACTION PATHWAY%SMPDB%SMP0000411	HYDROCODONE ACTION PATHWAY%SMPDB%SMP0000411		30	0.47303122	1.3050296	0.119079836	1.0	1.0	6712	tags=47%, list=27%, signal=64%	
MEGAKARYOCYTE DIFFERENTIATION%GOBP%GO:0030219	MEGAKARYOCYTE DIFFERENTIATION%GOBP%GO:0030219		21	0.5042482	1.3047787	0.10984308	1.0	1.0	4708	tags=29%, list=19%, signal=35%	
NEGATIVE REGULATION OF PROTEIN LOCALIZATION TO CELL PERIPHERY%GOBP%GO:1904376	NEGATIVE REGULATION OF PROTEIN LOCALIZATION TO CELL PERIPHERY%GOBP%GO:1904376		31	0.4651104	1.3047047	0.117489986	1.0	1.0	5413	tags=35%, list=22%, signal=45%	
MEPIVACAINE ACTION PATHWAY%PATHWHIZ%PW000405	MEPIVACAINE ACTION PATHWAY%PATHWHIZ%PW000405		30	0.47303122	1.3044273	0.110526316	1.0	1.0	6712	tags=47%, list=27%, signal=64%	
DIMETHYLTHIAMBUTENE ACTION PATHWAY%SMPDB%SMP0000680	DIMETHYLTHIAMBUTENE ACTION PATHWAY%SMPDB%SMP0000680		30	0.47303122	1.3043003	0.1261745	1.0	1.0	6712	tags=47%, list=27%, signal=64%	
VITAMIN TRANSPORT%GOBP%GO:0051180	VITAMIN TRANSPORT%GOBP%GO:0051180		50	0.4357582	1.3042566	0.08804205	1.0	1.0	7130	tags=46%, list=29%, signal=65%	
FENTANYL ACTION PATHWAY%PATHWHIZ%PW000421	FENTANYL ACTION PATHWAY%PATHWHIZ%PW000421		30	0.47303122	1.3039993	0.10040161	1.0	1.0	6712	tags=47%, list=27%, signal=64%	
LEUKOCYTE MIGRATION%GOBP%GO:0050900	LEUKOCYTE MIGRATION%GOBP%GO:0050900		182	0.36761236	1.303903	0.02832244	1.0	1.0	6908	tags=40%, list=28%, signal=55%	
REGULATION OF ENDOCYTIC RECYCLING%GOBP%GO:2001135	REGULATION OF ENDOCYTIC RECYCLING%GOBP%GO:2001135		19	0.51842153	1.3036262	0.145686	1.0	1.0	6527	tags=47%, list=27%, signal=65%	
CELL SURFACE RECEPTOR SIGNALING PATHWAY VIA STAT%GOBP%GO:0097696	CELL SURFACE RECEPTOR SIGNALING PATHWAY VIA STAT%GOBP%GO:0097696		80	0.40234232	1.3031557	0.07248157	1.0	1.0	8895	tags=49%, list=36%, signal=76%	
POSITIVE REGULATION OF FILOPODIUM ASSEMBLY%GOBP%GO:0051491	POSITIVE REGULATION OF FILOPODIUM ASSEMBLY%GOBP%GO:0051491		26	0.48411506	1.3029404	0.11666667	1.0	1.0	5722	tags=46%, list=23%, signal=60%	
FUSION OF SPERM TO EGG PLASMA MEMBRANE INVOLVED IN SINGLE FERTILIZATION%GOBP%GO:0007342	FUSION OF SPERM TO EGG PLASMA MEMBRANE INVOLVED IN SINGLE FERTILIZATION%GOBP%GO:0007342		26	0.48141235	1.3028911	0.13812155	1.0	1.0	2725	tags=23%, list=11%, signal=26%	
REGULATION OF GENE EXPRESSION IN BETA CELLS%REACTOME DATABASE ID RELEASE 95%210745	REGULATION OF GENE EXPRESSION IN BETA CELLS%REACTOME DATABASE ID RELEASE 95%210745		19	0.51289666	1.3028733	0.13361463	1.0	1.0	8033	tags=42%, list=33%, signal=63%	
AEROBIC RESPIRATION I (CYTOCHROME C)%BIOCYC%PWY-3781	AEROBIC RESPIRATION I (CYTOCHROME C)%BIOCYC%PWY-3781		60	0.4168365	1.3022057	0.082810536	1.0	1.0	5972	tags=28%, list=24%, signal=37%	
MITOCHONDRIAL COMPLEX I ASSEMBLY MODEL OXPHOS SYSTEM%WIKIPATHWAYS_20260211%WP4324%HOMO SAPIENS	MITOCHONDRIAL COMPLEX I ASSEMBLY MODEL OXPHOS SYSTEM%WIKIPATHWAYS_20260211%WP4324%HOMO SAPIENS		48	0.43456897	1.3020703	0.102015115	1.0	1.0	4988	tags=25%, list=20%, signal=31%	
MYELOID LEUKOCYTE MEDIATED IMMUNITY%GOBP%GO:0002444	MYELOID LEUKOCYTE MEDIATED IMMUNITY%GOBP%GO:0002444		43	0.4463796	1.3019226	0.10469799	1.0	1.0	7658	tags=51%, list=31%, signal=74%	
NALTREXONE ACTION PATHWAY%PATHWHIZ%PW000664	NALTREXONE ACTION PATHWAY%PATHWHIZ%PW000664		30	0.47303122	1.3018576	0.124487005	1.0	1.0	6712	tags=47%, list=27%, signal=64%	
DIHYDROMORPHINE ACTION PATHWAY%PATHWHIZ%PW000666	DIHYDROMORPHINE ACTION PATHWAY%PATHWHIZ%PW000666		30	0.47303122	1.3018118	0.1332436	1.0	1.0	6712	tags=47%, list=27%, signal=64%	
QUINONE BIOSYNTHETIC PROCESS%GOBP%GO:1901663	QUINONE BIOSYNTHETIC PROCESS%GOBP%GO:1901663		17	0.53164244	1.3014774	0.14432989	1.0	1.0	2548	tags=29%, list=10%, signal=33%	
REMIFENTANIL ACTION PATHWAY%PATHWHIZ%PW000422	REMIFENTANIL ACTION PATHWAY%PATHWHIZ%PW000422		30	0.47303122	1.3014219	0.11523179	1.0	1.0	6712	tags=47%, list=27%, signal=64%	
REGULATION OF MYOBLAST DIFFERENTIATION%GOBP%GO:0045661	REGULATION OF MYOBLAST DIFFERENTIATION%GOBP%GO:0045661		57	0.4210028	1.3010454	0.09688995	1.0	1.0	4769	tags=35%, list=19%, signal=43%	
TRAMADOL ACTION ACTION PATHWAY%SMPDB%SMP0000671	TRAMADOL ACTION ACTION PATHWAY%SMPDB%SMP0000671		30	0.47303122	1.301022	0.13084112	1.0	1.0	6712	tags=47%, list=27%, signal=64%	
MONOCYTE CHEMOTAXIS%GOBP%GO:0002548	MONOCYTE CHEMOTAXIS%GOBP%GO:0002548		24	0.49329215	1.300961	0.11473088	1.0	1.0	5877	tags=50%, list=24%, signal=66%	
NUCLEAR-TRANSCRIBED MRNA CATABOLIC PROCESS, DEADENYLATION-DEPENDENT DECAY%GOBP%GO:0000288	NUCLEAR-TRANSCRIBED MRNA CATABOLIC PROCESS, DEADENYLATION-DEPENDENT DECAY%GOBP%GO:0000288		44	0.43340713	1.3009483	0.10403121	1.0	1.0	6482	tags=41%, list=26%, signal=56%	
HEME BIOSYNTHETIC PROCESS%GOBP%GO:0006783	HEME BIOSYNTHETIC PROCESS%GOBP%GO:0006783		23	0.49664962	1.3007537	0.14609928	1.0	1.0	3197	tags=30%, list=13%, signal=35%	
REGULATION OF INSULIN SECRETION INVOLVED IN CELLULAR RESPONSE TO GLUCOSE STIMULUS%GOBP%GO:0061178	REGULATION OF INSULIN SECRETION INVOLVED IN CELLULAR RESPONSE TO GLUCOSE STIMULUS%GOBP%GO:0061178		30	0.4713684	1.3003875	0.12430939	1.0	1.0	3481	tags=27%, list=14%, signal=31%	
COENZYME A METABOLIC PROCESS%GOBP%GO:0015936	COENZYME A METABOLIC PROCESS%GOBP%GO:0015936		15	0.5529061	1.3003402	0.13884786	1.0	1.0	3021	tags=33%, list=12%, signal=38%	
OXYCODONE ACTION PATHWAY%SMPDB%SMP0000409	OXYCODONE ACTION PATHWAY%SMPDB%SMP0000409		30	0.47303122	1.3002425	0.12568305	1.0	1.0	6712	tags=47%, list=27%, signal=64%	
ETHYLMORPHINE ACTION PATHWAY%SMPDB%SMP0000681	ETHYLMORPHINE ACTION PATHWAY%SMPDB%SMP0000681		30	0.47303122	1.3001484	0.118193895	1.0	1.0	6712	tags=47%, list=27%, signal=64%	
LEVOMETHADYL ACETATE ACTION ACTION PATHWAY%SMPDB%SMP0000677	LEVOMETHADYL ACETATE ACTION ACTION PATHWAY%SMPDB%SMP0000677		30	0.47303122	1.2998528	0.123139374	1.0	1.0	6712	tags=47%, list=27%, signal=64%	
REGULATION OF DOUBLE-STRAND BREAK REPAIR%GOBP%GO:2000779	REGULATION OF DOUBLE-STRAND BREAK REPAIR%GOBP%GO:2000779		143	0.37361968	1.2991589	0.04180791	1.0	1.0	5109	tags=27%, list=21%, signal=34%	
REGULATION OF LYMPHOCYTE MIGRATION%GOBP%GO:2000401	REGULATION OF LYMPHOCYTE MIGRATION%GOBP%GO:2000401		57	0.41714165	1.2990146	0.08429119	1.0	1.0	6440	tags=42%, list=26%, signal=57%	
NEURON FUNCTION%SMPDB%SMP0000224	NEURON FUNCTION%SMPDB%SMP0000224		30	0.47303122	1.2989287	0.132	1.0	1.0	6712	tags=47%, list=27%, signal=64%	
PID_ARF6_TRAFFICKING_PATHWAY%MSIGDB_C2%PID_ARF6_TRAFFICKING_PATHWAY	PID_ARF6_TRAFFICKING_PATHWAY%MSIGDB_C2%PID_ARF6_TRAFFICKING_PATHWAY		35	0.45265433	1.2987406	0.11578947	1.0	1.0	3619	tags=26%, list=15%, signal=30%	
ACUTE MYELOID LEUKEMIA%WIKIPATHWAYS_20260211%WP5293%HOMO SAPIENS	ACUTE MYELOID LEUKEMIA%WIKIPATHWAYS_20260211%WP5293%HOMO SAPIENS		59	0.42009303	1.2984303	0.09594096	1.0	1.0	8360	tags=47%, list=34%, signal=72%	
OXYBUPROCAINE ACTION PATHWAY%SMPDB%SMP0000400	OXYBUPROCAINE ACTION PATHWAY%SMPDB%SMP0000400		30	0.47303122	1.2982532	0.13715047	1.0	1.0	6712	tags=47%, list=27%, signal=64%	
POLYOL METABOLIC PROCESS%GOBP%GO:0019751	POLYOL METABOLIC PROCESS%GOBP%GO:0019751		75	0.40741	1.2982024	0.067961164	1.0	1.0	8551	tags=49%, list=35%, signal=76%	
POSITIVE REGULATION OF PROTEIN LOCALIZATION TO CELL PERIPHERY%GOBP%GO:1904377	POSITIVE REGULATION OF PROTEIN LOCALIZATION TO CELL PERIPHERY%GOBP%GO:1904377		63	0.41244557	1.297955	0.094292805	1.0	1.0	6041	tags=32%, list=25%, signal=42%	
ENDOPLASMIC RETICULUM TUBULAR NETWORK ORGANIZATION%GOBP%GO:0071786	ENDOPLASMIC RETICULUM TUBULAR NETWORK ORGANIZATION%GOBP%GO:0071786		20	0.5097759	1.2979237	0.13146853	1.0	1.0	4348	tags=40%, list=18%, signal=49%	
PID_TCR_PATHWAY%MSIGDB_C2%PID_TCR_PATHWAY	PID_TCR_PATHWAY%MSIGDB_C2%PID_TCR_PATHWAY		53	0.4274855	1.2979213	0.087064676	1.0	1.0	5555	tags=38%, list=23%, signal=49%	
HYDROMORPHONE ACTION PATHWAY%PATHWHIZ%PW000416	HYDROMORPHONE ACTION PATHWAY%PATHWHIZ%PW000416		30	0.47303122	1.2978172	0.12666667	1.0	1.0	6712	tags=47%, list=27%, signal=64%	
PROPARACAINE ACTION PATHWAY%PATHWHIZ%PW000409	PROPARACAINE ACTION PATHWAY%PATHWHIZ%PW000409		30	0.47303122	1.2968512	0.13020134	1.0	1.0	6712	tags=47%, list=27%, signal=64%	
CONSTITUTIVE ANDROSTANE RECEPTOR PATHWAY%WIKIPATHWAYS_20260211%WP2875%HOMO SAPIENS	CONSTITUTIVE ANDROSTANE RECEPTOR PATHWAY%WIKIPATHWAYS_20260211%WP2875%HOMO SAPIENS		26	0.48708013	1.2964568	0.12415654	1.0	1.0	8011	tags=58%, list=33%, signal=86%	
BUPRENORPHINE ACTION PATHWAY%SMPDB%SMP0000684	BUPRENORPHINE ACTION PATHWAY%SMPDB%SMP0000684		30	0.47303122	1.2963494	0.113306984	1.0	1.0	6712	tags=47%, list=27%, signal=64%	
FLUOXETINE ACTION PATHWAY%PATHWHIZ%PW000428	FLUOXETINE ACTION PATHWAY%PATHWHIZ%PW000428		35	0.4521863	1.2960536	0.12337662	1.0	1.0	6712	tags=46%, list=27%, signal=63%	
DEZOCINE ACTION PATHWAY%PATHWHIZ%PW000653	DEZOCINE ACTION PATHWAY%PATHWHIZ%PW000653		30	0.47303122	1.2959481	0.11584554	1.0	1.0	6712	tags=47%, list=27%, signal=64%	
PRILOCAINE ACTION PATHWAY%PATHWHIZ%PW000407	PRILOCAINE ACTION PATHWAY%PATHWHIZ%PW000407		30	0.47303122	1.295631	0.11234397	1.0	1.0	6712	tags=47%, list=27%, signal=64%	
PROTEIN AUTOPROCESSING%GOBP%GO:0016540	PROTEIN AUTOPROCESSING%GOBP%GO:0016540		18	0.5176139	1.2954072	0.14425771	1.0	1.0	897	tags=17%, list=4%, signal=17%	
NEGATIVE REGULATION OF CALCIUM ION TRANSPORT%GOBP%GO:0051926	NEGATIVE REGULATION OF CALCIUM ION TRANSPORT%GOBP%GO:0051926		39	0.44460624	1.2948536	0.09793814	1.0	1.0	3182	tags=26%, list=13%, signal=29%	
LEVALLORPHAN ACTION PATHWAY%SMPDB%SMP0000683	LEVALLORPHAN ACTION PATHWAY%SMPDB%SMP0000683		30	0.47303122	1.2945632	0.11725067	1.0	1.0	6712	tags=47%, list=27%, signal=64%	
ODONTOGENESIS%GOBP%GO:0042476	ODONTOGENESIS%GOBP%GO:0042476		57	0.42363074	1.2941364	0.0906801	1.0	1.0	3517	tags=23%, list=14%, signal=27%	
NON GENOMIC ACTIONS OF 1 25 DIHYDROXYVITAMIN D3%WIKIPATHWAYS_20260211%WP4341%HOMO SAPIENS	NON GENOMIC ACTIONS OF 1 25 DIHYDROXYVITAMIN D3%WIKIPATHWAYS_20260211%WP4341%HOMO SAPIENS		65	0.41249222	1.2941078	0.08669109	1.0	1.0	7081	tags=40%, list=29%, signal=56%	
METABOLIC DISORDERS OF BIOLOGICAL OXIDATION ENZYMES%REACTOME%R-HSA-5579029.5	METABOLIC DISORDERS OF BIOLOGICAL OXIDATION ENZYMES%REACTOME%R-HSA-5579029.5		34	0.4619628	1.2939924	0.10857909	1.0	1.0	5225	tags=38%, list=21%, signal=49%	
OXYMORPHONE ACTION PATHWAY%PATHWHIZ%PW000418	OXYMORPHONE ACTION PATHWAY%PATHWHIZ%PW000418		30	0.47303122	1.2938302	0.1160221	1.0	1.0	6712	tags=47%, list=27%, signal=64%	
SYNAPTONEMAL COMPLEX ASSEMBLY%GOBP%GO:0007130	SYNAPTONEMAL COMPLEX ASSEMBLY%GOBP%GO:0007130		15	0.5425718	1.29377	0.15660919	1.0	1.0	4911	tags=40%, list=20%, signal=50%	
CHOLESTASIS%WIKIPATHWAYS_20260211%WP5238%HOMO SAPIENS	CHOLESTASIS%WIKIPATHWAYS_20260211%WP5238%HOMO SAPIENS		16	0.54123414	1.2937267	0.1641791	1.0	1.0	10890	tags=88%, list=44%, signal=157%	
PENTAZOCINE ACTION PATHWAY%SMPDB%SMP0000686	PENTAZOCINE ACTION PATHWAY%SMPDB%SMP0000686		30	0.47303122	1.293717	0.11772666	1.0	1.0	6712	tags=47%, list=27%, signal=64%	
GPCRS OTHER%WIKIPATHWAYS_20260211%WP117%HOMO SAPIENS	GPCRS OTHER%WIKIPATHWAYS_20260211%WP117%HOMO SAPIENS		81	0.40059787	1.2929789	0.1001221	1.0	1.0	7036	tags=40%, list=29%, signal=55%	
ALKALOID METABOLIC PROCESS%GOBP%GO:0009820	ALKALOID METABOLIC PROCESS%GOBP%GO:0009820		18	0.53050655	1.2925372	0.12947658	1.0	1.0	10081	tags=67%, list=41%, signal=113%	
UBIQUINONE BIOSYNTHETIC PROCESS%GOBP%GO:0006744	UBIQUINONE BIOSYNTHETIC PROCESS%GOBP%GO:0006744		17	0.53164244	1.2913911	0.16764706	1.0	1.0	2548	tags=29%, list=10%, signal=33%	
SPHINGOLIPID METABOLISM INTEGRATED PATHWAY%WIKIPATHWAYS_20260211%WP4726%HOMO SAPIENS	SPHINGOLIPID METABOLISM INTEGRATED PATHWAY%WIKIPATHWAYS_20260211%WP4726%HOMO SAPIENS		24	0.48642963	1.2912297	0.12809917	1.0	1.0	5296	tags=38%, list=22%, signal=48%	
TOXIN METABOLIC PROCESS%GOBP%GO:0009404	TOXIN METABOLIC PROCESS%GOBP%GO:0009404		15	0.54464155	1.2910926	0.14674735	1.0	1.0	7641	tags=60%, list=31%, signal=87%	
INTERNALIZATION OF ERBB1%PATHWAY INTERACTION DATABASE NCI-NATURE CURATED DATA%INTERNALIZATION OF ERBB1	INTERNALIZATION OF ERBB1%PATHWAY INTERACTION DATABASE NCI-NATURE CURATED DATA%INTERNALIZATION OF ERBB1		38	0.44699085	1.2910776	0.10832232	1.0	1.0	3797	tags=24%, list=16%, signal=28%	
BIOCARTA_INFLAM_PATHWAY%MSIGDB_C2%BIOCARTA_INFLAM_PATHWAY	BIOCARTA_INFLAM_PATHWAY%MSIGDB_C2%BIOCARTA_INFLAM_PATHWAY		24	0.49668074	1.2908195	0.13494319	1.0	1.0	5253	tags=33%, list=21%, signal=42%	
ROPIVACAINE ACTION PATHWAY%PATHWHIZ%PW000410	ROPIVACAINE ACTION PATHWAY%PATHWHIZ%PW000410		30	0.47303122	1.2901186	0.11732606	1.0	1.0	6712	tags=47%, list=27%, signal=64%	
ANTIGEN PROCESSING AND PRESENTATION OF ENDOGENOUS PEPTIDE ANTIGEN VIA MHC CLASS I%GOBP%GO:0019885	ANTIGEN PROCESSING AND PRESENTATION OF ENDOGENOUS PEPTIDE ANTIGEN VIA MHC CLASS I%GOBP%GO:0019885		19	0.5177902	1.2895762	0.15384616	1.0	1.0	1630	tags=16%, list=7%, signal=17%	
PRADER WILLI AND ANGELMAN SYNDROME%WIKIPATHWAYS_20260211%WP3998%HOMO SAPIENS	PRADER WILLI AND ANGELMAN SYNDROME%WIKIPATHWAYS_20260211%WP3998%HOMO SAPIENS		89	0.39638674	1.2893822	0.088652484	1.0	1.0	8796	tags=48%, list=36%, signal=75%	
DEFECTIVE B3GALTL CAUSES PPS%REACTOME DATABASE ID RELEASE 95%5083635	DEFECTIVE B3GALTL CAUSES PPS%REACTOME DATABASE ID RELEASE 95%5083635		38	0.44208455	1.2893317	0.10533515	1.0	1.0	7984	tags=47%, list=33%, signal=70%	
WNT LIGAND BIOGENESIS AND TRAFFICKING%REACTOME%R-HSA-3238698.3	WNT LIGAND BIOGENESIS AND TRAFFICKING%REACTOME%R-HSA-3238698.3		26	0.4863821	1.2878759	0.130854	1.0	1.0	6068	tags=42%, list=25%, signal=56%	
ACTIVATION OF NMDA RECEPTORS AND POSTSYNAPTIC EVENTS%REACTOME%R-HSA-442755.9	ACTIVATION OF NMDA RECEPTORS AND POSTSYNAPTIC EVENTS%REACTOME%R-HSA-442755.9		70	0.40610883	1.2872105	0.083636366	1.0	1.0	5213	tags=29%, list=21%, signal=36%	
AMYLOID PRECURSOR PROTEIN METABOLIC PROCESS%GOBP%GO:0042982	AMYLOID PRECURSOR PROTEIN METABOLIC PROCESS%GOBP%GO:0042982		20	0.5119565	1.2865367	0.13661203	1.0	1.0	2007	tags=25%, list=8%, signal=27%	
NON SMALL CELL LUNG CANCER%WIKIPATHWAYS_20260211%WP4255%HOMO SAPIENS	NON SMALL CELL LUNG CANCER%WIKIPATHWAYS_20260211%WP4255%HOMO SAPIENS		63	0.40522122	1.2859641	0.09046455	1.0	1.0	3955	tags=25%, list=16%, signal=30%	
MODIFIED AMINO ACID TRANSPORT%GOBP%GO:0072337	MODIFIED AMINO ACID TRANSPORT%GOBP%GO:0072337		31	0.46076086	1.2857099	0.12837838	1.0	1.0	8142	tags=55%, list=33%, signal=82%	
POSITIVE REGULATION OF RHO PROTEIN SIGNAL TRANSDUCTION%GOBP%GO:0035025	POSITIVE REGULATION OF RHO PROTEIN SIGNAL TRANSDUCTION%GOBP%GO:0035025		29	0.4733243	1.2854269	0.111850865	1.0	1.0	7682	tags=52%, list=31%, signal=75%	
NUCLEAR RECEPTOR TRANSCRIPTION PATHWAY%REACTOME%R-HSA-383280.3	NUCLEAR RECEPTOR TRANSCRIPTION PATHWAY%REACTOME%R-HSA-383280.3		41	0.43659228	1.2841146	0.11333334	1.0	1.0	9110	tags=49%, list=37%, signal=78%	
AMYLOID-BETA CLEARANCE%GOBP%GO:0097242	AMYLOID-BETA CLEARANCE%GOBP%GO:0097242		26	0.47645694	1.283976	0.12340426	1.0	1.0	6938	tags=50%, list=28%, signal=70%	
REGULATION OF ANTIGEN RECEPTOR-MEDIATED SIGNALING PATHWAY%GOBP%GO:0050854	REGULATION OF ANTIGEN RECEPTOR-MEDIATED SIGNALING PATHWAY%GOBP%GO:0050854		67	0.40192688	1.2837433	0.10920245	1.0	1.0	3944	tags=25%, list=16%, signal=30%	
NUCLEAR-TRANSCRIBED MRNA POLY(A) TAIL SHORTENING%GOBP%GO:0000289	NUCLEAR-TRANSCRIBED MRNA POLY(A) TAIL SHORTENING%GOBP%GO:0000289		21	0.5033238	1.2836902	0.15020862	1.0	1.0	2434	tags=29%, list=10%, signal=32%	
DESIPRAMINE ACTION PATHWAY%PATHWHIZ%PW000425	DESIPRAMINE ACTION PATHWAY%PATHWHIZ%PW000425		31	0.46353367	1.2836716	0.13253012	1.0	1.0	6712	tags=45%, list=27%, signal=62%	
PROTEIN LOCALIZATION TO CILIUM%GOBP%GO:0061512	PROTEIN LOCALIZATION TO CILIUM%GOBP%GO:0061512		70	0.3979951	1.2832476	0.08513189	1.0	1.0	3394	tags=20%, list=14%, signal=23%	
ANTIGEN PROCESSING AND PRESENTATION OF PEPTIDE ANTIGEN%GOBP%GO:0048002	ANTIGEN PROCESSING AND PRESENTATION OF PEPTIDE ANTIGEN%GOBP%GO:0048002		60	0.4117929	1.283155	0.097410604	1.0	1.0	7223	tags=43%, list=29%, signal=61%	
ORGAN OR TISSUE SPECIFIC IMMUNE RESPONSE%GOBP%GO:0002251	ORGAN OR TISSUE SPECIFIC IMMUNE RESPONSE%GOBP%GO:0002251		42	0.4374216	1.2830735	0.12062257	1.0	1.0	4443	tags=33%, list=18%, signal=41%	
NEGATIVE REGULATION OF AMYLOID PRECURSOR PROTEIN CATABOLIC PROCESS%GOBP%GO:1902992	NEGATIVE REGULATION OF AMYLOID PRECURSOR PROTEIN CATABOLIC PROCESS%GOBP%GO:1902992		18	0.52534556	1.2827802	0.16119829	1.0	1.0	2382	tags=22%, list=10%, signal=25%	
IL9 SIGNALING%WIKIPATHWAYS_20260211%WP22%HOMO SAPIENS	IL9 SIGNALING%WIKIPATHWAYS_20260211%WP22%HOMO SAPIENS		16	0.5377386	1.2826902	0.15086207	1.0	1.0	7567	tags=44%, list=31%, signal=63%	
ONE CARBON METABOLISM%WIKIPATHWAYS_20260211%WP241%HOMO SAPIENS	ONE CARBON METABOLISM%WIKIPATHWAYS_20260211%WP241%HOMO SAPIENS		19	0.5125976	1.2825726	0.14444445	1.0	1.0	6154	tags=47%, list=25%, signal=63%	
O-GLYCOSYLATION OF TSR DOMAIN-CONTAINING PROTEINS%REACTOME%R-HSA-5173214.3	O-GLYCOSYLATION OF TSR DOMAIN-CONTAINING PROTEINS%REACTOME%R-HSA-5173214.3		39	0.44704416	1.2824596	0.112125166	1.0	1.0	7984	tags=49%, list=33%, signal=72%	
REGULATION OF FLAGELLATED SPERM MOTILITY%GOBP%GO:1901317	REGULATION OF FLAGELLATED SPERM MOTILITY%GOBP%GO:1901317		19	0.52039474	1.2822156	0.13728324	1.0	1.0	5392	tags=37%, list=22%, signal=47%	
BETA GLOBIN GENE EXPRESSION REGULATION%WIKIPATHWAYS_20260211%WP5606%HOMO SAPIENS	BETA GLOBIN GENE EXPRESSION REGULATION%WIKIPATHWAYS_20260211%WP5606%HOMO SAPIENS		21	0.4967004	1.2820683	0.17113096	1.0	1.0	6326	tags=48%, list=26%, signal=64%	
REGULATION OF TUBE SIZE%GOBP%GO:0035150	REGULATION OF TUBE SIZE%GOBP%GO:0035150		76	0.39523926	1.2818487	0.09557945	1.0	1.0	7053	tags=38%, list=29%, signal=53%	
MORPHOGENESIS OF A POLARIZED EPITHELIUM%GOBP%GO:0001738	MORPHOGENESIS OF A POLARIZED EPITHELIUM%GOBP%GO:0001738		24	0.48408556	1.2817413	0.14265734	1.0	1.0	3627	tags=25%, list=15%, signal=29%	
MIRNA PROCESSING%GOBP%GO:0035196	MIRNA PROCESSING%GOBP%GO:0035196		36	0.4415857	1.2817148	0.13545817	1.0	1.0	7535	tags=50%, list=31%, signal=72%	
BIOCARTA_NKT_PATHWAY%MSIGDB_C2%BIOCARTA_NKT_PATHWAY	BIOCARTA_NKT_PATHWAY%MSIGDB_C2%BIOCARTA_NKT_PATHWAY		20	0.5085472	1.281629	0.16618498	1.0	1.0	1520	tags=20%, list=6%, signal=21%	
CELL MIGRATION INVOLVED IN SPROUTING ANGIOGENESIS%GOBP%GO:0002042	CELL MIGRATION INVOLVED IN SPROUTING ANGIOGENESIS%GOBP%GO:0002042		18	0.507694	1.2814686	0.16078985	1.0	1.0	8212	tags=39%, list=34%, signal=58%	
TRYPTOPHAN KYNURENINE PATHWAY IN POST COVID SYNDROME%WIKIPATHWAYS_20260211%WP5549%HOMO SAPIENS	TRYPTOPHAN KYNURENINE PATHWAY IN POST COVID SYNDROME%WIKIPATHWAYS_20260211%WP5549%HOMO SAPIENS		18	0.51765233	1.2812376	0.15068494	1.0	1.0	6262	tags=44%, list=26%, signal=60%	
FORMATION OF THE EMBRYONIC STEM CELL BAF (ESBAF) COMPLEX%REACTOME%R-HSA-9933946.1	FORMATION OF THE EMBRYONIC STEM CELL BAF (ESBAF) COMPLEX%REACTOME%R-HSA-9933946.1		19	0.5110183	1.2811157	0.1680791	1.0	1.0	6907	tags=58%, list=28%, signal=81%	
POSITIVE REGULATION OF MACROPHAGE MIGRATION%GOBP%GO:1905523	POSITIVE REGULATION OF MACROPHAGE MIGRATION%GOBP%GO:1905523		20	0.50926757	1.2810485	0.15350877	1.0	1.0	8895	tags=55%, list=36%, signal=86%	
LEVOBUPIVACAINE ACTION PATHWAY%PATHWHIZ%PW000403	LEVOBUPIVACAINE ACTION PATHWAY%PATHWHIZ%PW000403		30	0.47303122	1.2804909	0.1424767	1.0	1.0	6712	tags=47%, list=27%, signal=64%	
MUCOSAL IMMUNE RESPONSE%GOBP%GO:0002385	MUCOSAL IMMUNE RESPONSE%GOBP%GO:0002385		39	0.43934587	1.2800931	0.14640523	1.0	1.0	4443	tags=33%, list=18%, signal=41%	
SYNAPTONEMAL COMPLEX ORGANIZATION%GOBP%GO:0070193	SYNAPTONEMAL COMPLEX ORGANIZATION%GOBP%GO:0070193		15	0.5425718	1.2800552	0.15455951	1.0	1.0	4911	tags=40%, list=20%, signal=50%	
NEGATIVE REGULATION OF INFLAMMASOME-MEDIATED SIGNALING PATHWAY%GOBP%GO:0141086	NEGATIVE REGULATION OF INFLAMMASOME-MEDIATED SIGNALING PATHWAY%GOBP%GO:0141086		17	0.52083355	1.2800347	0.1502809	1.0	1.0	3351	tags=29%, list=14%, signal=34%	
INNER EAR RECEPTOR CELL DEVELOPMENT%GOBP%GO:0060119	INNER EAR RECEPTOR CELL DEVELOPMENT%GOBP%GO:0060119		15	0.53290546	1.2797644	0.1567489	1.0	1.0	3329	tags=33%, list=14%, signal=39%	
NEGATIVE REGULATION OF CILIUM ASSEMBLY%GOBP%GO:1902018	NEGATIVE REGULATION OF CILIUM ASSEMBLY%GOBP%GO:1902018		26	0.4761369	1.2797078	0.12482853	1.0	1.0	6346	tags=42%, list=26%, signal=57%	
ASTROCYTE DIFFERENTIATION%GOBP%GO:0048708	ASTROCYTE DIFFERENTIATION%GOBP%GO:0048708		21	0.49772894	1.2796394	0.14908579	1.0	1.0	7946	tags=57%, list=32%, signal=85%	
INTERFERON GAMMA SIGNALING%REACTOME%R-HSA-877300.9	INTERFERON GAMMA SIGNALING%REACTOME%R-HSA-877300.9		91	0.38688678	1.2796038	0.07882353	1.0	1.0	7593	tags=42%, list=31%, signal=60%	
GLYCOSYLPHOSPHATIDYL INOSITOL ANCHOR PATHWAY%WIKIPATHWAYS_20260211%WP5505%HOMO SAPIENS	GLYCOSYLPHOSPHATIDYL INOSITOL ANCHOR PATHWAY%WIKIPATHWAYS_20260211%WP5505%HOMO SAPIENS		24	0.47903255	1.2794787	0.14082503	1.0	1.0	5745	tags=42%, list=23%, signal=54%	
FERTILIZATION%GOBP%GO:0009566	FERTILIZATION%GOBP%GO:0009566		115	0.3781091	1.2793267	0.06734007	1.0	1.0	3783	tags=22%, list=15%, signal=26%	
ANTIGEN PROCESSING AND PRESENTATION OF ENDOGENOUS PEPTIDE ANTIGEN%GOBP%GO:0002483	ANTIGEN PROCESSING AND PRESENTATION OF ENDOGENOUS PEPTIDE ANTIGEN%GOBP%GO:0002483		21	0.49516657	1.2782267	0.14529915	1.0	1.0	5278	tags=29%, list=22%, signal=36%	
SPHINGOLIPID BIOSYNTHETIC PROCESS%GOBP%GO:0030148	SPHINGOLIPID BIOSYNTHETIC PROCESS%GOBP%GO:0030148		101	0.37944123	1.277951	0.07943925	1.0	1.0	5922	tags=33%, list=24%, signal=43%	
BLOOD CLOTTING CASCADE%WIKIPATHWAYS_20260211%WP272%HOMO SAPIENS	BLOOD CLOTTING CASCADE%WIKIPATHWAYS_20260211%WP272%HOMO SAPIENS		16	0.5261628	1.2778201	0.17755681	1.0	1.0	9159	tags=63%, list=37%, signal=100%	
ERYTHROCYTE DEVELOPMENT%GOBP%GO:0048821	ERYTHROCYTE DEVELOPMENT%GOBP%GO:0048821		21	0.49843284	1.2772146	0.15471168	1.0	1.0	5960	tags=38%, list=24%, signal=50%	
TRAF6 MEDIATED NF-KB ACTIVATION%REACTOME%R-HSA-933542.3	TRAF6 MEDIATED NF-KB ACTIVATION%REACTOME%R-HSA-933542.3		25	0.47071958	1.2770138	0.13797814	1.0	1.0	4634	tags=32%, list=19%, signal=39%	
RELATIONSHIP BETWEEN INFLAMMATION COX 2 AND EGFR%WIKIPATHWAYS_20260211%WP4483%HOMO SAPIENS	RELATIONSHIP BETWEEN INFLAMMATION COX 2 AND EGFR%WIKIPATHWAYS_20260211%WP4483%HOMO SAPIENS		17	0.5185925	1.2756621	0.16083916	1.0	1.0	4983	tags=35%, list=20%, signal=44%	
BIOCARTA_INTRINSIC_PATHWAY%MSIGDB_C2%BIOCARTA_INTRINSIC_PATHWAY	BIOCARTA_INTRINSIC_PATHWAY%MSIGDB_C2%BIOCARTA_INTRINSIC_PATHWAY		20	0.5031799	1.2755193	0.14627285	1.0	1.0	3331	tags=30%, list=14%, signal=35%	
LIPOSACCHARIDE METABOLIC PROCESS%GOBP%GO:1903509	LIPOSACCHARIDE METABOLIC PROCESS%GOBP%GO:1903509		99	0.38526827	1.2751694	0.09080326	1.0	1.0	5922	tags=36%, list=24%, signal=48%	
ACUTE-PHASE RESPONSE%GOBP%GO:0006953	ACUTE-PHASE RESPONSE%GOBP%GO:0006953		18	0.5227792	1.2750349	0.14473684	1.0	1.0	3173	tags=28%, list=13%, signal=32%	
POSITIVE REGULATION OF STEM CELL PROLIFERATION%GOBP%GO:2000648	POSITIVE REGULATION OF STEM CELL PROLIFERATION%GOBP%GO:2000648		18	0.5078923	1.2749346	0.17271408	1.0	1.0	3116	tags=22%, list=13%, signal=25%	
CENTROSOME DUPLICATION%GOBP%GO:0051298	CENTROSOME DUPLICATION%GOBP%GO:0051298		41	0.43585363	1.2744606	0.12817259	1.0	1.0	5792	tags=29%, list=24%, signal=38%	
BIOMINERAL TISSUE DEVELOPMENT%GOBP%GO:0031214	BIOMINERAL TISSUE DEVELOPMENT%GOBP%GO:0031214		42	0.44069028	1.274391	0.11473273	1.0	1.0	3237	tags=24%, list=13%, signal=27%	
REGULATION OF NERVOUS SYSTEM PROCESS%GOBP%GO:0031644	REGULATION OF NERVOUS SYSTEM PROCESS%GOBP%GO:0031644		78	0.3877624	1.2740934	0.09265944	1.0	1.0	5693	tags=33%, list=23%, signal=43%	
LXRS REGULATE GENE EXPRESSION LINKED TO CHOLESTEROL TRANSPORT AND EFFLUX%REACTOME DATABASE ID RELEASE 95%9029569	LXRS REGULATE GENE EXPRESSION LINKED TO CHOLESTEROL TRANSPORT AND EFFLUX%REACTOME DATABASE ID RELEASE 95%9029569		36	0.44923323	1.2734691	0.14285715	1.0	1.0	3811	tags=28%, list=16%, signal=33%	
BIOCARTA_CSK_PATHWAY%MSIGDB_C2%BIOCARTA_CSK_PATHWAY	BIOCARTA_CSK_PATHWAY%MSIGDB_C2%BIOCARTA_CSK_PATHWAY		15	0.5206132	1.2710881	0.16235632	1.0	1.0	8256	tags=60%, list=34%, signal=90%	
ANILERIDINE ACTION PATHWAY%SMPDB%SMP0000674	ANILERIDINE ACTION PATHWAY%SMPDB%SMP0000674		30	0.47303122	1.2702795	0.13756613	1.0	1.0	6712	tags=47%, list=27%, signal=64%	
RESPONSE TO LECTIN%GOBP%GO:1990840	RESPONSE TO LECTIN%GOBP%GO:1990840		21	0.49040705	1.2701602	0.13969572	1.0	1.0	7225	tags=48%, list=29%, signal=67%	
22Q11 2 COPY NUMBER VARIATION SYNDROME%WIKIPATHWAYS_20260211%WP4657%HOMO SAPIENS	22Q11 2 COPY NUMBER VARIATION SYNDROME%WIKIPATHWAYS_20260211%WP4657%HOMO SAPIENS		91	0.3825426	1.2695267	0.095794395	1.0	1.0	5813	tags=27%, list=24%, signal=36%	
REGULATION OF INTEGRIN-MEDIATED SIGNALING PATHWAY%GOBP%GO:2001044	REGULATION OF INTEGRIN-MEDIATED SIGNALING PATHWAY%GOBP%GO:2001044		22	0.4933335	1.2691201	0.15691489	1.0	1.0	5323	tags=41%, list=22%, signal=52%	
INNATE IMMUNE RESPONSE IN MUCOSA%GOBP%GO:0002227	INNATE IMMUNE RESPONSE IN MUCOSA%GOBP%GO:0002227		28	0.46294582	1.2685759	0.14779006	1.0	1.0	4443	tags=36%, list=18%, signal=44%	
GLYCOSPHINGOLIPID METABOLISM%WIKIPATHWAYS_20260211%WP5292%HOMO SAPIENS	GLYCOSPHINGOLIPID METABOLISM%WIKIPATHWAYS_20260211%WP5292%HOMO SAPIENS		15	0.5309349	1.2682725	0.1529745	1.0	1.0	7173	tags=60%, list=29%, signal=85%	
REGULATION OF TRANSCRIPTION REGULATORY REGION DNA BINDING%GOBP%GO:2000677	REGULATION OF TRANSCRIPTION REGULATORY REGION DNA BINDING%GOBP%GO:2000677		17	0.51493776	1.267951	0.16317992	1.0	1.0	5535	tags=29%, list=23%, signal=38%	
PYRIMIDINE NUCLEOTIDE METABOLIC PROCESS%GOBP%GO:0006220	PYRIMIDINE NUCLEOTIDE METABOLIC PROCESS%GOBP%GO:0006220		41	0.43370023	1.267786	0.108834825	1.0	1.0	7903	tags=51%, list=32%, signal=75%	
PHOSPHOLIPID BIOSYNTHESIS%SMPDB%SMP0000025	PHOSPHOLIPID BIOSYNTHESIS%SMPDB%SMP0000025		25	0.4807046	1.2676363	0.15973154	1.0	1.0	5296	tags=32%, list=22%, signal=41%	
MITOCHONDRIAL RESPIRATORY CHAIN COMPLEX ASSEMBLY%GOBP%GO:0033108	MITOCHONDRIAL RESPIRATORY CHAIN COMPLEX ASSEMBLY%GOBP%GO:0033108		90	0.38969904	1.2671378	0.08153477	1.0	1.0	6488	tags=32%, list=26%, signal=44%	
TRIGLYCERIDE METABOLISM%REACTOME%R-HSA-8979227.2	TRIGLYCERIDE METABOLISM%REACTOME%R-HSA-8979227.2		38	0.44444036	1.2668155	0.14439946	1.0	1.0	5096	tags=37%, list=21%, signal=46%	
INHIBITORS OF METABOLISM IN MELANOMA THERAPY%WIKIPATHWAYS_20260211%WP5609%HOMO SAPIENS	INHIBITORS OF METABOLISM IN MELANOMA THERAPY%WIKIPATHWAYS_20260211%WP5609%HOMO SAPIENS		26	0.47659343	1.2660874	0.14701803	1.0	1.0	3794	tags=31%, list=15%, signal=36%	
COMPLEMENT ACTIVATION%WIKIPATHWAYS_20260211%WP545%HOMO SAPIENS	COMPLEMENT ACTIVATION%WIKIPATHWAYS_20260211%WP545%HOMO SAPIENS		16	0.5213664	1.2660706	0.17196532	1.0	1.0	8435	tags=56%, list=34%, signal=86%	
POSITIVE REGULATION OF ION TRANSMEMBRANE TRANSPORTER ACTIVITY%GOBP%GO:0032414	POSITIVE REGULATION OF ION TRANSMEMBRANE TRANSPORTER ACTIVITY%GOBP%GO:0032414		29	0.4542805	1.2654952	0.16208792	1.0	1.0	5531	tags=38%, list=23%, signal=49%	
GLYCOSPHINGOLIPID BIOSYNTHESIS%REACTOME DATABASE ID RELEASE 95%9840309	GLYCOSPHINGOLIPID BIOSYNTHESIS%REACTOME DATABASE ID RELEASE 95%9840309		19	0.5010535	1.2650645	0.1618497	1.0	1.0	9584	tags=68%, list=39%, signal=112%	
NUCLEOTIDE TRANSPORT%GOBP%GO:0006862	NUCLEOTIDE TRANSPORT%GOBP%GO:0006862		39	0.4368201	1.2649828	0.13860103	1.0	1.0	5197	tags=36%, list=21%, signal=45%	
CHLORIDE TRANSMEMBRANE TRANSPORT%GOBP%GO:1902476	CHLORIDE TRANSMEMBRANE TRANSPORT%GOBP%GO:1902476		69	0.3966445	1.264532	0.10163112	1.0	1.0	7376	tags=46%, list=30%, signal=66%	
POSITIVE REGULATION OF CHROMOSOME SEPARATION%GOBP%GO:1905820	POSITIVE REGULATION OF CHROMOSOME SEPARATION%GOBP%GO:1905820		23	0.48146802	1.264105	0.15708275	1.0	1.0	6009	tags=39%, list=25%, signal=52%	
NEGATIVE REGULATION OF TRANSMEMBRANE TRANSPORT%GOBP%GO:0034763	NEGATIVE REGULATION OF TRANSMEMBRANE TRANSPORT%GOBP%GO:0034763		76	0.38772467	1.2637984	0.12099644	1.0	1.0	6063	tags=34%, list=25%, signal=45%	
NON-CANONICAL NF-KAPPAB SIGNAL TRANSDUCTION%GOBP%GO:0038061	NON-CANONICAL NF-KAPPAB SIGNAL TRANSDUCTION%GOBP%GO:0038061		30	0.4540427	1.2634022	0.1549101	1.0	1.0	4634	tags=30%, list=19%, signal=37%	
ESTROGEN METABOLIC PROCESS%GOBP%GO:0008210	ESTROGEN METABOLIC PROCESS%GOBP%GO:0008210		36	0.44360834	1.2633505	0.15034483	1.0	1.0	5362	tags=36%, list=22%, signal=46%	
HALLMARK_FATTY_ACID_METABOLISM%MSIGDBHALLMARK%HALLMARK_FATTY_ACID_METABOLISM	HALLMARK_FATTY_ACID_METABOLISM%MSIGDBHALLMARK%HALLMARK_FATTY_ACID_METABOLISM		112	0.3717061	1.2632263	0.09236032	1.0	1.0	5096	tags=29%, list=21%, signal=36%	
POSITIVE REGULATION OF REGULATED SECRETORY PATHWAY%GOBP%GO:1903307	POSITIVE REGULATION OF REGULATED SECRETORY PATHWAY%GOBP%GO:1903307		38	0.44039318	1.2631178	0.14249037	1.0	1.0	8582	tags=53%, list=35%, signal=81%	
POSITIVE REGULATION OF INFLAMMATORY RESPONSE%GOBP%GO:0050729	POSITIVE REGULATION OF INFLAMMATORY RESPONSE%GOBP%GO:0050729		141	0.36462536	1.2630892	0.076581575	1.0	1.0	6526	tags=30%, list=27%, signal=41%	
MICROGLIA PATHOGEN PHAGOCYTOSIS PATHWAY%WIKIPATHWAYS_20260211%WP3937%HOMO SAPIENS	MICROGLIA PATHOGEN PHAGOCYTOSIS PATHWAY%WIKIPATHWAYS_20260211%WP3937%HOMO SAPIENS		33	0.44946474	1.2623602	0.15261044	1.0	1.0	8413	tags=55%, list=34%, signal=83%	
OUTER DYNEIN ARM ASSEMBLY%GOBP%GO:0036158	OUTER DYNEIN ARM ASSEMBLY%GOBP%GO:0036158		20	0.50818527	1.2621585	0.16353111	1.0	1.0	5681	tags=45%, list=23%, signal=59%	
NEGATIVE REGULATION OF MACROAUTOPHAGY%GOBP%GO:0016242	NEGATIVE REGULATION OF MACROAUTOPHAGY%GOBP%GO:0016242		29	0.457358	1.2620926	0.15184678	1.0	1.0	4987	tags=24%, list=20%, signal=30%	
TRIGLYCERIDE METABOLIC PROCESS%GOBP%GO:0006641	TRIGLYCERIDE METABOLIC PROCESS%GOBP%GO:0006641		60	0.4051955	1.2620455	0.13466334	1.0	1.0	6166	tags=40%, list=25%, signal=53%	
RENIN ANGIOTENSIN SYSTEM AND BRADYKININ PATHWAYS IN COVID 19%WIKIPATHWAYS_20260211%WP4969%HOMO SAPIENS	RENIN ANGIOTENSIN SYSTEM AND BRADYKININ PATHWAYS IN COVID 19%WIKIPATHWAYS_20260211%WP4969%HOMO SAPIENS		19	0.49399593	1.2617832	0.18838526	1.0	1.0	7047	tags=37%, list=29%, signal=52%	
NONHOMOLOGOUS END-JOINING (NHEJ)%REACTOME%R-HSA-5693571.3	NONHOMOLOGOUS END-JOINING (NHEJ)%REACTOME%R-HSA-5693571.3		51	0.4206648	1.2617823	0.11942257	1.0	1.0	4952	tags=31%, list=20%, signal=39%	
CARDIAC SEPTUM MORPHOGENESIS%GOBP%GO:0060411	CARDIAC SEPTUM MORPHOGENESIS%GOBP%GO:0060411		49	0.41843927	1.2617471	0.12387097	1.0	1.0	6652	tags=39%, list=27%, signal=53%	
REGULATION OF CHOLESTEROL BIOSYNTHETIC PROCESS%GOBP%GO:0045540	REGULATION OF CHOLESTEROL BIOSYNTHETIC PROCESS%GOBP%GO:0045540		22	0.47880375	1.261562	0.17914438	1.0	1.0	7554	tags=50%, list=31%, signal=72%	
CELLULAR RESPONSE TO XENOBIOTIC STIMULUS%GOBP%GO:0071466	CELLULAR RESPONSE TO XENOBIOTIC STIMULUS%GOBP%GO:0071466		150	0.3651596	1.2615421	0.06278027	1.0	1.0	7690	tags=45%, list=31%, signal=65%	
REGULATION OF MITF-M-DEPENDENT GENES INVOLVED IN APOPTOSIS%REACTOME%R-HSA-9824594.3	REGULATION OF MITF-M-DEPENDENT GENES INVOLVED IN APOPTOSIS%REACTOME%R-HSA-9824594.3		17	0.52166814	1.2614725	0.16347569	1.0	1.0	3811	tags=35%, list=16%, signal=42%	
POST COVID NEUROINFLAMMATION%WIKIPATHWAYS_20260211%WP5485%HOMO SAPIENS	POST COVID NEUROINFLAMMATION%WIKIPATHWAYS_20260211%WP5485%HOMO SAPIENS		23	0.4809961	1.2607645	0.1548913	1.0	1.0	11622	tags=78%, list=47%, signal=149%	
POSITIVE REGULATION OF INTERLEUKIN-12 PRODUCTION%GOBP%GO:0032735	POSITIVE REGULATION OF INTERLEUKIN-12 PRODUCTION%GOBP%GO:0032735		33	0.44828624	1.2606097	0.15089163	1.0	1.0	4621	tags=30%, list=19%, signal=37%	
SUMOYLATION OF INTRACELLULAR RECEPTORS%REACTOME DATABASE ID RELEASE 95%4090294	SUMOYLATION OF INTRACELLULAR RECEPTORS%REACTOME DATABASE ID RELEASE 95%4090294		24	0.4800179	1.2604334	0.14861111	1.0	1.0	9010	tags=54%, list=37%, signal=86%	
INDOLE-CONTAINING COMPOUND METABOLIC PROCESS%GOBP%GO:0042430	INDOLE-CONTAINING COMPOUND METABOLIC PROCESS%GOBP%GO:0042430		22	0.49168113	1.2602057	0.16905445	1.0	1.0	6728	tags=55%, list=27%, signal=75%	
DETECTION OF CHEMICAL STIMULUS%GOBP%GO:0009593	DETECTION OF CHEMICAL STIMULUS%GOBP%GO:0009593		193	0.3520354	1.2601436	0.04761905	1.0	1.0	7053	tags=32%, list=29%, signal=44%	
16P12 2 COPY NUMBER VARIATION SYNDROME 520KB %WIKIPATHWAYS_20260211%WP5510%HOMO SAPIENS	16P12 2 COPY NUMBER VARIATION SYNDROME 520KB %WIKIPATHWAYS_20260211%WP5510%HOMO SAPIENS		47	0.41899484	1.2600076	0.14195184	1.0	1.0	3240	tags=19%, list=13%, signal=22%	
PID_RETINOIC_ACID_PATHWAY%MSIGDB_C2%PID_RETINOIC_ACID_PATHWAY	PID_RETINOIC_ACID_PATHWAY%MSIGDB_C2%PID_RETINOIC_ACID_PATHWAY		21	0.4924749	1.2594483	0.15112995	1.0	1.0	6517	tags=38%, list=27%, signal=52%	
SUMOYLATION OF TRANSCRIPTION FACTORS%REACTOME DATABASE ID RELEASE 95%3232118	SUMOYLATION OF TRANSCRIPTION FACTORS%REACTOME DATABASE ID RELEASE 95%3232118		18	0.50300276	1.2582576	0.17062937	1.0	1.0	8606	tags=50%, list=35%, signal=77%	
REGULATION OF CHROMOSOME SEGREGATION%GOBP%GO:0051983	REGULATION OF CHROMOSOME SEGREGATION%GOBP%GO:0051983		127	0.36600843	1.2582022	0.07534247	1.0	1.0	6185	tags=34%, list=25%, signal=45%	
3'-PHOSPHOADENOSINE 5'-PHOSPHOSULFATE METABOLIC PROCESS%GOBP%GO:0050427	3'-PHOSPHOADENOSINE 5'-PHOSPHOSULFATE METABOLIC PROCESS%GOBP%GO:0050427		16	0.516499	1.2578022	0.19552238	1.0	1.0	7191	tags=56%, list=29%, signal=80%	
PURINE RIBONUCLEOSIDE BISPHOSPHATE METABOLIC PROCESS%GOBP%GO:0034035	PURINE RIBONUCLEOSIDE BISPHOSPHATE METABOLIC PROCESS%GOBP%GO:0034035		16	0.516499	1.2574767	0.17042254	1.0	1.0	7191	tags=56%, list=29%, signal=80%	
DETERMINATION OF BILATERAL SYMMETRY%GOBP%GO:0009855	DETERMINATION OF BILATERAL SYMMETRY%GOBP%GO:0009855		83	0.3807142	1.2569469	0.11176471	1.0	1.0	6199	tags=31%, list=25%, signal=42%	
REGULATION OF PROTEIN LOCALIZATION TO PLASMA MEMBRANE%GOBP%GO:1903076	REGULATION OF PROTEIN LOCALIZATION TO PLASMA MEMBRANE%GOBP%GO:1903076		102	0.3760637	1.2569331	0.11188005	1.0	1.0	6486	tags=30%, list=26%, signal=41%	
PID_TCPTP_PATHWAY%MSIGDB_C2%PID_TCPTP_PATHWAY	PID_TCPTP_PATHWAY%MSIGDB_C2%PID_TCPTP_PATHWAY		34	0.44862807	1.256857	0.1434263	1.0	1.0	7805	tags=47%, list=32%, signal=69%	
CELLULAR RESPONSE TO LECTIN%GOBP%GO:1990858	CELLULAR RESPONSE TO LECTIN%GOBP%GO:1990858		21	0.49040705	1.2567747	0.17372881	1.0	1.0	7225	tags=48%, list=29%, signal=67%	
POSITIVE REGULATION OF SODIUM ION TRANSMEMBRANE TRANSPORT%GOBP%GO:1902307	POSITIVE REGULATION OF SODIUM ION TRANSMEMBRANE TRANSPORT%GOBP%GO:1902307		19	0.51008874	1.2567254	0.17446809	1.0	1.0	5452	tags=47%, list=22%, signal=61%	
INTEGRIN FAMILY CELL SURFACE INTERACTIONS%PATHWAY INTERACTION DATABASE NCI-NATURE CURATED DATA%INTEGRIN FAMILY CELL SURFACE INTERACTIONS	INTEGRIN FAMILY CELL SURFACE INTERACTIONS%PATHWAY INTERACTION DATABASE NCI-NATURE CURATED DATA%INTEGRIN FAMILY CELL SURFACE INTERACTIONS		26	0.46926653	1.2566899	0.1557377	1.0	1.0	3531	tags=27%, list=14%, signal=31%	
REGULATION OF TUBE DIAMETER%GOBP%GO:0035296	REGULATION OF TUBE DIAMETER%GOBP%GO:0035296		76	0.39523926	1.2564409	0.09879518	1.0	1.0	7053	tags=38%, list=29%, signal=53%	
SUMOYLATION OF CHROMATIN ORGANIZATION PROTEINS%REACTOME DATABASE ID RELEASE 95%4551638	SUMOYLATION OF CHROMATIN ORGANIZATION PROTEINS%REACTOME DATABASE ID RELEASE 95%4551638		53	0.40742025	1.2556927	0.13513513	1.0	1.0	3986	tags=25%, list=16%, signal=29%	
FATTY ACID BIOSYNTHESIS%WIKIPATHWAYS_20260211%WP357%HOMO SAPIENS	FATTY ACID BIOSYNTHESIS%WIKIPATHWAYS_20260211%WP357%HOMO SAPIENS		17	0.514353	1.2551451	0.16017316	1.0	1.0	8289	tags=41%, list=34%, signal=62%	
POSITIVE REGULATION OF IMMUNOGLOBULIN MEDIATED IMMUNE RESPONSE%GOBP%GO:0002891	POSITIVE REGULATION OF IMMUNOGLOBULIN MEDIATED IMMUNE RESPONSE%GOBP%GO:0002891		22	0.4856273	1.2538016	0.16593887	1.0	1.0	4749	tags=36%, list=19%, signal=45%	
TETRAPYRROLE CATABOLIC PROCESS%GOBP%GO:0033015	TETRAPYRROLE CATABOLIC PROCESS%GOBP%GO:0033015		16	0.51666737	1.2535741	0.16641901	1.0	1.0	11517	tags=88%, list=47%, signal=165%	
NEGATIVE REGULATION OF PHAGOCYTOSIS%GOBP%GO:0050765	NEGATIVE REGULATION OF PHAGOCYTOSIS%GOBP%GO:0050765		16	0.5184236	1.2534001	0.18091168	1.0	1.0	6078	tags=56%, list=25%, signal=75%	
NUCLEOSIDE BISPHOSPHATE METABOLIC PROCESS%GOBP%GO:0033865	NUCLEOSIDE BISPHOSPHATE METABOLIC PROCESS%GOBP%GO:0033865		16	0.516499	1.2523165	0.17925926	1.0	1.0	7191	tags=56%, list=29%, signal=80%	
MODULATION OF EXCITATORY POSTSYNAPTIC POTENTIAL%GOBP%GO:0098815	MODULATION OF EXCITATORY POSTSYNAPTIC POTENTIAL%GOBP%GO:0098815		32	0.45358685	1.2519937	0.14958449	1.0	1.0	4259	tags=31%, list=17%, signal=38%	
POSITIVE REGULATION OF MAP KINASE ACTIVITY%GOBP%GO:0043406	POSITIVE REGULATION OF MAP KINASE ACTIVITY%GOBP%GO:0043406		28	0.45912352	1.251809	0.14586072	1.0	1.0	7650	tags=43%, list=31%, signal=62%	
BLOOD VESSEL DIAMETER MAINTENANCE%GOBP%GO:0097746	BLOOD VESSEL DIAMETER MAINTENANCE%GOBP%GO:0097746		76	0.39523926	1.2512618	0.11017964	1.0	1.0	7053	tags=38%, list=29%, signal=53%	
BIOLOGICAL PROCESS INVOLVED IN INTRASPECIES INTERACTION BETWEEN ORGANISMS%GOBP%GO:0051703	BIOLOGICAL PROCESS INVOLVED IN INTRASPECIES INTERACTION BETWEEN ORGANISMS%GOBP%GO:0051703		29	0.46270686	1.2510668	0.17202798	1.0	1.0	7781	tags=38%, list=32%, signal=56%	
BLOOD VESSEL ENDOTHELIAL CELL MIGRATION%GOBP%GO:0043534	BLOOD VESSEL ENDOTHELIAL CELL MIGRATION%GOBP%GO:0043534		23	0.48062524	1.2508876	0.15937941	1.0	1.0	10820	tags=57%, list=44%, signal=101%	
REGULATION OF LEUKOCYTE MEDIATED IMMUNITY%GOBP%GO:0002703	REGULATION OF LEUKOCYTE MEDIATED IMMUNITY%GOBP%GO:0002703		195	0.35232505	1.2506946	0.058631923	1.0	1.0	8606	tags=44%, list=35%, signal=67%	
NITRIC OXIDE BIOSYNTHETIC PROCESS%GOBP%GO:0006809	NITRIC OXIDE BIOSYNTHETIC PROCESS%GOBP%GO:0006809		16	0.52298313	1.2506382	0.18432511	1.0	1.0	1474	tags=19%, list=6%, signal=20%	
HALLMARK_INTERFERON_ALPHA_RESPONSE%MSIGDBHALLMARK%HALLMARK_INTERFERON_ALPHA_RESPONSE	HALLMARK_INTERFERON_ALPHA_RESPONSE%MSIGDBHALLMARK%HALLMARK_INTERFERON_ALPHA_RESPONSE		86	0.38486406	1.2506055	0.10709988	1.0	1.0	9129	tags=49%, list=37%, signal=78%	
DAP12 INTERACTIONS%REACTOME%R-HSA-2172127.3	DAP12 INTERACTIONS%REACTOME%R-HSA-2172127.3		35	0.4423303	1.2504963	0.13997309	1.0	1.0	7216	tags=40%, list=29%, signal=57%	
ZINC HOMEOSTASIS%WIKIPATHWAYS_20260211%WP3529%HOMO SAPIENS	ZINC HOMEOSTASIS%WIKIPATHWAYS_20260211%WP3529%HOMO SAPIENS		31	0.4464723	1.2498784	0.15363881	1.0	1.0	8516	tags=52%, list=35%, signal=79%	
ARF6 TRAFFICKING EVENTS%PATHWAY INTERACTION DATABASE NCI-NATURE CURATED DATA%ARF6 TRAFFICKING EVENTS	ARF6 TRAFFICKING EVENTS%PATHWAY INTERACTION DATABASE NCI-NATURE CURATED DATA%ARF6 TRAFFICKING EVENTS		47	0.4159861	1.2498161	0.13224182	1.0	1.0	3619	tags=23%, list=15%, signal=27%	
BIOCARTA_TID_PATHWAY%MSIGDB_C2%BIOCARTA_TID_PATHWAY	BIOCARTA_TID_PATHWAY%MSIGDB_C2%BIOCARTA_TID_PATHWAY		15	0.52981544	1.2497962	0.16690856	1.0	1.0	7278	tags=47%, list=30%, signal=66%	
DETECTION OF CHEMICAL STIMULUS INVOLVED IN SENSORY PERCEPTION%GOBP%GO:0050907	DETECTION OF CHEMICAL STIMULUS INVOLVED IN SENSORY PERCEPTION%GOBP%GO:0050907		164	0.3549924	1.2496191	0.078475334	1.0	1.0	6565	tags=28%, list=27%, signal=38%	
REPLACEMENT OF PROTAMINES BY NUCLEOSOMES IN THE MALE PRONUCLEUS%REACTOME DATABASE ID RELEASE 95%9821993	REPLACEMENT OF PROTAMINES BY NUCLEOSOMES IN THE MALE PRONUCLEUS%REACTOME DATABASE ID RELEASE 95%9821993		24	0.47216296	1.2495588	0.18722786	1.0	1.0	2622	tags=29%, list=11%, signal=33%	
MIRNA METABOLIC PROCESS%GOBP%GO:0010586	MIRNA METABOLIC PROCESS%GOBP%GO:0010586		18	0.5021362	1.249058	0.17167382	1.0	1.0	6242	tags=39%, list=25%, signal=52%	
TAMOXIFEN METABOLISM%WIKIPATHWAYS_20260211%WP691%HOMO SAPIENS	TAMOXIFEN METABOLISM%WIKIPATHWAYS_20260211%WP691%HOMO SAPIENS		17	0.5222273	1.2490554	0.17460318	1.0	1.0	7690	tags=53%, list=31%, signal=77%	
SIGNALING BY FLT3 FUSION PROTEINS%REACTOME DATABASE ID RELEASE 95%9703465	SIGNALING BY FLT3 FUSION PROTEINS%REACTOME DATABASE ID RELEASE 95%9703465		17	0.51467746	1.2490292	0.19160838	1.0	1.0	3354	tags=35%, list=14%, signal=41%	
REGULATION OF STEROL BIOSYNTHETIC PROCESS%GOBP%GO:0106118	REGULATION OF STEROL BIOSYNTHETIC PROCESS%GOBP%GO:0106118		22	0.47880375	1.2487803	0.1804949	1.0	1.0	7554	tags=50%, list=31%, signal=72%	
CXCR4%IOB%CXCR4	CXCR4%IOB%CXCR4		63	0.3953004	1.2487648	0.13496932	1.0	1.0	7624	tags=43%, list=31%, signal=62%	
PURINE NUCLEOSIDE BISPHOSPHATE METABOLIC PROCESS%GOBP%GO:0034032	PURINE NUCLEOSIDE BISPHOSPHATE METABOLIC PROCESS%GOBP%GO:0034032		16	0.516499	1.248621	0.19033232	1.0	1.0	7191	tags=56%, list=29%, signal=80%	
CELL CHEMOTAXIS%GOBP%GO:0060326	CELL CHEMOTAXIS%GOBP%GO:0060326		178	0.351529	1.248466	0.06855278	1.0	1.0	8267	tags=43%, list=34%, signal=65%	
GLYCOLIPID METABOLIC PROCESS%GOBP%GO:0006664	GLYCOLIPID METABOLIC PROCESS%GOBP%GO:0006664		98	0.37768978	1.2484561	0.09400705	1.0	1.0	5922	tags=36%, list=24%, signal=47%	
CYCLIC NUCLEOTIDE BIOSYNTHETIC PROCESS%GOBP%GO:0009190	CYCLIC NUCLEOTIDE BIOSYNTHETIC PROCESS%GOBP%GO:0009190		20	0.4885655	1.2484255	0.17110799	1.0	1.0	4776	tags=40%, list=20%, signal=50%	
PORPHYRIN-CONTAINING COMPOUND CATABOLIC PROCESS%GOBP%GO:0006787	PORPHYRIN-CONTAINING COMPOUND CATABOLIC PROCESS%GOBP%GO:0006787		16	0.51666737	1.2481966	0.1790831	1.0	1.0	11517	tags=88%, list=47%, signal=165%	
STIMULATORY C-TYPE LECTIN RECEPTOR SIGNALING PATHWAY%GOBP%GO:0002223	STIMULATORY C-TYPE LECTIN RECEPTOR SIGNALING PATHWAY%GOBP%GO:0002223		21	0.49040705	1.2477877	0.18219177	1.0	1.0	7225	tags=48%, list=29%, signal=67%	
SOCIAL BEHAVIOR%GOBP%GO:0035176	SOCIAL BEHAVIOR%GOBP%GO:0035176		29	0.46270686	1.2477814	0.18046133	1.0	1.0	7781	tags=38%, list=32%, signal=56%	
REGULATION OF TUMOR NECROSIS FACTOR-MEDIATED SIGNALING PATHWAY%GOBP%GO:0010803	REGULATION OF TUMOR NECROSIS FACTOR-MEDIATED SIGNALING PATHWAY%GOBP%GO:0010803		57	0.4046765	1.2477068	0.12064677	1.0	1.0	5281	tags=30%, list=22%, signal=38%	
SPERM-EGG RECOGNITION%GOBP%GO:0035036	SPERM-EGG RECOGNITION%GOBP%GO:0035036		35	0.4329371	1.2473944	0.16846362	1.0	1.0	3051	tags=20%, list=12%, signal=23%	
BIOCARTA_MAL_PATHWAY%MSIGDB_C2%BIOCARTA_MAL_PATHWAY	BIOCARTA_MAL_PATHWAY%MSIGDB_C2%BIOCARTA_MAL_PATHWAY		16	0.5229979	1.2467858	0.18628912	1.0	1.0	7216	tags=50%, list=29%, signal=71%	
SPECIFICATION OF SYMMETRY%GOBP%GO:0009799	SPECIFICATION OF SYMMETRY%GOBP%GO:0009799		83	0.3807142	1.2462671	0.116136916	1.0	1.0	6199	tags=31%, list=25%, signal=42%	
LEUKOCYTE INTRINSIC HIPPO PATHWAY FUNCTIONS%WIKIPATHWAYS_20260211%WP4542%HOMO SAPIENS	LEUKOCYTE INTRINSIC HIPPO PATHWAY FUNCTIONS%WIKIPATHWAYS_20260211%WP4542%HOMO SAPIENS		25	0.4602061	1.2462388	0.16690442	1.0	1.0	8826	tags=60%, list=36%, signal=94%	
GASTRIN-CREB SIGNALLING PATHWAY VIA PKC AND MAPK%REACTOME DATABASE ID RELEASE 95%881907	GASTRIN-CREB SIGNALLING PATHWAY VIA PKC AND MAPK%REACTOME DATABASE ID RELEASE 95%881907		15	0.52348554	1.2461264	0.17429838	1.0	1.0	4076	tags=33%, list=17%, signal=40%	
POSITIVE REGULATION OF INTERLEUKIN-6 PRODUCTION%GOBP%GO:0032755	POSITIVE REGULATION OF INTERLEUKIN-6 PRODUCTION%GOBP%GO:0032755		74	0.39074254	1.2460932	0.119164616	1.0	1.0	3648	tags=24%, list=15%, signal=28%	
DICARBOXYLIC ACID METABOLIC PROCESS%GOBP%GO:0043648	DICARBOXYLIC ACID METABOLIC PROCESS%GOBP%GO:0043648		72	0.39089552	1.245958	0.1202454	1.0	1.0	5779	tags=39%, list=24%, signal=51%	
APOPTOSIS REGULATION BY PARATHYROID HORMONE RELATED PROTEIN%WIKIPATHWAYS_20260211%WP3872%HOMO SAPIENS	APOPTOSIS REGULATION BY PARATHYROID HORMONE RELATED PROTEIN%WIKIPATHWAYS_20260211%WP3872%HOMO SAPIENS		19	0.49603772	1.2459458	0.17872341	1.0	1.0	9122	tags=58%, list=37%, signal=92%	
CARBOHYDRATE TRANSPORT%GOBP%GO:0008643	CARBOHYDRATE TRANSPORT%GOBP%GO:0008643		46	0.4100441	1.245665	0.14322251	1.0	1.0	9150	tags=59%, list=37%, signal=94%	
CARDIAC CHAMBER DEVELOPMENT%GOBP%GO:0003205	CARDIAC CHAMBER DEVELOPMENT%GOBP%GO:0003205		98	0.37404165	1.2451999	0.11461988	1.0	1.0	7792	tags=41%, list=32%, signal=60%	
REGULATION OF LYMPHOCYTE CHEMOTAXIS%GOBP%GO:1901623	REGULATION OF LYMPHOCYTE CHEMOTAXIS%GOBP%GO:1901623		22	0.48397636	1.2449824	0.17428571	1.0	1.0	6440	tags=50%, list=26%, signal=68%	
TRANSCRIPTIONAL REGULATION BY NPAS4%REACTOME%R-HSA-9634815.4	TRANSCRIPTIONAL REGULATION BY NPAS4%REACTOME%R-HSA-9634815.4		33	0.4424572	1.2448354	0.1629139	1.0	1.0	6517	tags=39%, list=27%, signal=54%	
RIBONUCLEOSIDE BISPHOSPHATE METABOLIC PROCESS%GOBP%GO:0033875	RIBONUCLEOSIDE BISPHOSPHATE METABOLIC PROCESS%GOBP%GO:0033875		16	0.516499	1.24417	0.19407408	1.0	1.0	7191	tags=56%, list=29%, signal=80%	
MITOTIC G2 DNA DAMAGE CHECKPOINT SIGNALING%GOBP%GO:0007095	MITOTIC G2 DNA DAMAGE CHECKPOINT SIGNALING%GOBP%GO:0007095		31	0.45274296	1.2438033	0.16558018	1.0	1.0	4952	tags=29%, list=20%, signal=36%	
NEGATIVE REGULATION OF TELOMERE MAINTENANCE VIA TELOMERASE%GOBP%GO:0032211	NEGATIVE REGULATION OF TELOMERE MAINTENANCE VIA TELOMERASE%GOBP%GO:0032211		21	0.4808591	1.2435067	0.19172414	1.0	1.0	5027	tags=29%, list=21%, signal=36%	
ENTEROCYTE CHOLESTEROL METABOLISM%WIKIPATHWAYS_20260211%WP5333%HOMO SAPIENS	ENTEROCYTE CHOLESTEROL METABOLISM%WIKIPATHWAYS_20260211%WP5333%HOMO SAPIENS		33	0.44129753	1.2432064	0.14580467	1.0	1.0	8580	tags=55%, list=35%, signal=84%	
REGULATION OF NECROPTOTIC PROCESS%GOBP%GO:0060544	REGULATION OF NECROPTOTIC PROCESS%GOBP%GO:0060544		24	0.46392444	1.2430909	0.17746478	1.0	1.0	6163	tags=33%, list=25%, signal=44%	
CELLULAR RESPONSE TO FATTY ACID%GOBP%GO:0071398	CELLULAR RESPONSE TO FATTY ACID%GOBP%GO:0071398		20	0.492105	1.2428446	0.15331492	1.0	1.0	3022	tags=30%, list=12%, signal=34%	
KCNQ2 RELATED EPILEPSIES%WIKIPATHWAYS_20260211%WP5360%HOMO SAPIENS	KCNQ2 RELATED EPILEPSIES%WIKIPATHWAYS_20260211%WP5360%HOMO SAPIENS		16	0.5191744	1.2428242	0.17816092	1.0	1.0	5289	tags=38%, list=22%, signal=48%	
ASTROCYTE DEVELOPMENT%GOBP%GO:0014002	ASTROCYTE DEVELOPMENT%GOBP%GO:0014002		19	0.49600828	1.2427332	0.18518518	1.0	1.0	4873	tags=37%, list=20%, signal=46%	
GLUCOSE 6-PHOSPHATE METABOLIC PROCESS%GOBP%GO:0051156	GLUCOSE 6-PHOSPHATE METABOLIC PROCESS%GOBP%GO:0051156		21	0.48029774	1.2420311	0.17862166	1.0	1.0	6103	tags=43%, list=25%, signal=57%	
SYNAPTIC TRANSMISSION, GLUTAMATERGIC%GOBP%GO:0035249	SYNAPTIC TRANSMISSION, GLUTAMATERGIC%GOBP%GO:0035249		28	0.45123154	1.2419872	0.19137466	1.0	1.0	4113	tags=29%, list=17%, signal=34%	
NEUTROPHIL CHEMOTAXIS%GOBP%GO:0030593	NEUTROPHIL CHEMOTAXIS%GOBP%GO:0030593		43	0.4178103	1.2419318	0.15171504	1.0	1.0	6908	tags=44%, list=28%, signal=61%	
VITAMIN D SENSITIVE CALCIUM SIGNALING IN DEPRESSION%WIKIPATHWAYS_20260211%WP4698%HOMO SAPIENS	VITAMIN D SENSITIVE CALCIUM SIGNALING IN DEPRESSION%WIKIPATHWAYS_20260211%WP4698%HOMO SAPIENS		26	0.46364108	1.2415694	0.16981132	1.0	1.0	4846	tags=27%, list=20%, signal=34%	
POSITIVE REGULATION OF SUBSTRATE ADHESION-DEPENDENT CELL SPREADING%GOBP%GO:1900026	POSITIVE REGULATION OF SUBSTRATE ADHESION-DEPENDENT CELL SPREADING%GOBP%GO:1900026		34	0.44520906	1.24046	0.16666667	1.0	1.0	5304	tags=38%, list=22%, signal=49%	
POSITIVE REGULATION OF SODIUM ION TRANSPORT%GOBP%GO:0010765	POSITIVE REGULATION OF SODIUM ION TRANSPORT%GOBP%GO:0010765		30	0.44885284	1.2402269	0.15633424	1.0	1.0	7272	tags=43%, list=30%, signal=62%	
POSITIVE REGULATION OF EMBRYONIC DEVELOPMENT%GOBP%GO:0040019	POSITIVE REGULATION OF EMBRYONIC DEVELOPMENT%GOBP%GO:0040019		24	0.46956527	1.2399774	0.19014084	1.0	1.0	6006	tags=38%, list=25%, signal=50%	
POSITIVE REGULATION OF TRANSMEMBRANE TRANSPORT%GOBP%GO:0034764	POSITIVE REGULATION OF TRANSMEMBRANE TRANSPORT%GOBP%GO:0034764		143	0.35931748	1.2392937	0.09010011	1.0	1.0	6795	tags=34%, list=28%, signal=47%	
CELL-MATRIX ADHESION%GOBP%GO:0007160	CELL-MATRIX ADHESION%GOBP%GO:0007160		115	0.36603191	1.239027	0.10185185	1.0	1.0	5878	tags=28%, list=24%, signal=36%	
MEMBRANE DEPOLARIZATION DURING CARDIAC MUSCLE CELL ACTION POTENTIAL%GOBP%GO:0086012	MEMBRANE DEPOLARIZATION DURING CARDIAC MUSCLE CELL ACTION POTENTIAL%GOBP%GO:0086012		17	0.50401336	1.238977	0.19130434	1.0	1.0	7163	tags=41%, list=29%, signal=58%	
REGULATION OF PROGRAMMED NECROTIC CELL DEATH%GOBP%GO:0062098	REGULATION OF PROGRAMMED NECROTIC CELL DEATH%GOBP%GO:0062098		27	0.4530833	1.2389017	0.16348773	1.0	1.0	6163	tags=30%, list=25%, signal=40%	
AMYLOID FIBER FORMATION%REACTOME DATABASE ID RELEASE 95%977225	AMYLOID FIBER FORMATION%REACTOME DATABASE ID RELEASE 95%977225		78	0.3850536	1.2388568	0.13922518	1.0	1.0	3331	tags=26%, list=14%, signal=30%	
RELEASE OF SEQUESTERED CALCIUM ION INTO CYTOSOL%GOBP%GO:0051209	RELEASE OF SEQUESTERED CALCIUM ION INTO CYTOSOL%GOBP%GO:0051209		51	0.40373334	1.2386657	0.15258512	1.0	1.0	8303	tags=57%, list=34%, signal=86%	
PIGMENTATION%GOBP%GO:0043473	PIGMENTATION%GOBP%GO:0043473		79	0.3802124	1.2384834	0.11497006	1.0	1.0	5048	tags=30%, list=21%, signal=38%	
NEGATIVE REGULATION OF ENDOCYTOSIS%GOBP%GO:0045806	NEGATIVE REGULATION OF ENDOCYTOSIS%GOBP%GO:0045806		56	0.39501327	1.2384026	0.15856777	1.0	1.0	4457	tags=29%, list=18%, signal=35%	
REGULATION OF BLOOD COAGULATION%GOBP%GO:0030193	REGULATION OF BLOOD COAGULATION%GOBP%GO:0030193		56	0.40325165	1.2379766	0.15267175	1.0	1.0	8484	tags=46%, list=35%, signal=71%	
HALLMARK_HEDGEHOG_SIGNALING%MSIGDBHALLMARK%HALLMARK_HEDGEHOG_SIGNALING	HALLMARK_HEDGEHOG_SIGNALING%MSIGDBHALLMARK%HALLMARK_HEDGEHOG_SIGNALING		29	0.4544586	1.237836	0.18193892	1.0	1.0	3951	tags=28%, list=16%, signal=33%	
REGULATION OF CHOLESTEROL STORAGE%GOBP%GO:0010885	REGULATION OF CHOLESTEROL STORAGE%GOBP%GO:0010885		16	0.52342945	1.2378325	0.21542941	1.0	1.0	7944	tags=56%, list=32%, signal=83%	
GLUTAMATE RECEPTOR SIGNALING PATHWAY%GOBP%GO:0007215	GLUTAMATE RECEPTOR SIGNALING PATHWAY%GOBP%GO:0007215		45	0.41452304	1.2375441	0.17142858	1.0	1.0	4114	tags=36%, list=17%, signal=43%	
GLYCEROPHOSPHOLIPID BIOSYNTHESIS%REACTOME DATABASE ID RELEASE 95%1483206	GLYCEROPHOSPHOLIPID BIOSYNTHESIS%REACTOME DATABASE ID RELEASE 95%1483206		129	0.35929257	1.237446	0.10056497	1.0	1.0	5976	tags=28%, list=24%, signal=37%	
STING PATHWAY IN KAWASAKI LIKE DISEASE AND COVID 19%WIKIPATHWAYS_20260211%WP4961%HOMO SAPIENS	STING PATHWAY IN KAWASAKI LIKE DISEASE AND COVID 19%WIKIPATHWAYS_20260211%WP4961%HOMO SAPIENS		19	0.4979771	1.2365139	0.17630059	1.0	1.0	8597	tags=53%, list=35%, signal=81%	
VASCULOGENESIS%GOBP%GO:0001570	VASCULOGENESIS%GOBP%GO:0001570		34	0.43888396	1.236191	0.17204301	1.0	1.0	6068	tags=29%, list=25%, signal=39%	
INNATE IMMUNE RESPONSE ACTIVATING CELL SURFACE RECEPTOR SIGNALING PATHWAY%GOBP%GO:0002220	INNATE IMMUNE RESPONSE ACTIVATING CELL SURFACE RECEPTOR SIGNALING PATHWAY%GOBP%GO:0002220		60	0.39556673	1.2357342	0.15275995	1.0	1.0	5013	tags=33%, list=20%, signal=42%	
FIBRIN COMPLEMENT RECEPTOR 3 SIGNALING%WIKIPATHWAYS_20260211%WP4136%HOMO SAPIENS	FIBRIN COMPLEMENT RECEPTOR 3 SIGNALING%WIKIPATHWAYS_20260211%WP4136%HOMO SAPIENS		36	0.42525077	1.2356299	0.1754386	1.0	1.0	3781	tags=33%, list=15%, signal=39%	
MALE MEIOSIS I%GOBP%GO:0007141	MALE MEIOSIS I%GOBP%GO:0007141		17	0.50641507	1.2350516	0.21181557	1.0	1.0	4501	tags=35%, list=18%, signal=43%	
SECONDARY METABOLIC PROCESS%GOBP%GO:0019748	SECONDARY METABOLIC PROCESS%GOBP%GO:0019748		40	0.42791077	1.2346781	0.17385621	1.0	1.0	6955	tags=45%, list=28%, signal=63%	
REGULATORY NCRNA PROCESSING%GOBP%GO:0070918	REGULATORY NCRNA PROCESSING%GOBP%GO:0070918		59	0.397408	1.2346168	0.14196762	1.0	1.0	3811	tags=25%, list=16%, signal=30%	
REGULATION OF TRANSCRIPTION BY RNA POLYMERASE I%GOBP%GO:0006356	REGULATION OF TRANSCRIPTION BY RNA POLYMERASE I%GOBP%GO:0006356		43	0.41722807	1.2343539	0.14489004	1.0	1.0	3937	tags=23%, list=16%, signal=28%	
RECIPROCAL HOMOLOGOUS RECOMBINATION%GOBP%GO:0140527	RECIPROCAL HOMOLOGOUS RECOMBINATION%GOBP%GO:0140527		58	0.39231923	1.2342176	0.1500615	1.0	1.0	3827	tags=26%, list=16%, signal=31%	
PKR-MEDIATED SIGNALING%REACTOME%R-HSA-9833482.3	PKR-MEDIATED SIGNALING%REACTOME%R-HSA-9833482.3		56	0.40057728	1.2331972	0.16438356	1.0	1.0	5027	tags=32%, list=21%, signal=40%	
POSITIVE REGULATION OF B CELL MEDIATED IMMUNITY%GOBP%GO:0002714	POSITIVE REGULATION OF B CELL MEDIATED IMMUNITY%GOBP%GO:0002714		22	0.4856273	1.2331553	0.17391305	1.0	1.0	4749	tags=36%, list=19%, signal=45%	
EPITHELIAL CELL MORPHOGENESIS%GOBP%GO:0003382	EPITHELIAL CELL MORPHOGENESIS%GOBP%GO:0003382		19	0.48868695	1.2323868	0.19436201	1.0	1.0	7838	tags=32%, list=32%, signal=46%	
REGULATION OF PROTEIN NEDDYLATION%GOBP%GO:2000434	REGULATION OF PROTEIN NEDDYLATION%GOBP%GO:2000434		16	0.51309764	1.2323216	0.197787	1.0	1.0	1721	tags=25%, list=7%, signal=27%	
CELLULAR RESPONSE TO LIPOPROTEIN PARTICLE STIMULUS%GOBP%GO:0071402	CELLULAR RESPONSE TO LIPOPROTEIN PARTICLE STIMULUS%GOBP%GO:0071402		32	0.44010976	1.2318097	0.18242344	1.0	1.0	7944	tags=47%, list=32%, signal=69%	
BIOCARTA_NFKB_PATHWAY%MSIGDB_C2%BIOCARTA_NFKB_PATHWAY	BIOCARTA_NFKB_PATHWAY%MSIGDB_C2%BIOCARTA_NFKB_PATHWAY		20	0.48483703	1.2316682	0.20166898	1.0	1.0	4634	tags=30%, list=19%, signal=37%	
BETA1 INTEGRIN CELL SURFACE INTERACTIONS%PATHWAY INTERACTION DATABASE NCI-NATURE CURATED DATA%BETA1 INTEGRIN CELL SURFACE INTERACTIONS	BETA1 INTEGRIN CELL SURFACE INTERACTIONS%PATHWAY INTERACTION DATABASE NCI-NATURE CURATED DATA%BETA1 INTEGRIN CELL SURFACE INTERACTIONS		66	0.39028594	1.2312129	0.13636364	1.0	1.0	5878	tags=35%, list=24%, signal=46%	
TRANSCRIPTIONAL REGULATION BY MECP2%REACTOME DATABASE ID RELEASE 95%8986944	TRANSCRIPTIONAL REGULATION BY MECP2%REACTOME DATABASE ID RELEASE 95%8986944		58	0.39729926	1.2308444	0.13875	1.0	1.0	6694	tags=43%, list=27%, signal=59%	
RESPONSE TO ZINC ION%GOBP%GO:0010043	RESPONSE TO ZINC ION%GOBP%GO:0010043		29	0.45450893	1.2307446	0.17931035	1.0	1.0	5418	tags=38%, list=22%, signal=49%	
HALLMARK_APICAL_JUNCTION%MSIGDBHALLMARK%HALLMARK_APICAL_JUNCTION	HALLMARK_APICAL_JUNCTION%MSIGDBHALLMARK%HALLMARK_APICAL_JUNCTION		156	0.35228074	1.2307425	0.10333333	1.0	1.0	8013	tags=37%, list=33%, signal=55%	
PID_FAS_PATHWAY%MSIGDB_C2%PID_FAS_PATHWAY	PID_FAS_PATHWAY%MSIGDB_C2%PID_FAS_PATHWAY		32	0.44339252	1.2301959	0.1849315	1.0	1.0	4990	tags=28%, list=20%, signal=35%	
POSITIVE REGULATION OF DNA RECOMBINATION%GOBP%GO:0045911	POSITIVE REGULATION OF DNA RECOMBINATION%GOBP%GO:0045911		62	0.38981217	1.2298656	0.14161491	1.0	1.0	4749	tags=31%, list=19%, signal=38%	
FAS (CD95) SIGNALING PATHWAY%PATHWAY INTERACTION DATABASE NCI-NATURE CURATED DATA%FAS (CD95) SIGNALING PATHWAY	FAS (CD95) SIGNALING PATHWAY%PATHWAY INTERACTION DATABASE NCI-NATURE CURATED DATA%FAS (CD95) SIGNALING PATHWAY		35	0.43545488	1.2295297	0.16071428	1.0	1.0	4990	tags=29%, list=20%, signal=36%	
REGULATION OF SYSTEMIC ARTERIAL BLOOD PRESSURE%GOBP%GO:0003073	REGULATION OF SYSTEMIC ARTERIAL BLOOD PRESSURE%GOBP%GO:0003073		54	0.40636438	1.2294669	0.16558018	1.0	1.0	7080	tags=48%, list=29%, signal=68%	
POSITIVE REGULATION OF MITOTIC SISTER CHROMATID SEPARATION%GOBP%GO:1901970	POSITIVE REGULATION OF MITOTIC SISTER CHROMATID SEPARATION%GOBP%GO:1901970		21	0.47773835	1.2294451	0.1907357	1.0	1.0	6009	tags=38%, list=25%, signal=50%	
POST-GOLGI VESICLE-MEDIATED TRANSPORT%GOBP%GO:0006892	POST-GOLGI VESICLE-MEDIATED TRANSPORT%GOBP%GO:0006892		102	0.36654615	1.2291604	0.12543154	1.0	1.0	7363	tags=41%, list=30%, signal=59%	
FORMATION OF THE CANONICAL BAF (CBAF) COMPLEX%REACTOME DATABASE ID RELEASE 95%9933937	FORMATION OF THE CANONICAL BAF (CBAF) COMPLEX%REACTOME DATABASE ID RELEASE 95%9933937		18	0.4927156	1.2291472	0.18857142	1.0	1.0	6855	tags=50%, list=28%, signal=69%	
GOLGI TO PLASMA MEMBRANE TRANSPORT%GOBP%GO:0006893	GOLGI TO PLASMA MEMBRANE TRANSPORT%GOBP%GO:0006893		53	0.40012577	1.2286942	0.16	1.0	1.0	7332	tags=43%, list=30%, signal=62%	
HISTIDINE METABOLISM%SMPDB%SMP0000044	HISTIDINE METABOLISM%SMPDB%SMP0000044		17	0.50248617	1.2286077	0.21613833	1.0	1.0	5704	tags=47%, list=23%, signal=61%	
FATTY ACID METABOLISM%REACTOME%R-HSA-8978868.7	FATTY ACID METABOLISM%REACTOME%R-HSA-8978868.7		169	0.34817508	1.2283031	0.09031556	1.0	1.0	5490	tags=32%, list=22%, signal=41%	
DETECTION OF OTHER ORGANISM%GOBP%GO:0098543	DETECTION OF OTHER ORGANISM%GOBP%GO:0098543		19	0.4867212	1.228272	0.18617772	1.0	1.0	7225	tags=53%, list=29%, signal=75%	
EPITHELIAL CELL PROLIFERATION%GOBP%GO:0050673	EPITHELIAL CELL PROLIFERATION%GOBP%GO:0050673		51	0.41038677	1.2277926	0.16287878	1.0	1.0	2258	tags=20%, list=9%, signal=22%	
RESPONSE TO XENOBIOTIC STIMULUS%GOBP%GO:0009410	RESPONSE TO XENOBIOTIC STIMULUS%GOBP%GO:0009410		195	0.3446695	1.2277062	0.0751073	1.0	1.0	7765	tags=43%, list=32%, signal=63%	
DISULFIRAM ACTION PATHWAY%PATHWHIZ%PW000431	DISULFIRAM ACTION PATHWAY%PATHWHIZ%PW000431		23	0.47000605	1.2276543	0.19888735	1.0	1.0	10500	tags=70%, list=43%, signal=122%	
POSITIVE REGULATION OF SYNAPTIC TRANSMISSION, GLUTAMATERGIC%GOBP%GO:0051968	POSITIVE REGULATION OF SYNAPTIC TRANSMISSION, GLUTAMATERGIC%GOBP%GO:0051968		24	0.4688145	1.2275271	0.18758434	1.0	1.0	1349	tags=17%, list=6%, signal=18%	
PROTEIN O-LINKED GLYCOSYLATION VIA N-ACETYL-GALACTOSAMINE%GOBP%GO:0016266	PROTEIN O-LINKED GLYCOSYLATION VIA N-ACETYL-GALACTOSAMINE%GOBP%GO:0016266		34	0.43120843	1.2275211	0.16395664	1.0	1.0	5963	tags=38%, list=24%, signal=50%	
REGULATION OF NUCLEAR DIVISION%GOBP%GO:0051783	REGULATION OF NUCLEAR DIVISION%GOBP%GO:0051783		128	0.35706902	1.227509	0.11551529	1.0	1.0	6485	tags=34%, list=26%, signal=45%	
VESICLE-MEDIATED TRANSPORT TO THE PLASMA MEMBRANE%GOBP%GO:0098876	VESICLE-MEDIATED TRANSPORT TO THE PLASMA MEMBRANE%GOBP%GO:0098876		132	0.3555219	1.2274901	0.10364465	1.0	1.0	7061	tags=38%, list=29%, signal=53%	
CELL SURFACE RECEPTOR SIGNALING PATHWAY VIA JAK-STAT%GOBP%GO:0007259	CELL SURFACE RECEPTOR SIGNALING PATHWAY VIA JAK-STAT%GOBP%GO:0007259		69	0.3863255	1.227117	0.14552239	1.0	1.0	8895	tags=51%, list=36%, signal=79%	
REGULATION OF CELL CYCLE CHECKPOINT%GOBP%GO:1901976	REGULATION OF CELL CYCLE CHECKPOINT%GOBP%GO:1901976		55	0.403369	1.2269995	0.160401	1.0	1.0	6450	tags=36%, list=26%, signal=49%	
PROTEIN NEDDYLATION%GOBP%GO:0045116	PROTEIN NEDDYLATION%GOBP%GO:0045116		21	0.48127946	1.226473	0.17806268	1.0	1.0	4023	tags=33%, list=16%, signal=40%	
REGULATION OF FIBROBLAST MIGRATION%GOBP%GO:0010762	REGULATION OF FIBROBLAST MIGRATION%GOBP%GO:0010762		21	0.47606474	1.2263938	0.19917013	1.0	1.0	2926	tags=24%, list=12%, signal=27%	
INTERLEUKIN-10 SIGNALING%REACTOME%R-HSA-6783783.5	INTERLEUKIN-10 SIGNALING%REACTOME%R-HSA-6783783.5		44	0.41337997	1.2261933	0.16886544	1.0	1.0	8948	tags=45%, list=37%, signal=71%	
MONONUCLEAR CELL MIGRATION%GOBP%GO:0071674	MONONUCLEAR CELL MIGRATION%GOBP%GO:0071674		88	0.3680935	1.2261393	0.14437869	1.0	1.0	6908	tags=41%, list=28%, signal=57%	
PPARA ACTIVATES GENE EXPRESSION%REACTOME DATABASE ID RELEASE 95%1989781	PPARA ACTIVATES GENE EXPRESSION%REACTOME DATABASE ID RELEASE 95%1989781		114	0.3625518	1.2260563	0.11484919	1.0	1.0	3426	tags=18%, list=14%, signal=20%	
MITOCHONDRIAL TRANSMEMBRANE TRANSPORT%GOBP%GO:1990542	MITOCHONDRIAL TRANSMEMBRANE TRANSPORT%GOBP%GO:1990542		23	0.46802282	1.225822	0.18364419	1.0	1.0	6770	tags=52%, list=28%, signal=72%	
KILLER CELL IMMUNOGLOBULIN LIKE RECEPTORS AND HUMAN LEUKOCYTE ANTIGEN C PATHWAY%WIKIPATHWAYS_20260211%WP5576%HOMO SAPIENS	KILLER CELL IMMUNOGLOBULIN LIKE RECEPTORS AND HUMAN LEUKOCYTE ANTIGEN C PATHWAY%WIKIPATHWAYS_20260211%WP5576%HOMO SAPIENS		20	0.48100185	1.2257131	0.19498608	1.0	1.0	1932	tags=25%, list=8%, signal=27%	
FEMALE GAMETE GENERATION%GOBP%GO:0007292	FEMALE GAMETE GENERATION%GOBP%GO:0007292		84	0.37482503	1.2255948	0.14619882	1.0	1.0	3316	tags=23%, list=14%, signal=26%	
POSITIVE REGULATION OF INSULIN SECRETION INVOLVED IN CELLULAR RESPONSE TO GLUCOSE STIMULUS%GOBP%GO:0035774	POSITIVE REGULATION OF INSULIN SECRETION INVOLVED IN CELLULAR RESPONSE TO GLUCOSE STIMULUS%GOBP%GO:0035774		16	0.5058776	1.2255801	0.20356612	1.0	1.0	3481	tags=31%, list=14%, signal=36%	
RESPONSE TO MECHANICAL STIMULUS%GOBP%GO:0009612	RESPONSE TO MECHANICAL STIMULUS%GOBP%GO:0009612		112	0.3654723	1.2254969	0.11355736	1.0	1.0	7805	tags=40%, list=32%, signal=59%	
REGULATION OF CILIUM BEAT FREQUENCY%GOBP%GO:0003356	REGULATION OF CILIUM BEAT FREQUENCY%GOBP%GO:0003356		15	0.5184581	1.225327	0.21377331	1.0	1.0	5570	tags=40%, list=23%, signal=52%	
LPS AND CITRATE SIGNALING AND INFLAMMATION%PATHWHIZ%PW101069	LPS AND CITRATE SIGNALING AND INFLAMMATION%PATHWHIZ%PW101069		22	0.47753772	1.2252321	0.21621622	1.0	1.0	7017	tags=50%, list=29%, signal=70%	
PHENOL-CONTAINING COMPOUND BIOSYNTHETIC PROCESS%GOBP%GO:0046189	PHENOL-CONTAINING COMPOUND BIOSYNTHETIC PROCESS%GOBP%GO:0046189		22	0.48241964	1.224346	0.20289855	1.0	1.0	5702	tags=45%, list=23%, signal=59%	
KYNURENINE PATHWAY AND LINKS TO CELL SENESCENCE%WIKIPATHWAYS_20260211%WP5044%HOMO SAPIENS	KYNURENINE PATHWAY AND LINKS TO CELL SENESCENCE%WIKIPATHWAYS_20260211%WP5044%HOMO SAPIENS		19	0.48396787	1.2243367	0.18428572	1.0	1.0	7809	tags=47%, list=32%, signal=69%	
INNER EAR RECEPTOR CELL DIFFERENTIATION%GOBP%GO:0060113	INNER EAR RECEPTOR CELL DIFFERENTIATION%GOBP%GO:0060113		18	0.49526313	1.2241136	0.19590643	1.0	1.0	3329	tags=28%, list=14%, signal=32%	
TRANSLOCATION OF SLC2A4 (GLUT4) TO THE PLASMA MEMBRANE%REACTOME%R-HSA-1445148.4	TRANSLOCATION OF SLC2A4 (GLUT4) TO THE PLASMA MEMBRANE%REACTOME%R-HSA-1445148.4		51	0.39888704	1.2240691	0.15979381	1.0	1.0	7216	tags=43%, list=29%, signal=61%	
KIDNEY FUNCTION - DISTAL CONVOLUTED TUBULE%SMPDB%SMP0121012	KIDNEY FUNCTION - DISTAL CONVOLUTED TUBULE%SMPDB%SMP0121012		18	0.4842204	1.2234671	0.2168331	1.0	1.0	9851	tags=61%, list=40%, signal=102%	
REGULATION OF MITOTIC NUCLEAR DIVISION%GOBP%GO:0007088	REGULATION OF MITOTIC NUCLEAR DIVISION%GOBP%GO:0007088		115	0.36444226	1.2233596	0.11791907	1.0	1.0	3965	tags=23%, list=16%, signal=28%	
POSTMITOTIC NUCLEAR PORE COMPLEX (NPC) REFORMATION%REACTOME DATABASE ID RELEASE 95%9615933	POSTMITOTIC NUCLEAR PORE COMPLEX (NPC) REFORMATION%REACTOME DATABASE ID RELEASE 95%9615933		24	0.46578956	1.223271	0.19448276	1.0	1.0	7041	tags=42%, list=29%, signal=58%	
REGULATION OF B CELL DIFFERENTIATION%GOBP%GO:0045577	REGULATION OF B CELL DIFFERENTIATION%GOBP%GO:0045577		24	0.4654265	1.2231741	0.18791947	1.0	1.0	3179	tags=33%, list=13%, signal=38%	
AXON GUIDANCE MEDIATED BY SLIT ROBO%PANTHER PATHWAY%P00008	AXON GUIDANCE MEDIATED BY SLIT ROBO%PANTHER PATHWAY%P00008		18	0.49491858	1.222977	0.21574344	1.0	1.0	7543	tags=56%, list=31%, signal=80%	
HISTIDINEMIA%PATHWHIZ%PW000113	HISTIDINEMIA%PATHWHIZ%PW000113		17	0.50248617	1.2229176	0.22443181	1.0	1.0	5704	tags=47%, list=23%, signal=61%	
OXIDATIVE PHOSPHORYLATION%GOBP%GO:0006119	OXIDATIVE PHOSPHORYLATION%GOBP%GO:0006119		82	0.3762022	1.2228802	0.1294964	1.0	1.0	5972	tags=23%, list=24%, signal=31%	
MATURATION OF NUCLEOPROTEIN%REACTOME DATABASE ID RELEASE 95%9694631	MATURATION OF NUCLEOPROTEIN%REACTOME DATABASE ID RELEASE 95%9694631		15	0.50785565	1.222809	0.20845482	1.0	1.0	3121	tags=27%, list=13%, signal=31%	
LEARNING%GOBP%GO:0007612	LEARNING%GOBP%GO:0007612		56	0.3958605	1.2225349	0.13559322	1.0	1.0	7036	tags=48%, list=29%, signal=67%	
REGULATION OF HETEROCHROMATIN ORGANIZATION%GOBP%GO:0120261	REGULATION OF HETEROCHROMATIN ORGANIZATION%GOBP%GO:0120261		15	0.5207101	1.2219683	0.19627507	1.0	1.0	1698	tags=13%, list=7%, signal=14%	
PIGMENT CATABOLIC PROCESS%GOBP%GO:0046149	PIGMENT CATABOLIC PROCESS%GOBP%GO:0046149		15	0.5158562	1.221281	0.20480226	1.0	1.0	11517	tags=87%, list=47%, signal=163%	
SARS COV 2 MITOCHONDRIAL CHRONIC OXIDATIVE STRESS AND ENDOTHELIAL DYSFUNCTION%WIKIPATHWAYS_20260211%WP5183%HOMO SAPIENS	SARS COV 2 MITOCHONDRIAL CHRONIC OXIDATIVE STRESS AND ENDOTHELIAL DYSFUNCTION%WIKIPATHWAYS_20260211%WP5183%HOMO SAPIENS		20	0.4782873	1.2209836	0.19859155	1.0	1.0	7580	tags=40%, list=31%, signal=58%	
MEMBRANE ASSEMBLY%GOBP%GO:0071709	MEMBRANE ASSEMBLY%GOBP%GO:0071709		53	0.39949876	1.2206209	0.16149068	1.0	1.0	4348	tags=26%, list=18%, signal=32%	
CONGENITAL BILE ACID SYNTHESIS DEFECT TYPE II%PATHWHIZ%PW000192	CONGENITAL BILE ACID SYNTHESIS DEFECT TYPE II%PATHWHIZ%PW000192		17	0.4948376	1.2204337	0.20949721	1.0	1.0	5746	tags=41%, list=23%, signal=54%	
NF KB SIGNALING AND ARTD FAMILY MEMBERS%WIKIPATHWAYS_20260211%WP5527%HOMO SAPIENS	NF KB SIGNALING AND ARTD FAMILY MEMBERS%WIKIPATHWAYS_20260211%WP5527%HOMO SAPIENS		26	0.45490015	1.2204055	0.18911564	1.0	1.0	6335	tags=35%, list=26%, signal=47%	
MITOTIC SPINDLE CHECKPOINT SIGNALING%GOBP%GO:0071174	MITOTIC SPINDLE CHECKPOINT SIGNALING%GOBP%GO:0071174		27	0.4443288	1.2203602	0.1997226	1.0	1.0	3732	tags=30%, list=15%, signal=35%	
REGULATION OF PROTEIN LOCALIZATION TO MEMBRANE%GOBP%GO:1905475	REGULATION OF PROTEIN LOCALIZATION TO MEMBRANE%GOBP%GO:1905475		133	0.35331765	1.2198381	0.11312217	1.0	1.0	9796	tags=49%, list=40%, signal=81%	
PANCREAS FUNCTION - BETA CELL%PATHWHIZ%PW122285	PANCREAS FUNCTION - BETA CELL%PATHWHIZ%PW122285		19	0.49053538	1.2192825	0.19027779	1.0	1.0	3287	tags=26%, list=13%, signal=30%	
27-HYDROXYLASE DEFICIENCY%PATHWHIZ%PW000697	27-HYDROXYLASE DEFICIENCY%PATHWHIZ%PW000697		17	0.4948376	1.2187508	0.22408964	1.0	1.0	5746	tags=41%, list=23%, signal=54%	
NEGATIVE REGULATION OF CALCIUM ION TRANSMEMBRANE TRANSPORT%GOBP%GO:1903170	NEGATIVE REGULATION OF CALCIUM ION TRANSMEMBRANE TRANSPORT%GOBP%GO:1903170		28	0.44583508	1.2180326	0.19541779	1.0	1.0	3029	tags=25%, list=12%, signal=28%	
FAMILIAL HYPERCHOLANEMIA (FHCA)%PATHWHIZ%PW000194	FAMILIAL HYPERCHOLANEMIA (FHCA)%PATHWHIZ%PW000194		17	0.4948376	1.2179414	0.22585227	1.0	1.0	5746	tags=41%, list=23%, signal=54%	
POSITIVE REGULATION OF NON-CANONICAL NF-KAPPAB SIGNAL TRANSDUCTION%GOBP%GO:1901224	POSITIVE REGULATION OF NON-CANONICAL NF-KAPPAB SIGNAL TRANSDUCTION%GOBP%GO:1901224		44	0.41276446	1.2178131	0.18884665	1.0	1.0	5013	tags=32%, list=20%, signal=40%	
GPI ANCHOR METABOLIC PROCESS%GOBP%GO:0006505	GPI ANCHOR METABOLIC PROCESS%GOBP%GO:0006505		27	0.44506428	1.2177185	0.20600273	1.0	1.0	5745	tags=48%, list=23%, signal=63%	
REGULATION OF PROTEIN-CONTAINING COMPLEX DISASSEMBLY%GOBP%GO:0043244	REGULATION OF PROTEIN-CONTAINING COMPLEX DISASSEMBLY%GOBP%GO:0043244		102	0.36287847	1.2175369	0.14219114	1.0	1.0	5452	tags=29%, list=22%, signal=38%	
CHEMICAL SYNAPTIC TRANSMISSION, POSTSYNAPTIC%GOBP%GO:0099565	CHEMICAL SYNAPTIC TRANSMISSION, POSTSYNAPTIC%GOBP%GO:0099565		27	0.44638428	1.2173089	0.1997187	1.0	1.0	4727	tags=37%, list=19%, signal=46%	
EPO RECEPTOR SIGNALING%WIKIPATHWAYS_20260211%WP581%HOMO SAPIENS	EPO RECEPTOR SIGNALING%WIKIPATHWAYS_20260211%WP581%HOMO SAPIENS		19	0.48349404	1.2171353	0.21551724	1.0	1.0	8025	tags=53%, list=33%, signal=78%	
HYPOTHESIZED PATHWAYS IN PATHOGENESIS OF CARDIOVASCULAR DISEASE%WIKIPATHWAYS_20260211%WP3668%HOMO SAPIENS	HYPOTHESIZED PATHWAYS IN PATHOGENESIS OF CARDIOVASCULAR DISEASE%WIKIPATHWAYS_20260211%WP3668%HOMO SAPIENS		22	0.47331184	1.2171065	0.22589532	1.0	1.0	7677	tags=50%, list=31%, signal=73%	
CONGENITAL BILE ACID SYNTHESIS DEFECT TYPE III%PATHWHIZ%PW000193	CONGENITAL BILE ACID SYNTHESIS DEFECT TYPE III%PATHWHIZ%PW000193		17	0.4948376	1.2170076	0.20378457	1.0	1.0	5746	tags=41%, list=23%, signal=54%	
M-DECAY: DEGRADATION OF MATERNAL MRNAS BY MATERNALLY STORED FACTORS%REACTOME DATABASE ID RELEASE 95%9820841	M-DECAY: DEGRADATION OF MATERNAL MRNAS BY MATERNALLY STORED FACTORS%REACTOME DATABASE ID RELEASE 95%9820841		25	0.45483744	1.216884	0.19806094	1.0	1.0	4716	tags=40%, list=19%, signal=49%	
BILE ACID BIOSYNTHESIS%SMPDB%SMP0000035	BILE ACID BIOSYNTHESIS%SMPDB%SMP0000035		17	0.4948376	1.2168454	0.20906433	1.0	1.0	5746	tags=41%, list=23%, signal=54%	
CILIOPATHIES%WIKIPATHWAYS_20260211%WP4803%HOMO SAPIENS	CILIOPATHIES%WIKIPATHWAYS_20260211%WP4803%HOMO SAPIENS		151	0.352186	1.2167077	0.10789766	1.0	1.0	4767	tags=25%, list=19%, signal=31%	
STING MEDIATED INDUCTION OF HOST IMMUNE RESPONSES%REACTOME DATABASE ID RELEASE 95%1834941	STING MEDIATED INDUCTION OF HOST IMMUNE RESPONSES%REACTOME DATABASE ID RELEASE 95%1834941		16	0.4983821	1.2165432	0.20314735	1.0	1.0	4420	tags=31%, list=18%, signal=38%	
NEGATIVE REGULATION OF PROTEIN-CONTAINING COMPLEX DISASSEMBLY%GOBP%GO:0043242	NEGATIVE REGULATION OF PROTEIN-CONTAINING COMPLEX DISASSEMBLY%GOBP%GO:0043242		53	0.3953532	1.2162216	0.17468354	1.0	1.0	6374	tags=36%, list=26%, signal=48%	
C21-STEROID HORMONE METABOLIC PROCESS%GOBP%GO:0008207	C21-STEROID HORMONE METABOLIC PROCESS%GOBP%GO:0008207		21	0.47320503	1.2162032	0.21763085	1.0	1.0	4103	tags=29%, list=17%, signal=34%	
REGULATION OF COAGULATION%GOBP%GO:0050818	REGULATION OF COAGULATION%GOBP%GO:0050818		61	0.3943659	1.2161576	0.17830424	1.0	1.0	8484	tags=46%, list=35%, signal=70%	
NOTCH3 INTRACELLULAR DOMAIN REGULATES TRANSCRIPTION%REACTOME%R-HSA-9013508.2	NOTCH3 INTRACELLULAR DOMAIN REGULATES TRANSCRIPTION%REACTOME%R-HSA-9013508.2		24	0.46472776	1.2159851	0.21045393	1.0	1.0	6320	tags=46%, list=26%, signal=62%	
REGULATION OF POSTSYNAPTIC MEMBRANE POTENTIAL%GOBP%GO:0060078	REGULATION OF POSTSYNAPTIC MEMBRANE POTENTIAL%GOBP%GO:0060078		27	0.44638428	1.2155596	0.19444445	1.0	1.0	4727	tags=37%, list=19%, signal=46%	
REGULATION OF CILIUM ASSEMBLY%GOBP%GO:1902017	REGULATION OF CILIUM ASSEMBLY%GOBP%GO:1902017		74	0.37809938	1.2150687	0.1612515	1.0	1.0	6346	tags=32%, list=26%, signal=44%	
REGULATION OF INTERLEUKIN-13 PRODUCTION%GOBP%GO:0032656	REGULATION OF INTERLEUKIN-13 PRODUCTION%GOBP%GO:0032656		22	0.47482833	1.2142555	0.20827587	1.0	1.0	9177	tags=55%, list=37%, signal=87%	
REGULATION OF OLIGODENDROCYTE DIFFERENTIATION%GOBP%GO:0048713	REGULATION OF OLIGODENDROCYTE DIFFERENTIATION%GOBP%GO:0048713		19	0.48395476	1.214086	0.19830029	1.0	1.0	6295	tags=47%, list=26%, signal=64%	
REGULATION OF MICROTUBULE DEPOLYMERIZATION%GOBP%GO:0031114	REGULATION OF MICROTUBULE DEPOLYMERIZATION%GOBP%GO:0031114		27	0.44553187	1.2140783	0.1961057	1.0	1.0	6157	tags=37%, list=25%, signal=49%	
HALLMARK_OXIDATIVE_PHOSPHORYLATION%MSIGDBHALLMARK%HALLMARK_OXIDATIVE_PHOSPHORYLATION	HALLMARK_OXIDATIVE_PHOSPHORYLATION%MSIGDBHALLMARK%HALLMARK_OXIDATIVE_PHOSPHORYLATION		156	0.3472686	1.2138513	0.107344635	1.0	1.0	6031	tags=29%, list=25%, signal=38%	
REGULATION OF MAST CELL DEGRANULATION%GOBP%GO:0043304	REGULATION OF MAST CELL DEGRANULATION%GOBP%GO:0043304		17	0.4947884	1.2138419	0.22144847	1.0	1.0	8582	tags=65%, list=35%, signal=100%	
ORGANOPHOSPHATE CATABOLIC PROCESS%GOBP%GO:0046434	ORGANOPHOSPHATE CATABOLIC PROCESS%GOBP%GO:0046434		149	0.34751892	1.2138177	0.110491075	1.0	1.0	6762	tags=34%, list=28%, signal=46%	
PYRIMIDINE-CONTAINING COMPOUND BIOSYNTHETIC PROCESS%GOBP%GO:0072528	PYRIMIDINE-CONTAINING COMPOUND BIOSYNTHETIC PROCESS%GOBP%GO:0072528		27	0.44605803	1.2129755	0.20215634	1.0	1.0	8285	tags=52%, list=34%, signal=78%	
SODIUM CHANNEL IN EPILEPSY%WIKIPATHWAYS_20260211%WP5598%HOMO SAPIENS	SODIUM CHANNEL IN EPILEPSY%WIKIPATHWAYS_20260211%WP5598%HOMO SAPIENS		32	0.4355957	1.212788	0.18972331	1.0	1.0	2911	tags=25%, list=12%, signal=28%	
ZELLWEGER SYNDROME%PATHWHIZ%PW000195	ZELLWEGER SYNDROME%PATHWHIZ%PW000195		17	0.4948376	1.2126647	0.2187959	1.0	1.0	5746	tags=41%, list=23%, signal=54%	
THE VISUAL CYCLE I (VERTEBRATES)%BIOCYC%PWY-6861	THE VISUAL CYCLE I (VERTEBRATES)%BIOCYC%PWY-6861		16	0.501321	1.2126465	0.2215909	1.0	1.0	12	tags=6%, list=0%, signal=6%	
PID_RAS_PATHWAY%MSIGDB_C2%PID_RAS_PATHWAY	PID_RAS_PATHWAY%MSIGDB_C2%PID_RAS_PATHWAY		23	0.4610943	1.212405	0.19699043	1.0	1.0	4259	tags=35%, list=17%, signal=42%	
GLYCEROLIPIDS AND GLYCEROPHOSPHOLIPIDS%WIKIPATHWAYS_20260211%WP4722%HOMO SAPIENS	GLYCEROLIPIDS AND GLYCEROPHOSPHOLIPIDS%WIKIPATHWAYS_20260211%WP4722%HOMO SAPIENS		20	0.47303113	1.2121539	0.21533923	1.0	1.0	3418	tags=25%, list=14%, signal=29%	
AROMATIC AMINO ACID METABOLIC PROCESS%GOBP%GO:0009072	AROMATIC AMINO ACID METABOLIC PROCESS%GOBP%GO:0009072		33	0.42855072	1.2117825	0.17965654	1.0	1.0	6262	tags=42%, list=26%, signal=57%	
TYROBP CAUSAL NETWORK IN MICROGLIA%WIKIPATHWAYS_20260211%WP3945%HOMO SAPIENS	TYROBP CAUSAL NETWORK IN MICROGLIA%WIKIPATHWAYS_20260211%WP3945%HOMO SAPIENS		51	0.39505067	1.2114222	0.17723157	1.0	1.0	4708	tags=27%, list=19%, signal=34%	
CELL-CELL RECOGNITION%GOBP%GO:0009988	CELL-CELL RECOGNITION%GOBP%GO:0009988		47	0.40527505	1.2113316	0.17707007	1.0	1.0	3386	tags=21%, list=14%, signal=25%	
PEPTIDE LIGAND-BINDING RECEPTORS%REACTOME%R-HSA-375276.10	PEPTIDE LIGAND-BINDING RECEPTORS%REACTOME%R-HSA-375276.10		195	0.33817956	1.2112	0.10021552	1.0	1.0	6806	tags=35%, list=28%, signal=49%	
MITOTIC SPINDLE ORGANIZATION%GOBP%GO:0007052	MITOTIC SPINDLE ORGANIZATION%GOBP%GO:0007052		92	0.36507663	1.2105716	0.15484634	1.0	1.0	6608	tags=33%, list=27%, signal=44%	
POSITIVE REGULATION OF INTERLEUKIN-10 PRODUCTION%GOBP%GO:0032733	POSITIVE REGULATION OF INTERLEUKIN-10 PRODUCTION%GOBP%GO:0032733		35	0.42397368	1.2102975	0.18205805	1.0	1.0	7678	tags=46%, list=31%, signal=66%	
REGULATION OF HEMATOPOIETIC PROGENITOR CELL DIFFERENTIATION%GOBP%GO:1901532	REGULATION OF HEMATOPOIETIC PROGENITOR CELL DIFFERENTIATION%GOBP%GO:1901532		30	0.4393388	1.2102457	0.17218544	1.0	1.0	8432	tags=53%, list=34%, signal=81%	
METAPATHWAY BIOTRANSFORMATION PHASE I AND II%WIKIPATHWAYS_20260211%WP702%HOMO SAPIENS	METAPATHWAY BIOTRANSFORMATION PHASE I AND II%WIKIPATHWAYS_20260211%WP702%HOMO SAPIENS		143	0.34875005	1.2101189	0.1079865	1.0	1.0	9047	tags=52%, list=37%, signal=83%	
NEUTROPHIL MEDIATED IMMUNITY%GOBP%GO:0002446	NEUTROPHIL MEDIATED IMMUNITY%GOBP%GO:0002446		18	0.48628852	1.210107	0.234375	1.0	1.0	9565	tags=56%, list=39%, signal=91%	
IRAK4 DEFICIENCY (TLR2 4)%REACTOME DATABASE ID RELEASE 95%5603041	IRAK4 DEFICIENCY (TLR2 4)%REACTOME DATABASE ID RELEASE 95%5603041		18	0.4878991	1.2100625	0.21892655	1.0	1.0	7017	tags=56%, list=29%, signal=78%	
REGULATION OF SUPEROXIDE METABOLIC PROCESS%GOBP%GO:0090322	REGULATION OF SUPEROXIDE METABOLIC PROCESS%GOBP%GO:0090322		20	0.47306734	1.2095625	0.21161826	1.0	1.0	3379	tags=35%, list=14%, signal=41%	
PID_ERBB1_INTERNALIZATION_PATHWAY%MSIGDB_C2%PID_ERBB1_INTERNALIZATION_PATHWAY	PID_ERBB1_INTERNALIZATION_PATHWAY%MSIGDB_C2%PID_ERBB1_INTERNALIZATION_PATHWAY		34	0.42690524	1.209491	0.19163293	1.0	1.0	4592	tags=26%, list=19%, signal=33%	
STEROID METABOLIC PROCESS%GOBP%GO:0008202	STEROID METABOLIC PROCESS%GOBP%GO:0008202		194	0.338955	1.209414	0.10576923	1.0	1.0	5553	tags=28%, list=23%, signal=36%	
REGULATION OF ENDOCRINE PROCESS%GOBP%GO:0044060	REGULATION OF ENDOCRINE PROCESS%GOBP%GO:0044060		27	0.45443073	1.2094095	0.21389645	1.0	1.0	4227	tags=41%, list=17%, signal=49%	
CHEMOKINE SIGNALING%WIKIPATHWAYS_20260211%WP3929%HOMO SAPIENS	CHEMOKINE SIGNALING%WIKIPATHWAYS_20260211%WP3929%HOMO SAPIENS		138	0.3499133	1.2092066	0.13220339	1.0	1.0	5803	tags=33%, list=24%, signal=43%	
N-GLYCAN PROCESSING%GOBP%GO:0006491	N-GLYCAN PROCESSING%GOBP%GO:0006491		24	0.45237735	1.209041	0.23045821	1.0	1.0	5996	tags=42%, list=24%, signal=55%	
RESPONSE TO VITAMIN%GOBP%GO:0033273	RESPONSE TO VITAMIN%GOBP%GO:0033273		22	0.46859816	1.2088196	0.20891365	1.0	1.0	4952	tags=45%, list=20%, signal=57%	
STEROL BIOSYNTHETIC PROCESS%GOBP%GO:0016126	STEROL BIOSYNTHETIC PROCESS%GOBP%GO:0016126		32	0.4318689	1.2087705	0.18386243	1.0	1.0	5553	tags=31%, list=23%, signal=40%	
CEREBROTENDINOUS XANTHOMATOSIS (CTX)%PATHWHIZ%PW000196	CEREBROTENDINOUS XANTHOMATOSIS (CTX)%PATHWHIZ%PW000196		17	0.4948376	1.2087038	0.23964497	1.0	1.0	5746	tags=41%, list=23%, signal=54%	
N-GLYCAN ANTENNAE ELONGATION%REACTOME DATABASE ID RELEASE 95%975577	N-GLYCAN ANTENNAE ELONGATION%REACTOME DATABASE ID RELEASE 95%975577		15	0.5024537	1.2086325	0.21666667	1.0	1.0	5922	tags=53%, list=24%, signal=70%	
ATRIAL SEPTUM DEVELOPMENT%GOBP%GO:0003283	ATRIAL SEPTUM DEVELOPMENT%GOBP%GO:0003283		16	0.5118943	1.2079589	0.23043478	1.0	1.0	3748	tags=31%, list=15%, signal=37%	
REGULATION OF VIRAL LIFE CYCLE%GOBP%GO:1903900	REGULATION OF VIRAL LIFE CYCLE%GOBP%GO:1903900		104	0.3576355	1.2074813	0.13825983	1.0	1.0	4977	tags=27%, list=20%, signal=34%	
POSITIVE REGULATION OF EPIDERMAL CELL DIFFERENTIATION%GOBP%GO:0045606	POSITIVE REGULATION OF EPIDERMAL CELL DIFFERENTIATION%GOBP%GO:0045606		21	0.46591967	1.2074434	0.21562952	1.0	1.0	8161	tags=52%, list=33%, signal=78%	
TRANSEPITHELIAL TRANSPORT%GOBP%GO:0070633	TRANSEPITHELIAL TRANSPORT%GOBP%GO:0070633		28	0.4420126	1.2074347	0.20596206	1.0	1.0	8301	tags=54%, list=34%, signal=81%	
VESICLE TETHERING%GOBP%GO:0099022	VESICLE TETHERING%GOBP%GO:0099022		32	0.43826872	1.2074196	0.20488466	1.0	1.0	5770	tags=41%, list=24%, signal=53%	
MRNA CATABOLIC PROCESS%GOBP%GO:0006402	MRNA CATABOLIC PROCESS%GOBP%GO:0006402		133	0.34950063	1.2074186	0.12811792	1.0	1.0	6482	tags=32%, list=26%, signal=43%	
SPHINGOLIPID METABOLISM OVERVIEW%WIKIPATHWAYS_20260211%WP4725%HOMO SAPIENS	SPHINGOLIPID METABOLISM OVERVIEW%WIKIPATHWAYS_20260211%WP4725%HOMO SAPIENS		24	0.45285296	1.2069685	0.23246217	1.0	1.0	5296	tags=33%, list=22%, signal=42%	
REGULATION OF TRANSCRIPTION BY RNA POLYMERASE III%GOBP%GO:0006359	REGULATION OF TRANSCRIPTION BY RNA POLYMERASE III%GOBP%GO:0006359		29	0.44072235	1.2068495	0.20856354	1.0	1.0	3937	tags=24%, list=16%, signal=29%	
TGFBR3 EXPRESSION%REACTOME DATABASE ID RELEASE 95%9839394	TGFBR3 EXPRESSION%REACTOME DATABASE ID RELEASE 95%9839394		25	0.45312443	1.2066156	0.2041096	1.0	1.0	3811	tags=28%, list=16%, signal=33%	
HEME CATABOLIC PROCESS%GOBP%GO:0042167	HEME CATABOLIC PROCESS%GOBP%GO:0042167		15	0.5158562	1.206584	0.21828909	1.0	1.0	11517	tags=87%, list=47%, signal=163%	
PID_HIV_NEF_PATHWAY%MSIGDB_C2%PID_HIV_NEF_PATHWAY	PID_HIV_NEF_PATHWAY%MSIGDB_C2%PID_HIV_NEF_PATHWAY		28	0.4484981	1.2062966	0.22860962	1.0	1.0	4990	tags=29%, list=20%, signal=36%	
HALLMARK_INTERFERON_GAMMA_RESPONSE%MSIGDBHALLMARK%HALLMARK_INTERFERON_GAMMA_RESPONSE	HALLMARK_INTERFERON_GAMMA_RESPONSE%MSIGDBHALLMARK%HALLMARK_INTERFERON_GAMMA_RESPONSE		171	0.3443756	1.2059041	0.11441144	1.0	1.0	7758	tags=39%, list=32%, signal=57%	
POSITIVE REGULATION OF STRESS-ACTIVATED MAPK CASCADE%GOBP%GO:0032874	POSITIVE REGULATION OF STRESS-ACTIVATED MAPK CASCADE%GOBP%GO:0032874		17	0.48744258	1.2053243	0.19400856	1.0	1.0	8563	tags=65%, list=35%, signal=99%	
INTERACTIONS OF VPR WITH HOST CELLULAR PROTEINS%REACTOME%R-HSA-176033.4	INTERACTIONS OF VPR WITH HOST CELLULAR PROTEINS%REACTOME%R-HSA-176033.4		34	0.42704645	1.205125	0.19571045	1.0	1.0	6347	tags=35%, list=26%, signal=48%	
REGULATION OF CARDIAC MUSCLE CELL ACTION POTENTIAL%GOBP%GO:0098901	REGULATION OF CARDIAC MUSCLE CELL ACTION POTENTIAL%GOBP%GO:0098901		30	0.427945	1.2051164	0.20741758	1.0	1.0	7780	tags=40%, list=32%, signal=59%	
E2F MEDIATED REGULATION OF DNA REPLICATION%REACTOME%R-HSA-113510.5	E2F MEDIATED REGULATION OF DNA REPLICATION%REACTOME%R-HSA-113510.5		22	0.46732697	1.2050412	0.2296719	1.0	1.0	5669	tags=41%, list=23%, signal=53%	
REGULATION OF MITOTIC SISTER CHROMATID SEPARATION%GOBP%GO:0010965	REGULATION OF MITOTIC SISTER CHROMATID SEPARATION%GOBP%GO:0010965		67	0.38147557	1.2050202	0.16313823	1.0	1.0	3965	tags=25%, list=16%, signal=30%	
MIRNA-MEDIATED GENE SILENCING BY INHIBITION OF TRANSLATION%GOBP%GO:0035278	MIRNA-MEDIATED GENE SILENCING BY INHIBITION OF TRANSLATION%GOBP%GO:0035278		18	0.4843276	1.2048259	0.2110626	1.0	1.0	3811	tags=33%, list=16%, signal=39%	
HORMONE-MEDIATED SIGNALING PATHWAY%GOBP%GO:0009755	HORMONE-MEDIATED SIGNALING PATHWAY%GOBP%GO:0009755		104	0.3576473	1.203956	0.15232559	1.0	1.0	5463	tags=30%, list=22%, signal=38%	
PIGMENT METABOLIC PROCESS%GOBP%GO:0042440	PIGMENT METABOLIC PROCESS%GOBP%GO:0042440		59	0.38692933	1.2033544	0.17343174	1.0	1.0	8316	tags=47%, list=34%, signal=72%	
ATP TRANSPORT%GOBP%GO:0015867	ATP TRANSPORT%GOBP%GO:0015867		19	0.474396	1.20303	0.22237763	1.0	1.0	5910	tags=47%, list=24%, signal=62%	
ANTIGEN PROCESSING AND PRESENTATION OF EXOGENOUS PEPTIDE ANTIGEN%GOBP%GO:0002478	ANTIGEN PROCESSING AND PRESENTATION OF EXOGENOUS PEPTIDE ANTIGEN%GOBP%GO:0002478		37	0.41604748	1.2025857	0.20127389	1.0	1.0	7223	tags=49%, list=29%, signal=69%	
RECIPROCAL MEIOTIC RECOMBINATION%GOBP%GO:0007131	RECIPROCAL MEIOTIC RECOMBINATION%GOBP%GO:0007131		58	0.39231923	1.202527	0.18804483	1.0	1.0	3827	tags=26%, list=16%, signal=31%	
REGULATION OF MITOCHONDRIAL OUTER MEMBRANE PERMEABILIZATION INVOLVED IN APOPTOTIC SIGNALING PATHWAY%GOBP%GO:1901028	REGULATION OF MITOCHONDRIAL OUTER MEMBRANE PERMEABILIZATION INVOLVED IN APOPTOTIC SIGNALING PATHWAY%GOBP%GO:1901028		16	0.4978908	1.2024974	0.24113475	1.0	1.0	4002	tags=19%, list=16%, signal=22%	
INTERACTIONS OF NATURAL KILLER CELLS IN PANCREATIC CANCER%WIKIPATHWAYS_20260211%WP5092%HOMO SAPIENS	INTERACTIONS OF NATURAL KILLER CELLS IN PANCREATIC CANCER%WIKIPATHWAYS_20260211%WP5092%HOMO SAPIENS		25	0.45183137	1.2022218	0.21643835	1.0	1.0	9107	tags=60%, list=37%, signal=95%	
GENE SILENCING BY RNA%REACTOME%R-HSA-211000.5	GENE SILENCING BY RNA%REACTOME%R-HSA-211000.5		76	0.375924	1.2016354	0.17479192	1.0	1.0	3811	tags=24%, list=16%, signal=28%	
T CELL ACTIVATION%PANTHER PATHWAY%P00053	T CELL ACTIVATION%PANTHER PATHWAY%P00053		60	0.39165983	1.2014891	0.17618468	1.0	1.0	7624	tags=45%, list=31%, signal=65%	
NEGATIVE REGULATION OF INTERLEUKIN-8 PRODUCTION%GOBP%GO:0032717	NEGATIVE REGULATION OF INTERLEUKIN-8 PRODUCTION%GOBP%GO:0032717		16	0.49847063	1.2009789	0.24057971	1.0	1.0	11355	tags=69%, list=46%, signal=128%	
NEGATIVE REGULATION OF B CELL ACTIVATION%GOBP%GO:0050869	NEGATIVE REGULATION OF B CELL ACTIVATION%GOBP%GO:0050869		21	0.4655446	1.2008578	0.24501425	1.0	1.0	4925	tags=38%, list=20%, signal=48%	
CARDIAC HYPERTROPHIC RESPONSE%WIKIPATHWAYS_20260211%WP2795%HOMO SAPIENS	CARDIAC HYPERTROPHIC RESPONSE%WIKIPATHWAYS_20260211%WP2795%HOMO SAPIENS		49	0.4020705	1.2008193	0.19949812	1.0	1.0	7257	tags=39%, list=30%, signal=55%	
POSITIVE REGULATION OF ANTIGEN RECEPTOR-MEDIATED SIGNALING PATHWAY%GOBP%GO:0050857	POSITIVE REGULATION OF ANTIGEN RECEPTOR-MEDIATED SIGNALING PATHWAY%GOBP%GO:0050857		20	0.47237736	1.200507	0.24725275	1.0	1.0	3597	tags=30%, list=15%, signal=35%	
PROTEIN LOCALIZATION TO MICROTUBULE ORGANIZING CENTER%GOBP%GO:1905508	PROTEIN LOCALIZATION TO MICROTUBULE ORGANIZING CENTER%GOBP%GO:1905508		23	0.45424548	1.2004178	0.22014388	1.0	1.0	4550	tags=26%, list=19%, signal=32%	
CELL SURFACE PATTERN RECOGNITION RECEPTOR SIGNALING PATHWAY%GOBP%GO:0002752	CELL SURFACE PATTERN RECOGNITION RECEPTOR SIGNALING PATHWAY%GOBP%GO:0002752		42	0.4110551	1.2000406	0.18766066	1.0	1.0	3687	tags=31%, list=15%, signal=36%	
RECEPTOR LOCALIZATION TO SYNAPSE%GOBP%GO:0097120	RECEPTOR LOCALIZATION TO SYNAPSE%GOBP%GO:0097120		28	0.43349954	1.1999133	0.20516305	1.0	1.0	4153	tags=29%, list=17%, signal=34%	
MITOTIC SPINDLE ASSEMBLY CHECKPOINT SIGNALING%GOBP%GO:0007094	MITOTIC SPINDLE ASSEMBLY CHECKPOINT SIGNALING%GOBP%GO:0007094		27	0.4443288	1.1998515	0.21496598	1.0	1.0	3732	tags=30%, list=15%, signal=35%	
BIOGENIC AMINE METABOLIC PROCESS%GOBP%GO:0006576	BIOGENIC AMINE METABOLIC PROCESS%GOBP%GO:0006576		51	0.39434573	1.1997381	0.1948387	1.0	1.0	6728	tags=47%, list=27%, signal=65%	
PROTEOGLYCAN BIOSYNTHESIS%WIKIPATHWAYS_20260211%WP4784%HOMO SAPIENS	PROTEOGLYCAN BIOSYNTHESIS%WIKIPATHWAYS_20260211%WP4784%HOMO SAPIENS		15	0.5017102	1.199703	0.24366197	1.0	1.0	1481	tags=20%, list=6%, signal=21%	
IFN-GAMMA PATHWAY%PATHWAY INTERACTION DATABASE NCI-NATURE CURATED DATA%IFN-GAMMA PATHWAY	IFN-GAMMA PATHWAY%PATHWAY INTERACTION DATABASE NCI-NATURE CURATED DATA%IFN-GAMMA PATHWAY		41	0.41293737	1.1994544	0.1976593	1.0	1.0	7567	tags=39%, list=31%, signal=56%	
CLATHRIN COAT ASSEMBLY%GOBP%GO:0048268	CLATHRIN COAT ASSEMBLY%GOBP%GO:0048268		17	0.47935182	1.1991165	0.24011299	1.0	1.0	8070	tags=53%, list=33%, signal=79%	
NANOPARTICLE TRIGGERED AUTOPHAGIC CELL DEATH%WIKIPATHWAYS_20260211%WP2509%HOMO SAPIENS	NANOPARTICLE TRIGGERED AUTOPHAGIC CELL DEATH%WIKIPATHWAYS_20260211%WP2509%HOMO SAPIENS		20	0.4696268	1.1987733	0.22988506	1.0	1.0	4993	tags=25%, list=20%, signal=31%	
T CELL RECEPTOR SIGNALING PATHWAY%GOBP%GO:0050852	T CELL RECEPTOR SIGNALING PATHWAY%GOBP%GO:0050852		96	0.35215294	1.1987537	0.15429917	1.0	1.0	6455	tags=36%, list=26%, signal=49%	
POSITIVE REGULATION OF AMYLOID-BETA FORMATION%GOBP%GO:1902004	POSITIVE REGULATION OF AMYLOID-BETA FORMATION%GOBP%GO:1902004		18	0.48625043	1.1987175	0.21140473	1.0	1.0	6399	tags=39%, list=26%, signal=53%	
PHOSPHOLIPASE C-ACTIVATING G PROTEIN-COUPLED RECEPTOR SIGNALING PATHWAY%GOBP%GO:0007200	PHOSPHOLIPASE C-ACTIVATING G PROTEIN-COUPLED RECEPTOR SIGNALING PATHWAY%GOBP%GO:0007200		120	0.34986743	1.1985685	0.14186047	1.0	1.0	6759	tags=39%, list=28%, signal=54%	
REGULATION OF LIPID METABOLISM BY PPARALPHA%REACTOME DATABASE ID RELEASE 95%400206	REGULATION OF LIPID METABOLISM BY PPARALPHA%REACTOME DATABASE ID RELEASE 95%400206		115	0.35401985	1.1983773	0.14600232	1.0	1.0	3426	tags=17%, list=14%, signal=20%	
MEDIUM-CHAIN FATTY ACID METABOLIC PROCESS%GOBP%GO:0051791	MEDIUM-CHAIN FATTY ACID METABOLIC PROCESS%GOBP%GO:0051791		15	0.508174	1.1983397	0.23323171	1.0	1.0	687	tags=20%, list=3%, signal=21%	
DEFECTS IN TOLL-LIKE RECEPTOR CASCADES%REACTOME DATABASE ID RELEASE 95%5602358	DEFECTS IN TOLL-LIKE RECEPTOR CASCADES%REACTOME DATABASE ID RELEASE 95%5602358		32	0.42812446	1.1983109	0.20838971	1.0	1.0	7017	tags=47%, list=29%, signal=66%	
CYCLIC NUCLEOTIDE METABOLIC PROCESS%GOBP%GO:0009187	CYCLIC NUCLEOTIDE METABOLIC PROCESS%GOBP%GO:0009187		26	0.44831845	1.1977789	0.22593583	1.0	1.0	6055	tags=38%, list=25%, signal=51%	
INFLAMMATORY RESPONSE TO ANTIGENIC STIMULUS%GOBP%GO:0002437	INFLAMMATORY RESPONSE TO ANTIGENIC STIMULUS%GOBP%GO:0002437		15	0.5068567	1.1972642	0.2384393	1.0	1.0	6419	tags=40%, list=26%, signal=54%	
POSITIVE REGULATION OF DNA REPAIR%GOBP%GO:0045739	POSITIVE REGULATION OF DNA REPAIR%GOBP%GO:0045739		124	0.35283232	1.196807	0.15068494	1.0	1.0	4053	tags=27%, list=17%, signal=32%	
PHASE 4 - RESTING MEMBRANE POTENTIAL%REACTOME%R-HSA-5576886.3	PHASE 4 - RESTING MEMBRANE POTENTIAL%REACTOME%R-HSA-5576886.3		19	0.47524416	1.196582	0.23795621	1.0	1.0	3509	tags=26%, list=14%, signal=31%	
ETHANOL EFFECTS ON HISTONE MODIFICATIONS%WIKIPATHWAYS_20260211%WP3996%HOMO SAPIENS	ETHANOL EFFECTS ON HISTONE MODIFICATIONS%WIKIPATHWAYS_20260211%WP3996%HOMO SAPIENS		24	0.45610562	1.196325	0.21640736	1.0	1.0	3659	tags=33%, list=15%, signal=39%	
RAB REGULATION OF TRAFFICKING%REACTOME%R-HSA-9007101.4	RAB REGULATION OF TRAFFICKING%REACTOME%R-HSA-9007101.4		121	0.35091996	1.1956704	0.14157303	1.0	1.0	5888	tags=34%, list=24%, signal=44%	
SMOOTHENED SIGNALING PATHWAY%GOBP%GO:0007224	SMOOTHENED SIGNALING PATHWAY%GOBP%GO:0007224		37	0.41121098	1.1955029	0.19515477	1.0	1.0	6812	tags=38%, list=28%, signal=52%	
ATTACHMENT OF SPINDLE MICROTUBULES TO KINETOCHORE%GOBP%GO:0008608	ATTACHMENT OF SPINDLE MICROTUBULES TO KINETOCHORE%GOBP%GO:0008608		33	0.4358957	1.1954451	0.21418826	1.0	1.0	3813	tags=21%, list=16%, signal=25%	
BIOCARTA_CREB_PATHWAY%MSIGDB_C2%BIOCARTA_CREB_PATHWAY	BIOCARTA_CREB_PATHWAY%MSIGDB_C2%BIOCARTA_CREB_PATHWAY		18	0.48065546	1.1951874	0.21906117	1.0	1.0	9629	tags=56%, list=39%, signal=91%	
ANDROGEN BIOSYNTHESIS%WIKIPATHWAYS_20260211%WP5393%HOMO SAPIENS	ANDROGEN BIOSYNTHESIS%WIKIPATHWAYS_20260211%WP5393%HOMO SAPIENS		18	0.48171645	1.1947556	0.23654391	1.0	1.0	9416	tags=67%, list=38%, signal=108%	
POSITIVE REGULATION OF PROTEIN KINASE ACTIVITY%GOBP%GO:0045860	POSITIVE REGULATION OF PROTEIN KINASE ACTIVITY%GOBP%GO:0045860		119	0.35356477	1.1945302	0.13118526	1.0	1.0	5867	tags=30%, list=24%, signal=40%	
MAST CELL ACTIVATION%GOBP%GO:0045576	MAST CELL ACTIVATION%GOBP%GO:0045576		18	0.4974793	1.1938365	0.22443181	1.0	1.0	7150	tags=61%, list=29%, signal=86%	
DEVELOPMENT OF PRIMARY FEMALE SEXUAL CHARACTERISTICS%GOBP%GO:0046545	DEVELOPMENT OF PRIMARY FEMALE SEXUAL CHARACTERISTICS%GOBP%GO:0046545		37	0.41783598	1.1937473	0.2082777	1.0	1.0	7157	tags=41%, list=29%, signal=57%	
DETECTION OF MECHANICAL STIMULUS%GOBP%GO:0050982	DETECTION OF MECHANICAL STIMULUS%GOBP%GO:0050982		36	0.4147647	1.1933769	0.20657894	1.0	1.0	7560	tags=44%, list=31%, signal=64%	
DEVELOPMENT OF PRIMARY SEXUAL CHARACTERISTICS%GOBP%GO:0045137	DEVELOPMENT OF PRIMARY SEXUAL CHARACTERISTICS%GOBP%GO:0045137		88	0.36096826	1.1933326	0.16197184	1.0	1.0	7157	tags=34%, list=29%, signal=48%	
CYCLIC PURINE NUCLEOTIDE METABOLIC PROCESS%GOBP%GO:0052652	CYCLIC PURINE NUCLEOTIDE METABOLIC PROCESS%GOBP%GO:0052652		26	0.44831845	1.1930591	0.20736699	1.0	1.0	6055	tags=38%, list=25%, signal=51%	
SIGNAL TRANSDUCTION IN ABSENCE OF LIGAND%GOBP%GO:0038034	SIGNAL TRANSDUCTION IN ABSENCE OF LIGAND%GOBP%GO:0038034		17	0.49169058	1.1929122	0.25	1.0	1.0	10219	tags=71%, list=42%, signal=121%	
SPINDLE ASSEMBLY CHECKPOINT SIGNALING%GOBP%GO:0071173	SPINDLE ASSEMBLY CHECKPOINT SIGNALING%GOBP%GO:0071173		27	0.4443288	1.1928772	0.22506739	1.0	1.0	3732	tags=30%, list=15%, signal=35%	
ALLOGRAFT REJECTION%WIKIPATHWAYS_20260211%WP2328%HOMO SAPIENS	ALLOGRAFT REJECTION%WIKIPATHWAYS_20260211%WP2328%HOMO SAPIENS		75	0.3683024	1.1926209	0.16992664	1.0	1.0	7997	tags=43%, list=33%, signal=63%	
FUMARASE DEFICIENCY%SMPDB%SMP0000547	FUMARASE DEFICIENCY%SMPDB%SMP0000547		21	0.46047342	1.1917711	0.22222222	1.0	1.0	6031	tags=38%, list=25%, signal=50%	
DYRK1A INVOLVEMENT REGARDING CELL PROLIFERATION IN BRAIN DEVELOPMENT%WIKIPATHWAYS_20260211%WP5180%HOMO SAPIENS	DYRK1A INVOLVEMENT REGARDING CELL PROLIFERATION IN BRAIN DEVELOPMENT%WIKIPATHWAYS_20260211%WP5180%HOMO SAPIENS		51	0.39358515	1.1916738	0.1944793	1.0	1.0	7765	tags=45%, list=32%, signal=66%	
NEGATIVE REGULATION OF TUMOR NECROSIS FACTOR-MEDIATED SIGNALING PATHWAY%GOBP%GO:0010804	NEGATIVE REGULATION OF TUMOR NECROSIS FACTOR-MEDIATED SIGNALING PATHWAY%GOBP%GO:0010804		25	0.44143856	1.1916634	0.23888889	1.0	1.0	2728	tags=24%, list=11%, signal=27%	
HIPPO YAP SIGNALING%WIKIPATHWAYS_20260211%WP4537%HOMO SAPIENS	HIPPO YAP SIGNALING%WIKIPATHWAYS_20260211%WP4537%HOMO SAPIENS		15	0.51441586	1.1914475	0.24778761	1.0	1.0	2231	tags=33%, list=9%, signal=37%	
CITRIC ACID CYCLE%SMPDB%SMP0000057	CITRIC ACID CYCLE%SMPDB%SMP0000057		21	0.46047342	1.1911911	0.2343542	1.0	1.0	6031	tags=38%, list=25%, signal=50%	
ANTIMICROBIAL PEPTIDES%REACTOME%R-HSA-6803157.4	ANTIMICROBIAL PEPTIDES%REACTOME%R-HSA-6803157.4		83	0.3642009	1.1911813	0.15402843	1.0	1.0	6847	tags=37%, list=28%, signal=52%	
POSITIVE REGULATION OF LEUKOCYTE DEGRANULATION%GOBP%GO:0043302	POSITIVE REGULATION OF LEUKOCYTE DEGRANULATION%GOBP%GO:0043302		17	0.48474348	1.1910393	0.25108224	1.0	1.0	2417	tags=24%, list=10%, signal=26%	
GLUCOSE METABOLISM%REACTOME DATABASE ID RELEASE 95%70326	GLUCOSE METABOLISM%REACTOME DATABASE ID RELEASE 95%70326		78	0.3681483	1.1908696	0.17961165	1.0	1.0	6357	tags=35%, list=26%, signal=47%	
REGULATION OF IMMUNOGLOBULIN MEDIATED IMMUNE RESPONSE%GOBP%GO:0002889	REGULATION OF IMMUNOGLOBULIN MEDIATED IMMUNE RESPONSE%GOBP%GO:0002889		34	0.4211575	1.1907257	0.21524064	1.0	1.0	8041	tags=47%, list=33%, signal=70%	
DEVELOPMENTAL MATURATION%GOBP%GO:0021700	DEVELOPMENTAL MATURATION%GOBP%GO:0021700		147	0.34432173	1.1906586	0.12416107	1.0	1.0	6714	tags=31%, list=27%, signal=42%	
REGULATION OF CARDIAC MUSCLE CELL CONTRACTION%GOBP%GO:0086004	REGULATION OF CARDIAC MUSCLE CELL CONTRACTION%GOBP%GO:0086004		31	0.43110973	1.1902652	0.2291372	1.0	1.0	7163	tags=39%, list=29%, signal=55%	
PORPHYRIN METABOLISM%REACTOME%R-HSA-189445.3	PORPHYRIN METABOLISM%REACTOME%R-HSA-189445.3		25	0.4458916	1.190106	0.22386059	1.0	1.0	8709	tags=52%, list=36%, signal=81%	
BIOCARTA_CARM_ER_PATHWAY%MSIGDB_C2%BIOCARTA_CARM_ER_PATHWAY	BIOCARTA_CARM_ER_PATHWAY%MSIGDB_C2%BIOCARTA_CARM_ER_PATHWAY		23	0.44776818	1.1899412	0.23140496	1.0	1.0	3135	tags=30%, list=13%, signal=35%	
ESTABLISHMENT OF PROTEIN LOCALIZATION TO CHROMOSOME%GOBP%GO:0070199	ESTABLISHMENT OF PROTEIN LOCALIZATION TO CHROMOSOME%GOBP%GO:0070199		16	0.49142912	1.1898575	0.23849373	1.0	1.0	3524	tags=25%, list=14%, signal=29%	
XENOBIOTIC CATABOLIC PROCESS%GOBP%GO:0042178	XENOBIOTIC CATABOLIC PROCESS%GOBP%GO:0042178		28	0.44075066	1.1898036	0.23717059	1.0	1.0	6600	tags=39%, list=27%, signal=54%	
NEGATIVE REGULATION OF MITOTIC SISTER CHROMATID SEGREGATION%GOBP%GO:0033048	NEGATIVE REGULATION OF MITOTIC SISTER CHROMATID SEGREGATION%GOBP%GO:0033048		29	0.4290823	1.1895899	0.21111111	1.0	1.0	3732	tags=28%, list=15%, signal=33%	
DENDRITIC SPINE MORPHOGENESIS%GOBP%GO:0060997	DENDRITIC SPINE MORPHOGENESIS%GOBP%GO:0060997		16	0.4911101	1.1892858	0.25285715	1.0	1.0	1634	tags=25%, list=7%, signal=27%	
VPR-MEDIATED NUCLEAR IMPORT OF PICS%REACTOME%R-HSA-180910.4	VPR-MEDIATED NUCLEAR IMPORT OF PICS%REACTOME%R-HSA-180910.4		31	0.43018633	1.1890038	0.23545332	1.0	1.0	6347	tags=35%, list=26%, signal=48%	
LTF DANGER SIGNAL RESPONSE PATHWAY%WIKIPATHWAYS_20260211%WP4478%HOMO SAPIENS	LTF DANGER SIGNAL RESPONSE PATHWAY%WIKIPATHWAYS_20260211%WP4478%HOMO SAPIENS		17	0.48294082	1.1888431	0.25852272	1.0	1.0	5253	tags=41%, list=21%, signal=52%	
REGULATION OF INTERFERON-BETA PRODUCTION%GOBP%GO:0032648	REGULATION OF INTERFERON-BETA PRODUCTION%GOBP%GO:0032648		52	0.39324135	1.1888285	0.18967742	1.0	1.0	4748	tags=29%, list=19%, signal=36%	
SYNTHESIS OF PC%REACTOME%R-HSA-1483191.7	SYNTHESIS OF PC%REACTOME%R-HSA-1483191.7		28	0.43882763	1.1885754	0.20451528	1.0	1.0	5109	tags=29%, list=21%, signal=36%	
HALLMARK_BILE_ACID_METABOLISM%MSIGDBHALLMARK%HALLMARK_BILE_ACID_METABOLISM	HALLMARK_BILE_ACID_METABOLISM%MSIGDBHALLMARK%HALLMARK_BILE_ACID_METABOLISM		92	0.3603623	1.1884325	0.1590909	1.0	1.0	6807	tags=35%, list=28%, signal=48%	
MYELOID CELL DEVELOPMENT%GOBP%GO:0061515	MYELOID CELL DEVELOPMENT%GOBP%GO:0061515		40	0.41445684	1.1883883	0.20918368	1.0	1.0	5960	tags=35%, list=24%, signal=46%	
MICROTUBULE CYTOSKELETON ORGANIZATION INVOLVED IN MITOSIS%GOBP%GO:1902850	MICROTUBULE CYTOSKELETON ORGANIZATION INVOLVED IN MITOSIS%GOBP%GO:1902850		122	0.34760138	1.1878499	0.15358362	1.0	1.0	6608	tags=33%, list=27%, signal=45%	
CELLULAR RESPONSE TO LOW-DENSITY LIPOPROTEIN PARTICLE STIMULUS%GOBP%GO:0071404	CELLULAR RESPONSE TO LOW-DENSITY LIPOPROTEIN PARTICLE STIMULUS%GOBP%GO:0071404		26	0.44641158	1.1877358	0.24931507	1.0	1.0	5754	tags=35%, list=23%, signal=45%	
UBIQUINONE METABOLIC PROCESS%GOBP%GO:0006743	UBIQUINONE METABOLIC PROCESS%GOBP%GO:0006743		19	0.4706726	1.1874537	0.25225225	1.0	1.0	2548	tags=26%, list=10%, signal=29%	
REGULATION OF CHROMOSOME SEPARATION%GOBP%GO:1905818	REGULATION OF CHROMOSOME SEPARATION%GOBP%GO:1905818		73	0.37123904	1.1872842	0.18734793	1.0	1.0	6009	tags=33%, list=25%, signal=43%	
CELL JUNCTION MAINTENANCE%GOBP%GO:0034331	CELL JUNCTION MAINTENANCE%GOBP%GO:0034331		32	0.42263678	1.1872326	0.22354497	1.0	1.0	6806	tags=47%, list=28%, signal=65%	
REGULATION OF INTERLEUKIN-10 PRODUCTION%GOBP%GO:0032653	REGULATION OF INTERLEUKIN-10 PRODUCTION%GOBP%GO:0032653		51	0.38790107	1.1872034	0.19570707	1.0	1.0	7678	tags=45%, list=31%, signal=66%	
CADHERIN SIGNALING PATHWAY%PANTHER PATHWAY%P00012	CADHERIN SIGNALING PATHWAY%PANTHER PATHWAY%P00012		136	0.34436643	1.1871111	0.14333707	1.0	1.0	8019	tags=44%, list=33%, signal=65%	
METABOLISM OF VITAMINS AND COFACTORS%REACTOME DATABASE ID RELEASE 95%196854	METABOLISM OF VITAMINS AND COFACTORS%REACTOME DATABASE ID RELEASE 95%196854		193	0.3337988	1.187087	0.14407684	1.0	1.0	8469	tags=45%, list=35%, signal=68%	
ANTIGEN PROCESSING AND PRESENTATION OF EXOGENOUS ANTIGEN%GOBP%GO:0019884	ANTIGEN PROCESSING AND PRESENTATION OF EXOGENOUS ANTIGEN%GOBP%GO:0019884		43	0.39976162	1.1870645	0.2054054	1.0	1.0	8336	tags=53%, list=34%, signal=81%	
RHOJ GTPASE CYCLE%REACTOME DATABASE ID RELEASE 95%9013409	RHOJ GTPASE CYCLE%REACTOME DATABASE ID RELEASE 95%9013409		55	0.3864811	1.1868284	0.20273632	1.0	1.0	8461	tags=40%, list=35%, signal=61%	
CARBOHYDRATE TRANSMEMBRANE TRANSPORT%GOBP%GO:0034219	CARBOHYDRATE TRANSMEMBRANE TRANSPORT%GOBP%GO:0034219		44	0.39889246	1.186714	0.19793014	1.0	1.0	9150	tags=59%, list=37%, signal=94%	
LAMIVUDINE METABOLISM PATHWAY%PATHWHIZ%PW000625	LAMIVUDINE METABOLISM PATHWAY%PATHWHIZ%PW000625		18	0.48002532	1.186675	0.23422159	1.0	1.0	7517	tags=61%, list=31%, signal=88%	
RESPONSE TO LIPOPROTEIN PARTICLE%GOBP%GO:0055094	RESPONSE TO LIPOPROTEIN PARTICLE%GOBP%GO:0055094		26	0.44641158	1.1865746	0.24682651	1.0	1.0	5754	tags=35%, list=23%, signal=45%	
PROTEIN LOCALIZATION%REACTOME DATABASE ID RELEASE 95%9609507	PROTEIN LOCALIZATION%REACTOME DATABASE ID RELEASE 95%9609507		158	0.33985567	1.1864437	0.14810811	1.0	1.0	5180	tags=25%, list=21%, signal=32%	
DETECTION OF EXTERNAL STIMULUS%GOBP%GO:0009581	DETECTION OF EXTERNAL STIMULUS%GOBP%GO:0009581		89	0.36086532	1.1862077	0.15911731	1.0	1.0	3946	tags=22%, list=16%, signal=27%	
REGULATION OF SUPEROXIDE ANION GENERATION%GOBP%GO:0032928	REGULATION OF SUPEROXIDE ANION GENERATION%GOBP%GO:0032928		15	0.5016482	1.185691	0.24853802	1.0	1.0	2460	tags=33%, list=10%, signal=37%	
REGULATION OF EXTRACELLULAR MATRIX ORGANIZATION%GOBP%GO:1903053	REGULATION OF EXTRACELLULAR MATRIX ORGANIZATION%GOBP%GO:1903053		52	0.3897968	1.1856612	0.19412516	1.0	1.0	7677	tags=44%, list=31%, signal=64%	
RECEPTOR CLUSTERING%GOBP%GO:0043113	RECEPTOR CLUSTERING%GOBP%GO:0043113		33	0.4210256	1.1854982	0.22891566	1.0	1.0	4090	tags=27%, list=17%, signal=33%	
REGULATION OF SIGNALING BY CBL%REACTOME%R-HSA-912631.3	REGULATION OF SIGNALING BY CBL%REACTOME%R-HSA-912631.3		17	0.48103297	1.1848817	0.24748202	1.0	1.0	6280	tags=35%, list=26%, signal=47%	
HAWKINSINURIA%PATHWHIZ%PW000181	HAWKINSINURIA%PATHWHIZ%PW000181		16	0.4892827	1.1847526	0.24068768	1.0	1.0	9873	tags=69%, list=40%, signal=115%	
NEGATIVE REGULATION OF MITOTIC SISTER CHROMATID SEPARATION%GOBP%GO:2000816	NEGATIVE REGULATION OF MITOTIC SISTER CHROMATID SEPARATION%GOBP%GO:2000816		29	0.4290823	1.1842341	0.23255815	1.0	1.0	3732	tags=28%, list=15%, signal=33%	
PIGMENT BIOSYNTHETIC PROCESS%GOBP%GO:0046148	PIGMENT BIOSYNTHETIC PROCESS%GOBP%GO:0046148		34	0.41977283	1.1838627	0.21276596	1.0	1.0	4890	tags=35%, list=20%, signal=44%	
NEGATIVE REGULATION OF PROTEIN DEPOLYMERIZATION%GOBP%GO:1901880	NEGATIVE REGULATION OF PROTEIN DEPOLYMERIZATION%GOBP%GO:1901880		43	0.40704563	1.1837844	0.2159383	1.0	1.0	6157	tags=35%, list=25%, signal=47%	
DOPAMINE BETA-HYDROXYLASE DEFICIENCY%SMPDB%SMP0000498	DOPAMINE BETA-HYDROXYLASE DEFICIENCY%SMPDB%SMP0000498		16	0.4892827	1.1835234	0.26495728	1.0	1.0	9873	tags=69%, list=40%, signal=115%	
MEMBRANE FUSION%GOBP%GO:0061025	MEMBRANE FUSION%GOBP%GO:0061025		152	0.33826217	1.1831797	0.14949037	1.0	1.0	5097	tags=27%, list=21%, signal=34%	
CERAMIDE BIOSYNTHETIC PROCESS%GOBP%GO:0046513	CERAMIDE BIOSYNTHETIC PROCESS%GOBP%GO:0046513		53	0.38881773	1.1831738	0.21898735	1.0	1.0	5922	tags=30%, list=24%, signal=40%	
REGULATION OF TRANSMEMBRANE TRANSPORTER ACTIVITY%GOBP%GO:0022898	REGULATION OF TRANSMEMBRANE TRANSPORTER ACTIVITY%GOBP%GO:0022898		69	0.36749333	1.1828216	0.2044335	1.0	1.0	6024	tags=36%, list=25%, signal=48%	
NEPHROTIC SYNDROME%WIKIPATHWAYS_20260211%WP4758%HOMO SAPIENS	NEPHROTIC SYNDROME%WIKIPATHWAYS_20260211%WP4758%HOMO SAPIENS		37	0.40886658	1.1827838	0.24047306	1.0	1.0	5448	tags=41%, list=22%, signal=52%	
NEGATIVE REGULATION OF CGAS/STING SIGNALING PATHWAY%GOBP%GO:0160049	NEGATIVE REGULATION OF CGAS/STING SIGNALING PATHWAY%GOBP%GO:0160049		16	0.4836685	1.1825886	0.2283237	1.0	1.0	5155	tags=25%, list=21%, signal=32%	
PID_TRAIL_PATHWAY%MSIGDB_C2%PID_TRAIL_PATHWAY	PID_TRAIL_PATHWAY%MSIGDB_C2%PID_TRAIL_PATHWAY		26	0.44208345	1.1823376	0.2266289	1.0	1.0	6517	tags=42%, list=27%, signal=58%	
INFLUENCE OF LAMINOPATHIES ON WNT SIGNALING%WIKIPATHWAYS_20260211%WP4844%HOMO SAPIENS	INFLUENCE OF LAMINOPATHIES ON WNT SIGNALING%WIKIPATHWAYS_20260211%WP4844%HOMO SAPIENS		31	0.42517197	1.1821238	0.2493113	1.0	1.0	7539	tags=52%, list=31%, signal=74%	
POSITIVE REGULATION OF SUPEROXIDE ANION GENERATION%GOBP%GO:0032930	POSITIVE REGULATION OF SUPEROXIDE ANION GENERATION%GOBP%GO:0032930		15	0.5016482	1.1820594	0.25730994	1.0	1.0	2460	tags=33%, list=10%, signal=37%	
EPHRIN SIGNALING%REACTOME%R-HSA-3928664.4	EPHRIN SIGNALING%REACTOME%R-HSA-3928664.4		18	0.48623005	1.1818647	0.26241136	1.0	1.0	7704	tags=39%, list=31%, signal=57%	
REGULATION OF NITRIC OXIDE BIOSYNTHETIC PROCESS%GOBP%GO:0045428	REGULATION OF NITRIC OXIDE BIOSYNTHETIC PROCESS%GOBP%GO:0045428		43	0.398541	1.1818334	0.21818182	1.0	1.0	7216	tags=44%, list=29%, signal=63%	
CONGENITAL LACTIC ACIDOSIS%PATHWHIZ%PW000522	CONGENITAL LACTIC ACIDOSIS%PATHWHIZ%PW000522		21	0.46047342	1.1814637	0.24686192	1.0	1.0	6031	tags=38%, list=25%, signal=50%	
INTEGRIN-MEDIATED SIGNALING PATHWAY%GOBP%GO:0007229	INTEGRIN-MEDIATED SIGNALING PATHWAY%GOBP%GO:0007229		85	0.36199477	1.1808269	0.17078917	1.0	1.0	3531	tags=20%, list=14%, signal=23%	
2-KETOGLUTARATE DEHYDROGENASE COMPLEX DEFICIENCY%PATHWHIZ%PW000525	2-KETOGLUTARATE DEHYDROGENASE COMPLEX DEFICIENCY%PATHWHIZ%PW000525		21	0.46047342	1.1805522	0.2577465	1.0	1.0	6031	tags=38%, list=25%, signal=50%	
IL17 SIGNALING%WIKIPATHWAYS_20260211%WP2112%HOMO SAPIENS	IL17 SIGNALING%WIKIPATHWAYS_20260211%WP2112%HOMO SAPIENS		28	0.4313107	1.1804379	0.21900827	1.0	1.0	9880	tags=54%, list=40%, signal=90%	
MONOATOMIC ANION TRANSMEMBRANE TRANSPORT%GOBP%GO:0098656	MONOATOMIC ANION TRANSMEMBRANE TRANSPORT%GOBP%GO:0098656		76	0.36514467	1.180068	0.20403321	1.0	1.0	7376	tags=45%, list=30%, signal=64%	
RESPIRATORY BURST%GOBP%GO:0045730	RESPIRATORY BURST%GOBP%GO:0045730		20	0.46186754	1.179879	0.25677603	1.0	1.0	8435	tags=60%, list=34%, signal=91%	
CHOLESTEROL SYNTHESIS DISORDERS%WIKIPATHWAYS_20260211%WP5193%HOMO SAPIENS	CHOLESTEROL SYNTHESIS DISORDERS%WIKIPATHWAYS_20260211%WP5193%HOMO SAPIENS		17	0.4824612	1.1796594	0.25501433	1.0	1.0	8391	tags=47%, list=34%, signal=72%	
DISEASES OF IMMUNE SYSTEM%REACTOME DATABASE ID RELEASE 95%5260271	DISEASES OF IMMUNE SYSTEM%REACTOME DATABASE ID RELEASE 95%5260271		32	0.42812446	1.1795084	0.22088353	1.0	1.0	7017	tags=47%, list=29%, signal=66%	
REGULATION OF SMOOTH MUSCLE CELL MIGRATION%GOBP%GO:0014910	REGULATION OF SMOOTH MUSCLE CELL MIGRATION%GOBP%GO:0014910		34	0.42284253	1.1793437	0.23302263	1.0	1.0	7157	tags=47%, list=29%, signal=66%	
FARNESOID X RECEPTOR PATHWAY%WIKIPATHWAYS_20260211%WP2879%HOMO SAPIENS	FARNESOID X RECEPTOR PATHWAY%WIKIPATHWAYS_20260211%WP2879%HOMO SAPIENS		16	0.48372886	1.179193	0.27027026	1.0	1.0	4093	tags=25%, list=17%, signal=30%	
MITOCHONDRIAL COMPLEX II DEFICIENCY%PATHWHIZ%PW000524	MITOCHONDRIAL COMPLEX II DEFICIENCY%PATHWHIZ%PW000524		21	0.46047342	1.1791005	0.24098124	1.0	1.0	6031	tags=38%, list=25%, signal=50%	
POSITIVE REGULATION OF STRESS-ACTIVATED PROTEIN KINASE SIGNALING CASCADE%GOBP%GO:0070304	POSITIVE REGULATION OF STRESS-ACTIVATED PROTEIN KINASE SIGNALING CASCADE%GOBP%GO:0070304		17	0.48744258	1.1790155	0.2496329	1.0	1.0	8563	tags=65%, list=35%, signal=99%	
EGFR TYROSINE KINASE INHIBITOR RESISTANCE%WIKIPATHWAYS_20260211%WP4806%HOMO SAPIENS	EGFR TYROSINE KINASE INHIBITOR RESISTANCE%WIKIPATHWAYS_20260211%WP4806%HOMO SAPIENS		72	0.36898455	1.1789459	0.18325242	1.0	1.0	6564	tags=32%, list=27%, signal=44%	
ALKAPTONURIA%PATHWHIZ%PW000180	ALKAPTONURIA%PATHWHIZ%PW000180		16	0.4892827	1.178754	0.25462306	1.0	1.0	9873	tags=69%, list=40%, signal=115%	
REGULATION OF NON-CANONICAL NF-KAPPAB SIGNAL TRANSDUCTION%GOBP%GO:1901222	REGULATION OF NON-CANONICAL NF-KAPPAB SIGNAL TRANSDUCTION%GOBP%GO:1901222		71	0.3718078	1.1787472	0.19562575	1.0	1.0	5993	tags=31%, list=24%, signal=41%	
REGULATION OF NEUROINFLAMMATORY RESPONSE%GOBP%GO:0150077	REGULATION OF NEUROINFLAMMATORY RESPONSE%GOBP%GO:0150077		37	0.4086133	1.1783234	0.2377892	1.0	1.0	7909	tags=46%, list=32%, signal=68%	
THROMBOXANE A2 RECEPTOR SIGNALING%PATHWAY INTERACTION DATABASE NCI-NATURE CURATED DATA%THROMBOXANE A2 RECEPTOR SIGNALING	THROMBOXANE A2 RECEPTOR SIGNALING%PATHWAY INTERACTION DATABASE NCI-NATURE CURATED DATA%THROMBOXANE A2 RECEPTOR SIGNALING		56	0.380336	1.178192	0.19825436	1.0	1.0	5234	tags=29%, list=21%, signal=36%	
RET SIGNALING%REACTOME%R-HSA-8853659.7	RET SIGNALING%REACTOME%R-HSA-8853659.7		39	0.40406948	1.178102	0.22679046	1.0	1.0	5555	tags=36%, list=23%, signal=46%	
CELL-CELL ADHESION MEDIATED BY CADHERIN%GOBP%GO:0044331	CELL-CELL ADHESION MEDIATED BY CADHERIN%GOBP%GO:0044331		37	0.40635338	1.1779464	0.24102564	1.0	1.0	832	tags=14%, list=3%, signal=14%	
AMINO ACID CATABOLIC PROCESS%GOBP%GO:0009063	AMINO ACID CATABOLIC PROCESS%GOBP%GO:0009063		82	0.36201698	1.17737	0.19952494	1.0	1.0	6483	tags=38%, list=26%, signal=51%	
ICOSANOID TRANSPORT%GOBP%GO:0071715	ICOSANOID TRANSPORT%GOBP%GO:0071715		25	0.45146945	1.1772672	0.2558783	1.0	1.0	3406	tags=20%, list=14%, signal=23%	
POSITIVE REGULATION OF ERK1 AND ERK2 CASCADE%GOBP%GO:0070374	POSITIVE REGULATION OF ERK1 AND ERK2 CASCADE%GOBP%GO:0070374		153	0.3370937	1.1770372	0.17165005	1.0	1.0	5501	tags=26%, list=22%, signal=34%	
PATHWAYS AFFECTED IN ADENOID CYSTIC CARCINOMA%WIKIPATHWAYS_20260211%WP3651%HOMO SAPIENS	PATHWAYS AFFECTED IN ADENOID CYSTIC CARCINOMA%WIKIPATHWAYS_20260211%WP3651%HOMO SAPIENS		51	0.3889049	1.1768839	0.22580644	1.0	1.0	3579	tags=24%, list=15%, signal=27%	
RESPONSE TO ALCOHOL%GOBP%GO:0097305	RESPONSE TO ALCOHOL%GOBP%GO:0097305		89	0.3581248	1.1767012	0.19143876	1.0	1.0	5328	tags=29%, list=22%, signal=37%	
COCHLEA DEVELOPMENT%GOBP%GO:0090102	COCHLEA DEVELOPMENT%GOBP%GO:0090102		15	0.4982977	1.1766722	0.28712872	1.0	1.0	8919	tags=40%, list=36%, signal=63%	
NEGATIVE REGULATION OF SISTER CHROMATID SEGREGATION%GOBP%GO:0033046	NEGATIVE REGULATION OF SISTER CHROMATID SEGREGATION%GOBP%GO:0033046		29	0.4290823	1.1765964	0.22703412	1.0	1.0	3732	tags=28%, list=15%, signal=33%	
POSITIVE REGULATION OF LIPID METABOLIC PROCESS%GOBP%GO:0045834	POSITIVE REGULATION OF LIPID METABOLIC PROCESS%GOBP%GO:0045834		109	0.34905916	1.1758903	0.19565217	1.0	1.0	7266	tags=40%, list=30%, signal=57%	
MONOAMINE OXIDASE-A DEFICIENCY (MAO-A)%PATHWHIZ%PW000509	MONOAMINE OXIDASE-A DEFICIENCY (MAO-A)%PATHWHIZ%PW000509		16	0.4892827	1.1758316	0.26694915	1.0	1.0	9873	tags=69%, list=40%, signal=115%	
SUPERPATHWAY OF L-TRYPTOPHAN UTILIZATION%BIOCYC%PWY66-401	SUPERPATHWAY OF L-TRYPTOPHAN UTILIZATION%BIOCYC%PWY66-401		43	0.395992	1.1757666	0.21944809	1.0	1.0	6637	tags=40%, list=27%, signal=54%	
BIOCARTA_HIVNEF_PATHWAY%MSIGDB_C2%BIOCARTA_HIVNEF_PATHWAY	BIOCARTA_HIVNEF_PATHWAY%MSIGDB_C2%BIOCARTA_HIVNEF_PATHWAY		43	0.39824554	1.1757654	0.22049287	1.0	1.0	4990	tags=23%, list=20%, signal=29%	
ANATOMICAL STRUCTURE MATURATION%GOBP%GO:0071695	ANATOMICAL STRUCTURE MATURATION%GOBP%GO:0071695		120	0.3421789	1.1751785	0.16915995	1.0	1.0	6459	tags=29%, list=26%, signal=39%	
ENDOTHELIAL CELL MIGRATION%GOBP%GO:0043542	ENDOTHELIAL CELL MIGRATION%GOBP%GO:0043542		60	0.37964976	1.1748856	0.2084399	1.0	1.0	8378	tags=45%, list=34%, signal=68%	
POSITIVE REGULATION OF DNA BINDING%GOBP%GO:0043388	POSITIVE REGULATION OF DNA BINDING%GOBP%GO:0043388		21	0.46325397	1.1747879	0.25070423	1.0	1.0	1369	tags=14%, list=6%, signal=15%	
PYRUVATE DEHYDROGENASE DEFICIENCY (E2)%SMPDB%SMP0000551	PYRUVATE DEHYDROGENASE DEFICIENCY (E2)%SMPDB%SMP0000551		21	0.46047342	1.1744107	0.27323943	1.0	1.0	6031	tags=38%, list=25%, signal=50%	
REGULATION OF DIGESTIVE SYSTEM PROCESS%GOBP%GO:0044058	REGULATION OF DIGESTIVE SYSTEM PROCESS%GOBP%GO:0044058		25	0.43439305	1.173689	0.23076923	1.0	1.0	11751	tags=64%, list=48%, signal=123%	
PROTEIN LOCALIZATION TO CENTROSOME%GOBP%GO:0071539	PROTEIN LOCALIZATION TO CENTROSOME%GOBP%GO:0071539		23	0.45424548	1.1733559	0.26279393	1.0	1.0	4550	tags=26%, list=19%, signal=32%	
TRANSCRIPTION INITIATION AT RNA POLYMERASE II PROMOTER%GOBP%GO:0006367	TRANSCRIPTION INITIATION AT RNA POLYMERASE II PROMOTER%GOBP%GO:0006367		169	0.33088663	1.1732683	0.15635179	1.0	1.0	3949	tags=23%, list=16%, signal=27%	
OVERLAP BETWEEN SIGNAL TRANSDUCTION PATHWAYS CONTRIBUTING TO LMNA LAMINOPATHIES%WIKIPATHWAYS_20260211%WP4879%HOMO SAPIENS	OVERLAP BETWEEN SIGNAL TRANSDUCTION PATHWAYS CONTRIBUTING TO LMNA LAMINOPATHIES%WIKIPATHWAYS_20260211%WP4879%HOMO SAPIENS		44	0.39677265	1.1732495	0.2230869	1.0	1.0	7765	tags=50%, list=32%, signal=73%	
TYROSINE METABOLISM%SMPDB%SMP0000006	TYROSINE METABOLISM%SMPDB%SMP0000006		16	0.4892827	1.1732368	0.2658789	1.0	1.0	9873	tags=69%, list=40%, signal=115%	
L-AMINO ACID CATABOLIC PROCESS%GOBP%GO:0170035	L-AMINO ACID CATABOLIC PROCESS%GOBP%GO:0170035		65	0.37181067	1.1731759	0.19625	1.0	1.0	6429	tags=37%, list=26%, signal=50%	
RESPONSE TO AXON INJURY%GOBP%GO:0048678	RESPONSE TO AXON INJURY%GOBP%GO:0048678		19	0.47087908	1.1728241	0.27146813	1.0	1.0	5003	tags=37%, list=20%, signal=46%	
MATERNAL PROCESS INVOLVED IN FEMALE PREGNANCY%GOBP%GO:0060135	MATERNAL PROCESS INVOLVED IN FEMALE PREGNANCY%GOBP%GO:0060135		16	0.4731466	1.1721964	0.26956522	1.0	1.0	5821	tags=44%, list=24%, signal=57%	
TYROSINEMIA, TRANSIENT, OF THE NEWBORN%PATHWHIZ%PW000470	TYROSINEMIA, TRANSIENT, OF THE NEWBORN%PATHWHIZ%PW000470		16	0.4892827	1.1721623	0.26906475	1.0	1.0	9873	tags=69%, list=40%, signal=115%	
PID_INTEGRIN2_PATHWAY%MSIGDB_C2%PID_INTEGRIN2_PATHWAY	PID_INTEGRIN2_PATHWAY%MSIGDB_C2%PID_INTEGRIN2_PATHWAY		20	0.4659346	1.1721288	0.22254336	1.0	1.0	7081	tags=55%, list=29%, signal=77%	
NEGATIVE REGULATION OF MITOTIC METAPHASE/ANAPHASE TRANSITION%GOBP%GO:0045841	NEGATIVE REGULATION OF MITOTIC METAPHASE/ANAPHASE TRANSITION%GOBP%GO:0045841		29	0.4290823	1.1720986	0.23738062	1.0	1.0	3732	tags=28%, list=15%, signal=33%	
FORMATION OF THE POLYBROMO-BAF (PBAF) COMPLEX%REACTOME%R-HSA-9933939.1	FORMATION OF THE POLYBROMO-BAF (PBAF) COMPLEX%REACTOME%R-HSA-9933939.1		18	0.47898564	1.1718826	0.26345608	1.0	1.0	6855	tags=50%, list=28%, signal=69%	
COGNITION%GOBP%GO:0050890	COGNITION%GOBP%GO:0050890		158	0.3345212	1.1717392	0.14332967	1.0	1.0	5040	tags=28%, list=21%, signal=35%	
NUCLEAR RNA SURVEILLANCE%GOBP%GO:0071027	NUCLEAR RNA SURVEILLANCE%GOBP%GO:0071027		34	0.4172904	1.1717091	0.22913907	1.0	1.0	3172	tags=24%, list=13%, signal=27%	
REGULATION OF CALCIUM-MEDIATED SIGNALING%GOBP%GO:0050848	REGULATION OF CALCIUM-MEDIATED SIGNALING%GOBP%GO:0050848		79	0.35991144	1.1712867	0.18395062	1.0	1.0	5186	tags=29%, list=21%, signal=37%	
RHOQ GTPASE CYCLE%REACTOME DATABASE ID RELEASE 95%9013406	RHOQ GTPASE CYCLE%REACTOME DATABASE ID RELEASE 95%9013406		59	0.37516242	1.1712657	0.22681704	1.0	1.0	8461	tags=42%, list=35%, signal=65%	
NEGATIVE REGULATION OF INNATE IMMUNE RESPONSE%GOBP%GO:0045824	NEGATIVE REGULATION OF INNATE IMMUNE RESPONSE%GOBP%GO:0045824		83	0.35697678	1.1712034	0.19272727	1.0	1.0	7600	tags=36%, list=31%, signal=52%	
MRNA EXPORT FROM NUCLEUS%GOBP%GO:0006406	MRNA EXPORT FROM NUCLEUS%GOBP%GO:0006406		65	0.36974403	1.1707639	0.20528968	1.0	1.0	4146	tags=23%, list=17%, signal=28%	
FC-GAMMA RECEPTOR SIGNALING PATHWAY%GOBP%GO:0038094	FC-GAMMA RECEPTOR SIGNALING PATHWAY%GOBP%GO:0038094		30	0.4247768	1.1705836	0.24005488	1.0	1.0	3335	tags=23%, list=14%, signal=27%	
NUCLEAR-TRANSCRIBED MRNA CATABOLIC PROCESS%GOBP%GO:0000956	NUCLEAR-TRANSCRIBED MRNA CATABOLIC PROCESS%GOBP%GO:0000956		112	0.34922582	1.1705049	0.17633411	1.0	1.0	6482	tags=34%, list=26%, signal=46%	
EPH-EPHRIN SIGNALING%REACTOME%R-HSA-2682334.3	EPH-EPHRIN SIGNALING%REACTOME%R-HSA-2682334.3		91	0.35099408	1.1704365	0.19261822	1.0	1.0	6484	tags=33%, list=26%, signal=45%	
ALPHA-AMINO ACID CATABOLIC PROCESS%GOBP%GO:1901606	ALPHA-AMINO ACID CATABOLIC PROCESS%GOBP%GO:1901606		70	0.3640783	1.1701382	0.20757021	1.0	1.0	6483	tags=39%, list=26%, signal=52%	
HOMOLOGOUS RECOMBINATION%GOBP%GO:0035825	HOMOLOGOUS RECOMBINATION%GOBP%GO:0035825		68	0.37203026	1.1700826	0.19386503	1.0	1.0	3827	tags=26%, list=16%, signal=31%	
POSITIVE REGULATION OF NEUTROPHIL MIGRATION%GOBP%GO:1902624	POSITIVE REGULATION OF NEUTROPHIL MIGRATION%GOBP%GO:1902624		26	0.43166935	1.1696343	0.23076923	1.0	1.0	7936	tags=50%, list=32%, signal=74%	
DETECTION OF ABIOTIC STIMULUS%GOBP%GO:0009582	DETECTION OF ABIOTIC STIMULUS%GOBP%GO:0009582		93	0.35489312	1.1695482	0.2	1.0	1.0	3946	tags=23%, list=16%, signal=27%	
RESPONSE TO KETONE%GOBP%GO:1901654	RESPONSE TO KETONE%GOBP%GO:1901654		69	0.36957723	1.168572	0.1920694	1.0	1.0	8551	tags=46%, list=35%, signal=71%	
POSITIVE REGULATION OF AMYLOID PRECURSOR PROTEIN CATABOLIC PROCESS%GOBP%GO:1902993	POSITIVE REGULATION OF AMYLOID PRECURSOR PROTEIN CATABOLIC PROCESS%GOBP%GO:1902993		22	0.45226413	1.1682713	0.2658228	1.0	1.0	6399	tags=36%, list=26%, signal=49%	
MAMMALIAN DISORDER OF SEXUAL DEVELOPMENT%WIKIPATHWAYS_20260211%WP4842%HOMO SAPIENS	MAMMALIAN DISORDER OF SEXUAL DEVELOPMENT%WIKIPATHWAYS_20260211%WP4842%HOMO SAPIENS		23	0.4475414	1.1681901	0.2589041	1.0	1.0	2074	tags=17%, list=8%, signal=19%	
CARDIAC ATRIUM DEVELOPMENT%GOBP%GO:0003230	CARDIAC ATRIUM DEVELOPMENT%GOBP%GO:0003230		26	0.4365975	1.1678095	0.25139666	1.0	1.0	4769	tags=38%, list=19%, signal=48%	
DETECTION OF CHEMICAL STIMULUS INVOLVED IN SENSORY PERCEPTION OF SMELL%GOBP%GO:0050911	DETECTION OF CHEMICAL STIMULUS INVOLVED IN SENSORY PERCEPTION OF SMELL%GOBP%GO:0050911		124	0.33824262	1.1674293	0.19460727	1.0	1.0	4161	tags=19%, list=17%, signal=22%	
REGULATION OF BIOMINERAL TISSUE DEVELOPMENT%GOBP%GO:0070167	REGULATION OF BIOMINERAL TISSUE DEVELOPMENT%GOBP%GO:0070167		85	0.35919476	1.1672463	0.203125	1.0	1.0	3748	tags=25%, list=15%, signal=29%	
PYRUVATE DEHYDROGENASE DEFICIENCY (E3)%SMPDB%SMP0000550	PYRUVATE DEHYDROGENASE DEFICIENCY (E3)%SMPDB%SMP0000550		21	0.46047342	1.1672425	0.26507714	1.0	1.0	6031	tags=38%, list=25%, signal=50%	
PROTEINOGENIC AMINO ACID CATABOLIC PROCESS%GOBP%GO:0170040	PROTEINOGENIC AMINO ACID CATABOLIC PROCESS%GOBP%GO:0170040		63	0.3758738	1.167188	0.20869565	1.0	1.0	5704	tags=35%, list=23%, signal=45%	
HALLMARK_PANCREAS_BETA_CELLS%MSIGDBHALLMARK%HALLMARK_PANCREAS_BETA_CELLS	HALLMARK_PANCREAS_BETA_CELLS%MSIGDBHALLMARK%HALLMARK_PANCREAS_BETA_CELLS		37	0.40589714	1.1669593	0.23910172	1.0	1.0	7702	tags=43%, list=31%, signal=63%	
COMPLEMENT SYSTEM%WIKIPATHWAYS_20260211%WP2806%HOMO SAPIENS	COMPLEMENT SYSTEM%WIKIPATHWAYS_20260211%WP2806%HOMO SAPIENS		78	0.3619401	1.1669377	0.20888355	1.0	1.0	6766	tags=36%, list=28%, signal=49%	
LEUKOCYTE DEGRANULATION%GOBP%GO:0043299	LEUKOCYTE DEGRANULATION%GOBP%GO:0043299		27	0.4302024	1.1666304	0.26081082	1.0	1.0	9565	tags=67%, list=39%, signal=109%	
NOTCH1 INTRACELLULAR DOMAIN REGULATES TRANSCRIPTION%REACTOME%R-HSA-2122947.6	NOTCH1 INTRACELLULAR DOMAIN REGULATES TRANSCRIPTION%REACTOME%R-HSA-2122947.6		46	0.3887746	1.1665691	0.24025974	1.0	1.0	7257	tags=41%, list=30%, signal=59%	
HALLMARK_XENOBIOTIC_METABOLISM%MSIGDBHALLMARK%HALLMARK_XENOBIOTIC_METABOLISM	HALLMARK_XENOBIOTIC_METABOLISM%MSIGDBHALLMARK%HALLMARK_XENOBIOTIC_METABOLISM		145	0.33431596	1.166424	0.16704805	1.0	1.0	8812	tags=50%, list=36%, signal=77%	
HAIR CYCLE%GOBP%GO:0042633	HAIR CYCLE%GOBP%GO:0042633		40	0.39705613	1.1661534	0.2338177	1.0	1.0	6864	tags=35%, list=28%, signal=49%	
SPLICING FACTOR NOVA REGULATED SYNAPTIC PROTEINS%WIKIPATHWAYS_20260211%WP4148%HOMO SAPIENS	SPLICING FACTOR NOVA REGULATED SYNAPTIC PROTEINS%WIKIPATHWAYS_20260211%WP4148%HOMO SAPIENS		35	0.4164194	1.1659001	0.24005306	1.0	1.0	6168	tags=34%, list=25%, signal=46%	
HOMOLOGOUS CHROMOSOME PAIRING AT MEIOSIS%GOBP%GO:0007129	HOMOLOGOUS CHROMOSOME PAIRING AT MEIOSIS%GOBP%GO:0007129		34	0.40966886	1.1657178	0.23211876	1.0	1.0	4911	tags=29%, list=20%, signal=37%	
POSITIVE REGULATION OF MACROPHAGE DERIVED FOAM CELL DIFFERENTIATION%GOBP%GO:0010744	POSITIVE REGULATION OF MACROPHAGE DERIVED FOAM CELL DIFFERENTIATION%GOBP%GO:0010744		20	0.45470908	1.1656604	0.26068965	1.0	1.0	11280	tags=70%, list=46%, signal=130%	
PLASMA MEMBRANE FUSION%GOBP%GO:0045026	PLASMA MEMBRANE FUSION%GOBP%GO:0045026		29	0.4255796	1.1655989	0.2431694	1.0	1.0	2725	tags=21%, list=11%, signal=23%	
DIACYLGLYCEROL AND TRIACYLGLYCEROL BIOSYNTHESIS%BIOCYC%TRIGLSYN-PWY	DIACYLGLYCEROL AND TRIACYLGLYCEROL BIOSYNTHESIS%BIOCYC%TRIGLSYN-PWY		27	0.42799094	1.1653519	0.25871313	1.0	1.0	6378	tags=37%, list=26%, signal=50%	
TELENCEPHALON CELL MIGRATION%GOBP%GO:0022029	TELENCEPHALON CELL MIGRATION%GOBP%GO:0022029		25	0.4351946	1.165042	0.25779036	1.0	1.0	7847	tags=48%, list=32%, signal=71%	
GPI ANCHOR BIOSYNTHETIC PROCESS%GOBP%GO:0006506	GPI ANCHOR BIOSYNTHETIC PROCESS%GOBP%GO:0006506		26	0.42913663	1.1648346	0.2431694	1.0	1.0	5745	tags=46%, list=23%, signal=60%	
TEMPERATURE HOMEOSTASIS%GOBP%GO:0001659	TEMPERATURE HOMEOSTASIS%GOBP%GO:0001659		33	0.4124476	1.164594	0.23904383	1.0	1.0	7703	tags=48%, list=31%, signal=71%	
PURINE-CONTAINING COMPOUND CATABOLIC PROCESS%GOBP%GO:0072523	PURINE-CONTAINING COMPOUND CATABOLIC PROCESS%GOBP%GO:0072523		80	0.35557753	1.164386	0.18809524	1.0	1.0	5717	tags=30%, list=23%, signal=39%	
MODULATORS OF TCR SIGNALING AND T CELL ACTIVATION%WIKIPATHWAYS_20260211%WP5072%HOMO SAPIENS	MODULATORS OF TCR SIGNALING AND T CELL ACTIVATION%WIKIPATHWAYS_20260211%WP5072%HOMO SAPIENS		51	0.38231298	1.1641207	0.22264151	1.0	1.0	5426	tags=29%, list=22%, signal=38%	
MAMMARY GLAND DEVELOPMENT PREGNANCY AND LACTATION STAGE 3 OF 4%WIKIPATHWAYS_20260211%WP2817%HOMO SAPIENS	MAMMARY GLAND DEVELOPMENT PREGNANCY AND LACTATION STAGE 3 OF 4%WIKIPATHWAYS_20260211%WP2817%HOMO SAPIENS		37	0.40518358	1.1640444	0.23841059	1.0	1.0	9943	tags=59%, list=41%, signal=100%	
NEGATIVE REGULATION OF AUTOPHAGY%GOBP%GO:0010507	NEGATIVE REGULATION OF AUTOPHAGY%GOBP%GO:0010507		78	0.36175635	1.1640328	0.199284	1.0	1.0	6608	tags=31%, list=27%, signal=42%	
REGULATION OF B CELL MEDIATED IMMUNITY%GOBP%GO:0002712	REGULATION OF B CELL MEDIATED IMMUNITY%GOBP%GO:0002712		35	0.40676603	1.1635072	0.24396783	1.0	1.0	6380	tags=37%, list=26%, signal=50%	
ANDROGEN RECEPTOR NETWORK IN PROSTATE CANCER%WIKIPATHWAYS_20260211%WP2263%HOMO SAPIENS	ANDROGEN RECEPTOR NETWORK IN PROSTATE CANCER%WIKIPATHWAYS_20260211%WP2263%HOMO SAPIENS		97	0.35045093	1.1634575	0.18887602	1.0	1.0	6564	tags=34%, list=27%, signal=46%	
RAB GEFS EXCHANGE GTP FOR GDP ON RABS%REACTOME%R-HSA-8876198.4	RAB GEFS EXCHANGE GTP FOR GDP ON RABS%REACTOME%R-HSA-8876198.4		89	0.3529814	1.1634201	0.1888361	1.0	1.0	6748	tags=38%, list=28%, signal=53%	
BIOCARTA_MPR_PATHWAY%MSIGDB_C2%BIOCARTA_MPR_PATHWAY	BIOCARTA_MPR_PATHWAY%MSIGDB_C2%BIOCARTA_MPR_PATHWAY		16	0.4822453	1.1634035	0.2562963	1.0	1.0	3171	tags=25%, list=13%, signal=29%	
GLYCOSPHINGOLIPID METABOLIC PROCESS%GOBP%GO:0006687	GLYCOSPHINGOLIPID METABOLIC PROCESS%GOBP%GO:0006687		64	0.37357244	1.1626462	0.2362972	1.0	1.0	10014	tags=56%, list=41%, signal=95%	
REGULATION OF PROTEIN DEPOLYMERIZATION%GOBP%GO:1901879	REGULATION OF PROTEIN DEPOLYMERIZATION%GOBP%GO:1901879		66	0.365901	1.1620481	0.22167487	1.0	1.0	8264	tags=41%, list=34%, signal=62%	
ANGIOPOIETIN LIKE PROTEIN 8 REGULATORY PATHWAY%WIKIPATHWAYS_20260211%WP3915%HOMO SAPIENS	ANGIOPOIETIN LIKE PROTEIN 8 REGULATORY PATHWAY%WIKIPATHWAYS_20260211%WP3915%HOMO SAPIENS		113	0.34397888	1.1620477	0.18436407	1.0	1.0	4987	tags=23%, list=20%, signal=29%	
PHAGOCYTOSIS%GOBP%GO:0006909	PHAGOCYTOSIS%GOBP%GO:0006909		120	0.34046116	1.1619984	0.19139297	1.0	1.0	7214	tags=36%, list=29%, signal=51%	
IN UTERO EMBRYONIC DEVELOPMENT%GOBP%GO:0001701	IN UTERO EMBRYONIC DEVELOPMENT%GOBP%GO:0001701		54	0.37772065	1.16188	0.22010177	1.0	1.0	6967	tags=39%, list=28%, signal=54%	
REGULATION OF TLR BY ENDOGENOUS LIGAND%REACTOME%R-HSA-5686938.6	REGULATION OF TLR BY ENDOGENOUS LIGAND%REACTOME%R-HSA-5686938.6		19	0.46795368	1.1615076	0.28075254	1.0	1.0	7017	tags=47%, list=29%, signal=66%	
POSITIVE REGULATION OF RECEPTOR INTERNALIZATION%GOBP%GO:0002092	POSITIVE REGULATION OF RECEPTOR INTERNALIZATION%GOBP%GO:0002092		22	0.45046356	1.1611781	0.2713068	1.0	1.0	2247	tags=23%, list=9%, signal=25%	
REGULATION OF TRANSFORMING GROWTH FACTOR BETA PRODUCTION%GOBP%GO:0071634	REGULATION OF TRANSFORMING GROWTH FACTOR BETA PRODUCTION%GOBP%GO:0071634		25	0.43647355	1.160537	0.258597	1.0	1.0	7833	tags=52%, list=32%, signal=76%	
EXOCYTIC PROCESS%GOBP%GO:0140029	EXOCYTIC PROCESS%GOBP%GO:0140029		47	0.3862885	1.1601496	0.23803364	1.0	1.0	4051	tags=26%, list=17%, signal=31%	
METABOLISM OF WATER-SOLUBLE VITAMINS AND COFACTORS%REACTOME DATABASE ID RELEASE 95%196849	METABOLISM OF WATER-SOLUBLE VITAMINS AND COFACTORS%REACTOME DATABASE ID RELEASE 95%196849		122	0.34345144	1.159987	0.17800453	1.0	1.0	6834	tags=37%, list=28%, signal=51%	
FEMALE GONAD DEVELOPMENT%GOBP%GO:0008585	FEMALE GONAD DEVELOPMENT%GOBP%GO:0008585		36	0.40674248	1.1598388	0.25578406	1.0	1.0	7157	tags=39%, list=29%, signal=55%	
AXON EXTENSION%GOBP%GO:0048675	AXON EXTENSION%GOBP%GO:0048675		23	0.44061804	1.1595212	0.26056337	1.0	1.0	3370	tags=26%, list=14%, signal=30%	
SPHINGOLIPID METABOLIC PROCESS%GOBP%GO:0006665	SPHINGOLIPID METABOLIC PROCESS%GOBP%GO:0006665		144	0.33148775	1.1590937	0.18534961	1.0	1.0	7197	tags=34%, list=29%, signal=48%	
MOLTING CYCLE%GOBP%GO:0042303	MOLTING CYCLE%GOBP%GO:0042303		40	0.39705613	1.1590891	0.232	1.0	1.0	6864	tags=35%, list=28%, signal=49%	
LDL CLEARANCE%REACTOME DATABASE ID RELEASE 95%8964038	LDL CLEARANCE%REACTOME DATABASE ID RELEASE 95%8964038		19	0.46425185	1.1587971	0.2912088	1.0	1.0	8297	tags=47%, list=34%, signal=72%	
HDACS DEACETYLATE HISTONES%REACTOME DATABASE ID RELEASE 95%3214815	HDACS DEACETYLATE HISTONES%REACTOME DATABASE ID RELEASE 95%3214815		59	0.36948633	1.1586268	0.23507917	1.0	1.0	3053	tags=20%, list=12%, signal=23%	
TYROSINEMIA TYPE I%PATHWHIZ%PW000182	TYROSINEMIA TYPE I%PATHWHIZ%PW000182		16	0.4892827	1.1580633	0.278481	1.0	1.0	9873	tags=69%, list=40%, signal=115%	
INTEGRIN MEDIATED CELL ADHESION%WIKIPATHWAYS_20260211%WP185%HOMO SAPIENS	INTEGRIN MEDIATED CELL ADHESION%WIKIPATHWAYS_20260211%WP185%HOMO SAPIENS		77	0.35784918	1.1575086	0.2175981	1.0	1.0	5754	tags=29%, list=23%, signal=37%	
PEPTIDYL-SERINE PHOSPHORYLATION%GOBP%GO:0018105	PEPTIDYL-SERINE PHOSPHORYLATION%GOBP%GO:0018105		37	0.40160385	1.1560371	0.25365207	1.0	1.0	6433	tags=38%, list=26%, signal=51%	
GMCSF-MEDIATED SIGNALING EVENTS%PATHWAY INTERACTION DATABASE NCI-NATURE CURATED DATA%GMCSF-MEDIATED SIGNALING EVENTS	GMCSF-MEDIATED SIGNALING EVENTS%PATHWAY INTERACTION DATABASE NCI-NATURE CURATED DATA%GMCSF-MEDIATED SIGNALING EVENTS		37	0.40245894	1.1555427	0.24355671	1.0	1.0	3981	tags=32%, list=16%, signal=39%	
G PROTEIN-COUPLED SEROTONIN RECEPTOR SIGNALING PATHWAY%GOBP%GO:0098664	G PROTEIN-COUPLED SEROTONIN RECEPTOR SIGNALING PATHWAY%GOBP%GO:0098664		15	0.49006844	1.1547437	0.29515418	1.0	1.0	6791	tags=47%, list=28%, signal=65%	
REGULATION OF FATTY ACID BIOSYNTHETIC PROCESS%GOBP%GO:0042304	REGULATION OF FATTY ACID BIOSYNTHETIC PROCESS%GOBP%GO:0042304		43	0.3898247	1.1546605	0.25882354	1.0	1.0	5302	tags=33%, list=22%, signal=41%	
ENDOGENOUS TLR SIGNALING%PATHWAY INTERACTION DATABASE NCI-NATURE CURATED DATA%ENDOGENOUS TLR SIGNALING	ENDOGENOUS TLR SIGNALING%PATHWAY INTERACTION DATABASE NCI-NATURE CURATED DATA%ENDOGENOUS TLR SIGNALING		25	0.4344195	1.1546584	0.255911	1.0	1.0	7017	tags=52%, list=29%, signal=73%	
EXTRINSIC APOPTOTIC SIGNALING PATHWAY IN ABSENCE OF LIGAND%GOBP%GO:0097192	EXTRINSIC APOPTOTIC SIGNALING PATHWAY IN ABSENCE OF LIGAND%GOBP%GO:0097192		15	0.49144757	1.1546437	0.28653294	1.0	1.0	9943	tags=67%, list=41%, signal=112%	
PEPTIDYL-SERINE MODIFICATION%GOBP%GO:0018209	PEPTIDYL-SERINE MODIFICATION%GOBP%GO:0018209		39	0.39992964	1.1546186	0.263089	1.0	1.0	6536	tags=38%, list=27%, signal=52%	
DNA REPAIR-DEPENDENT CHROMATIN REMODELING%GOBP%GO:0140861	DNA REPAIR-DEPENDENT CHROMATIN REMODELING%GOBP%GO:0140861		25	0.43802112	1.1542627	0.27896994	1.0	1.0	6247	tags=40%, list=26%, signal=54%	
CELL MATURATION%GOBP%GO:0048469	CELL MATURATION%GOBP%GO:0048469		93	0.3467323	1.154254	0.20888355	1.0	1.0	6459	tags=31%, list=26%, signal=42%	
D-<I>MYO< I>-INOSITOL-5-PHOSPHATE METABOLISM%BIOCYC%PWY-6367	D-<I>MYO< I>-INOSITOL-5-PHOSPHATE METABOLISM%BIOCYC%PWY-6367		19	0.462572	1.1539702	0.27089337	1.0	1.0	2364	tags=26%, list=10%, signal=29%	
FORMATION OF THE BETA-CATENIN:TCF TRANSACTIVATING COMPLEX%REACTOME DATABASE ID RELEASE 95%201722	FORMATION OF THE BETA-CATENIN:TCF TRANSACTIVATING COMPLEX%REACTOME DATABASE ID RELEASE 95%201722		60	0.36966577	1.1535645	0.22235723	1.0	1.0	3156	tags=25%, list=13%, signal=29%	
NO CGMP PKG MEDIATED NEUROPROTECTION%WIKIPATHWAYS_20260211%WP4008%HOMO SAPIENS	NO CGMP PKG MEDIATED NEUROPROTECTION%WIKIPATHWAYS_20260211%WP4008%HOMO SAPIENS		33	0.4089088	1.1534004	0.24637681	1.0	1.0	6168	tags=30%, list=25%, signal=40%	
NEGATIVE REGULATION OF RESPONSE TO BIOTIC STIMULUS%GOBP%GO:0002832	NEGATIVE REGULATION OF RESPONSE TO BIOTIC STIMULUS%GOBP%GO:0002832		118	0.33720732	1.15237	0.19908467	1.0	1.0	6740	tags=33%, list=28%, signal=45%	
ONCOGENE INDUCED SENESCENCE%REACTOME DATABASE ID RELEASE 95%2559585	ONCOGENE INDUCED SENESCENCE%REACTOME DATABASE ID RELEASE 95%2559585		33	0.41109675	1.1522001	0.28284183	1.0	1.0	7765	tags=45%, list=32%, signal=66%	
REGULATION OF ACTIN CYTOSKELETON%WIKIPATHWAYS_20260211%WP51%HOMO SAPIENS	REGULATION OF ACTIN CYTOSKELETON%WIKIPATHWAYS_20260211%WP51%HOMO SAPIENS		110	0.3420054	1.1520854	0.19812427	1.0	1.0	4592	tags=25%, list=19%, signal=31%	
DEADENYLATION OF MRNA%REACTOME DATABASE ID RELEASE 95%429947	DEADENYLATION OF MRNA%REACTOME DATABASE ID RELEASE 95%429947		25	0.44132286	1.151942	0.2625	1.0	1.0	1609	tags=24%, list=7%, signal=26%	
VITAMIN A AND CAROTENOID METABOLISM%WIKIPATHWAYS_20260211%WP716%HOMO SAPIENS	VITAMIN A AND CAROTENOID METABOLISM%WIKIPATHWAYS_20260211%WP716%HOMO SAPIENS		39	0.39775833	1.151819	0.24639581	1.0	1.0	8453	tags=56%, list=35%, signal=86%	
REGULATION OF ACTIN FILAMENT-BASED MOVEMENT%GOBP%GO:1903115	REGULATION OF ACTIN FILAMENT-BASED MOVEMENT%GOBP%GO:1903115		34	0.40147096	1.1515973	0.25824177	1.0	1.0	7163	tags=35%, list=29%, signal=50%	
PROTEIN LOCALIZATION TO VACUOLE%GOBP%GO:0072665	PROTEIN LOCALIZATION TO VACUOLE%GOBP%GO:0072665		65	0.37015346	1.151014	0.23292683	1.0	1.0	7711	tags=45%, list=31%, signal=65%	
STEROL HOMEOSTASIS%GOBP%GO:0055092	STEROL HOMEOSTASIS%GOBP%GO:0055092		88	0.34923026	1.1509501	0.21805392	1.0	1.0	9023	tags=51%, list=37%, signal=81%	
HALLMARK_ADIPOGENESIS%MSIGDBHALLMARK%HALLMARK_ADIPOGENESIS	HALLMARK_ADIPOGENESIS%MSIGDBHALLMARK%HALLMARK_ADIPOGENESIS		164	0.32648733	1.150348	0.18675353	1.0	1.0	6304	tags=31%, list=26%, signal=42%	
INTRACILIARY RETROGRADE TRANSPORT%GOBP%GO:0035721	INTRACILIARY RETROGRADE TRANSPORT%GOBP%GO:0035721		19	0.4585574	1.150269	0.27561328	1.0	1.0	2464	tags=26%, list=10%, signal=29%	
NEGATIVE REGULATION OF CELL GROWTH%GOBP%GO:0030308	NEGATIVE REGULATION OF CELL GROWTH%GOBP%GO:0030308		121	0.33827412	1.1501896	0.19042316	1.0	1.0	5452	tags=26%, list=22%, signal=34%	
COLLAGEN CATABOLIC PROCESS%GOBP%GO:0030574	COLLAGEN CATABOLIC PROCESS%GOBP%GO:0030574		34	0.4058647	1.1501044	0.25098553	1.0	1.0	7628	tags=44%, list=31%, signal=64%	
LXR-MEDIATED SIGNALING%REACTOME DATABASE ID RELEASE 95%9024446	LXR-MEDIATED SIGNALING%REACTOME DATABASE ID RELEASE 95%9024446		44	0.3850099	1.1499234	0.25844157	1.0	1.0	2189	tags=18%, list=9%, signal=20%	
CELL COMMUNICATION INVOLVED IN CARDIAC CONDUCTION%GOBP%GO:0086065	CELL COMMUNICATION INVOLVED IN CARDIAC CONDUCTION%GOBP%GO:0086065		40	0.3966187	1.1498481	0.25032425	1.0	1.0	9223	tags=45%, list=38%, signal=72%	
SPINDLE CHECKPOINT SIGNALING%GOBP%GO:0031577	SPINDLE CHECKPOINT SIGNALING%GOBP%GO:0031577		28	0.41910854	1.1497881	0.265625	1.0	1.0	3732	tags=29%, list=15%, signal=34%	
STEROID BIOSYNTHETIC PROCESS%GOBP%GO:0006694	STEROID BIOSYNTHETIC PROCESS%GOBP%GO:0006694		66	0.36583966	1.1489863	0.2244143	1.0	1.0	5918	tags=33%, list=24%, signal=44%	
PROSTAGLANDIN SYNTHESIS AND REGULATION%WIKIPATHWAYS_20260211%WP98%HOMO SAPIENS	PROSTAGLANDIN SYNTHESIS AND REGULATION%WIKIPATHWAYS_20260211%WP98%HOMO SAPIENS		36	0.39540473	1.1488513	0.24933687	1.0	1.0	9565	tags=44%, list=39%, signal=73%	
REGULATION OF BLOOD PRESSURE%GOBP%GO:0008217	REGULATION OF BLOOD PRESSURE%GOBP%GO:0008217		108	0.33662868	1.1479325	0.20231214	1.0	1.0	7080	tags=40%, list=29%, signal=56%	
SPHINGOLIPID DE NOVO BIOSYNTHESIS%REACTOME DATABASE ID RELEASE 95%1660661	SPHINGOLIPID DE NOVO BIOSYNTHESIS%REACTOME DATABASE ID RELEASE 95%1660661		36	0.40730426	1.1477594	0.27296248	1.0	1.0	6761	tags=36%, list=28%, signal=50%	
PYRIMIDINE NUCLEOTIDE CATABOLIC PROCESS%GOBP%GO:0006244	PYRIMIDINE NUCLEOTIDE CATABOLIC PROCESS%GOBP%GO:0006244		19	0.46241015	1.147577	0.28043777	1.0	1.0	6699	tags=53%, list=27%, signal=72%	
REGULATION OF MACROPHAGE ACTIVATION%GOBP%GO:0043030	REGULATION OF MACROPHAGE ACTIVATION%GOBP%GO:0043030		45	0.3892928	1.1472989	0.26214835	1.0	1.0	7833	tags=42%, list=32%, signal=62%	
POSITIVE REGULATION OF P38MAPK CASCADE%GOBP%GO:1900745	POSITIVE REGULATION OF P38MAPK CASCADE%GOBP%GO:1900745		23	0.43763733	1.146978	0.27601156	1.0	1.0	2489	tags=26%, list=10%, signal=29%	
WNT SIGNALING PATHWAY, PLANAR CELL POLARITY PATHWAY%GOBP%GO:0060071	WNT SIGNALING PATHWAY, PLANAR CELL POLARITY PATHWAY%GOBP%GO:0060071		28	0.42470732	1.1469518	0.26104417	1.0	1.0	1857	tags=21%, list=8%, signal=23%	
POSITIVE REGULATION OF INTERLEUKIN-13 PRODUCTION%GOBP%GO:0032736	POSITIVE REGULATION OF INTERLEUKIN-13 PRODUCTION%GOBP%GO:0032736		17	0.4792607	1.1469463	0.29640287	1.0	1.0	4568	tags=29%, list=19%, signal=36%	
POSITIVE REGULATION OF RELEASE OF SEQUESTERED CALCIUM ION INTO CYTOSOL%GOBP%GO:0051281	POSITIVE REGULATION OF RELEASE OF SEQUESTERED CALCIUM ION INTO CYTOSOL%GOBP%GO:0051281		26	0.42772216	1.146294	0.26966292	1.0	1.0	6440	tags=35%, list=26%, signal=47%	
TP53 REGULATES TRANSCRIPTION OF ADDITIONAL CELL CYCLE GENES WHOSE EXACT ROLE IN THE P53 PATHWAY REMAIN UNCERTAIN%REACTOME%R-HSA-6804115.2	TP53 REGULATES TRANSCRIPTION OF ADDITIONAL CELL CYCLE GENES WHOSE EXACT ROLE IN THE P53 PATHWAY REMAIN UNCERTAIN%REACTOME%R-HSA-6804115.2		20	0.4503394	1.1460203	0.28366762	1.0	1.0	5027	tags=35%, list=21%, signal=44%	
REGULATION OF CELLULAR PH%GOBP%GO:0030641	REGULATION OF CELLULAR PH%GOBP%GO:0030641		86	0.34767875	1.1457584	0.23353294	1.0	1.0	7168	tags=40%, list=29%, signal=56%	
TRANSCRIPTIONAL REGULATION OF PLURIPOTENT STEM CELLS%REACTOME%R-HSA-452723.4	TRANSCRIPTIONAL REGULATION OF PLURIPOTENT STEM CELLS%REACTOME%R-HSA-452723.4		22	0.44307056	1.1455529	0.2832618	1.0	1.0	8542	tags=50%, list=35%, signal=77%	
CELLULAR SENESCENCE%REACTOME DATABASE ID RELEASE 95%2559583	CELLULAR SENESCENCE%REACTOME DATABASE ID RELEASE 95%2559583		162	0.32489082	1.1450304	0.19188596	1.0	1.0	3193	tags=18%, list=13%, signal=20%	
CHOLESTEROL BIOSYNTHETIC PROCESS%GOBP%GO:0006695	CHOLESTEROL BIOSYNTHETIC PROCESS%GOBP%GO:0006695		29	0.4123731	1.1449049	0.2799443	1.0	1.0	8391	tags=41%, list=34%, signal=63%	
OVULATION CYCLE PROCESS%GOBP%GO:0022602	OVULATION CYCLE PROCESS%GOBP%GO:0022602		17	0.4655941	1.144462	0.27729884	1.0	1.0	7157	tags=53%, list=29%, signal=75%	
POSITIVE REGULATION OF RECEPTOR-MEDIATED ENDOCYTOSIS%GOBP%GO:0048260	POSITIVE REGULATION OF RECEPTOR-MEDIATED ENDOCYTOSIS%GOBP%GO:0048260		45	0.38666245	1.144423	0.24635762	1.0	1.0	5722	tags=31%, list=23%, signal=41%	
SNRNA TRANSCRIPTION%GOBP%GO:0009301	SNRNA TRANSCRIPTION%GOBP%GO:0009301		15	0.4814788	1.1441107	0.29315478	1.0	1.0	2190	tags=27%, list=9%, signal=29%	
INNER MITOCHONDRIAL MEMBRANE ORGANIZATION%GOBP%GO:0007007	INNER MITOCHONDRIAL MEMBRANE ORGANIZATION%GOBP%GO:0007007		40	0.39140445	1.1439795	0.24020888	1.0	1.0	3991	tags=23%, list=16%, signal=27%	
DENDRITE SELF-AVOIDANCE%GOBP%GO:0070593	DENDRITE SELF-AVOIDANCE%GOBP%GO:0070593		15	0.4737235	1.1439701	0.32147938	1.0	1.0	6714	tags=53%, list=27%, signal=73%	
COLLAGEN CHAIN TRIMERIZATION%REACTOME DATABASE ID RELEASE 95%8948216	COLLAGEN CHAIN TRIMERIZATION%REACTOME DATABASE ID RELEASE 95%8948216		44	0.38381007	1.1439176	0.2669221	1.0	1.0	2327	tags=14%, list=10%, signal=15%	
INFLAMMATION MEDIATED BY CHEMOKINE AND CYTOKINE SIGNALING PATHWAY%PANTHER PATHWAY%P00031	INFLAMMATION MEDIATED BY CHEMOKINE AND CYTOKINE SIGNALING PATHWAY%PANTHER PATHWAY%P00031		180	0.32429144	1.1437222	0.20864865	1.0	1.0	9126	tags=46%, list=37%, signal=73%	
PYRIMIDINE NUCLEOTIDE BIOSYNTHETIC PROCESS%GOBP%GO:0006221	PYRIMIDINE NUCLEOTIDE BIOSYNTHETIC PROCESS%GOBP%GO:0006221		20	0.4506418	1.1436003	0.28421053	1.0	1.0	8285	tags=55%, list=34%, signal=83%	
VASCULAR ENDOTHELIAL GROWTH FACTOR RECEPTOR SIGNALING PATHWAY%GOBP%GO:0048010	VASCULAR ENDOTHELIAL GROWTH FACTOR RECEPTOR SIGNALING PATHWAY%GOBP%GO:0048010		29	0.41923597	1.1434952	0.27513966	1.0	1.0	5867	tags=28%, list=24%, signal=36%	
UTERINE NATURAL KILLER CELLS AND PROGESTERONE ESTROGEN AND CHORIONIC GONADOTROPIN%WIKIPATHWAYS_20260211%WP5569%HOMO SAPIENS	UTERINE NATURAL KILLER CELLS AND PROGESTERONE ESTROGEN AND CHORIONIC GONADOTROPIN%WIKIPATHWAYS_20260211%WP5569%HOMO SAPIENS		48	0.38219622	1.1433825	0.25721785	1.0	1.0	9219	tags=52%, list=38%, signal=83%	
PHOTOTRANSDUCTION%GOBP%GO:0007602	PHOTOTRANSDUCTION%GOBP%GO:0007602		36	0.40354508	1.1433399	0.26718548	1.0	1.0	3744	tags=28%, list=15%, signal=33%	
REGULATION OF INTRACELLULAR PH%GOBP%GO:0051453	REGULATION OF INTRACELLULAR PH%GOBP%GO:0051453		84	0.3460865	1.1432168	0.23894863	1.0	1.0	7168	tags=39%, list=29%, signal=55%	
NUCLEAR ENVELOPE BREAKDOWN%REACTOME%R-HSA-2980766.4	NUCLEAR ENVELOPE BREAKDOWN%REACTOME%R-HSA-2980766.4		46	0.38477936	1.1431694	0.26295337	1.0	1.0	8107	tags=41%, list=33%, signal=62%	
CELLULAR RESPONSE TO TYPE II INTERFERON%GOBP%GO:0071346	CELLULAR RESPONSE TO TYPE II INTERFERON%GOBP%GO:0071346		49	0.38312432	1.1429888	0.24838293	1.0	1.0	9020	tags=49%, list=37%, signal=77%	
IL3-MEDIATED SIGNALING EVENTS%PATHWAY INTERACTION DATABASE NCI-NATURE CURATED DATA%IL3-MEDIATED SIGNALING EVENTS	IL3-MEDIATED SIGNALING EVENTS%PATHWAY INTERACTION DATABASE NCI-NATURE CURATED DATA%IL3-MEDIATED SIGNALING EVENTS		27	0.42721763	1.1426467	0.28783783	1.0	1.0	6601	tags=44%, list=27%, signal=61%	
REGULATION OF NEURONAL SYNAPTIC PLASTICITY%GOBP%GO:0048168	REGULATION OF NEURONAL SYNAPTIC PLASTICITY%GOBP%GO:0048168		42	0.3875168	1.1426339	0.2611465	1.0	1.0	4153	tags=29%, list=17%, signal=34%	
ZBP1(DAI) MEDIATED INDUCTION OF TYPE I IFNS%REACTOME DATABASE ID RELEASE 95%1606322	ZBP1(DAI) MEDIATED INDUCTION OF TYPE I IFNS%REACTOME DATABASE ID RELEASE 95%1606322		21	0.43614098	1.1425006	0.28169015	1.0	1.0	5558	tags=33%, list=23%, signal=43%	
AMINE METABOLIC PROCESS%GOBP%GO:0009308	AMINE METABOLIC PROCESS%GOBP%GO:0009308		62	0.3646862	1.1421123	0.23186529	1.0	1.0	6763	tags=45%, list=28%, signal=62%	
FILOPODIUM ASSEMBLY%GOBP%GO:0046847	FILOPODIUM ASSEMBLY%GOBP%GO:0046847		19	0.44804734	1.1416061	0.2940341	1.0	1.0	3640	tags=26%, list=15%, signal=31%	
NEGATIVE REGULATION OF FATTY ACID METABOLIC PROCESS%GOBP%GO:0045922	NEGATIVE REGULATION OF FATTY ACID METABOLIC PROCESS%GOBP%GO:0045922		29	0.41314968	1.1412327	0.28877005	1.0	1.0	5254	tags=28%, list=21%, signal=35%	
CHOLESTEROL HOMEOSTASIS%GOBP%GO:0042632	CHOLESTEROL HOMEOSTASIS%GOBP%GO:0042632		87	0.34511244	1.1411917	0.21589561	1.0	1.0	9023	tags=51%, list=37%, signal=80%	
CEREBRAL CORTEX CELL MIGRATION%GOBP%GO:0021795	CEREBRAL CORTEX CELL MIGRATION%GOBP%GO:0021795		20	0.45046827	1.1411153	0.28062677	1.0	1.0	7847	tags=55%, list=32%, signal=81%	
REGULATION OF HEART RATE%GOBP%GO:0002027	REGULATION OF HEART RATE%GOBP%GO:0002027		82	0.3492753	1.1409266	0.24818403	1.0	1.0	7163	tags=37%, list=29%, signal=52%	
CARDIOMYOCYTE SIGNALING CONVERGING ON TITIN%WIKIPATHWAYS_20260211%WP5344%HOMO SAPIENS	CARDIOMYOCYTE SIGNALING CONVERGING ON TITIN%WIKIPATHWAYS_20260211%WP5344%HOMO SAPIENS		25	0.4232355	1.1408633	0.28011206	1.0	1.0	5987	tags=40%, list=24%, signal=53%	
ANTIVIRAL AND ANTI INFLAMMATORY EFFECTS OF NRF2 ON SARS COV 2 PATHWAY%WIKIPATHWAYS_20260211%WP5113%HOMO SAPIENS	ANTIVIRAL AND ANTI INFLAMMATORY EFFECTS OF NRF2 ON SARS COV 2 PATHWAY%WIKIPATHWAYS_20260211%WP5113%HOMO SAPIENS		26	0.42067602	1.140803	0.28266665	1.0	1.0	5253	tags=31%, list=21%, signal=39%	
OREXIN RECEPTOR PATHWAY%WIKIPATHWAYS_20260211%WP5094%HOMO SAPIENS	OREXIN RECEPTOR PATHWAY%WIKIPATHWAYS_20260211%WP5094%HOMO SAPIENS		76	0.35107386	1.1405462	0.24497041	1.0	1.0	8126	tags=47%, list=33%, signal=71%	
MODULATION BY SYMBIONT OF ENTRY INTO HOST%GOBP%GO:0052372	MODULATION BY SYMBIONT OF ENTRY INTO HOST%GOBP%GO:0052372		23	0.4299982	1.1404138	0.27929154	1.0	1.0	1080	tags=13%, list=4%, signal=14%	
DISRUPTION OF ANATOMICAL STRUCTURE IN ANOTHER ORGANISM%GOBP%GO:0141060	DISRUPTION OF ANATOMICAL STRUCTURE IN ANOTHER ORGANISM%GOBP%GO:0141060		61	0.36485392	1.1395841	0.24307305	1.0	1.0	7883	tags=34%, list=32%, signal=51%	
POSITIVE REGULATION OF INTERFERON-BETA PRODUCTION%GOBP%GO:0032728	POSITIVE REGULATION OF INTERFERON-BETA PRODUCTION%GOBP%GO:0032728		38	0.39760607	1.1393119	0.27673796	1.0	1.0	3687	tags=24%, list=15%, signal=28%	
EPHB-MEDIATED FORWARD SIGNALING%REACTOME%R-HSA-3928662.4	EPHB-MEDIATED FORWARD SIGNALING%REACTOME%R-HSA-3928662.4		33	0.40386027	1.1390685	0.27185792	1.0	1.0	6452	tags=39%, list=26%, signal=53%	
KERATAN SULFATE PROTEOGLYCAN BIOSYNTHETIC PROCESS%GOBP%GO:0018146	KERATAN SULFATE PROTEOGLYCAN BIOSYNTHETIC PROCESS%GOBP%GO:0018146		16	0.47142553	1.1384982	0.29809105	1.0	1.0	4537	tags=38%, list=19%, signal=46%	
HALLMARK_ANGIOGENESIS%MSIGDBHALLMARK%HALLMARK_ANGIOGENESIS	HALLMARK_ANGIOGENESIS%MSIGDBHALLMARK%HALLMARK_ANGIOGENESIS		32	0.41146493	1.1384853	0.27493262	1.0	1.0	8251	tags=47%, list=34%, signal=71%	
EOSINOPHIL MIGRATION%GOBP%GO:0072677	EOSINOPHIL MIGRATION%GOBP%GO:0072677		20	0.44957677	1.1381516	0.29228687	1.0	1.0	7694	tags=55%, list=31%, signal=80%	
REGULATION OF SUBSTRATE ADHESION-DEPENDENT CELL SPREADING%GOBP%GO:1900024	REGULATION OF SUBSTRATE ADHESION-DEPENDENT CELL SPREADING%GOBP%GO:1900024		51	0.37324724	1.1380655	0.2757306	1.0	1.0	5977	tags=35%, list=24%, signal=47%	
MAMMARY GLAND DEVELOPMENT%GOBP%GO:0030879	MAMMARY GLAND DEVELOPMENT%GOBP%GO:0030879		36	0.3998825	1.1377491	0.28403142	1.0	1.0	6708	tags=36%, list=27%, signal=50%	
CELLULAR RESPONSE TO INTERFERON-BETA%GOBP%GO:0035458	CELLULAR RESPONSE TO INTERFERON-BETA%GOBP%GO:0035458		24	0.43030116	1.1375257	0.28475034	1.0	1.0	4925	tags=33%, list=20%, signal=42%	
REGULATION OF PLASMA LIPOPROTEIN PARTICLE LEVELS%GOBP%GO:0097006	REGULATION OF PLASMA LIPOPROTEIN PARTICLE LEVELS%GOBP%GO:0097006		60	0.36856085	1.1374234	0.24879228	1.0	1.0	8709	tags=53%, list=36%, signal=83%	
SIGNALLING TO RAS%REACTOME%R-HSA-167044.6	SIGNALLING TO RAS%REACTOME%R-HSA-167044.6		17	0.46048135	1.1374189	0.30703014	1.0	1.0	3354	tags=24%, list=14%, signal=27%	
REGULATION OF NON-CANONICAL WNT SIGNALING PATHWAY%GOBP%GO:2000050	REGULATION OF NON-CANONICAL WNT SIGNALING PATHWAY%GOBP%GO:2000050		20	0.44470784	1.1372612	0.30458972	1.0	1.0	5293	tags=35%, list=22%, signal=45%	
EOSINOPHIL CHEMOTAXIS%GOBP%GO:0048245	EOSINOPHIL CHEMOTAXIS%GOBP%GO:0048245		20	0.44957677	1.1371704	0.2946299	1.0	1.0	7694	tags=55%, list=31%, signal=80%	
LONG-CHAIN FATTY ACID METABOLIC PROCESS%GOBP%GO:0001676	LONG-CHAIN FATTY ACID METABOLIC PROCESS%GOBP%GO:0001676		97	0.34174597	1.1370685	0.22365339	1.0	1.0	5225	tags=28%, list=21%, signal=35%	
PRE-NOTCH TRANSCRIPTION AND TRANSLATION%REACTOME%R-HSA-1912408.8	PRE-NOTCH TRANSCRIPTION AND TRANSLATION%REACTOME%R-HSA-1912408.8		64	0.35977685	1.1370606	0.24908425	1.0	1.0	6377	tags=39%, list=26%, signal=53%	
REGULATION OF STRESS-ACTIVATED MAPK CASCADE%GOBP%GO:0032872	REGULATION OF STRESS-ACTIVATED MAPK CASCADE%GOBP%GO:0032872		31	0.40217727	1.1367581	0.2780083	1.0	1.0	8563	tags=55%, list=35%, signal=84%	
DEFENSINS%REACTOME DATABASE ID RELEASE 95%1461973	DEFENSINS%REACTOME DATABASE ID RELEASE 95%1461973		39	0.39396176	1.1365104	0.26372156	1.0	1.0	6847	tags=41%, list=28%, signal=57%	
PHAGOSOME MATURATION%GOBP%GO:0090382	PHAGOSOME MATURATION%GOBP%GO:0090382		24	0.42982772	1.1363947	0.28652483	1.0	1.0	3329	tags=33%, list=14%, signal=39%	
NUCLEOBASE METABOLIC PROCESS%GOBP%GO:0009112	NUCLEOBASE METABOLIC PROCESS%GOBP%GO:0009112		24	0.4320689	1.1350479	0.28312412	1.0	1.0	6762	tags=42%, list=28%, signal=58%	
RESPONSE TO TYPE II INTERFERON%GOBP%GO:0034341	RESPONSE TO TYPE II INTERFERON%GOBP%GO:0034341		84	0.34724694	1.1348103	0.24705882	1.0	1.0	7359	tags=37%, list=30%, signal=53%	
ARACHIDONATE METABOLIC PROCESS%GOBP%GO:0019369	ARACHIDONATE METABOLIC PROCESS%GOBP%GO:0019369		49	0.37343562	1.1347585	0.2693299	1.0	1.0	4674	tags=29%, list=19%, signal=35%	
GLYCOGENOSIS, TYPE III. CORI DISEASE, DEBRANCHER GLYCOGENOSIS%PATHWHIZ%PW000529	GLYCOGENOSIS, TYPE III. CORI DISEASE, DEBRANCHER GLYCOGENOSIS%PATHWHIZ%PW000529		16	0.46433255	1.1344436	0.27878788	1.0	1.0	4375	tags=31%, list=18%, signal=38%	
POSITIVE REGULATION OF LIPID BIOSYNTHETIC PROCESS%GOBP%GO:0046889	POSITIVE REGULATION OF LIPID BIOSYNTHETIC PROCESS%GOBP%GO:0046889		81	0.35398367	1.1344134	0.24969988	1.0	1.0	5302	tags=32%, list=22%, signal=41%	
REGULATION OF PHAGOCYTOSIS%GOBP%GO:0050764	REGULATION OF PHAGOCYTOSIS%GOBP%GO:0050764		85	0.34790176	1.1340036	0.23798077	1.0	1.0	7624	tags=41%, list=31%, signal=60%	
POSITIVE REGULATION OF NEUROGENESIS%GOBP%GO:0050769	POSITIVE REGULATION OF NEUROGENESIS%GOBP%GO:0050769		115	0.33650288	1.1338903	0.24768518	1.0	1.0	5480	tags=28%, list=22%, signal=36%	
PLASMA LIPOPROTEIN PARTICLE ASSEMBLY%GOBP%GO:0034377	PLASMA LIPOPROTEIN PARTICLE ASSEMBLY%GOBP%GO:0034377		22	0.43840697	1.1338688	0.29098362	1.0	1.0	8580	tags=59%, list=35%, signal=91%	
REGULATION OF BIOLOGICAL PROCESS INVOLVED IN SYMBIOTIC INTERACTION%GOBP%GO:0043903	REGULATION OF BIOLOGICAL PROCESS INVOLVED IN SYMBIOTIC INTERACTION%GOBP%GO:0043903		31	0.40731886	1.133857	0.27581522	1.0	1.0	5540	tags=29%, list=23%, signal=37%	
MITOCHONDRIAL ELECTRON TRANSPORT CHAIN%SMPDB%SMP0000355	MITOCHONDRIAL ELECTRON TRANSPORT CHAIN%SMPDB%SMP0000355		18	0.4548637	1.1337627	0.29929078	1.0	1.0	5972	tags=33%, list=24%, signal=44%	
FORMATION OF SENESCENCE-ASSOCIATED HETEROCHROMATIN FOCI (SAHF)%REACTOME DATABASE ID RELEASE 95%2559584	FORMATION OF SENESCENCE-ASSOCIATED HETEROCHROMATIN FOCI (SAHF)%REACTOME DATABASE ID RELEASE 95%2559584		16	0.4699336	1.1337329	0.3034682	1.0	1.0	5752	tags=44%, list=23%, signal=57%	
FORMATION OF THE CORNIFIED ENVELOPE%REACTOME%R-HSA-6809371.6	FORMATION OF THE CORNIFIED ENVELOPE%REACTOME%R-HSA-6809371.6		75	0.3496324	1.1329101	0.26108375	1.0	1.0	7628	tags=40%, list=31%, signal=58%	
MAST CELL ACTIVATION INVOLVED IN IMMUNE RESPONSE%GOBP%GO:0002279	MAST CELL ACTIVATION INVOLVED IN IMMUNE RESPONSE%GOBP%GO:0002279		16	0.46967462	1.132816	0.27518797	1.0	1.0	7150	tags=56%, list=29%, signal=79%	
THE ONCOGENIC ACTION OF 2-HYDROXYGLUTARATE%SMPDB%SMP0002291	THE ONCOGENIC ACTION OF 2-HYDROXYGLUTARATE%SMPDB%SMP0002291		24	0.44067502	1.1323807	0.2951049	1.0	1.0	10651	tags=67%, list=43%, signal=118%	
PID_TXA2PATHWAY%MSIGDB_C2%PID_TXA2PATHWAY	PID_TXA2PATHWAY%MSIGDB_C2%PID_TXA2PATHWAY		38	0.3844576	1.1320546	0.27415144	1.0	1.0	8594	tags=39%, list=35%, signal=61%	
REGULATION OF CELL ADHESION MEDIATED BY INTEGRIN%GOBP%GO:0033628	REGULATION OF CELL ADHESION MEDIATED BY INTEGRIN%GOBP%GO:0033628		41	0.39134404	1.1318822	0.2621232	1.0	1.0	8512	tags=56%, list=35%, signal=86%	
REGULATION OF PH%GOBP%GO:0006885	REGULATION OF PH%GOBP%GO:0006885		89	0.343641	1.1318387	0.23864959	1.0	1.0	7168	tags=39%, list=29%, signal=55%	
DAP12 SIGNALING%REACTOME DATABASE ID RELEASE 95%2424491	DAP12 SIGNALING%REACTOME DATABASE ID RELEASE 95%2424491		25	0.42296174	1.1318349	0.29668874	1.0	1.0	5491	tags=32%, list=22%, signal=41%	
NEGATIVE REGULATION OF EXOCYTOSIS%GOBP%GO:0045920	NEGATIVE REGULATION OF EXOCYTOSIS%GOBP%GO:0045920		29	0.41159916	1.131446	0.29261363	1.0	1.0	1534	tags=14%, list=6%, signal=15%	
TAR SYNDROME%WIKIPATHWAYS_20260211%WP5362%HOMO SAPIENS	TAR SYNDROME%WIKIPATHWAYS_20260211%WP5362%HOMO SAPIENS		53	0.3737077	1.1314398	0.28407642	1.0	1.0	7832	tags=42%, list=32%, signal=61%	
PID_HDAC_CLASSII_PATHWAY%MSIGDB_C2%PID_HDAC_CLASSII_PATHWAY	PID_HDAC_CLASSII_PATHWAY%MSIGDB_C2%PID_HDAC_CLASSII_PATHWAY		25	0.42412657	1.1313096	0.2931507	1.0	1.0	3773	tags=32%, list=15%, signal=38%	
KCNQ2 AND KCNQ3 RELATED EPILEPSY%WIKIPATHWAYS_20260211%WP5599%HOMO SAPIENS	KCNQ2 AND KCNQ3 RELATED EPILEPSY%WIKIPATHWAYS_20260211%WP5599%HOMO SAPIENS		25	0.42447272	1.1311269	0.30042315	1.0	1.0	6784	tags=48%, list=28%, signal=66%	
GONAD DEVELOPMENT%GOBP%GO:0008406	GONAD DEVELOPMENT%GOBP%GO:0008406		86	0.34515977	1.1309698	0.24941176	1.0	1.0	7157	tags=33%, list=29%, signal=46%	
BRAIN MORPHOGENESIS%GOBP%GO:0048854	BRAIN MORPHOGENESIS%GOBP%GO:0048854		16	0.4663633	1.1308683	0.30801687	1.0	1.0	2293	tags=19%, list=9%, signal=21%	
PID_INTEGRIN1_PATHWAY%MSIGDB_C2%PID_INTEGRIN1_PATHWAY	PID_INTEGRIN1_PATHWAY%MSIGDB_C2%PID_INTEGRIN1_PATHWAY		49	0.3777398	1.1306397	0.27564102	1.0	1.0	5878	tags=37%, list=24%, signal=48%	
SMOOTH MUSCLE CELL DIFFERENTIATION%GOBP%GO:0051145	SMOOTH MUSCLE CELL DIFFERENTIATION%GOBP%GO:0051145		18	0.45347935	1.1304642	0.29986054	1.0	1.0	745	tags=17%, list=3%, signal=17%	
STARCH AND SUCROSE METABOLISM%PATHWHIZ%PW000150	STARCH AND SUCROSE METABOLISM%PATHWHIZ%PW000150		16	0.46433255	1.1299598	0.3005618	1.0	1.0	4375	tags=31%, list=18%, signal=38%	
REGENERATION%GOBP%GO:0031099	REGENERATION%GOBP%GO:0031099		39	0.3838976	1.1299465	0.29220778	1.0	1.0	8725	tags=51%, list=36%, signal=80%	
GLYCOLYSIS%REACTOME DATABASE ID RELEASE 95%70171	GLYCOLYSIS%REACTOME DATABASE ID RELEASE 95%70171		68	0.35468322	1.1297343	0.24937344	1.0	1.0	6347	tags=32%, list=26%, signal=44%	
FLUOROPYRIMIDINE ACTIVITY%WIKIPATHWAYS_20260211%WP1601%HOMO SAPIENS	FLUOROPYRIMIDINE ACTIVITY%WIKIPATHWAYS_20260211%WP1601%HOMO SAPIENS		27	0.41789222	1.1296499	0.28806585	1.0	1.0	7895	tags=41%, list=32%, signal=60%	
NUCLEOBASE BIOSYNTHETIC PROCESS%GOBP%GO:0046112	NUCLEOBASE BIOSYNTHETIC PROCESS%GOBP%GO:0046112		16	0.46814823	1.1296034	0.31714284	1.0	1.0	6762	tags=44%, list=28%, signal=60%	
GLYCEROPHOSPHOLIPID BIOSYNTHETIC PROCESS%GOBP%GO:0046474	GLYCEROPHOSPHOLIPID BIOSYNTHETIC PROCESS%GOBP%GO:0046474		185	0.3168423	1.1291561	0.22559653	1.0	1.0	4456	tags=22%, list=18%, signal=26%	
LYMPHOCYTE MIGRATION%GOBP%GO:0072676	LYMPHOCYTE MIGRATION%GOBP%GO:0072676		46	0.3726712	1.1291517	0.26436782	1.0	1.0	5146	tags=33%, list=21%, signal=41%	
POSITIVE REGULATION OF ENDOCYTOSIS%GOBP%GO:0045807	POSITIVE REGULATION OF ENDOCYTOSIS%GOBP%GO:0045807		129	0.33230352	1.1291286	0.22701475	1.0	1.0	7694	tags=36%, list=31%, signal=53%	
ACROSOME REACTION%GOBP%GO:0007340	ACROSOME REACTION%GOBP%GO:0007340		20	0.4463805	1.1291076	0.2925457	1.0	1.0	1025	tags=15%, list=4%, signal=16%	
SINGLE FERTILIZATION%GOBP%GO:0007338	SINGLE FERTILIZATION%GOBP%GO:0007338		99	0.34338167	1.1289907	0.24046242	1.0	1.0	3783	tags=19%, list=15%, signal=23%	
FATTY-ACYL-COA METABOLIC PROCESS%GOBP%GO:0035337	FATTY-ACYL-COA METABOLIC PROCESS%GOBP%GO:0035337		44	0.38130876	1.1288079	0.27828348	1.0	1.0	6659	tags=36%, list=27%, signal=50%	
ARTERY DEVELOPMENT%GOBP%GO:0060840	ARTERY DEVELOPMENT%GOBP%GO:0060840		47	0.3752251	1.1287227	0.26683939	1.0	1.0	6055	tags=34%, list=25%, signal=45%	
POSITIVE REGULATION OF CELL-SUBSTRATE ADHESION%GOBP%GO:0010811	POSITIVE REGULATION OF CELL-SUBSTRATE ADHESION%GOBP%GO:0010811		87	0.3450809	1.1285986	0.24703088	1.0	1.0	7694	tags=39%, list=31%, signal=57%	
SYNTHESIS OF PIPS AT THE PLASMA MEMBRANE%REACTOME DATABASE ID RELEASE 95%1660499	SYNTHESIS OF PIPS AT THE PLASMA MEMBRANE%REACTOME DATABASE ID RELEASE 95%1660499		53	0.3716648	1.1284407	0.2756892	1.0	1.0	4592	tags=21%, list=19%, signal=25%	
CELLULAR RESPONSE TO STEROL%GOBP%GO:0036315	CELLULAR RESPONSE TO STEROL%GOBP%GO:0036315		17	0.46273467	1.1282427	0.29613733	1.0	1.0	15	tags=6%, list=0%, signal=6%	
ANTIGEN PROCESSING AND PRESENTATION OF ENDOGENOUS ANTIGEN%GOBP%GO:0019883	ANTIGEN PROCESSING AND PRESENTATION OF ENDOGENOUS ANTIGEN%GOBP%GO:0019883		27	0.41243872	1.1282145	0.295302	1.0	1.0	5278	tags=22%, list=22%, signal=28%	
QUINONE METABOLIC PROCESS%GOBP%GO:1901661	QUINONE METABOLIC PROCESS%GOBP%GO:1901661		21	0.43720233	1.128187	0.3127572	1.0	1.0	2548	tags=24%, list=10%, signal=27%	
WARBURG EFFECT%SMPDB%SMP0087270	WARBURG EFFECT%SMPDB%SMP0087270		43	0.38253364	1.1279892	0.28608248	1.0	1.0	10651	tags=63%, list=43%, signal=111%	
POSITIVE REGULATION OF DENDRITE MORPHOGENESIS%GOBP%GO:0050775	POSITIVE REGULATION OF DENDRITE MORPHOGENESIS%GOBP%GO:0050775		18	0.4557824	1.1279821	0.30635837	1.0	1.0	8252	tags=50%, list=34%, signal=75%	
REGULATION OF TUMOR NECROSIS FACTOR PRODUCTION%GOBP%GO:0032680	REGULATION OF TUMOR NECROSIS FACTOR PRODUCTION%GOBP%GO:0032680		145	0.32096115	1.1279154	0.21940464	1.0	1.0	6624	tags=35%, list=27%, signal=48%	
RESPONSE TO ETHANOL%GOBP%GO:0045471	RESPONSE TO ETHANOL%GOBP%GO:0045471		17	0.4672459	1.1278518	0.3108108	1.0	1.0	5328	tags=53%, list=22%, signal=68%	
DEVELOPMENT OF PRIMARY MALE SEXUAL CHARACTERISTICS%GOBP%GO:0046546	DEVELOPMENT OF PRIMARY MALE SEXUAL CHARACTERISTICS%GOBP%GO:0046546		55	0.36550456	1.1275301	0.27351484	1.0	1.0	7100	tags=35%, list=29%, signal=49%	
SYNTHESIS OF IP3 AND IP4 IN THE CYTOSOL%REACTOME%R-HSA-1855204.5	SYNTHESIS OF IP3 AND IP4 IN THE CYTOSOL%REACTOME%R-HSA-1855204.5		26	0.41968378	1.1275016	0.2862958	1.0	1.0	4357	tags=27%, list=18%, signal=33%	
REGULATION OF VENTRICULAR CARDIAC MUSCLE CELL MEMBRANE REPOLARIZATION%GOBP%GO:0060307	REGULATION OF VENTRICULAR CARDIAC MUSCLE CELL MEMBRANE REPOLARIZATION%GOBP%GO:0060307		21	0.43659797	1.127452	0.2967033	1.0	1.0	1791	tags=19%, list=7%, signal=21%	
HALLMARK_IL6_JAK_STAT3_SIGNALING%MSIGDBHALLMARK%HALLMARK_IL6_JAK_STAT3_SIGNALING	HALLMARK_IL6_JAK_STAT3_SIGNALING%MSIGDBHALLMARK%HALLMARK_IL6_JAK_STAT3_SIGNALING		81	0.3475376	1.1270043	0.27831325	1.0	1.0	5620	tags=35%, list=23%, signal=45%	
NEUTRAL LIPID CATABOLIC PROCESS%GOBP%GO:0046461	NEUTRAL LIPID CATABOLIC PROCESS%GOBP%GO:0046461		37	0.38696492	1.1268265	0.28036177	1.0	1.0	8514	tags=51%, list=35%, signal=79%	
REGULATION OF GENE EXPRESSION IN LATE STAGE (BRANCHING MORPHOGENESIS) PANCREATIC BUD PRECURSOR CELLS%REACTOME DATABASE ID RELEASE 95%210744	REGULATION OF GENE EXPRESSION IN LATE STAGE (BRANCHING MORPHOGENESIS) PANCREATIC BUD PRECURSOR CELLS%REACTOME DATABASE ID RELEASE 95%210744		16	0.45934907	1.1265106	0.3057971	1.0	1.0	6320	tags=44%, list=26%, signal=59%	
SIGNAL TRANSDUCTION BY L1%REACTOME DATABASE ID RELEASE 95%445144	SIGNAL TRANSDUCTION BY L1%REACTOME DATABASE ID RELEASE 95%445144		20	0.4441333	1.1263155	0.3243626	1.0	1.0	7216	tags=55%, list=29%, signal=78%	
MUCOPOLYSACCHARIDOSIS VII. SLY SYNDROME%SMPDB%SMP0000556	MUCOPOLYSACCHARIDOSIS VII. SLY SYNDROME%SMPDB%SMP0000556		16	0.46433255	1.1262914	0.32756132	1.0	1.0	4375	tags=31%, list=18%, signal=38%	
METABOLISM OF NITRIC OXIDE: NOS3 ACTIVATION AND REGULATION%REACTOME DATABASE ID RELEASE 95%202131	METABOLISM OF NITRIC OXIDE: NOS3 ACTIVATION AND REGULATION%REACTOME DATABASE ID RELEASE 95%202131		17	0.4627122	1.1261182	0.28291318	1.0	1.0	6153	tags=29%, list=25%, signal=39%	
REGULATION OF SYNAPTIC TRANSMISSION, GLUTAMATERGIC%GOBP%GO:0051966	REGULATION OF SYNAPTIC TRANSMISSION, GLUTAMATERGIC%GOBP%GO:0051966		55	0.3695085	1.1260753	0.26860026	1.0	1.0	2235	tags=18%, list=9%, signal=20%	
FOREBRAIN CELL MIGRATION%GOBP%GO:0021885	FOREBRAIN CELL MIGRATION%GOBP%GO:0021885		26	0.42602625	1.1259204	0.29298487	1.0	1.0	7847	tags=46%, list=32%, signal=68%	
MET IN TYPE 1 PAPILLARY RENAL CELL CARCINOMA%WIKIPATHWAYS_20260211%WP4205%HOMO SAPIENS	MET IN TYPE 1 PAPILLARY RENAL CELL CARCINOMA%WIKIPATHWAYS_20260211%WP4205%HOMO SAPIENS		47	0.37605232	1.1258227	0.2984496	1.0	1.0	4592	tags=28%, list=19%, signal=34%	
CELLULAR HEXOSE TRANSPORT%REACTOME%R-HSA-189200.7	CELLULAR HEXOSE TRANSPORT%REACTOME%R-HSA-189200.7		20	0.44516438	1.1253022	0.30651873	1.0	1.0	9150	tags=65%, list=37%, signal=104%	
CELLULAR ROLES OF ANTHRAX TOXIN%PATHWAY INTERACTION DATABASE NCI-NATURE CURATED DATA%CELLULAR ROLES OF ANTHRAX TOXIN	CELLULAR ROLES OF ANTHRAX TOXIN%PATHWAY INTERACTION DATABASE NCI-NATURE CURATED DATA%CELLULAR ROLES OF ANTHRAX TOXIN		19	0.4544495	1.1252526	0.2916074	1.0	1.0	7580	tags=53%, list=31%, signal=76%	
NUCLEAR PORE COMPLEX (NPC) DISASSEMBLY%REACTOME DATABASE ID RELEASE 95%3301854	NUCLEAR PORE COMPLEX (NPC) DISASSEMBLY%REACTOME DATABASE ID RELEASE 95%3301854		33	0.39828837	1.125146	0.29023385	1.0	1.0	6347	tags=33%, list=26%, signal=45%	
NEGATIVE REGULATION OF GROWTH%GOBP%GO:0045926	NEGATIVE REGULATION OF GROWTH%GOBP%GO:0045926		149	0.32037184	1.1250712	0.23687151	1.0	1.0	5452	tags=26%, list=22%, signal=33%	
ANGIOTENSIN_II-STIMULATED_SIGNALING_THROUGH_G_PROTEINS_AND_BETA-ARRESTIN%PANTHER PATHWAY%P05911	ANGIOTENSIN_II-STIMULATED_SIGNALING_THROUGH_G_PROTEINS_AND_BETA-ARRESTIN%PANTHER PATHWAY%P05911		33	0.40348563	1.1250213	0.29614875	1.0	1.0	8172	tags=48%, list=33%, signal=73%	
POSITIVE REGULATION OF MITOTIC NUCLEAR DIVISION%GOBP%GO:0045840	POSITIVE REGULATION OF MITOTIC NUCLEAR DIVISION%GOBP%GO:0045840		40	0.38627037	1.1249666	0.281491	1.0	1.0	10484	tags=58%, list=43%, signal=100%	
SPHINGOLIPID METABOLISM%SMPDB%SMP0000034	SPHINGOLIPID METABOLISM%SMPDB%SMP0000034		23	0.42370158	1.1249595	0.29274964	1.0	1.0	5296	tags=35%, list=22%, signal=44%	
ENDOTHELIN PATHWAYS%WIKIPATHWAYS_20260211%WP2197%HOMO SAPIENS	ENDOTHELIN PATHWAYS%WIKIPATHWAYS_20260211%WP2197%HOMO SAPIENS		29	0.40493184	1.124595	0.3125828	1.0	1.0	5919	tags=28%, list=24%, signal=36%	
CRMPS IN SEMA3A SIGNALING%REACTOME DATABASE ID RELEASE 95%399956	CRMPS IN SEMA3A SIGNALING%REACTOME DATABASE ID RELEASE 95%399956		16	0.46246356	1.1244956	0.32599118	1.0	1.0	4410	tags=44%, list=18%, signal=53%	
RNA POLYMERASE II TRANSCRIPTION INITIATION SURVEILLANCE%GOBP%GO:0160240	RNA POLYMERASE II TRANSCRIPTION INITIATION SURVEILLANCE%GOBP%GO:0160240		19	0.4507465	1.1244795	0.29748604	1.0	1.0	3161	tags=26%, list=13%, signal=30%	
REGULATION OF VIRAL GENOME REPLICATION%GOBP%GO:0045069	REGULATION OF VIRAL GENOME REPLICATION%GOBP%GO:0045069		74	0.35421932	1.1242853	0.25659472	1.0	1.0	4541	tags=27%, list=19%, signal=33%	
REGULATION OF CHOLESTEROL METABOLIC PROCESS%GOBP%GO:0090181	REGULATION OF CHOLESTEROL METABOLIC PROCESS%GOBP%GO:0090181		37	0.39306006	1.1240234	0.29177377	1.0	1.0	8768	tags=49%, list=36%, signal=76%	
ERYTHROCYTE DIFFERENTIATION%GOBP%GO:0030218	ERYTHROCYTE DIFFERENTIATION%GOBP%GO:0030218		64	0.36135912	1.1236628	0.25157234	1.0	1.0	3431	tags=20%, list=14%, signal=24%	
SECONDARY ALCOHOL BIOSYNTHETIC PROCESS%GOBP%GO:1902653	SECONDARY ALCOHOL BIOSYNTHETIC PROCESS%GOBP%GO:1902653		29	0.4123731	1.123531	0.3174387	1.0	1.0	8391	tags=41%, list=34%, signal=63%	
SPHINGOSINE 1-PHOSPHATE (S1P) PATHWAY%PATHWAY INTERACTION DATABASE NCI-NATURE CURATED DATA%SPHINGOSINE 1-PHOSPHATE (S1P) PATHWAY	SPHINGOSINE 1-PHOSPHATE (S1P) PATHWAY%PATHWAY INTERACTION DATABASE NCI-NATURE CURATED DATA%SPHINGOSINE 1-PHOSPHATE (S1P) PATHWAY		21	0.44097003	1.1233925	0.31888112	1.0	1.0	5198	tags=33%, list=21%, signal=42%	
BIOCARTA_IGF1R_PATHWAY%MSIGDB_C2%BIOCARTA_IGF1R_PATHWAY	BIOCARTA_IGF1R_PATHWAY%MSIGDB_C2%BIOCARTA_IGF1R_PATHWAY		18	0.45457655	1.1231011	0.29558012	1.0	1.0	6517	tags=39%, list=27%, signal=53%	
MAST CELL MEDIATED IMMUNITY%GOBP%GO:0002448	MAST CELL MEDIATED IMMUNITY%GOBP%GO:0002448		17	0.4603388	1.1230623	0.31890333	1.0	1.0	7600	tags=59%, list=31%, signal=85%	
CELL INTERACTIONS IN PANCREATIC CANCER MICROENVIRONMENT%WIKIPATHWAYS_20260211%WP5284%HOMO SAPIENS	CELL INTERACTIONS IN PANCREATIC CANCER MICROENVIRONMENT%WIKIPATHWAYS_20260211%WP5284%HOMO SAPIENS		24	0.42308283	1.1230206	0.30662984	1.0	1.0	4990	tags=42%, list=20%, signal=52%	
POSITIVE REGULATION OF METAPHASE/ANAPHASE TRANSITION OF CELL CYCLE%GOBP%GO:1902101	POSITIVE REGULATION OF METAPHASE/ANAPHASE TRANSITION OF CELL CYCLE%GOBP%GO:1902101		17	0.45296496	1.1224779	0.30212766	1.0	1.0	5863	tags=35%, list=24%, signal=46%	
MYD88 DEFICIENCY (TLR2 4)%REACTOME DATABASE ID RELEASE 95%5602498	MYD88 DEFICIENCY (TLR2 4)%REACTOME DATABASE ID RELEASE 95%5602498		17	0.45678398	1.1221135	0.3082489	1.0	1.0	7017	tags=53%, list=29%, signal=74%	
DISRUPTION OF CELL IN ANOTHER ORGANISM%GOBP%GO:0141061	DISRUPTION OF CELL IN ANOTHER ORGANISM%GOBP%GO:0141061		55	0.36458617	1.1220651	0.28045684	1.0	1.0	7883	tags=35%, list=32%, signal=51%	
REGULATION OF LIPID BIOSYNTHETIC PROCESS%GOBP%GO:0046890	REGULATION OF LIPID BIOSYNTHETIC PROCESS%GOBP%GO:0046890		154	0.32037693	1.1215134	0.22160356	1.0	1.0	5302	tags=29%, list=22%, signal=36%	
GLUTAMINOLYSIS AND CANCER%SMPDB%SMP0002298	GLUTAMINOLYSIS AND CANCER%SMPDB%SMP0002298		33	0.3954476	1.1214501	0.30911493	1.0	1.0	10651	tags=67%, list=43%, signal=118%	
REGULATION OF NLRP3 INFLAMMASOME COMPLEX ASSEMBLY%GOBP%GO:1900225	REGULATION OF NLRP3 INFLAMMASOME COMPLEX ASSEMBLY%GOBP%GO:1900225		46	0.37819576	1.1210644	0.2932138	1.0	1.0	3595	tags=28%, list=15%, signal=33%	
CALCIUM-MEDIATED SIGNALING%GOBP%GO:0019722	CALCIUM-MEDIATED SIGNALING%GOBP%GO:0019722		119	0.32868066	1.1207936	0.25454545	1.0	1.0	6862	tags=31%, list=28%, signal=43%	
RAC1 PAK1 P38 MMP2 PATHWAY%WIKIPATHWAYS_20260211%WP3303%HOMO SAPIENS	RAC1 PAK1 P38 MMP2 PATHWAY%WIKIPATHWAYS_20260211%WP3303%HOMO SAPIENS		54	0.3631611	1.120744	0.29573935	1.0	1.0	7612	tags=43%, list=31%, signal=62%	
ANTIBACTERIAL HUMORAL RESPONSE%GOBP%GO:0019731	ANTIBACTERIAL HUMORAL RESPONSE%GOBP%GO:0019731		67	0.3513846	1.1206295	0.28410512	1.0	1.0	4443	tags=33%, list=18%, signal=40%	
ONE-CARBON COMPOUND TRANSPORT%GOBP%GO:0019755	ONE-CARBON COMPOUND TRANSPORT%GOBP%GO:0019755		17	0.45663443	1.1204792	0.32153392	1.0	1.0	6515	tags=47%, list=27%, signal=64%	
3-PHOSPHOINOSITIDE DEGRADATION%BIOCYC%PWY-6368	3-PHOSPHOINOSITIDE DEGRADATION%BIOCYC%PWY-6368		19	0.44575125	1.1203421	0.31609195	1.0	1.0	2487	tags=21%, list=10%, signal=23%	
GLYCOSYL COMPOUND CATABOLIC PROCESS%GOBP%GO:1901658	GLYCOSYL COMPOUND CATABOLIC PROCESS%GOBP%GO:1901658		16	0.4623181	1.1201158	0.32564843	1.0	1.0	5691	tags=38%, list=23%, signal=49%	
POSITIVE REGULATION OF CELL MORPHOGENESIS%GOBP%GO:0010770	POSITIVE REGULATION OF CELL MORPHOGENESIS%GOBP%GO:0010770		19	0.4423343	1.1200726	0.3182461	1.0	1.0	8252	tags=47%, list=34%, signal=71%	
METABOLISM OF AMINE-DERIVED HORMONES%REACTOME%R-HSA-209776.5	METABOLISM OF AMINE-DERIVED HORMONES%REACTOME%R-HSA-209776.5		22	0.43726385	1.1199533	0.31172413	1.0	1.0	4895	tags=27%, list=20%, signal=34%	
NEGATIVE REGULATION OF IMMUNE RESPONSE%GOBP%GO:0050777	NEGATIVE REGULATION OF IMMUNE RESPONSE%GOBP%GO:0050777		171	0.31374666	1.1195115	0.23497267	1.0	1.0	7678	tags=35%, list=31%, signal=51%	
GLYCOGEN SYNTHETASE DEFICIENCY%PATHWHIZ%PW000528	GLYCOGEN SYNTHETASE DEFICIENCY%PATHWHIZ%PW000528		16	0.46433255	1.119463	0.32489452	1.0	1.0	4375	tags=31%, list=18%, signal=38%	
ANTIGEN PROCESSING AND PRESENTATION%GOBP%GO:0019882	ANTIGEN PROCESSING AND PRESENTATION%GOBP%GO:0019882		85	0.33701244	1.1194408	0.25864124	1.0	1.0	7741	tags=39%, list=32%, signal=57%	
REGULATION OF TUMOR NECROSIS FACTOR SUPERFAMILY CYTOKINE PRODUCTION%GOBP%GO:1903555	REGULATION OF TUMOR NECROSIS FACTOR SUPERFAMILY CYTOKINE PRODUCTION%GOBP%GO:1903555		150	0.32125798	1.1192323	0.2367531	1.0	1.0	6078	tags=33%, list=25%, signal=43%	
POSITIVE REGULATION OF EPIDERMIS DEVELOPMENT%GOBP%GO:0045684	POSITIVE REGULATION OF EPIDERMIS DEVELOPMENT%GOBP%GO:0045684		25	0.41652244	1.1190095	0.30962342	1.0	1.0	4171	tags=28%, list=17%, signal=34%	
POSITIVE REGULATION OF CYTOKINE PRODUCTION INVOLVED IN INFLAMMATORY RESPONSE%GOBP%GO:1900017	POSITIVE REGULATION OF CYTOKINE PRODUCTION INVOLVED IN INFLAMMATORY RESPONSE%GOBP%GO:1900017		22	0.4366309	1.1189742	0.31465518	1.0	1.0	9880	tags=59%, list=40%, signal=99%	
PROTON MOTIVE FORCE-DRIVEN MITOCHONDRIAL ATP SYNTHESIS%GOBP%GO:0042776	PROTON MOTIVE FORCE-DRIVEN MITOCHONDRIAL ATP SYNTHESIS%GOBP%GO:0042776		53	0.36431253	1.1188818	0.30318472	1.0	1.0	5972	tags=23%, list=24%, signal=30%	
NEGATIVE REGULATION OF INTRACELLULAR STEROID HORMONE RECEPTOR SIGNALING PATHWAY%GOBP%GO:0033144	NEGATIVE REGULATION OF INTRACELLULAR STEROID HORMONE RECEPTOR SIGNALING PATHWAY%GOBP%GO:0033144		34	0.39544204	1.1183611	0.2897196	1.0	1.0	4670	tags=29%, list=19%, signal=36%	
REGULATION OF DNA RECOMBINATION%GOBP%GO:0000018	REGULATION OF DNA RECOMBINATION%GOBP%GO:0000018		120	0.33045197	1.1183424	0.23940435	1.0	1.0	4749	tags=23%, list=19%, signal=29%	
LAMELLIPODIUM ASSEMBLY%GOBP%GO:0030032	LAMELLIPODIUM ASSEMBLY%GOBP%GO:0030032		26	0.4166043	1.1181998	0.31361762	1.0	1.0	5754	tags=31%, list=23%, signal=40%	
LAMININ INTERACTIONS%REACTOME%R-HSA-3000157.4	LAMININ INTERACTIONS%REACTOME%R-HSA-3000157.4		23	0.42611015	1.1181976	0.3258427	1.0	1.0	6621	tags=43%, list=27%, signal=60%	
REV-MEDIATED NUCLEAR EXPORT OF HIV RNA%REACTOME DATABASE ID RELEASE 95%165054	REV-MEDIATED NUCLEAR EXPORT OF HIV RNA%REACTOME DATABASE ID RELEASE 95%165054		32	0.40390077	1.1181917	0.28767124	1.0	1.0	6347	tags=34%, list=26%, signal=46%	
HALLMARK_HEME_METABOLISM%MSIGDBHALLMARK%HALLMARK_HEME_METABOLISM	HALLMARK_HEME_METABOLISM%MSIGDBHALLMARK%HALLMARK_HEME_METABOLISM		151	0.3195004	1.1181495	0.23862375	1.0	1.0	4312	tags=24%, list=18%, signal=29%	
NEUROTRANSMITTER RECEPTORS AND POSTSYNAPTIC SIGNAL TRANSMISSION%REACTOME%R-HSA-112314.10	NEUROTRANSMITTER RECEPTORS AND POSTSYNAPTIC SIGNAL TRANSMISSION%REACTOME%R-HSA-112314.10		177	0.31835386	1.1180469	0.21943231	1.0	1.0	5213	tags=26%, list=21%, signal=33%	
MEMBRANE BIOGENESIS%GOBP%GO:0044091	MEMBRANE BIOGENESIS%GOBP%GO:0044091		56	0.365737	1.117906	0.28030303	1.0	1.0	4348	tags=25%, list=18%, signal=30%	
PROTEIN MONOUBIQUITINATION%GOBP%GO:0006513	PROTEIN MONOUBIQUITINATION%GOBP%GO:0006513		41	0.3809569	1.1177913	0.28607917	1.0	1.0	6334	tags=34%, list=26%, signal=46%	
NPAS4 REGULATES EXPRESSION OF TARGET GENES%REACTOME%R-HSA-9768919.3	NPAS4 REGULATES EXPRESSION OF TARGET GENES%REACTOME%R-HSA-9768919.3		21	0.44160312	1.1174887	0.33380282	1.0	1.0	6517	tags=43%, list=27%, signal=58%	
TRIGLYCERIDE CATABOLIC PROCESS%GOBP%GO:0019433	TRIGLYCERIDE CATABOLIC PROCESS%GOBP%GO:0019433		25	0.42477772	1.1170119	0.33866668	1.0	1.0	8428	tags=56%, list=34%, signal=85%	
NICOTINE EFFECT ON DOPAMINERGIC NEURONS%WIKIPATHWAYS_20260211%WP1602%HOMO SAPIENS	NICOTINE EFFECT ON DOPAMINERGIC NEURONS%WIKIPATHWAYS_20260211%WP1602%HOMO SAPIENS		17	0.45711866	1.1169641	0.31123918	1.0	1.0	4895	tags=35%, list=20%, signal=44%	
MHC PROTEIN COMPLEX ASSEMBLY%GOBP%GO:0002396	MHC PROTEIN COMPLEX ASSEMBLY%GOBP%GO:0002396		18	0.44446337	1.1167926	0.3067047	1.0	1.0	6614	tags=50%, list=27%, signal=68%	
IFN-GAMMA%IOB%IFN-GAMMA	IFN-GAMMA%IOB%IFN-GAMMA		22	0.4339369	1.1164411	0.31129476	1.0	1.0	9102	tags=41%, list=37%, signal=65%	
POSITIVE REGULATION OF BONE MINERALIZATION%GOBP%GO:0030501	POSITIVE REGULATION OF BONE MINERALIZATION%GOBP%GO:0030501		39	0.3867125	1.1162235	0.29533678	1.0	1.0	4189	tags=31%, list=17%, signal=37%	
KETONE METABOLIC PROCESS%GOBP%GO:0042180	KETONE METABOLIC PROCESS%GOBP%GO:0042180		66	0.35730833	1.1160185	0.2816728	1.0	1.0	2745	tags=18%, list=11%, signal=20%	
VENTRICULAR SEPTUM DEVELOPMENT%GOBP%GO:0003281	VENTRICULAR SEPTUM DEVELOPMENT%GOBP%GO:0003281		41	0.38059646	1.1156805	0.3033557	1.0	1.0	6199	tags=32%, list=25%, signal=42%	
MECHANORECEPTOR DIFFERENTIATION%GOBP%GO:0042490	MECHANORECEPTOR DIFFERENTIATION%GOBP%GO:0042490		21	0.4369039	1.1154865	0.3286517	1.0	1.0	3329	tags=24%, list=14%, signal=28%	
OVARIAN INFERTILITY%WIKIPATHWAYS_20260211%WP34%HOMO SAPIENS	OVARIAN INFERTILITY%WIKIPATHWAYS_20260211%WP34%HOMO SAPIENS		29	0.40922794	1.1152784	0.30294907	1.0	1.0	4987	tags=28%, list=20%, signal=35%	
INHIBITORY SYNAPSE ASSEMBLY%GOBP%GO:1904862	INHIBITORY SYNAPSE ASSEMBLY%GOBP%GO:1904862		22	0.43040282	1.1152152	0.31241283	1.0	1.0	7940	tags=50%, list=32%, signal=74%	
MONOSACCHARIDE TRANSMEMBRANE TRANSPORT%GOBP%GO:0015749	MONOSACCHARIDE TRANSMEMBRANE TRANSPORT%GOBP%GO:0015749		35	0.39257765	1.1152015	0.29654256	1.0	1.0	9150	tags=60%, list=37%, signal=96%	
POSITIVE REGULATION OF MITOTIC METAPHASE/ANAPHASE TRANSITION%GOBP%GO:0045842	POSITIVE REGULATION OF MITOTIC METAPHASE/ANAPHASE TRANSITION%GOBP%GO:0045842		17	0.45296496	1.1151506	0.32743362	1.0	1.0	5863	tags=35%, list=24%, signal=46%	
KITRECEPTOR%IOB%KITRECEPTOR	KITRECEPTOR%IOB%KITRECEPTOR		59	0.3581426	1.1147633	0.2741738	1.0	1.0	4592	tags=25%, list=19%, signal=31%	
REGULATION OF MACROPHAGE DIFFERENTIATION%GOBP%GO:0045649	REGULATION OF MACROPHAGE DIFFERENTIATION%GOBP%GO:0045649		17	0.45828485	1.1147344	0.33136094	1.0	1.0	2770	tags=24%, list=11%, signal=27%	
ACTIVATION OF INNATE IMMUNE RESPONSE%GOBP%GO:0002218	ACTIVATION OF INNATE IMMUNE RESPONSE%GOBP%GO:0002218		159	0.32087836	1.1142712	0.23747277	1.0	1.0	5149	tags=27%, list=21%, signal=34%	
SUCRASE-ISOMALTASE DEFICIENCY%PATHWHIZ%PW000533	SUCRASE-ISOMALTASE DEFICIENCY%PATHWHIZ%PW000533		16	0.46433255	1.1141307	0.3362963	1.0	1.0	4375	tags=31%, list=18%, signal=38%	
MEMBRANE PROTEIN ECTODOMAIN PROTEOLYSIS%GOBP%GO:0006509	MEMBRANE PROTEIN ECTODOMAIN PROTEOLYSIS%GOBP%GO:0006509		20	0.43741396	1.1140921	0.3181818	1.0	1.0	1446	tags=15%, list=6%, signal=16%	
CERAMIDE CATABOLIC PROCESS%GOBP%GO:0046514	CERAMIDE CATABOLIC PROCESS%GOBP%GO:0046514		19	0.4439058	1.1137341	0.32307693	1.0	1.0	9577	tags=79%, list=39%, signal=130%	
REGULATION OF LYMPHOCYTE MEDIATED IMMUNITY%GOBP%GO:0002706	REGULATION OF LYMPHOCYTE MEDIATED IMMUNITY%GOBP%GO:0002706		155	0.3187525	1.1136451	0.25860155	1.0	1.0	8435	tags=39%, list=34%, signal=60%	
ACYLGLYCEROL CATABOLIC PROCESS%GOBP%GO:0046464	ACYLGLYCEROL CATABOLIC PROCESS%GOBP%GO:0046464		37	0.38696492	1.1135652	0.3022339	1.0	1.0	8514	tags=51%, list=35%, signal=79%	
MAST CELL DEGRANULATION%GOBP%GO:0043303	MAST CELL DEGRANULATION%GOBP%GO:0043303		16	0.46967462	1.1133915	0.3138138	1.0	1.0	7150	tags=56%, list=29%, signal=79%	
COMPLEMENT SYSTEM IN NEURONAL DEVELOPMENT AND PLASTICITY%WIKIPATHWAYS_20260211%WP5090%HOMO SAPIENS	COMPLEMENT SYSTEM IN NEURONAL DEVELOPMENT AND PLASTICITY%WIKIPATHWAYS_20260211%WP5090%HOMO SAPIENS		87	0.3414733	1.1130105	0.28883496	1.0	1.0	9103	tags=54%, list=37%, signal=86%	
TURBULENT (OSCILLATORY, DISTURBED) FLOW SHEAR STRESS ACTIVATES SIGNALING BY PIEZO1 AND INTEGRINS IN ENDOTHELIAL CELLS%REACTOME DATABASE ID RELEASE 95%9860927	TURBULENT (OSCILLATORY, DISTURBED) FLOW SHEAR STRESS ACTIVATES SIGNALING BY PIEZO1 AND INTEGRINS IN ENDOTHELIAL CELLS%REACTOME DATABASE ID RELEASE 95%9860927		28	0.4083425	1.1128848	0.29700273	1.0	1.0	5952	tags=36%, list=24%, signal=47%	
16P11 2 PROXIMAL DELETION SYNDROME%WIKIPATHWAYS_20260211%WP4949%HOMO SAPIENS	16P11 2 PROXIMAL DELETION SYNDROME%WIKIPATHWAYS_20260211%WP4949%HOMO SAPIENS		55	0.3643581	1.1127948	0.30136988	1.0	1.0	4752	tags=27%, list=19%, signal=34%	
SUMOYLATION OF DNA REPLICATION PROTEINS%REACTOME DATABASE ID RELEASE 95%4615885	SUMOYLATION OF DNA REPLICATION PROTEINS%REACTOME DATABASE ID RELEASE 95%4615885		43	0.37367436	1.1124858	0.3007712	1.0	1.0	6749	tags=35%, list=28%, signal=48%	
PROTEIN K6-LINKED UBIQUITINATION%GOBP%GO:0085020	PROTEIN K6-LINKED UBIQUITINATION%GOBP%GO:0085020		16	0.4631989	1.1123753	0.33095577	1.0	1.0	4373	tags=50%, list=18%, signal=61%	
GLOBOID CELL LEUKODYSTROPHY%PATHWHIZ%PW000202	GLOBOID CELL LEUKODYSTROPHY%PATHWHIZ%PW000202		23	0.42370158	1.1112567	0.30701753	1.0	1.0	5296	tags=35%, list=22%, signal=44%	
PID_INTEGRIN_CS_PATHWAY%MSIGDB_C2%PID_INTEGRIN_CS_PATHWAY	PID_INTEGRIN_CS_PATHWAY%MSIGDB_C2%PID_INTEGRIN_CS_PATHWAY		17	0.4606083	1.1107141	0.34177214	1.0	1.0	6938	tags=41%, list=28%, signal=57%	
CLASS C 3 (METABOTROPIC GLUTAMATE PHEROMONE RECEPTORS)%REACTOME%R-HSA-420499.4	CLASS C 3 (METABOTROPIC GLUTAMATE PHEROMONE RECEPTORS)%REACTOME%R-HSA-420499.4		39	0.37484002	1.1107032	0.28950864	1.0	1.0	6108	tags=26%, list=25%, signal=34%	
ENDOCYTIC RECYCLING%GOBP%GO:0032456	ENDOCYTIC RECYCLING%GOBP%GO:0032456		83	0.33787453	1.1104746	0.27659574	1.0	1.0	5469	tags=30%, list=22%, signal=39%	
GLYCOGENOSIS, TYPE VI. HERS DISEASE%PATHWHIZ%PW000531	GLYCOGENOSIS, TYPE VI. HERS DISEASE%PATHWHIZ%PW000531		16	0.46433255	1.1101872	0.32890856	1.0	1.0	4375	tags=31%, list=18%, signal=38%	
KRABBE DISEASE%PATHWHIZ%PW000502	KRABBE DISEASE%PATHWHIZ%PW000502		23	0.42370158	1.110032	0.33240223	1.0	1.0	5296	tags=35%, list=22%, signal=44%	
EGF RECEPTOR SIGNALING PATHWAY%PANTHER PATHWAY%P00018	EGF RECEPTOR SIGNALING PATHWAY%PANTHER PATHWAY%P00018		88	0.33680743	1.1096404	0.27305388	1.0	1.0	6599	tags=35%, list=27%, signal=48%	
KITRECEPTOR%NETPATH%KITRECEPTOR	KITRECEPTOR%NETPATH%KITRECEPTOR		56	0.36059827	1.1094077	0.29440993	1.0	1.0	4307	tags=25%, list=18%, signal=30%	
S1P3 PATHWAY%PATHWAY INTERACTION DATABASE NCI-NATURE CURATED DATA%S1P3 PATHWAY	S1P3 PATHWAY%PATHWAY INTERACTION DATABASE NCI-NATURE CURATED DATA%S1P3 PATHWAY		25	0.41421103	1.1087927	0.31636864	1.0	1.0	9122	tags=52%, list=37%, signal=83%	
GLYCOGENOSIS, TYPE IV. AMYLOPECTINOSIS, ANDERSON DISEASE%SMPDB%SMP0000554	GLYCOGENOSIS, TYPE IV. AMYLOPECTINOSIS, ANDERSON DISEASE%SMPDB%SMP0000554		16	0.46433255	1.1087706	0.34833091	1.0	1.0	4375	tags=31%, list=18%, signal=38%	
VIRAL GENOME REPLICATION%GOBP%GO:0019079	VIRAL GENOME REPLICATION%GOBP%GO:0019079		15	0.46112058	1.1087563	0.3281027	1.0	1.0	3258	tags=27%, list=13%, signal=31%	
AMINE LIGAND-BINDING RECEPTORS%REACTOME%R-HSA-375280.4	AMINE LIGAND-BINDING RECEPTORS%REACTOME%R-HSA-375280.4		42	0.37894005	1.1086985	0.3119266	1.0	1.0	3131	tags=24%, list=13%, signal=27%	
INTEGRATIVE ANALYSIS OF TREG GLIAL INTERACTIONS %WIKIPATHWAYS_20260211%WP5561%HOMO SAPIENS	INTEGRATIVE ANALYSIS OF TREG GLIAL INTERACTIONS %WIKIPATHWAYS_20260211%WP5561%HOMO SAPIENS		93	0.335737	1.1082269	0.2654762	1.0	1.0	7593	tags=37%, list=31%, signal=53%	
SENSORY PERCEPTION OF TASTE%GOBP%GO:0050909	SENSORY PERCEPTION OF TASTE%GOBP%GO:0050909		51	0.36882576	1.1081393	0.2811705	1.0	1.0	8377	tags=45%, list=34%, signal=68%	
PROTEIN-LIPID COMPLEX ASSEMBLY%GOBP%GO:0065005	PROTEIN-LIPID COMPLEX ASSEMBLY%GOBP%GO:0065005		24	0.4200393	1.1072178	0.31015298	1.0	1.0	8580	tags=54%, list=35%, signal=83%	
NEGATIVE REGULATION OF MICROTUBULE POLYMERIZATION OR DEPOLYMERIZATION%GOBP%GO:0031111	NEGATIVE REGULATION OF MICROTUBULE POLYMERIZATION OR DEPOLYMERIZATION%GOBP%GO:0031111		33	0.38955337	1.1070771	0.303155	1.0	1.0	6157	tags=39%, list=25%, signal=53%	
RESPONSE TO FATTY ACID%GOBP%GO:0070542	RESPONSE TO FATTY ACID%GOBP%GO:0070542		28	0.40929317	1.1069512	0.3228022	1.0	1.0	3678	tags=29%, list=15%, signal=34%	
APAP ADME%REACTOME DATABASE ID RELEASE 95%9753281	APAP ADME%REACTOME DATABASE ID RELEASE 95%9753281		28	0.4128718	1.1067617	0.33236995	1.0	1.0	7276	tags=50%, list=30%, signal=71%	
METABOLISM OF COFACTORS%REACTOME%R-HSA-8978934.6	METABOLISM OF COFACTORS%REACTOME%R-HSA-8978934.6		25	0.41706672	1.1066654	0.31666666	1.0	1.0	2666	tags=24%, list=11%, signal=27%	
BETA2 INTEGRIN CELL SURFACE INTERACTIONS%PATHWAY INTERACTION DATABASE NCI-NATURE CURATED DATA%BETA2 INTEGRIN CELL SURFACE INTERACTIONS	BETA2 INTEGRIN CELL SURFACE INTERACTIONS%PATHWAY INTERACTION DATABASE NCI-NATURE CURATED DATA%BETA2 INTEGRIN CELL SURFACE INTERACTIONS		29	0.4013335	1.1064332	0.34573004	1.0	1.0	7081	tags=41%, list=29%, signal=58%	
POSITIVE REGULATION OF REACTIVE OXYGEN SPECIES METABOLIC PROCESS%GOBP%GO:2000379	POSITIVE REGULATION OF REACTIVE OXYGEN SPECIES METABOLIC PROCESS%GOBP%GO:2000379		55	0.35672304	1.1064273	0.3041825	1.0	1.0	7214	tags=42%, list=29%, signal=59%	
MICROTUBULE ORGANIZING CENTER ORGANIZATION%GOBP%GO:0031023	MICROTUBULE ORGANIZING CENTER ORGANIZATION%GOBP%GO:0031023		106	0.32686827	1.1063868	0.26963657	1.0	1.0	5987	tags=27%, list=24%, signal=36%	
POSITIVE REGULATION OF LEUKOCYTE MEDIATED IMMUNITY%GOBP%GO:0002705	POSITIVE REGULATION OF LEUKOCYTE MEDIATED IMMUNITY%GOBP%GO:0002705		115	0.3281633	1.1063502	0.26187718	1.0	1.0	8606	tags=43%, list=35%, signal=67%	
BIOCARTA_IL2RB_PATHWAY%MSIGDB_C2%BIOCARTA_IL2RB_PATHWAY	BIOCARTA_IL2RB_PATHWAY%MSIGDB_C2%BIOCARTA_IL2RB_PATHWAY		30	0.40225807	1.1063482	0.33025098	1.0	1.0	6517	tags=40%, list=27%, signal=54%	
SLEEP REGULATION%WIKIPATHWAYS_20260211%WP3591%HOMO SAPIENS	SLEEP REGULATION%WIKIPATHWAYS_20260211%WP3591%HOMO SAPIENS		33	0.39294416	1.1062258	0.31787175	1.0	1.0	7835	tags=52%, list=32%, signal=76%	
METACHROMATIC LEUKODYSTROPHY (MLD)%SMPDB%SMP0000347	METACHROMATIC LEUKODYSTROPHY (MLD)%SMPDB%SMP0000347		23	0.42370158	1.1061947	0.35492578	1.0	1.0	5296	tags=35%, list=22%, signal=44%	
PID_NFAT_3PATHWAY%MSIGDB_C2%PID_NFAT_3PATHWAY	PID_NFAT_3PATHWAY%MSIGDB_C2%PID_NFAT_3PATHWAY		41	0.37457097	1.1061327	0.3002611	1.0	1.0	9629	tags=49%, list=39%, signal=80%	
POSITIVE REGULATION OF HEMOPOIESIS%GOBP%GO:1903708	POSITIVE REGULATION OF HEMOPOIESIS%GOBP%GO:1903708		151	0.31519067	1.1060351	0.2555066	1.0	1.0	4702	tags=24%, list=19%, signal=29%	
REGULATION OF CARDIAC MUSCLE CONTRACTION%GOBP%GO:0055117	REGULATION OF CARDIAC MUSCLE CONTRACTION%GOBP%GO:0055117		70	0.34731373	1.1059983	0.27736318	1.0	1.0	7163	tags=36%, list=29%, signal=50%	
MUSCULOSKELETAL MOVEMENT%GOBP%GO:0050881	MUSCULOSKELETAL MOVEMENT%GOBP%GO:0050881		31	0.3892597	1.1058238	0.3044655	1.0	1.0	8506	tags=61%, list=35%, signal=94%	
REGULATION OF SODIUM ION TRANSMEMBRANE TRANSPORT%GOBP%GO:1902305	REGULATION OF SODIUM ION TRANSMEMBRANE TRANSPORT%GOBP%GO:1902305		37	0.38907638	1.1057658	0.32360741	1.0	1.0	5452	tags=35%, list=22%, signal=45%	
BIOCARTA_EICOSANOID_PATHWAY%MSIGDB_C2%BIOCARTA_EICOSANOID_PATHWAY	BIOCARTA_EICOSANOID_PATHWAY%MSIGDB_C2%BIOCARTA_EICOSANOID_PATHWAY		17	0.4594445	1.1056266	0.32957748	1.0	1.0	5125	tags=41%, list=21%, signal=52%	
METABOTROPIC GLUTAMATE RECEPTOR GROUP II PATHWAY%PANTHER PATHWAY%P00040	METABOTROPIC GLUTAMATE RECEPTOR GROUP II PATHWAY%PANTHER PATHWAY%P00040		42	0.37533078	1.1053274	0.31544504	1.0	1.0	7297	tags=38%, list=30%, signal=54%	
REGULATION OF ENDOGENOUS RETROELEMENTS%REACTOME DATABASE ID RELEASE 95%9842860	REGULATION OF ENDOGENOUS RETROELEMENTS%REACTOME DATABASE ID RELEASE 95%9842860		110	0.32766932	1.1051962	0.26689976	1.0	1.0	6855	tags=33%, list=28%, signal=45%	
L1CAM INTERACTIONS%REACTOME%R-HSA-373760.4	L1CAM INTERACTIONS%REACTOME%R-HSA-373760.4		98	0.33236283	1.104741	0.29294118	1.0	1.0	3958	tags=24%, list=16%, signal=29%	
MITOTIC SPINDLE ASSEMBLY%GOBP%GO:0090307	MITOTIC SPINDLE ASSEMBLY%GOBP%GO:0090307		47	0.36425573	1.1047287	0.3001277	1.0	1.0	7495	tags=36%, list=31%, signal=52%	
BILE ACID METABOLIC PROCESS%GOBP%GO:0008206	BILE ACID METABOLIC PROCESS%GOBP%GO:0008206		34	0.3906337	1.1047003	0.3229572	1.0	1.0	4977	tags=32%, list=20%, signal=41%	
MITOCHONDRIAL MEMBRANE ORGANIZATION%GOBP%GO:0007006	MITOCHONDRIAL MEMBRANE ORGANIZATION%GOBP%GO:0007006		54	0.3620267	1.1045078	0.28607595	1.0	1.0	3991	tags=22%, list=16%, signal=26%	
ACYL-COA METABOLIC PROCESS%GOBP%GO:0006637	ACYL-COA METABOLIC PROCESS%GOBP%GO:0006637		90	0.3361576	1.1040251	0.3051643	1.0	1.0	5405	tags=30%, list=22%, signal=38%	
SMOOTH MUSCLE CONTRACTION%GOBP%GO:0006939	SMOOTH MUSCLE CONTRACTION%GOBP%GO:0006939		31	0.39497736	1.1038568	0.32446808	1.0	1.0	8345	tags=58%, list=34%, signal=88%	
TERTIARY ALCOHOL METABOLIC PROCESS%GOBP%GO:1902644	TERTIARY ALCOHOL METABOLIC PROCESS%GOBP%GO:1902644		17	0.4519133	1.1037568	0.3692946	1.0	1.0	11252	tags=71%, list=46%, signal=130%	
REGULATION OF REACTIVE OXYGEN SPECIES METABOLIC PROCESS%GOBP%GO:2000377	REGULATION OF REACTIVE OXYGEN SPECIES METABOLIC PROCESS%GOBP%GO:2000377		104	0.32974926	1.1037362	0.2857143	1.0	1.0	5226	tags=26%, list=21%, signal=33%	
SIGNALING BY ACTIVIN%REACTOME%R-HSA-1502540.5	SIGNALING BY ACTIVIN%REACTOME%R-HSA-1502540.5		17	0.44488496	1.1035287	0.32416788	1.0	1.0	7959	tags=53%, list=32%, signal=78%	
ADAPTIVE THERMOGENESIS%GOBP%GO:1990845	ADAPTIVE THERMOGENESIS%GOBP%GO:1990845		17	0.45343447	1.1034861	0.348637	1.0	1.0	6587	tags=53%, list=27%, signal=72%	
REGULATORY NCRNA-MEDIATED GENE SILENCING%GOBP%GO:0031047	REGULATORY NCRNA-MEDIATED GENE SILENCING%GOBP%GO:0031047		97	0.329521	1.1033399	0.2835294	1.0	1.0	7810	tags=39%, list=32%, signal=57%	
SULFUR COMPOUND TRANSPORT%GOBP%GO:0072348	SULFUR COMPOUND TRANSPORT%GOBP%GO:0072348		50	0.36577633	1.1029663	0.29187816	1.0	1.0	6761	tags=46%, list=28%, signal=63%	
REGULATION OF LIPOPROTEIN PARTICLE CLEARANCE%GOBP%GO:0010984	REGULATION OF LIPOPROTEIN PARTICLE CLEARANCE%GOBP%GO:0010984		19	0.44054985	1.1029619	0.34347826	1.0	1.0	9480	tags=58%, list=39%, signal=94%	
NEGATIVE REGULATION OF METAPHASE/ANAPHASE TRANSITION OF CELL CYCLE%GOBP%GO:1902100	NEGATIVE REGULATION OF METAPHASE/ANAPHASE TRANSITION OF CELL CYCLE%GOBP%GO:1902100		31	0.39751828	1.1028008	0.32684284	1.0	1.0	3732	tags=26%, list=15%, signal=30%	
INNATE IMMUNE RESPONSE-ACTIVATING SIGNALING PATHWAY%GOBP%GO:0002758	INNATE IMMUNE RESPONSE-ACTIVATING SIGNALING PATHWAY%GOBP%GO:0002758		134	0.31910464	1.1026603	0.2658371	1.0	1.0	5149	tags=28%, list=21%, signal=35%	
MICRORNAS IN CARDIOMYOCYTE HYPERTROPHY%WIKIPATHWAYS_20260211%WP1544%HOMO SAPIENS	MICRORNAS IN CARDIOMYOCYTE HYPERTROPHY%WIKIPATHWAYS_20260211%WP1544%HOMO SAPIENS		72	0.34453437	1.1026406	0.3026316	1.0	1.0	7257	tags=35%, list=30%, signal=49%	
REGULATION OF INFLAMMASOME-MEDIATED SIGNALING PATHWAY%GOBP%GO:0141085	REGULATION OF INFLAMMASOME-MEDIATED SIGNALING PATHWAY%GOBP%GO:0141085		49	0.366763	1.102638	0.3011436	1.0	1.0	3595	tags=27%, list=15%, signal=31%	
ORGANELLE FUSION%GOBP%GO:0048284	ORGANELLE FUSION%GOBP%GO:0048284		126	0.32161143	1.102624	0.27477476	1.0	1.0	7033	tags=33%, list=29%, signal=45%	
ERYTHROCYTE HOMEOSTASIS%GOBP%GO:0034101	ERYTHROCYTE HOMEOSTASIS%GOBP%GO:0034101		67	0.34885392	1.1026133	0.30886075	1.0	1.0	3431	tags=19%, list=14%, signal=23%	
CYTOCHROME P450 - ARRANGED BY SUBSTRATE TYPE%REACTOME%R-HSA-211897.6	CYTOCHROME P450 - ARRANGED BY SUBSTRATE TYPE%REACTOME%R-HSA-211897.6		65	0.34959266	1.1015959	0.29338327	1.0	1.0	8768	tags=52%, list=36%, signal=81%	
DEADENYLATION-DEPENDENT MRNA DECAY%REACTOME%R-HSA-429914.4	DEADENYLATION-DEPENDENT MRNA DECAY%REACTOME%R-HSA-429914.4		56	0.35637483	1.101457	0.3101737	1.0	1.0	2409	tags=18%, list=10%, signal=20%	
POSITIVE REGULATION OF NUCLEAR DIVISION%GOBP%GO:0051785	POSITIVE REGULATION OF NUCLEAR DIVISION%GOBP%GO:0051785		48	0.35989442	1.1011198	0.30989584	1.0	1.0	6433	tags=33%, list=26%, signal=45%	
KILLING OF CELLS OF ANOTHER ORGANISM%GOBP%GO:0031640	KILLING OF CELLS OF ANOTHER ORGANISM%GOBP%GO:0031640		55	0.36458617	1.100683	0.32830188	1.0	1.0	7883	tags=35%, list=32%, signal=51%	
PEPTIDE ANTIGEN ASSEMBLY WITH MHC PROTEIN COMPLEX%GOBP%GO:0002501	PEPTIDE ANTIGEN ASSEMBLY WITH MHC PROTEIN COMPLEX%GOBP%GO:0002501		18	0.44446337	1.1005626	0.32775453	1.0	1.0	6614	tags=50%, list=27%, signal=68%	
LUNG PATHOLOGY OF COVID 19%WIKIPATHWAYS_20260211%WP5146%HOMO SAPIENS	LUNG PATHOLOGY OF COVID 19%WIKIPATHWAYS_20260211%WP5146%HOMO SAPIENS		18	0.44503763	1.1005448	0.34269664	1.0	1.0	8895	tags=50%, list=36%, signal=78%	
POSITIVE REGULATION OF PROTEIN LOCALIZATION TO MEMBRANE%GOBP%GO:1905477	POSITIVE REGULATION OF PROTEIN LOCALIZATION TO MEMBRANE%GOBP%GO:1905477		69	0.3449453	1.1005399	0.30673316	1.0	1.0	9455	tags=48%, list=39%, signal=78%	
CELLULAR RESPONSE TO COPPER ION%GOBP%GO:0071280	CELLULAR RESPONSE TO COPPER ION%GOBP%GO:0071280		19	0.43785542	1.0999552	0.3314367	1.0	1.0	8493	tags=58%, list=35%, signal=89%	
ACROSOME ASSEMBLY%GOBP%GO:0001675	ACROSOME ASSEMBLY%GOBP%GO:0001675		29	0.40141347	1.0997331	0.33286715	1.0	1.0	3211	tags=28%, list=13%, signal=32%	
EMBRYONIC PATTERN SPECIFICATION%GOBP%GO:0009880	EMBRYONIC PATTERN SPECIFICATION%GOBP%GO:0009880		44	0.36950573	1.0996834	0.30038512	1.0	1.0	5823	tags=27%, list=24%, signal=36%	
POSITIVE REGULATION OF NITRIC OXIDE BIOSYNTHETIC PROCESS%GOBP%GO:0045429	POSITIVE REGULATION OF NITRIC OXIDE BIOSYNTHETIC PROCESS%GOBP%GO:0045429		28	0.40581858	1.099342	0.31039137	1.0	1.0	7017	tags=39%, list=29%, signal=55%	
CELLULAR RESPONSE TO OSMOTIC STRESS%GOBP%GO:0071470	CELLULAR RESPONSE TO OSMOTIC STRESS%GOBP%GO:0071470		35	0.39098626	1.0992755	0.32493368	1.0	1.0	7368	tags=37%, list=30%, signal=53%	
PROTEIN METHYLATION%REACTOME%R-HSA-8876725.5	PROTEIN METHYLATION%REACTOME%R-HSA-8876725.5		17	0.44486716	1.0992364	0.3478261	1.0	1.0	1884	tags=18%, list=8%, signal=19%	
GAUCHER DISEASE%PATHWHIZ%PW000201	GAUCHER DISEASE%PATHWHIZ%PW000201		23	0.42370158	1.0991513	0.3275401	1.0	1.0	5296	tags=35%, list=22%, signal=44%	
IL-7%NETPATH%IL-7	IL-7%NETPATH%IL-7		19	0.44480753	1.0990037	0.34225354	1.0	1.0	7567	tags=42%, list=31%, signal=61%	
REGULATION OF TYPE 2 IMMUNE RESPONSE%GOBP%GO:0002828	REGULATION OF TYPE 2 IMMUNE RESPONSE%GOBP%GO:0002828		22	0.42361784	1.0988843	0.34336525	1.0	1.0	7711	tags=50%, list=31%, signal=73%	
PIGMENT GRANULE TRANSPORT%GOBP%GO:0051904	PIGMENT GRANULE TRANSPORT%GOBP%GO:0051904		17	0.44870913	1.0988523	0.33572453	1.0	1.0	4767	tags=41%, list=19%, signal=51%	
NEGATIVE REGULATION OF DNA BIOSYNTHETIC PROCESS%GOBP%GO:2000279	NEGATIVE REGULATION OF DNA BIOSYNTHETIC PROCESS%GOBP%GO:2000279		25	0.4175098	1.0986888	0.31799164	1.0	1.0	5027	tags=24%, list=21%, signal=30%	
SPERMATID DIFFERENTIATION%GOBP%GO:0048515	SPERMATID DIFFERENTIATION%GOBP%GO:0048515		173	0.30957264	1.0984712	0.27213115	1.0	1.0	4659	tags=23%, list=19%, signal=28%	
NEUREXINS AND NEUROLIGINS%REACTOME%R-HSA-6794361.6	NEUREXINS AND NEUROLIGINS%REACTOME%R-HSA-6794361.6		57	0.35715225	1.0982658	0.31362468	1.0	1.0	7278	tags=42%, list=30%, signal=60%	
CELL-CELL JUNCTION MAINTENANCE%GOBP%GO:0045217	CELL-CELL JUNCTION MAINTENANCE%GOBP%GO:0045217		17	0.45107168	1.0982615	0.33861673	1.0	1.0	7860	tags=53%, list=32%, signal=78%	
POSITIVE REGULATION OF CELL JUNCTION ASSEMBLY%GOBP%GO:1901890	POSITIVE REGULATION OF CELL JUNCTION ASSEMBLY%GOBP%GO:1901890		76	0.337818	1.098211	0.3151515	1.0	1.0	2002	tags=14%, list=8%, signal=16%	
BILE ACID AND BILE SALT METABOLISM%REACTOME%R-HSA-194068.3	BILE ACID AND BILE SALT METABOLISM%REACTOME%R-HSA-194068.3		43	0.37109753	1.0980375	0.3153153	1.0	1.0	5918	tags=37%, list=24%, signal=49%	
REGULATION OF STRESS-ACTIVATED PROTEIN KINASE SIGNALING CASCADE%GOBP%GO:0070302	REGULATION OF STRESS-ACTIVATED PROTEIN KINASE SIGNALING CASCADE%GOBP%GO:0070302		31	0.40217727	1.0976405	0.32970026	1.0	1.0	8563	tags=55%, list=35%, signal=84%	
PID_GMCSF_PATHWAY%MSIGDB_C2%PID_GMCSF_PATHWAY	PID_GMCSF_PATHWAY%MSIGDB_C2%PID_GMCSF_PATHWAY		32	0.3889778	1.0976067	0.3239625	1.0	1.0	3981	tags=31%, list=16%, signal=37%	
SIGNALING EVENTS MEDIATED BY TCPTP%PATHWAY INTERACTION DATABASE NCI-NATURE CURATED DATA%SIGNALING EVENTS MEDIATED BY TCPTP	SIGNALING EVENTS MEDIATED BY TCPTP%PATHWAY INTERACTION DATABASE NCI-NATURE CURATED DATA%SIGNALING EVENTS MEDIATED BY TCPTP		40	0.37251672	1.0975127	0.31258106	1.0	1.0	7805	tags=45%, list=32%, signal=66%	
ADHERENS JUNCTION ORGANIZATION%GOBP%GO:0034332	ADHERENS JUNCTION ORGANIZATION%GOBP%GO:0034332		42	0.3748763	1.0973628	0.3277635	1.0	1.0	6330	tags=31%, list=26%, signal=42%	
BIOCARTA_SPRY_PATHWAY%MSIGDB_C2%BIOCARTA_SPRY_PATHWAY	BIOCARTA_SPRY_PATHWAY%MSIGDB_C2%BIOCARTA_SPRY_PATHWAY		15	0.46341738	1.097331	0.3652174	1.0	1.0	6517	tags=33%, list=27%, signal=45%	
MALE GONAD DEVELOPMENT%GOBP%GO:0008584	MALE GONAD DEVELOPMENT%GOBP%GO:0008584		54	0.3561525	1.09712	0.3118687	1.0	1.0	9663	tags=48%, list=39%, signal=79%	
ACUTE INFLAMMATORY RESPONSE%GOBP%GO:0002526	ACUTE INFLAMMATORY RESPONSE%GOBP%GO:0002526		37	0.38231885	1.0970302	0.33774835	1.0	1.0	7755	tags=38%, list=32%, signal=55%	
NEGATIVE REGULATION OF CHROMOSOME SEPARATION%GOBP%GO:1905819	NEGATIVE REGULATION OF CHROMOSOME SEPARATION%GOBP%GO:1905819		31	0.39751828	1.0967553	0.33286908	1.0	1.0	3732	tags=26%, list=15%, signal=30%	
POSITIVE REGULATION OF LEUKOCYTE DIFFERENTIATION%GOBP%GO:1902107	POSITIVE REGULATION OF LEUKOCYTE DIFFERENTIATION%GOBP%GO:1902107		151	0.31519067	1.0966946	0.27846673	1.0	1.0	4702	tags=24%, list=19%, signal=29%	
INTRACELLULAR LIPID TRANSPORT%GOBP%GO:0032365	INTRACELLULAR LIPID TRANSPORT%GOBP%GO:0032365		41	0.37775192	1.096498	0.31942633	1.0	1.0	5040	tags=27%, list=21%, signal=34%	
CERAMIDE METABOLIC PROCESS%GOBP%GO:0006672	CERAMIDE METABOLIC PROCESS%GOBP%GO:0006672		89	0.33368263	1.0964172	0.27455622	1.0	1.0	5576	tags=26%, list=23%, signal=33%	
IMMUNE RESPONSE-INHIBITING SIGNAL TRANSDUCTION%GOBP%GO:0002765	IMMUNE RESPONSE-INHIBITING SIGNAL TRANSDUCTION%GOBP%GO:0002765		27	0.40310085	1.0963756	0.32985657	1.0	1.0	9947	tags=63%, list=41%, signal=106%	
NUCLEAR RECEPTOR-MEDIATED SIGNALING PATHWAY%GOBP%GO:0141193	NUCLEAR RECEPTOR-MEDIATED SIGNALING PATHWAY%GOBP%GO:0141193		72	0.34253967	1.0962309	0.3273165	1.0	1.0	8876	tags=44%, list=36%, signal=70%	
DETECTION OF BACTERIUM%GOBP%GO:0016045	DETECTION OF BACTERIUM%GOBP%GO:0016045		16	0.4542998	1.0960567	0.34770116	1.0	1.0	6847	tags=44%, list=28%, signal=61%	
REGULATION OF FILOPODIUM ASSEMBLY%GOBP%GO:0051489	REGULATION OF FILOPODIUM ASSEMBLY%GOBP%GO:0051489		39	0.3838989	1.0958627	0.32597402	1.0	1.0	5722	tags=33%, list=23%, signal=43%	
IMMUNE RESPONSE-INHIBITING CELL SURFACE RECEPTOR SIGNALING PATHWAY%GOBP%GO:0002767	IMMUNE RESPONSE-INHIBITING CELL SURFACE RECEPTOR SIGNALING PATHWAY%GOBP%GO:0002767		26	0.409846	1.0956159	0.32909605	1.0	1.0	9947	tags=65%, list=41%, signal=110%	
POSITIVE REGULATION OF CILIUM ASSEMBLY%GOBP%GO:0045724	POSITIVE REGULATION OF CILIUM ASSEMBLY%GOBP%GO:0045724		26	0.41446537	1.0955795	0.35254693	1.0	1.0	6343	tags=38%, list=26%, signal=52%	
CYTOSOLIC SULFONATION OF SMALL MOLECULES%REACTOME%R-HSA-156584.7	CYTOSOLIC SULFONATION OF SMALL MOLECULES%REACTOME%R-HSA-156584.7		17	0.45000154	1.0950636	0.35395685	1.0	1.0	7258	tags=59%, list=30%, signal=84%	
REGULATION OF DOUBLE-STRAND BREAK REPAIR VIA HOMOLOGOUS RECOMBINATION%GOBP%GO:0010569	REGULATION OF DOUBLE-STRAND BREAK REPAIR VIA HOMOLOGOUS RECOMBINATION%GOBP%GO:0010569		81	0.33719352	1.0949754	0.2936321	1.0	1.0	6828	tags=32%, list=28%, signal=44%	
PHASE 2 - PLATEAU PHASE%REACTOME%R-HSA-5576893.4	PHASE 2 - PLATEAU PHASE%REACTOME%R-HSA-5576893.4		15	0.4615215	1.0948	0.3551263	1.0	1.0	1456	tags=20%, list=6%, signal=21%	
AMINO ACID METABOLISM%WIKIPATHWAYS_20260211%WP3925%HOMO SAPIENS	AMINO ACID METABOLISM%WIKIPATHWAYS_20260211%WP3925%HOMO SAPIENS		58	0.35350013	1.0945495	0.30973452	1.0	1.0	6839	tags=48%, list=28%, signal=67%	
NEGATIVE REGULATION OF GENE SILENCING BY REGULATORY NCRNA%GOBP%GO:0060967	NEGATIVE REGULATION OF GENE SILENCING BY REGULATORY NCRNA%GOBP%GO:0060967		16	0.459524	1.0943313	0.37428573	1.0	1.0	5748	tags=44%, list=23%, signal=57%	
PEROXISOME ORGANIZATION%GOBP%GO:0007031	PEROXISOME ORGANIZATION%GOBP%GO:0007031		33	0.38706836	1.0939217	0.33697134	1.0	1.0	4382	tags=27%, list=18%, signal=33%	
PID_NFKAPPAB_ATYPICAL_PATHWAY%MSIGDB_C2%PID_NFKAPPAB_ATYPICAL_PATHWAY	PID_NFKAPPAB_ATYPICAL_PATHWAY%MSIGDB_C2%PID_NFKAPPAB_ATYPICAL_PATHWAY		15	0.46083772	1.0939039	0.35302806	1.0	1.0	5109	tags=27%, list=21%, signal=34%	
MRNA CIS SPLICING, VIA SPLICEOSOME%GOBP%GO:0045292	MRNA CIS SPLICING, VIA SPLICEOSOME%GOBP%GO:0045292		22	0.42565674	1.0936745	0.36944443	1.0	1.0	5674	tags=32%, list=23%, signal=41%	
FANCONI ANEMIA%WIKIPATHWAYS_20260211%WP5465%HOMO SAPIENS	FANCONI ANEMIA%WIKIPATHWAYS_20260211%WP5465%HOMO SAPIENS		40	0.3740416	1.0936546	0.30748662	1.0	1.0	4914	tags=25%, list=20%, signal=31%	
CELLULAR RESPONSE TO DOPAMINE%GOBP%GO:1903351	CELLULAR RESPONSE TO DOPAMINE%GOBP%GO:1903351		37	0.37856668	1.0933014	0.3293011	1.0	1.0	7551	tags=32%, list=31%, signal=47%	
REGULATION OF RAS FAMILY ACTIVATION%PATHWAY INTERACTION DATABASE NCI-NATURE CURATED DATA%REGULATION OF RAS FAMILY ACTIVATION	REGULATION OF RAS FAMILY ACTIVATION%PATHWAY INTERACTION DATABASE NCI-NATURE CURATED DATA%REGULATION OF RAS FAMILY ACTIVATION		31	0.39097324	1.0931436	0.3382157	1.0	1.0	7298	tags=45%, list=30%, signal=64%	
CHLORIDE TRANSPORT%GOBP%GO:0006821	CHLORIDE TRANSPORT%GOBP%GO:0006821		92	0.3336407	1.0931206	0.2846975	1.0	1.0	7376	tags=40%, list=30%, signal=57%	
CARBOHYDRATE DERIVATIVE CATABOLIC PROCESS%GOBP%GO:1901136	CARBOHYDRATE DERIVATIVE CATABOLIC PROCESS%GOBP%GO:1901136		164	0.30930248	1.0930799	0.27559912	1.0	1.0	8789	tags=41%, list=36%, signal=63%	
REGULATION OF FATTY ACID METABOLIC PROCESS%GOBP%GO:0019217	REGULATION OF FATTY ACID METABOLIC PROCESS%GOBP%GO:0019217		80	0.33550707	1.092935	0.3163017	1.0	1.0	6650	tags=35%, list=27%, signal=48%	
EMBRYONIC AXIS SPECIFICATION%GOBP%GO:0000578	EMBRYONIC AXIS SPECIFICATION%GOBP%GO:0000578		29	0.39616317	1.0927502	0.33518004	1.0	1.0	9339	tags=52%, list=38%, signal=84%	
REGULATION OF MITOTIC SISTER CHROMATID SEGREGATION%GOBP%GO:0033047	REGULATION OF MITOTIC SISTER CHROMATID SEGREGATION%GOBP%GO:0033047		62	0.34853223	1.0926981	0.31716418	1.0	1.0	3965	tags=23%, list=16%, signal=27%	
CHROMATIN MODIFICATIONS DURING THE MATERNAL TO ZYGOTIC TRANSITION (MZT)%REACTOME%R-HSA-9821002.1	CHROMATIN MODIFICATIONS DURING THE MATERNAL TO ZYGOTIC TRANSITION (MZT)%REACTOME%R-HSA-9821002.1		37	0.37896538	1.0926856	0.3263434	1.0	1.0	3112	tags=24%, list=13%, signal=28%	
PDGF SIGNALING PATHWAY%PANTHER PATHWAY%P00047	PDGF SIGNALING PATHWAY%PANTHER PATHWAY%P00047		125	0.31901467	1.0924553	0.2814302	1.0	1.0	7887	tags=40%, list=32%, signal=59%	
LEARNING OR MEMORY%GOBP%GO:0007611	LEARNING OR MEMORY%GOBP%GO:0007611		117	0.32439005	1.0921067	0.2919042	1.0	1.0	7122	tags=42%, list=29%, signal=59%	
VALIDATED NUCLEAR ESTROGEN RECEPTOR BETA NETWORK%PATHWAY INTERACTION DATABASE NCI-NATURE CURATED DATA%VALIDATED NUCLEAR ESTROGEN RECEPTOR BETA NETWORK	VALIDATED NUCLEAR ESTROGEN RECEPTOR BETA NETWORK%PATHWAY INTERACTION DATABASE NCI-NATURE CURATED DATA%VALIDATED NUCLEAR ESTROGEN RECEPTOR BETA NETWORK		15	0.4629377	1.0918218	0.3511111	1.0	1.0	9956	tags=60%, list=41%, signal=101%	
NAD+ METABOLIC PROCESS%GOBP%GO:0019674	NAD+ METABOLIC PROCESS%GOBP%GO:0019674		32	0.391216	1.0917041	0.33151433	1.0	1.0	7958	tags=53%, list=32%, signal=79%	
STRIATED MUSCLE CONTRACTION PATHWAY%WIKIPATHWAYS_20260211%WP383%HOMO SAPIENS	STRIATED MUSCLE CONTRACTION PATHWAY%WIKIPATHWAYS_20260211%WP383%HOMO SAPIENS		26	0.40170965	1.0915649	0.33333334	1.0	1.0	8576	tags=54%, list=35%, signal=83%	
ESTABLISHMENT OR MAINTENANCE OF BIPOLAR CELL POLARITY%GOBP%GO:0061245	ESTABLISHMENT OR MAINTENANCE OF BIPOLAR CELL POLARITY%GOBP%GO:0061245		36	0.38341135	1.091417	0.3483444	1.0	1.0	5967	tags=39%, list=24%, signal=51%	
MAPK SIGNALING%WIKIPATHWAYS_20260211%WP382%HOMO SAPIENS	MAPK SIGNALING%WIKIPATHWAYS_20260211%WP382%HOMO SAPIENS		184	0.30826133	1.0914118	0.2746781	1.0	1.0	3768	tags=20%, list=15%, signal=23%	
SIGNALING EVENTS MEDIATED BY HDAC CLASS II%PATHWAY INTERACTION DATABASE NCI-NATURE CURATED DATA%SIGNALING EVENTS MEDIATED BY HDAC CLASS II	SIGNALING EVENTS MEDIATED BY HDAC CLASS II%PATHWAY INTERACTION DATABASE NCI-NATURE CURATED DATA%SIGNALING EVENTS MEDIATED BY HDAC CLASS II		34	0.38496816	1.0907875	0.32201087	1.0	1.0	3986	tags=29%, list=16%, signal=35%	
IL4%NETPATH%IL4	IL4%NETPATH%IL4		39	0.3746	1.0903292	0.33819628	1.0	1.0	6517	tags=33%, list=27%, signal=45%	
FABRY DISEASE%SMPDB%SMP0000525	FABRY DISEASE%SMPDB%SMP0000525		23	0.42370158	1.090295	0.3580599	1.0	1.0	5296	tags=35%, list=22%, signal=44%	
CARDIAC CHAMBER MORPHOGENESIS%GOBP%GO:0003206	CARDIAC CHAMBER MORPHOGENESIS%GOBP%GO:0003206		84	0.33536533	1.0902649	0.30361447	1.0	1.0	7792	tags=38%, list=32%, signal=56%	
REGULATION OF G PROTEIN-COUPLED RECEPTOR SIGNALING PATHWAY%GOBP%GO:0008277	REGULATION OF G PROTEIN-COUPLED RECEPTOR SIGNALING PATHWAY%GOBP%GO:0008277		134	0.31653228	1.090037	0.2941847	1.0	1.0	6055	tags=32%, list=25%, signal=42%	
PID_TOLL_ENDOGENOUS_PATHWAY%MSIGDB_C2%PID_TOLL_ENDOGENOUS_PATHWAY	PID_TOLL_ENDOGENOUS_PATHWAY%MSIGDB_C2%PID_TOLL_ENDOGENOUS_PATHWAY		20	0.43048257	1.0900357	0.33239037	1.0	1.0	7017	tags=55%, list=29%, signal=77%	
BILE ACID AND BILE SALT TRANSPORT%GOBP%GO:0015721	BILE ACID AND BILE SALT TRANSPORT%GOBP%GO:0015721		35	0.3783971	1.0898157	0.34316355	1.0	1.0	10423	tags=66%, list=43%, signal=114%	
CARDIAC VENTRICLE DEVELOPMENT%GOBP%GO:0003231	CARDIAC VENTRICLE DEVELOPMENT%GOBP%GO:0003231		76	0.33781528	1.0895928	0.33093524	1.0	1.0	6199	tags=29%, list=25%, signal=39%	
MITOCHONDRIAL FATTY ACID BETA-OXIDATION%REACTOME%R-HSA-77289.7	MITOCHONDRIAL FATTY ACID BETA-OXIDATION%REACTOME%R-HSA-77289.7		37	0.37987047	1.0894378	0.34424084	1.0	1.0	5174	tags=35%, list=21%, signal=44%	
TELOMERE MAINTENANCE VIA TELOMERE LENGTHENING%GOBP%GO:0010833	TELOMERE MAINTENANCE VIA TELOMERE LENGTHENING%GOBP%GO:0010833		29	0.39816257	1.0893602	0.33607683	1.0	1.0	2034	tags=14%, list=8%, signal=15%	
ANTIVIRAL MECHANISM BY IFN-STIMULATED GENES%REACTOME DATABASE ID RELEASE 95%1169410	ANTIVIRAL MECHANISM BY IFN-STIMULATED GENES%REACTOME DATABASE ID RELEASE 95%1169410		142	0.31245032	1.0893236	0.2954292	1.0	1.0	6519	tags=30%, list=27%, signal=40%	
REGULATION OF RHO PROTEIN SIGNAL TRANSDUCTION%GOBP%GO:0035023	REGULATION OF RHO PROTEIN SIGNAL TRANSDUCTION%GOBP%GO:0035023		80	0.33771887	1.0891017	0.32380953	1.0	1.0	7216	tags=38%, list=29%, signal=53%	
NEGATIVE REGULATION OF PROTEIN BINDING%GOBP%GO:0032091	NEGATIVE REGULATION OF PROTEIN BINDING%GOBP%GO:0032091		23	0.41340575	1.0888612	0.3465909	1.0	1.0	6608	tags=43%, list=27%, signal=59%	
DNA STRAND ELONGATION%GOBP%GO:0022616	DNA STRAND ELONGATION%GOBP%GO:0022616		20	0.4250372	1.0888516	0.3431085	1.0	1.0	2034	tags=20%, list=8%, signal=22%	
KERATAN SULFATE PROTEOGLYCAN METABOLIC PROCESS%GOBP%GO:0042339	KERATAN SULFATE PROTEOGLYCAN METABOLIC PROCESS%GOBP%GO:0042339		17	0.4484562	1.0885605	0.35932723	1.0	1.0	4537	tags=35%, list=19%, signal=43%	
REGULATION OF NUCLEOBASE-CONTAINING COMPOUND TRANSPORT%GOBP%GO:0032239	REGULATION OF NUCLEOBASE-CONTAINING COMPOUND TRANSPORT%GOBP%GO:0032239		16	0.44702563	1.088497	0.35639098	1.0	1.0	6840	tags=44%, list=28%, signal=61%	
POSITIVE REGULATION OF CALCINEURIN-MEDIATED SIGNALING%GOBP%GO:0106058	POSITIVE REGULATION OF CALCINEURIN-MEDIATED SIGNALING%GOBP%GO:0106058		19	0.43421182	1.0883992	0.34428573	1.0	1.0	7064	tags=37%, list=29%, signal=52%	
CHROMOSOME ORGANIZATION INVOLVED IN MEIOTIC CELL CYCLE%GOBP%GO:0070192	CHROMOSOME ORGANIZATION INVOLVED IN MEIOTIC CELL CYCLE%GOBP%GO:0070192		41	0.37161157	1.0881776	0.34545454	1.0	1.0	5544	tags=29%, list=23%, signal=38%	
CALCIUM-DEPENDENT CELL-CELL ADHESION%GOBP%GO:0016339	CALCIUM-DEPENDENT CELL-CELL ADHESION%GOBP%GO:0016339		43	0.37224138	1.0880911	0.33245033	1.0	1.0	8019	tags=44%, list=33%, signal=66%	
ESTABLISHMENT OF MELANOSOME LOCALIZATION%GOBP%GO:0032401	ESTABLISHMENT OF MELANOSOME LOCALIZATION%GOBP%GO:0032401		18	0.43698752	1.0880278	0.3525926	1.0	1.0	4767	tags=39%, list=19%, signal=48%	
TCR SIGNALING IN NAIVE CD8+ T CELLS%PATHWAY INTERACTION DATABASE NCI-NATURE CURATED DATA%TCR SIGNALING IN NAIVE CD8+ T CELLS	TCR SIGNALING IN NAIVE CD8+ T CELLS%PATHWAY INTERACTION DATABASE NCI-NATURE CURATED DATA%TCR SIGNALING IN NAIVE CD8+ T CELLS		53	0.35620382	1.0879549	0.33787128	1.0	1.0	5555	tags=28%, list=23%, signal=37%	
REGULATION OF FIBROBLAST GROWTH FACTOR RECEPTOR SIGNALING PATHWAY%GOBP%GO:0040036	REGULATION OF FIBROBLAST GROWTH FACTOR RECEPTOR SIGNALING PATHWAY%GOBP%GO:0040036		21	0.43100584	1.0879006	0.329429	1.0	1.0	8090	tags=62%, list=33%, signal=92%	
TRAIL SIGNALING PATHWAY%PATHWAY INTERACTION DATABASE NCI-NATURE CURATED DATA%TRAIL SIGNALING PATHWAY	TRAIL SIGNALING PATHWAY%PATHWAY INTERACTION DATABASE NCI-NATURE CURATED DATA%TRAIL SIGNALING PATHWAY		25	0.40331304	1.0878769	0.35149863	1.0	1.0	6517	tags=40%, list=27%, signal=54%	
PROTEIN LOCALIZATION TO CYTOSKELETON%GOBP%GO:0044380	PROTEIN LOCALIZATION TO CYTOSKELETON%GOBP%GO:0044380		43	0.36775148	1.0877545	0.34590378	1.0	1.0	4550	tags=23%, list=19%, signal=29%	
CILIUM ASSEMBLY%REACTOME%R-HSA-5617833.7	CILIUM ASSEMBLY%REACTOME%R-HSA-5617833.7		185	0.30521595	1.0877192	0.27124184	1.0	1.0	4246	tags=22%, list=17%, signal=27%	
NITRIC OXIDE STIMULATES GUANYLATE CYCLASE%REACTOME%R-HSA-392154.3	NITRIC OXIDE STIMULATES GUANYLATE CYCLASE%REACTOME%R-HSA-392154.3		21	0.42616042	1.0875739	0.3512748	1.0	1.0	5026	tags=38%, list=21%, signal=48%	
NEGATIVE REGULATION OF CHROMOSOME ORGANIZATION%GOBP%GO:2001251	NEGATIVE REGULATION OF CHROMOSOME ORGANIZATION%GOBP%GO:2001251		72	0.34149003	1.0874907	0.32377538	1.0	1.0	3732	tags=18%, list=15%, signal=21%	
DEVELOPMENTAL PIGMENTATION%GOBP%GO:0048066	DEVELOPMENTAL PIGMENTATION%GOBP%GO:0048066		29	0.39839622	1.0870603	0.34672022	1.0	1.0	2051	tags=21%, list=8%, signal=23%	
PHOSPHATIDYLINOSITOL-MEDIATED SIGNALING%GOBP%GO:0048015	PHOSPHATIDYLINOSITOL-MEDIATED SIGNALING%GOBP%GO:0048015		23	0.416201	1.0870402	0.34965986	1.0	1.0	9544	tags=57%, list=39%, signal=93%	
POSITIVE REGULATION OF KINASE ACTIVITY%GOBP%GO:0033674	POSITIVE REGULATION OF KINASE ACTIVITY%GOBP%GO:0033674		126	0.3155126	1.0869355	0.30742857	1.0	1.0	5867	tags=29%, list=24%, signal=37%	
INTRACELLULAR RECEPTOR SIGNALING PATHWAY%GOBP%GO:0030522	INTRACELLULAR RECEPTOR SIGNALING PATHWAY%GOBP%GO:0030522		147	0.31317082	1.0868537	0.3051225	1.0	1.0	5463	tags=27%, list=22%, signal=34%	
NEGATIVE REGULATION OF CHROMOSOME SEGREGATION%GOBP%GO:0051985	NEGATIVE REGULATION OF CHROMOSOME SEGREGATION%GOBP%GO:0051985		31	0.39751828	1.086387	0.34506088	1.0	1.0	3732	tags=26%, list=15%, signal=30%	
CELLULAR RESPIRATION%GOBP%GO:0045333	CELLULAR RESPIRATION%GOBP%GO:0045333		164	0.3098516	1.0861892	0.29533115	1.0	1.0	6587	tags=26%, list=27%, signal=36%	
HETEROPHILIC CELL-CELL ADHESION%GOBP%GO:0007157	HETEROPHILIC CELL-CELL ADHESION%GOBP%GO:0007157		49	0.3639995	1.0859854	0.3362944	1.0	1.0	6537	tags=37%, list=27%, signal=50%	
BLOOD COAGULATION%PANTHER PATHWAY%P00011	BLOOD COAGULATION%PANTHER PATHWAY%P00011		32	0.39269948	1.0859853	0.34332424	1.0	1.0	9484	tags=53%, list=39%, signal=87%	
SEROTONIN RECEPTOR 4 6 7 AND NR3C SIGNALING%WIKIPATHWAYS_20260211%WP734%HOMO SAPIENS	SEROTONIN RECEPTOR 4 6 7 AND NR3C SIGNALING%WIKIPATHWAYS_20260211%WP734%HOMO SAPIENS		16	0.44896287	1.0854971	0.36468884	1.0	1.0	8711	tags=50%, list=36%, signal=78%	
POSITIVE REGULATION OF TRANSPORTER ACTIVITY%GOBP%GO:0032411	POSITIVE REGULATION OF TRANSPORTER ACTIVITY%GOBP%GO:0032411		33	0.38578093	1.0854619	0.35762483	1.0	1.0	6795	tags=39%, list=28%, signal=54%	
REGULATION OF POSTSYNAPTIC MEMBRANE NEUROTRANSMITTER RECEPTOR LEVELS%GOBP%GO:0099072	REGULATION OF POSTSYNAPTIC MEMBRANE NEUROTRANSMITTER RECEPTOR LEVELS%GOBP%GO:0099072		27	0.40020114	1.0850887	0.34829932	1.0	1.0	5147	tags=30%, list=21%, signal=37%	
NEGATIVE REGULATION OF MYELOID CELL DIFFERENTIATION%GOBP%GO:0045638	NEGATIVE REGULATION OF MYELOID CELL DIFFERENTIATION%GOBP%GO:0045638		59	0.34927103	1.085078	0.33536586	1.0	1.0	4659	tags=29%, list=19%, signal=35%	
MIRNA ROLE IN IMMUNE RESPONSE IN SEPSIS%WIKIPATHWAYS_20260211%WP4329%HOMO SAPIENS	MIRNA ROLE IN IMMUNE RESPONSE IN SEPSIS%WIKIPATHWAYS_20260211%WP4329%HOMO SAPIENS		32	0.39052987	1.0850058	0.34285715	1.0	1.0	7017	tags=41%, list=29%, signal=57%	
5HT1 TYPE RECEPTOR MEDIATED SIGNALING PATHWAY%PANTHER PATHWAY%P04373	5HT1 TYPE RECEPTOR MEDIATED SIGNALING PATHWAY%PANTHER PATHWAY%P04373		34	0.38595235	1.0849415	0.34707448	1.0	1.0	4981	tags=26%, list=20%, signal=33%	
NEGATIVE REGULATION OF TRANSPORTER ACTIVITY%GOBP%GO:0032410	NEGATIVE REGULATION OF TRANSPORTER ACTIVITY%GOBP%GO:0032410		19	0.42997465	1.0849098	0.364539	1.0	1.0	1534	tags=21%, list=6%, signal=22%	
RNA SPLICING, VIA ENDONUCLEOLYTIC CLEAVAGE AND LIGATION%GOBP%GO:0000394	RNA SPLICING, VIA ENDONUCLEOLYTIC CLEAVAGE AND LIGATION%GOBP%GO:0000394		15	0.4599201	1.0847493	0.36652237	1.0	1.0	3408	tags=27%, list=14%, signal=31%	
IL1%NETPATH%IL1	IL1%NETPATH%IL1		37	0.3799844	1.084648	0.34428385	1.0	1.0	4634	tags=30%, list=19%, signal=37%	
ESTABLISHMENT OR MAINTENANCE OF APICAL/BASAL CELL POLARITY%GOBP%GO:0035088	ESTABLISHMENT OR MAINTENANCE OF APICAL/BASAL CELL POLARITY%GOBP%GO:0035088		36	0.38341135	1.0846239	0.34097034	1.0	1.0	5967	tags=39%, list=24%, signal=51%	
NEGATIVE REGULATION OF FIBROBLAST PROLIFERATION%GOBP%GO:0048147	NEGATIVE REGULATION OF FIBROBLAST PROLIFERATION%GOBP%GO:0048147		18	0.4377166	1.0843679	0.36812413	1.0	1.0	6525	tags=56%, list=27%, signal=76%	
RESPONSE TO DOPAMINE%GOBP%GO:1903350	RESPONSE TO DOPAMINE%GOBP%GO:1903350		37	0.37856668	1.0842716	0.34139785	1.0	1.0	7551	tags=32%, list=31%, signal=47%	
OVARIAN FOLLICLE DEVELOPMENT%GOBP%GO:0001541	OVARIAN FOLLICLE DEVELOPMENT%GOBP%GO:0001541		24	0.40622926	1.0841647	0.34757835	1.0	1.0	7100	tags=42%, list=29%, signal=59%	
POSITIVE REGULATION OF CALCINEURIN-NFAT SIGNALING CASCADE%GOBP%GO:0070886	POSITIVE REGULATION OF CALCINEURIN-NFAT SIGNALING CASCADE%GOBP%GO:0070886		19	0.43421182	1.0841132	0.35425383	1.0	1.0	7064	tags=37%, list=29%, signal=52%	
NEGATIVE REGULATION OF NEURON DIFFERENTIATION%GOBP%GO:0045665	NEGATIVE REGULATION OF NEURON DIFFERENTIATION%GOBP%GO:0045665		23	0.41190368	1.0837333	0.32882273	1.0	1.0	6295	tags=39%, list=26%, signal=53%	
CANONICAL NF-KAPPAB PATHWAY%PATHWAY INTERACTION DATABASE NCI-NATURE CURATED DATA%CANONICAL NF-KAPPAB PATHWAY	CANONICAL NF-KAPPAB PATHWAY%PATHWAY INTERACTION DATABASE NCI-NATURE CURATED DATA%CANONICAL NF-KAPPAB PATHWAY		23	0.41344643	1.0835096	0.359944	1.0	1.0	4634	tags=30%, list=19%, signal=38%	
NUCLEAR MEMBRANE REASSEMBLY%GOBP%GO:0031468	NUCLEAR MEMBRANE REASSEMBLY%GOBP%GO:0031468		25	0.40837264	1.0833459	0.35825107	1.0	1.0	4348	tags=32%, list=18%, signal=39%	
CENTROSOME CYCLE%GOBP%GO:0007098	CENTROSOME CYCLE%GOBP%GO:0007098		91	0.32761416	1.0830939	0.32380953	1.0	1.0	5987	tags=29%, list=24%, signal=38%	
REGULATION OF MEIOTIC NUCLEAR DIVISION%GOBP%GO:0040020	REGULATION OF MEIOTIC NUCLEAR DIVISION%GOBP%GO:0040020		19	0.43228924	1.0824589	0.36819485	1.0	1.0	5249	tags=37%, list=21%, signal=47%	
ADENINE NUCLEOTIDE TRANSPORT%GOBP%GO:0051503	ADENINE NUCLEOTIDE TRANSPORT%GOBP%GO:0051503		32	0.384471	1.0824364	0.36052632	1.0	1.0	5197	tags=34%, list=21%, signal=44%	
REGULATION OF CELL SIZE%GOBP%GO:0008361	REGULATION OF CELL SIZE%GOBP%GO:0008361		98	0.32730982	1.08235	0.31139836	1.0	1.0	6980	tags=35%, list=28%, signal=48%	
POSITIVE REGULATION OF SYNAPSE ASSEMBLY%GOBP%GO:0051965	POSITIVE REGULATION OF SYNAPSE ASSEMBLY%GOBP%GO:0051965		43	0.36991146	1.0822772	0.33916554	1.0	1.0	1968	tags=19%, list=8%, signal=20%	
NEGATIVE REGULATION OF SYNAPTIC TRANSMISSION%GOBP%GO:0050805	NEGATIVE REGULATION OF SYNAPTIC TRANSMISSION%GOBP%GO:0050805		23	0.41515386	1.0822526	0.34993085	1.0	1.0	10706	tags=65%, list=44%, signal=116%	
NANOPARTICLE MEDIATED ACTIVATION OF RECEPTOR SIGNALING%WIKIPATHWAYS_20260211%WP2643%HOMO SAPIENS	NANOPARTICLE MEDIATED ACTIVATION OF RECEPTOR SIGNALING%WIKIPATHWAYS_20260211%WP2643%HOMO SAPIENS		26	0.40317902	1.0820612	0.3484225	1.0	1.0	6356	tags=31%, list=26%, signal=42%	
DNA DAMAGE TELOMERE STRESS INDUCED SENESCENCE%REACTOME DATABASE ID RELEASE 95%2559586	DNA DAMAGE TELOMERE STRESS INDUCED SENESCENCE%REACTOME DATABASE ID RELEASE 95%2559586		59	0.3482343	1.0819291	0.33995038	1.0	1.0	2635	tags=17%, list=11%, signal=19%	
PID_ERBB4_PATHWAY%MSIGDB_C2%PID_ERBB4_PATHWAY	PID_ERBB4_PATHWAY%MSIGDB_C2%PID_ERBB4_PATHWAY		34	0.37934422	1.0816782	0.33795014	1.0	1.0	6517	tags=38%, list=27%, signal=52%	
PID_HNF3B_PATHWAY%MSIGDB_C2%PID_HNF3B_PATHWAY	PID_HNF3B_PATHWAY%MSIGDB_C2%PID_HNF3B_PATHWAY		35	0.38430572	1.0815977	0.336856	1.0	1.0	8551	tags=51%, list=35%, signal=79%	
REGULATION OF PLATELET-DERIVED GROWTH FACTOR RECEPTOR SIGNALING PATHWAY%GOBP%GO:0010640	REGULATION OF PLATELET-DERIVED GROWTH FACTOR RECEPTOR SIGNALING PATHWAY%GOBP%GO:0010640		22	0.41532442	1.0815392	0.3590844	1.0	1.0	3312	tags=23%, list=14%, signal=26%	
AEROBIC RESPIRATION%GOBP%GO:0009060	AEROBIC RESPIRATION%GOBP%GO:0009060		154	0.31106254	1.0813749	0.311674	1.0	1.0	6135	tags=24%, list=25%, signal=32%	
MITOTIC SISTER CHROMATID COHESION%GOBP%GO:0007064	MITOTIC SISTER CHROMATID COHESION%GOBP%GO:0007064		22	0.4124537	1.0812278	0.35479453	1.0	1.0	5563	tags=32%, list=23%, signal=41%	
OUTFLOW TRACT SEPTUM MORPHOGENESIS%GOBP%GO:0003148	OUTFLOW TRACT SEPTUM MORPHOGENESIS%GOBP%GO:0003148		23	0.4148837	1.0812201	0.35843793	1.0	1.0	7687	tags=43%, list=31%, signal=63%	
EBOLA VIRUS INFECTION IN HOST%WIKIPATHWAYS_20260211%WP4217%HOMO SAPIENS	EBOLA VIRUS INFECTION IN HOST%WIKIPATHWAYS_20260211%WP4217%HOMO SAPIENS		112	0.32335532	1.0811319	0.32611173	1.0	1.0	8597	tags=49%, list=35%, signal=75%	
GLOMERULAR EPITHELIUM DEVELOPMENT%GOBP%GO:0072010	GLOMERULAR EPITHELIUM DEVELOPMENT%GOBP%GO:0072010		17	0.43482122	1.0811292	0.37339056	1.0	1.0	5535	tags=41%, list=23%, signal=53%	
TRANSCRIPTIONAL ACTIVATION OF MITOCHONDRIAL BIOGENESIS%REACTOME%R-HSA-2151201.4	TRANSCRIPTIONAL ACTIVATION OF MITOCHONDRIAL BIOGENESIS%REACTOME%R-HSA-2151201.4		51	0.35526073	1.081101	0.33459595	1.0	1.0	2928	tags=16%, list=12%, signal=18%	
MULTICELLULAR ORGANISMAL MOVEMENT%GOBP%GO:0050879	MULTICELLULAR ORGANISMAL MOVEMENT%GOBP%GO:0050879		31	0.3892597	1.0810854	0.3414305	1.0	1.0	8506	tags=61%, list=35%, signal=94%	
REGULATION OF ENDOGENOUS RETROELEMENTS BY KRAB-ZFP PROTEINS%REACTOME%R-HSA-9843940.1	REGULATION OF ENDOGENOUS RETROELEMENTS BY KRAB-ZFP PROTEINS%REACTOME%R-HSA-9843940.1		75	0.33533496	1.0810004	0.3283767	1.0	1.0	2923	tags=17%, list=12%, signal=20%	
ROLES OF CERAMIDES IN DEVELOPMENT OF INSULIN RESISTANCE%WIKIPATHWAYS_20260211%WP5181%HOMO SAPIENS	ROLES OF CERAMIDES IN DEVELOPMENT OF INSULIN RESISTANCE%WIKIPATHWAYS_20260211%WP5181%HOMO SAPIENS		19	0.4276055	1.0808067	0.36849508	1.0	1.0	7519	tags=42%, list=31%, signal=61%	
NUCLEOSIDE PHOSPHATE CATABOLIC PROCESS%GOBP%GO:1901292	NUCLEOSIDE PHOSPHATE CATABOLIC PROCESS%GOBP%GO:1901292		103	0.31905404	1.0806481	0.3216783	1.0	1.0	6762	tags=35%, list=28%, signal=48%	
BIOCARTA_ATRBRCA_PATHWAY%MSIGDB_C2%BIOCARTA_ATRBRCA_PATHWAY	BIOCARTA_ATRBRCA_PATHWAY%MSIGDB_C2%BIOCARTA_ATRBRCA_PATHWAY		20	0.4190387	1.07998	0.35814607	1.0	1.0	4214	tags=25%, list=17%, signal=30%	
MELANOSOME TRANSPORT%GOBP%GO:0032402	MELANOSOME TRANSPORT%GOBP%GO:0032402		17	0.44870913	1.0799745	0.3760933	1.0	1.0	4767	tags=41%, list=19%, signal=51%	
BODY FLUID SECRETION%GOBP%GO:0007589	BODY FLUID SECRETION%GOBP%GO:0007589		27	0.39524114	1.0796944	0.35841313	1.0	1.0	6791	tags=48%, list=28%, signal=67%	
FANCONI ANEMIA PATHWAY%REACTOME DATABASE ID RELEASE 95%6783310	FANCONI ANEMIA PATHWAY%REACTOME DATABASE ID RELEASE 95%6783310		38	0.36907288	1.079355	0.3589404	1.0	1.0	4213	tags=29%, list=17%, signal=35%	
REGULATION OF MAP KINASE ACTIVITY%GOBP%GO:0043405	REGULATION OF MAP KINASE ACTIVITY%GOBP%GO:0043405		58	0.3477398	1.0793327	0.34451613	1.0	1.0	6599	tags=36%, list=27%, signal=49%	
REGULATION OF RNA EXPORT FROM NUCLEUS%GOBP%GO:0046831	REGULATION OF RNA EXPORT FROM NUCLEUS%GOBP%GO:0046831		15	0.4535037	1.0793271	0.38129497	1.0	1.0	6840	tags=47%, list=28%, signal=65%	
IBANDRONATE ACTION PATHWAY%SMPDB%SMP0000079	IBANDRONATE ACTION PATHWAY%SMPDB%SMP0000079		21	0.40831438	1.079327	0.36571428	1.0	1.0	8391	tags=43%, list=34%, signal=65%	
POSITIVE REGULATION OF PROTEIN LOCALIZATION TO PLASMA MEMBRANE%GOBP%GO:1903078	POSITIVE REGULATION OF PROTEIN LOCALIZATION TO PLASMA MEMBRANE%GOBP%GO:1903078		54	0.3571887	1.079238	0.3601004	1.0	1.0	9413	tags=46%, list=38%, signal=75%	
SECRETORY GRANULE ORGANIZATION%GOBP%GO:0033363	SECRETORY GRANULE ORGANIZATION%GOBP%GO:0033363		59	0.34519345	1.0791312	0.34517765	1.0	1.0	5231	tags=31%, list=21%, signal=39%	
VOCALIZATION BEHAVIOR%GOBP%GO:0071625	VOCALIZATION BEHAVIOR%GOBP%GO:0071625		15	0.4459873	1.0790555	0.3526912	1.0	1.0	12119	tags=60%, list=49%, signal=119%	
RAC1 GTPASE CYCLE%REACTOME%R-HSA-9013149.2	RAC1 GTPASE CYCLE%REACTOME%R-HSA-9013149.2		184	0.30472463	1.0790468	0.31353134	1.0	1.0	6779	tags=28%, list=28%, signal=39%	
REGULATION OF ADAPTIVE IMMUNE RESPONSE BASED ON SOMATIC RECOMBINATION OF IMMUNE RECEPTORS BUILT FROM IMMUNOGLOBULIN SUPERFAMILY DOMAINS%GOBP%GO:0002822	REGULATION OF ADAPTIVE IMMUNE RESPONSE BASED ON SOMATIC RECOMBINATION OF IMMUNE RECEPTORS BUILT FROM IMMUNOGLOBULIN SUPERFAMILY DOMAINS%GOBP%GO:0002822		161	0.30684534	1.0790286	0.32092005	1.0	1.0	8606	tags=42%, list=35%, signal=65%	
POSITIVE REGULATION OF SMALL GTPASE MEDIATED SIGNAL TRANSDUCTION%GOBP%GO:0051057	POSITIVE REGULATION OF SMALL GTPASE MEDIATED SIGNAL TRANSDUCTION%GOBP%GO:0051057		69	0.34085166	1.0789936	0.34226552	1.0	1.0	7682	tags=39%, list=31%, signal=57%	
PEPTIDE GPCRS%WIKIPATHWAYS_20260211%WP24%HOMO SAPIENS	PEPTIDE GPCRS%WIKIPATHWAYS_20260211%WP24%HOMO SAPIENS		68	0.33943865	1.07896	0.34292865	1.0	1.0	6875	tags=38%, list=28%, signal=53%	
CELL ACTIVATION INVOLVED IN IMMUNE RESPONSE%GOBP%GO:0002263	CELL ACTIVATION INVOLVED IN IMMUNE RESPONSE%GOBP%GO:0002263		152	0.30992344	1.0789517	0.31333333	1.0	1.0	7658	tags=37%, list=31%, signal=53%	
POSITIVE REGULATION OF CELL CYCLE CHECKPOINT%GOBP%GO:1901978	POSITIVE REGULATION OF CELL CYCLE CHECKPOINT%GOBP%GO:1901978		26	0.3988118	1.0780692	0.34555712	1.0	1.0	4602	tags=31%, list=19%, signal=38%	
G-CSF%IOB%G-CSF	G-CSF%IOB%G-CSF		32	0.3840123	1.0779268	0.3590786	1.0	1.0	3781	tags=25%, list=15%, signal=30%	
PATTERN RECOGNITION RECEPTOR SIGNALING PATHWAY%GOBP%GO:0002221	PATTERN RECOGNITION RECEPTOR SIGNALING PATHWAY%GOBP%GO:0002221		117	0.31941321	1.0777968	0.32873562	1.0	1.0	4748	tags=26%, list=19%, signal=33%	
REGULATION OF HEART RATE BY CARDIAC CONDUCTION%GOBP%GO:0086091	REGULATION OF HEART RATE BY CARDIAC CONDUCTION%GOBP%GO:0086091		42	0.36850277	1.0777606	0.35392535	1.0	1.0	7163	tags=36%, list=29%, signal=50%	
POSITIVE REGULATION OF NATURAL KILLER CELL MEDIATED IMMUNITY%GOBP%GO:0002717	POSITIVE REGULATION OF NATURAL KILLER CELL MEDIATED IMMUNITY%GOBP%GO:0002717		30	0.39084396	1.077582	0.36778525	1.0	1.0	7298	tags=40%, list=30%, signal=57%	
TRANSPORT OF RIBONUCLEOPROTEINS INTO THE HOST NUCLEUS%REACTOME DATABASE ID RELEASE 95%168271	TRANSPORT OF RIBONUCLEOPROTEINS INTO THE HOST NUCLEUS%REACTOME DATABASE ID RELEASE 95%168271		29	0.39344573	1.0775162	0.37533513	1.0	1.0	8107	tags=45%, list=33%, signal=67%	
TBC RABGAPS%REACTOME%R-HSA-8854214.2	TBC RABGAPS%REACTOME%R-HSA-8854214.2		44	0.35679105	1.0774913	0.32816538	1.0	1.0	5339	tags=34%, list=22%, signal=44%	
DOPAMINERGIC NEUROGENESIS%WIKIPATHWAYS_20260211%WP2855%HOMO SAPIENS	DOPAMINERGIC NEUROGENESIS%WIKIPATHWAYS_20260211%WP2855%HOMO SAPIENS		26	0.39732137	1.0773473	0.35335195	1.0	1.0	6467	tags=46%, list=26%, signal=63%	
PURINE NUCLEOTIDE TRANSPORT%GOBP%GO:0015865	PURINE NUCLEOTIDE TRANSPORT%GOBP%GO:0015865		33	0.38411132	1.0770817	0.34034166	1.0	1.0	5197	tags=33%, list=21%, signal=42%	
ENDOLYSOSOMAL TOLL-LIKE RECEPTOR SIGNALING PATHWAY%GOBP%GO:0140894	ENDOLYSOSOMAL TOLL-LIKE RECEPTOR SIGNALING PATHWAY%GOBP%GO:0140894		20	0.4208485	1.0769349	0.35135135	1.0	1.0	4748	tags=45%, list=19%, signal=56%	
EXPORT OF VIRAL RIBONUCLEOPROTEINS FROM NUCLEUS%REACTOME DATABASE ID RELEASE 95%168274	EXPORT OF VIRAL RIBONUCLEOPROTEINS FROM NUCLEUS%REACTOME DATABASE ID RELEASE 95%168274		30	0.38768253	1.0764711	0.3572414	1.0	1.0	6347	tags=33%, list=26%, signal=45%	
ANTIMICROBIAL HUMORAL RESPONSE%GOBP%GO:0019730	ANTIMICROBIAL HUMORAL RESPONSE%GOBP%GO:0019730		140	0.31062868	1.0764452	0.32138857	1.0	1.0	5343	tags=31%, list=22%, signal=39%	
ORGANELLE MEMBRANE FUSION%GOBP%GO:0090174	ORGANELLE MEMBRANE FUSION%GOBP%GO:0090174		101	0.32235274	1.076409	0.3431604	1.0	1.0	5097	tags=25%, list=21%, signal=31%	
REGULATION OF SYSTEMIC ARTERIAL BLOOD PRESSURE MEDIATED BY A CHEMICAL SIGNAL%GOBP%GO:0003044	REGULATION OF SYSTEMIC ARTERIAL BLOOD PRESSURE MEDIATED BY A CHEMICAL SIGNAL%GOBP%GO:0003044		32	0.38882655	1.0763607	0.36657682	1.0	1.0	6989	tags=44%, list=29%, signal=61%	
POSITIVE REGULATION OF MITOTIC CELL CYCLE PHASE TRANSITION%GOBP%GO:1901992	POSITIVE REGULATION OF MITOTIC CELL CYCLE PHASE TRANSITION%GOBP%GO:1901992		68	0.3427702	1.0763454	0.35235733	1.0	1.0	5863	tags=28%, list=24%, signal=37%	
NEGATIVE REGULATION OF ANDROGEN RECEPTOR SIGNALING PATHWAY%GOBP%GO:0060766	NEGATIVE REGULATION OF ANDROGEN RECEPTOR SIGNALING PATHWAY%GOBP%GO:0060766		16	0.44411772	1.0761921	0.36950147	1.0	1.0	6326	tags=44%, list=26%, signal=59%	
RESPONSE TO CADMIUM ION%GOBP%GO:0046686	RESPONSE TO CADMIUM ION%GOBP%GO:0046686		20	0.4262253	1.0759914	0.38360175	1.0	1.0	8493	tags=55%, list=35%, signal=84%	
4 HYDROXYTAMOXIFEN DEXAMETHASONE AND RETINOIC ACIDS REGULATION OF P27 EXPRESSION%WIKIPATHWAYS_20260211%WP3879%HOMO SAPIENS	4 HYDROXYTAMOXIFEN DEXAMETHASONE AND RETINOIC ACIDS REGULATION OF P27 EXPRESSION%WIKIPATHWAYS_20260211%WP3879%HOMO SAPIENS		20	0.43278176	1.0755414	0.36053413	1.0	1.0	4987	tags=30%, list=20%, signal=38%	
RIP-MEDIATED NFKB ACTIVATION VIA ZBP1%REACTOME DATABASE ID RELEASE 95%1810476	RIP-MEDIATED NFKB ACTIVATION VIA ZBP1%REACTOME DATABASE ID RELEASE 95%1810476		17	0.4459836	1.0753689	0.34776336	1.0	1.0	5558	tags=35%, list=23%, signal=46%	
SUPERPATHWAY OF CHOLESTEROL BIOSYNTHESIS%BIOCYC%PWY66-5	SUPERPATHWAY OF CHOLESTEROL BIOSYNTHESIS%BIOCYC%PWY66-5		24	0.40940598	1.0750463	0.3552812	1.0	1.0	3902	tags=25%, list=16%, signal=30%	
LAMELLIPODIUM ORGANIZATION%GOBP%GO:0097581	LAMELLIPODIUM ORGANIZATION%GOBP%GO:0097581		32	0.38955465	1.0748191	0.37333333	1.0	1.0	5980	tags=31%, list=24%, signal=41%	
LEUKOCYTE ACTIVATION INVOLVED IN IMMUNE RESPONSE%GOBP%GO:0002366	LEUKOCYTE ACTIVATION INVOLVED IN IMMUNE RESPONSE%GOBP%GO:0002366		147	0.30658832	1.0746021	0.32307693	1.0	1.0	7658	tags=37%, list=31%, signal=53%	
POSITIVE REGULATION OF T CELL ACTIVATION%GOBP%GO:0050870	POSITIVE REGULATION OF T CELL ACTIVATION%GOBP%GO:0050870		199	0.30136752	1.0745894	0.30975348	1.0	1.0	7741	tags=37%, list=32%, signal=54%	
POSITIVE REGULATION OF IMMUNE EFFECTOR PROCESS%GOBP%GO:0002699	POSITIVE REGULATION OF IMMUNE EFFECTOR PROCESS%GOBP%GO:0002699		195	0.3018887	1.0744821	0.32089552	1.0	1.0	8606	tags=43%, list=35%, signal=65%	
STEM CELL PROLIFERATION%GOBP%GO:0072089	STEM CELL PROLIFERATION%GOBP%GO:0072089		22	0.41803998	1.0744106	0.37222221	1.0	1.0	7517	tags=59%, list=31%, signal=85%	
S1P RECEPTOR SIGNAL TRANSDUCTION%WIKIPATHWAYS_20260211%WP26%HOMO SAPIENS	S1P RECEPTOR SIGNAL TRANSDUCTION%WIKIPATHWAYS_20260211%WP26%HOMO SAPIENS		20	0.42828378	1.07421	0.37926137	1.0	1.0	6552	tags=50%, list=27%, signal=68%	
MRNA MODIFICATION%GOBP%GO:0016556	MRNA MODIFICATION%GOBP%GO:0016556		22	0.41376233	1.0739504	0.36731842	1.0	1.0	3667	tags=27%, list=15%, signal=32%	
REGULATION OF SYNAPSE ASSEMBLY%GOBP%GO:0051963	REGULATION OF SYNAPSE ASSEMBLY%GOBP%GO:0051963		92	0.32241634	1.0738672	0.33412042	1.0	1.0	7049	tags=34%, list=29%, signal=47%	
SHC1 EVENTS IN ERBB2 SIGNALING%REACTOME%R-HSA-1250196.6	SHC1 EVENTS IN ERBB2 SIGNALING%REACTOME%R-HSA-1250196.6		18	0.43699718	1.073439	0.36142856	1.0	1.0	9893	tags=50%, list=40%, signal=84%	
CAFFEINE IN MYOCYTES%WIKIPATHWAYS_20260211%WP5603%HOMO SAPIENS	CAFFEINE IN MYOCYTES%WIKIPATHWAYS_20260211%WP5603%HOMO SAPIENS		28	0.38974717	1.0733784	0.38873628	1.0	1.0	4296	tags=25%, list=18%, signal=30%	
HORMONE METABOLIC PROCESS%GOBP%GO:0042445	HORMONE METABOLIC PROCESS%GOBP%GO:0042445		151	0.30594566	1.0733501	0.30066815	1.0	1.0	6689	tags=34%, list=27%, signal=47%	
ANGIOGENESIS%PANTHER PATHWAY%P00005	ANGIOGENESIS%PANTHER PATHWAY%P00005		148	0.3080486	1.072906	0.32275712	1.0	1.0	6068	tags=31%, list=25%, signal=41%	
BIOCARTA_G2_PATHWAY%MSIGDB_C2%BIOCARTA_G2_PATHWAY	BIOCARTA_G2_PATHWAY%MSIGDB_C2%BIOCARTA_G2_PATHWAY		19	0.4277505	1.0727961	0.372442	1.0	1.0	1363	tags=16%, list=6%, signal=17%	
NEGATIVE REGULATION OF TELOMERE MAINTENANCE VIA TELOMERE LENGTHENING%GOBP%GO:1904357	NEGATIVE REGULATION OF TELOMERE MAINTENANCE VIA TELOMERE LENGTHENING%GOBP%GO:1904357		27	0.39828223	1.0727952	0.36351165	1.0	1.0	10611	tags=52%, list=43%, signal=91%	
NEGATIVE REGULATION OF MYELOID LEUKOCYTE DIFFERENTIATION%GOBP%GO:0002762	NEGATIVE REGULATION OF MYELOID LEUKOCYTE DIFFERENTIATION%GOBP%GO:0002762		38	0.3633448	1.072591	0.3811421	1.0	1.0	2728	tags=24%, list=11%, signal=27%	
VESICLE FUSION%GOBP%GO:0006906	VESICLE FUSION%GOBP%GO:0006906		96	0.32081696	1.072533	0.33566433	1.0	1.0	7033	tags=33%, list=29%, signal=47%	
SPLICEOSOMAL SNRNP ASSEMBLY%GOBP%GO:0000387	SPLICEOSOMAL SNRNP ASSEMBLY%GOBP%GO:0000387		69	0.3413728	1.0725169	0.35427135	1.0	1.0	6019	tags=30%, list=25%, signal=40%	
HCMV LATE EVENTS%REACTOME%R-HSA-9610379.4	HCMV LATE EVENTS%REACTOME%R-HSA-9610379.4		78	0.32878074	1.0719997	0.35523114	1.0	1.0	7033	tags=33%, list=29%, signal=47%	
OTHER SEMAPHORIN INTERACTIONS%REACTOME%R-HSA-416700.3	OTHER SEMAPHORIN INTERACTIONS%REACTOME%R-HSA-416700.3		19	0.4309819	1.0716996	0.36842105	1.0	1.0	6874	tags=53%, list=28%, signal=73%	
NON-PROTEINOGENIC AMINO ACID METABOLIC PROCESS%GOBP%GO:0170041	NON-PROTEINOGENIC AMINO ACID METABOLIC PROCESS%GOBP%GO:0170041		41	0.36651912	1.0715045	0.3544137	1.0	1.0	6681	tags=39%, list=27%, signal=54%	
RESPIRATORY ELECTRON TRANSPORT%REACTOME DATABASE ID RELEASE 95%611105	RESPIRATORY ELECTRON TRANSPORT%REACTOME DATABASE ID RELEASE 95%611105		145	0.30931833	1.071457	0.319053	1.0	1.0	6488	tags=28%, list=26%, signal=37%	
HATS ACETYLATE HISTONES%REACTOME%R-HSA-3214847.3	HATS ACETYLATE HISTONES%REACTOME%R-HSA-3214847.3		107	0.3183728	1.0714256	0.32032147	1.0	1.0	6856	tags=28%, list=28%, signal=39%	
UMP SYNTHASE DEFICIENCY (OROTIC ACIDURIA)%SMPDB%SMP0000219	UMP SYNTHASE DEFICIENCY (OROTIC ACIDURIA)%SMPDB%SMP0000219		23	0.40693694	1.0712459	0.37777779	1.0	1.0	6848	tags=39%, list=28%, signal=54%	
ALDEHYDE METABOLIC PROCESS%GOBP%GO:0006081	ALDEHYDE METABOLIC PROCESS%GOBP%GO:0006081		52	0.34961963	1.0712459	0.35923567	1.0	1.0	8124	tags=40%, list=33%, signal=60%	
REGULATION OF TP53 ACTIVITY THROUGH ACETYLATION%REACTOME%R-HSA-6804758.5	REGULATION OF TP53 ACTIVITY THROUGH ACETYLATION%REACTOME%R-HSA-6804758.5		30	0.3865267	1.07108	0.3611111	1.0	1.0	6856	tags=37%, list=28%, signal=51%	
POSITIVE REGULATION OF CATION CHANNEL ACTIVITY%GOBP%GO:2001259	POSITIVE REGULATION OF CATION CHANNEL ACTIVITY%GOBP%GO:2001259		20	0.42248964	1.0710589	0.3751724	1.0	1.0	6795	tags=40%, list=28%, signal=55%	
APOPTOTIC CELL CLEARANCE%GOBP%GO:0043277	APOPTOTIC CELL CLEARANCE%GOBP%GO:0043277		27	0.39618278	1.0708498	0.3746479	1.0	1.0	8908	tags=41%, list=36%, signal=64%	
REGULATION OF BLOOD CIRCULATION%GOBP%GO:1903522	REGULATION OF BLOOD CIRCULATION%GOBP%GO:1903522		195	0.29993042	1.0707483	0.32181427	1.0	1.0	7163	tags=33%, list=29%, signal=47%	
POSITIVE REGULATION OF ADAPTIVE IMMUNE RESPONSE BASED ON SOMATIC RECOMBINATION OF IMMUNE RECEPTORS BUILT FROM IMMUNOGLOBULIN SUPERFAMILY DOMAINS%GOBP%GO:0002824	POSITIVE REGULATION OF ADAPTIVE IMMUNE RESPONSE BASED ON SOMATIC RECOMBINATION OF IMMUNE RECEPTORS BUILT FROM IMMUNOGLOBULIN SUPERFAMILY DOMAINS%GOBP%GO:0002824		93	0.32468292	1.0705658	0.3410943	1.0	1.0	8606	tags=45%, list=35%, signal=69%	
HLA C ALLOTYPES INTERACTIONS WITH KIR ON DNK CELLS%WIKIPATHWAYS_20260211%WP5580%HOMO SAPIENS	HLA C ALLOTYPES INTERACTIONS WITH KIR ON DNK CELLS%WIKIPATHWAYS_20260211%WP5580%HOMO SAPIENS		20	0.42271927	1.0703992	0.39305556	1.0	1.0	1810	tags=20%, list=7%, signal=22%	
CELLULAR COMPONENT MAINTENANCE%GOBP%GO:0043954	CELLULAR COMPONENT MAINTENANCE%GOBP%GO:0043954		43	0.36410156	1.0695236	0.36270753	1.0	1.0	6806	tags=40%, list=28%, signal=55%	
ESTABLISHMENT OF PIGMENT GRANULE LOCALIZATION%GOBP%GO:0051905	ESTABLISHMENT OF PIGMENT GRANULE LOCALIZATION%GOBP%GO:0051905		18	0.43698752	1.069219	0.38709676	1.0	1.0	4767	tags=39%, list=19%, signal=48%	
INTERACTIONS OF REV WITH HOST CELLULAR PROTEINS%REACTOME%R-HSA-177243.4	INTERACTIONS OF REV WITH HOST CELLULAR PROTEINS%REACTOME%R-HSA-177243.4		34	0.3785337	1.0689107	0.37051794	1.0	1.0	8107	tags=44%, list=33%, signal=66%	
PROTEIN LOCALIZATION TO MICROTUBULE CYTOSKELETON%GOBP%GO:0072698	PROTEIN LOCALIZATION TO MICROTUBULE CYTOSKELETON%GOBP%GO:0072698		37	0.37258157	1.0687889	0.37249666	1.0	1.0	4550	tags=24%, list=19%, signal=30%	
UROGENITAL SYSTEM DEVELOPMENT%GOBP%GO:0001655	UROGENITAL SYSTEM DEVELOPMENT%GOBP%GO:0001655		16	0.44618794	1.068618	0.39541548	1.0	1.0	1627	tags=19%, list=7%, signal=20%	
VASCULAR ENDOTHELIAL CELL RESPONSE TO FLUID SHEAR STRESS%GOBP%GO:0097699	VASCULAR ENDOTHELIAL CELL RESPONSE TO FLUID SHEAR STRESS%GOBP%GO:0097699		25	0.39490306	1.0681283	0.36437246	1.0	1.0	4981	tags=28%, list=20%, signal=35%	
BIOCARTA_BAD_PATHWAY%MSIGDB_C2%BIOCARTA_BAD_PATHWAY	BIOCARTA_BAD_PATHWAY%MSIGDB_C2%BIOCARTA_BAD_PATHWAY		19	0.42520666	1.0680902	0.37606838	1.0	1.0	9455	tags=53%, list=39%, signal=86%	
INTRACELLULAR ZINC ION HOMEOSTASIS%GOBP%GO:0006882	INTRACELLULAR ZINC ION HOMEOSTASIS%GOBP%GO:0006882		31	0.38721797	1.0680318	0.37921727	1.0	1.0	8493	tags=55%, list=35%, signal=84%	
POSITIVE REGULATION OF LIPID TRANSPORT%GOBP%GO:0032370	POSITIVE REGULATION OF LIPID TRANSPORT%GOBP%GO:0032370		59	0.34288058	1.0679705	0.35257214	1.0	1.0	4674	tags=22%, list=19%, signal=27%	
MULTICELLULAR ORGANISMAL RESPONSE TO STRESS%GOBP%GO:0033555	MULTICELLULAR ORGANISMAL RESPONSE TO STRESS%GOBP%GO:0033555		18	0.42645034	1.067881	0.37916064	1.0	1.0	7214	tags=56%, list=29%, signal=79%	
PID_CDC42_REG_PATHWAY%MSIGDB_C2%PID_CDC42_REG_PATHWAY	PID_CDC42_REG_PATHWAY%MSIGDB_C2%PID_CDC42_REG_PATHWAY		21	0.41399562	1.0676095	0.39657632	1.0	1.0	6022	tags=48%, list=25%, signal=63%	
NF-KB SIGNALING PATHWAY%PATHWHIZ%PW064818	NF-KB SIGNALING PATHWAY%PATHWHIZ%PW064818		26	0.39592934	1.0675498	0.372442	1.0	1.0	4634	tags=27%, list=19%, signal=33%	
THE ONCOGENIC ACTION OF FUMARATE%PATHWHIZ%PW002363	THE ONCOGENIC ACTION OF FUMARATE%PATHWHIZ%PW002363		27	0.39914203	1.0674154	0.3741403	1.0	1.0	10790	tags=67%, list=44%, signal=119%	
REGULATION OF GLIAL CELL DIFFERENTIATION%GOBP%GO:0045685	REGULATION OF GLIAL CELL DIFFERENTIATION%GOBP%GO:0045685		37	0.3732746	1.067414	0.36608344	1.0	1.0	6399	tags=38%, list=26%, signal=51%	
PROTEIN K11-LINKED UBIQUITINATION%GOBP%GO:0070979	PROTEIN K11-LINKED UBIQUITINATION%GOBP%GO:0070979		39	0.3699121	1.0673562	0.3707572	1.0	1.0	3593	tags=23%, list=15%, signal=27%	
PROTEIN INSERTION INTO MITOCHONDRIAL MEMBRANE%GOBP%GO:0051204	PROTEIN INSERTION INTO MITOCHONDRIAL MEMBRANE%GOBP%GO:0051204		31	0.3838722	1.0672154	0.36103544	1.0	1.0	3688	tags=26%, list=15%, signal=30%	
NEGATIVE REGULATION OF ION TRANSMEMBRANE TRANSPORTER ACTIVITY%GOBP%GO:0032413	NEGATIVE REGULATION OF ION TRANSMEMBRANE TRANSPORTER ACTIVITY%GOBP%GO:0032413		18	0.4319665	1.0672086	0.38537273	1.0	1.0	1534	tags=22%, list=6%, signal=24%	
POSITIVE REGULATION OF MITOTIC CELL CYCLE%GOBP%GO:0045931	POSITIVE REGULATION OF MITOTIC CELL CYCLE%GOBP%GO:0045931		92	0.3200346	1.0671321	0.34951457	1.0	1.0	5863	tags=29%, list=24%, signal=38%	
COMMON PATHWAYS UNDERLYING DRUG ADDICTION%WIKIPATHWAYS_20260211%WP2636%HOMO SAPIENS	COMMON PATHWAYS UNDERLYING DRUG ADDICTION%WIKIPATHWAYS_20260211%WP2636%HOMO SAPIENS		30	0.38490027	1.0671057	0.3686327	1.0	1.0	4367	tags=23%, list=18%, signal=28%	
INTERFERON-MEDIATED SIGNALING PATHWAY%GOBP%GO:0140888	INTERFERON-MEDIATED SIGNALING PATHWAY%GOBP%GO:0140888		56	0.34797585	1.0669997	0.35125	1.0	1.0	6821	tags=39%, list=28%, signal=54%	
AMIODARONE ACTION PATHWAY%PATHWHIZ%PW000642	AMIODARONE ACTION PATHWAY%PATHWHIZ%PW000642		56	0.3435309	1.0669827	0.385	1.0	1.0	8452	tags=45%, list=35%, signal=68%	
BIOCARTA_PPARA_PATHWAY%MSIGDB_C2%BIOCARTA_PPARA_PATHWAY	BIOCARTA_PPARA_PATHWAY%MSIGDB_C2%BIOCARTA_PPARA_PATHWAY		41	0.36414832	1.0667993	0.3671875	1.0	1.0	8259	tags=46%, list=34%, signal=70%	
POSITIVE REGULATION OF CELL GROWTH%GOBP%GO:0030307	POSITIVE REGULATION OF CELL GROWTH%GOBP%GO:0030307		107	0.31762794	1.066462	0.3495935	1.0	1.0	6980	tags=34%, list=28%, signal=47%	
PYRIMIDINE METABOLISM%PATHWHIZ%PW000160	PYRIMIDINE METABOLISM%PATHWHIZ%PW000160		23	0.40693694	1.0657239	0.37709498	1.0	1.0	6848	tags=39%, list=28%, signal=54%	
REGULATION OF SYNAPTIC TRANSMISSION, GABAERGIC%GOBP%GO:0032228	REGULATION OF SYNAPTIC TRANSMISSION, GABAERGIC%GOBP%GO:0032228		25	0.3968262	1.0656685	0.37834036	1.0	1.0	8303	tags=40%, list=34%, signal=60%	
METAPHASE CHROMOSOME ALIGNMENT%GOBP%GO:0051310	METAPHASE CHROMOSOME ALIGNMENT%GOBP%GO:0051310		86	0.32609162	1.065476	0.35238096	1.0	1.0	4939	tags=24%, list=20%, signal=30%	
ADENYLATE CYCLASE-ACTIVATING G PROTEIN-COUPLED RECEPTOR SIGNALING PATHWAY%GOBP%GO:0007189	ADENYLATE CYCLASE-ACTIVATING G PROTEIN-COUPLED RECEPTOR SIGNALING PATHWAY%GOBP%GO:0007189		154	0.30686513	1.0652531	0.34133044	1.0	1.0	5620	tags=28%, list=23%, signal=36%	
MONOATOMIC ANION TRANSPORT%GOBP%GO:0006820	MONOATOMIC ANION TRANSPORT%GOBP%GO:0006820		104	0.3156977	1.065172	0.37330317	1.0	1.0	7376	tags=39%, list=30%, signal=56%	
DIHYDROPYRIMIDINASE DEFICIENCY%SMPDB%SMP0000178	DIHYDROPYRIMIDINASE DEFICIENCY%SMPDB%SMP0000178		23	0.40693694	1.0649966	0.37606838	1.0	1.0	6848	tags=39%, list=28%, signal=54%	
GOLGI ORGANIZATION%GOBP%GO:0007030	GOLGI ORGANIZATION%GOBP%GO:0007030		126	0.31085664	1.0649216	0.33445567	1.0	1.0	6608	tags=35%, list=27%, signal=48%	
THE ONCOGENIC ACTION OF SUCCINATE%PATHWHIZ%PW002360	THE ONCOGENIC ACTION OF SUCCINATE%PATHWHIZ%PW002360		27	0.39914203	1.0647322	0.37349397	1.0	1.0	10790	tags=67%, list=44%, signal=119%	
POSITIVE REGULATION OF KERATINOCYTE DIFFERENTIATION%GOBP%GO:0045618	POSITIVE REGULATION OF KERATINOCYTE DIFFERENTIATION%GOBP%GO:0045618		16	0.44188726	1.0646255	0.38687152	1.0	1.0	8161	tags=56%, list=33%, signal=84%	
PI METABOLISM%REACTOME DATABASE ID RELEASE 95%1483255	PI METABOLISM%REACTOME DATABASE ID RELEASE 95%1483255		84	0.3258296	1.0645728	0.3497596	1.0	1.0	6447	tags=27%, list=26%, signal=37%	
EBSTEIN BARR VIRUS LMP1 SIGNALING%WIKIPATHWAYS_20260211%WP262%HOMO SAPIENS	EBSTEIN BARR VIRUS LMP1 SIGNALING%WIKIPATHWAYS_20260211%WP262%HOMO SAPIENS		21	0.41853422	1.0645146	0.3954481	1.0	1.0	4634	tags=29%, list=19%, signal=35%	
MITOTIC METAPHASE CHROMOSOME ALIGNMENT%GOBP%GO:0007080	MITOTIC METAPHASE CHROMOSOME ALIGNMENT%GOBP%GO:0007080		61	0.34266332	1.0640124	0.37078652	1.0	1.0	7041	tags=38%, list=29%, signal=53%	
MET PROMOTES CELL MOTILITY%REACTOME DATABASE ID RELEASE 95%8875878	MET PROMOTES CELL MOTILITY%REACTOME DATABASE ID RELEASE 95%8875878		28	0.39216632	1.0639969	0.38312587	1.0	1.0	7426	tags=46%, list=30%, signal=67%	
SUBSTRATE ADHESION-DEPENDENT CELL SPREADING%GOBP%GO:0034446	SUBSTRATE ADHESION-DEPENDENT CELL SPREADING%GOBP%GO:0034446		42	0.36743903	1.0636574	0.3653088	1.0	1.0	7216	tags=40%, list=29%, signal=57%	
PHOTODYNAMIC THERAPY INDUCED NF KB SURVIVAL SIGNALING%WIKIPATHWAYS_20260211%WP3617%HOMO SAPIENS	PHOTODYNAMIC THERAPY INDUCED NF KB SURVIVAL SIGNALING%WIKIPATHWAYS_20260211%WP3617%HOMO SAPIENS		32	0.3821484	1.0635487	0.36891893	1.0	1.0	7081	tags=38%, list=29%, signal=53%	
REGULATION OF REGULATED SECRETORY PATHWAY%GOBP%GO:1903305	REGULATION OF REGULATED SECRETORY PATHWAY%GOBP%GO:1903305		90	0.32708275	1.0634152	0.3568019	1.0	1.0	2641	tags=17%, list=11%, signal=19%	
REGULATION OF PROTEIN TYROSINE KINASE ACTIVITY%GOBP%GO:0061097	REGULATION OF PROTEIN TYROSINE KINASE ACTIVITY%GOBP%GO:0061097		21	0.41323933	1.0631871	0.39231825	1.0	1.0	4830	tags=29%, list=20%, signal=36%	
CELLULAR SENESCENCE%GOBP%GO:0090398	CELLULAR SENESCENCE%GOBP%GO:0090398		46	0.3554089	1.0629263	0.36139897	1.0	1.0	2635	tags=15%, list=11%, signal=17%	
PRODUCTION OF MOLECULAR MEDIATOR OF IMMUNE RESPONSE%GOBP%GO:0002440	PRODUCTION OF MOLECULAR MEDIATOR OF IMMUNE RESPONSE%GOBP%GO:0002440		36	0.37144783	1.062875	0.37962964	1.0	1.0	7081	tags=39%, list=29%, signal=55%	
HEMOSTASIS%GOBP%GO:0007599	HEMOSTASIS%GOBP%GO:0007599		137	0.30596507	1.062742	0.34662238	1.0	1.0	9176	tags=50%, list=37%, signal=79%	
TICAM1, RIP1-MEDIATED IKK COMPLEX RECRUITMENT%REACTOME%R-HSA-168927.5	TICAM1, RIP1-MEDIATED IKK COMPLEX RECRUITMENT%REACTOME%R-HSA-168927.5		19	0.42561647	1.0626377	0.39477503	1.0	1.0	5558	tags=42%, list=23%, signal=54%	
AMP ACTIVATED PROTEIN KINASE SIGNALING%WIKIPATHWAYS_20260211%WP1403%HOMO SAPIENS	AMP ACTIVATED PROTEIN KINASE SIGNALING%WIKIPATHWAYS_20260211%WP1403%HOMO SAPIENS		53	0.35285816	1.0624263	0.34871796	1.0	1.0	5080	tags=26%, list=21%, signal=33%	
DETECTION OF EXTERNAL BIOTIC STIMULUS%GOBP%GO:0098581	DETECTION OF EXTERNAL BIOTIC STIMULUS%GOBP%GO:0098581		24	0.40828767	1.0622883	0.38696256	1.0	1.0	7225	tags=50%, list=29%, signal=71%	
REGULATION OF T CELL CYTOKINE PRODUCTION%GOBP%GO:0002724	REGULATION OF T CELL CYTOKINE PRODUCTION%GOBP%GO:0002724		37	0.3693482	1.0622631	0.37991858	1.0	1.0	8892	tags=43%, list=36%, signal=68%	
NEGATIVE REGULATION OF ANTIGEN RECEPTOR-MEDIATED SIGNALING PATHWAY%GOBP%GO:0050858	NEGATIVE REGULATION OF ANTIGEN RECEPTOR-MEDIATED SIGNALING PATHWAY%GOBP%GO:0050858		43	0.36259976	1.0618951	0.36753246	1.0	1.0	6908	tags=35%, list=28%, signal=49%	
CHOLESTERYL ESTER STORAGE DISEASE%SMPDB%SMP0000508	CHOLESTERYL ESTER STORAGE DISEASE%SMPDB%SMP0000508		21	0.40831438	1.0617553	0.3814147	1.0	1.0	8391	tags=43%, list=34%, signal=65%	
PHOSPHATIDYLINOSITOL METABOLIC PROCESS%GOBP%GO:0046488	PHOSPHATIDYLINOSITOL METABOLIC PROCESS%GOBP%GO:0046488		130	0.30948603	1.0614469	0.34198645	1.0	1.0	6447	tags=32%, list=26%, signal=44%	
MNGIE (MITOCHONDRIAL NEUROGASTROINTESTINAL ENCEPHALOPATHY)%PATHWHIZ%PW000190	MNGIE (MITOCHONDRIAL NEUROGASTROINTESTINAL ENCEPHALOPATHY)%PATHWHIZ%PW000190		23	0.40693694	1.0611188	0.3916084	1.0	1.0	6848	tags=39%, list=28%, signal=54%	
HALLMARK_COAGULATION%MSIGDBHALLMARK%HALLMARK_COAGULATION	HALLMARK_COAGULATION%MSIGDBHALLMARK%HALLMARK_COAGULATION		104	0.3171882	1.0611153	0.35524797	1.0	1.0	8854	tags=49%, list=36%, signal=76%	
FAMILIAL HYPERLIPIDEMIA TYPE 4%WIKIPATHWAYS_20260211%WP5111%HOMO SAPIENS	FAMILIAL HYPERLIPIDEMIA TYPE 4%WIKIPATHWAYS_20260211%WP5111%HOMO SAPIENS		18	0.42471957	1.0609593	0.3922414	1.0	1.0	5040	tags=39%, list=21%, signal=49%	
REGULATION OF GOLGI ORGANIZATION%GOBP%GO:1903358	REGULATION OF GOLGI ORGANIZATION%GOBP%GO:1903358		16	0.443415	1.060649	0.40828404	1.0	1.0	6517	tags=50%, list=27%, signal=68%	
AXON GUIDANCE MEDIATED BY NETRIN%PANTHER PATHWAY%P00009	AXON GUIDANCE MEDIATED BY NETRIN%PANTHER PATHWAY%P00009		30	0.3813768	1.0605397	0.3815261	1.0	1.0	7973	tags=40%, list=33%, signal=59%	
POSITIVE REGULATION OF MUSCLE CELL DIFFERENTIATION%GOBP%GO:0051149	POSITIVE REGULATION OF MUSCLE CELL DIFFERENTIATION%GOBP%GO:0051149		47	0.35418686	1.0605247	0.37855297	1.0	1.0	5087	tags=32%, list=21%, signal=40%	
SEMAPHORIN INTERACTIONS%REACTOME%R-HSA-373755.3	SEMAPHORIN INTERACTIONS%REACTOME%R-HSA-373755.3		64	0.33995515	1.0603683	0.36868685	1.0	1.0	7624	tags=44%, list=31%, signal=63%	
POSITIVE REGULATION OF PLASMA MEMBRANE BOUNDED CELL PROJECTION ASSEMBLY%GOBP%GO:0120034	POSITIVE REGULATION OF PLASMA MEMBRANE BOUNDED CELL PROJECTION ASSEMBLY%GOBP%GO:0120034		101	0.3139439	1.0601351	0.346651	1.0	1.0	6452	tags=33%, list=26%, signal=44%	
REGULATION OF NITRIC OXIDE METABOLIC PROCESS%GOBP%GO:0080164	REGULATION OF NITRIC OXIDE METABOLIC PROCESS%GOBP%GO:0080164		44	0.35338783	1.0601189	0.39107612	1.0	1.0	7216	tags=43%, list=29%, signal=61%	
NICOTINATE METABOLISM%REACTOME%R-HSA-196807.8	NICOTINATE METABOLISM%REACTOME%R-HSA-196807.8		29	0.38629493	1.0601176	0.37619698	1.0	1.0	3379	tags=21%, list=14%, signal=24%	
GLYCEROL METABOLISM INCLUDING LINKED IMDS%WIKIPATHWAYS_20260211%WP5570%HOMO SAPIENS	GLYCEROL METABOLISM INCLUDING LINKED IMDS%WIKIPATHWAYS_20260211%WP5570%HOMO SAPIENS		19	0.41767263	1.060048	0.39772728	1.0	1.0	8551	tags=58%, list=35%, signal=89%	
BETA-UREIDOPROPIONASE DEFICIENCY%PATHWHIZ%PW000187	BETA-UREIDOPROPIONASE DEFICIENCY%PATHWHIZ%PW000187		23	0.40693694	1.0600169	0.39477304	1.0	1.0	6848	tags=39%, list=28%, signal=54%	
LOVASTATIN ACTION PATHWAY%SMPDB%SMP0000099	LOVASTATIN ACTION PATHWAY%SMPDB%SMP0000099		21	0.40831438	1.059956	0.4029197	1.0	1.0	8391	tags=43%, list=34%, signal=65%	
PURINE RIBONUCLEOTIDE TRANSPORT%GOBP%GO:0015868	PURINE RIBONUCLEOTIDE TRANSPORT%GOBP%GO:0015868		30	0.3903406	1.0599015	0.37086093	1.0	1.0	5197	tags=37%, list=21%, signal=46%	
ETHER LIPID BIOSYNTHESIS%WIKIPATHWAYS_20260211%WP5275%HOMO SAPIENS	ETHER LIPID BIOSYNTHESIS%WIKIPATHWAYS_20260211%WP5275%HOMO SAPIENS		18	0.42527792	1.0598644	0.3773314	1.0	1.0	7183	tags=44%, list=29%, signal=63%	
RETINOL METABOLISM%WIKIPATHWAYS_20260211%WP5188%HOMO SAPIENS	RETINOL METABOLISM%WIKIPATHWAYS_20260211%WP5188%HOMO SAPIENS		15	0.448419	1.0598459	0.38904494	1.0	1.0	8618	tags=60%, list=35%, signal=93%	
CELL CYCLE DNA REPLICATION%GOBP%GO:0044786	CELL CYCLE DNA REPLICATION%GOBP%GO:0044786		21	0.42164275	1.0596718	0.39488637	1.0	1.0	5050	tags=38%, list=21%, signal=48%	
REGULATION OF INNATE IMMUNE RESPONSES TO CYTOSOLIC DNA%REACTOME DATABASE ID RELEASE 95%3134975	REGULATION OF INNATE IMMUNE RESPONSES TO CYTOSOLIC DNA%REACTOME DATABASE ID RELEASE 95%3134975		15	0.44831902	1.0596426	0.42005813	1.0	1.0	4214	tags=40%, list=17%, signal=48%	
SIGNALING BY RAF1 MUTANTS%REACTOME%R-HSA-9656223.2	SIGNALING BY RAF1 MUTANTS%REACTOME%R-HSA-9656223.2		38	0.37048197	1.0595963	0.38911563	1.0	1.0	8854	tags=45%, list=36%, signal=70%	
REGULATION OF GLYCOPROTEIN METABOLIC PROCESS%GOBP%GO:1903018	REGULATION OF GLYCOPROTEIN METABOLIC PROCESS%GOBP%GO:1903018		36	0.36919716	1.0592264	0.39101717	1.0	1.0	7096	tags=47%, list=29%, signal=66%	
CYTOSOLIC SENSORS OF PATHOGEN-ASSOCIATED DNA%REACTOME DATABASE ID RELEASE 95%1834949	CYTOSOLIC SENSORS OF PATHOGEN-ASSOCIATED DNA%REACTOME DATABASE ID RELEASE 95%1834949		64	0.33639437	1.0590664	0.37931034	1.0	1.0	4634	tags=25%, list=19%, signal=31%	
REGULATION OF TYPE I INTERFERON PRODUCTION%GOBP%GO:0032479	REGULATION OF TYPE I INTERFERON PRODUCTION%GOBP%GO:0032479		122	0.30758682	1.0590634	0.3626126	1.0	1.0	4748	tags=25%, list=19%, signal=30%	
MITOPHAGY%REACTOME DATABASE ID RELEASE 95%5205647	MITOPHAGY%REACTOME DATABASE ID RELEASE 95%5205647		37	0.3734954	1.0589826	0.37549406	1.0	1.0	5148	tags=32%, list=21%, signal=41%	
FC RECEPTOR MEDIATED STIMULATORY SIGNALING PATHWAY%GOBP%GO:0002431	FC RECEPTOR MEDIATED STIMULATORY SIGNALING PATHWAY%GOBP%GO:0002431		25	0.39761078	1.0589372	0.36617842	1.0	1.0	6280	tags=32%, list=26%, signal=43%	
ESTABLISHMENT OF VESICLE LOCALIZATION%GOBP%GO:0051650	ESTABLISHMENT OF VESICLE LOCALIZATION%GOBP%GO:0051650		151	0.30603573	1.0589292	0.34035477	1.0	1.0	7499	tags=40%, list=31%, signal=58%	
LKB1 SIGNALING EVENTS%PATHWAY INTERACTION DATABASE NCI-NATURE CURATED DATA%LKB1 SIGNALING EVENTS	LKB1 SIGNALING EVENTS%PATHWAY INTERACTION DATABASE NCI-NATURE CURATED DATA%LKB1 SIGNALING EVENTS		43	0.35614735	1.0589094	0.35225806	1.0	1.0	6817	tags=37%, list=28%, signal=51%	
NEUROTRANSMITTER SECRETION%GOBP%GO:0007269	NEUROTRANSMITTER SECRETION%GOBP%GO:0007269		67	0.33673552	1.0586916	0.38376385	1.0	1.0	8652	tags=46%, list=35%, signal=71%	
REGULATION OF MEMBRANE DEPOLARIZATION%GOBP%GO:0003254	REGULATION OF MEMBRANE DEPOLARIZATION%GOBP%GO:0003254		36	0.36919564	1.0586303	0.39183673	1.0	1.0	7163	tags=36%, list=29%, signal=51%	
POSITIVE REGULATION OF NERVOUS SYSTEM DEVELOPMENT%GOBP%GO:0051962	POSITIVE REGULATION OF NERVOUS SYSTEM DEVELOPMENT%GOBP%GO:0051962		150	0.30384544	1.0585616	0.33888888	1.0	1.0	5480	tags=26%, list=22%, signal=33%	
SNRNP ASSEMBLY%REACTOME DATABASE ID RELEASE 95%191859	SNRNP ASSEMBLY%REACTOME DATABASE ID RELEASE 95%191859		49	0.34926537	1.0585308	0.3811944	1.0	1.0	6347	tags=31%, list=26%, signal=41%	
NEP NS2 INTERACTS WITH THE CELLULAR EXPORT MACHINERY%REACTOME DATABASE ID RELEASE 95%168333	NEP NS2 INTERACTS WITH THE CELLULAR EXPORT MACHINERY%REACTOME DATABASE ID RELEASE 95%168333		29	0.38810202	1.0583887	0.39757413	1.0	1.0	6347	tags=34%, list=26%, signal=46%	
FC-GAMMA RECEPTOR SIGNALING PATHWAY INVOLVED IN PHAGOCYTOSIS%GOBP%GO:0038096	FC-GAMMA RECEPTOR SIGNALING PATHWAY INVOLVED IN PHAGOCYTOSIS%GOBP%GO:0038096		23	0.40296558	1.0583366	0.39755768	1.0	1.0	8611	tags=43%, list=35%, signal=67%	
NECTIN ADHESION PATHWAY%PATHWAY INTERACTION DATABASE NCI-NATURE CURATED DATA%NECTIN ADHESION PATHWAY	NECTIN ADHESION PATHWAY%PATHWAY INTERACTION DATABASE NCI-NATURE CURATED DATA%NECTIN ADHESION PATHWAY		30	0.3871405	1.0582497	0.39648172	1.0	1.0	7426	tags=40%, list=30%, signal=57%	
CCR1%IOB%CCR1	CCR1%IOB%CCR1		23	0.40479115	1.0580453	0.3772049	1.0	1.0	5422	tags=35%, list=22%, signal=45%	
SPERMATID DEVELOPMENT%GOBP%GO:0007286	SPERMATID DEVELOPMENT%GOBP%GO:0007286		167	0.30248284	1.0576066	0.3576881	1.0	1.0	4659	tags=23%, list=19%, signal=28%	
SMITH-LEMLI-OPITZ SYNDROME (SLOS)%PATHWHIZ%PW000095	SMITH-LEMLI-OPITZ SYNDROME (SLOS)%PATHWHIZ%PW000095		21	0.40831438	1.0575846	0.38395417	1.0	1.0	8391	tags=43%, list=34%, signal=65%	
SUPERPATHWAY OF INOSITOL PHOSPHATE COMPOUNDS%BIOCYC%PWY-6371	SUPERPATHWAY OF INOSITOL PHOSPHATE COMPOUNDS%BIOCYC%PWY-6371		68	0.3347451	1.0575615	0.38678092	1.0	1.0	4592	tags=21%, list=19%, signal=25%	
PRAVASTATIN ACTION PATHWAY%SMPDB%SMP0000089	PRAVASTATIN ACTION PATHWAY%SMPDB%SMP0000089		21	0.40831438	1.057547	0.38751814	1.0	1.0	8391	tags=43%, list=34%, signal=65%	
SIGNALING BY ERYTHROPOIETIN%REACTOME DATABASE ID RELEASE 95%9006335	SIGNALING BY ERYTHROPOIETIN%REACTOME DATABASE ID RELEASE 95%9006335		23	0.4077357	1.0575461	0.3934871	1.0	1.0	5555	tags=26%, list=23%, signal=34%	
REGULATION OF ALCOHOL BIOSYNTHETIC PROCESS%GOBP%GO:1902930	REGULATION OF ALCOHOL BIOSYNTHETIC PROCESS%GOBP%GO:1902930		40	0.36546883	1.0571615	0.37333333	1.0	1.0	5737	tags=30%, list=23%, signal=39%	
EXCITATORY POSTSYNAPTIC POTENTIAL%GOBP%GO:0060079	EXCITATORY POSTSYNAPTIC POTENTIAL%GOBP%GO:0060079		21	0.41127622	1.0570706	0.37285715	1.0	1.0	4727	tags=33%, list=19%, signal=41%	
STEROID HORMONE RECEPTOR SIGNALING PATHWAY%GOBP%GO:0043401	STEROID HORMONE RECEPTOR SIGNALING PATHWAY%GOBP%GO:0043401		52	0.34921384	1.05676	0.37890625	1.0	1.0	5387	tags=25%, list=22%, signal=32%	
COMPLEMENT ACTIVATION%GOBP%GO:0006956	COMPLEMENT ACTIVATION%GOBP%GO:0006956		45	0.3586307	1.0566849	0.3960265	1.0	1.0	6942	tags=44%, list=28%, signal=62%	
JOUBERT SYNDROME%WIKIPATHWAYS_20260211%WP4656%HOMO SAPIENS	JOUBERT SYNDROME%WIKIPATHWAYS_20260211%WP4656%HOMO SAPIENS		64	0.3340943	1.0565047	0.3478261	1.0	1.0	4767	tags=20%, list=19%, signal=25%	
L-GLUTAMATE IMPORT%GOBP%GO:0051938	L-GLUTAMATE IMPORT%GOBP%GO:0051938		17	0.43318447	1.0562458	0.40263543	1.0	1.0	8991	tags=59%, list=37%, signal=93%	
THERMOGENESIS%WIKIPATHWAYS_20260211%WP4321%HOMO SAPIENS	THERMOGENESIS%WIKIPATHWAYS_20260211%WP4321%HOMO SAPIENS		92	0.32078493	1.0561849	0.36860466	1.0	1.0	4987	tags=26%, list=20%, signal=33%	
RISEDRONATE ACTION PATHWAY%PATHWHIZ%PW000272	RISEDRONATE ACTION PATHWAY%PATHWHIZ%PW000272		21	0.40831438	1.0561208	0.4039548	1.0	1.0	8391	tags=43%, list=34%, signal=65%	
REGULATION OF INTERLEUKIN-1 BETA PRODUCTION%GOBP%GO:0032651	REGULATION OF INTERLEUKIN-1 BETA PRODUCTION%GOBP%GO:0032651		83	0.32581675	1.0559989	0.36464772	1.0	1.0	3555	tags=20%, list=15%, signal=24%	
CALCIUM ION TRANSPORT%GOBP%GO:0006816	CALCIUM ION TRANSPORT%GOBP%GO:0006816		195	0.29608738	1.055704	0.3482906	1.0	1.0	7329	tags=38%, list=30%, signal=54%	
NON-CODING RNA METABOLISM%REACTOME DATABASE ID RELEASE 95%194441	NON-CODING RNA METABOLISM%REACTOME DATABASE ID RELEASE 95%194441		49	0.34926537	1.0556933	0.36793694	1.0	1.0	6347	tags=31%, list=26%, signal=41%	
POSITIVE REGULATION OF MITOPHAGY%GOBP%GO:1901526	POSITIVE REGULATION OF MITOPHAGY%GOBP%GO:1901526		20	0.4268606	1.055505	0.4017341	1.0	1.0	2249	tags=20%, list=9%, signal=22%	
REGULATION OF ISOTYPE SWITCHING%GOBP%GO:0045191	REGULATION OF ISOTYPE SWITCHING%GOBP%GO:0045191		20	0.41594362	1.0551703	0.38957477	1.0	1.0	4749	tags=35%, list=19%, signal=43%	
SIGNALING EVENTS MEDIATED BY HDAC CLASS I%PATHWAY INTERACTION DATABASE NCI-NATURE CURATED DATA%SIGNALING EVENTS MEDIATED BY HDAC CLASS I	SIGNALING EVENTS MEDIATED BY HDAC CLASS I%PATHWAY INTERACTION DATABASE NCI-NATURE CURATED DATA%SIGNALING EVENTS MEDIATED BY HDAC CLASS I		66	0.33297768	1.0549464	0.38451776	1.0	1.0	3986	tags=24%, list=16%, signal=29%	
STRESS-ACTIVATED MAPK CASCADE%GOBP%GO:0051403	STRESS-ACTIVATED MAPK CASCADE%GOBP%GO:0051403		15	0.44461083	1.0547807	0.3814433	1.0	1.0	6517	tags=33%, list=27%, signal=45%	
POSITIVE REGULATION OF G2/M TRANSITION OF MITOTIC CELL CYCLE%GOBP%GO:0010971	POSITIVE REGULATION OF G2/M TRANSITION OF MITOTIC CELL CYCLE%GOBP%GO:0010971		21	0.41515103	1.0545963	0.4124294	1.0	1.0	7765	tags=43%, list=32%, signal=63%	
INTEGRIN SIGNALLING PATHWAY%PANTHER PATHWAY%P00034	INTEGRIN SIGNALLING PATHWAY%PANTHER PATHWAY%P00034		165	0.29693484	1.0545195	0.3608361	1.0	1.0	3789	tags=18%, list=15%, signal=21%	
HYPERCHOLESTEROLEMIA%PATHWHIZ%PW000221	HYPERCHOLESTEROLEMIA%PATHWHIZ%PW000221		21	0.40831438	1.0545185	0.4013986	1.0	1.0	8391	tags=43%, list=34%, signal=65%	
REGULATION OF SYSTEMIC ARTERIAL BLOOD PRESSURE BY HORMONE%GOBP%GO:0001990	REGULATION OF SYSTEMIC ARTERIAL BLOOD PRESSURE BY HORMONE%GOBP%GO:0001990		26	0.3917202	1.0544378	0.39295393	1.0	1.0	6689	tags=38%, list=27%, signal=53%	
PROTEIN-PROTEIN INTERACTIONS AT SYNAPSES%REACTOME%R-HSA-6794362.6	PROTEIN-PROTEIN INTERACTIONS AT SYNAPSES%REACTOME%R-HSA-6794362.6		87	0.32322088	1.0543761	0.37665462	1.0	1.0	5084	tags=28%, list=21%, signal=35%	
CERIVASTATIN ACTION PATHWAY%PATHWHIZ%PW000271	CERIVASTATIN ACTION PATHWAY%PATHWHIZ%PW000271		21	0.40831438	1.0542548	0.39142856	1.0	1.0	8391	tags=43%, list=34%, signal=65%	
REGULATORY NCRNA-MEDIATED HETEROCHROMATIN FORMATION%GOBP%GO:0031048	REGULATORY NCRNA-MEDIATED HETEROCHROMATIN FORMATION%GOBP%GO:0031048		21	0.40833363	1.0542333	0.41322315	1.0	1.0	7645	tags=48%, list=31%, signal=69%	
POSITIVE REGULATION OF GRANULOCYTE CHEMOTAXIS%GOBP%GO:0071624	POSITIVE REGULATION OF GRANULOCYTE CHEMOTAXIS%GOBP%GO:0071624		22	0.4023279	1.0541866	0.38251367	1.0	1.0	8725	tags=55%, list=36%, signal=85%	
CELLULAR RESPONSE TO PROSTAGLANDIN STIMULUS%GOBP%GO:0071379	CELLULAR RESPONSE TO PROSTAGLANDIN STIMULUS%GOBP%GO:0071379		16	0.43288088	1.0541316	0.3986014	1.0	1.0	5918	tags=38%, list=24%, signal=49%	
POSITIVE REGULATION OF LYMPHOCYTE MEDIATED IMMUNITY%GOBP%GO:0002708	POSITIVE REGULATION OF LYMPHOCYTE MEDIATED IMMUNITY%GOBP%GO:0002708		98	0.31373015	1.0533981	0.38078293	1.0	1.0	8606	tags=43%, list=35%, signal=66%	
SIGNAL RELEASE FROM SYNAPSE%GOBP%GO:0099643	SIGNAL RELEASE FROM SYNAPSE%GOBP%GO:0099643		67	0.33673552	1.0533469	0.37965262	1.0	1.0	8652	tags=46%, list=35%, signal=71%	
INITIATION OF NUCLEAR ENVELOPE (NE) REFORMATION%REACTOME DATABASE ID RELEASE 95%2995383	INITIATION OF NUCLEAR ENVELOPE (NE) REFORMATION%REACTOME DATABASE ID RELEASE 95%2995383		16	0.43252462	1.0525802	0.4011544	1.0	1.0	7041	tags=44%, list=29%, signal=61%	
COAGULATION%GOBP%GO:0050817	COAGULATION%GOBP%GO:0050817		134	0.30397156	1.052373	0.3652968	1.0	1.0	9176	tags=50%, list=37%, signal=80%	
MEIOTIC SYNAPSIS%REACTOME%R-HSA-1221632.3	MEIOTIC SYNAPSIS%REACTOME%R-HSA-1221632.3		56	0.33928424	1.0521034	0.3855569	1.0	1.0	5912	tags=30%, list=24%, signal=40%	
MITOCHONDRIAL DNA METABOLIC PROCESS%GOBP%GO:0032042	MITOCHONDRIAL DNA METABOLIC PROCESS%GOBP%GO:0032042		15	0.43937573	1.0520455	0.4002976	1.0	1.0	8509	tags=40%, list=35%, signal=61%	
REGULATION OF INTERLEUKIN-1 PRODUCTION%GOBP%GO:0032652	REGULATION OF INTERLEUKIN-1 PRODUCTION%GOBP%GO:0032652		95	0.31910092	1.0519569	0.39383155	1.0	1.0	7997	tags=38%, list=33%, signal=56%	
ALPHA9 BETA1 INTEGRIN SIGNALING EVENTS%PATHWAY INTERACTION DATABASE NCI-NATURE CURATED DATA%ALPHA9 BETA1 INTEGRIN SIGNALING EVENTS	ALPHA9 BETA1 INTEGRIN SIGNALING EVENTS%PATHWAY INTERACTION DATABASE NCI-NATURE CURATED DATA%ALPHA9 BETA1 INTEGRIN SIGNALING EVENTS		25	0.3991169	1.0519437	0.39148352	1.0	1.0	7216	tags=40%, list=29%, signal=57%	
ZOLEDRONATE ACTION PATHWAY%PATHWHIZ%PW000270	ZOLEDRONATE ACTION PATHWAY%PATHWHIZ%PW000270		21	0.40831438	1.0518134	0.40308988	1.0	1.0	8391	tags=43%, list=34%, signal=65%	
VLDLR INTERNALISATION AND DEGRADATION%REACTOME DATABASE ID RELEASE 95%8866427	VLDLR INTERNALISATION AND DEGRADATION%REACTOME DATABASE ID RELEASE 95%8866427		16	0.4316848	1.051292	0.4234621	1.0	1.0	3215	tags=31%, list=13%, signal=36%	
LIDOCAINE (ANTIARRHYTHMIC) ACTION PATHWAY%PATHWHIZ%PW000381	LIDOCAINE (ANTIARRHYTHMIC) ACTION PATHWAY%PATHWHIZ%PW000381		49	0.35202086	1.0512339	0.39591315	1.0	1.0	8452	tags=47%, list=35%, signal=72%	
LUPUS THERAPIES%WIKIPATHWAYS_20260211%WP5560%HOMO SAPIENS	LUPUS THERAPIES%WIKIPATHWAYS_20260211%WP5560%HOMO SAPIENS		23	0.4073669	1.050917	0.40320233	1.0	1.0	7946	tags=35%, list=32%, signal=51%	
HIPPOCAMPAL SYNAPTOGENESIS AND NEUROGENESIS%WIKIPATHWAYS_20260211%WP5231%HOMO SAPIENS	HIPPOCAMPAL SYNAPTOGENESIS AND NEUROGENESIS%WIKIPATHWAYS_20260211%WP5231%HOMO SAPIENS		24	0.39952385	1.0508001	0.40766075	1.0	1.0	3171	tags=17%, list=13%, signal=19%	
L-GLUTAMATE TRANSMEMBRANE TRANSPORT%GOBP%GO:0015813	L-GLUTAMATE TRANSMEMBRANE TRANSPORT%GOBP%GO:0015813		16	0.43319947	1.050286	0.42225394	1.0	1.0	8991	tags=63%, list=37%, signal=99%	
REGULATION OF PHOSPHOLIPID METABOLIC PROCESS%GOBP%GO:1903725	REGULATION OF PHOSPHOLIPID METABOLIC PROCESS%GOBP%GO:1903725		26	0.39292094	1.0501959	0.39724138	1.0	1.0	7347	tags=50%, list=30%, signal=71%	
COLUMNAR/CUBOIDAL EPITHELIAL CELL DIFFERENTIATION%GOBP%GO:0002065	COLUMNAR/CUBOIDAL EPITHELIAL CELL DIFFERENTIATION%GOBP%GO:0002065		37	0.36777598	1.0501918	0.39106902	1.0	1.0	9236	tags=46%, list=38%, signal=74%	
CELLULAR RESPONSE TO CADMIUM ION%GOBP%GO:0071276	CELLULAR RESPONSE TO CADMIUM ION%GOBP%GO:0071276		18	0.4262205	1.0501513	0.39280775	1.0	1.0	8493	tags=56%, list=35%, signal=85%	
NEGATIVE REGULATION OF WOUND HEALING%GOBP%GO:0061045	NEGATIVE REGULATION OF WOUND HEALING%GOBP%GO:0061045		57	0.33728856	1.0500615	0.38539043	1.0	1.0	7868	tags=39%, list=32%, signal=57%	
REGULATION OF REPRODUCTIVE PROCESS%GOBP%GO:2000241	REGULATION OF REPRODUCTIVE PROCESS%GOBP%GO:2000241		130	0.30479658	1.049957	0.40159273	1.0	1.0	3182	tags=17%, list=13%, signal=19%	
WOLMAN DISEASE%PATHWHIZ%PW000487	WOLMAN DISEASE%PATHWHIZ%PW000487		21	0.40831438	1.049927	0.39662448	1.0	1.0	8391	tags=43%, list=34%, signal=65%	
PKMTS METHYLATE HISTONE LYSINES%REACTOME DATABASE ID RELEASE 95%3214841	PKMTS METHYLATE HISTONE LYSINES%REACTOME DATABASE ID RELEASE 95%3214841		46	0.35242176	1.0497824	0.39429313	1.0	1.0	6479	tags=33%, list=26%, signal=44%	
SPINDLE ORGANIZATION%GOBP%GO:0007051	SPINDLE ORGANIZATION%GOBP%GO:0007051		149	0.30014235	1.0496366	0.37274775	1.0	1.0	6608	tags=26%, list=27%, signal=35%	
ATORVASTATIN ACTION PATHWAY%SMPDB%SMP0000131	ATORVASTATIN ACTION PATHWAY%SMPDB%SMP0000131		21	0.40831438	1.049152	0.41432583	1.0	1.0	8391	tags=43%, list=34%, signal=65%	
SIGNALING BY HIGH-KINASE ACTIVITY BRAF MUTANTS%REACTOME%R-HSA-6802948.2	SIGNALING BY HIGH-KINASE ACTIVITY BRAF MUTANTS%REACTOME%R-HSA-6802948.2		33	0.37014934	1.0491387	0.39866668	1.0	1.0	8960	tags=45%, list=37%, signal=72%	
REGULATION OF PROTEIN LOCALIZATION TO CELL SURFACE%GOBP%GO:2000008	REGULATION OF PROTEIN LOCALIZATION TO CELL SURFACE%GOBP%GO:2000008		33	0.37565055	1.0489693	0.4	1.0	1.0	6660	tags=33%, list=27%, signal=46%	
NEGATIVE REGULATION OF MACROPHAGE ACTIVATION%GOBP%GO:0043031	NEGATIVE REGULATION OF MACROPHAGE ACTIVATION%GOBP%GO:0043031		16	0.42711848	1.0488464	0.39321074	1.0	1.0	7833	tags=50%, list=32%, signal=73%	
COBALAMIN (CBL, VITAMIN B12) TRANSPORT AND METABOLISM%REACTOME DATABASE ID RELEASE 95%196741	COBALAMIN (CBL, VITAMIN B12) TRANSPORT AND METABOLISM%REACTOME DATABASE ID RELEASE 95%196741		22	0.40599424	1.0488079	0.40452617	1.0	1.0	5003	tags=32%, list=20%, signal=40%	
REGULATION OF DNA BIOSYNTHETIC PROCESS%GOBP%GO:2000278	REGULATION OF DNA BIOSYNTHETIC PROCESS%GOBP%GO:2000278		71	0.3284745	1.0487022	0.38199514	1.0	1.0	4396	tags=23%, list=18%, signal=27%	
NEGATIVE REGULATION OF REGULATED SECRETORY PATHWAY%GOBP%GO:1903306	NEGATIVE REGULATION OF REGULATED SECRETORY PATHWAY%GOBP%GO:1903306		18	0.4293043	1.0486221	0.40422535	1.0	1.0	1534	tags=17%, list=6%, signal=18%	
TCR%NETPATH%TCR	TCR%NETPATH%TCR		184	0.29552472	1.0483617	0.38197425	1.0	1.0	6660	tags=31%, list=27%, signal=42%	
MICRORNA (MIRNA) BIOGENESIS%REACTOME%R-HSA-203927.5	MICRORNA (MIRNA) BIOGENESIS%REACTOME%R-HSA-203927.5		24	0.3987511	1.0481154	0.41404012	1.0	1.0	3512	tags=21%, list=14%, signal=24%	
LEPTIN SIGNALING%WIKIPATHWAYS_20260211%WP2034%HOMO SAPIENS	LEPTIN SIGNALING%WIKIPATHWAYS_20260211%WP2034%HOMO SAPIENS		64	0.32999086	1.0477908	0.38153097	1.0	1.0	7593	tags=33%, list=31%, signal=47%	
ADRENALINE,NORADRENALINE INHIBITS INSULIN SECRETION%REACTOME%R-HSA-400042.7	ADRENALINE,NORADRENALINE INHIBITS INSULIN SECRETION%REACTOME%R-HSA-400042.7		28	0.38706037	1.04765	0.39175257	1.0	1.0	4367	tags=29%, list=18%, signal=35%	
AROMATIC AMINO ACID FAMILY CATABOLIC PROCESS%GOBP%GO:0009074	AROMATIC AMINO ACID FAMILY CATABOLIC PROCESS%GOBP%GO:0009074		19	0.42003313	1.0475361	0.4181818	1.0	1.0	7809	tags=53%, list=32%, signal=77%	
HYPER-IGD SYNDROME%SMPDB%SMP0000509	HYPER-IGD SYNDROME%SMPDB%SMP0000509		21	0.40831438	1.0475291	0.41167882	1.0	1.0	8391	tags=43%, list=34%, signal=65%	
PAMIDRONATE ACTION PATHWAY%PATHWHIZ%PW000273	PAMIDRONATE ACTION PATHWAY%PATHWHIZ%PW000273		21	0.40831438	1.0471618	0.3994528	1.0	1.0	8391	tags=43%, list=34%, signal=65%	
SENSORY PERCEPTION OF SWEET, BITTER, AND UMAMI (GLUTAMATE) TASTE%REACTOME%R-HSA-9717207.2	SENSORY PERCEPTION OF SWEET, BITTER, AND UMAMI (GLUTAMATE) TASTE%REACTOME%R-HSA-9717207.2		41	0.3550029	1.0469993	0.38671875	1.0	1.0	5314	tags=27%, list=22%, signal=34%	
PID_IL4_2PATHWAY%MSIGDB_C2%PID_IL4_2PATHWAY	PID_IL4_2PATHWAY%MSIGDB_C2%PID_IL4_2PATHWAY		52	0.33923262	1.046911	0.3942428	1.0	1.0	8854	tags=42%, list=36%, signal=66%	
POSITIVE REGULATION OF CELL CYCLE PHASE TRANSITION%GOBP%GO:1901989	POSITIVE REGULATION OF CELL CYCLE PHASE TRANSITION%GOBP%GO:1901989		84	0.31574693	1.0468247	0.37799042	1.0	1.0	5863	tags=26%, list=24%, signal=34%	
PROTEIN LOCALIZATION TO SYNAPSE%GOBP%GO:0035418	PROTEIN LOCALIZATION TO SYNAPSE%GOBP%GO:0035418		38	0.35998344	1.0467678	0.3828125	1.0	1.0	4153	tags=24%, list=17%, signal=28%	
PID_IGF1_PATHWAY%MSIGDB_C2%PID_IGF1_PATHWAY	PID_IGF1_PATHWAY%MSIGDB_C2%PID_IGF1_PATHWAY		22	0.4015776	1.0466129	0.4081921	1.0	1.0	5555	tags=32%, list=23%, signal=41%	
PROTEOGLYCAN METABOLIC PROCESS%GOBP%GO:0006029	PROTEOGLYCAN METABOLIC PROCESS%GOBP%GO:0006029		93	0.31894636	1.0464919	0.38763377	1.0	1.0	4910	tags=25%, list=20%, signal=31%	
SIMVASTATIN ACTION PATHWAY%PATHWHIZ%PW000127	SIMVASTATIN ACTION PATHWAY%PATHWHIZ%PW000127		21	0.40831438	1.0464274	0.4224751	1.0	1.0	8391	tags=43%, list=34%, signal=65%	
MEVALONIC ACIDURIA%SMPDB%SMP0000510	MEVALONIC ACIDURIA%SMPDB%SMP0000510		21	0.40831438	1.0463692	0.40416667	1.0	1.0	8391	tags=43%, list=34%, signal=65%	
RAS PROTEIN SIGNAL TRANSDUCTION%GOBP%GO:0007265	RAS PROTEIN SIGNAL TRANSDUCTION%GOBP%GO:0007265		66	0.32806286	1.0462084	0.38265306	1.0	1.0	5948	tags=35%, list=24%, signal=46%	
REGULATION OF ADAPTIVE IMMUNE RESPONSE%GOBP%GO:0002819	REGULATION OF ADAPTIVE IMMUNE RESPONSE%GOBP%GO:0002819		173	0.29767865	1.0456591	0.37692308	1.0	1.0	8606	tags=43%, list=35%, signal=65%	
DAG1 GLYCOSYLATIONS%REACTOME DATABASE ID RELEASE 95%8931838	DAG1 GLYCOSYLATIONS%REACTOME DATABASE ID RELEASE 95%8931838		18	0.42240864	1.0454295	0.4226361	1.0	1.0	8929	tags=56%, list=36%, signal=87%	
MESODERMAL COMMITMENT PATHWAY%WIKIPATHWAYS_20260211%WP2857%HOMO SAPIENS	MESODERMAL COMMITMENT PATHWAY%WIKIPATHWAYS_20260211%WP2857%HOMO SAPIENS		122	0.30711943	1.0452794	0.38373426	1.0	1.0	6498	tags=30%, list=27%, signal=41%	
POSITIVE REGULATION OF ENDOTHELIAL CELL CHEMOTAXIS%GOBP%GO:2001028	POSITIVE REGULATION OF ENDOTHELIAL CELL CHEMOTAXIS%GOBP%GO:2001028		15	0.43721426	1.0449345	0.4057971	1.0	1.0	3955	tags=27%, list=16%, signal=32%	
RNA POLYMERASE II TRANSCRIBES SNRNA GENES%REACTOME%R-HSA-6807505.4	RNA POLYMERASE II TRANSCRIBES SNRNA GENES%REACTOME%R-HSA-6807505.4		74	0.32846218	1.0448164	0.39251208	1.0	1.0	3949	tags=23%, list=16%, signal=27%	
3-PHOSPHOINOSITIDE BIOSYNTHESIS%BIOCYC%PWY-6352	3-PHOSPHOINOSITIDE BIOSYNTHESIS%BIOCYC%PWY-6352		27	0.39060333	1.0447879	0.42517483	1.0	1.0	4592	tags=22%, list=19%, signal=27%	
SOMATIC DIVERSIFICATION OF IMMUNOGLOBULINS INVOLVED IN IMMUNE RESPONSE%GOBP%GO:0002208	SOMATIC DIVERSIFICATION OF IMMUNOGLOBULINS INVOLVED IN IMMUNE RESPONSE%GOBP%GO:0002208		17	0.4260265	1.044697	0.41267607	1.0	1.0	7081	tags=47%, list=29%, signal=66%	
KERATAN SULFATE KERATIN METABOLISM%REACTOME%R-HSA-1638074.4	KERATAN SULFATE KERATIN METABOLISM%REACTOME%R-HSA-1638074.4		37	0.36150095	1.0444701	0.39228722	1.0	1.0	5132	tags=32%, list=21%, signal=41%	
TRANSPOSABLE ELEMENT SILENCING BY HETEROCHROMATIN FORMATION%GOBP%GO:0141005	TRANSPOSABLE ELEMENT SILENCING BY HETEROCHROMATIN FORMATION%GOBP%GO:0141005		21	0.40931395	1.0444589	0.38342696	1.0	1.0	3383	tags=24%, list=14%, signal=28%	
NEGATIVE REGULATION OF LIPID STORAGE%GOBP%GO:0010888	NEGATIVE REGULATION OF LIPID STORAGE%GOBP%GO:0010888		17	0.43216926	1.0442847	0.4112426	1.0	1.0	5540	tags=35%, list=23%, signal=46%	
CHILD SYNDROME%PATHWHIZ%PW000096	CHILD SYNDROME%PATHWHIZ%PW000096		21	0.40831438	1.0442845	0.4178082	1.0	1.0	8391	tags=43%, list=34%, signal=65%	
PLK1 SIGNALING EVENTS%PATHWAY INTERACTION DATABASE NCI-NATURE CURATED DATA%PLK1 SIGNALING EVENTS	PLK1 SIGNALING EVENTS%PATHWAY INTERACTION DATABASE NCI-NATURE CURATED DATA%PLK1 SIGNALING EVENTS		46	0.3480776	1.0441207	0.38589743	1.0	1.0	3575	tags=20%, list=15%, signal=23%	
POSITIVE REGULATION OF CHEMOKINE PRODUCTION%GOBP%GO:0032722	POSITIVE REGULATION OF CHEMOKINE PRODUCTION%GOBP%GO:0032722		53	0.34056717	1.0438025	0.3919793	1.0	1.0	7580	tags=43%, list=31%, signal=63%	
SEX DIFFERENTIATION%GOBP%GO:0007548	SEX DIFFERENTIATION%GOBP%GO:0007548		116	0.30849907	1.0436922	0.3824201	1.0	1.0	7347	tags=30%, list=30%, signal=43%	
KERATINOCYTE DIFFERENTIATION%GOBP%GO:0030216	KERATINOCYTE DIFFERENTIATION%GOBP%GO:0030216		77	0.32284912	1.0435314	0.38310894	1.0	1.0	6473	tags=31%, list=26%, signal=42%	
D-GLUCOSE TRANSMEMBRANE TRANSPORT%GOBP%GO:1904659	D-GLUCOSE TRANSMEMBRANE TRANSPORT%GOBP%GO:1904659		29	0.37931597	1.0434518	0.38501972	1.0	1.0	9140	tags=59%, list=37%, signal=93%	
ALENDRONATE ACTION PATHWAY%PATHWHIZ%PW000137	ALENDRONATE ACTION PATHWAY%PATHWHIZ%PW000137		21	0.40831438	1.0434437	0.41076487	1.0	1.0	8391	tags=43%, list=34%, signal=65%	
POSITIVE REGULATION OF LYMPHOCYTE DIFFERENTIATION%GOBP%GO:0045621	POSITIVE REGULATION OF LYMPHOCYTE DIFFERENTIATION%GOBP%GO:0045621		103	0.31244528	1.0432974	0.3782506	1.0	1.0	4702	tags=26%, list=19%, signal=32%	
REGULATION OF GLYCOPROTEIN BIOSYNTHETIC PROCESS%GOBP%GO:0010559	REGULATION OF GLYCOPROTEIN BIOSYNTHETIC PROCESS%GOBP%GO:0010559		31	0.38488206	1.0430018	0.41900936	1.0	1.0	7096	tags=48%, list=29%, signal=68%	
POSITIVE REGULATION OF CYTOKINE-MEDIATED SIGNALING PATHWAY%GOBP%GO:0001961	POSITIVE REGULATION OF CYTOKINE-MEDIATED SIGNALING PATHWAY%GOBP%GO:0001961		53	0.33969322	1.0429494	0.40470296	1.0	1.0	5904	tags=26%, list=24%, signal=35%	
FLUVASTATIN ACTION PATHWAY%PATHWHIZ%PW000274	FLUVASTATIN ACTION PATHWAY%PATHWHIZ%PW000274		21	0.40831438	1.0429178	0.4085282	1.0	1.0	8391	tags=43%, list=34%, signal=65%	
RESPONSE TO CHOLESTEROL%GOBP%GO:0070723	RESPONSE TO CHOLESTEROL%GOBP%GO:0070723		20	0.41234583	1.0428973	0.42196533	1.0	1.0	7602	tags=35%, list=31%, signal=51%	
EPHA FORWARD SIGNALING%PATHWAY INTERACTION DATABASE NCI-NATURE CURATED DATA%EPHA FORWARD SIGNALING	EPHA FORWARD SIGNALING%PATHWAY INTERACTION DATABASE NCI-NATURE CURATED DATA%EPHA FORWARD SIGNALING		33	0.37092593	1.0427326	0.38502672	1.0	1.0	6484	tags=33%, list=26%, signal=45%	
CENTRIOLE ASSEMBLY%GOBP%GO:0098534	CENTRIOLE ASSEMBLY%GOBP%GO:0098534		31	0.3832329	1.0427119	0.40866035	1.0	1.0	5987	tags=26%, list=24%, signal=34%	
REGULATION OF BONE MINERALIZATION%GOBP%GO:0030500	REGULATION OF BONE MINERALIZATION%GOBP%GO:0030500		64	0.32755524	1.0427008	0.40763548	1.0	1.0	3748	tags=25%, list=15%, signal=29%	
INTERLEUKIN-3, INTERLEUKIN-5 AND GM-CSF SIGNALING%REACTOME%R-HSA-512988.8	INTERLEUKIN-3, INTERLEUKIN-5 AND GM-CSF SIGNALING%REACTOME%R-HSA-512988.8		43	0.35161838	1.04218	0.40784314	1.0	1.0	6462	tags=35%, list=26%, signal=47%	
CHONDRODYSPLASIA PUNCTATA II, X-LINKED DOMINANT (CDPX2)%SMPDB%SMP0000388	CHONDRODYSPLASIA PUNCTATA II, X-LINKED DOMINANT (CDPX2)%SMPDB%SMP0000388		21	0.40831438	1.0418606	0.4122682	1.0	1.0	8391	tags=43%, list=34%, signal=65%	
T CELL MIGRATION%GOBP%GO:0072678	T CELL MIGRATION%GOBP%GO:0072678		25	0.38921332	1.0418243	0.40705562	1.0	1.0	4721	tags=36%, list=19%, signal=45%	
TYPE II INTERFERON SIGNALING%WIKIPATHWAYS_20260211%WP619%HOMO SAPIENS	TYPE II INTERFERON SIGNALING%WIKIPATHWAYS_20260211%WP619%HOMO SAPIENS		30	0.38044044	1.0417674	0.4131327	1.0	1.0	5794	tags=27%, list=24%, signal=35%	
GROWTH FACTORS AND HORMONES IN BETA CELL PROLIFERATION%WIKIPATHWAYS_20260211%WP5385%HOMO SAPIENS	GROWTH FACTORS AND HORMONES IN BETA CELL PROLIFERATION%WIKIPATHWAYS_20260211%WP5385%HOMO SAPIENS		21	0.40832588	1.0413958	0.4125178	1.0	1.0	8390	tags=57%, list=34%, signal=87%	
CYTOKINES AND INFLAMMATORY RESPONSE%WIKIPATHWAYS_20260211%WP530%HOMO SAPIENS	CYTOKINES AND INFLAMMATORY RESPONSE%WIKIPATHWAYS_20260211%WP530%HOMO SAPIENS		25	0.39104676	1.041385	0.41493776	1.0	1.0	6462	tags=28%, list=26%, signal=38%	
MYELOID LEUKOCYTE DIFFERENTIATION%GOBP%GO:0002573	MYELOID LEUKOCYTE DIFFERENTIATION%GOBP%GO:0002573		101	0.31185228	1.0413471	0.3986014	1.0	1.0	4810	tags=22%, list=20%, signal=27%	
RESPONSE TO INTERLEUKIN-6%GOBP%GO:0070741	RESPONSE TO INTERLEUKIN-6%GOBP%GO:0070741		28	0.38722146	1.0412216	0.41805556	1.0	1.0	7677	tags=43%, list=31%, signal=62%	
SIGNALING BY ALK%REACTOME DATABASE ID RELEASE 95%201556	SIGNALING BY ALK%REACTOME DATABASE ID RELEASE 95%201556		28	0.3809552	1.0411282	0.4262295	1.0	1.0	4592	tags=29%, list=19%, signal=35%	
FOXA2 AND FOXA3 TRANSCRIPTION FACTOR NETWORKS%PATHWAY INTERACTION DATABASE NCI-NATURE CURATED DATA%FOXA2 AND FOXA3 TRANSCRIPTION FACTOR NETWORKS	FOXA2 AND FOXA3 TRANSCRIPTION FACTOR NETWORKS%PATHWAY INTERACTION DATABASE NCI-NATURE CURATED DATA%FOXA2 AND FOXA3 TRANSCRIPTION FACTOR NETWORKS		44	0.35111713	1.0410976	0.38807946	1.0	1.0	8551	tags=45%, list=35%, signal=70%	
RESPONSE TO INTERFERON-BETA%GOBP%GO:0035456	RESPONSE TO INTERFERON-BETA%GOBP%GO:0035456		31	0.37055212	1.0410002	0.39597315	1.0	1.0	4925	tags=29%, list=20%, signal=36%	
FOCAL ADHESION%WIKIPATHWAYS_20260211%WP306%HOMO SAPIENS	FOCAL ADHESION%WIKIPATHWAYS_20260211%WP306%HOMO SAPIENS		156	0.29516974	1.0409566	0.39630836	1.0	1.0	7289	tags=31%, list=30%, signal=44%	
IMPAIRED BRCA2 BINDING TO PALB2%REACTOME DATABASE ID RELEASE 95%9709603	IMPAIRED BRCA2 BINDING TO PALB2%REACTOME DATABASE ID RELEASE 95%9709603		24	0.3883303	1.0407863	0.40544218	1.0	1.0	3455	tags=25%, list=14%, signal=29%	
REGULATION OF RNA SPLICING%GOBP%GO:0043484	REGULATION OF RNA SPLICING%GOBP%GO:0043484		186	0.29569986	1.0406926	0.38779956	1.0	1.0	5710	tags=26%, list=23%, signal=33%	
O-LINKED GLYCOSYLATION%REACTOME DATABASE ID RELEASE 95%5173105	O-LINKED GLYCOSYLATION%REACTOME DATABASE ID RELEASE 95%5173105		123	0.30857718	1.0406191	0.39038032	1.0	1.0	8092	tags=40%, list=33%, signal=59%	
ARTERY MORPHOGENESIS%GOBP%GO:0048844	ARTERY MORPHOGENESIS%GOBP%GO:0048844		39	0.3598082	1.0405903	0.425	1.0	1.0	3116	tags=21%, list=13%, signal=23%	
PYRIMIDINE-CONTAINING COMPOUND CATABOLIC PROCESS%GOBP%GO:0072529	PYRIMIDINE-CONTAINING COMPOUND CATABOLIC PROCESS%GOBP%GO:0072529		23	0.39569205	1.0405418	0.4048583	1.0	1.0	6699	tags=43%, list=27%, signal=60%	
IMMUNOGLOBULIN PRODUCTION INVOLVED IN IMMUNOGLOBULIN-MEDIATED IMMUNE RESPONSE%GOBP%GO:0002381	IMMUNOGLOBULIN PRODUCTION INVOLVED IN IMMUNOGLOBULIN-MEDIATED IMMUNE RESPONSE%GOBP%GO:0002381		17	0.4260265	1.0402536	0.41713482	1.0	1.0	7081	tags=47%, list=29%, signal=66%	
REGULATION OF SMOOTH MUSCLE CELL DIFFERENTIATION%GOBP%GO:0051150	REGULATION OF SMOOTH MUSCLE CELL DIFFERENTIATION%GOBP%GO:0051150		23	0.39781198	1.0402147	0.43265307	1.0	1.0	7292	tags=39%, list=30%, signal=56%	
CELLULAR RESPONSE TO AMINO ACID STIMULUS%GOBP%GO:0071230	CELLULAR RESPONSE TO AMINO ACID STIMULUS%GOBP%GO:0071230		40	0.35614234	1.0401344	0.4069149	1.0	1.0	3367	tags=23%, list=14%, signal=26%	
STRESS FIBER ASSEMBLY%GOBP%GO:0043149	STRESS FIBER ASSEMBLY%GOBP%GO:0043149		16	0.42660257	1.0400207	0.4234621	1.0	1.0	4231	tags=25%, list=17%, signal=30%	
HALLMARK_KRAS_SIGNALING_UP%MSIGDBHALLMARK%HALLMARK_KRAS_SIGNALING_UP	HALLMARK_KRAS_SIGNALING_UP%MSIGDBHALLMARK%HALLMARK_KRAS_SIGNALING_UP		161	0.2950359	1.0397103	0.3963964	1.0	1.0	7144	tags=32%, list=29%, signal=45%	
RAS PATHWAY%PANTHER PATHWAY%P04393	RAS PATHWAY%PANTHER PATHWAY%P04393		69	0.32935333	1.0395349	0.3912515	1.0	1.0	3768	tags=22%, list=15%, signal=26%	
GPI ANCHORED PROTEIN BIOSYNTHESIS%GOBP%GO:0180046	GPI ANCHORED PROTEIN BIOSYNTHESIS%GOBP%GO:0180046		30	0.3694824	1.039411	0.39811066	1.0	1.0	5745	tags=40%, list=23%, signal=52%	
CONTRACTILE ACTIN FILAMENT BUNDLE ASSEMBLY%GOBP%GO:0030038	CONTRACTILE ACTIN FILAMENT BUNDLE ASSEMBLY%GOBP%GO:0030038		16	0.42660257	1.0392957	0.4081042	1.0	1.0	4231	tags=25%, list=17%, signal=30%	
MITOCHONDRIAL COMPLEX IV ASSEMBLY%WIKIPATHWAYS_20260211%WP4922%HOMO SAPIENS	MITOCHONDRIAL COMPLEX IV ASSEMBLY%WIKIPATHWAYS_20260211%WP4922%HOMO SAPIENS		28	0.3786321	1.0390753	0.39643347	1.0	1.0	4394	tags=21%, list=18%, signal=26%	
POSITIVE REGULATION OF COLD-INDUCED THERMOGENESIS%GOBP%GO:0120162	POSITIVE REGULATION OF COLD-INDUCED THERMOGENESIS%GOBP%GO:0120162		102	0.31086046	1.0386122	0.3928994	1.0	1.0	7703	tags=39%, list=31%, signal=57%	
PRESYNAPTIC ENDOCYTOSIS%GOBP%GO:0140238	PRESYNAPTIC ENDOCYTOSIS%GOBP%GO:0140238		36	0.36022702	1.0386103	0.41731265	1.0	1.0	6508	tags=33%, list=27%, signal=45%	
CARVEDILOL ACTION PATHWAY%SMPDB%SMP0000367	CARVEDILOL ACTION PATHWAY%SMPDB%SMP0000367		48	0.34480187	1.0385733	0.4025974	1.0	1.0	8452	tags=46%, list=35%, signal=70%	
POSITIVE REGULATION OF CELL CYCLE G1/S PHASE TRANSITION%GOBP%GO:1902808	POSITIVE REGULATION OF CELL CYCLE G1/S PHASE TRANSITION%GOBP%GO:1902808		43	0.35320303	1.0385399	0.41338584	1.0	1.0	5669	tags=28%, list=23%, signal=36%	
RETINOID METABOLISM AND TRANSPORT%REACTOME%R-HSA-975634.4	RETINOID METABOLISM AND TRANSPORT%REACTOME%R-HSA-975634.4		44	0.35207906	1.0385371	0.39664084	1.0	1.0	8908	tags=55%, list=36%, signal=86%	
REGULATION OF INTERLEUKIN-6 PRODUCTION%GOBP%GO:0032675	REGULATION OF INTERLEUKIN-6 PRODUCTION%GOBP%GO:0032675		111	0.3071913	1.0382091	0.39537573	1.0	1.0	3648	tags=21%, list=15%, signal=24%	
PROTEOGLYCAN BIOSYNTHETIC PROCESS%GOBP%GO:0030166	PROTEOGLYCAN BIOSYNTHETIC PROCESS%GOBP%GO:0030166		72	0.3272309	1.038082	0.42857143	1.0	1.0	4910	tags=26%, list=20%, signal=33%	
CATABOLISM OF SKELETAL MUSCLE IN CACHEXIA%WIKIPATHWAYS_20260211%WP5474%HOMO SAPIENS	CATABOLISM OF SKELETAL MUSCLE IN CACHEXIA%WIKIPATHWAYS_20260211%WP5474%HOMO SAPIENS		34	0.3667589	1.0378369	0.41597795	1.0	1.0	5253	tags=24%, list=21%, signal=30%	
CARBOHYDRATE DERIVATIVE TRANSPORT%GOBP%GO:1901264	CARBOHYDRATE DERIVATIVE TRANSPORT%GOBP%GO:1901264		74	0.32298163	1.0378354	0.40274313	1.0	1.0	2821	tags=20%, list=12%, signal=23%	
INTRA-GOLGI TRAFFIC%REACTOME DATABASE ID RELEASE 95%6811438	INTRA-GOLGI TRAFFIC%REACTOME DATABASE ID RELEASE 95%6811438		44	0.35199812	1.0374709	0.41775456	1.0	1.0	4979	tags=34%, list=20%, signal=43%	
REGULATION OF T-HELPER 1 TYPE IMMUNE RESPONSE%GOBP%GO:0002825	REGULATION OF T-HELPER 1 TYPE IMMUNE RESPONSE%GOBP%GO:0002825		28	0.38483855	1.037337	0.42307693	1.0	1.0	7580	tags=39%, list=31%, signal=57%	
RUNX2 REGULATES BONE DEVELOPMENT%REACTOME DATABASE ID RELEASE 95%8941326	RUNX2 REGULATES BONE DEVELOPMENT%REACTOME DATABASE ID RELEASE 95%8941326		30	0.37523043	1.0373031	0.42054793	1.0	1.0	6517	tags=40%, list=27%, signal=54%	
T CELL DIFFERENTIATION%GOBP%GO:0030217	T CELL DIFFERENTIATION%GOBP%GO:0030217		120	0.30368024	1.0369573	0.38838267	1.0	1.0	7737	tags=36%, list=32%, signal=52%	
INTERLEUKIN RECEPTOR SHC SIGNALING%REACTOME DATABASE ID RELEASE 95%912526	INTERLEUKIN RECEPTOR SHC SIGNALING%REACTOME DATABASE ID RELEASE 95%912526		26	0.38113415	1.0369011	0.42249656	1.0	1.0	5555	tags=31%, list=23%, signal=40%	
MELANOSOME LOCALIZATION%GOBP%GO:0032400	MELANOSOME LOCALIZATION%GOBP%GO:0032400		21	0.40030408	1.0365305	0.41735536	1.0	1.0	4767	tags=33%, list=19%, signal=41%	
LABETALOL ACTION PATHWAY%PATHWHIZ%PW000389	LABETALOL ACTION PATHWAY%PATHWHIZ%PW000389		48	0.34480187	1.0364674	0.40075853	1.0	1.0	8452	tags=46%, list=35%, signal=70%	
CALCIUM ION TRANSMEMBRANE TRANSPORT%GOBP%GO:0070588	CALCIUM ION TRANSMEMBRANE TRANSPORT%GOBP%GO:0070588		149	0.29611424	1.0363975	0.38512763	1.0	1.0	7329	tags=38%, list=30%, signal=53%	
LEPTIN%IOB%LEPTIN	LEPTIN%IOB%LEPTIN		23	0.40091676	1.0361344	0.41443852	1.0	1.0	7567	tags=39%, list=31%, signal=57%	
ACUTE VIRAL MYOCARDITIS%WIKIPATHWAYS_20260211%WP4298%HOMO SAPIENS	ACUTE VIRAL MYOCARDITIS%WIKIPATHWAYS_20260211%WP4298%HOMO SAPIENS		66	0.32621747	1.0360686	0.41769043	1.0	1.0	8746	tags=45%, list=36%, signal=71%	
DRUG ADME%REACTOME DATABASE ID RELEASE 95%9748784	DRUG ADME%REACTOME DATABASE ID RELEASE 95%9748784		104	0.30929697	1.0360391	0.39976415	1.0	1.0	8551	tags=45%, list=35%, signal=69%	
INTEGRATED CANCER PATHWAY%WIKIPATHWAYS_20260211%WP1971%HOMO SAPIENS	INTEGRATED CANCER PATHWAY%WIKIPATHWAYS_20260211%WP1971%HOMO SAPIENS		36	0.3694506	1.0360323	0.42272127	1.0	1.0	2366	tags=14%, list=10%, signal=15%	
RETROGRADE TRANSPORT, ENDOSOME TO GOLGI%GOBP%GO:0042147	RETROGRADE TRANSPORT, ENDOSOME TO GOLGI%GOBP%GO:0042147		93	0.31391892	1.036018	0.4144354	1.0	1.0	5339	tags=29%, list=22%, signal=37%	
STEROID BIOSYNTHESIS%PATHWHIZ%PW000050	STEROID BIOSYNTHESIS%PATHWHIZ%PW000050		21	0.40831438	1.0358025	0.42699724	1.0	1.0	8391	tags=43%, list=34%, signal=65%	
FEMALE SEX DIFFERENTIATION%GOBP%GO:0046660	FEMALE SEX DIFFERENTIATION%GOBP%GO:0046660		43	0.3472531	1.0357245	0.42428198	1.0	1.0	7157	tags=35%, list=29%, signal=49%	
AXONEMAL DYNEIN COMPLEX ASSEMBLY%GOBP%GO:0070286	AXONEMAL DYNEIN COMPLEX ASSEMBLY%GOBP%GO:0070286		36	0.35760865	1.0353134	0.4141145	1.0	1.0	5908	tags=33%, list=24%, signal=44%	
PULMONARY VALVE MORPHOGENESIS%GOBP%GO:0003184	PULMONARY VALVE MORPHOGENESIS%GOBP%GO:0003184		20	0.40759385	1.0352756	0.42302358	1.0	1.0	7292	tags=40%, list=30%, signal=57%	
DIGESTIVE TRACT MORPHOGENESIS%GOBP%GO:0048546	DIGESTIVE TRACT MORPHOGENESIS%GOBP%GO:0048546		21	0.40015447	1.0351573	0.4329446	1.0	1.0	6199	tags=29%, list=25%, signal=38%	
MUSCARINIC ACETYLCHOLINE RECEPTOR 1 AND 3 SIGNALING PATHWAY%PANTHER PATHWAY%P00042	MUSCARINIC ACETYLCHOLINE RECEPTOR 1 AND 3 SIGNALING PATHWAY%PANTHER PATHWAY%P00042		42	0.3535125	1.0350834	0.40526316	1.0	1.0	5198	tags=31%, list=21%, signal=39%	
ROSUVASTATIN ACTION PATHWAY%SMPDB%SMP0000092	ROSUVASTATIN ACTION PATHWAY%SMPDB%SMP0000092		21	0.40831438	1.0346637	0.407767	1.0	1.0	8391	tags=43%, list=34%, signal=65%	
REGULATION OF B CELL ACTIVATION%GOBP%GO:0050864	REGULATION OF B CELL ACTIVATION%GOBP%GO:0050864		94	0.3117274	1.0344061	0.3847953	1.0	1.0	6743	tags=34%, list=28%, signal=47%	
DESMOSTEROLOSIS%PATHWHIZ%PW000097	DESMOSTEROLOSIS%PATHWHIZ%PW000097		21	0.40831438	1.034339	0.43615496	1.0	1.0	8391	tags=43%, list=34%, signal=65%	
PROTEIN-DNA COMPLEX DISASSEMBLY%GOBP%GO:0032986	PROTEIN-DNA COMPLEX DISASSEMBLY%GOBP%GO:0032986		24	0.38868183	1.0342612	0.42047027	1.0	1.0	7235	tags=46%, list=30%, signal=65%	
MITOCHONDRIAL TRNA AMINOACYLATION%REACTOME%R-HSA-379726.3	MITOCHONDRIAL TRNA AMINOACYLATION%REACTOME%R-HSA-379726.3		21	0.39976135	1.033533	0.41889986	1.0	1.0	8021	tags=57%, list=33%, signal=85%	
CYTOCHROME COMPLEX ASSEMBLY%GOBP%GO:0017004	CYTOCHROME COMPLEX ASSEMBLY%GOBP%GO:0017004		43	0.34505793	1.0334556	0.41015625	1.0	1.0	6488	tags=33%, list=26%, signal=44%	
C4-DICARBOXYLATE TRANSPORT%GOBP%GO:0015740	C4-DICARBOXYLATE TRANSPORT%GOBP%GO:0015740		21	0.40176257	1.0332804	0.44395924	1.0	1.0	8142	tags=62%, list=33%, signal=93%	
REGULATION OF B CELL RECEPTOR SIGNALING PATHWAY%GOBP%GO:0050855	REGULATION OF B CELL RECEPTOR SIGNALING PATHWAY%GOBP%GO:0050855		18	0.41381216	1.0331966	0.4340176	1.0	1.0	3628	tags=28%, list=15%, signal=33%	
PROTEIN TARGETING TO VACUOLE%GOBP%GO:0006623	PROTEIN TARGETING TO VACUOLE%GOBP%GO:0006623		38	0.35338467	1.0330423	0.41494846	1.0	1.0	7363	tags=45%, list=30%, signal=64%	
PID_CD8_TCR_PATHWAY%MSIGDB_C2%PID_CD8_TCR_PATHWAY	PID_CD8_TCR_PATHWAY%MSIGDB_C2%PID_CD8_TCR_PATHWAY		44	0.3465012	1.0329583	0.3950777	1.0	1.0	5555	tags=27%, list=23%, signal=35%	
EPIGENETIC REGULATION OF ADIPOGENESIS GENES BY MLL3 AND MLL4 COMPLEXES%REACTOME%R-HSA-9851695.2	EPIGENETIC REGULATION OF ADIPOGENESIS GENES BY MLL3 AND MLL4 COMPLEXES%REACTOME%R-HSA-9851695.2		100	0.31018052	1.0324999	0.4106113	1.0	1.0	3183	tags=17%, list=13%, signal=19%	
MYELOID CELL DIFFERENTIATION%GOBP%GO:0030099	MYELOID CELL DIFFERENTIATION%GOBP%GO:0030099		195	0.28915784	1.0319752	0.4100877	1.0	1.0	4810	tags=20%, list=20%, signal=25%	
MLL4 AND MLL3 COMPLEXES REGULATE EXPRESSION OF PPARG TARGET GENES IN ADIPOGENESIS AND HEPATIC STEATOSIS%REACTOME DATABASE ID RELEASE 95%9841922	MLL4 AND MLL3 COMPLEXES REGULATE EXPRESSION OF PPARG TARGET GENES IN ADIPOGENESIS AND HEPATIC STEATOSIS%REACTOME DATABASE ID RELEASE 95%9841922		100	0.31018052	1.031839	0.41105768	1.0	1.0	3183	tags=17%, list=13%, signal=19%	
SYNAPTIC VESICLE ENDOCYTOSIS%GOBP%GO:0048488	SYNAPTIC VESICLE ENDOCYTOSIS%GOBP%GO:0048488		36	0.36022702	1.0317516	0.42007926	1.0	1.0	6508	tags=33%, list=27%, signal=45%	
SYNTHESIS OF BILE ACIDS AND BILE SALTS%REACTOME DATABASE ID RELEASE 95%192105	SYNTHESIS OF BILE ACIDS AND BILE SALTS%REACTOME DATABASE ID RELEASE 95%192105		32	0.37176147	1.0312542	0.41983697	1.0	1.0	5918	tags=34%, list=24%, signal=45%	
POSITIVE REGULATION OF INTERLEUKIN-17 PRODUCTION%GOBP%GO:0032740	POSITIVE REGULATION OF INTERLEUKIN-17 PRODUCTION%GOBP%GO:0032740		24	0.39519152	1.0311743	0.42998585	1.0	1.0	8768	tags=58%, list=36%, signal=91%	
BIOCARTA_NTHI_PATHWAY%MSIGDB_C2%BIOCARTA_NTHI_PATHWAY	BIOCARTA_NTHI_PATHWAY%MSIGDB_C2%BIOCARTA_NTHI_PATHWAY		21	0.40950122	1.0308551	0.42857143	1.0	1.0	4634	tags=24%, list=19%, signal=29%	
EXTRAFOLLICULAR AND FOLLICULAR B CELL ACTIVATION BY SARS COV 2%WIKIPATHWAYS_20260211%WP5218%HOMO SAPIENS	EXTRAFOLLICULAR AND FOLLICULAR B CELL ACTIVATION BY SARS COV 2%WIKIPATHWAYS_20260211%WP5218%HOMO SAPIENS		63	0.3263385	1.0307449	0.38729763	1.0	1.0	7997	tags=41%, list=33%, signal=61%	
RAC3 GTPASE CYCLE%REACTOME%R-HSA-9013423.2	RAC3 GTPASE CYCLE%REACTOME%R-HSA-9013423.2		94	0.31343776	1.0306724	0.40556902	1.0	1.0	6816	tags=31%, list=28%, signal=43%	
EPIGENETIC REGULATION OF GENE EXPRESSION BY MLL3 AND MLL4 COMPLEXES%REACTOME%R-HSA-9818564.2	EPIGENETIC REGULATION OF GENE EXPRESSION BY MLL3 AND MLL4 COMPLEXES%REACTOME%R-HSA-9818564.2		100	0.31018052	1.0305961	0.41904762	1.0	1.0	3183	tags=17%, list=13%, signal=19%	
DNA INTEGRITY CHECKPOINT SIGNALING%GOBP%GO:0031570	DNA INTEGRITY CHECKPOINT SIGNALING%GOBP%GO:0031570		101	0.30658236	1.0305773	0.4	1.0	1.0	5027	tags=25%, list=21%, signal=31%	
COLLAGEN DEGRADATION%REACTOME DATABASE ID RELEASE 95%1442490	COLLAGEN DEGRADATION%REACTOME DATABASE ID RELEASE 95%1442490		40	0.35421106	1.0301951	0.4122807	1.0	1.0	8889	tags=48%, list=36%, signal=74%	
PROTEIN LOCALIZATION TO CELL PERIPHERY%GOBP%GO:1990778	PROTEIN LOCALIZATION TO CELL PERIPHERY%GOBP%GO:1990778		178	0.28971964	1.0301733	0.41086957	1.0	1.0	6859	tags=33%, list=28%, signal=46%	
PIGMENT GRANULE LOCALIZATION%GOBP%GO:0051875	PIGMENT GRANULE LOCALIZATION%GOBP%GO:0051875		21	0.40030408	1.030034	0.43039772	1.0	1.0	4767	tags=33%, list=19%, signal=41%	
ESTABLISHMENT OR MAINTENANCE OF CELL POLARITY%GOBP%GO:0007163	ESTABLISHMENT OR MAINTENANCE OF CELL POLARITY%GOBP%GO:0007163		151	0.29541457	1.029993	0.41885966	1.0	1.0	7694	tags=40%, list=31%, signal=58%	
SLC-MEDIATED TRANSPORT OF ORGANIC ANIONS%REACTOME%R-HSA-9955298.1	SLC-MEDIATED TRANSPORT OF ORGANIC ANIONS%REACTOME%R-HSA-9955298.1		37	0.35949236	1.0299827	0.41644204	1.0	1.0	6731	tags=41%, list=27%, signal=56%	
KISSPEPTIN KISSPEPTIN RECEPTOR SYSTEM IN THE OVARY%WIKIPATHWAYS_20260211%WP4871%HOMO SAPIENS	KISSPEPTIN KISSPEPTIN RECEPTOR SYSTEM IN THE OVARY%WIKIPATHWAYS_20260211%WP4871%HOMO SAPIENS		31	0.37271112	1.0297387	0.420026	1.0	1.0	4573	tags=32%, list=19%, signal=40%	
POSITIVE REGULATION OF CELL DIVISION%GOBP%GO:0051781	POSITIVE REGULATION OF CELL DIVISION%GOBP%GO:0051781		53	0.3340542	1.0295453	0.40206185	1.0	1.0	4276	tags=30%, list=17%, signal=36%	
RESPONSE TO GAMMA RADIATION%GOBP%GO:0010332	RESPONSE TO GAMMA RADIATION%GOBP%GO:0010332		22	0.38971546	1.0294847	0.42090786	1.0	1.0	6635	tags=36%, list=27%, signal=50%	
POSITIVE REGULATION OF INTERLEUKIN-1 PRODUCTION%GOBP%GO:0032732	POSITIVE REGULATION OF INTERLEUKIN-1 PRODUCTION%GOBP%GO:0032732		63	0.33201736	1.0291083	0.445	1.0	1.0	3555	tags=21%, list=15%, signal=24%	
ENDOPLASMIC RETICULUM MEMBRANE ORGANIZATION%GOBP%GO:0090158	ENDOPLASMIC RETICULUM MEMBRANE ORGANIZATION%GOBP%GO:0090158		16	0.42686698	1.0289651	0.44100294	1.0	1.0	2382	tags=19%, list=10%, signal=21%	
REGULATION OF VIRAL ENTRY INTO HOST CELL%GOBP%GO:0046596	REGULATION OF VIRAL ENTRY INTO HOST CELL%GOBP%GO:0046596		16	0.42557636	1.0288731	0.42739725	1.0	1.0	1080	tags=13%, list=4%, signal=13%	
SHANK3 PATHWAY INVOLVED IN PHELAN MCDERMID SYNDROME%WIKIPATHWAYS_20260211%WP5566%HOMO SAPIENS	SHANK3 PATHWAY INVOLVED IN PHELAN MCDERMID SYNDROME%WIKIPATHWAYS_20260211%WP5566%HOMO SAPIENS		25	0.38894388	1.0288191	0.43424657	1.0	1.0	4041	tags=28%, list=16%, signal=33%	
SPHINGOLIPID METABOLISM IN SENESCENCE%WIKIPATHWAYS_20260211%WP5121%HOMO SAPIENS	SPHINGOLIPID METABOLISM IN SENESCENCE%WIKIPATHWAYS_20260211%WP5121%HOMO SAPIENS		23	0.395587	1.0286983	0.42053446	1.0	1.0	9970	tags=52%, list=41%, signal=88%	
CALCIUM ION HOMEOSTASIS%GOBP%GO:0055074	CALCIUM ION HOMEOSTASIS%GOBP%GO:0055074		169	0.2891919	1.0286896	0.40704072	1.0	1.0	6209	tags=31%, list=25%, signal=41%	
REGULATION OF CELL KILLING%GOBP%GO:0031341	REGULATION OF CELL KILLING%GOBP%GO:0031341		94	0.31028336	1.0284717	0.42386365	1.0	1.0	8435	tags=41%, list=34%, signal=63%	
CELL CYCLE CHECKPOINT SIGNALING%GOBP%GO:0000075	CELL CYCLE CHECKPOINT SIGNALING%GOBP%GO:0000075		143	0.29542503	1.0283657	0.40753046	1.0	1.0	5027	tags=24%, list=21%, signal=31%	
GLAND DEVELOPMENT%GOBP%GO:0048732	GLAND DEVELOPMENT%GOBP%GO:0048732		127	0.30223686	1.0283395	0.42955327	1.0	1.0	6433	tags=31%, list=26%, signal=42%	
VITAMIN D IN INFLAMMATORY DISEASES%WIKIPATHWAYS_20260211%WP4482%HOMO SAPIENS	VITAMIN D IN INFLAMMATORY DISEASES%WIKIPATHWAYS_20260211%WP4482%HOMO SAPIENS		19	0.4099401	1.0282897	0.43741208	1.0	1.0	8473	tags=47%, list=35%, signal=72%	
MUSCLE CONTRACTION%REACTOME DATABASE ID RELEASE 95%397014	MUSCLE CONTRACTION%REACTOME DATABASE ID RELEASE 95%397014		197	0.28822058	1.0280937	0.4204301	1.0	1.0	7458	tags=36%, list=30%, signal=51%	
TYPE I INTERFERON INDUCTION AND SIGNALING DURING SARS COV 2 INFECTION%WIKIPATHWAYS_20260211%WP4868%HOMO SAPIENS	TYPE I INTERFERON INDUCTION AND SIGNALING DURING SARS COV 2 INFECTION%WIKIPATHWAYS_20260211%WP4868%HOMO SAPIENS		29	0.37553573	1.0279835	0.4373297	1.0	1.0	7419	tags=41%, list=30%, signal=59%	
REELIN SIGNALING PATHWAY%PATHWAY INTERACTION DATABASE NCI-NATURE CURATED DATA%REELIN SIGNALING PATHWAY	REELIN SIGNALING PATHWAY%PATHWAY INTERACTION DATABASE NCI-NATURE CURATED DATA%REELIN SIGNALING PATHWAY		29	0.3748295	1.0277904	0.43541944	1.0	1.0	2319	tags=14%, list=9%, signal=15%	
NEGATIVE REGULATION OF RESPONSE TO CYTOKINE STIMULUS%GOBP%GO:0060761	NEGATIVE REGULATION OF RESPONSE TO CYTOKINE STIMULUS%GOBP%GO:0060761		77	0.31745833	1.0275483	0.4268585	1.0	1.0	8362	tags=43%, list=34%, signal=65%	
POSITIVE REGULATION OF ISOTYPE SWITCHING%GOBP%GO:0045830	POSITIVE REGULATION OF ISOTYPE SWITCHING%GOBP%GO:0045830		16	0.43227005	1.0275068	0.43862274	1.0	1.0	6090	tags=44%, list=25%, signal=58%	
TRANSCRIPTIONAL REGULATION BY E2F6%REACTOME%R-HSA-8953750.3	TRANSCRIPTIONAL REGULATION BY E2F6%REACTOME%R-HSA-8953750.3		34	0.3600472	1.0274823	0.41908714	1.0	1.0	6450	tags=38%, list=26%, signal=52%	
TCR SIGNALING%REACTOME DATABASE ID RELEASE 95%202403	TCR SIGNALING%REACTOME DATABASE ID RELEASE 95%202403		109	0.30495924	1.0274467	0.4327146	1.0	1.0	7624	tags=38%, list=31%, signal=54%	
REGULATION OF KETONE METABOLIC PROCESS%GOBP%GO:0010565	REGULATION OF KETONE METABOLIC PROCESS%GOBP%GO:0010565		110	0.30244866	1.0273614	0.42329872	1.0	1.0	6412	tags=31%, list=26%, signal=42%	
LYSOSOMAL ACID LIPASE DEFICIENCY (WOLMAN DISEASE)%PATHWHIZ%PW000099	LYSOSOMAL ACID LIPASE DEFICIENCY (WOLMAN DISEASE)%PATHWHIZ%PW000099		21	0.40831438	1.0272857	0.4519774	1.0	1.0	8391	tags=43%, list=34%, signal=65%	
REGULATION OF ENDOTHELIAL CELL DIFFERENTIATION%GOBP%GO:0045601	REGULATION OF ENDOTHELIAL CELL DIFFERENTIATION%GOBP%GO:0045601		26	0.37767458	1.0264266	0.42259413	1.0	1.0	7541	tags=42%, list=31%, signal=61%	
LYSOSOME VESICLE BIOGENESIS%REACTOME DATABASE ID RELEASE 95%432720	LYSOSOME VESICLE BIOGENESIS%REACTOME DATABASE ID RELEASE 95%432720		35	0.36338675	1.0263239	0.42343542	1.0	1.0	3149	tags=17%, list=13%, signal=20%	
REGULATION OF TOR SIGNALING%GOBP%GO:0032006	REGULATION OF TOR SIGNALING%GOBP%GO:0032006		148	0.29337245	1.026167	0.43434343	1.0	1.0	3446	tags=16%, list=14%, signal=19%	
RESPONSE TO TUMOR CELL%GOBP%GO:0002347	RESPONSE TO TUMOR CELL%GOBP%GO:0002347		21	0.3928633	1.0261301	0.43096235	1.0	1.0	4769	tags=24%, list=19%, signal=30%	
RELEASE OF CYTOCHROME C FROM MITOCHONDRIA%GOBP%GO:0001836	RELEASE OF CYTOCHROME C FROM MITOCHONDRIA%GOBP%GO:0001836		16	0.4205965	1.0260515	0.4419643	1.0	1.0	12116	tags=69%, list=49%, signal=136%	
HIPPOCAMPUS DEVELOPMENT%GOBP%GO:0021766	HIPPOCAMPUS DEVELOPMENT%GOBP%GO:0021766		23	0.3960156	1.0260227	0.44759208	1.0	1.0	493	tags=9%, list=2%, signal=9%	
BIOCARTA_RELA_PATHWAY%MSIGDB_C2%BIOCARTA_RELA_PATHWAY	BIOCARTA_RELA_PATHWAY%MSIGDB_C2%BIOCARTA_RELA_PATHWAY		15	0.43380544	1.0258683	0.43796712	1.0	1.0	6320	tags=33%, list=26%, signal=45%	
VESICLE DOCKING%GOBP%GO:0048278	VESICLE DOCKING%GOBP%GO:0048278		53	0.3394479	1.0258127	0.4448575	1.0	1.0	7885	tags=40%, list=32%, signal=58%	
ENDODERM DEVELOPMENT%GOBP%GO:0007492	ENDODERM DEVELOPMENT%GOBP%GO:0007492		52	0.3367452	1.025773	0.41848522	1.0	1.0	6676	tags=35%, list=27%, signal=47%	
REGULATION OF MACROPHAGE MIGRATION%GOBP%GO:1905521	REGULATION OF MACROPHAGE MIGRATION%GOBP%GO:1905521		32	0.36692315	1.0256509	0.44678056	1.0	1.0	8895	tags=50%, list=36%, signal=78%	
REGULATION OF CALCIUM ION TRANSMEMBRANE TRANSPORT%GOBP%GO:1903169	REGULATION OF CALCIUM ION TRANSMEMBRANE TRANSPORT%GOBP%GO:1903169		108	0.30708376	1.0253083	0.4203233	1.0	1.0	6587	tags=31%, list=27%, signal=43%	
SPINDLE ASSEMBLY%GOBP%GO:0051225	SPINDLE ASSEMBLY%GOBP%GO:0051225		89	0.30794314	1.025116	0.42941177	1.0	1.0	9983	tags=44%, list=41%, signal=74%	
POSITIVE REGULATION OF AUTOPHAGY OF MITOCHONDRION%GOBP%GO:1903599	POSITIVE REGULATION OF AUTOPHAGY OF MITOCHONDRION%GOBP%GO:1903599		22	0.38936937	1.0249697	0.43079096	1.0	1.0	2249	tags=18%, list=9%, signal=20%	
PROTEIN LOCALIZATION TO PLASMA MEMBRANE%GOBP%GO:0072659	PROTEIN LOCALIZATION TO PLASMA MEMBRANE%GOBP%GO:0072659		163	0.29114968	1.0248301	0.43412527	1.0	1.0	7082	tags=35%, list=29%, signal=49%	
REGULATION OF CARDIAC MUSCLE CONTRACTION BY CALCIUM ION SIGNALING%GOBP%GO:0010882	REGULATION OF CARDIAC MUSCLE CONTRACTION BY CALCIUM ION SIGNALING%GOBP%GO:0010882		29	0.37428954	1.0248035	0.4295393	1.0	1.0	6697	tags=34%, list=27%, signal=47%	
MIRNA-MEDIATED POST-TRANSCRIPTIONAL GENE SILENCING%GOBP%GO:0035195	MIRNA-MEDIATED POST-TRANSCRIPTIONAL GENE SILENCING%GOBP%GO:0035195		28	0.37374344	1.0246753	0.44337016	1.0	1.0	4716	tags=29%, list=19%, signal=35%	
POSITIVE REGULATION OF CYTOKINESIS%GOBP%GO:0032467	POSITIVE REGULATION OF CYTOKINESIS%GOBP%GO:0032467		46	0.34312797	1.0243981	0.42820513	1.0	1.0	4276	tags=30%, list=17%, signal=37%	
REGULATION OF CDH1 GENE TRANSCRIPTION%REACTOME%R-HSA-9764560.1	REGULATION OF CDH1 GENE TRANSCRIPTION%REACTOME%R-HSA-9764560.1		71	0.31673512	1.0243444	0.42909536	1.0	1.0	6517	tags=34%, list=27%, signal=46%	
COHESIN COMPLEX CORNELIA DE LANGE SYNDROME%WIKIPATHWAYS_20260211%WP5117%HOMO SAPIENS	COHESIN COMPLEX CORNELIA DE LANGE SYNDROME%WIKIPATHWAYS_20260211%WP5117%HOMO SAPIENS		29	0.37376198	1.0238143	0.4375839	1.0	1.0	6321	tags=41%, list=26%, signal=56%	
BETA DEFENSINS%REACTOME DATABASE ID RELEASE 95%1461957	BETA DEFENSINS%REACTOME DATABASE ID RELEASE 95%1461957		30	0.37325236	1.0234994	0.4339119	1.0	1.0	3554	tags=23%, list=15%, signal=27%	
GENERAL TRANSCRIPTION REGULATION%PANTHER PATHWAY%P00023	GENERAL TRANSCRIPTION REGULATION%PANTHER PATHWAY%P00023		30	0.37541652	1.0233732	0.43741402	1.0	1.0	5144	tags=27%, list=21%, signal=34%	
LPA4-MEDIATED SIGNALING EVENTS%PATHWAY INTERACTION DATABASE NCI-NATURE CURATED DATA%LPA4-MEDIATED SIGNALING EVENTS	LPA4-MEDIATED SIGNALING EVENTS%PATHWAY INTERACTION DATABASE NCI-NATURE CURATED DATA%LPA4-MEDIATED SIGNALING EVENTS		15	0.42724383	1.0233557	0.43263474	1.0	1.0	4981	tags=27%, list=20%, signal=33%	
MITOCHONDRIAL IMMUNE RESPONSE TO SARS COV 2%WIKIPATHWAYS_20260211%WP5038%HOMO SAPIENS	MITOCHONDRIAL IMMUNE RESPONSE TO SARS COV 2%WIKIPATHWAYS_20260211%WP5038%HOMO SAPIENS		28	0.37938422	1.0232782	0.44813278	1.0	1.0	6821	tags=29%, list=28%, signal=40%	
REGULATION OF RECEPTOR SIGNALING PATHWAY VIA STAT%GOBP%GO:1904892	REGULATION OF RECEPTOR SIGNALING PATHWAY VIA STAT%GOBP%GO:1904892		70	0.3266335	1.0232253	0.4169697	1.0	1.0	7624	tags=40%, list=31%, signal=58%	
PHOTORECEPTOR CELL MAINTENANCE%GOBP%GO:0045494	PHOTORECEPTOR CELL MAINTENANCE%GOBP%GO:0045494		35	0.35830742	1.0231783	0.41801074	1.0	1.0	3488	tags=20%, list=14%, signal=23%	
MAMMARY GLAND EPITHELIUM DEVELOPMENT%GOBP%GO:0061180	MAMMARY GLAND EPITHELIUM DEVELOPMENT%GOBP%GO:0061180		18	0.41219136	1.0230099	0.44444445	1.0	1.0	6068	tags=39%, list=25%, signal=52%	
BIOCARTA_RACCYCD_PATHWAY%MSIGDB_C2%BIOCARTA_RACCYCD_PATHWAY	BIOCARTA_RACCYCD_PATHWAY%MSIGDB_C2%BIOCARTA_RACCYCD_PATHWAY		23	0.38326657	1.0229349	0.43543956	1.0	1.0	7765	tags=43%, list=32%, signal=64%	
BEVANTOLOL ACTION PATHWAY%PATHWHIZ%PW000645	BEVANTOLOL ACTION PATHWAY%PATHWHIZ%PW000645		47	0.33703983	1.0227981	0.42525774	1.0	1.0	8452	tags=45%, list=35%, signal=68%	
NEGATIVE REGULATION OF NEUROINFLAMMATORY RESPONSE%GOBP%GO:0150079	NEGATIVE REGULATION OF NEUROINFLAMMATORY RESPONSE%GOBP%GO:0150079		15	0.42556092	1.0225054	0.44477174	1.0	1.0	7833	tags=40%, list=32%, signal=59%	
POSITIVE REGULATION OF TRANSCRIPTION BY RNA POLYMERASE III%GOBP%GO:0045945	POSITIVE REGULATION OF TRANSCRIPTION BY RNA POLYMERASE III%GOBP%GO:0045945		18	0.4168813	1.0224204	0.44680852	1.0	1.0	3937	tags=22%, list=16%, signal=26%	
REGULATION OF CARDIAC MUSCLE CELL MEMBRANE REPOLARIZATION%GOBP%GO:0099623	REGULATION OF CARDIAC MUSCLE CELL MEMBRANE REPOLARIZATION%GOBP%GO:0099623		25	0.3780894	1.0223702	0.44674966	1.0	1.0	1791	tags=16%, list=7%, signal=17%	
ORGANIC HYDROXY COMPOUND TRANSPORT%GOBP%GO:0015850	ORGANIC HYDROXY COMPOUND TRANSPORT%GOBP%GO:0015850		140	0.29361606	1.0219401	0.4234234	1.0	1.0	9144	tags=48%, list=37%, signal=76%	
NEGATIVE REGULATION OF INTERLEUKIN-1 BETA PRODUCTION%GOBP%GO:0032691	NEGATIVE REGULATION OF INTERLEUKIN-1 BETA PRODUCTION%GOBP%GO:0032691		26	0.38150477	1.0216215	0.44539008	1.0	1.0	5021	tags=27%, list=21%, signal=34%	
REGULATION OF ACTIN FILAMENT DEPOLYMERIZATION%GOBP%GO:0030834	REGULATION OF ACTIN FILAMENT DEPOLYMERIZATION%GOBP%GO:0030834		36	0.35958496	1.0215708	0.42428377	1.0	1.0	8264	tags=42%, list=34%, signal=63%	
REGULATION OF ENDOGENOUS RETROELEMENTS BY PIWI-INTERACTING RNAS (PIRNAS)%REACTOME DATABASE ID RELEASE 95%9845323	REGULATION OF ENDOGENOUS RETROELEMENTS BY PIWI-INTERACTING RNAS (PIRNAS)%REACTOME DATABASE ID RELEASE 95%9845323		65	0.32040715	1.0215514	0.43151516	1.0	1.0	6855	tags=34%, list=28%, signal=47%	
REGULATION OF RECEPTOR-MEDIATED ENDOCYTOSIS%GOBP%GO:0048259	REGULATION OF RECEPTOR-MEDIATED ENDOCYTOSIS%GOBP%GO:0048259		90	0.30736747	1.0214192	0.44071856	1.0	1.0	5323	tags=24%, list=22%, signal=31%	
NEGATIVE REGULATION OF CYTOPLASMIC PATTERN RECOGNITION RECEPTOR SIGNALING PATHWAY%GOBP%GO:0039532	NEGATIVE REGULATION OF CYTOPLASMIC PATTERN RECOGNITION RECEPTOR SIGNALING PATHWAY%GOBP%GO:0039532		61	0.32770285	1.0212845	0.43137255	1.0	1.0	8196	tags=38%, list=33%, signal=57%	
POSITIVE REGULATION OF LIPID LOCALIZATION%GOBP%GO:1905954	POSITIVE REGULATION OF LIPID LOCALIZATION%GOBP%GO:1905954		73	0.31558377	1.021137	0.44527364	1.0	1.0	7200	tags=33%, list=29%, signal=46%	
RESPONSE TO STEROL%GOBP%GO:0036314	RESPONSE TO STEROL%GOBP%GO:0036314		25	0.38590726	1.0210387	0.42496493	1.0	1.0	7602	tags=32%, list=31%, signal=46%	
GENES RELATED TO PRIMARY CILIUM DEVELOPMENT BASED ON CRISPR %WIKIPATHWAYS_20260211%WP4536%HOMO SAPIENS	GENES RELATED TO PRIMARY CILIUM DEVELOPMENT BASED ON CRISPR %WIKIPATHWAYS_20260211%WP4536%HOMO SAPIENS		89	0.31196722	1.020687	0.43189755	1.0	1.0	4883	tags=24%, list=20%, signal=29%	
MALE SEX DIFFERENTIATION%GOBP%GO:0046661	MALE SEX DIFFERENTIATION%GOBP%GO:0046661		59	0.3297558	1.0206082	0.43640897	1.0	1.0	9663	tags=47%, list=39%, signal=78%	
FGF SIGNALING PATHWAY%PANTHER PATHWAY%P00021	FGF SIGNALING PATHWAY%PANTHER PATHWAY%P00021		68	0.3165233	1.0205768	0.4125	1.0	1.0	6599	tags=32%, list=27%, signal=44%	
BASE-EXCISION REPAIR%GOBP%GO:0006284	BASE-EXCISION REPAIR%GOBP%GO:0006284		41	0.34657258	1.0195788	0.44758064	1.0	1.0	6699	tags=34%, list=27%, signal=47%	
DILTIAZEM ACTION PATHWAY%SMPDB%SMP0000359	DILTIAZEM ACTION PATHWAY%SMPDB%SMP0000359		47	0.33703983	1.01957	0.4212548	1.0	1.0	8452	tags=45%, list=35%, signal=68%	
CANONICAL AND NON CANONICAL NOTCH SIGNALING%WIKIPATHWAYS_20260211%WP3845%HOMO SAPIENS	CANONICAL AND NON CANONICAL NOTCH SIGNALING%WIKIPATHWAYS_20260211%WP3845%HOMO SAPIENS		21	0.38888338	1.0195501	0.43603852	1.0	1.0	7539	tags=62%, list=31%, signal=89%	
SARS COV 2 INNATE IMMUNITY EVASION AND CELL SPECIFIC IMMUNE RESPONSE%WIKIPATHWAYS_20260211%WP5039%HOMO SAPIENS	SARS COV 2 INNATE IMMUNITY EVASION AND CELL SPECIFIC IMMUNE RESPONSE%WIKIPATHWAYS_20260211%WP5039%HOMO SAPIENS		62	0.32748035	1.019477	0.4310559	1.0	1.0	9166	tags=44%, list=37%, signal=69%	
MIRNA TARGETS IN ECM AND MEMBRANE RECEPTORS%WIKIPATHWAYS_20260211%WP2911%HOMO SAPIENS	MIRNA TARGETS IN ECM AND MEMBRANE RECEPTORS%WIKIPATHWAYS_20260211%WP2911%HOMO SAPIENS		16	0.43265256	1.0191233	0.45137882	1.0	1.0	3789	tags=25%, list=15%, signal=30%	
PID_ANTHRAX_PATHWAY%MSIGDB_C2%PID_ANTHRAX_PATHWAY	PID_ANTHRAX_PATHWAY%MSIGDB_C2%PID_ANTHRAX_PATHWAY		16	0.42321697	1.0189999	0.43686503	1.0	1.0	7580	tags=50%, list=31%, signal=72%	
INITIATION OF TRANSCRIPTION AND TRANSLATION ELONGATION AT THE HIV 1 LTR%WIKIPATHWAYS_20260211%WP3414%HOMO SAPIENS	INITIATION OF TRANSCRIPTION AND TRANSLATION ELONGATION AT THE HIV 1 LTR%WIKIPATHWAYS_20260211%WP3414%HOMO SAPIENS		28	0.37069085	1.0188484	0.46016484	1.0	1.0	3029	tags=21%, list=12%, signal=24%	
VESICLE LOCALIZATION%GOBP%GO:0051648	VESICLE LOCALIZATION%GOBP%GO:0051648		160	0.29240087	1.0186138	0.4169417	1.0	1.0	7499	tags=38%, list=31%, signal=55%	
AMEBOIDAL-TYPE CELL MIGRATION%GOBP%GO:0001667	AMEBOIDAL-TYPE CELL MIGRATION%GOBP%GO:0001667		80	0.31305826	1.018569	0.4311594	1.0	1.0	8267	tags=44%, list=34%, signal=66%	
RNA DESTABILIZATION%GOBP%GO:0050779	RNA DESTABILIZATION%GOBP%GO:0050779		89	0.30514067	1.0184746	0.43168077	1.0	1.0	6610	tags=29%, list=27%, signal=40%	
PKA-MEDIATED PHOSPHORYLATION OF CREB%REACTOME%R-HSA-111931.3	PKA-MEDIATED PHOSPHORYLATION OF CREB%REACTOME%R-HSA-111931.3		19	0.3982223	1.0183941	0.43607953	1.0	1.0	4981	tags=26%, list=20%, signal=33%	
SUPEROXIDE ANION GENERATION%GOBP%GO:0042554	SUPEROXIDE ANION GENERATION%GOBP%GO:0042554		20	0.39442188	1.0183314	0.4479889	1.0	1.0	2660	tags=25%, list=11%, signal=28%	
POSITIVE REGULATION OF NERVOUS SYSTEM PROCESS%GOBP%GO:0031646	POSITIVE REGULATION OF NERVOUS SYSTEM PROCESS%GOBP%GO:0031646		22	0.39649644	1.0180911	0.43651927	1.0	1.0	6384	tags=32%, list=26%, signal=43%	
PROTEIN LOCALIZATION TO CELL SURFACE%GOBP%GO:0034394	PROTEIN LOCALIZATION TO CELL SURFACE%GOBP%GO:0034394		26	0.381326	1.0180838	0.45183176	1.0	1.0	3564	tags=19%, list=15%, signal=22%	
CYTOSOLIC TRANSPORT%GOBP%GO:0016482	CYTOSOLIC TRANSPORT%GOBP%GO:0016482		126	0.29503718	1.0178154	0.4312849	1.0	1.0	5795	tags=29%, list=24%, signal=37%	
ESMOLOL ACTION PATHWAY%SMPDB%SMP0000301	ESMOLOL ACTION PATHWAY%SMPDB%SMP0000301		47	0.33703983	1.0170686	0.43144655	1.0	1.0	8452	tags=45%, list=35%, signal=68%	
AMLODIPINE ACTION PATHWAY%PATHWHIZ%PW000391	AMLODIPINE ACTION PATHWAY%PATHWHIZ%PW000391		47	0.33703983	1.0166136	0.44255874	1.0	1.0	8452	tags=45%, list=35%, signal=68%	
FATTY ACID DERIVATIVE METABOLIC PROCESS%GOBP%GO:1901568	FATTY ACID DERIVATIVE METABOLIC PROCESS%GOBP%GO:1901568		75	0.31675532	1.0164295	0.43494424	1.0	1.0	7663	tags=36%, list=31%, signal=52%	
NAD BIOSYNTHETIC PATHWAYS%WIKIPATHWAYS_20260211%WP3645%HOMO SAPIENS	NAD BIOSYNTHETIC PATHWAYS%WIKIPATHWAYS_20260211%WP3645%HOMO SAPIENS		19	0.39691782	1.0164284	0.4540146	1.0	1.0	6671	tags=42%, list=27%, signal=58%	
POSITIVE REGULATION OF ADAPTIVE IMMUNE RESPONSE%GOBP%GO:0002821	POSITIVE REGULATION OF ADAPTIVE IMMUNE RESPONSE%GOBP%GO:0002821		100	0.30413648	1.0162662	0.44040862	1.0	1.0	8606	tags=45%, list=35%, signal=69%	
NEGATIVE REGULATION OF BINDING%GOBP%GO:0051100	NEGATIVE REGULATION OF BINDING%GOBP%GO:0051100		39	0.3507741	1.0161718	0.43256998	1.0	1.0	6608	tags=36%, list=27%, signal=49%	
MITOCHONDRIAL FUSION%GOBP%GO:0008053	MITOCHONDRIAL FUSION%GOBP%GO:0008053		18	0.4098773	1.0160608	0.44598338	1.0	1.0	386	tags=11%, list=2%, signal=11%	
JNK CASCADE%GOBP%GO:0007254	JNK CASCADE%GOBP%GO:0007254		32	0.35910368	1.0156863	0.43543956	1.0	1.0	2231	tags=19%, list=9%, signal=21%	
POSITIVE REGULATION OF OSSIFICATION%GOBP%GO:0045778	POSITIVE REGULATION OF OSSIFICATION%GOBP%GO:0045778		44	0.34020114	1.0155649	0.43277848	1.0	1.0	4189	tags=27%, list=17%, signal=33%	
NEGATIVE REGULATION OF CYTOKINE-MEDIATED SIGNALING PATHWAY%GOBP%GO:0001960	NEGATIVE REGULATION OF CYTOKINE-MEDIATED SIGNALING PATHWAY%GOBP%GO:0001960		73	0.31271696	1.015559	0.4369748	1.0	1.0	8362	tags=42%, list=34%, signal=64%	
HALLMARK_E2F_TARGETS%MSIGDBHALLMARK%HALLMARK_E2F_TARGETS	HALLMARK_E2F_TARGETS%MSIGDBHALLMARK%HALLMARK_E2F_TARGETS		162	0.2908232	1.0155512	0.4427313	1.0	1.0	6699	tags=33%, list=27%, signal=46%	
SKELETAL MUSCLE TISSUE REGENERATION%GOBP%GO:0043403	SKELETAL MUSCLE TISSUE REGENERATION%GOBP%GO:0043403		15	0.42507893	1.0153431	0.4557143	1.0	1.0	4809	tags=33%, list=20%, signal=41%	
BIOCARTA_KERATINOCYTE_PATHWAY%MSIGDB_C2%BIOCARTA_KERATINOCYTE_PATHWAY	BIOCARTA_KERATINOCYTE_PATHWAY%MSIGDB_C2%BIOCARTA_KERATINOCYTE_PATHWAY		40	0.34694335	1.0147402	0.45165563	1.0	1.0	4990	tags=25%, list=20%, signal=31%	
SIGNALING RECEPTOR LIGAND PRECURSOR PROCESSING%GOBP%GO:0140448	SIGNALING RECEPTOR LIGAND PRECURSOR PROCESSING%GOBP%GO:0140448		35	0.35476175	1.0145655	0.4401596	1.0	1.0	6689	tags=43%, list=27%, signal=59%	
CELLULAR ANATOMICAL ENTITY MORPHOGENESIS%GOBP%GO:0032989	CELLULAR ANATOMICAL ENTITY MORPHOGENESIS%GOBP%GO:0032989		101	0.30193564	1.0145636	0.4517647	1.0	1.0	5349	tags=31%, list=22%, signal=39%	
NUCLEAR IMPORT OF REV PROTEIN%REACTOME%R-HSA-180746.3	NUCLEAR IMPORT OF REV PROTEIN%REACTOME%R-HSA-180746.3		31	0.36906052	1.0143412	0.45087484	1.0	1.0	8107	tags=45%, list=33%, signal=67%	
HALLMARK_REACTIVE_OXYGEN_SPECIES_PATHWAY%MSIGDBHALLMARK%HALLMARK_REACTIVE_OXYGEN_SPECIES_PATHWAY	HALLMARK_REACTIVE_OXYGEN_SPECIES_PATHWAY%MSIGDBHALLMARK%HALLMARK_REACTIVE_OXYGEN_SPECIES_PATHWAY		33	0.3604564	1.0140591	0.44704264	1.0	1.0	4798	tags=27%, list=20%, signal=34%	
ECTODERM DIFFERENTIATION%WIKIPATHWAYS_20260211%WP2858%HOMO SAPIENS	ECTODERM DIFFERENTIATION%WIKIPATHWAYS_20260211%WP2858%HOMO SAPIENS		117	0.30060047	1.0134554	0.4502857	1.0	1.0	9191	tags=45%, list=38%, signal=72%	
REGULATION OF LEUKOCYTE MEDIATED CYTOTOXICITY%GOBP%GO:0001910	REGULATION OF LEUKOCYTE MEDIATED CYTOTOXICITY%GOBP%GO:0001910		84	0.31403044	1.0134475	0.44338498	1.0	1.0	8336	tags=39%, list=34%, signal=59%	
IL2 SIGNALING%WIKIPATHWAYS_20260211%WP49%HOMO SAPIENS	IL2 SIGNALING%WIKIPATHWAYS_20260211%WP49%HOMO SAPIENS		33	0.35919547	1.0133445	0.45478722	1.0	1.0	7593	tags=42%, list=31%, signal=61%	
HISTONE MODIFICATIONS%WIKIPATHWAYS_20260211%WP2369%HOMO SAPIENS	HISTONE MODIFICATIONS%WIKIPATHWAYS_20260211%WP2369%HOMO SAPIENS		39	0.34906596	1.0133362	0.46184212	1.0	1.0	6217	tags=28%, list=25%, signal=38%	
NEGATIVE REGULATION OF CATALYTIC ACTIVITY%GOBP%GO:0043086	NEGATIVE REGULATION OF CATALYTIC ACTIVITY%GOBP%GO:0043086		139	0.296949	1.0131737	0.47742665	1.0	1.0	6740	tags=30%, list=28%, signal=41%	
NEGATIVE REGULATION OF LIPOPOLYSACCHARIDE-MEDIATED SIGNALING PATHWAY%GOBP%GO:0031665	NEGATIVE REGULATION OF LIPOPOLYSACCHARIDE-MEDIATED SIGNALING PATHWAY%GOBP%GO:0031665		17	0.4129171	1.0128254	0.4426934	1.0	1.0	2297	tags=29%, list=9%, signal=32%	
PALLIUM DEVELOPMENT%GOBP%GO:0021543	PALLIUM DEVELOPMENT%GOBP%GO:0021543		68	0.32278216	1.0128021	0.4465409	1.0	1.0	8625	tags=46%, list=35%, signal=70%	
17Q12 COPY NUMBER VARIATION SYNDROME%WIKIPATHWAYS_20260211%WP5287%HOMO SAPIENS	17Q12 COPY NUMBER VARIATION SYNDROME%WIKIPATHWAYS_20260211%WP5287%HOMO SAPIENS		86	0.31098098	1.0127621	0.44604316	1.0	1.0	7612	tags=36%, list=31%, signal=52%	
POSITIVE REGULATION OF PEPTIDYL-TYROSINE PHOSPHORYLATION%GOBP%GO:0050731	POSITIVE REGULATION OF PEPTIDYL-TYROSINE PHOSPHORYLATION%GOBP%GO:0050731		52	0.33350933	1.0127017	0.4505076	1.0	1.0	8841	tags=46%, list=36%, signal=72%	
OXPRENOLOL ACTION PATHWAY%PATHWHIZ%PW000372	OXPRENOLOL ACTION PATHWAY%PATHWHIZ%PW000372		47	0.33703983	1.0126107	0.43700787	1.0	1.0	8452	tags=45%, list=35%, signal=68%	
ARBUTAMINE ACTION PATHWAY%SMPDB%SMP0000664	ARBUTAMINE ACTION PATHWAY%SMPDB%SMP0000664		47	0.33703983	1.0125568	0.45595855	1.0	1.0	8452	tags=45%, list=35%, signal=68%	
NEGATIVE REGULATION OF INFLAMMATORY RESPONSE%GOBP%GO:0050728	NEGATIVE REGULATION OF INFLAMMATORY RESPONSE%GOBP%GO:0050728		151	0.29454994	1.0123191	0.4627193	1.0	1.0	8768	tags=38%, list=36%, signal=58%	
DISOPYRAMIDE ACTION PATHWAY%SMPDB%SMP0000325	DISOPYRAMIDE ACTION PATHWAY%SMPDB%SMP0000325		47	0.33703983	1.0121806	0.42118862	1.0	1.0	8452	tags=45%, list=35%, signal=68%	
REGULATION OF WOUND HEALING%GOBP%GO:0061041	REGULATION OF WOUND HEALING%GOBP%GO:0061041		112	0.29965574	1.012101	0.4575688	1.0	1.0	7868	tags=39%, list=32%, signal=58%	
ASSOCIATION OF TRIC CCT WITH TARGET PROTEINS DURING BIOSYNTHESIS%REACTOME%R-HSA-390471.3	ASSOCIATION OF TRIC CCT WITH TARGET PROTEINS DURING BIOSYNTHESIS%REACTOME%R-HSA-390471.3		38	0.35272992	1.0118397	0.4435591	1.0	1.0	5027	tags=34%, list=21%, signal=43%	
ESTABLISHMENT OF EPITHELIAL CELL POLARITY%GOBP%GO:0090162	ESTABLISHMENT OF EPITHELIAL CELL POLARITY%GOBP%GO:0090162		17	0.4121113	1.0117797	0.45156482	1.0	1.0	9792	tags=65%, list=40%, signal=108%	
NEGATIVE REGULATION OF HEMOSTASIS%GOBP%GO:1900047	NEGATIVE REGULATION OF HEMOSTASIS%GOBP%GO:1900047		40	0.34284705	1.0117391	0.45652175	1.0	1.0	7868	tags=38%, list=32%, signal=55%	
QUINIDINE ACTION PATHWAY%SMPDB%SMP0000323	QUINIDINE ACTION PATHWAY%SMPDB%SMP0000323		47	0.33703983	1.011684	0.44416562	1.0	1.0	8452	tags=45%, list=35%, signal=68%	
METOPROLOL ACTION PATHWAY%PATHWHIZ%PW000370	METOPROLOL ACTION PATHWAY%PATHWHIZ%PW000370		47	0.33703983	1.0115025	0.44444445	1.0	1.0	8452	tags=45%, list=35%, signal=68%	
FLECAINIDE ACTION PATHWAY%SMPDB%SMP0000331	FLECAINIDE ACTION PATHWAY%SMPDB%SMP0000331		47	0.33703983	1.0114882	0.45110822	1.0	1.0	8452	tags=45%, list=35%, signal=68%	
NOTCH SIGNALING%WIKIPATHWAYS_20260211%WP268%HOMO SAPIENS	NOTCH SIGNALING%WIKIPATHWAYS_20260211%WP268%HOMO SAPIENS		36	0.3555064	1.0114613	0.4460338	1.0	1.0	6326	tags=42%, list=26%, signal=56%	
REGULATION OF CYTOKINE PRODUCTION INVOLVED IN IMMUNE RESPONSE%GOBP%GO:0002718	REGULATION OF CYTOKINE PRODUCTION INVOLVED IN IMMUNE RESPONSE%GOBP%GO:0002718		81	0.30979693	1.0113474	0.44619104	1.0	1.0	8892	tags=44%, list=36%, signal=70%	
RESPONSE TO NUTRIENT%GOBP%GO:0007584	RESPONSE TO NUTRIENT%GOBP%GO:0007584		43	0.34413418	1.0112787	0.44716495	1.0	1.0	6119	tags=40%, list=25%, signal=53%	
PID_IL3_PATHWAY%MSIGDB_C2%PID_IL3_PATHWAY	PID_IL3_PATHWAY%MSIGDB_C2%PID_IL3_PATHWAY		22	0.3911495	1.0112354	0.43681318	1.0	1.0	6601	tags=41%, list=27%, signal=56%	
EPINEPHRINE ACTION PATHWAY%PATHWHIZ%PW000638	EPINEPHRINE ACTION PATHWAY%PATHWHIZ%PW000638		47	0.33703983	1.0111475	0.43846154	1.0	1.0	8452	tags=45%, list=35%, signal=68%	
PARKINSON DISEASE%PANTHER PATHWAY%P00049	PARKINSON DISEASE%PANTHER PATHWAY%P00049		47	0.3342305	1.0110625	0.44801027	1.0	1.0	6707	tags=38%, list=27%, signal=53%	
VISUAL PERCEPTION%GOBP%GO:0007601	VISUAL PERCEPTION%GOBP%GO:0007601		140	0.29098454	1.0109508	0.4568584	1.0	1.0	2899	tags=14%, list=12%, signal=15%	
GOLGI TO PLASMA MEMBRANE PROTEIN TRANSPORT%GOBP%GO:0043001	GOLGI TO PLASMA MEMBRANE PROTEIN TRANSPORT%GOBP%GO:0043001		30	0.36758208	1.0106689	0.44966444	1.0	1.0	6403	tags=37%, list=26%, signal=50%	
NEGATIVE REGULATION OF STEROID BIOSYNTHETIC PROCESS%GOBP%GO:0010894	NEGATIVE REGULATION OF STEROID BIOSYNTHETIC PROCESS%GOBP%GO:0010894		20	0.40113518	1.0105675	0.4485842	1.0	1.0	2872	tags=20%, list=12%, signal=23%	
BLOOD COAGULATION%GOBP%GO:0007596	BLOOD COAGULATION%GOBP%GO:0007596		132	0.2953003	1.0104798	0.4590542	1.0	1.0	9176	tags=49%, list=37%, signal=78%	
CELLULAR COMPONENT ASSEMBLY INVOLVED IN MORPHOGENESIS%GOBP%GO:0010927	CELLULAR COMPONENT ASSEMBLY INVOLVED IN MORPHOGENESIS%GOBP%GO:0010927		101	0.30193564	1.0097938	0.4665127	1.0	1.0	5349	tags=31%, list=22%, signal=39%	
INTRACELLULAR PH REDUCTION%GOBP%GO:0051452	INTRACELLULAR PH REDUCTION%GOBP%GO:0051452		44	0.34438854	1.0097586	0.4437086	1.0	1.0	5316	tags=30%, list=22%, signal=38%	
TOCAINIDE ACTION PATHWAY%SMPDB%SMP0000330	TOCAINIDE ACTION PATHWAY%SMPDB%SMP0000330		47	0.33703983	1.0096469	0.45732483	1.0	1.0	8452	tags=45%, list=35%, signal=68%	
PROTEIN O-LINKED GLYCOSYLATION%GOBP%GO:0006493	PROTEIN O-LINKED GLYCOSYLATION%GOBP%GO:0006493		130	0.29303682	1.0094162	0.44649023	1.0	1.0	6583	tags=30%, list=27%, signal=41%	
METIPRANOLOL ACTION PATHWAY%PATHWHIZ%PW000644	METIPRANOLOL ACTION PATHWAY%PATHWHIZ%PW000644		47	0.33703983	1.009369	0.45663264	1.0	1.0	8452	tags=45%, list=35%, signal=68%	
NEGATIVE REGULATION OF LIPID BIOSYNTHETIC PROCESS%GOBP%GO:0051055	NEGATIVE REGULATION OF LIPID BIOSYNTHETIC PROCESS%GOBP%GO:0051055		51	0.3321833	1.0091448	0.4474359	1.0	1.0	5280	tags=29%, list=22%, signal=37%	
ORGANELLE LOCALIZATION BY MEMBRANE TETHERING%GOBP%GO:0140056	ORGANELLE LOCALIZATION BY MEMBRANE TETHERING%GOBP%GO:0140056		68	0.31761217	1.0091085	0.464684	1.0	1.0	4577	tags=22%, list=19%, signal=27%	
FELODIPINE ACTION PATHWAY%PATHWHIZ%PW000392	FELODIPINE ACTION PATHWAY%PATHWHIZ%PW000392		47	0.33703983	1.0090114	0.43870968	1.0	1.0	8452	tags=45%, list=35%, signal=68%	
PRACTOLOL ACTION PATHWAY%PATHWHIZ%PW000646	PRACTOLOL ACTION PATHWAY%PATHWHIZ%PW000646		47	0.33703983	1.0090075	0.4604768	1.0	1.0	8452	tags=45%, list=35%, signal=68%	
ACEBUTOLOL ACTION PATHWAY%SMPDB%SMP0000296	ACEBUTOLOL ACTION PATHWAY%SMPDB%SMP0000296		47	0.33703983	1.0088613	0.44708994	1.0	1.0	8452	tags=45%, list=35%, signal=68%	
NISOLDIPINE ACTION PATHWAY%PATHWHIZ%PW000396	NISOLDIPINE ACTION PATHWAY%PATHWHIZ%PW000396		47	0.33703983	1.0088476	0.43979058	1.0	1.0	8452	tags=45%, list=35%, signal=68%	
BICARBONATE TRANSPORT%GOBP%GO:0015701	BICARBONATE TRANSPORT%GOBP%GO:0015701		21	0.3910643	1.0088172	0.45272207	1.0	1.0	6563	tags=48%, list=27%, signal=65%	
CALCINEURIN-MEDIATED SIGNALING%GOBP%GO:0097720	CALCINEURIN-MEDIATED SIGNALING%GOBP%GO:0097720		18	0.4100609	1.0088117	0.47016013	1.0	1.0	5927	tags=28%, list=24%, signal=37%	
VERAPAMIL ACTION PATHWAY%SMPDB%SMP0000375	VERAPAMIL ACTION PATHWAY%SMPDB%SMP0000375		47	0.33703983	1.0088115	0.4679487	1.0	1.0	8452	tags=45%, list=35%, signal=68%	
SNRNA METABOLIC PROCESS%GOBP%GO:0016073	SNRNA METABOLIC PROCESS%GOBP%GO:0016073		58	0.32623503	1.0087578	0.4505076	1.0	1.0	3161	tags=21%, list=13%, signal=24%	
REGULATION OF FATTY ACID OXIDATION%GOBP%GO:0046320	REGULATION OF FATTY ACID OXIDATION%GOBP%GO:0046320		26	0.38117725	1.0086193	0.45810056	1.0	1.0	6412	tags=42%, list=26%, signal=57%	
EPITHELIAL CELL DIFFERENTIATION INVOLVED IN KIDNEY DEVELOPMENT%GOBP%GO:0035850	EPITHELIAL CELL DIFFERENTIATION INVOLVED IN KIDNEY DEVELOPMENT%GOBP%GO:0035850		24	0.38495964	1.0085664	0.45652175	1.0	1.0	2404	tags=25%, list=10%, signal=28%	
MET ACTIVATES PTK2 SIGNALING%REACTOME DATABASE ID RELEASE 95%8874081	MET ACTIVATES PTK2 SIGNALING%REACTOME DATABASE ID RELEASE 95%8874081		18	0.40856174	1.0084506	0.4550562	1.0	1.0	6621	tags=44%, list=27%, signal=61%	
NEBIVOLOL ACTION PATHWAY%SMPDB%SMP0000366	NEBIVOLOL ACTION PATHWAY%SMPDB%SMP0000366		47	0.33703983	1.0082968	0.46923077	1.0	1.0	8452	tags=45%, list=35%, signal=68%	
ALPRENOLOL ACTION PATHWAY%SMPDB%SMP0000297	ALPRENOLOL ACTION PATHWAY%SMPDB%SMP0000297		47	0.33703983	1.008107	0.44903225	1.0	1.0	8452	tags=45%, list=35%, signal=68%	
PANCREATIC ADENOCARCINOMA PATHWAY%WIKIPATHWAYS_20260211%WP4263%HOMO SAPIENS	PANCREATIC ADENOCARCINOMA PATHWAY%WIKIPATHWAYS_20260211%WP4263%HOMO SAPIENS		68	0.31896093	1.0080887	0.46350366	1.0	1.0	7765	tags=38%, list=32%, signal=56%	
NUCLEOTIDE EXCISION REPAIR IN XERODERMA PIGMENTOSUM %WIKIPATHWAYS_20260211%WP5114%HOMO SAPIENS	NUCLEOTIDE EXCISION REPAIR IN XERODERMA PIGMENTOSUM %WIKIPATHWAYS_20260211%WP5114%HOMO SAPIENS		44	0.3393281	1.0076996	0.4655612	1.0	1.0	949	tags=9%, list=4%, signal=9%	
BISOPROLOL ACTION PATHWAY%SMPDB%SMP0000300	BISOPROLOL ACTION PATHWAY%SMPDB%SMP0000300		47	0.33703983	1.0075634	0.43821657	1.0	1.0	8452	tags=45%, list=35%, signal=68%	
RNA EXPORT FROM NUCLEUS%GOBP%GO:0006405	RNA EXPORT FROM NUCLEUS%GOBP%GO:0006405		82	0.31118864	1.0074788	0.4556355	1.0	1.0	6575	tags=29%, list=27%, signal=40%	
POST-TRANSCRIPTIONAL GENE SILENCING%GOBP%GO:0016441	POST-TRANSCRIPTIONAL GENE SILENCING%GOBP%GO:0016441		45	0.33852968	1.0071546	0.47820345	1.0	1.0	6740	tags=33%, list=28%, signal=46%	
METABOLISM OF STEROIDS%REACTOME DATABASE ID RELEASE 95%8957322	METABOLISM OF STEROIDS%REACTOME DATABASE ID RELEASE 95%8957322		152	0.28957278	1.0070872	0.47692308	1.0	1.0	7603	tags=34%, list=31%, signal=49%	
EXTRACELLULAR TRANSPORT%GOBP%GO:0006858	EXTRACELLULAR TRANSPORT%GOBP%GO:0006858		24	0.38134715	1.0070235	0.47919464	1.0	1.0	6196	tags=38%, list=25%, signal=50%	
BIOCARTA_AMI_PATHWAY%MSIGDB_C2%BIOCARTA_AMI_PATHWAY	BIOCARTA_AMI_PATHWAY%MSIGDB_C2%BIOCARTA_AMI_PATHWAY		17	0.41450554	1.0069417	0.45467627	1.0	1.0	3331	tags=24%, list=14%, signal=27%	
ISOPRENALINE ACTION PATHWAY%SMPDB%SMP0000663	ISOPRENALINE ACTION PATHWAY%SMPDB%SMP0000663		47	0.33703983	1.0068134	0.4680307	1.0	1.0	8452	tags=45%, list=35%, signal=68%	
SOTALOL ACTION PATHWAY%SMPDB%SMP0000660	SOTALOL ACTION PATHWAY%SMPDB%SMP0000660		47	0.33703983	1.0067077	0.45549738	1.0	1.0	8452	tags=45%, list=35%, signal=68%	
BUPRANOLOL ACTION PATHWAY%SMPDB%SMP0000670	BUPRANOLOL ACTION PATHWAY%SMPDB%SMP0000670		47	0.33703983	1.0064883	0.4559387	1.0	1.0	8452	tags=45%, list=35%, signal=68%	
POSITIVE REGULATION OF NATURAL KILLER CELL MEDIATED CYTOTOXICITY%GOBP%GO:0045954	POSITIVE REGULATION OF NATURAL KILLER CELL MEDIATED CYTOTOXICITY%GOBP%GO:0045954		25	0.38229626	1.0063535	0.4697609	1.0	1.0	7298	tags=40%, list=30%, signal=57%	
HIPPO MERLIN SIGNALING DYSREGULATION%WIKIPATHWAYS_20260211%WP4541%HOMO SAPIENS	HIPPO MERLIN SIGNALING DYSREGULATION%WIKIPATHWAYS_20260211%WP4541%HOMO SAPIENS		84	0.3071226	1.0063499	0.46373364	1.0	1.0	6938	tags=30%, list=28%, signal=41%	
INTERSTRAND CROSS-LINK REPAIR%GOBP%GO:0036297	INTERSTRAND CROSS-LINK REPAIR%GOBP%GO:0036297		41	0.3450649	1.0063298	0.46944082	1.0	1.0	4229	tags=32%, list=17%, signal=38%	
MITOCHONDRIAL RESPIRATORY CHAIN COMPLEX IV ASSEMBLY%GOBP%GO:0033617	MITOCHONDRIAL RESPIRATORY CHAIN COMPLEX IV ASSEMBLY%GOBP%GO:0033617		28	0.3703628	1.0059334	0.45231214	1.0	1.0	10341	tags=57%, list=42%, signal=99%	
REGULATION OF DNA BINDING%GOBP%GO:0051101	REGULATION OF DNA BINDING%GOBP%GO:0051101		39	0.3498123	1.0059211	0.46471372	1.0	1.0	5991	tags=28%, list=24%, signal=37%	
CELL VOLUME HOMEOSTASIS%GOBP%GO:0006884	CELL VOLUME HOMEOSTASIS%GOBP%GO:0006884		32	0.36169532	1.0059208	0.44966444	1.0	1.0	7782	tags=53%, list=32%, signal=78%	
PINDOLOL ACTION PATHWAY%PATHWHIZ%PW000374	PINDOLOL ACTION PATHWAY%PATHWHIZ%PW000374		47	0.33703983	1.0058526	0.44962215	1.0	1.0	8452	tags=45%, list=35%, signal=68%	
ISRADIPINE ACTION PATHWAY%PATHWHIZ%PW000393	ISRADIPINE ACTION PATHWAY%PATHWHIZ%PW000393		47	0.33703983	1.005745	0.46173468	1.0	1.0	8452	tags=45%, list=35%, signal=68%	
BOPINDOLOL ACTION PATHWAY%SMPDB%SMP0000657	BOPINDOLOL ACTION PATHWAY%SMPDB%SMP0000657		47	0.33703983	1.0057367	0.46284226	1.0	1.0	8452	tags=45%, list=35%, signal=68%	
POSITIVE REGULATION OF GROWTH%GOBP%GO:0045927	POSITIVE REGULATION OF GROWTH%GOBP%GO:0045927		145	0.28824645	1.005509	0.46906638	1.0	1.0	5952	tags=29%, list=24%, signal=38%	
NITRENDIPINE ACTION PATHWAY%SMPDB%SMP0000382	NITRENDIPINE ACTION PATHWAY%SMPDB%SMP0000382		47	0.33703983	1.0054859	0.46701846	1.0	1.0	8452	tags=45%, list=35%, signal=68%	
RAC PROTEIN SIGNAL TRANSDUCTION%GOBP%GO:0016601	RAC PROTEIN SIGNAL TRANSDUCTION%GOBP%GO:0016601		20	0.40023634	1.005417	0.4774648	1.0	1.0	11451	tags=65%, list=47%, signal=122%	
RETINOBLASTOMA GENE IN CANCER%WIKIPATHWAYS_20260211%WP2446%HOMO SAPIENS	RETINOBLASTOMA GENE IN CANCER%WIKIPATHWAYS_20260211%WP2446%HOMO SAPIENS		70	0.3163151	1.0050514	0.44471446	1.0	1.0	7949	tags=41%, list=32%, signal=61%	
BIOSYNTHESIS OF DHA-DERIVED SPMS%REACTOME%R-HSA-9018677.3	BIOSYNTHESIS OF DHA-DERIVED SPMS%REACTOME%R-HSA-9018677.3		16	0.41790405	1.0049038	0.46301776	1.0	1.0	7690	tags=50%, list=31%, signal=73%	
2-OXOGLUTARATE METABOLIC PROCESS%GOBP%GO:0006103	2-OXOGLUTARATE METABOLIC PROCESS%GOBP%GO:0006103		16	0.41535163	1.0045856	0.46153846	1.0	1.0	5180	tags=44%, list=21%, signal=55%	
STRIATED MUSCLE CONTRACTION%PATHWHIZ%PW000564	STRIATED MUSCLE CONTRACTION%PATHWHIZ%PW000564		47	0.33703983	1.0044996	0.47509578	1.0	1.0	8452	tags=45%, list=35%, signal=68%	
SUPERPATHWAY OF GLYCOSPHINGOLIPIDS BIOSYNTHESIS%BIOCYC%PWY-7835	SUPERPATHWAY OF GLYCOSPHINGOLIPIDS BIOSYNTHESIS%BIOCYC%PWY-7835		26	0.37094	1.0042106	0.4501385	1.0	1.0	7173	tags=50%, list=29%, signal=71%	
BRANCHED-CHAIN AMINO ACID CATABOLIC PROCESS%GOBP%GO:0009083	BRANCHED-CHAIN AMINO ACID CATABOLIC PROCESS%GOBP%GO:0009083		21	0.39048484	1.004195	0.48579547	1.0	1.0	4735	tags=33%, list=19%, signal=41%	
RAS SIGNALING%WIKIPATHWAYS_20260211%WP4223%HOMO SAPIENS	RAS SIGNALING%WIKIPATHWAYS_20260211%WP4223%HOMO SAPIENS		147	0.28800675	1.0041192	0.470524	1.0	1.0	4634	tags=21%, list=19%, signal=26%	
FRAGILE X SYNDROME%WIKIPATHWAYS_20260211%WP4549%HOMO SAPIENS	FRAGILE X SYNDROME%WIKIPATHWAYS_20260211%WP4549%HOMO SAPIENS		97	0.3017153	1.003876	0.44772726	1.0	1.0	3354	tags=22%, list=14%, signal=25%	
RESPONSE TO AMINO ACID%GOBP%GO:0043200	RESPONSE TO AMINO ACID%GOBP%GO:0043200		44	0.3385118	1.0038614	0.45959595	1.0	1.0	4041	tags=23%, list=16%, signal=27%	
CARTEOLOL ACTION PATHWAY%PATHWHIZ%PW000634	CARTEOLOL ACTION PATHWAY%PATHWHIZ%PW000634		47	0.33703983	1.0036482	0.45595855	1.0	1.0	8452	tags=45%, list=35%, signal=68%	
LEVOBUNOLOL ACTION PATHWAY%SMPDB%SMP0000666	LEVOBUNOLOL ACTION PATHWAY%SMPDB%SMP0000666		47	0.33703983	1.0035217	0.464191	1.0	1.0	8452	tags=45%, list=35%, signal=68%	
EPITHELIAL TUBE MORPHOGENESIS%GOBP%GO:0060562	EPITHELIAL TUBE MORPHOGENESIS%GOBP%GO:0060562		137	0.29040837	1.0034994	0.47474748	1.0	1.0	6257	tags=29%, list=26%, signal=39%	
PROCAINAMIDE (ANTIARRHYTHMIC) ACTION PATHWAY%PATHWHIZ%PW000377	PROCAINAMIDE (ANTIARRHYTHMIC) ACTION PATHWAY%PATHWHIZ%PW000377		47	0.33703983	1.0034741	0.47570333	1.0	1.0	8452	tags=45%, list=35%, signal=68%	
T CELL RECEPTOR SIGNALING%WIKIPATHWAYS_20260211%WP69%HOMO SAPIENS	T CELL RECEPTOR SIGNALING%WIKIPATHWAYS_20260211%WP69%HOMO SAPIENS		65	0.31740877	1.0032649	0.4626683	1.0	1.0	5555	tags=31%, list=23%, signal=40%	
PRIMITIVE STREAK FORMATION%REACTOME DATABASE ID RELEASE 95%9754189	PRIMITIVE STREAK FORMATION%REACTOME DATABASE ID RELEASE 95%9754189		17	0.41822323	1.0030501	0.4889217	1.0	1.0	3066	tags=24%, list=13%, signal=27%	
MEXILETINE ACTION PATHWAY%PATHWHIZ%PW000382	MEXILETINE ACTION PATHWAY%PATHWHIZ%PW000382		47	0.33703983	1.0028722	0.4714829	1.0	1.0	8452	tags=45%, list=35%, signal=68%	
RECEPTOR CATABOLIC PROCESS%GOBP%GO:0032801	RECEPTOR CATABOLIC PROCESS%GOBP%GO:0032801		17	0.41486883	1.0027694	0.48196247	1.0	1.0	6139	tags=35%, list=25%, signal=47%	
NUCLEOSOME DISASSEMBLY%GOBP%GO:0006337	NUCLEOSOME DISASSEMBLY%GOBP%GO:0006337		22	0.38968152	1.0026667	0.4757953	1.0	1.0	7235	tags=45%, list=30%, signal=64%	
POSITIVE REGULATION OF OSTEOBLAST DIFFERENTIATION%GOBP%GO:0045669	POSITIVE REGULATION OF OSTEOBLAST DIFFERENTIATION%GOBP%GO:0045669		50	0.32777128	1.002645	0.45572916	1.0	1.0	6830	tags=40%, list=28%, signal=55%	
REGULATION OF RECEPTOR SIGNALING PATHWAY VIA JAK-STAT%GOBP%GO:0046425	REGULATION OF RECEPTOR SIGNALING PATHWAY VIA JAK-STAT%GOBP%GO:0046425		60	0.32054758	1.0023763	0.45939085	1.0	1.0	7624	tags=42%, list=31%, signal=60%	
REGULATION OF NATURAL KILLER CELL ACTIVATION%GOBP%GO:0032814	REGULATION OF NATURAL KILLER CELL ACTIVATION%GOBP%GO:0032814		28	0.3668675	1.0022296	0.45417237	1.0	1.0	7854	tags=36%, list=32%, signal=53%	
POSITIVE REGULATION OF NEUROINFLAMMATORY RESPONSE%GOBP%GO:0150078	POSITIVE REGULATION OF NEUROINFLAMMATORY RESPONSE%GOBP%GO:0150078		18	0.40330455	1.0020905	0.48591548	1.0	1.0	8403	tags=44%, list=34%, signal=68%	
NIFEDIPINE ACTION PATHWAY%PATHWHIZ%PW000394	NIFEDIPINE ACTION PATHWAY%PATHWHIZ%PW000394		47	0.33703983	1.0019797	0.47243106	1.0	1.0	8452	tags=45%, list=35%, signal=68%	
HEXOSE TRANSMEMBRANE TRANSPORT%GOBP%GO:0008645	HEXOSE TRANSMEMBRANE TRANSPORT%GOBP%GO:0008645		33	0.3615102	1.0017859	0.47549668	1.0	1.0	9150	tags=58%, list=37%, signal=92%	
FOSPHENYTOIN (ANTIARRHYTHMIC) ACTION PATHWAY%PATHWHIZ%PW000379	FOSPHENYTOIN (ANTIARRHYTHMIC) ACTION PATHWAY%PATHWHIZ%PW000379		47	0.33703983	1.0016667	0.4575412	1.0	1.0	8452	tags=45%, list=35%, signal=68%	
T CELL ACTIVATION SARS COV 2%WIKIPATHWAYS_20260211%WP5098%HOMO SAPIENS	T CELL ACTIVATION SARS COV 2%WIKIPATHWAYS_20260211%WP5098%HOMO SAPIENS		76	0.30814093	1.0013592	0.47130647	1.0	1.0	7846	tags=39%, list=32%, signal=58%	
DOBUTAMINE ACTION PATHWAY%PATHWHIZ%PW000639	DOBUTAMINE ACTION PATHWAY%PATHWHIZ%PW000639		47	0.33703983	1.0013559	0.46891192	1.0	1.0	8452	tags=45%, list=35%, signal=68%	
NEUROMUSCULAR PROCESS%GOBP%GO:0050905	NEUROMUSCULAR PROCESS%GOBP%GO:0050905		62	0.31938264	1.0013208	0.4709596	1.0	1.0	7089	tags=40%, list=29%, signal=57%	
NIMODIPINE ACTION PATHWAY%PATHWHIZ%PW000395	NIMODIPINE ACTION PATHWAY%PATHWHIZ%PW000395		47	0.33703983	1.0008959	0.4911616	1.0	1.0	8452	tags=45%, list=35%, signal=68%	
REGULATION OF RECEPTOR INTERNALIZATION%GOBP%GO:0002090	REGULATION OF RECEPTOR INTERNALIZATION%GOBP%GO:0002090		49	0.3329044	1.0005288	0.4850843	1.0	1.0	4203	tags=20%, list=17%, signal=25%	
NADOLOL ACTION PATHWAY%PATHWHIZ%PW000371	NADOLOL ACTION PATHWAY%PATHWHIZ%PW000371		47	0.33703983	1.0002301	0.4655612	1.0	1.0	8452	tags=45%, list=35%, signal=68%	
DEFECTIVE TPR MAY CONFER SUSCEPTIBILITY TOWARDS THYROID PAPILLARY CARCINOMA (TPC)%REACTOME%R-HSA-5619107.4	DEFECTIVE TPR MAY CONFER SUSCEPTIBILITY TOWARDS THYROID PAPILLARY CARCINOMA (TPC)%REACTOME%R-HSA-5619107.4		29	0.36231104	1.0000612	0.46025103	1.0	1.0	8107	tags=41%, list=33%, signal=62%	
SUMOYLATION OF UBIQUITINYLATION PROTEINS%REACTOME DATABASE ID RELEASE 95%3232142	SUMOYLATION OF UBIQUITINYLATION PROTEINS%REACTOME DATABASE ID RELEASE 95%3232142		35	0.34943905	0.99979484	0.47105262	1.0	1.0	8107	tags=46%, list=33%, signal=68%	
OXIDATIVE STRESS INDUCED SENESCENCE%REACTOME DATABASE ID RELEASE 95%2559580	OXIDATIVE STRESS INDUCED SENESCENCE%REACTOME DATABASE ID RELEASE 95%2559580		90	0.3006346	0.9996621	0.48708922	1.0	1.0	3193	tags=18%, list=13%, signal=20%	
NETRIN-MEDIATED SIGNALING EVENTS%PATHWAY INTERACTION DATABASE NCI-NATURE CURATED DATA%NETRIN-MEDIATED SIGNALING EVENTS	NETRIN-MEDIATED SIGNALING EVENTS%PATHWAY INTERACTION DATABASE NCI-NATURE CURATED DATA%NETRIN-MEDIATED SIGNALING EVENTS		32	0.360419	0.9996452	0.46816975	1.0	1.0	8150	tags=41%, list=33%, signal=61%	
BIOCARTA_ERK_PATHWAY%MSIGDB_C2%BIOCARTA_ERK_PATHWAY	BIOCARTA_ERK_PATHWAY%MSIGDB_C2%BIOCARTA_ERK_PATHWAY		22	0.3829021	0.9995239	0.47476125	1.0	1.0	7635	tags=55%, list=31%, signal=79%	
IBUTILIDE ACTION PATHWAY%SMPDB%SMP0000332	IBUTILIDE ACTION PATHWAY%SMPDB%SMP0000332		47	0.33703983	0.9994487	0.45328283	1.0	1.0	8452	tags=45%, list=35%, signal=68%	
PIWI-INTERACTING RNA (PIRNA) BIOGENESIS%REACTOME%R-HSA-5601884.3	PIWI-INTERACTING RNA (PIRNA) BIOGENESIS%REACTOME%R-HSA-5601884.3		29	0.36753544	0.9993197	0.47814208	1.0	1.0	3512	tags=24%, list=14%, signal=28%	
REGULATION OF GLUCOKINASE BY GLUCOKINASE REGULATORY PROTEIN%REACTOME%R-HSA-170822.6	REGULATION OF GLUCOKINASE BY GLUCOKINASE REGULATORY PROTEIN%REACTOME%R-HSA-170822.6		29	0.36231104	0.9991171	0.47453085	1.0	1.0	8107	tags=41%, list=33%, signal=62%	
PENBUTOLOL ACTION PATHWAY%SMPDB%SMP0000305	PENBUTOLOL ACTION PATHWAY%SMPDB%SMP0000305		47	0.33703983	0.9990568	0.4692597	1.0	1.0	8452	tags=45%, list=35%, signal=68%	
PHASE 0 - RAPID DEPOLARISATION%REACTOME%R-HSA-5576892.4	PHASE 0 - RAPID DEPOLARISATION%REACTOME%R-HSA-5576892.4		32	0.3614306	0.99903685	0.4702774	1.0	1.0	2021	tags=19%, list=8%, signal=20%	
REGULATION OF MEMBRANE PERMEABILITY%GOBP%GO:0090559	REGULATION OF MEMBRANE PERMEABILITY%GOBP%GO:0090559		53	0.32517144	0.9987702	0.47919294	1.0	1.0	5662	tags=26%, list=23%, signal=34%	
MICROTUBULE POLYMERIZATION%GOBP%GO:0046785	MICROTUBULE POLYMERIZATION%GOBP%GO:0046785		41	0.34328148	0.9987397	0.46753246	1.0	1.0	7486	tags=39%, list=31%, signal=56%	
DEFECTIVE HDR THROUGH HOMOLOGOUS RECOMBINATION REPAIR (HRR) DUE TO PALB2 LOSS OF BRCA2 RAD51 RAD51C BINDING FUNCTION%REACTOME%R-HSA-9704646.4	DEFECTIVE HDR THROUGH HOMOLOGOUS RECOMBINATION REPAIR (HRR) DUE TO PALB2 LOSS OF BRCA2 RAD51 RAD51C BINDING FUNCTION%REACTOME%R-HSA-9704646.4		25	0.3731461	0.9986986	0.45582047	1.0	1.0	3455	tags=24%, list=14%, signal=28%	
INNER EAR DEVELOPMENT%GOBP%GO:0048839	INNER EAR DEVELOPMENT%GOBP%GO:0048839		66	0.31681266	0.9985641	0.48	1.0	1.0	8919	tags=39%, list=36%, signal=62%	
REGULATION OF INSULIN SECRETION%REACTOME%R-HSA-422356.6	REGULATION OF INSULIN SECRETION%REACTOME%R-HSA-422356.6		78	0.30954638	0.99840456	0.47374701	1.0	1.0	9013	tags=46%, list=37%, signal=73%	
NUCLEAR EXPORT%GOBP%GO:0051168	NUCLEAR EXPORT%GOBP%GO:0051168		126	0.2940754	0.9983737	0.47362384	1.0	1.0	5050	tags=23%, list=21%, signal=29%	
POSITIVE REGULATION OF INTERLEUKIN-1 BETA PRODUCTION%GOBP%GO:0032731	POSITIVE REGULATION OF INTERLEUKIN-1 BETA PRODUCTION%GOBP%GO:0032731		56	0.32666436	0.99802923	0.49318463	1.0	1.0	3555	tags=21%, list=15%, signal=25%	
PROPRANOLOL ACTION PATHWAY%SMPDB%SMP0000307	PROPRANOLOL ACTION PATHWAY%SMPDB%SMP0000307		47	0.33703983	0.99773294	0.47984394	1.0	1.0	8452	tags=45%, list=35%, signal=68%	
METABOLISM OF FAT-SOLUBLE VITAMINS%REACTOME DATABASE ID RELEASE 95%6806667	METABOLISM OF FAT-SOLUBLE VITAMINS%REACTOME DATABASE ID RELEASE 95%6806667		48	0.3380533	0.99771225	0.4672544	1.0	1.0	8908	tags=52%, list=36%, signal=82%	
POSITIVE REGULATION OF PROTEIN TARGETING TO MEMBRANE%GOBP%GO:0090314	POSITIVE REGULATION OF PROTEIN TARGETING TO MEMBRANE%GOBP%GO:0090314		21	0.39111254	0.9975368	0.48231965	1.0	1.0	11647	tags=76%, list=48%, signal=145%	
CENTRIOLE REPLICATION%GOBP%GO:0007099	CENTRIOLE REPLICATION%GOBP%GO:0007099		24	0.37731436	0.9974693	0.47241867	1.0	1.0	9624	tags=46%, list=39%, signal=75%	
ATENOLOL ACTION PATHWAY%SMPDB%SMP0000298	ATENOLOL ACTION PATHWAY%SMPDB%SMP0000298		47	0.33703983	0.99727213	0.48828125	1.0	1.0	8452	tags=45%, list=35%, signal=68%	
PROTEIN PROCESSING%GOBP%GO:0016485	PROTEIN PROCESSING%GOBP%GO:0016485		164	0.28511438	0.9971706	0.48317048	1.0	1.0	6766	tags=31%, list=28%, signal=43%	
BIOCARTA_STRESS_PATHWAY%MSIGDB_C2%BIOCARTA_STRESS_PATHWAY	BIOCARTA_STRESS_PATHWAY%MSIGDB_C2%BIOCARTA_STRESS_PATHWAY		24	0.3779888	0.99704885	0.4867133	1.0	1.0	4634	tags=29%, list=19%, signal=36%	
REGULATION OF PEPTIDYL-SERINE PHOSPHORYLATION%GOBP%GO:0033135	REGULATION OF PEPTIDYL-SERINE PHOSPHORYLATION%GOBP%GO:0033135		29	0.3685778	0.9970459	0.48285323	1.0	1.0	5253	tags=21%, list=21%, signal=26%	
OOGENESIS%GOBP%GO:0048477	OOGENESIS%GOBP%GO:0048477		51	0.32865775	0.9968363	0.45784694	1.0	1.0	5249	tags=25%, list=21%, signal=32%	
BETAXOLOL ACTION PATHWAY%SMPDB%SMP0000299	BETAXOLOL ACTION PATHWAY%SMPDB%SMP0000299		47	0.33703983	0.99675816	0.4755784	1.0	1.0	8452	tags=45%, list=35%, signal=68%	
CELLULAR RESPONSE TO TRANSFORMING GROWTH FACTOR BETA STIMULUS%GOBP%GO:0071560	CELLULAR RESPONSE TO TRANSFORMING GROWTH FACTOR BETA STIMULUS%GOBP%GO:0071560		99	0.29707262	0.99667925	0.48896632	1.0	1.0	4188	tags=22%, list=17%, signal=27%	
MRNA TRANSCRIPTION BY RNA POLYMERASE II%GOBP%GO:0042789	MRNA TRANSCRIPTION BY RNA POLYMERASE II%GOBP%GO:0042789		36	0.34190616	0.9965238	0.48357424	1.0	1.0	4546	tags=31%, list=19%, signal=37%	
REGULATION OF CDH11 EXPRESSION AND FUNCTION%REACTOME DATABASE ID RELEASE 95%9759475	REGULATION OF CDH11 EXPRESSION AND FUNCTION%REACTOME DATABASE ID RELEASE 95%9759475		27	0.36340234	0.9965022	0.47131148	1.0	1.0	3811	tags=19%, list=16%, signal=22%	
DEFECTIVE HDR THROUGH HOMOLOGOUS RECOMBINATION REPAIR (HRR) DUE TO PALB2 LOSS OF BRCA1 BINDING FUNCTION%REACTOME%R-HSA-9704331.4	DEFECTIVE HDR THROUGH HOMOLOGOUS RECOMBINATION REPAIR (HRR) DUE TO PALB2 LOSS OF BRCA1 BINDING FUNCTION%REACTOME%R-HSA-9704331.4		25	0.3731461	0.9964796	0.46256685	1.0	1.0	3455	tags=24%, list=14%, signal=28%	
RESPONSE TO TRANSFORMING GROWTH FACTOR BETA%GOBP%GO:0071559	RESPONSE TO TRANSFORMING GROWTH FACTOR BETA%GOBP%GO:0071559		105	0.29709807	0.99574304	0.50351286	1.0	1.0	4188	tags=22%, list=17%, signal=26%	
TIMOLOL ACTION PATHWAY%PATHWHIZ%PW000636	TIMOLOL ACTION PATHWAY%PATHWHIZ%PW000636		47	0.33703983	0.9955229	0.48293298	1.0	1.0	8452	tags=45%, list=35%, signal=68%	
MEIOTIC SISTER CHROMATID COHESION%GOBP%GO:0051177	MEIOTIC SISTER CHROMATID COHESION%GOBP%GO:0051177		17	0.40963855	0.9955033	0.48099416	1.0	1.0	6051	tags=35%, list=25%, signal=47%	
REGULATION OF MULTICELLULAR ORGANISM GROWTH%GOBP%GO:0040014	REGULATION OF MULTICELLULAR ORGANISM GROWTH%GOBP%GO:0040014		16	0.413617	0.99543464	0.46647647	1.0	1.0	3149	tags=25%, list=13%, signal=29%	
ESTABLISHMENT OF SPINDLE ORIENTATION%GOBP%GO:0051294	ESTABLISHMENT OF SPINDLE ORIENTATION%GOBP%GO:0051294		38	0.3391482	0.99531615	0.45360824	1.0	1.0	5754	tags=32%, list=23%, signal=41%	
NEGATIVE REGULATION OF LEUKOCYTE MIGRATION%GOBP%GO:0002686	NEGATIVE REGULATION OF LEUKOCYTE MIGRATION%GOBP%GO:0002686		39	0.33730915	0.9952227	0.47911227	1.0	1.0	8895	tags=56%, list=36%, signal=88%	
RESOLUTION OF MEIOTIC RECOMBINATION INTERMEDIATES%GOBP%GO:0000712	RESOLUTION OF MEIOTIC RECOMBINATION INTERMEDIATES%GOBP%GO:0000712		15	0.4228052	0.99512863	0.4892396	1.0	1.0	4978	tags=33%, list=20%, signal=42%	
RANKL%NETPATH%RANKL	RANKL%NETPATH%RANKL		18	0.4034589	0.99506843	0.4756447	1.0	1.0	6454	tags=33%, list=26%, signal=45%	
REGULATION OF CALCIUM ION TRANSPORT%GOBP%GO:0051924	REGULATION OF CALCIUM ION TRANSPORT%GOBP%GO:0051924		165	0.283257	0.9950231	0.49610677	1.0	1.0	6440	tags=30%, list=26%, signal=41%	
RESOLUTION OF D-LOOP STRUCTURES THROUGH HOLLIDAY JUNCTION INTERMEDIATES%REACTOME%R-HSA-5693568.6	RESOLUTION OF D-LOOP STRUCTURES THROUGH HOLLIDAY JUNCTION INTERMEDIATES%REACTOME%R-HSA-5693568.6		35	0.35205203	0.99493843	0.4756899	1.0	1.0	4602	tags=29%, list=19%, signal=35%	
PID_S1P_S1P3_PATHWAY%MSIGDB_C2%PID_S1P_S1P3_PATHWAY	PID_S1P_S1P3_PATHWAY%MSIGDB_C2%PID_S1P_S1P3_PATHWAY		21	0.3910988	0.9948557	0.47838214	1.0	1.0	9970	tags=62%, list=41%, signal=104%	
RESISTIN AS A REGULATOR OF INFLAMMATION%WIKIPATHWAYS_20260211%WP4481%HOMO SAPIENS	RESISTIN AS A REGULATOR OF INFLAMMATION%WIKIPATHWAYS_20260211%WP4481%HOMO SAPIENS		27	0.37164843	0.9948283	0.48987854	1.0	1.0	9455	tags=52%, list=39%, signal=84%	
POSITIVE REGULATION OF EXTRINSIC APOPTOTIC SIGNALING PATHWAY%GOBP%GO:2001238	POSITIVE REGULATION OF EXTRINSIC APOPTOTIC SIGNALING PATHWAY%GOBP%GO:2001238		40	0.34287637	0.99473643	0.46092716	1.0	1.0	7214	tags=45%, list=29%, signal=64%	
CELLULAR RESPONSE TO DSRNA%GOBP%GO:0071359	CELLULAR RESPONSE TO DSRNA%GOBP%GO:0071359		15	0.42376915	0.9945225	0.4919473	1.0	1.0	3687	tags=20%, list=15%, signal=24%	
DISORDERS OF DEVELOPMENTAL BIOLOGY%REACTOME DATABASE ID RELEASE 95%9675151	DISORDERS OF DEVELOPMENTAL BIOLOGY%REACTOME DATABASE ID RELEASE 95%9675151		16	0.41489556	0.9943442	0.48142856	1.0	1.0	940	tags=19%, list=4%, signal=19%	
INTRAFLAGELLAR TRANSPORT%REACTOME%R-HSA-5620924.5	INTRAFLAGELLAR TRANSPORT%REACTOME%R-HSA-5620924.5		41	0.34035018	0.9942598	0.5	1.0	1.0	7610	tags=44%, list=31%, signal=64%	
ACYLGLYCEROL HOMEOSTASIS%GOBP%GO:0055090	ACYLGLYCEROL HOMEOSTASIS%GOBP%GO:0055090		37	0.34559804	0.99423635	0.48412699	1.0	1.0	9010	tags=57%, list=37%, signal=90%	
POSITIVE REGULATION OF T CELL CYTOKINE PRODUCTION%GOBP%GO:0002726	POSITIVE REGULATION OF T CELL CYTOKINE PRODUCTION%GOBP%GO:0002726		24	0.37501422	0.9941064	0.48184356	1.0	1.0	8892	tags=54%, list=36%, signal=85%	
FC RECEPTOR SIGNALING PATHWAY%GOBP%GO:0038093	FC RECEPTOR SIGNALING PATHWAY%GOBP%GO:0038093		49	0.33080766	0.9940723	0.4860051	1.0	1.0	3634	tags=18%, list=15%, signal=22%	
TRNA PROCESSING%GOBP%GO:0008033	TRNA PROCESSING%GOBP%GO:0008033		124	0.28977546	0.9937994	0.48657718	1.0	1.0	2215	tags=16%, list=9%, signal=18%	
INTERFERON SIGNALING IN TUBERCULOSIS%WIKIPATHWAYS_20260211%WP4197%HOMO SAPIENS	INTERFERON SIGNALING IN TUBERCULOSIS%WIKIPATHWAYS_20260211%WP4197%HOMO SAPIENS		21	0.38619426	0.99350333	0.49655172	1.0	1.0	5473	tags=29%, list=22%, signal=37%	
MRNA DESTABILIZATION%GOBP%GO:0061157	MRNA DESTABILIZATION%GOBP%GO:0061157		86	0.30418327	0.99336004	0.49819493	1.0	1.0	6610	tags=29%, list=27%, signal=40%	
EPIDERMAL CELL DIFFERENTIATION%GOBP%GO:0009913	EPIDERMAL CELL DIFFERENTIATION%GOBP%GO:0009913		107	0.29307815	0.9933459	0.49825785	1.0	1.0	6867	tags=32%, list=28%, signal=44%	
POSITIVE REGULATION OF EXOCYTOSIS%GOBP%GO:0045921	POSITIVE REGULATION OF EXOCYTOSIS%GOBP%GO:0045921		72	0.3075976	0.99288976	0.48371533	1.0	1.0	3413	tags=22%, list=14%, signal=26%	
BREAST CANCER PATHWAY%WIKIPATHWAYS_20260211%WP4262%HOMO SAPIENS	BREAST CANCER PATHWAY%WIKIPATHWAYS_20260211%WP4262%HOMO SAPIENS		129	0.28712255	0.9928826	0.4806818	1.0	1.0	8011	tags=39%, list=33%, signal=57%	
NUCLEOTIDE CATABOLISM%REACTOME DATABASE ID RELEASE 95%8956319	NUCLEOTIDE CATABOLISM%REACTOME DATABASE ID RELEASE 95%8956319		31	0.36086264	0.9928067	0.47736627	1.0	1.0	6670	tags=35%, list=27%, signal=49%	
REGULATION OF MUSCLE CONTRACTION%GOBP%GO:0006937	REGULATION OF MUSCLE CONTRACTION%GOBP%GO:0006937		131	0.2889732	0.99272376	0.49101123	1.0	1.0	7163	tags=34%, list=29%, signal=48%	
GABA AND GLUTAMATE SIGNALLING IN EPILEPTOGENESIS%WIKIPATHWAYS_20260211%WP5600%HOMO SAPIENS	GABA AND GLUTAMATE SIGNALLING IN EPILEPTOGENESIS%WIKIPATHWAYS_20260211%WP5600%HOMO SAPIENS		97	0.295361	0.992669	0.50603867	1.0	1.0	6853	tags=32%, list=28%, signal=44%	
EFFECTS OF MFN2 MUTATION%WIKIPATHWAYS_20260211%WP5443%HOMO SAPIENS	EFFECTS OF MFN2 MUTATION%WIKIPATHWAYS_20260211%WP5443%HOMO SAPIENS		20	0.39289886	0.99261254	0.46608946	1.0	1.0	4235	tags=25%, list=17%, signal=30%	
VESICLE CYTOSKELETAL TRAFFICKING%GOBP%GO:0099518	VESICLE CYTOSKELETAL TRAFFICKING%GOBP%GO:0099518		50	0.3345928	0.992572	0.49675745	1.0	1.0	7363	tags=40%, list=30%, signal=57%	
POSITIVE REGULATION OF GLIAL CELL DIFFERENTIATION%GOBP%GO:0045687	POSITIVE REGULATION OF GLIAL CELL DIFFERENTIATION%GOBP%GO:0045687		19	0.39652008	0.9919934	0.48011363	1.0	1.0	5751	tags=32%, list=23%, signal=41%	
REGULATION OF SPINDLE CHECKPOINT%GOBP%GO:0090231	REGULATION OF SPINDLE CHECKPOINT%GOBP%GO:0090231		33	0.35171655	0.99191445	0.4796634	1.0	1.0	5143	tags=30%, list=21%, signal=38%	
CELLULAR RESPONSE TO ALCOHOL%GOBP%GO:0097306	CELLULAR RESPONSE TO ALCOHOL%GOBP%GO:0097306		61	0.31705514	0.9918271	0.47381547	1.0	1.0	7694	tags=36%, list=31%, signal=52%	
PID_HDAC_CLASSI_PATHWAY%MSIGDB_C2%PID_HDAC_CLASSI_PATHWAY	PID_HDAC_CLASSI_PATHWAY%MSIGDB_C2%PID_HDAC_CLASSI_PATHWAY		57	0.31993917	0.9915574	0.47198007	1.0	1.0	3135	tags=21%, list=13%, signal=24%	
PID_RHOA_REG_PATHWAY%MSIGDB_C2%PID_RHOA_REG_PATHWAY	PID_RHOA_REG_PATHWAY%MSIGDB_C2%PID_RHOA_REG_PATHWAY		36	0.34325394	0.9913832	0.46995994	1.0	1.0	5980	tags=28%, list=24%, signal=37%	
SUMOYLATION OF SUMOYLATION PROTEINS%REACTOME DATABASE ID RELEASE 95%4085377	SUMOYLATION OF SUMOYLATION PROTEINS%REACTOME DATABASE ID RELEASE 95%4085377		32	0.35039863	0.99122846	0.47826087	1.0	1.0	8107	tags=44%, list=33%, signal=65%	
REGULATION OF APPETITE%GOBP%GO:0032098	REGULATION OF APPETITE%GOBP%GO:0032098		26	0.3709419	0.9910231	0.4814815	1.0	1.0	8470	tags=62%, list=35%, signal=94%	
REGULATION OF MITOTIC CELL CYCLE SPINDLE ASSEMBLY CHECKPOINT%GOBP%GO:0090266	REGULATION OF MITOTIC CELL CYCLE SPINDLE ASSEMBLY CHECKPOINT%GOBP%GO:0090266		32	0.3556477	0.9909657	0.48806366	1.0	1.0	5143	tags=31%, list=21%, signal=40%	
PORE COMPLEX ASSEMBLY%GOBP%GO:0046931	PORE COMPLEX ASSEMBLY%GOBP%GO:0046931		19	0.39425457	0.99067014	0.48221907	1.0	1.0	9055	tags=47%, list=37%, signal=75%	
POSITIVE REGULATION OF STEROID BIOSYNTHETIC PROCESS%GOBP%GO:0010893	POSITIVE REGULATION OF STEROID BIOSYNTHETIC PROCESS%GOBP%GO:0010893		24	0.37818575	0.9905094	0.48846677	1.0	1.0	4981	tags=38%, list=20%, signal=47%	
DETECTION OF LIGHT STIMULUS%GOBP%GO:0009583	DETECTION OF LIGHT STIMULUS%GOBP%GO:0009583		47	0.33069667	0.9902167	0.48694518	1.0	1.0	3744	tags=21%, list=15%, signal=25%	
FLT3 SIGNALING IN DISEASE%REACTOME%R-HSA-9682385.3	FLT3 SIGNALING IN DISEASE%REACTOME%R-HSA-9682385.3		27	0.36976388	0.99014115	0.48947367	1.0	1.0	4490	tags=33%, list=18%, signal=41%	
IL4 SIGNALING%WIKIPATHWAYS_20260211%WP395%HOMO SAPIENS	IL4 SIGNALING%WIKIPATHWAYS_20260211%WP395%HOMO SAPIENS		42	0.33830744	0.9899778	0.47184986	1.0	1.0	4634	tags=26%, list=19%, signal=32%	
MITOTIC RECOMBINATION%GOBP%GO:0006312	MITOTIC RECOMBINATION%GOBP%GO:0006312		18	0.39944792	0.98983014	0.49115044	1.0	1.0	2034	tags=22%, list=8%, signal=24%	
PKA ACTIVATION%REACTOME DATABASE ID RELEASE 95%163615	PKA ACTIVATION%REACTOME DATABASE ID RELEASE 95%163615		18	0.39892265	0.98966974	0.48039216	1.0	1.0	4981	tags=28%, list=20%, signal=35%	
NEGATIVE REGULATION OF BLOOD COAGULATION%GOBP%GO:0030195	NEGATIVE REGULATION OF BLOOD COAGULATION%GOBP%GO:0030195		40	0.34284705	0.9895628	0.49610388	1.0	1.0	7868	tags=38%, list=32%, signal=55%	
EML4 AND NUDC IN MITOTIC SPINDLE FORMATION%REACTOME DATABASE ID RELEASE 95%9648025	EML4 AND NUDC IN MITOTIC SPINDLE FORMATION%REACTOME DATABASE ID RELEASE 95%9648025		96	0.2965689	0.98952806	0.48639053	1.0	1.0	3761	tags=18%, list=15%, signal=21%	
RETROGRADE TRANSPORT AT THE TRANS-GOLGI-NETWORK%REACTOME%R-HSA-6811440.2	RETROGRADE TRANSPORT AT THE TRANS-GOLGI-NETWORK%REACTOME%R-HSA-6811440.2		49	0.32515872	0.98944175	0.475032	1.0	1.0	6580	tags=37%, list=27%, signal=50%	
DEFECTIVE HOMOLOGOUS RECOMBINATION REPAIR (HRR) DUE TO PALB2 LOSS OF FUNCTION%REACTOME DATABASE ID RELEASE 95%9701193	DEFECTIVE HOMOLOGOUS RECOMBINATION REPAIR (HRR) DUE TO PALB2 LOSS OF FUNCTION%REACTOME DATABASE ID RELEASE 95%9701193		25	0.3731461	0.98935944	0.4973046	1.0	1.0	3455	tags=24%, list=14%, signal=28%	
REGULATION OF LYMPHOCYTE APOPTOTIC PROCESS%GOBP%GO:0070228	REGULATION OF LYMPHOCYTE APOPTOTIC PROCESS%GOBP%GO:0070228		33	0.3501343	0.98926985	0.46478873	1.0	1.0	8814	tags=48%, list=36%, signal=76%	
SIGNAL TRANSDUCTION IN RESPONSE TO DNA DAMAGE%GOBP%GO:0042770	SIGNAL TRANSDUCTION IN RESPONSE TO DNA DAMAGE%GOBP%GO:0042770		132	0.2841208	0.9890321	0.49828961	1.0	1.0	5027	tags=22%, list=21%, signal=27%	
POSITIVE REGULATION OF CYTOKINE PRODUCTION INVOLVED IN IMMUNE RESPONSE%GOBP%GO:0002720	POSITIVE REGULATION OF CYTOKINE PRODUCTION INVOLVED IN IMMUNE RESPONSE%GOBP%GO:0002720		56	0.32073617	0.9885041	0.48004988	1.0	1.0	8563	tags=45%, list=35%, signal=68%	
SOMITE DEVELOPMENT%GOBP%GO:0061053	SOMITE DEVELOPMENT%GOBP%GO:0061053		22	0.3792659	0.9883183	0.4949495	1.0	1.0	9303	tags=45%, list=38%, signal=73%	
SENSORY PERCEPTION OF LIGHT STIMULUS%GOBP%GO:0050953	SENSORY PERCEPTION OF LIGHT STIMULUS%GOBP%GO:0050953		146	0.28481337	0.9881921	0.5100223	1.0	1.0	2899	tags=14%, list=12%, signal=15%	
PKA ACTIVATION IN GLUCAGON SIGNALLING%REACTOME DATABASE ID RELEASE 95%164378	PKA ACTIVATION IN GLUCAGON SIGNALLING%REACTOME DATABASE ID RELEASE 95%164378		17	0.40298927	0.988165	0.5050798	1.0	1.0	4981	tags=29%, list=20%, signal=37%	
NAD METABOLISM%WIKIPATHWAYS_20260211%WP3644%HOMO SAPIENS	NAD METABOLISM%WIKIPATHWAYS_20260211%WP3644%HOMO SAPIENS		15	0.41300112	0.98813164	0.4947839	1.0	1.0	2928	tags=20%, list=12%, signal=23%	
OLEFINIC COMPOUND METABOLIC PROCESS%GOBP%GO:0120254	OLEFINIC COMPOUND METABOLIC PROCESS%GOBP%GO:0120254		111	0.29523718	0.9879533	0.5034404	1.0	1.0	6659	tags=33%, list=27%, signal=46%	
IMMUNE SYSTEM DEVELOPMENT%GOBP%GO:0002520	IMMUNE SYSTEM DEVELOPMENT%GOBP%GO:0002520		84	0.30295542	0.98791873	0.4924154	1.0	1.0	6090	tags=27%, list=25%, signal=36%	
N-GLYCAN ANTENNAE ELONGATION IN THE MEDIAL TRANS-GOLGI%REACTOME%R-HSA-975576.3	N-GLYCAN ANTENNAE ELONGATION IN THE MEDIAL TRANS-GOLGI%REACTOME%R-HSA-975576.3		26	0.3739303	0.9879027	0.49714285	1.0	1.0	5996	tags=42%, list=24%, signal=56%	
DEFECTIVE HOMOLOGOUS RECOMBINATION REPAIR (HRR) DUE TO BRCA1 LOSS OF FUNCTION%REACTOME%R-HSA-9701192.4	DEFECTIVE HOMOLOGOUS RECOMBINATION REPAIR (HRR) DUE TO BRCA1 LOSS OF FUNCTION%REACTOME%R-HSA-9701192.4		25	0.3731461	0.98782235	0.48101267	1.0	1.0	3455	tags=24%, list=14%, signal=28%	
POSITIVE REGULATION OF TYPE I INTERFERON-MEDIATED SIGNALING PATHWAY%GOBP%GO:0060340	POSITIVE REGULATION OF TYPE I INTERFERON-MEDIATED SIGNALING PATHWAY%GOBP%GO:0060340		16	0.41560382	0.9878049	0.49773756	1.0	1.0	6821	tags=31%, list=28%, signal=43%	
CELLULAR RESPONSE TO METAL ION%GOBP%GO:0071248	CELLULAR RESPONSE TO METAL ION%GOBP%GO:0071248		115	0.2896861	0.9877558	0.50865054	1.0	1.0	8206	tags=40%, list=34%, signal=60%	
ROLE OF CALCINEURIN-DEPENDENT NFAT SIGNALING IN LYMPHOCYTES%PATHWAY INTERACTION DATABASE NCI-NATURE CURATED DATA%ROLE OF CALCINEURIN-DEPENDENT NFAT SIGNALING IN LYMPHOCYTES	ROLE OF CALCINEURIN-DEPENDENT NFAT SIGNALING IN LYMPHOCYTES%PATHWAY INTERACTION DATABASE NCI-NATURE CURATED DATA%ROLE OF CALCINEURIN-DEPENDENT NFAT SIGNALING IN LYMPHOCYTES		52	0.3310693	0.98735803	0.49744898	1.0	1.0	7384	tags=40%, list=30%, signal=58%	
PID_IFNG_PATHWAY%MSIGDB_C2%PID_IFNG_PATHWAY	PID_IFNG_PATHWAY%MSIGDB_C2%PID_IFNG_PATHWAY		29	0.36759138	0.987301	0.48783785	1.0	1.0	7567	tags=34%, list=31%, signal=50%	
RESPONSE TO FUNGUS%GOBP%GO:0009620	RESPONSE TO FUNGUS%GOBP%GO:0009620		32	0.35561872	0.98701	0.48178136	1.0	1.0	8563	tags=50%, list=35%, signal=77%	
NUCLEAR-TRANSCRIBED MRNA CATABOLIC PROCESS, NONSENSE-MEDIATED DECAY%GOBP%GO:0000184	NUCLEAR-TRANSCRIBED MRNA CATABOLIC PROCESS, NONSENSE-MEDIATED DECAY%GOBP%GO:0000184		27	0.36511675	0.98689604	0.4993234	1.0	1.0	5068	tags=30%, list=21%, signal=37%	
ADULT BEHAVIOR%GOBP%GO:0030534	ADULT BEHAVIOR%GOBP%GO:0030534		42	0.3351863	0.9868219	0.5	1.0	1.0	9138	tags=48%, list=37%, signal=76%	
HEART MORPHOGENESIS%GOBP%GO:0003007	HEART MORPHOGENESIS%GOBP%GO:0003007		162	0.28303525	0.9865546	0.5259096	1.0	1.0	6294	tags=28%, list=26%, signal=37%	
NEGATIVE REGULATION OF VASCULATURE DEVELOPMENT%GOBP%GO:1901343	NEGATIVE REGULATION OF VASCULATURE DEVELOPMENT%GOBP%GO:1901343		93	0.29706278	0.98603356	0.49355218	1.0	1.0	3183	tags=18%, list=13%, signal=21%	
G PROTEIN-COUPLED DOPAMINE RECEPTOR SIGNALING PATHWAY%GOBP%GO:0007212	G PROTEIN-COUPLED DOPAMINE RECEPTOR SIGNALING PATHWAY%GOBP%GO:0007212		16	0.41269436	0.9859046	0.5035868	1.0	1.0	2443	tags=19%, list=10%, signal=21%	
POSITIVE REGULATION OF CHOLESTEROL EFFLUX%GOBP%GO:0010875	POSITIVE REGULATION OF CHOLESTEROL EFFLUX%GOBP%GO:0010875		23	0.37920028	0.9859034	0.49293786	1.0	1.0	3215	tags=17%, list=13%, signal=20%	
DOWNSTREAM TCR SIGNALING%REACTOME%R-HSA-202424.6	DOWNSTREAM TCR SIGNALING%REACTOME%R-HSA-202424.6		87	0.2973958	0.9857254	0.48774797	1.0	1.0	5014	tags=26%, list=20%, signal=33%	
BIOCARTA_CYTOKINE_PATHWAY%MSIGDB_C2%BIOCARTA_CYTOKINE_PATHWAY	BIOCARTA_CYTOKINE_PATHWAY%MSIGDB_C2%BIOCARTA_CYTOKINE_PATHWAY		19	0.38911003	0.9855713	0.48497853	1.0	1.0	11921	tags=63%, list=49%, signal=123%	
REGUCALCIN IN PROXIMAL TUBULE EPITHELIAL KIDNEY CELLS%WIKIPATHWAYS_20260211%WP4838%HOMO SAPIENS	REGUCALCIN IN PROXIMAL TUBULE EPITHELIAL KIDNEY CELLS%WIKIPATHWAYS_20260211%WP4838%HOMO SAPIENS		27	0.36377084	0.9854132	0.4951049	1.0	1.0	3975	tags=26%, list=16%, signal=31%	
INTRACELLULAR CALCIUM ION HOMEOSTASIS%GOBP%GO:0006874	INTRACELLULAR CALCIUM ION HOMEOSTASIS%GOBP%GO:0006874		152	0.28089452	0.98515964	0.50223213	1.0	1.0	6209	tags=30%, list=25%, signal=40%	
PLACENTA DEVELOPMENT%GOBP%GO:0001890	PLACENTA DEVELOPMENT%GOBP%GO:0001890		52	0.32579947	0.9851592	0.49625	1.0	1.0	7406	tags=37%, list=30%, signal=52%	
TELENCEPHALON DEVELOPMENT%GOBP%GO:0021537	TELENCEPHALON DEVELOPMENT%GOBP%GO:0021537		104	0.29212716	0.98493373	0.49537036	1.0	1.0	8625	tags=43%, list=35%, signal=67%	
REGULATION OF MITOTIC SPINDLE CHECKPOINT%GOBP%GO:1903504	REGULATION OF MITOTIC SPINDLE CHECKPOINT%GOBP%GO:1903504		32	0.3556477	0.98492765	0.49249658	1.0	1.0	5143	tags=31%, list=21%, signal=40%	
INACTIVATION, RECOVERY AND REGULATION OF THE PHOTOTRANSDUCTION CASCADE%REACTOME DATABASE ID RELEASE 95%2514859	INACTIVATION, RECOVERY AND REGULATION OF THE PHOTOTRANSDUCTION CASCADE%REACTOME DATABASE ID RELEASE 95%2514859		30	0.35860023	0.9842689	0.48409405	1.0	1.0	4493	tags=23%, list=18%, signal=29%	
TRANS SULFURATION ONE CARBON METABOLISM AND RELATED PATHWAYS%WIKIPATHWAYS_20260211%WP2525%HOMO SAPIENS	TRANS SULFURATION ONE CARBON METABOLISM AND RELATED PATHWAYS%WIKIPATHWAYS_20260211%WP2525%HOMO SAPIENS		45	0.33449644	0.98419833	0.49113923	1.0	1.0	6429	tags=33%, list=26%, signal=45%	
FACTORS INVOLVED IN MEGAKARYOCYTE DEVELOPMENT AND PLATELET PRODUCTION%REACTOME DATABASE ID RELEASE 95%983231	FACTORS INVOLVED IN MEGAKARYOCYTE DEVELOPMENT AND PLATELET PRODUCTION%REACTOME DATABASE ID RELEASE 95%983231		138	0.2850978	0.98397356	0.51227677	1.0	1.0	6326	tags=28%, list=26%, signal=37%	
RECYCLING OF BILE ACIDS AND SALTS%REACTOME%R-HSA-159418.6	RECYCLING OF BILE ACIDS AND SALTS%REACTOME%R-HSA-159418.6		18	0.39490804	0.9835383	0.48	1.0	1.0	9144	tags=67%, list=37%, signal=106%	
CELL DIFFERENTIATION INVOLVED IN KIDNEY DEVELOPMENT%GOBP%GO:0061005	CELL DIFFERENTIATION INVOLVED IN KIDNEY DEVELOPMENT%GOBP%GO:0061005		29	0.36061755	0.98351645	0.4965612	1.0	1.0	2404	tags=21%, list=10%, signal=23%	
CHROMOSOME LOCALIZATION%GOBP%GO:0050000	CHROMOSOME LOCALIZATION%GOBP%GO:0050000		98	0.2938687	0.9833512	0.49408984	1.0	1.0	7063	tags=32%, list=29%, signal=44%	
REGULATION OF CYTOKINE-MEDIATED SIGNALING PATHWAY%GOBP%GO:0001959	REGULATION OF CYTOKINE-MEDIATED SIGNALING PATHWAY%GOBP%GO:0001959		148	0.28126162	0.98308575	0.53695655	1.0	1.0	6235	tags=27%, list=25%, signal=36%	
OVERVIEW OF PROINFLAMMATORY AND PROFIBROTIC MEDIATORS%WIKIPATHWAYS_20260211%WP5095%HOMO SAPIENS	OVERVIEW OF PROINFLAMMATORY AND PROFIBROTIC MEDIATORS%WIKIPATHWAYS_20260211%WP5095%HOMO SAPIENS		116	0.28979215	0.98305345	0.51165503	1.0	1.0	5627	tags=28%, list=23%, signal=37%	
CANNABINOID RECEPTOR SIGNALING%WIKIPATHWAYS_20260211%WP3869%HOMO SAPIENS	CANNABINOID RECEPTOR SIGNALING%WIKIPATHWAYS_20260211%WP3869%HOMO SAPIENS		25	0.36592075	0.98293924	0.4796634	1.0	1.0	9433	tags=52%, list=39%, signal=84%	
WNT SIGNALING PATHWAY%GOBP%GO:0016055	WNT SIGNALING PATHWAY%GOBP%GO:0016055		103	0.29114398	0.9825955	0.50827426	1.0	1.0	7216	tags=34%, list=29%, signal=48%	
TRNA PROCESSING IN THE NUCLEUS%REACTOME%R-HSA-6784531.6	TRNA PROCESSING IN THE NUCLEUS%REACTOME%R-HSA-6784531.6		55	0.31810144	0.9821871	0.49936628	1.0	1.0	6347	tags=31%, list=26%, signal=42%	
POSITIVE REGULATION OF PROTEIN-CONTAINING COMPLEX ASSEMBLY%GOBP%GO:0031334	POSITIVE REGULATION OF PROTEIN-CONTAINING COMPLEX ASSEMBLY%GOBP%GO:0031334		178	0.27792263	0.98199147	0.5237581	1.0	1.0	7871	tags=35%, list=32%, signal=52%	
REGULATION OF STEROID BIOSYNTHETIC PROCESS%GOBP%GO:0050810	REGULATION OF STEROID BIOSYNTHETIC PROCESS%GOBP%GO:0050810		61	0.32037756	0.9817705	0.48533008	1.0	1.0	5285	tags=26%, list=22%, signal=33%	
HYALURONAN DEGRADATION%REACTOME DATABASE ID RELEASE 95%2160916	HYALURONAN DEGRADATION%REACTOME DATABASE ID RELEASE 95%2160916		16	0.41126698	0.98167616	0.5101744	1.0	1.0	6697	tags=38%, list=27%, signal=52%	
REGULATION OF MICROTUBULE CYTOSKELETON ORGANIZATION%GOBP%GO:0070507	REGULATION OF MICROTUBULE CYTOSKELETON ORGANIZATION%GOBP%GO:0070507		145	0.28072923	0.98143786	0.50941306	1.0	1.0	6381	tags=28%, list=26%, signal=38%	
RUNX2 REGULATES OSTEOBLAST DIFFERENTIATION%REACTOME%R-HSA-8940973.2	RUNX2 REGULATES OSTEOBLAST DIFFERENTIATION%REACTOME%R-HSA-8940973.2		23	0.37451547	0.98118544	0.5111732	1.0	1.0	6517	tags=39%, list=27%, signal=53%	
NEGATIVE REGULATION OF PROTEIN-CONTAINING COMPLEX ASSEMBLY%GOBP%GO:0031333	NEGATIVE REGULATION OF PROTEIN-CONTAINING COMPLEX ASSEMBLY%GOBP%GO:0031333		107	0.28972143	0.9811046	0.506993	1.0	1.0	4777	tags=26%, list=20%, signal=32%	
REGULATION OF NEUROGENESIS%GOBP%GO:0050767	REGULATION OF NEUROGENESIS%GOBP%GO:0050767		191	0.2755127	0.9810416	0.5230263	1.0	1.0	5751	tags=27%, list=23%, signal=35%	
HISTONE MRNA METABOLIC PROCESS%GOBP%GO:0008334	HISTONE MRNA METABOLIC PROCESS%GOBP%GO:0008334		28	0.36297998	0.98091406	0.4936351	1.0	1.0	6152	tags=32%, list=25%, signal=43%	
COAGULATION%SMPDB%SMP0000586	COAGULATION%SMPDB%SMP0000586		20	0.3794828	0.9808087	0.5065123	1.0	1.0	3331	tags=20%, list=14%, signal=23%	
NEGATIVE REGULATION OF COAGULATION%GOBP%GO:0050819	NEGATIVE REGULATION OF COAGULATION%GOBP%GO:0050819		43	0.3330419	0.9806133	0.48868176	1.0	1.0	8484	tags=40%, list=35%, signal=60%	
ANGIOPOIETIN RECEPTOR TIE2-MEDIATED SIGNALING%PATHWAY INTERACTION DATABASE NCI-NATURE CURATED DATA%ANGIOPOIETIN RECEPTOR TIE2-MEDIATED SIGNALING	ANGIOPOIETIN RECEPTOR TIE2-MEDIATED SIGNALING%PATHWAY INTERACTION DATABASE NCI-NATURE CURATED DATA%ANGIOPOIETIN RECEPTOR TIE2-MEDIATED SIGNALING		50	0.3241959	0.9798921	0.48504552	1.0	1.0	7612	tags=38%, list=31%, signal=55%	
REGULATION OF LIPID LOCALIZATION%GOBP%GO:1905952	REGULATION OF LIPID LOCALIZATION%GOBP%GO:1905952		119	0.28527012	0.97983867	0.5143513	1.0	1.0	7214	tags=33%, list=29%, signal=46%	
EXOCYTOSIS%GOBP%GO:0006887	EXOCYTOSIS%GOBP%GO:0006887		180	0.2774258	0.9797614	0.5387168	1.0	1.0	8582	tags=41%, list=35%, signal=62%	
TELOMERE END PACKAGING AND NEURODEVELOPMENTAL DISORDERS%WIKIPATHWAYS_20260211%WP5567%HOMO SAPIENS	TELOMERE END PACKAGING AND NEURODEVELOPMENTAL DISORDERS%WIKIPATHWAYS_20260211%WP5567%HOMO SAPIENS		30	0.36001384	0.9796179	0.52589643	1.0	1.0	2622	tags=17%, list=11%, signal=19%	
REGULATION OF ORGANELLE ASSEMBLY%GOBP%GO:1902115	REGULATION OF ORGANELLE ASSEMBLY%GOBP%GO:1902115		198	0.27687305	0.97927177	0.53544974	1.0	1.0	5149	tags=21%, list=21%, signal=27%	
IL1 SIGNALING%WIKIPATHWAYS_20260211%WP195%HOMO SAPIENS	IL1 SIGNALING%WIKIPATHWAYS_20260211%WP195%HOMO SAPIENS		44	0.32860237	0.97923034	0.48350254	1.0	1.0	4634	tags=27%, list=19%, signal=34%	
BIOCARTA_CTLA4_PATHWAY%MSIGDB_C2%BIOCARTA_CTLA4_PATHWAY	BIOCARTA_CTLA4_PATHWAY%MSIGDB_C2%BIOCARTA_CTLA4_PATHWAY		17	0.3938006	0.9791087	0.49067432	1.0	1.0	7293	tags=41%, list=30%, signal=59%	
MEMBRANE RAFT ORGANIZATION%GOBP%GO:0031579	MEMBRANE RAFT ORGANIZATION%GOBP%GO:0031579		22	0.37512693	0.97892046	0.48455057	1.0	1.0	3987	tags=23%, list=16%, signal=27%	
TYPE II DIABETES MELLITUS%WIKIPATHWAYS_20260211%WP1584%HOMO SAPIENS	TYPE II DIABETES MELLITUS%WIKIPATHWAYS_20260211%WP1584%HOMO SAPIENS		17	0.40086594	0.9787899	0.4789326	1.0	1.0	8962	tags=53%, list=37%, signal=83%	
MAP2K AND MAPK ACTIVATION%REACTOME DATABASE ID RELEASE 95%5674135	MAP2K AND MAPK ACTIVATION%REACTOME DATABASE ID RELEASE 95%5674135		37	0.33534524	0.9785876	0.49417853	1.0	1.0	9261	tags=43%, list=38%, signal=69%	
PYROPTOTIC INFLAMMATORY RESPONSE%GOBP%GO:0070269	PYROPTOTIC INFLAMMATORY RESPONSE%GOBP%GO:0070269		30	0.35765252	0.97841144	0.5144737	1.0	1.0	11577	tags=60%, list=47%, signal=114%	
NEGATIVE REGULATION OF PROTEOLYSIS%GOBP%GO:0045861	NEGATIVE REGULATION OF PROTEOLYSIS%GOBP%GO:0045861		51	0.32168812	0.97835386	0.507732	1.0	1.0	7254	tags=35%, list=30%, signal=50%	
PROTEIN SUMOYLATION%GOBP%GO:0016925	PROTEIN SUMOYLATION%GOBP%GO:0016925		45	0.331039	0.9781251	0.5019157	1.0	1.0	3986	tags=27%, list=16%, signal=32%	
REGULATED EXOCYTOSIS%GOBP%GO:0045055	REGULATED EXOCYTOSIS%GOBP%GO:0045055		105	0.29301292	0.9781169	0.51540285	1.0	1.0	9188	tags=48%, list=38%, signal=76%	
MYELOID CELL HOMEOSTASIS%GOBP%GO:0002262	MYELOID CELL HOMEOSTASIS%GOBP%GO:0002262		75	0.30936065	0.97790146	0.52286774	1.0	1.0	3431	tags=17%, list=14%, signal=20%	
CXCR3-MEDIATED SIGNALING EVENTS%PATHWAY INTERACTION DATABASE NCI-NATURE CURATED DATA%CXCR3-MEDIATED SIGNALING EVENTS	CXCR3-MEDIATED SIGNALING EVENTS%PATHWAY INTERACTION DATABASE NCI-NATURE CURATED DATA%CXCR3-MEDIATED SIGNALING EVENTS		38	0.34422144	0.9776778	0.5	1.0	1.0	6517	tags=29%, list=27%, signal=39%	
G-PROTEIN MEDIATED EVENTS%REACTOME DATABASE ID RELEASE 95%112040	G-PROTEIN MEDIATED EVENTS%REACTOME DATABASE ID RELEASE 95%112040		53	0.32275006	0.9776753	0.51028275	1.0	1.0	9629	tags=51%, list=39%, signal=84%	
REGULATION OF MACROPHAGE DERIVED FOAM CELL DIFFERENTIATION%GOBP%GO:0010743	REGULATION OF MACROPHAGE DERIVED FOAM CELL DIFFERENTIATION%GOBP%GO:0010743		33	0.34564626	0.9776749	0.5058824	1.0	1.0	8854	tags=45%, list=36%, signal=71%	
SEMAPHORIN-PLEXIN SIGNALING PATHWAY%GOBP%GO:0071526	SEMAPHORIN-PLEXIN SIGNALING PATHWAY%GOBP%GO:0071526		41	0.33394995	0.97765154	0.503937	1.0	1.0	7687	tags=39%, list=31%, signal=57%	
AXO-DENDRITIC TRANSPORT%GOBP%GO:0008088	AXO-DENDRITIC TRANSPORT%GOBP%GO:0008088		63	0.3108446	0.9772341	0.52757794	1.0	1.0	5093	tags=25%, list=21%, signal=32%	
OOCYTE DIFFERENTIATION%GOBP%GO:0009994	OOCYTE DIFFERENTIATION%GOBP%GO:0009994		30	0.3575053	0.97717845	0.48995984	1.0	1.0	2580	tags=17%, list=11%, signal=19%	
REGULATION OF MUSCLE CELL DIFFERENTIATION%GOBP%GO:0051147	REGULATION OF MUSCLE CELL DIFFERENTIATION%GOBP%GO:0051147		90	0.29663965	0.97709644	0.4935972	1.0	1.0	5127	tags=28%, list=21%, signal=35%	
RNA SURVEILLANCE%GOBP%GO:0071025	RNA SURVEILLANCE%GOBP%GO:0071025		38	0.33986413	0.9770227	0.5143979	1.0	1.0	3172	tags=21%, list=13%, signal=24%	
CELLULAR RESPONSE TO ACID CHEMICAL%GOBP%GO:0071229	CELLULAR RESPONSE TO ACID CHEMICAL%GOBP%GO:0071229		44	0.33210108	0.9768625	0.5153061	1.0	1.0	3367	tags=20%, list=14%, signal=24%	
MRNA TRANSCRIPTION%GOBP%GO:0009299	MRNA TRANSCRIPTION%GOBP%GO:0009299		40	0.3334893	0.97670126	0.4954008	1.0	1.0	5056	tags=33%, list=21%, signal=41%	
RESPONSE TO STEROID HORMONE%GOBP%GO:0048545	RESPONSE TO STEROID HORMONE%GOBP%GO:0048545		119	0.2884645	0.97648245	0.52040815	1.0	1.0	6242	tags=28%, list=25%, signal=37%	
MRNA TRANSPORT%GOBP%GO:0051028	MRNA TRANSPORT%GOBP%GO:0051028		74	0.30381235	0.9764575	0.5144578	1.0	1.0	2730	tags=16%, list=11%, signal=18%	
REGULATION OF STRIATED MUSCLE CONTRACTION%GOBP%GO:0006942	REGULATION OF STRIATED MUSCLE CONTRACTION%GOBP%GO:0006942		87	0.29944432	0.97644323	0.5371901	1.0	1.0	7163	tags=34%, list=29%, signal=49%	
REGULATION OF RESPONSE TO CYTOKINE STIMULUS%GOBP%GO:0060759	REGULATION OF RESPONSE TO CYTOKINE STIMULUS%GOBP%GO:0060759		159	0.276503	0.9763867	0.53031975	1.0	1.0	7175	tags=31%, list=29%, signal=43%	
POSITIVE REGULATION OF EPITHELIAL TO MESENCHYMAL TRANSITION%GOBP%GO:0010718	POSITIVE REGULATION OF EPITHELIAL TO MESENCHYMAL TRANSITION%GOBP%GO:0010718		49	0.32096294	0.9763628	0.53805774	1.0	1.0	6021	tags=33%, list=25%, signal=43%	
ALPHA-BETA T CELL ACTIVATION%GOBP%GO:0046631	ALPHA-BETA T CELL ACTIVATION%GOBP%GO:0046631		87	0.29768804	0.97600573	0.50297266	1.0	1.0	7593	tags=34%, list=31%, signal=50%	
REGULATION OF PLASMA MEMBRANE BOUNDED CELL PROJECTION ASSEMBLY%GOBP%GO:0120032	REGULATION OF PLASMA MEMBRANE BOUNDED CELL PROJECTION ASSEMBLY%GOBP%GO:0120032		182	0.27417487	0.9759854	0.5404814	1.0	1.0	6043	tags=26%, list=25%, signal=34%	
PULMONARY VALVE DEVELOPMENT%GOBP%GO:0003177	PULMONARY VALVE DEVELOPMENT%GOBP%GO:0003177		24	0.37188047	0.97597885	0.5160839	1.0	1.0	7292	tags=38%, list=30%, signal=53%	
SKELETAL MUSCLE CONTRACTION%GOBP%GO:0003009	SKELETAL MUSCLE CONTRACTION%GOBP%GO:0003009		28	0.3563038	0.97584385	0.5115646	1.0	1.0	8506	tags=61%, list=35%, signal=93%	
IL7 SIGNALING%WIKIPATHWAYS_20260211%WP205%HOMO SAPIENS	IL7 SIGNALING%WIKIPATHWAYS_20260211%WP205%HOMO SAPIENS		18	0.3969621	0.97572154	0.50710225	1.0	1.0	4592	tags=33%, list=19%, signal=41%	
ACENOCOUMAROL ACTION PATHWAY%PATHWHIZ%PW000312	ACENOCOUMAROL ACTION PATHWAY%PATHWHIZ%PW000312		20	0.3794828	0.9751468	0.49226442	1.0	1.0	3331	tags=20%, list=14%, signal=23%	
FAMILIAL PARTIAL LIPODYSTROPHY%WIKIPATHWAYS_20260211%WP5102%HOMO SAPIENS	FAMILIAL PARTIAL LIPODYSTROPHY%WIKIPATHWAYS_20260211%WP5102%HOMO SAPIENS		26	0.36041537	0.9751463	0.49800265	1.0	1.0	7012	tags=35%, list=29%, signal=48%	
ER-NUCLEUS SIGNALING PATHWAY%GOBP%GO:0006984	ER-NUCLEUS SIGNALING PATHWAY%GOBP%GO:0006984		28	0.35401586	0.97500515	0.51738524	1.0	1.0	2477	tags=18%, list=10%, signal=20%	
COMPLEX I BIOGENESIS%REACTOME DATABASE ID RELEASE 95%6799198	COMPLEX I BIOGENESIS%REACTOME DATABASE ID RELEASE 95%6799198		62	0.3105695	0.9749926	0.5110024	1.0	1.0	3915	tags=18%, list=16%, signal=21%	
INTERLEUKIN-2 FAMILY SIGNALING%REACTOME DATABASE ID RELEASE 95%451927	INTERLEUKIN-2 FAMILY SIGNALING%REACTOME DATABASE ID RELEASE 95%451927		44	0.33319092	0.9747127	0.51028275	1.0	1.0	6462	tags=32%, list=26%, signal=43%	
NUCLEOBASE-CONTAINING COMPOUND TRANSPORT%GOBP%GO:0015931	NUCLEOBASE-CONTAINING COMPOUND TRANSPORT%GOBP%GO:0015931		164	0.2767012	0.9741681	0.54906285	1.0	1.0	4617	tags=21%, list=19%, signal=26%	
SYNAPTIC VESICLE RECYCLING%GOBP%GO:0036465	SYNAPTIC VESICLE RECYCLING%GOBP%GO:0036465		44	0.32679692	0.97396904	0.5170157	1.0	1.0	10440	tags=52%, list=43%, signal=91%	
REGULATION OF CYTOSOLIC CALCIUM ION CONCENTRATION%GOBP%GO:0051480	REGULATION OF CYTOSOLIC CALCIUM ION CONCENTRATION%GOBP%GO:0051480		39	0.33304775	0.97385925	0.5086093	1.0	1.0	2138	tags=13%, list=9%, signal=14%	
HCMV EARLY EVENTS%REACTOME%R-HSA-9609690.2	HCMV EARLY EVENTS%REACTOME%R-HSA-9609690.2		80	0.30180758	0.97364765	0.52220887	1.0	1.0	6539	tags=28%, list=27%, signal=37%	
POSITIVE REGULATION OF LEUKOCYTE MEDIATED CYTOTOXICITY%GOBP%GO:0001912	POSITIVE REGULATION OF LEUKOCYTE MEDIATED CYTOTOXICITY%GOBP%GO:0001912		57	0.31694502	0.9735263	0.5087282	1.0	1.0	7298	tags=37%, list=30%, signal=52%	
NEGATIVE REGULATION OF TRANSLATION%GOBP%GO:0017148	NEGATIVE REGULATION OF TRANSLATION%GOBP%GO:0017148		109	0.2890751	0.9735229	0.5174014	1.0	1.0	3811	tags=19%, list=16%, signal=23%	
POSITIVE REGULATION OF T CELL DIFFERENTIATION%GOBP%GO:0045582	POSITIVE REGULATION OF T CELL DIFFERENTIATION%GOBP%GO:0045582		89	0.296317	0.97339183	0.51010704	1.0	1.0	4702	tags=25%, list=19%, signal=30%	
REGULATION OF CELLULAR RESPONSE TO TRANSFORMING GROWTH FACTOR BETA STIMULUS%GOBP%GO:1903844	REGULATION OF CELLULAR RESPONSE TO TRANSFORMING GROWTH FACTOR BETA STIMULUS%GOBP%GO:1903844		123	0.28233477	0.97268516	0.5217391	1.0	1.0	6779	tags=31%, list=28%, signal=43%	
COLLAGEN FIBRIL ORGANIZATION%GOBP%GO:0030199	COLLAGEN FIBRIL ORGANIZATION%GOBP%GO:0030199		53	0.3155681	0.9726463	0.49615383	1.0	1.0	2327	tags=15%, list=10%, signal=17%	
IL1-MEDIATED SIGNALING EVENTS%PATHWAY INTERACTION DATABASE NCI-NATURE CURATED DATA%IL1-MEDIATED SIGNALING EVENTS	IL1-MEDIATED SIGNALING EVENTS%PATHWAY INTERACTION DATABASE NCI-NATURE CURATED DATA%IL1-MEDIATED SIGNALING EVENTS		34	0.34651357	0.9726172	0.50396824	1.0	1.0	4634	tags=35%, list=19%, signal=43%	
REGULATION OF NEUROTRANSMITTER UPTAKE%GOBP%GO:0051580	REGULATION OF NEUROTRANSMITTER UPTAKE%GOBP%GO:0051580		17	0.39562538	0.9725098	0.51133144	1.0	1.0	3987	tags=29%, list=16%, signal=35%	
INORGANIC ANION TRANSPORT%GOBP%GO:0015698	INORGANIC ANION TRANSPORT%GOBP%GO:0015698		120	0.2832356	0.97209734	0.54246885	1.0	1.0	7376	tags=38%, list=30%, signal=53%	
POSITIVE REGULATION OF AXONOGENESIS%GOBP%GO:0050772	POSITIVE REGULATION OF AXONOGENESIS%GOBP%GO:0050772		39	0.33625484	0.9720838	0.5134443	1.0	1.0	7157	tags=38%, list=29%, signal=54%	
POSITIVE REGULATION OF CELL KILLING%GOBP%GO:0031343	POSITIVE REGULATION OF CELL KILLING%GOBP%GO:0031343		59	0.316557	0.9720235	0.5225806	1.0	1.0	7298	tags=37%, list=30%, signal=53%	
REGULATION OF MACROAUTOPHAGY%GOBP%GO:0016241	REGULATION OF MACROAUTOPHAGY%GOBP%GO:0016241		180	0.27852467	0.97198695	0.53645265	1.0	1.0	5109	tags=23%, list=21%, signal=29%	
CHOLESTEROL BIOSYNTHESIS PATHWAY IN HEPATOCYTES%WIKIPATHWAYS_20260211%WP5329%HOMO SAPIENS	CHOLESTEROL BIOSYNTHESIS PATHWAY IN HEPATOCYTES%WIKIPATHWAYS_20260211%WP5329%HOMO SAPIENS		37	0.34226358	0.9717799	0.5203146	1.0	1.0	4846	tags=27%, list=20%, signal=34%	
NUCLEAR DNA REPLICATION%GOBP%GO:0033260	NUCLEAR DNA REPLICATION%GOBP%GO:0033260		20	0.3870549	0.97166014	0.53133905	1.0	1.0	8423	tags=55%, list=34%, signal=84%	
PID_NFKAPPAB_CANONICAL_PATHWAY%MSIGDB_C2%PID_NFKAPPAB_CANONICAL_PATHWAY	PID_NFKAPPAB_CANONICAL_PATHWAY%MSIGDB_C2%PID_NFKAPPAB_CANONICAL_PATHWAY		20	0.3831691	0.97148776	0.53966004	1.0	1.0	4634	tags=30%, list=19%, signal=37%	
TRIGLYCERIDE HOMEOSTASIS%GOBP%GO:0070328	TRIGLYCERIDE HOMEOSTASIS%GOBP%GO:0070328		36	0.3400235	0.97136205	0.5099867	1.0	1.0	9010	tags=56%, list=37%, signal=88%	
SMALL CELL LUNG CANCER%WIKIPATHWAYS_20260211%WP4658%HOMO SAPIENS	SMALL CELL LUNG CANCER%WIKIPATHWAYS_20260211%WP4658%HOMO SAPIENS		83	0.29747668	0.9713561	0.5510689	1.0	1.0	4685	tags=22%, list=19%, signal=27%	
PROTEIN BRANCHED POLYUBIQUITINATION%GOBP%GO:0141198	PROTEIN BRANCHED POLYUBIQUITINATION%GOBP%GO:0141198		19	0.39169282	0.9713507	0.510699	1.0	1.0	2989	tags=21%, list=12%, signal=24%	
POSITIVE REGULATION OF VESICLE FUSION%GOBP%GO:0031340	POSITIVE REGULATION OF VESICLE FUSION%GOBP%GO:0031340		20	0.3821514	0.9712584	0.50852275	1.0	1.0	9480	tags=55%, list=39%, signal=90%	
DIGESTION AND ABSORPTION%REACTOME%R-HSA-8963743.4	DIGESTION AND ABSORPTION%REACTOME%R-HSA-8963743.4		26	0.3591056	0.9712343	0.5103735	1.0	1.0	7074	tags=42%, list=29%, signal=59%	
CHOLESTEROL TRANSPORT%GOBP%GO:0030301	CHOLESTEROL TRANSPORT%GOBP%GO:0030301		61	0.30888355	0.9712211	0.49321824	1.0	1.0	8580	tags=48%, list=35%, signal=73%	
THYMUS DEVELOPMENT%GOBP%GO:0048538	THYMUS DEVELOPMENT%GOBP%GO:0048538		15	0.4103507	0.9710754	0.51965064	1.0	1.0	5751	tags=33%, list=23%, signal=44%	
ESTABLISHMENT OF PROTEIN LOCALIZATION TO VACUOLE%GOBP%GO:0072666	ESTABLISHMENT OF PROTEIN LOCALIZATION TO VACUOLE%GOBP%GO:0072666		48	0.32378694	0.971019	0.5235669	1.0	1.0	7363	tags=42%, list=30%, signal=59%	
REGULATION OF CELL PROJECTION ASSEMBLY%GOBP%GO:0060491	REGULATION OF CELL PROJECTION ASSEMBLY%GOBP%GO:0060491		183	0.27403063	0.9709231	0.55183583	1.0	1.0	6043	tags=26%, list=25%, signal=34%	
NEGATIVE REGULATION OF NON-CANONICAL NF-KAPPAB SIGNAL TRANSDUCTION%GOBP%GO:1901223	NEGATIVE REGULATION OF NON-CANONICAL NF-KAPPAB SIGNAL TRANSDUCTION%GOBP%GO:1901223		30	0.34834284	0.9707996	0.5301205	1.0	1.0	7257	tags=37%, list=30%, signal=52%	
REPRODUCTION%REACTOME%R-HSA-1474165.7	REPRODUCTION%REACTOME%R-HSA-1474165.7		124	0.28281215	0.97037196	0.53177255	1.0	1.0	6184	tags=27%, list=25%, signal=35%	
NUCLEUS ORGANIZATION%GOBP%GO:0006997	NUCLEUS ORGANIZATION%GOBP%GO:0006997		117	0.28471142	0.9703224	0.53021663	1.0	1.0	4639	tags=21%, list=19%, signal=25%	
TENECTEPLASE ACTION PATHWAY%SMPDB%SMP0000283	TENECTEPLASE ACTION PATHWAY%SMPDB%SMP0000283		20	0.3794828	0.9702877	0.51714283	1.0	1.0	3331	tags=20%, list=14%, signal=23%	
VESICLE-MEDIATED TRANSPORT IN SYNAPSE%GOBP%GO:0099003	VESICLE-MEDIATED TRANSPORT IN SYNAPSE%GOBP%GO:0099003		103	0.28885576	0.9698576	0.53846157	1.0	1.0	8472	tags=37%, list=35%, signal=56%	
POSITIVE REGULATION OF CHOLESTEROL METABOLIC PROCESS%GOBP%GO:0090205	POSITIVE REGULATION OF CHOLESTEROL METABOLIC PROCESS%GOBP%GO:0090205		19	0.3836702	0.9697606	0.5231214	1.0	1.0	7130	tags=42%, list=29%, signal=59%	
PLATELET DENSE GRANULE ORGANIZATION%GOBP%GO:0060155	PLATELET DENSE GRANULE ORGANIZATION%GOBP%GO:0060155		24	0.3618501	0.96975046	0.49789622	1.0	1.0	5048	tags=33%, list=21%, signal=42%	
NEGATIVE REGULATION OF LIPID METABOLIC PROCESS%GOBP%GO:0045833	NEGATIVE REGULATION OF LIPID METABOLIC PROCESS%GOBP%GO:0045833		82	0.29617724	0.96951735	0.5233533	1.0	1.0	6650	tags=30%, list=27%, signal=42%	
AUTONOMIC NERVOUS SYSTEM DEVELOPMENT%GOBP%GO:0048483	AUTONOMIC NERVOUS SYSTEM DEVELOPMENT%GOBP%GO:0048483		29	0.34725863	0.9692897	0.5042135	1.0	1.0	2859	tags=17%, list=12%, signal=19%	
DNA CONFORMATION CHANGE%GOBP%GO:0071103	DNA CONFORMATION CHANGE%GOBP%GO:0071103		17	0.40328565	0.9692436	0.5228277	1.0	1.0	2173	tags=18%, list=9%, signal=19%	
BIOCARTA_GSK3_PATHWAY%MSIGDB_C2%BIOCARTA_GSK3_PATHWAY	BIOCARTA_GSK3_PATHWAY%MSIGDB_C2%BIOCARTA_GSK3_PATHWAY		19	0.38338354	0.96907526	0.50789094	1.0	1.0	3693	tags=21%, list=15%, signal=25%	
NUCLEOSOME REMODELING COMPLEX%WIKIPATHWAYS_20260211%WP5572%HOMO SAPIENS	NUCLEOSOME REMODELING COMPLEX%WIKIPATHWAYS_20260211%WP5572%HOMO SAPIENS		16	0.40671265	0.968999	0.51395005	1.0	1.0	618	tags=13%, list=3%, signal=13%	
BIOCARTA_AKT_PATHWAY%MSIGDB_C2%BIOCARTA_AKT_PATHWAY	BIOCARTA_AKT_PATHWAY%MSIGDB_C2%BIOCARTA_AKT_PATHWAY		16	0.4011424	0.9688437	0.47761193	1.0	1.0	4634	tags=25%, list=19%, signal=31%	
MEMBRANE DOCKING%GOBP%GO:0022406	MEMBRANE DOCKING%GOBP%GO:0022406		78	0.30139312	0.9688038	0.53277713	1.0	1.0	4850	tags=22%, list=20%, signal=27%	
ESTABLISHMENT OF PROTEIN LOCALIZATION TO PEROXISOME%GOBP%GO:0072663	ESTABLISHMENT OF PROTEIN LOCALIZATION TO PEROXISOME%GOBP%GO:0072663		20	0.38276234	0.96868074	0.51	1.0	1.0	1773	tags=20%, list=7%, signal=22%	
CARDIOGENESIS%REACTOME%R-HSA-9733709.1	CARDIOGENESIS%REACTOME%R-HSA-9733709.1		27	0.35455433	0.9685773	0.49860334	1.0	1.0	7778	tags=41%, list=32%, signal=60%	
SIRT1 NEGATIVELY REGULATES RRNA EXPRESSION%REACTOME DATABASE ID RELEASE 95%427359	SIRT1 NEGATIVELY REGULATES RRNA EXPRESSION%REACTOME DATABASE ID RELEASE 95%427359		35	0.33781016	0.9683702	0.5026316	1.0	1.0	2622	tags=20%, list=11%, signal=22%	
MRNA METHYLGUANOSINE-CAP DECAPPING%GOBP%GO:0110156	MRNA METHYLGUANOSINE-CAP DECAPPING%GOBP%GO:0110156		20	0.37768745	0.96831745	0.51640517	1.0	1.0	6109	tags=35%, list=25%, signal=47%	
DENDRITIC SPINE ORGANIZATION%GOBP%GO:0097061	DENDRITIC SPINE ORGANIZATION%GOBP%GO:0097061		27	0.36153948	0.968302	0.52472526	1.0	1.0	1634	tags=15%, list=7%, signal=16%	
DETOXIFICATION OF INORGANIC COMPOUND%GOBP%GO:0061687	DETOXIFICATION OF INORGANIC COMPOUND%GOBP%GO:0061687		22	0.37216613	0.9681872	0.5161744	1.0	1.0	8493	tags=55%, list=35%, signal=83%	
WARFARIN ACTION PATHWAY%SMPDB%SMP0000268	WARFARIN ACTION PATHWAY%SMPDB%SMP0000268		20	0.3794828	0.96811336	0.4965035	1.0	1.0	3331	tags=20%, list=14%, signal=23%	
PROTEIN-DNA COMPLEX ORGANIZATION%GOBP%GO:0071824	PROTEIN-DNA COMPLEX ORGANIZATION%GOBP%GO:0071824		159	0.2779916	0.96765876	0.5731707	1.0	1.0	3949	tags=21%, list=16%, signal=25%	
NUCLEOTIDE CATABOLIC PROCESS%GOBP%GO:0009166	NUCLEOTIDE CATABOLIC PROCESS%GOBP%GO:0009166		82	0.29278457	0.9676421	0.51360947	1.0	1.0	6762	tags=33%, list=28%, signal=45%	
NEGATIVE REGULATION OF TYPE I INTERFERON PRODUCTION%GOBP%GO:0032480	NEGATIVE REGULATION OF TYPE I INTERFERON PRODUCTION%GOBP%GO:0032480		44	0.32326168	0.9675869	0.515873	1.0	1.0	6525	tags=30%, list=27%, signal=40%	
POSITIVE REGULATION OF FATTY ACID BIOSYNTHETIC PROCESS%GOBP%GO:0045723	POSITIVE REGULATION OF FATTY ACID BIOSYNTHETIC PROCESS%GOBP%GO:0045723		22	0.37582266	0.9675407	0.5141243	1.0	1.0	8580	tags=50%, list=35%, signal=77%	
STREPTOKINASE ACTION PATHWAY%PATHWHIZ%PW000304	STREPTOKINASE ACTION PATHWAY%PATHWHIZ%PW000304		20	0.3794828	0.9674889	0.5355191	1.0	1.0	3331	tags=20%, list=14%, signal=23%	
CELLULAR RESPONSE TO AMINO ACID STARVATION%GOBP%GO:0034198	CELLULAR RESPONSE TO AMINO ACID STARVATION%GOBP%GO:0034198		46	0.32426676	0.9670372	0.526658	1.0	1.0	7419	tags=35%, list=30%, signal=50%	
ALZHEIMER DISEASE-AMYLOID SECRETASE PATHWAY%PANTHER PATHWAY%P00003	ALZHEIMER DISEASE-AMYLOID SECRETASE PATHWAY%PANTHER PATHWAY%P00003		50	0.3206676	0.96689004	0.5327456	1.0	1.0	6517	tags=34%, list=27%, signal=46%	
REGULATION OF MICROGLIAL CELL ACTIVATION%GOBP%GO:1903978	REGULATION OF MICROGLIAL CELL ACTIVATION%GOBP%GO:1903978		16	0.40361854	0.96688426	0.52136755	1.0	1.0	5253	tags=25%, list=21%, signal=32%	
REGULATION OF ACTIN POLYMERIZATION OR DEPOLYMERIZATION%GOBP%GO:0008064	REGULATION OF ACTIN POLYMERIZATION OR DEPOLYMERIZATION%GOBP%GO:0008064		108	0.2867325	0.96672744	0.540163	1.0	1.0	5341	tags=24%, list=22%, signal=31%	
ACTIN FILAMENT CAPPING%GOBP%GO:0051693	ACTIN FILAMENT CAPPING%GOBP%GO:0051693		19	0.38620952	0.9666932	0.5265487	1.0	1.0	4074	tags=26%, list=17%, signal=32%	
NEGATIVE REGULATION OF TOR SIGNALING%GOBP%GO:0032007	NEGATIVE REGULATION OF TOR SIGNALING%GOBP%GO:0032007		71	0.3050832	0.9666507	0.54656863	1.0	1.0	5364	tags=24%, list=22%, signal=31%	
PRE IMPLANTATION EMBRYO%WIKIPATHWAYS_20260211%WP3527%HOMO SAPIENS	PRE IMPLANTATION EMBRYO%WIKIPATHWAYS_20260211%WP3527%HOMO SAPIENS		54	0.31902635	0.9666419	0.52205884	1.0	1.0	6191	tags=30%, list=25%, signal=40%	
IL8- AND CXCR2-MEDIATED SIGNALING EVENTS%PATHWAY INTERACTION DATABASE NCI-NATURE CURATED DATA%IL8- AND CXCR2-MEDIATED SIGNALING EVENTS	IL8- AND CXCR2-MEDIATED SIGNALING EVENTS%PATHWAY INTERACTION DATABASE NCI-NATURE CURATED DATA%IL8- AND CXCR2-MEDIATED SIGNALING EVENTS		34	0.34349066	0.9664191	0.5221932	1.0	1.0	5803	tags=29%, list=24%, signal=38%	
PHENPROCOUMON ACTION PATHWAY%PATHWHIZ%PW000314	PHENPROCOUMON ACTION PATHWAY%PATHWHIZ%PW000314		20	0.3794828	0.9660177	0.51432663	1.0	1.0	3331	tags=20%, list=14%, signal=23%	
LYMPHOCYTE DIFFERENTIATION%GOBP%GO:0030098	LYMPHOCYTE DIFFERENTIATION%GOBP%GO:0030098		183	0.27079025	0.96571434	0.5571273	1.0	1.0	6462	tags=28%, list=26%, signal=38%	
CELLULAR PIGMENTATION%GOBP%GO:0033059	CELLULAR PIGMENTATION%GOBP%GO:0033059		57	0.31387204	0.9656714	0.52035624	1.0	1.0	5048	tags=28%, list=21%, signal=35%	
DIGESTIVE SYSTEM DEVELOPMENT%GOBP%GO:0055123	DIGESTIVE SYSTEM DEVELOPMENT%GOBP%GO:0055123		60	0.31095272	0.9654282	0.5502451	1.0	1.0	7524	tags=32%, list=31%, signal=46%	
PROTEIN K63-LINKED UBIQUITINATION%GOBP%GO:0070534	PROTEIN K63-LINKED UBIQUITINATION%GOBP%GO:0070534		70	0.30220112	0.96516716	0.52560973	1.0	1.0	6235	tags=30%, list=25%, signal=40%	
RETEPLASE ACTION PATHWAY%SMPDB%SMP0000285	RETEPLASE ACTION PATHWAY%SMPDB%SMP0000285		20	0.3794828	0.96486855	0.5308123	1.0	1.0	3331	tags=20%, list=14%, signal=23%	
P38 MAPK SIGNALING%WIKIPATHWAYS_20260211%WP400%HOMO SAPIENS	P38 MAPK SIGNALING%WIKIPATHWAYS_20260211%WP400%HOMO SAPIENS		28	0.3508126	0.9648407	0.51424694	1.0	1.0	3116	tags=18%, list=13%, signal=20%	
LEPIRUDIN ACTION PATHWAY%SMPDB%SMP0000278	LEPIRUDIN ACTION PATHWAY%SMPDB%SMP0000278		20	0.3794828	0.9648162	0.50348675	1.0	1.0	3331	tags=20%, list=14%, signal=23%	
REGULATION OF LYMPHOCYTE DIFFERENTIATION%GOBP%GO:0045619	REGULATION OF LYMPHOCYTE DIFFERENTIATION%GOBP%GO:0045619		174	0.27308872	0.9648087	0.5624321	1.0	1.0	6462	tags=29%, list=26%, signal=39%	
ZYMOGEN ACTIVATION%GOBP%GO:0031638	ZYMOGEN ACTIVATION%GOBP%GO:0031638		35	0.33851078	0.9646385	0.5226667	1.0	1.0	7868	tags=49%, list=32%, signal=71%	
BIOCARTA_EDG1_PATHWAY%MSIGDB_C2%BIOCARTA_EDG1_PATHWAY	BIOCARTA_EDG1_PATHWAY%MSIGDB_C2%BIOCARTA_EDG1_PATHWAY		18	0.38774303	0.964579	0.5257302	1.0	1.0	9970	tags=67%, list=41%, signal=112%	
AMINO SUGAR METABOLISM%PATHWHIZ%PW000008	AMINO SUGAR METABOLISM%PATHWHIZ%PW000008		17	0.38854071	0.9645415	0.5253521	1.0	1.0	2616	tags=29%, list=11%, signal=33%	
NEGATIVE REGULATION OF SMALL GTPASE MEDIATED SIGNAL TRANSDUCTION%GOBP%GO:0051058	NEGATIVE REGULATION OF SMALL GTPASE MEDIATED SIGNAL TRANSDUCTION%GOBP%GO:0051058		48	0.31989974	0.9645378	0.530303	1.0	1.0	7157	tags=35%, list=29%, signal=50%	
VENTRICULAR SEPTUM MORPHOGENESIS%GOBP%GO:0060412	VENTRICULAR SEPTUM MORPHOGENESIS%GOBP%GO:0060412		30	0.3445974	0.9644047	0.52393275	1.0	1.0	5751	tags=30%, list=23%, signal=39%	
ESTABLISHMENT OF MITOTIC SPINDLE LOCALIZATION%GOBP%GO:0040001	ESTABLISHMENT OF MITOTIC SPINDLE LOCALIZATION%GOBP%GO:0040001		34	0.34437034	0.96436906	0.5461847	1.0	1.0	5754	tags=35%, list=23%, signal=46%	
S1P1 PATHWAY%PATHWAY INTERACTION DATABASE NCI-NATURE CURATED DATA%S1P1 PATHWAY	S1P1 PATHWAY%PATHWAY INTERACTION DATABASE NCI-NATURE CURATED DATA%S1P1 PATHWAY		19	0.3801004	0.9636443	0.5180375	1.0	1.0	4823	tags=32%, list=20%, signal=39%	
DETECTION OF BIOTIC STIMULUS%GOBP%GO:0009595	DETECTION OF BIOTIC STIMULUS%GOBP%GO:0009595		34	0.34288758	0.96363336	0.51842105	1.0	1.0	7758	tags=47%, list=32%, signal=69%	
TRANSCRIPTIONAL REGULATION BY VENTX%REACTOME DATABASE ID RELEASE 95%8853884	TRANSCRIPTIONAL REGULATION BY VENTX%REACTOME DATABASE ID RELEASE 95%8853884		39	0.3311363	0.96354616	0.51184213	1.0	1.0	6377	tags=33%, list=26%, signal=45%	
POSITIVE REGULATION OF RESPONSE TO CYTOKINE STIMULUS%GOBP%GO:0060760	POSITIVE REGULATION OF RESPONSE TO CYTOKINE STIMULUS%GOBP%GO:0060760		60	0.31351846	0.9634875	0.54625	1.0	1.0	5904	tags=25%, list=24%, signal=33%	
SYNAPTIC VESICLE CYCLE%GOBP%GO:0099504	SYNAPTIC VESICLE CYCLE%GOBP%GO:0099504		101	0.28914437	0.96345073	0.54618937	1.0	1.0	8472	tags=38%, list=35%, signal=57%	
REGULATION OF SODIUM ION TRANSPORT%GOBP%GO:0002028	REGULATION OF SODIUM ION TRANSPORT%GOBP%GO:0002028		62	0.3079557	0.9633518	0.53365976	1.0	1.0	5452	tags=29%, list=22%, signal=37%	
APROTININ ACTION PATHWAY%SMPDB%SMP0000288	APROTININ ACTION PATHWAY%SMPDB%SMP0000288		20	0.3794828	0.96330327	0.5210884	1.0	1.0	3331	tags=20%, list=14%, signal=23%	
THE PHOTOTRANSDUCTION CASCADE%REACTOME%R-HSA-2514856.3	THE PHOTOTRANSDUCTION CASCADE%REACTOME%R-HSA-2514856.3		31	0.34601018	0.96326226	0.53149605	1.0	1.0	4493	tags=23%, list=18%, signal=28%	
ORGANOPHOSPHATE ESTER TRANSPORT%GOBP%GO:0015748	ORGANOPHOSPHATE ESTER TRANSPORT%GOBP%GO:0015748		141	0.27589542	0.96306735	0.54060066	1.0	1.0	8678	tags=44%, list=35%, signal=68%	
RECRUITMENT AND ATM-MEDIATED PHOSPHORYLATION OF REPAIR AND SIGNALING PROTEINS AT DNA DOUBLE STRAND BREAKS%REACTOME%R-HSA-5693565.6	RECRUITMENT AND ATM-MEDIATED PHOSPHORYLATION OF REPAIR AND SIGNALING PROTEINS AT DNA DOUBLE STRAND BREAKS%REACTOME%R-HSA-5693565.6		60	0.3083659	0.96298164	0.5444015	1.0	1.0	5027	tags=27%, list=21%, signal=33%	
GENES CONTROLLING NEPHROGENESIS%WIKIPATHWAYS_20260211%WP4823%HOMO SAPIENS	GENES CONTROLLING NEPHROGENESIS%WIKIPATHWAYS_20260211%WP4823%HOMO SAPIENS		39	0.32945138	0.96297026	0.5350993	1.0	1.0	5754	tags=31%, list=23%, signal=40%	
ALTEPLASE ACTION PATHWAY%PATHWHIZ%PW000302	ALTEPLASE ACTION PATHWAY%PATHWHIZ%PW000302		20	0.3794828	0.96289384	0.54046243	1.0	1.0	3331	tags=20%, list=14%, signal=23%	
ANISTREPLASE ACTION PATHWAY%PATHWHIZ%PW000303	ANISTREPLASE ACTION PATHWAY%PATHWHIZ%PW000303		20	0.3794828	0.96277857	0.52924395	1.0	1.0	3331	tags=20%, list=14%, signal=23%	
CHAPERONE-MEDIATED PROTEIN COMPLEX ASSEMBLY%GOBP%GO:0051131	CHAPERONE-MEDIATED PROTEIN COMPLEX ASSEMBLY%GOBP%GO:0051131		21	0.37508732	0.96248597	0.52578795	1.0	1.0	3488	tags=19%, list=14%, signal=22%	
GLUCONEOGENESIS%REACTOME DATABASE ID RELEASE 95%70263	GLUCONEOGENESIS%REACTOME DATABASE ID RELEASE 95%70263		25	0.3637135	0.9624539	0.51771116	1.0	1.0	8727	tags=60%, list=36%, signal=93%	
IL19 SIGNALING%WIKIPATHWAYS_20260211%WP5422%HOMO SAPIENS	IL19 SIGNALING%WIKIPATHWAYS_20260211%WP5422%HOMO SAPIENS		24	0.36457872	0.9623844	0.51857144	1.0	1.0	9177	tags=42%, list=37%, signal=67%	
ESTABLISHMENT OF PROTEIN LOCALIZATION TO PLASMA MEMBRANE%GOBP%GO:0061951	ESTABLISHMENT OF PROTEIN LOCALIZATION TO PLASMA MEMBRANE%GOBP%GO:0061951		45	0.3223342	0.9622053	0.521682	1.0	1.0	6414	tags=36%, list=26%, signal=48%	
RHO GTPASES ACTIVATE WASPS AND WAVES%REACTOME DATABASE ID RELEASE 95%5663213	RHO GTPASES ACTIVATE WASPS AND WAVES%REACTOME DATABASE ID RELEASE 95%5663213		35	0.33897	0.9620906	0.5169147	1.0	1.0	7216	tags=34%, list=29%, signal=49%	
POSITIVE REGULATION OF PATTERN RECOGNITION RECEPTOR SIGNALING PATHWAY%GOBP%GO:0062208	POSITIVE REGULATION OF PATTERN RECOGNITION RECEPTOR SIGNALING PATHWAY%GOBP%GO:0062208		78	0.29892388	0.9620835	0.55635494	1.0	1.0	4380	tags=26%, list=18%, signal=31%	
POSITIVE REGULATION OF DNA REPLICATION%GOBP%GO:0045740	POSITIVE REGULATION OF DNA REPLICATION%GOBP%GO:0045740		34	0.34112096	0.9619159	0.5183246	1.0	1.0	5834	tags=26%, list=24%, signal=35%	
TAY-SACHS DISEASE%PATHWHIZ%PW000215	TAY-SACHS DISEASE%PATHWHIZ%PW000215		17	0.38854071	0.9618014	0.51758087	1.0	1.0	2616	tags=29%, list=11%, signal=33%	
XIMELAGATRAN ACTION PATHWAY%SMPDB%SMP0000279	XIMELAGATRAN ACTION PATHWAY%SMPDB%SMP0000279		20	0.3794828	0.9617191	0.5223665	1.0	1.0	3331	tags=20%, list=14%, signal=23%	
PROTEIN INSERTION INTO MITOCHONDRIAL INNER MEMBRANE%GOBP%GO:0045039	PROTEIN INSERTION INTO MITOCHONDRIAL INNER MEMBRANE%GOBP%GO:0045039		18	0.38914603	0.9616427	0.5361891	1.0	1.0	1489	tags=17%, list=6%, signal=18%	
INTERLEUKIN SIGNALING PATHWAY%PANTHER PATHWAY%P00036	INTERLEUKIN SIGNALING PATHWAY%PANTHER PATHWAY%P00036		85	0.29208177	0.96149427	0.5531661	1.0	1.0	7728	tags=36%, list=32%, signal=53%	
POSITIVE REGULATION OF AUTOPHAGY%GOBP%GO:0010508	POSITIVE REGULATION OF AUTOPHAGY%GOBP%GO:0010508		145	0.27632707	0.9614524	0.56333333	1.0	1.0	4099	tags=20%, list=17%, signal=24%	
ESTABLISHMENT OF MITOTIC SPINDLE ORIENTATION%GOBP%GO:0000132	ESTABLISHMENT OF MITOTIC SPINDLE ORIENTATION%GOBP%GO:0000132		29	0.3462668	0.9614248	0.52263373	1.0	1.0	5754	tags=34%, list=23%, signal=45%	
TRANEXAMIC ACID ACTION PATHWAY%PATHWHIZ%PW000309	TRANEXAMIC ACID ACTION PATHWAY%PATHWHIZ%PW000309		20	0.3794828	0.96125424	0.53417015	1.0	1.0	3331	tags=20%, list=14%, signal=23%	
POSITIVE REGULATION OF PEPTIDYL-SERINE PHOSPHORYLATION%GOBP%GO:0033138	POSITIVE REGULATION OF PEPTIDYL-SERINE PHOSPHORYLATION%GOBP%GO:0033138		21	0.37866867	0.96119314	0.51129943	1.0	1.0	5253	tags=24%, list=21%, signal=30%	
CONSTITUTIVE HETEROCHROMATIN FORMATION%GOBP%GO:0140719	CONSTITUTIVE HETEROCHROMATIN FORMATION%GOBP%GO:0140719		56	0.31302205	0.96112055	0.54245883	1.0	1.0	3437	tags=18%, list=14%, signal=21%	
CELL ADHESION MEDIATED BY INTEGRIN%GOBP%GO:0033627	CELL ADHESION MEDIATED BY INTEGRIN%GOBP%GO:0033627		36	0.33754426	0.9607098	0.54508746	1.0	1.0	9029	tags=47%, list=37%, signal=75%	
PROTON MOTIVE FORCE-DRIVEN ATP SYNTHESIS%GOBP%GO:0015986	PROTON MOTIVE FORCE-DRIVEN ATP SYNTHESIS%GOBP%GO:0015986		60	0.30774537	0.96059453	0.5624212	1.0	1.0	3352	tags=13%, list=14%, signal=15%	
ARGATROBAN ACTION PATHWAY%SMPDB%SMP0000276	ARGATROBAN ACTION PATHWAY%SMPDB%SMP0000276		20	0.3794828	0.9604924	0.54890513	1.0	1.0	3331	tags=20%, list=14%, signal=23%	
HALLMARK_MITOTIC_SPINDLE%MSIGDBHALLMARK%HALLMARK_MITOTIC_SPINDLE	HALLMARK_MITOTIC_SPINDLE%MSIGDBHALLMARK%HALLMARK_MITOTIC_SPINDLE		152	0.27413023	0.9604793	0.5845304	1.0	1.0	6571	tags=28%, list=27%, signal=38%	
ACTIVATION OF ANTERIOR HOX GENES IN HINDBRAIN DEVELOPMENT DURING EARLY EMBRYOGENESIS%REACTOME%R-HSA-5617472.4	ACTIVATION OF ANTERIOR HOX GENES IN HINDBRAIN DEVELOPMENT DURING EARLY EMBRYOGENESIS%REACTOME%R-HSA-5617472.4		90	0.29287696	0.96047044	0.5425532	1.0	1.0	2731	tags=14%, list=11%, signal=16%	
PURINE RIBONUCLEOTIDE BIOSYNTHETIC PROCESS%GOBP%GO:0009152	PURINE RIBONUCLEOTIDE BIOSYNTHETIC PROCESS%GOBP%GO:0009152		107	0.2851914	0.9604614	0.56032485	1.0	1.0	3352	tags=15%, list=14%, signal=17%	
NUCLEOCYTOPLASMIC TRANSPORT%GOBP%GO:0006913	NUCLEOCYTOPLASMIC TRANSPORT%GOBP%GO:0006913		197	0.26829606	0.9604612	0.5863931	1.0	1.0	5987	tags=24%, list=24%, signal=31%	
RUNX1 REGULATES GENES INVOLVED IN MEGAKARYOCYTE DIFFERENTIATION AND PLATELET FUNCTION%REACTOME DATABASE ID RELEASE 95%8936459	RUNX1 REGULATES GENES INVOLVED IN MEGAKARYOCYTE DIFFERENTIATION AND PLATELET FUNCTION%REACTOME DATABASE ID RELEASE 95%8936459		63	0.3055937	0.96036404	0.55	1.0	1.0	2770	tags=17%, list=11%, signal=20%	
INSULIN SIGNALLING%PATHWHIZ%PW000454	INSULIN SIGNALLING%PATHWHIZ%PW000454		19	0.37906364	0.96034735	0.52223814	1.0	1.0	7122	tags=37%, list=29%, signal=52%	
SUMOYLATION OF RNA BINDING PROTEINS%REACTOME DATABASE ID RELEASE 95%4570464	SUMOYLATION OF RNA BINDING PROTEINS%REACTOME DATABASE ID RELEASE 95%4570464		43	0.32502046	0.9601826	0.53243244	1.0	1.0	6465	tags=30%, list=26%, signal=41%	
MITF-M-DEPENDENT GENE EXPRESSION%REACTOME%R-HSA-9856651.3	MITF-M-DEPENDENT GENE EXPRESSION%REACTOME%R-HSA-9856651.3		101	0.2888272	0.9601164	0.538639	1.0	1.0	8459	tags=47%, list=35%, signal=71%	
PROTEIN MODIFICATION BY SMALL PROTEIN REMOVAL%GOBP%GO:0070646	PROTEIN MODIFICATION BY SMALL PROTEIN REMOVAL%GOBP%GO:0070646		96	0.2949053	0.96003246	0.5649652	1.0	1.0	4412	tags=22%, list=18%, signal=27%	
REGULATION OF SYNAPSE STRUCTURE OR ACTIVITY%GOBP%GO:0050803	REGULATION OF SYNAPSE STRUCTURE OR ACTIVITY%GOBP%GO:0050803		167	0.2730614	0.96000284	0.5606557	1.0	1.0	7278	tags=32%, list=30%, signal=45%	
NEGATIVE REGULATION OF PLATELET ACTIVATION%GOBP%GO:0010544	NEGATIVE REGULATION OF PLATELET ACTIVATION%GOBP%GO:0010544		17	0.3956087	0.9599222	0.53925925	1.0	1.0	2983	tags=18%, list=12%, signal=20%	
DICOUMAROL ACTION PATHWAY%PATHWHIZ%PW000632	DICOUMAROL ACTION PATHWAY%PATHWHIZ%PW000632		20	0.3794828	0.959845	0.54073036	1.0	1.0	3331	tags=20%, list=14%, signal=23%	
THYROTROPIN-RELEASING HORMONE RECEPTOR SIGNALING PATHWAY%PANTHER PATHWAY%P04394	THYROTROPIN-RELEASING HORMONE RECEPTOR SIGNALING PATHWAY%PANTHER PATHWAY%P04394		56	0.30810377	0.95982367	0.5555556	1.0	1.0	8594	tags=45%, list=35%, signal=69%	
UROKINASE ACTION PATHWAY%SMPDB%SMP0000284	UROKINASE ACTION PATHWAY%SMPDB%SMP0000284		20	0.3794828	0.9595017	0.5322129	1.0	1.0	3331	tags=20%, list=14%, signal=23%	
TRANSCRIPTION ACTIVATION RNA POLYMERASE I AND KAT2A B AND INHIBITION NURD COMPLEX %WIKIPATHWAYS_20260211%WP5565%HOMO SAPIENS	TRANSCRIPTION ACTIVATION RNA POLYMERASE I AND KAT2A B AND INHIBITION NURD COMPLEX %WIKIPATHWAYS_20260211%WP5565%HOMO SAPIENS		58	0.30606627	0.9594559	0.5404732	1.0	1.0	2923	tags=16%, list=12%, signal=18%	
RESPONSE TO AMINO ACID STARVATION%GOBP%GO:1990928	RESPONSE TO AMINO ACID STARVATION%GOBP%GO:1990928		48	0.31960008	0.95935506	0.5215252	1.0	1.0	7419	tags=35%, list=30%, signal=51%	
HALLMARK_MYOGENESIS%MSIGDBHALLMARK%HALLMARK_MYOGENESIS	HALLMARK_MYOGENESIS%MSIGDBHALLMARK%HALLMARK_MYOGENESIS		163	0.27405524	0.95927244	0.577633	1.0	1.0	4886	tags=21%, list=20%, signal=27%	
PHENINDIONE ACTION PATHWAY%SMPDB%SMP0000655	PHENINDIONE ACTION PATHWAY%SMPDB%SMP0000655		20	0.3794828	0.9590759	0.5175316	1.0	1.0	3331	tags=20%, list=14%, signal=23%	
PAR1-MEDIATED THROMBIN SIGNALING EVENTS%PATHWAY INTERACTION DATABASE NCI-NATURE CURATED DATA%PAR1-MEDIATED THROMBIN SIGNALING EVENTS	PAR1-MEDIATED THROMBIN SIGNALING EVENTS%PATHWAY INTERACTION DATABASE NCI-NATURE CURATED DATA%PAR1-MEDIATED THROMBIN SIGNALING EVENTS		43	0.32755464	0.95903784	0.5176471	1.0	1.0	4367	tags=23%, list=18%, signal=28%	
MUSCLE CELL DEVELOPMENT%GOBP%GO:0055001	MUSCLE CELL DEVELOPMENT%GOBP%GO:0055001		109	0.28445435	0.95878917	0.55361307	1.0	1.0	4769	tags=23%, list=19%, signal=28%	
NEGATIVE REGULATION OF G PROTEIN-COUPLED RECEPTOR SIGNALING PATHWAY%GOBP%GO:0045744	NEGATIVE REGULATION OF G PROTEIN-COUPLED RECEPTOR SIGNALING PATHWAY%GOBP%GO:0045744		60	0.30343404	0.95824784	0.53884095	1.0	1.0	7263	tags=45%, list=30%, signal=64%	
EGR2 AND SOX10-MEDIATED INITIATION OF SCHWANN CELL MYELINATION%REACTOME%R-HSA-9619665.3	EGR2 AND SOX10-MEDIATED INITIATION OF SCHWANN CELL MYELINATION%REACTOME%R-HSA-9619665.3		28	0.35861897	0.9582279	0.53571427	1.0	1.0	2930	tags=21%, list=12%, signal=24%	
RMTS METHYLATE HISTONE ARGININES%REACTOME%R-HSA-3214858.4	RMTS METHYLATE HISTONE ARGININES%REACTOME%R-HSA-3214858.4		47	0.3232289	0.95805216	0.5386598	1.0	1.0	3910	tags=26%, list=16%, signal=30%	
NEGATIVE REGULATION OF LYMPHOCYTE PROLIFERATION%GOBP%GO:0050672	NEGATIVE REGULATION OF LYMPHOCYTE PROLIFERATION%GOBP%GO:0050672		59	0.30518794	0.9580114	0.53476614	1.0	1.0	3627	tags=20%, list=15%, signal=24%	
PID_ALPHA_SYNUCLEIN_PATHWAY%MSIGDB_C2%PID_ALPHA_SYNUCLEIN_PATHWAY	PID_ALPHA_SYNUCLEIN_PATHWAY%MSIGDB_C2%PID_ALPHA_SYNUCLEIN_PATHWAY		23	0.3669909	0.95799077	0.51724136	1.0	1.0	6517	tags=43%, list=27%, signal=59%	
DNA DOUBLE STRAND BREAK RESPONSE%REACTOME%R-HSA-5693606.4	DNA DOUBLE STRAND BREAK RESPONSE%REACTOME%R-HSA-5693606.4		61	0.3044076	0.957929	0.55181026	1.0	1.0	5027	tags=26%, list=21%, signal=33%	
MORPHOGENESIS OF EMBRYONIC EPITHELIUM%GOBP%GO:0016331	MORPHOGENESIS OF EMBRYONIC EPITHELIUM%GOBP%GO:0016331		49	0.31780094	0.9578525	0.5271808	1.0	1.0	6068	tags=29%, list=25%, signal=38%	
GLIAL CELL DEVELOPMENT%GOBP%GO:0021782	GLIAL CELL DEVELOPMENT%GOBP%GO:0021782		58	0.3079627	0.9577556	0.54567903	1.0	1.0	5363	tags=28%, list=22%, signal=35%	
RESPONSE TO TOXIC SUBSTANCE%GOBP%GO:0009636	RESPONSE TO TOXIC SUBSTANCE%GOBP%GO:0009636		113	0.2820445	0.9572764	0.5711009	1.0	1.0	8227	tags=39%, list=34%, signal=58%	
PHASE II - CONJUGATION OF COMPOUNDS%REACTOME DATABASE ID RELEASE 95%156580	PHASE II - CONJUGATION OF COMPOUNDS%REACTOME DATABASE ID RELEASE 95%156580		99	0.28798592	0.9572258	0.57093024	1.0	1.0	7595	tags=40%, list=31%, signal=58%	
CELLULAR RESPONSE TO AMYLOID-BETA%GOBP%GO:1904646	CELLULAR RESPONSE TO AMYLOID-BETA%GOBP%GO:1904646		34	0.33707336	0.9572178	0.53395474	1.0	1.0	3183	tags=21%, list=13%, signal=24%	
IL8- AND CXCR1-MEDIATED SIGNALING EVENTS%PATHWAY INTERACTION DATABASE NCI-NATURE CURATED DATA%IL8- AND CXCR1-MEDIATED SIGNALING EVENTS	IL8- AND CXCR1-MEDIATED SIGNALING EVENTS%PATHWAY INTERACTION DATABASE NCI-NATURE CURATED DATA%IL8- AND CXCR1-MEDIATED SIGNALING EVENTS		28	0.3558766	0.9571561	0.5310811	1.0	1.0	6478	tags=36%, list=26%, signal=49%	
GLYCOSIDE METABOLIC PROCESS%GOBP%GO:0016137	GLYCOSIDE METABOLIC PROCESS%GOBP%GO:0016137		15	0.4014	0.9570838	0.5365127	1.0	1.0	11176	tags=73%, list=46%, signal=135%	
BIVALIRUDIN ACTION PATHWAY%SMPDB%SMP0000277	BIVALIRUDIN ACTION PATHWAY%SMPDB%SMP0000277		20	0.3794828	0.95694345	0.54	1.0	1.0	3331	tags=20%, list=14%, signal=23%	
PROTEIN LOCALIZATION TO CELL JUNCTION%GOBP%GO:1902414	PROTEIN LOCALIZATION TO CELL JUNCTION%GOBP%GO:1902414		60	0.30712903	0.95680386	0.5315985	1.0	1.0	4153	tags=20%, list=17%, signal=24%	
FGFR2 LIGAND BINDING AND ACTIVATION%REACTOME%R-HSA-190241.3	FGFR2 LIGAND BINDING AND ACTIVATION%REACTOME%R-HSA-190241.3		16	0.39895633	0.9566785	0.5323741	1.0	1.0	7732	tags=50%, list=32%, signal=73%	
PRIMARY OVARIAN INSUFFICIENCY%WIKIPATHWAYS_20260211%WP5461%HOMO SAPIENS	PRIMARY OVARIAN INSUFFICIENCY%WIKIPATHWAYS_20260211%WP5461%HOMO SAPIENS		105	0.28524014	0.9565758	0.56344587	1.0	1.0	3827	tags=23%, list=16%, signal=27%	
MICROTUBULE BUNDLE FORMATION%GOBP%GO:0001578	MICROTUBULE BUNDLE FORMATION%GOBP%GO:0001578		114	0.2815824	0.9565523	0.57461023	1.0	1.0	5681	tags=28%, list=23%, signal=36%	
REGULATION OF PATTERN RECOGNITION RECEPTOR SIGNALING PATHWAY%GOBP%GO:0062207	REGULATION OF PATTERN RECOGNITION RECEPTOR SIGNALING PATHWAY%GOBP%GO:0062207		174	0.27239174	0.9565375	0.5853132	1.0	1.0	6847	tags=31%, list=28%, signal=43%	
SIGNALING BY NOTCH1%REACTOME%R-HSA-1980143.4	SIGNALING BY NOTCH1%REACTOME%R-HSA-1980143.4		72	0.29976654	0.9564951	0.5618932	1.0	1.0	6539	tags=32%, list=27%, signal=43%	
NEGATIVE REGULATION OF EXTRINSIC APOPTOTIC SIGNALING PATHWAY IN ABSENCE OF LIGAND%GOBP%GO:2001240	NEGATIVE REGULATION OF EXTRINSIC APOPTOTIC SIGNALING PATHWAY IN ABSENCE OF LIGAND%GOBP%GO:2001240		24	0.3557609	0.9561734	0.5367156	1.0	1.0	2770	tags=21%, list=11%, signal=23%	
PACKAGING OF TELOMERE ENDS%REACTOME DATABASE ID RELEASE 95%171306	PACKAGING OF TELOMERE ENDS%REACTOME DATABASE ID RELEASE 95%171306		31	0.34614825	0.9559342	0.53651685	1.0	1.0	2622	tags=16%, list=11%, signal=18%	
POSITIVE REGULATION OF G1/S TRANSITION OF MITOTIC CELL CYCLE%GOBP%GO:1900087	POSITIVE REGULATION OF G1/S TRANSITION OF MITOTIC CELL CYCLE%GOBP%GO:1900087		32	0.3460066	0.95561576	0.5565912	1.0	1.0	6377	tags=31%, list=26%, signal=42%	
IL4-MEDIATED SIGNALING EVENTS%PATHWAY INTERACTION DATABASE NCI-NATURE CURATED DATA%IL4-MEDIATED SIGNALING EVENTS	IL4-MEDIATED SIGNALING EVENTS%PATHWAY INTERACTION DATABASE NCI-NATURE CURATED DATA%IL4-MEDIATED SIGNALING EVENTS		65	0.30300835	0.9555833	0.56234413	1.0	1.0	8854	tags=43%, list=36%, signal=67%	
PLASMA LIPOPROTEIN PARTICLE ORGANIZATION%GOBP%GO:0071827	PLASMA LIPOPROTEIN PARTICLE ORGANIZATION%GOBP%GO:0071827		47	0.31875825	0.9555317	0.54771245	1.0	1.0	8580	tags=49%, list=35%, signal=75%	
OOCYTE DEVELOPMENT%GOBP%GO:0048599	OOCYTE DEVELOPMENT%GOBP%GO:0048599		27	0.35903656	0.95513284	0.5448276	1.0	1.0	1947	tags=15%, list=8%, signal=16%	
BARBED-END ACTIN FILAMENT CAPPING%GOBP%GO:0051016	BARBED-END ACTIN FILAMENT CAPPING%GOBP%GO:0051016		19	0.38620952	0.95512736	0.5159501	1.0	1.0	4074	tags=26%, list=17%, signal=32%	
HEMATOPOIETIC STEM CELL DIFFERENTIATION%WIKIPATHWAYS_20260211%WP2849%HOMO SAPIENS	HEMATOPOIETIC STEM CELL DIFFERENTIATION%WIKIPATHWAYS_20260211%WP2849%HOMO SAPIENS		46	0.31936723	0.9550408	0.55796176	1.0	1.0	3142	tags=20%, list=13%, signal=22%	
ACTIVATION OF HOX GENES DURING DIFFERENTIATION%REACTOME%R-HSA-5619507.5	ACTIVATION OF HOX GENES DURING DIFFERENTIATION%REACTOME%R-HSA-5619507.5		90	0.29287696	0.9550301	0.5527578	1.0	1.0	2731	tags=14%, list=11%, signal=16%	
CILIARY LANDSCAPE%WIKIPATHWAYS_20260211%WP4352%HOMO SAPIENS	CILIARY LANDSCAPE%WIKIPATHWAYS_20260211%WP4352%HOMO SAPIENS		176	0.27138633	0.954899	0.5829694	1.0	1.0	7441	tags=34%, list=30%, signal=48%	
PID_NETRIN_PATHWAY%MSIGDB_C2%PID_NETRIN_PATHWAY	PID_NETRIN_PATHWAY%MSIGDB_C2%PID_NETRIN_PATHWAY		25	0.3665964	0.95488364	0.5307798	1.0	1.0	7216	tags=36%, list=29%, signal=51%	
REGULATION OF STEROID METABOLIC PROCESS%GOBP%GO:0019218	REGULATION OF STEROID METABOLIC PROCESS%GOBP%GO:0019218		78	0.29460967	0.9547906	0.55635494	1.0	1.0	5285	tags=24%, list=22%, signal=31%	
NUCLEAR TRANSPORT%GOBP%GO:0051169	NUCLEAR TRANSPORT%GOBP%GO:0051169		198	0.26660526	0.9544714	0.58842444	1.0	1.0	5987	tags=24%, list=24%, signal=31%	
FOLLICLE STIMULATING HORMONE FSH SIGNALING%WIKIPATHWAYS_20260211%WP2035%HOMO SAPIENS	FOLLICLE STIMULATING HORMONE FSH SIGNALING%WIKIPATHWAYS_20260211%WP2035%HOMO SAPIENS		21	0.3689696	0.95443285	0.5192582	1.0	1.0	9784	tags=43%, list=40%, signal=71%	
EMBRYONIC PLACENTA DEVELOPMENT%GOBP%GO:0001892	EMBRYONIC PLACENTA DEVELOPMENT%GOBP%GO:0001892		22	0.36735585	0.95422226	0.56284153	1.0	1.0	7365	tags=41%, list=30%, signal=58%	
REGULATION OF SYNAPSE ORGANIZATION%GOBP%GO:0050807	REGULATION OF SYNAPSE ORGANIZATION%GOBP%GO:0050807		162	0.2723256	0.9538953	0.5906623	1.0	1.0	7278	tags=32%, list=30%, signal=45%	
AMINOCAPROIC ACID ACTION PATHWAY%PATHWHIZ%PW000308	AMINOCAPROIC ACID ACTION PATHWAY%PATHWHIZ%PW000308		20	0.3794828	0.95348865	0.55397725	1.0	1.0	3331	tags=20%, list=14%, signal=23%	
PROTEIN-LIPID COMPLEX ORGANIZATION%GOBP%GO:0071825	PROTEIN-LIPID COMPLEX ORGANIZATION%GOBP%GO:0071825		49	0.31148207	0.95315886	0.5395062	1.0	1.0	8580	tags=47%, list=35%, signal=72%	
REGULATION OF T CELL MEDIATED CYTOTOXICITY%GOBP%GO:0001914	REGULATION OF T CELL MEDIATED CYTOTOXICITY%GOBP%GO:0001914		42	0.32011917	0.95305425	0.5344828	1.0	1.0	8336	tags=40%, list=34%, signal=61%	
NEGATIVE CHEMOTAXIS%GOBP%GO:0050919	NEGATIVE CHEMOTAXIS%GOBP%GO:0050919		29	0.34599894	0.9530165	0.5253772	1.0	1.0	8230	tags=48%, list=34%, signal=73%	
REGULATION OF EPIDERMAL GROWTH FACTOR RECEPTOR SIGNALING PATHWAY%GOBP%GO:0042058	REGULATION OF EPIDERMAL GROWTH FACTOR RECEPTOR SIGNALING PATHWAY%GOBP%GO:0042058		67	0.29862434	0.9529594	0.557764	1.0	1.0	6526	tags=30%, list=27%, signal=41%	
TRANSCRIPTIONAL REGULATION OF GRANULOPOIESIS%REACTOME DATABASE ID RELEASE 95%9616222	TRANSCRIPTIONAL REGULATION OF GRANULOPOIESIS%REACTOME DATABASE ID RELEASE 95%9616222		55	0.30915734	0.9529323	0.5407125	1.0	1.0	6257	tags=31%, list=26%, signal=41%	
GLIOBLASTOMA SIGNALING%WIKIPATHWAYS_20260211%WP2261%HOMO SAPIENS	GLIOBLASTOMA SIGNALING%WIKIPATHWAYS_20260211%WP2261%HOMO SAPIENS		70	0.2962521	0.9529087	0.5529132	1.0	1.0	10519	tags=44%, list=43%, signal=77%	
DICUMAROL ACTION PATHWAY%PATHWHIZ%PW000313	DICUMAROL ACTION PATHWAY%PATHWHIZ%PW000313		20	0.3794828	0.9526392	0.55133617	1.0	1.0	3331	tags=20%, list=14%, signal=23%	
SIGNALING BY FLT3 ITD AND TKD MUTANTS%REACTOME DATABASE ID RELEASE 95%9703648	SIGNALING BY FLT3 ITD AND TKD MUTANTS%REACTOME DATABASE ID RELEASE 95%9703648		15	0.402971	0.952605	0.54172766	1.0	1.0	4490	tags=33%, list=18%, signal=41%	
REGULATION OF CELL-SUBSTRATE ADHESION%GOBP%GO:0010810	REGULATION OF CELL-SUBSTRATE ADHESION%GOBP%GO:0010810		170	0.26851597	0.9525279	0.59388644	1.0	1.0	7936	tags=36%, list=32%, signal=53%	
POSITIVE REGULATION OF MRNA METABOLIC PROCESS%GOBP%GO:1903313	POSITIVE REGULATION OF MRNA METABOLIC PROCESS%GOBP%GO:1903313		116	0.27885345	0.9523281	0.5830546	1.0	1.0	6610	tags=28%, list=27%, signal=38%	
REGULATION OF RESPONSE TO OXIDATIVE STRESS%GOBP%GO:1902882	REGULATION OF RESPONSE TO OXIDATIVE STRESS%GOBP%GO:1902882		19	0.37545273	0.95149475	0.54664725	1.0	1.0	4421	tags=26%, list=18%, signal=32%	
POSITIVE REGULATION OF TORC1 SIGNALING%GOBP%GO:1904263	POSITIVE REGULATION OF TORC1 SIGNALING%GOBP%GO:1904263		53	0.31264257	0.95143276	0.55893534	1.0	1.0	2232	tags=15%, list=9%, signal=17%	
ALPHA-AMINO ACID METABOLIC PROCESS%GOBP%GO:1901605	ALPHA-AMINO ACID METABOLIC PROCESS%GOBP%GO:1901605		159	0.27185395	0.95129865	0.58849555	1.0	1.0	5003	tags=27%, list=20%, signal=34%	
BLOOD COAGULATION, FIBRIN CLOT FORMATION%GOBP%GO:0072378	BLOOD COAGULATION, FIBRIN CLOT FORMATION%GOBP%GO:0072378		17	0.39150602	0.9512627	0.5443787	1.0	1.0	8200	tags=41%, list=33%, signal=62%	
CHRONIC HYPERGLYCEMIA IMPAIRMENT OF NEURON FUNCTION%WIKIPATHWAYS_20260211%WP5283%HOMO SAPIENS	CHRONIC HYPERGLYCEMIA IMPAIRMENT OF NEURON FUNCTION%WIKIPATHWAYS_20260211%WP5283%HOMO SAPIENS		38	0.330082	0.95103765	0.5499316	1.0	1.0	5505	tags=29%, list=22%, signal=37%	
PI3 KINASE PATHWAY%PANTHER PATHWAY%P00048	PI3 KINASE PATHWAY%PANTHER PATHWAY%P00048		39	0.32919747	0.95086074	0.54652685	1.0	1.0	5488	tags=26%, list=22%, signal=33%	
ACTIVATED TAK1 MEDIATES P38 MAPK ACTIVATION%REACTOME%R-HSA-450302.5	ACTIVATED TAK1 MEDIATES P38 MAPK ACTIVATION%REACTOME%R-HSA-450302.5		19	0.37998107	0.95062184	0.55028737	1.0	1.0	3193	tags=26%, list=13%, signal=30%	
TRANSFORMING GROWTH FACTOR BETA RECEPTOR SIGNALING PATHWAY%GOBP%GO:0007179	TRANSFORMING GROWTH FACTOR BETA RECEPTOR SIGNALING PATHWAY%GOBP%GO:0007179		75	0.29248813	0.9504586	0.5485437	1.0	1.0	4188	tags=20%, list=17%, signal=24%	
REGULATION OF OSTEOCLAST DIFFERENTIATION%GOBP%GO:0045670	REGULATION OF OSTEOCLAST DIFFERENTIATION%GOBP%GO:0045670		54	0.3082224	0.9504334	0.5522013	1.0	1.0	4621	tags=22%, list=19%, signal=27%	
2Q37 COPY NUMBER VARIATION SYNDROME%WIKIPATHWAYS_20260211%WP5224%HOMO SAPIENS	2Q37 COPY NUMBER VARIATION SYNDROME%WIKIPATHWAYS_20260211%WP5224%HOMO SAPIENS		107	0.2821304	0.95009065	0.57767546	1.0	1.0	7533	tags=28%, list=31%, signal=40%	
PID_ALK1_PATHWAY%MSIGDB_C2%PID_ALK1_PATHWAY	PID_ALK1_PATHWAY%MSIGDB_C2%PID_ALK1_PATHWAY		20	0.37731174	0.9497809	0.5206847	1.0	1.0	6517	tags=35%, list=27%, signal=48%	
ANTIGEN PROCESSING AND PRESENTATION OF PEPTIDE OR POLYSACCHARIDE ANTIGEN VIA MHC CLASS II%GOBP%GO:0002504	ANTIGEN PROCESSING AND PRESENTATION OF PEPTIDE OR POLYSACCHARIDE ANTIGEN VIA MHC CLASS II%GOBP%GO:0002504		28	0.34417248	0.94926435	0.553719	1.0	1.0	8164	tags=54%, list=33%, signal=80%	
GROWTH%GOBP%GO:0040007	GROWTH%GOBP%GO:0040007		141	0.273553	0.94919753	0.5982437	1.0	1.0	4980	tags=23%, list=20%, signal=29%	
TELOMERE ORGANIZATION%GOBP%GO:0032200	TELOMERE ORGANIZATION%GOBP%GO:0032200		84	0.2908202	0.94909656	0.5575326	1.0	1.0	2034	tags=12%, list=8%, signal=13%	
POSITIVE REGULATION OF MRNA CATABOLIC PROCESS%GOBP%GO:0061014	POSITIVE REGULATION OF MRNA CATABOLIC PROCESS%GOBP%GO:0061014		100	0.2845051	0.9490582	0.5739645	1.0	1.0	6610	tags=28%, list=27%, signal=38%	
MITOTIC SPINDLE CHECKPOINT%REACTOME%R-HSA-69618.4	MITOTIC SPINDLE CHECKPOINT%REACTOME%R-HSA-69618.4		109	0.28167486	0.9490484	0.5742459	1.0	1.0	3761	tags=17%, list=15%, signal=21%	
G(M2)-GANGLIOSIDOSIS: VARIANT B, TAY-SACHS DISEASE%SMPDB%SMP0000534	G(M2)-GANGLIOSIDOSIS: VARIANT B, TAY-SACHS DISEASE%SMPDB%SMP0000534		17	0.38854071	0.94887453	0.5206259	1.0	1.0	2616	tags=29%, list=11%, signal=33%	
LEUKOCYTE CELL-CELL ADHESION%GOBP%GO:0007159	LEUKOCYTE CELL-CELL ADHESION%GOBP%GO:0007159		55	0.30873817	0.94871986	0.5595985	1.0	1.0	7081	tags=36%, list=29%, signal=51%	
BIOCARTA_WNT_PATHWAY%MSIGDB_C2%BIOCARTA_WNT_PATHWAY	BIOCARTA_WNT_PATHWAY%MSIGDB_C2%BIOCARTA_WNT_PATHWAY		21	0.3730199	0.9484703	0.5457064	1.0	1.0	6377	tags=38%, list=26%, signal=51%	
MAPK PATHWAY IN CONGENITAL THYROID CANCER%WIKIPATHWAYS_20260211%WP4928%HOMO SAPIENS	MAPK PATHWAY IN CONGENITAL THYROID CANCER%WIKIPATHWAYS_20260211%WP4928%HOMO SAPIENS		15	0.3931219	0.94789445	0.55377907	1.0	1.0	6517	tags=60%, list=27%, signal=82%	
PROTEIN EXPORT FROM NUCLEUS%GOBP%GO:0006611	PROTEIN EXPORT FROM NUCLEUS%GOBP%GO:0006611		24	0.35728794	0.94776434	0.547486	1.0	1.0	3397	tags=21%, list=14%, signal=24%	
SALLA DISEASE INFANTILE SIALIC ACID STORAGE DISEASE%SMPDB%SMP0000240	SALLA DISEASE INFANTILE SIALIC ACID STORAGE DISEASE%SMPDB%SMP0000240		17	0.38854071	0.9476799	0.54848045	1.0	1.0	2616	tags=29%, list=11%, signal=33%	
AORTA DEVELOPMENT%GOBP%GO:0035904	AORTA DEVELOPMENT%GOBP%GO:0035904		28	0.34844515	0.94761384	0.5613079	1.0	1.0	6055	tags=36%, list=25%, signal=47%	
GLUCONEOGENESIS%PATHWHIZ%PW088242	GLUCONEOGENESIS%PATHWHIZ%PW088242		20	0.37342173	0.94758046	0.550765	1.0	1.0	8551	tags=55%, list=35%, signal=84%	
HEPATITIS C AND HEPATOCELLULAR CARCINOMA%WIKIPATHWAYS_20260211%WP3646%HOMO SAPIENS	HEPATITIS C AND HEPATOCELLULAR CARCINOMA%WIKIPATHWAYS_20260211%WP3646%HOMO SAPIENS		40	0.3291779	0.9475273	0.56201553	1.0	1.0	7677	tags=45%, list=31%, signal=65%	
REGULATION OF T CELL MEDIATED IMMUNITY%GOBP%GO:0002709	REGULATION OF T CELL MEDIATED IMMUNITY%GOBP%GO:0002709		95	0.2882714	0.9475156	0.588585	1.0	1.0	8435	tags=38%, list=34%, signal=58%	
PURINE RIBONUCLEOSIDE MONOPHOSPHATE METABOLIC PROCESS%GOBP%GO:0009167	PURINE RIBONUCLEOSIDE MONOPHOSPHATE METABOLIC PROCESS%GOBP%GO:0009167		24	0.35601816	0.9474698	0.5489362	1.0	1.0	888	tags=13%, list=4%, signal=13%	
FGF23 SIGNALING IN HYPOPHOSPHATEMIC RICKETS AND RELATED DISORDERS%WIKIPATHWAYS_20260211%WP4790%HOMO SAPIENS	FGF23 SIGNALING IN HYPOPHOSPHATEMIC RICKETS AND RELATED DISORDERS%WIKIPATHWAYS_20260211%WP4790%HOMO SAPIENS		22	0.3605398	0.94732976	0.5535976	1.0	1.0	7271	tags=41%, list=30%, signal=58%	
NEGATIVE REGULATION OF STEROID METABOLIC PROCESS%GOBP%GO:0045939	NEGATIVE REGULATION OF STEROID METABOLIC PROCESS%GOBP%GO:0045939		23	0.36649865	0.94717056	0.5534506	1.0	1.0	2872	tags=17%, list=12%, signal=20%	
ENOXAPARIN ACTION PATHWAY%SMPDB%SMP0000272	ENOXAPARIN ACTION PATHWAY%SMPDB%SMP0000272		21	0.3662596	0.9471549	0.5509642	1.0	1.0	3331	tags=19%, list=14%, signal=22%	
REGULATION OF MYELOID LEUKOCYTE DIFFERENTIATION%GOBP%GO:0002761	REGULATION OF MYELOID LEUKOCYTE DIFFERENTIATION%GOBP%GO:0002761		94	0.28735876	0.94701064	0.56763285	1.0	1.0	4621	tags=21%, list=19%, signal=26%	
REGULATION OF TOLL-LIKE RECEPTOR 4 SIGNALING PATHWAY%GOBP%GO:0034143	REGULATION OF TOLL-LIKE RECEPTOR 4 SIGNALING PATHWAY%GOBP%GO:0034143		29	0.34681523	0.946849	0.56948227	1.0	1.0	3723	tags=24%, list=15%, signal=28%	
ATRIAL CARDIAC MUSCLE TISSUE DEVELOPMENT%GOBP%GO:0003228	ATRIAL CARDIAC MUSCLE TISSUE DEVELOPMENT%GOBP%GO:0003228		16	0.39216545	0.9465055	0.5392297	1.0	1.0	745	tags=13%, list=3%, signal=13%	
THE ONCOGENIC ACTION OF L-2-HYDROXYGLUTARATE IN HYDROXYGLUTARIC ACIDURIA%PATHWHIZ%PW002451	THE ONCOGENIC ACTION OF L-2-HYDROXYGLUTARATE IN HYDROXYGLUTARIC ACIDURIA%PATHWHIZ%PW002451		26	0.35125518	0.9465054	0.55401665	1.0	1.0	10651	tags=62%, list=43%, signal=109%	
RIBOSOMAL SMALL SUBUNIT ASSEMBLY%GOBP%GO:0000028	RIBOSOMAL SMALL SUBUNIT ASSEMBLY%GOBP%GO:0000028		18	0.38834658	0.9462878	0.5615836	1.0	1.0	3333	tags=17%, list=14%, signal=19%	
NEGATIVE REGULATION OF CHEMOTAXIS%GOBP%GO:0050922	NEGATIVE REGULATION OF CHEMOTAXIS%GOBP%GO:0050922		31	0.3406258	0.9460892	0.5560054	1.0	1.0	7525	tags=52%, list=31%, signal=74%	
REGULATION OF AXONOGENESIS%GOBP%GO:0050770	REGULATION OF AXONOGENESIS%GOBP%GO:0050770		75	0.29499933	0.94608784	0.57454544	1.0	1.0	5489	tags=27%, list=22%, signal=34%	
CD40 CD40L SIGNALING%PATHWAY INTERACTION DATABASE NCI-NATURE CURATED DATA%CD40 CD40L SIGNALING	CD40 CD40L SIGNALING%PATHWAY INTERACTION DATABASE NCI-NATURE CURATED DATA%CD40 CD40L SIGNALING		36	0.33337677	0.9459477	0.5509383	1.0	1.0	6454	tags=28%, list=26%, signal=38%	
MONOAMINE GPCRS%WIKIPATHWAYS_20260211%WP58%HOMO SAPIENS	MONOAMINE GPCRS%WIKIPATHWAYS_20260211%WP58%HOMO SAPIENS		31	0.33995715	0.94583124	0.53846157	1.0	1.0	2837	tags=23%, list=12%, signal=26%	
NATURAL KILLER CELL MEDIATED IMMUNITY%GOBP%GO:0002228	NATURAL KILLER CELL MEDIATED IMMUNITY%GOBP%GO:0002228		39	0.32420135	0.9456904	0.55641025	1.0	1.0	3344	tags=21%, list=14%, signal=24%	
NEGATIVE REGULATION OF RECEPTOR SIGNALING PATHWAY VIA STAT%GOBP%GO:1904893	NEGATIVE REGULATION OF RECEPTOR SIGNALING PATHWAY VIA STAT%GOBP%GO:1904893		21	0.36988404	0.94549805	0.54378533	1.0	1.0	7624	tags=48%, list=31%, signal=69%	
DEVELOPMENTAL GROWTH%GOBP%GO:0048589	DEVELOPMENTAL GROWTH%GOBP%GO:0048589		141	0.273553	0.94527644	0.59801763	1.0	1.0	4980	tags=23%, list=20%, signal=29%	
REGULATION OF TELOMERE MAINTENANCE VIA TELOMERASE%GOBP%GO:0032210	REGULATION OF TELOMERE MAINTENANCE VIA TELOMERASE%GOBP%GO:0032210		44	0.32167637	0.9452463	0.54232806	1.0	1.0	5027	tags=25%, list=21%, signal=31%	
RRNA PROCESSING IN THE MITOCHONDRION%REACTOME%R-HSA-8868766.4	RRNA PROCESSING IN THE MITOCHONDRION%REACTOME%R-HSA-8868766.4		17	0.3846321	0.9452311	0.55225986	1.0	1.0	6204	tags=41%, list=25%, signal=55%	
DISRUPTION OF POSTSYNAPTIC SIGNALING BY CNV%WIKIPATHWAYS_20260211%WP4875%HOMO SAPIENS	DISRUPTION OF POSTSYNAPTIC SIGNALING BY CNV%WIKIPATHWAYS_20260211%WP4875%HOMO SAPIENS		26	0.34816664	0.94489473	0.5527027	1.0	1.0	6601	tags=50%, list=27%, signal=68%	
FERTILIZATION%REACTOME DATABASE ID RELEASE 95%1187000	FERTILIZATION%REACTOME DATABASE ID RELEASE 95%1187000		26	0.35423923	0.9446799	0.5486601	1.0	1.0	8335	tags=38%, list=34%, signal=58%	
DICARBOXYLIC ACID TRANSPORT%GOBP%GO:0006835	DICARBOXYLIC ACID TRANSPORT%GOBP%GO:0006835		52	0.3083359	0.94449216	0.5642023	1.0	1.0	8142	tags=42%, list=33%, signal=63%	
NEGATIVE REGULATION OF CHEMOKINE PRODUCTION%GOBP%GO:0032682	NEGATIVE REGULATION OF CHEMOKINE PRODUCTION%GOBP%GO:0032682		17	0.38231587	0.94438	0.5531915	1.0	1.0	7997	tags=47%, list=33%, signal=70%	
NEGATIVE REGULATION OF CELL CYCLE PHASE TRANSITION%GOBP%GO:1901988	NEGATIVE REGULATION OF CELL CYCLE PHASE TRANSITION%GOBP%GO:1901988		196	0.26544213	0.94429696	0.627957	1.0	1.0	4519	tags=21%, list=18%, signal=25%	
HIV LIFE CYCLE%REACTOME%R-HSA-162587.5	HIV LIFE CYCLE%REACTOME%R-HSA-162587.5		147	0.26740974	0.944264	0.60674155	1.0	1.0	6347	tags=27%, list=26%, signal=36%	
RNA 3'-END PROCESSING%GOBP%GO:0031123	RNA 3'-END PROCESSING%GOBP%GO:0031123		83	0.28853086	0.94423187	0.58232445	1.0	1.0	6934	tags=31%, list=28%, signal=44%	
STRESS-ACTIVATED PROTEIN KINASE SIGNALING CASCADE%GOBP%GO:0031098	STRESS-ACTIVATED PROTEIN KINASE SIGNALING CASCADE%GOBP%GO:0031098		17	0.38083667	0.94420034	0.55890805	1.0	1.0	6517	tags=29%, list=27%, signal=40%	
CDC42 GTPASE CYCLE%REACTOME DATABASE ID RELEASE 95%9013148	CDC42 GTPASE CYCLE%REACTOME DATABASE ID RELEASE 95%9013148		155	0.26913163	0.9441065	0.6084071	1.0	1.0	6022	tags=24%, list=25%, signal=31%	
REGULATION OF CHOLESTEROL BIOSYNTHESIS BY SREBP (SREBF)%REACTOME%R-HSA-1655829.4	REGULATION OF CHOLESTEROL BIOSYNTHESIS BY SREBP (SREBF)%REACTOME%R-HSA-1655829.4		53	0.3045394	0.94392055	0.53756475	1.0	1.0	1652	tags=9%, list=7%, signal=10%	
PHAGOCYTOSIS, ENGULFMENT%GOBP%GO:0006911	PHAGOCYTOSIS, ENGULFMENT%GOBP%GO:0006911		28	0.34925964	0.94370407	0.56320226	1.0	1.0	10161	tags=54%, list=41%, signal=91%	
BARDET BIEDL SYNDROME%WIKIPATHWAYS_20260211%WP5234%HOMO SAPIENS	BARDET BIEDL SYNDROME%WIKIPATHWAYS_20260211%WP5234%HOMO SAPIENS		78	0.29258424	0.9435349	0.5890084	1.0	1.0	4883	tags=23%, list=20%, signal=29%	
PROCESSING OF DNA DOUBLE-STRAND BREAK ENDS%REACTOME%R-HSA-5693607.4	PROCESSING OF DNA DOUBLE-STRAND BREAK ENDS%REACTOME%R-HSA-5693607.4		80	0.2888538	0.94333005	0.58235294	1.0	1.0	4443	tags=21%, list=18%, signal=26%	
AMYOTROPHIC LATERAL SCLEROSIS ALS %WIKIPATHWAYS_20260211%WP2447%HOMO SAPIENS	AMYOTROPHIC LATERAL SCLEROSIS ALS %WIKIPATHWAYS_20260211%WP2447%HOMO SAPIENS		24	0.35856733	0.9432148	0.55225986	1.0	1.0	7384	tags=33%, list=30%, signal=48%	
MEMBRANE PROTEIN PROTEOLYSIS%GOBP%GO:0033619	MEMBRANE PROTEIN PROTEOLYSIS%GOBP%GO:0033619		34	0.33693808	0.94306093	0.5769746	1.0	1.0	5285	tags=26%, list=22%, signal=34%	
NEGATIVE REGULATION OF ANGIOGENESIS%GOBP%GO:0016525	NEGATIVE REGULATION OF ANGIOGENESIS%GOBP%GO:0016525		91	0.28690752	0.9430461	0.5916473	1.0	1.0	3183	tags=18%, list=13%, signal=20%	
POSITIVE REGULATION OF STEM CELL POPULATION MAINTENANCE%GOBP%GO:1902459	POSITIVE REGULATION OF STEM CELL POPULATION MAINTENANCE%GOBP%GO:1902459		42	0.31435108	0.94289935	0.5595238	1.0	1.0	2923	tags=19%, list=12%, signal=22%	
REGULATION OF RUNX1 EXPRESSION AND ACTIVITY%REACTOME%R-HSA-8934593.2	REGULATION OF RUNX1 EXPRESSION AND ACTIVITY%REACTOME%R-HSA-8934593.2		17	0.39347276	0.94287413	0.5663717	1.0	1.0	8747	tags=59%, list=36%, signal=91%	
HCMV INFECTION%REACTOME%R-HSA-9609646.5	HCMV INFECTION%REACTOME%R-HSA-9609646.5		104	0.28050306	0.9428676	0.5871345	1.0	1.0	7154	tags=31%, list=29%, signal=43%	
RHOA GTPASE CYCLE%REACTOME DATABASE ID RELEASE 95%8980692	RHOA GTPASE CYCLE%REACTOME DATABASE ID RELEASE 95%8980692		148	0.2703898	0.9428217	0.58810323	1.0	1.0	4592	tags=20%, list=19%, signal=24%	
REGULATION OF HETEROTYPIC CELL-CELL ADHESION%GOBP%GO:0034114	REGULATION OF HETEROTYPIC CELL-CELL ADHESION%GOBP%GO:0034114		21	0.37204927	0.94277835	0.5617816	1.0	1.0	7204	tags=48%, list=29%, signal=67%	
PURINE NUCLEOTIDE BIOSYNTHETIC PROCESS%GOBP%GO:0006164	PURINE NUCLEOTIDE BIOSYNTHETIC PROCESS%GOBP%GO:0006164		131	0.27107924	0.94226724	0.5735294	1.0	1.0	6262	tags=24%, list=26%, signal=33%	
IRON ION TRANSPORT%GOBP%GO:0006826	IRON ION TRANSPORT%GOBP%GO:0006826		35	0.32859275	0.94206303	0.57461643	1.0	1.0	7712	tags=46%, list=31%, signal=67%	
RESOLUTION OF D-LOOP STRUCTURES%REACTOME%R-HSA-5693537.3	RESOLUTION OF D-LOOP STRUCTURES%REACTOME%R-HSA-5693537.3		36	0.334658	0.9419404	0.5786667	1.0	1.0	4602	tags=28%, list=19%, signal=34%	
NEGATIVE REGULATION OF ADAPTIVE IMMUNE RESPONSE%GOBP%GO:0002820	NEGATIVE REGULATION OF ADAPTIVE IMMUNE RESPONSE%GOBP%GO:0002820		57	0.2996019	0.9416417	0.5660848	1.0	1.0	8041	tags=37%, list=33%, signal=55%	
CEREBRAL CORTEX DEVELOPMENT%GOBP%GO:0021987	CEREBRAL CORTEX DEVELOPMENT%GOBP%GO:0021987		53	0.30808303	0.9415577	0.57250947	1.0	1.0	8625	tags=47%, list=35%, signal=73%	
POSITIVE REGULATION OF RAC PROTEIN SIGNAL TRANSDUCTION%GOBP%GO:0035022	POSITIVE REGULATION OF RAC PROTEIN SIGNAL TRANSDUCTION%GOBP%GO:0035022		17	0.38503516	0.94143903	0.5553997	1.0	1.0	4456	tags=24%, list=18%, signal=29%	
FOLATE METABOLISM%WIKIPATHWAYS_20260211%WP176%HOMO SAPIENS	FOLATE METABOLISM%WIKIPATHWAYS_20260211%WP176%HOMO SAPIENS		52	0.31137446	0.94142294	0.55541563	1.0	1.0	5253	tags=25%, list=21%, signal=32%	
CELLULAR RESPONSE TO RETINOIC ACID%GOBP%GO:0071300	CELLULAR RESPONSE TO RETINOIC ACID%GOBP%GO:0071300		43	0.3186183	0.941344	0.55656695	1.0	1.0	6515	tags=37%, list=27%, signal=51%	
REGULATION OF MYELOID CELL DIFFERENTIATION%GOBP%GO:0045637	REGULATION OF MYELOID CELL DIFFERENTIATION%GOBP%GO:0045637		155	0.26974148	0.94131744	0.6185102	1.0	1.0	4659	tags=21%, list=19%, signal=25%	
NEGATIVE REGULATION OF SUPRAMOLECULAR FIBER ORGANIZATION%GOBP%GO:1902904	NEGATIVE REGULATION OF SUPRAMOLECULAR FIBER ORGANIZATION%GOBP%GO:1902904		115	0.27895585	0.9411015	0.5963303	1.0	1.0	7677	tags=36%, list=31%, signal=52%	
RIBONUCLEOTIDE BIOSYNTHETIC PROCESS%GOBP%GO:0009260	RIBONUCLEOTIDE BIOSYNTHETIC PROCESS%GOBP%GO:0009260		118	0.27847162	0.94091964	0.61275625	1.0	1.0	3417	tags=15%, list=14%, signal=18%	
FORMATION OF DEFINITIVE ENDODERM%REACTOME DATABASE ID RELEASE 95%9823730	FORMATION OF DEFINITIVE ENDODERM%REACTOME DATABASE ID RELEASE 95%9823730		15	0.39684212	0.94084233	0.55411255	1.0	1.0	7677	tags=40%, list=31%, signal=58%	
REGULATION OF CYTOPLASMIC PATTERN RECOGNITION RECEPTOR SIGNALING PATHWAY%GOBP%GO:0039531	REGULATION OF CYTOPLASMIC PATTERN RECOGNITION RECEPTOR SIGNALING PATHWAY%GOBP%GO:0039531		126	0.27355358	0.9404869	0.6118048	1.0	1.0	8196	tags=37%, list=33%, signal=56%	
ARDEPARIN ACTION PATHWAY%SMPDB%SMP0000275	ARDEPARIN ACTION PATHWAY%SMPDB%SMP0000275		21	0.3662596	0.93981445	0.54469275	1.0	1.0	3331	tags=19%, list=14%, signal=22%	
NOTCH SIGNALING PATHWAY%GOBP%GO:0007219	NOTCH SIGNALING PATHWAY%GOBP%GO:0007219		43	0.3152237	0.93972754	0.54330707	1.0	1.0	6295	tags=37%, list=26%, signal=50%	
CA2+ PATHWAY%REACTOME%R-HSA-4086398.5	CA2+ PATHWAY%REACTOME%R-HSA-4086398.5		59	0.30474806	0.9397212	0.5764994	1.0	1.0	8892	tags=49%, list=36%, signal=77%	
INTERLEUKIN-20 FAMILY SIGNALING%REACTOME%R-HSA-8854691.8	INTERLEUKIN-20 FAMILY SIGNALING%REACTOME%R-HSA-8854691.8		25	0.35688353	0.93966985	0.5753425	1.0	1.0	9177	tags=56%, list=37%, signal=89%	
ICOSANOID METABOLIC PROCESS%GOBP%GO:0006690	ICOSANOID METABOLIC PROCESS%GOBP%GO:0006690		99	0.28335863	0.9396698	0.6016355	1.0	1.0	9208	tags=48%, list=38%, signal=77%	
NEURAL CREST CELL MIGRATION%GOBP%GO:0001755	NEURAL CREST CELL MIGRATION%GOBP%GO:0001755		37	0.32452205	0.93948156	0.56989247	1.0	1.0	867	tags=11%, list=4%, signal=11%	
TRANSCRIPTIONAL REGULATION BY SMALL RNAS%REACTOME%R-HSA-5578749.8	TRANSCRIPTIONAL REGULATION BY SMALL RNAS%REACTOME%R-HSA-5578749.8		44	0.31662145	0.93937105	0.5833333	1.0	1.0	4443	tags=23%, list=18%, signal=28%	
PID_PLK1_PATHWAY%MSIGDB_C2%PID_PLK1_PATHWAY	PID_PLK1_PATHWAY%MSIGDB_C2%PID_PLK1_PATHWAY		33	0.3337742	0.93926984	0.5678851	1.0	1.0	3575	tags=18%, list=15%, signal=21%	
ACTIVATION OF GENE EXPRESSION BY SREBF (SREBP)%REACTOME DATABASE ID RELEASE 95%2426168	ACTIVATION OF GENE EXPRESSION BY SREBF (SREBP)%REACTOME DATABASE ID RELEASE 95%2426168		40	0.32427526	0.93925405	0.5861635	1.0	1.0	1441	tags=8%, list=6%, signal=8%	
FANCONI ANEMIA PATHWAY%PATHWAY INTERACTION DATABASE NCI-NATURE CURATED DATA%FANCONI ANEMIA PATHWAY	FANCONI ANEMIA PATHWAY%PATHWAY INTERACTION DATABASE NCI-NATURE CURATED DATA%FANCONI ANEMIA PATHWAY		47	0.31815013	0.9391342	0.57483447	1.0	1.0	4340	tags=23%, list=18%, signal=28%	
MESENCHYMAL CELL MIGRATION%GOBP%GO:0090497	MESENCHYMAL CELL MIGRATION%GOBP%GO:0090497		37	0.32452205	0.93891734	0.564	1.0	1.0	867	tags=11%, list=4%, signal=11%	
MITF-M-REGULATED MELANOCYTE DEVELOPMENT%REACTOME%R-HSA-9730414.5	MITF-M-REGULATED MELANOCYTE DEVELOPMENT%REACTOME%R-HSA-9730414.5		152	0.26770508	0.9388483	0.62138087	1.0	1.0	8459	tags=45%, list=35%, signal=68%	
MICROTUBULE-BASED TRANSPORT%GOBP%GO:0099111	MICROTUBULE-BASED TRANSPORT%GOBP%GO:0099111		180	0.26357135	0.9387142	0.62780267	1.0	1.0	5093	tags=24%, list=21%, signal=30%	
POSITIVE REGULATION OF WOUND HEALING%GOBP%GO:0090303	POSITIVE REGULATION OF WOUND HEALING%GOBP%GO:0090303		54	0.30786127	0.9386809	0.57992566	1.0	1.0	7868	tags=39%, list=32%, signal=57%	
COPPER HOMEOSTASIS%WIKIPATHWAYS_20260211%WP3286%HOMO SAPIENS	COPPER HOMEOSTASIS%WIKIPATHWAYS_20260211%WP3286%HOMO SAPIENS		41	0.32056323	0.9385604	0.5714286	1.0	1.0	8569	tags=46%, list=35%, signal=71%	
NEGATIVE REGULATION OF T CELL RECEPTOR SIGNALING PATHWAY%GOBP%GO:0050860	NEGATIVE REGULATION OF T CELL RECEPTOR SIGNALING PATHWAY%GOBP%GO:0050860		33	0.33237547	0.93838114	0.5693136	1.0	1.0	6908	tags=30%, list=28%, signal=42%	
ASSEMBLY OF COLLAGEN FIBRILS AND OTHER MULTIMERIC STRUCTURES%REACTOME%R-HSA-2022090.5	ASSEMBLY OF COLLAGEN FIBRILS AND OTHER MULTIMERIC STRUCTURES%REACTOME%R-HSA-2022090.5		56	0.30261564	0.9382001	0.5714286	1.0	1.0	3853	tags=20%, list=16%, signal=23%	
PEPTIDE HORMONE PROCESSING%GOBP%GO:0016486	PEPTIDE HORMONE PROCESSING%GOBP%GO:0016486		32	0.33976644	0.9381881	0.5501319	1.0	1.0	3853	tags=25%, list=16%, signal=30%	
ENDOGENOUS STEROLS%REACTOME%R-HSA-211976.8	ENDOGENOUS STEROLS%REACTOME%R-HSA-211976.8		26	0.34925172	0.937969	0.5813008	1.0	1.0	8768	tags=42%, list=36%, signal=66%	
TGF_BETA_RECEPTOR%IOB%TGF_BETA_RECEPTOR	TGF_BETA_RECEPTOR%IOB%TGF_BETA_RECEPTOR		124	0.27413645	0.93793607	0.59731543	1.0	1.0	6517	tags=29%, list=27%, signal=39%	
LEUKOTRIENE BIOSYNTHETIC PROCESS%GOBP%GO:0019370	LEUKOTRIENE BIOSYNTHETIC PROCESS%GOBP%GO:0019370		17	0.38475332	0.93761235	0.5544267	1.0	1.0	4903	tags=35%, list=20%, signal=44%	
FONDAPARINUX ACTION PATHWAY%SMPDB%SMP0000273	FONDAPARINUX ACTION PATHWAY%SMPDB%SMP0000273		21	0.3662596	0.93755823	0.56870747	1.0	1.0	3331	tags=19%, list=14%, signal=22%	
NEGATIVE REGULATION OF BLOOD VESSEL MORPHOGENESIS%GOBP%GO:2000181	NEGATIVE REGULATION OF BLOOD VESSEL MORPHOGENESIS%GOBP%GO:2000181		92	0.2867139	0.93744564	0.59882355	1.0	1.0	3183	tags=17%, list=13%, signal=20%	
CD28 DEPENDENT PI3K AKT SIGNALING%REACTOME DATABASE ID RELEASE 95%389357	CD28 DEPENDENT PI3K AKT SIGNALING%REACTOME DATABASE ID RELEASE 95%389357		27	0.34551674	0.9373487	0.55801105	1.0	1.0	695	tags=7%, list=3%, signal=8%	
GOLGI TO VACUOLE TRANSPORT%GOBP%GO:0006896	GOLGI TO VACUOLE TRANSPORT%GOBP%GO:0006896		22	0.3617032	0.9373158	0.55617195	1.0	1.0	5795	tags=32%, list=24%, signal=42%	
REGULATION OF MEMBRANE LIPID DISTRIBUTION%GOBP%GO:0097035	REGULATION OF MEMBRANE LIPID DISTRIBUTION%GOBP%GO:0097035		53	0.30700028	0.9370256	0.5772152	1.0	1.0	8946	tags=45%, list=37%, signal=71%	
NUCLEAR RECEPTORS IN LIPID METABOLISM AND TOXICITY%WIKIPATHWAYS_20260211%WP299%HOMO SAPIENS	NUCLEAR RECEPTORS IN LIPID METABOLISM AND TOXICITY%WIKIPATHWAYS_20260211%WP299%HOMO SAPIENS		28	0.3471509	0.9369804	0.55739975	1.0	1.0	8768	tags=54%, list=36%, signal=83%	
DOUBLE-STRAND BREAK REPAIR VIA NONHOMOLOGOUS END JOINING%GOBP%GO:0006303	DOUBLE-STRAND BREAK REPAIR VIA NONHOMOLOGOUS END JOINING%GOBP%GO:0006303		49	0.30914336	0.9368104	0.56433123	1.0	1.0	4420	tags=24%, list=18%, signal=30%	
ESTABLISHMENT OF SPINDLE LOCALIZATION%GOBP%GO:0051293	ESTABLISHMENT OF SPINDLE LOCALIZATION%GOBP%GO:0051293		55	0.30654475	0.93657583	0.5774278	1.0	1.0	3965	tags=20%, list=16%, signal=24%	
REGULATION OF LIPID TRANSPORT%GOBP%GO:0032368	REGULATION OF LIPID TRANSPORT%GOBP%GO:0032368		99	0.2817404	0.93657106	0.5981308	1.0	1.0	9480	tags=43%, list=39%, signal=71%	
MUSCLE FILAMENT SLIDING%GOBP%GO:0030049	MUSCLE FILAMENT SLIDING%GOBP%GO:0030049		15	0.3948334	0.9365627	0.5751825	1.0	1.0	2453	tags=20%, list=10%, signal=22%	
RIBOSOME DISASSEMBLY%GOBP%GO:0032790	RIBOSOME DISASSEMBLY%GOBP%GO:0032790		45	0.30865848	0.9363638	0.56265986	1.0	1.0	5496	tags=22%, list=22%, signal=29%	
CDP-DIACYLGLYCEROL BIOSYNTHESIS%BIOCYC%PWY-5667	CDP-DIACYLGLYCEROL BIOSYNTHESIS%BIOCYC%PWY-5667		18	0.37647757	0.9363485	0.5640648	1.0	1.0	622	tags=11%, list=3%, signal=11%	
FAS%IOB%FAS	FAS%IOB%FAS		78	0.2861992	0.93633556	0.5745192	1.0	1.0	5387	tags=26%, list=22%, signal=33%	
EPIGENETIC REGULATION BY WDR5-CONTAINING HISTONE MODIFYING COMPLEXES%REACTOME DATABASE ID RELEASE 95%9917777	EPIGENETIC REGULATION BY WDR5-CONTAINING HISTONE MODIFYING COMPLEXES%REACTOME DATABASE ID RELEASE 95%9917777		132	0.2732639	0.9361051	0.61460674	1.0	1.0	3183	tags=15%, list=13%, signal=17%	
APOPTOTIC CLEAVAGE OF CELLULAR PROTEINS%REACTOME DATABASE ID RELEASE 95%111465	APOPTOTIC CLEAVAGE OF CELLULAR PROTEINS%REACTOME DATABASE ID RELEASE 95%111465		37	0.32418725	0.9360959	0.5659631	1.0	1.0	2610	tags=16%, list=11%, signal=18%	
REGULATION OF NUCLEAR-TRANSCRIBED MRNA POLY(A) TAIL SHORTENING%GOBP%GO:0060211	REGULATION OF NUCLEAR-TRANSCRIBED MRNA POLY(A) TAIL SHORTENING%GOBP%GO:0060211		15	0.4012995	0.9357585	0.5729013	1.0	1.0	3811	tags=27%, list=16%, signal=32%	
NEGATIVE REGULATION OF ADAPTIVE IMMUNE RESPONSE BASED ON SOMATIC RECOMBINATION OF IMMUNE RECEPTORS BUILT FROM IMMUNOGLOBULIN SUPERFAMILY DOMAINS%GOBP%GO:0002823	NEGATIVE REGULATION OF ADAPTIVE IMMUNE RESPONSE BASED ON SOMATIC RECOMBINATION OF IMMUNE RECEPTORS BUILT FROM IMMUNOGLOBULIN SUPERFAMILY DOMAINS%GOBP%GO:0002823		54	0.30106366	0.93565464	0.59899116	1.0	1.0	8041	tags=37%, list=33%, signal=55%	
CELL KILLING%GOBP%GO:0001906	CELL KILLING%GOBP%GO:0001906		99	0.27918378	0.93548536	0.59456396	1.0	1.0	6625	tags=25%, list=27%, signal=34%	
RHOU GTPASE CYCLE%REACTOME%R-HSA-9013420.5	RHOU GTPASE CYCLE%REACTOME%R-HSA-9013420.5		39	0.32259348	0.9353938	0.5695007	1.0	1.0	7618	tags=33%, list=31%, signal=48%	
DENDRITIC SPINE DEVELOPMENT%GOBP%GO:0060996	DENDRITIC SPINE DEVELOPMENT%GOBP%GO:0060996		21	0.3604335	0.9352223	0.5635036	1.0	1.0	1634	tags=19%, list=7%, signal=20%	
DNA DAMAGE TOLERANCE%GOBP%GO:0006301	DNA DAMAGE TOLERANCE%GOBP%GO:0006301		36	0.32666385	0.935011	0.57387865	1.0	1.0	1958	tags=14%, list=8%, signal=15%	
POSITIVE REGULATION OF NEUTROPHIL CHEMOTAXIS%GOBP%GO:0090023	POSITIVE REGULATION OF NEUTROPHIL CHEMOTAXIS%GOBP%GO:0090023		20	0.36686927	0.9349215	0.5698324	1.0	1.0	8725	tags=50%, list=36%, signal=78%	
RESCUE OF STALLED CYTOSOLIC RIBOSOME%GOBP%GO:0072344	RESCUE OF STALLED CYTOSOLIC RIBOSOME%GOBP%GO:0072344		37	0.32378113	0.93475467	0.5599473	1.0	1.0	5496	tags=24%, list=22%, signal=31%	
REGULATION OF CARBOHYDRATE BIOSYNTHETIC PROCESS%GOBP%GO:0043255	REGULATION OF CARBOHYDRATE BIOSYNTHETIC PROCESS%GOBP%GO:0043255		75	0.29357213	0.9346672	0.59655595	1.0	1.0	6357	tags=32%, list=26%, signal=43%	
AGE RAGE PATHWAY%WIKIPATHWAYS_20260211%WP2324%HOMO SAPIENS	AGE RAGE PATHWAY%WIKIPATHWAYS_20260211%WP2324%HOMO SAPIENS		53	0.30474135	0.934641	0.5924051	1.0	1.0	6517	tags=34%, list=27%, signal=46%	
TRNA METABOLIC PROCESS%GOBP%GO:0006399	TRNA METABOLIC PROCESS%GOBP%GO:0006399		192	0.26317716	0.9345842	0.6459227	1.0	1.0	3465	tags=18%, list=14%, signal=21%	
PURINE NUCLEOSIDE MONOPHOSPHATE METABOLIC PROCESS%GOBP%GO:0009126	PURINE NUCLEOSIDE MONOPHOSPHATE METABOLIC PROCESS%GOBP%GO:0009126		25	0.34849674	0.93457365	0.5616622	1.0	1.0	888	tags=12%, list=4%, signal=12%	
SIALURIA OR FRENCH TYPE SIALURIA%SMPDB%SMP0000216	SIALURIA OR FRENCH TYPE SIALURIA%SMPDB%SMP0000216		17	0.38854071	0.9345579	0.5867647	1.0	1.0	2616	tags=29%, list=11%, signal=33%	
POSITIVE REGULATION OF ALCOHOL BIOSYNTHETIC PROCESS%GOBP%GO:1902932	POSITIVE REGULATION OF ALCOHOL BIOSYNTHETIC PROCESS%GOBP%GO:1902932		22	0.36422077	0.93444353	0.5611111	1.0	1.0	5737	tags=36%, list=23%, signal=47%	
AMINO SUGAR METABOLIC PROCESS%GOBP%GO:0006040	AMINO SUGAR METABOLIC PROCESS%GOBP%GO:0006040		38	0.32618326	0.9343853	0.5886158	1.0	1.0	1785	tags=13%, list=7%, signal=14%	
SYNAPTIC TRANSMISSION, GABAERGIC%GOBP%GO:0051932	SYNAPTIC TRANSMISSION, GABAERGIC%GOBP%GO:0051932		23	0.35812846	0.9343265	0.5674548	1.0	1.0	9025	tags=52%, list=37%, signal=83%	
ENDODERM FORMATION%GOBP%GO:0001706	ENDODERM FORMATION%GOBP%GO:0001706		45	0.31147426	0.93432295	0.5842839	1.0	1.0	6117	tags=29%, list=25%, signal=38%	
METANEPHROS DEVELOPMENT%GOBP%GO:0001656	METANEPHROS DEVELOPMENT%GOBP%GO:0001656		42	0.31602836	0.9343099	0.5808147	1.0	1.0	6068	tags=26%, list=25%, signal=35%	
CALCIUM SIGNALING IN THE CD4+ TCR PATHWAY%PATHWAY INTERACTION DATABASE NCI-NATURE CURATED DATA%CALCIUM SIGNALING IN THE CD4+ TCR PATHWAY	CALCIUM SIGNALING IN THE CD4+ TCR PATHWAY%PATHWAY INTERACTION DATABASE NCI-NATURE CURATED DATA%CALCIUM SIGNALING IN THE CD4+ TCR PATHWAY		27	0.34591207	0.93430144	0.5848033	1.0	1.0	7292	tags=44%, list=30%, signal=63%	
PID_LIS1_PATHWAY%MSIGDB_C2%PID_LIS1_PATHWAY	PID_LIS1_PATHWAY%MSIGDB_C2%PID_LIS1_PATHWAY		22	0.35701743	0.93382335	0.5685997	1.0	1.0	8180	tags=45%, list=33%, signal=68%	
NEURON PROJECTION ORGANIZATION%GOBP%GO:0106027	NEURON PROJECTION ORGANIZATION%GOBP%GO:0106027		38	0.32448632	0.933695	0.59552044	1.0	1.0	1634	tags=13%, list=7%, signal=14%	
ARACHIDONATE METABOLISM%REACTOME DATABASE ID RELEASE 95%2142753	ARACHIDONATE METABOLISM%REACTOME DATABASE ID RELEASE 95%2142753		58	0.2995348	0.9336912	0.58641976	1.0	1.0	5918	tags=34%, list=24%, signal=45%	
PROTEIN AUTOPHOSPHORYLATION%GOBP%GO:0046777	PROTEIN AUTOPHOSPHORYLATION%GOBP%GO:0046777		101	0.2808997	0.9336764	0.6009335	1.0	1.0	5149	tags=21%, list=21%, signal=26%	
AMINE TRANSPORT%GOBP%GO:0015837	AMINE TRANSPORT%GOBP%GO:0015837		19	0.3754488	0.9335328	0.56776035	1.0	1.0	2101	tags=21%, list=9%, signal=23%	
CASPASE ACTIVATION VIA EXTRINSIC APOPTOTIC SIGNALLING PATHWAY%REACTOME DATABASE ID RELEASE 95%5357769	CASPASE ACTIVATION VIA EXTRINSIC APOPTOTIC SIGNALLING PATHWAY%REACTOME DATABASE ID RELEASE 95%5357769		25	0.34998727	0.933462	0.5755895	1.0	1.0	2366	tags=24%, list=10%, signal=27%	
POSITIVE REGULATION OF MYELOID LEUKOCYTE DIFFERENTIATION%GOBP%GO:0002763	POSITIVE REGULATION OF MYELOID LEUKOCYTE DIFFERENTIATION%GOBP%GO:0002763		47	0.3109215	0.93333405	0.5869018	1.0	1.0	4621	tags=19%, list=19%, signal=24%	
PHOSPHOLIPID TRANSLOCATION%GOBP%GO:0045332	PHOSPHOLIPID TRANSLOCATION%GOBP%GO:0045332		44	0.31711477	0.9332735	0.57788944	1.0	1.0	8627	tags=45%, list=35%, signal=70%	
NEGATIVE REGULATION OF GLIOGENESIS%GOBP%GO:0014014	NEGATIVE REGULATION OF GLIOGENESIS%GOBP%GO:0014014		20	0.3675025	0.93321955	0.56363636	1.0	1.0	6295	tags=45%, list=26%, signal=61%	
SYNTHESIS OF PA%REACTOME%R-HSA-1483166.8	SYNTHESIS OF PA%REACTOME%R-HSA-1483166.8		39	0.32026264	0.9331997	0.5783926	1.0	1.0	10639	tags=56%, list=43%, signal=100%	
EGF EGFR SIGNALING%WIKIPATHWAYS_20260211%WP437%HOMO SAPIENS	EGF EGFR SIGNALING%WIKIPATHWAYS_20260211%WP437%HOMO SAPIENS		122	0.2731763	0.9331817	0.60438293	1.0	1.0	3429	tags=17%, list=14%, signal=20%	
METHIONINE DE NOVO AND SALVAGE PATHWAY%WIKIPATHWAYS_20260211%WP3580%HOMO SAPIENS	METHIONINE DE NOVO AND SALVAGE PATHWAY%WIKIPATHWAYS_20260211%WP3580%HOMO SAPIENS		16	0.38061303	0.9330695	0.5655376	1.0	1.0	7978	tags=56%, list=33%, signal=83%	
NERVE DEVELOPMENT%GOBP%GO:0021675	NERVE DEVELOPMENT%GOBP%GO:0021675		39	0.32038823	0.9330433	0.5808625	1.0	1.0	867	tags=8%, list=4%, signal=8%	
NEGATIVE REGULATION OF TRANSLATIONAL INITIATION%GOBP%GO:0045947	NEGATIVE REGULATION OF TRANSLATIONAL INITIATION%GOBP%GO:0045947		26	0.35086754	0.93294543	0.55263156	1.0	1.0	2290	tags=23%, list=9%, signal=25%	
APOPTOSIS MODULATION BY HSP70%WIKIPATHWAYS_20260211%WP384%HOMO SAPIENS	APOPTOSIS MODULATION BY HSP70%WIKIPATHWAYS_20260211%WP384%HOMO SAPIENS		15	0.39435917	0.9324263	0.56666666	1.0	1.0	4990	tags=27%, list=20%, signal=33%	
NEGATIVE REGULATION OF LEUKOCYTE MEDIATED IMMUNITY%GOBP%GO:0002704	NEGATIVE REGULATION OF LEUKOCYTE MEDIATED IMMUNITY%GOBP%GO:0002704		60	0.30064493	0.93219304	0.5882353	1.0	1.0	8258	tags=37%, list=34%, signal=55%	
NEGATIVE REGULATION OF INTERLEUKIN-1 PRODUCTION%GOBP%GO:0032692	NEGATIVE REGULATION OF INTERLEUKIN-1 PRODUCTION%GOBP%GO:0032692		31	0.33432356	0.9319002	0.5769231	1.0	1.0	5021	tags=23%, list=21%, signal=28%	
CHOLESTEROL METABOLISM WITH BLOCH AND KANDUTSCH RUSSELL PATHWAYS%WIKIPATHWAYS_20260211%WP4718%HOMO SAPIENS	CHOLESTEROL METABOLISM WITH BLOCH AND KANDUTSCH RUSSELL PATHWAYS%WIKIPATHWAYS_20260211%WP4718%HOMO SAPIENS		41	0.31716755	0.9315755	0.5716112	1.0	1.0	7126	tags=37%, list=29%, signal=52%	
T CELL RECEPTOR SIGNALING PATHWAY%SMPDB%SMP0066977	T CELL RECEPTOR SIGNALING PATHWAY%SMPDB%SMP0066977		47	0.31075305	0.9315257	0.58576876	1.0	1.0	7298	tags=34%, list=30%, signal=48%	
REGULATION OF COMPLEMENT ACTIVATION%GOBP%GO:0030449	REGULATION OF COMPLEMENT ACTIVATION%GOBP%GO:0030449		20	0.36688152	0.93146276	0.56073445	1.0	1.0	8435	tags=50%, list=34%, signal=76%	
LIPID TRANSLOCATION%GOBP%GO:0034204	LIPID TRANSLOCATION%GOBP%GO:0034204		46	0.3125441	0.93143713	0.573472	1.0	1.0	8627	tags=46%, list=35%, signal=70%	
NEGATIVE REGULATION OF SIGNAL TRANSDUCTION IN ABSENCE OF LIGAND%GOBP%GO:1901099	NEGATIVE REGULATION OF SIGNAL TRANSDUCTION IN ABSENCE OF LIGAND%GOBP%GO:1901099		24	0.3557609	0.9312458	0.60028654	1.0	1.0	2770	tags=21%, list=11%, signal=23%	
PID_CASPASE_PATHWAY%MSIGDB_C2%PID_CASPASE_PATHWAY	PID_CASPASE_PATHWAY%MSIGDB_C2%PID_CASPASE_PATHWAY		40	0.3177456	0.93116254	0.5847797	1.0	1.0	3608	tags=18%, list=15%, signal=20%	
RIBONUCLEOTIDE CATABOLIC PROCESS%GOBP%GO:0009261	RIBONUCLEOTIDE CATABOLIC PROCESS%GOBP%GO:0009261		61	0.29722327	0.9307133	0.5909661	1.0	1.0	8789	tags=44%, list=36%, signal=69%	
VITAMIN D METABOLIC PROCESS%GOBP%GO:0042359	VITAMIN D METABOLIC PROCESS%GOBP%GO:0042359		15	0.39193794	0.9306914	0.5432836	1.0	1.0	7315	tags=47%, list=30%, signal=66%	
REGULATION OF DENDRITIC SPINE DEVELOPMENT%GOBP%GO:0060998	REGULATION OF DENDRITIC SPINE DEVELOPMENT%GOBP%GO:0060998		33	0.3344221	0.93060607	0.5656168	1.0	1.0	6888	tags=39%, list=28%, signal=55%	
DNA DOUBLE-STRAND BREAK REPAIR%REACTOME%R-HSA-5693532.5	DNA DOUBLE-STRAND BREAK REPAIR%REACTOME%R-HSA-5693532.5		152	0.26627052	0.9305323	0.6398259	1.0	1.0	5027	tags=22%, list=21%, signal=27%	
REGULATION OF MACROPHAGE CHEMOTAXIS%GOBP%GO:0010758	REGULATION OF MACROPHAGE CHEMOTAXIS%GOBP%GO:0010758		22	0.35915565	0.9303796	0.56805557	1.0	1.0	8895	tags=55%, list=36%, signal=86%	
CILIUM MOVEMENT INVOLVED IN CELL MOTILITY%GOBP%GO:0060294	CILIUM MOVEMENT INVOLVED IN CELL MOTILITY%GOBP%GO:0060294		186	0.26015845	0.9302626	0.6537634	1.0	1.0	4309	tags=19%, list=18%, signal=23%	
REGULATION OF MEGAKARYOCYTE DIFFERENTIATION%GOBP%GO:0045652	REGULATION OF MEGAKARYOCYTE DIFFERENTIATION%GOBP%GO:0045652		20	0.3663628	0.9302181	0.5633803	1.0	1.0	2770	tags=25%, list=11%, signal=28%	
ATM SIGNALING%WIKIPATHWAYS_20260211%WP2516%HOMO SAPIENS	ATM SIGNALING%WIKIPATHWAYS_20260211%WP2516%HOMO SAPIENS		30	0.3363328	0.93015784	0.58389264	1.0	1.0	1625	tags=17%, list=7%, signal=18%	
AMYLOID-BETA METABOLIC PROCESS%GOBP%GO:0050435	AMYLOID-BETA METABOLIC PROCESS%GOBP%GO:0050435		20	0.36673117	0.93012005	0.56258994	1.0	1.0	7130	tags=40%, list=29%, signal=56%	
SOMATIC DIVERSIFICATION OF IMMUNE RECEPTORS%GOBP%GO:0002200	SOMATIC DIVERSIFICATION OF IMMUNE RECEPTORS%GOBP%GO:0002200		38	0.32105273	0.9301156	0.5620915	1.0	1.0	7081	tags=34%, list=29%, signal=48%	
REGULATION OF CHEMOKINE PRODUCTION%GOBP%GO:0032642	REGULATION OF CHEMOKINE PRODUCTION%GOBP%GO:0032642		70	0.28931427	0.930012	0.59833133	1.0	1.0	7997	tags=40%, list=33%, signal=59%	
POSITIVE REGULATION OF T CELL MEDIATED IMMUNITY%GOBP%GO:0002711	POSITIVE REGULATION OF T CELL MEDIATED IMMUNITY%GOBP%GO:0002711		62	0.2952001	0.9299083	0.5904059	1.0	1.0	8435	tags=42%, list=34%, signal=64%	
EMBRYONIC ORGAN MORPHOGENESIS%GOBP%GO:0048562	EMBRYONIC ORGAN MORPHOGENESIS%GOBP%GO:0048562		140	0.26864108	0.9298641	0.65695065	1.0	1.0	6543	tags=27%, list=27%, signal=37%	
LIPOPROTEIN METABOLISM%REACTOME%R-HSA-174824.6	LIPOPROTEIN METABOLISM%REACTOME%R-HSA-174824.6		70	0.29110238	0.92981684	0.59227985	1.0	1.0	8580	tags=50%, list=35%, signal=77%	
BIOCARTA_NO1_PATHWAY%MSIGDB_C2%BIOCARTA_NO1_PATHWAY	BIOCARTA_NO1_PATHWAY%MSIGDB_C2%BIOCARTA_NO1_PATHWAY		19	0.3693688	0.92961746	0.5817923	1.0	1.0	6909	tags=47%, list=28%, signal=66%	
INTEGRATION OF ENERGY METABOLISM%REACTOME%R-HSA-163685.7	INTEGRATION OF ENERGY METABOLISM%REACTOME%R-HSA-163685.7		107	0.278457	0.9293935	0.62660444	1.0	1.0	9013	tags=44%, list=37%, signal=69%	
REACTIVE OXYGEN SPECIES METABOLIC PROCESS%GOBP%GO:0072593	REACTIVE OXYGEN SPECIES METABOLIC PROCESS%GOBP%GO:0072593		68	0.294392	0.9293266	0.59903383	1.0	1.0	2660	tags=16%, list=11%, signal=18%	
PID_FANCONI_PATHWAY%MSIGDB_C2%PID_FANCONI_PATHWAY	PID_FANCONI_PATHWAY%MSIGDB_C2%PID_FANCONI_PATHWAY		41	0.3209409	0.92930996	0.5984252	1.0	1.0	4340	tags=24%, list=18%, signal=30%	
IMMUNOGLOBULIN PRODUCTION%GOBP%GO:0002377	IMMUNOGLOBULIN PRODUCTION%GOBP%GO:0002377		33	0.32529673	0.92921185	0.57563585	1.0	1.0	7081	tags=36%, list=29%, signal=51%	
GABA RECEPTOR ACTIVATION%REACTOME%R-HSA-977443.7	GABA RECEPTOR ACTIVATION%REACTOME%R-HSA-977443.7		60	0.2997485	0.9290393	0.6091677	1.0	1.0	4797	tags=23%, list=20%, signal=29%	
CELLULAR RESPONSE TO VIRUS%GOBP%GO:0098586	CELLULAR RESPONSE TO VIRUS%GOBP%GO:0098586		59	0.30143526	0.92896765	0.602706	1.0	1.0	6717	tags=29%, list=27%, signal=40%	
POST-TRANSLATIONAL PROTEIN PHOSPHORYLATION%REACTOME%R-HSA-8957275.2	POST-TRANSLATIONAL PROTEIN PHOSPHORYLATION%REACTOME%R-HSA-8957275.2		107	0.27775988	0.9285866	0.61521	1.0	1.0	7349	tags=37%, list=30%, signal=53%	
POSITIVE REGULATION OF STRIATED MUSCLE CELL DIFFERENTIATION%GOBP%GO:0051155	POSITIVE REGULATION OF STRIATED MUSCLE CELL DIFFERENTIATION%GOBP%GO:0051155		27	0.34000245	0.92855114	0.594046	1.0	1.0	5087	tags=33%, list=21%, signal=42%	
UB-SPECIFIC PROCESSING PROTEASES%REACTOME DATABASE ID RELEASE 95%5689880	UB-SPECIFIC PROCESSING PROTEASES%REACTOME DATABASE ID RELEASE 95%5689880		188	0.26093158	0.92846155	0.66888154	1.0	1.0	4443	tags=19%, list=18%, signal=23%	
ENVELOPE PROTEINS AND THEIR POTENTIAL ROLES IN EDMD PHYSIOPATHOLOGY%WIKIPATHWAYS_20260211%WP4535%HOMO SAPIENS	ENVELOPE PROTEINS AND THEIR POTENTIAL ROLES IN EDMD PHYSIOPATHOLOGY%WIKIPATHWAYS_20260211%WP4535%HOMO SAPIENS		31	0.33838555	0.92840034	0.5581081	1.0	1.0	4776	tags=26%, list=20%, signal=32%	
NEGATIVE REGULATION OF MONONUCLEAR CELL PROLIFERATION%GOBP%GO:0032945	NEGATIVE REGULATION OF MONONUCLEAR CELL PROLIFERATION%GOBP%GO:0032945		60	0.30162743	0.928353	0.59158415	1.0	1.0	3627	tags=20%, list=15%, signal=23%	
REGULATION OF ACTIN FILAMENT LENGTH%GOBP%GO:0030832	REGULATION OF ACTIN FILAMENT LENGTH%GOBP%GO:0030832		111	0.27567494	0.92801994	0.6219931	1.0	1.0	5341	tags=23%, list=22%, signal=30%	
HISTONE MRNA CATABOLIC PROCESS%GOBP%GO:0071044	HISTONE MRNA CATABOLIC PROCESS%GOBP%GO:0071044		22	0.3554305	0.92777026	0.56480217	1.0	1.0	6152	tags=32%, list=25%, signal=42%	
ALZHEIMER DISEASE-PRESENILIN PATHWAY%PANTHER PATHWAY%P00004	ALZHEIMER DISEASE-PRESENILIN PATHWAY%PANTHER PATHWAY%P00004		86	0.28291386	0.92776746	0.6028369	1.0	1.0	6068	tags=30%, list=25%, signal=40%	
PROTEIN ACTIVATION CASCADE%GOBP%GO:0072376	PROTEIN ACTIVATION CASCADE%GOBP%GO:0072376		18	0.3799753	0.9276308	0.56729376	1.0	1.0	8200	tags=39%, list=33%, signal=58%	
MODIFIED AMINO ACID METABOLIC PROCESS%GOBP%GO:0006575	MODIFIED AMINO ACID METABOLIC PROCESS%GOBP%GO:0006575		140	0.2690916	0.9273881	0.63863635	1.0	1.0	6429	tags=29%, list=26%, signal=39%	
DNA DAMAGE CHECKPOINT SIGNALING%GOBP%GO:0000077	DNA DAMAGE CHECKPOINT SIGNALING%GOBP%GO:0000077		89	0.28151318	0.92730176	0.6026895	1.0	1.0	3960	tags=19%, list=16%, signal=23%	
NEGATIVE REGULATION OF IMMUNE EFFECTOR PROCESS%GOBP%GO:0002698	NEGATIVE REGULATION OF IMMUNE EFFECTOR PROCESS%GOBP%GO:0002698		95	0.28216642	0.92713106	0.60788864	1.0	1.0	8548	tags=37%, list=35%, signal=56%	
RNA DECAPPING%GOBP%GO:0110154	RNA DECAPPING%GOBP%GO:0110154		24	0.3491714	0.92703086	0.57945204	1.0	1.0	6109	tags=29%, list=25%, signal=39%	
DNA REPLICATION CHECKPOINT SIGNALING%GOBP%GO:0000076	DNA REPLICATION CHECKPOINT SIGNALING%GOBP%GO:0000076		26	0.34686983	0.9270221	0.56142855	1.0	1.0	6489	tags=38%, list=26%, signal=52%	
HEPARIN ACTION PATHWAY%SMPDB%SMP0000274	HEPARIN ACTION PATHWAY%SMPDB%SMP0000274		21	0.3662596	0.92675203	0.58995813	1.0	1.0	3331	tags=19%, list=14%, signal=22%	
SYNTHESIS OF PIPS AT THE EARLY ENDOSOME MEMBRANE%REACTOME%R-HSA-1660516.9	SYNTHESIS OF PIPS AT THE EARLY ENDOSOME MEMBRANE%REACTOME%R-HSA-1660516.9		16	0.37688932	0.92655545	0.58393115	1.0	1.0	9737	tags=50%, list=40%, signal=83%	
REGULATION OF VESICLE SIZE%GOBP%GO:0097494	REGULATION OF VESICLE SIZE%GOBP%GO:0097494		16	0.3839823	0.9265196	0.5730825	1.0	1.0	5048	tags=25%, list=21%, signal=31%	
REGULATION OF PROTEIN POLYMERIZATION%GOBP%GO:0032271	REGULATION OF PROTEIN POLYMERIZATION%GOBP%GO:0032271		154	0.26477805	0.92630947	0.6475771	1.0	1.0	4789	tags=21%, list=20%, signal=26%	
G1 S-SPECIFIC TRANSCRIPTION%REACTOME%R-HSA-69205.5	G1 S-SPECIFIC TRANSCRIPTION%REACTOME%R-HSA-69205.5		28	0.3379292	0.92629	0.5782313	1.0	1.0	6326	tags=29%, list=26%, signal=38%	
CARDIAC ATRIUM MORPHOGENESIS%GOBP%GO:0003209	CARDIAC ATRIUM MORPHOGENESIS%GOBP%GO:0003209		21	0.3662154	0.92622024	0.5802292	1.0	1.0	4769	tags=33%, list=19%, signal=41%	
MYCOPHENOLIC ACID METABOLISM PATHWAY%PATHWHIZ%PW000628	MYCOPHENOLIC ACID METABOLISM PATHWAY%PATHWHIZ%PW000628		16	0.3849407	0.92613816	0.5613793	1.0	1.0	7517	tags=56%, list=31%, signal=81%	
POSITIVE REGULATION OF LAMELLIPODIUM ASSEMBLY%GOBP%GO:0010592	POSITIVE REGULATION OF LAMELLIPODIUM ASSEMBLY%GOBP%GO:0010592		24	0.3556066	0.92573947	0.56870747	1.0	1.0	7216	tags=42%, list=29%, signal=59%	
PRESYNAPSE ORGANIZATION%GOBP%GO:0099172	PRESYNAPSE ORGANIZATION%GOBP%GO:0099172		20	0.36638325	0.92563176	0.58465993	1.0	1.0	5827	tags=30%, list=24%, signal=39%	
REGULATION OF CDC42 ACTIVITY%PATHWAY INTERACTION DATABASE NCI-NATURE CURATED DATA%REGULATION OF CDC42 ACTIVITY	REGULATION OF CDC42 ACTIVITY%PATHWAY INTERACTION DATABASE NCI-NATURE CURATED DATA%REGULATION OF CDC42 ACTIVITY		30	0.33533716	0.9256008	0.5818908	1.0	1.0	6484	tags=40%, list=26%, signal=54%	
RESPONSE TO ACID CHEMICAL%GOBP%GO:0001101	RESPONSE TO ACID CHEMICAL%GOBP%GO:0001101		49	0.3072042	0.9255897	0.586514	1.0	1.0	4041	tags=20%, list=16%, signal=24%	
REGULATION OF NATURAL KILLER CELL MEDIATED IMMUNITY%GOBP%GO:0002715	REGULATION OF NATURAL KILLER CELL MEDIATED IMMUNITY%GOBP%GO:0002715		50	0.30959043	0.9255464	0.5925926	1.0	1.0	7600	tags=30%, list=31%, signal=43%	
ANAPHASE-PROMOTING COMPLEX-DEPENDENT CATABOLIC PROCESS%GOBP%GO:0031145	ANAPHASE-PROMOTING COMPLEX-DEPENDENT CATABOLIC PROCESS%GOBP%GO:0031145		22	0.358178	0.9255291	0.5479256	1.0	1.0	2989	tags=23%, list=12%, signal=26%	
HOMEOSTASIS OF NUMBER OF CELLS%GOBP%GO:0048872	HOMEOSTASIS OF NUMBER OF CELLS%GOBP%GO:0048872		143	0.27076894	0.92497927	0.64108354	1.0	1.0	6470	tags=29%, list=26%, signal=39%	
ION CHANNELS AND THEIR FUNCTIONAL ROLE IN VASCULAR ENDOTHELIUM%SMPDB%SMP0063778	ION CHANNELS AND THEIR FUNCTIONAL ROLE IN VASCULAR ENDOTHELIUM%SMPDB%SMP0063778		15	0.3870368	0.92471516	0.57715136	1.0	1.0	3591	tags=27%, list=15%, signal=31%	
PHOSPHOINOSITIDES METABOLISM%WIKIPATHWAYS_20260211%WP4971%HOMO SAPIENS	PHOSPHOINOSITIDES METABOLISM%WIKIPATHWAYS_20260211%WP4971%HOMO SAPIENS		41	0.3162164	0.92470205	0.61248374	1.0	1.0	10537	tags=59%, list=43%, signal=103%	
SOMATIC DIVERSIFICATION OF IMMUNOGLOBULINS%GOBP%GO:0016445	SOMATIC DIVERSIFICATION OF IMMUNOGLOBULINS%GOBP%GO:0016445		33	0.32529673	0.9246899	0.58798885	1.0	1.0	7081	tags=36%, list=29%, signal=51%	
GLYCOLIPID CATABOLIC PROCESS%GOBP%GO:0019377	GLYCOLIPID CATABOLIC PROCESS%GOBP%GO:0019377		20	0.36990586	0.92450565	0.5811966	1.0	1.0	9577	tags=60%, list=39%, signal=98%	
POSITIVE REGULATION OF VIRAL LIFE CYCLE%GOBP%GO:1903902	POSITIVE REGULATION OF VIRAL LIFE CYCLE%GOBP%GO:1903902		20	0.3678649	0.92429227	0.5930736	1.0	1.0	7799	tags=40%, list=32%, signal=59%	
NUCLEOSIDE MONOPHOSPHATE METABOLIC PROCESS%GOBP%GO:0009123	NUCLEOSIDE MONOPHOSPHATE METABOLIC PROCESS%GOBP%GO:0009123		40	0.31889057	0.92411876	0.6118421	1.0	1.0	888	tags=10%, list=4%, signal=10%	
REGULATION OF COLD-INDUCED THERMOGENESIS%GOBP%GO:0120161	REGULATION OF COLD-INDUCED THERMOGENESIS%GOBP%GO:0120161		150	0.26633215	0.9240498	0.66629463	1.0	1.0	7703	tags=34%, list=31%, signal=49%	
NEGATIVE REGULATION OF PROTEIN MODIFICATION BY SMALL PROTEIN CONJUGATION OR REMOVAL%GOBP%GO:1903321	NEGATIVE REGULATION OF PROTEIN MODIFICATION BY SMALL PROTEIN CONJUGATION OR REMOVAL%GOBP%GO:1903321		70	0.29097238	0.92349625	0.5975758	1.0	1.0	3896	tags=21%, list=16%, signal=25%	
OVERVIEW OF NANOPARTICLE EFFECTS%WIKIPATHWAYS_20260211%WP3287%HOMO SAPIENS	OVERVIEW OF NANOPARTICLE EFFECTS%WIKIPATHWAYS_20260211%WP3287%HOMO SAPIENS		15	0.38527152	0.92305154	0.5753228	1.0	1.0	11212	tags=67%, list=46%, signal=123%	
PHOSPHATIDYLINOSITOL BIOSYNTHETIC PROCESS%GOBP%GO:0006661	PHOSPHATIDYLINOSITOL BIOSYNTHETIC PROCESS%GOBP%GO:0006661		107	0.2739339	0.92296094	0.6391153	1.0	1.0	6447	tags=29%, list=26%, signal=39%	
MITOCHONDRIAL PROTEIN IMPORT%REACTOME DATABASE ID RELEASE 95%1268020	MITOCHONDRIAL PROTEIN IMPORT%REACTOME DATABASE ID RELEASE 95%1268020		65	0.2927215	0.9223209	0.5925926	1.0	1.0	3015	tags=15%, list=12%, signal=17%	
ASSEMBLY OF THE ORC COMPLEX AT THE ORIGIN OF REPLICATION%REACTOME%R-HSA-68616.6	ASSEMBLY OF THE ORC COMPLEX AT THE ORIGIN OF REPLICATION%REACTOME%R-HSA-68616.6		36	0.32089543	0.92232054	0.61264825	1.0	1.0	6020	tags=31%, list=25%, signal=40%	
NEGATIVE REGULATION OF ACTIN FILAMENT DEPOLYMERIZATION%GOBP%GO:0030835	NEGATIVE REGULATION OF ACTIN FILAMENT DEPOLYMERIZATION%GOBP%GO:0030835		22	0.35328832	0.92216444	0.5892351	1.0	1.0	4074	tags=23%, list=17%, signal=27%	
NEGATIVE REGULATION OF CELL ACTIVATION%GOBP%GO:0050866	NEGATIVE REGULATION OF CELL ACTIVATION%GOBP%GO:0050866		174	0.2590841	0.92162466	0.6507073	1.0	1.0	5621	tags=23%, list=23%, signal=30%	
REGULATION OF MITOTIC SPINDLE ORGANIZATION%GOBP%GO:0060236	REGULATION OF MITOTIC SPINDLE ORGANIZATION%GOBP%GO:0060236		41	0.3153878	0.9212562	0.59407216	1.0	1.0	6381	tags=32%, list=26%, signal=43%	
NEUTROPHIL ACTIVATION%GOBP%GO:0042119	NEUTROPHIL ACTIVATION%GOBP%GO:0042119		24	0.34824184	0.9210778	0.5821727	1.0	1.0	9919	tags=63%, list=40%, signal=105%	
HALLMARK_INFLAMMATORY_RESPONSE%MSIGDBHALLMARK%HALLMARK_INFLAMMATORY_RESPONSE	HALLMARK_INFLAMMATORY_RESPONSE%MSIGDBHALLMARK%HALLMARK_INFLAMMATORY_RESPONSE		174	0.26413307	0.92107534	0.66703415	1.0	1.0	8948	tags=43%, list=37%, signal=67%	
RNA POLYMERASE II PREINITIATION COMPLEX ASSEMBLY%GOBP%GO:0051123	RNA POLYMERASE II PREINITIATION COMPLEX ASSEMBLY%GOBP%GO:0051123		64	0.29225433	0.92096347	0.61160153	1.0	1.0	3949	tags=25%, list=16%, signal=30%	
REGULATION OF PROTEIN TARGETING TO MEMBRANE%GOBP%GO:0090313	REGULATION OF PROTEIN TARGETING TO MEMBRANE%GOBP%GO:0090313		26	0.34330803	0.92095643	0.59310347	1.0	1.0	9578	tags=54%, list=39%, signal=88%	
POSITIVE REGULATION OF PHOSPHATIDYLINOSITOL 3-KINASE/PROTEIN KINASE B SIGNAL TRANSDUCTION%GOBP%GO:0051897	POSITIVE REGULATION OF PHOSPHATIDYLINOSITOL 3-KINASE/PROTEIN KINASE B SIGNAL TRANSDUCTION%GOBP%GO:0051897		164	0.2612332	0.9209211	0.660066	1.0	1.0	8968	tags=36%, list=37%, signal=56%	
REGULATION OF PROTEIN SUMOYLATION%GOBP%GO:0033233	REGULATION OF PROTEIN SUMOYLATION%GOBP%GO:0033233		16	0.3740336	0.92066705	0.5833333	1.0	1.0	7046	tags=44%, list=29%, signal=61%	
NS1 MEDIATED EFFECTS ON HOST PATHWAYS%REACTOME DATABASE ID RELEASE 95%168276	NS1 MEDIATED EFFECTS ON HOST PATHWAYS%REACTOME DATABASE ID RELEASE 95%168276		40	0.31766275	0.920607	0.6066838	1.0	1.0	8107	tags=38%, list=33%, signal=56%	
CYTOSKELETON-DEPENDENT INTRACELLULAR TRANSPORT%GOBP%GO:0030705	CYTOSKELETON-DEPENDENT INTRACELLULAR TRANSPORT%GOBP%GO:0030705		182	0.25861883	0.9205712	0.66090715	1.0	1.0	7610	tags=37%, list=31%, signal=54%	
POSITIVE REGULATION OF RECEPTOR SIGNALING PATHWAY VIA STAT%GOBP%GO:1904894	POSITIVE REGULATION OF RECEPTOR SIGNALING PATHWAY VIA STAT%GOBP%GO:1904894		45	0.30795425	0.92048824	0.61567634	1.0	1.0	6470	tags=33%, list=26%, signal=45%	
RESPONSE TO IONIZING RADIATION%GOBP%GO:0010212	RESPONSE TO IONIZING RADIATION%GOBP%GO:0010212		89	0.2818721	0.92027783	0.6325803	1.0	1.0	5027	tags=25%, list=21%, signal=31%	
CIRCADIAN RHYTHM PATHWAY%PATHWAY INTERACTION DATABASE NCI-NATURE CURATED DATA%CIRCADIAN RHYTHM PATHWAY	CIRCADIAN RHYTHM PATHWAY%PATHWAY INTERACTION DATABASE NCI-NATURE CURATED DATA%CIRCADIAN RHYTHM PATHWAY		16	0.38471425	0.9202332	0.5821326	1.0	1.0	1363	tags=13%, list=6%, signal=13%	
OSTEOBLAST DIFFERENTIATION AND RELATED DISEASES%WIKIPATHWAYS_20260211%WP4787%HOMO SAPIENS	OSTEOBLAST DIFFERENTIATION AND RELATED DISEASES%WIKIPATHWAYS_20260211%WP4787%HOMO SAPIENS		95	0.27858657	0.92017126	0.63345194	1.0	1.0	7973	tags=36%, list=33%, signal=53%	
BIOCARTA_TNFR2_PATHWAY%MSIGDB_C2%BIOCARTA_TNFR2_PATHWAY	BIOCARTA_TNFR2_PATHWAY%MSIGDB_C2%BIOCARTA_TNFR2_PATHWAY		15	0.391065	0.92014486	0.5938417	1.0	1.0	4634	tags=27%, list=19%, signal=33%	
INOSITOL PHOSPHATE METABOLISM%REACTOME DATABASE ID RELEASE 95%1483249	INOSITOL PHOSPHATE METABOLISM%REACTOME DATABASE ID RELEASE 95%1483249		48	0.3072565	0.9200851	0.6058673	1.0	1.0	8244	tags=38%, list=34%, signal=56%	
POSITIVE REGULATION OF VASCULAR ASSOCIATED SMOOTH MUSCLE CELL PROLIFERATION%GOBP%GO:1904707	POSITIVE REGULATION OF VASCULAR ASSOCIATED SMOOTH MUSCLE CELL PROLIFERATION%GOBP%GO:1904707		22	0.352793	0.9199779	0.61388886	1.0	1.0	2926	tags=23%, list=12%, signal=26%	
NEURAL CREST DIFFERENTIATION%WIKIPATHWAYS_20260211%WP2064%HOMO SAPIENS	NEURAL CREST DIFFERENTIATION%WIKIPATHWAYS_20260211%WP2064%HOMO SAPIENS		92	0.27960625	0.91987926	0.6332547	1.0	1.0	7294	tags=36%, list=30%, signal=51%	
POSITIVE REGULATION OF STEROID METABOLIC PROCESS%GOBP%GO:0045940	POSITIVE REGULATION OF STEROID METABOLIC PROCESS%GOBP%GO:0045940		30	0.331997	0.91986394	0.5675676	1.0	1.0	4981	tags=30%, list=20%, signal=38%	
REGULATION OF STEM CELL PROLIFERATION%GOBP%GO:0072091	REGULATION OF STEM CELL PROLIFERATION%GOBP%GO:0072091		27	0.3383484	0.91970056	0.569863	1.0	1.0	7624	tags=33%, list=31%, signal=48%	
PIGMENT CELL DIFFERENTIATION%GOBP%GO:0050931	PIGMENT CELL DIFFERENTIATION%GOBP%GO:0050931		20	0.36691508	0.9196509	0.6020408	1.0	1.0	1833	tags=20%, list=7%, signal=22%	
HALLMARK_UV_RESPONSE_DN%MSIGDBHALLMARK%HALLMARK_UV_RESPONSE_DN	HALLMARK_UV_RESPONSE_DN%MSIGDBHALLMARK%HALLMARK_UV_RESPONSE_DN		113	0.27131638	0.919529	0.64685714	1.0	1.0	9480	tags=42%, list=39%, signal=68%	
VERY LONG-CHAIN FATTY ACID METABOLIC PROCESS%GOBP%GO:0000038	VERY LONG-CHAIN FATTY ACID METABOLIC PROCESS%GOBP%GO:0000038		31	0.33596295	0.91945255	0.59481585	1.0	1.0	4674	tags=26%, list=19%, signal=32%	
REGULATION OF G1/S TRANSITION OF MITOTIC CELL CYCLE%GOBP%GO:2000045	REGULATION OF G1/S TRANSITION OF MITOTIC CELL CYCLE%GOBP%GO:2000045		137	0.26537737	0.9191997	0.6591928	1.0	1.0	5820	tags=26%, list=24%, signal=33%	
DOWNSTREAM SIGNAL TRANSDUCTION%REACTOME DATABASE ID RELEASE 95%186763	DOWNSTREAM SIGNAL TRANSDUCTION%REACTOME DATABASE ID RELEASE 95%186763		26	0.34762692	0.91906494	0.60113156	1.0	1.0	7618	tags=38%, list=31%, signal=56%	
REGULATION OF SISTER CHROMATID COHESION%GOBP%GO:0007063	REGULATION OF SISTER CHROMATID COHESION%GOBP%GO:0007063		17	0.37970188	0.9188608	0.574746	1.0	1.0	3506	tags=29%, list=14%, signal=34%	
REGULATION OF ENDOTHELIAL CELL CHEMOTAXIS%GOBP%GO:2001026	REGULATION OF ENDOTHELIAL CELL CHEMOTAXIS%GOBP%GO:2001026		21	0.35612053	0.9187675	0.570028	1.0	1.0	4769	tags=24%, list=19%, signal=30%	
SYNAPTIC VESICLE EXOCYTOSIS%GOBP%GO:0016079	SYNAPTIC VESICLE EXOCYTOSIS%GOBP%GO:0016079		50	0.30128664	0.9186875	0.61410254	1.0	1.0	8472	tags=46%, list=35%, signal=70%	
REGULATION OF TOLL-LIKE RECEPTOR SIGNALING PATHWAY%GOBP%GO:0034121	REGULATION OF TOLL-LIKE RECEPTOR SIGNALING PATHWAY%GOBP%GO:0034121		28	0.3355436	0.9184388	0.6099476	1.0	1.0	5687	tags=36%, list=23%, signal=46%	
PURINE NUCLEOTIDES <I>DE NOVO< I> BIOSYNTHESIS%BIOCYC%PWY-841	PURINE NUCLEOTIDES <I>DE NOVO< I> BIOSYNTHESIS%BIOCYC%PWY-841		29	0.33397478	0.91824603	0.60610265	1.0	1.0	755	tags=14%, list=3%, signal=14%	
BILE ACID BIOSYNTHETIC PROCESS%GOBP%GO:0006699	BILE ACID BIOSYNTHETIC PROCESS%GOBP%GO:0006699		26	0.34031084	0.91761285	0.59090906	1.0	1.0	4846	tags=27%, list=20%, signal=34%	
INTRACELLULAR CHOLESTEROL TRANSPORT%GOBP%GO:0032367	INTRACELLULAR CHOLESTEROL TRANSPORT%GOBP%GO:0032367		24	0.34840718	0.9174992	0.6090652	1.0	1.0	9143	tags=50%, list=37%, signal=80%	
NEUROMUSCULAR PROCESS CONTROLLING BALANCE%GOBP%GO:0050885	NEUROMUSCULAR PROCESS CONTROLLING BALANCE%GOBP%GO:0050885		15	0.39119214	0.91740996	0.5895954	1.0	1.0	7772	tags=47%, list=32%, signal=68%	
REGULATION OF ADENYLATE CYCLASE-ACTIVATING G PROTEIN-COUPLED RECEPTOR SIGNALING PATHWAY%GOBP%GO:0106070	REGULATION OF ADENYLATE CYCLASE-ACTIVATING G PROTEIN-COUPLED RECEPTOR SIGNALING PATHWAY%GOBP%GO:0106070		18	0.3683135	0.9171201	0.59679765	1.0	1.0	6055	tags=44%, list=25%, signal=59%	
POSITIVE REGULATION OF SMAD PROTEIN SIGNAL TRANSDUCTION%GOBP%GO:0060391	POSITIVE REGULATION OF SMAD PROTEIN SIGNAL TRANSDUCTION%GOBP%GO:0060391		40	0.31511253	0.9169477	0.6096552	1.0	1.0	3748	tags=18%, list=15%, signal=21%	
NF1 COPY NUMBER VARIATION SYNDROME %WIKIPATHWAYS_20260211%WP5366%HOMO SAPIENS	NF1 COPY NUMBER VARIATION SYNDROME %WIKIPATHWAYS_20260211%WP5366%HOMO SAPIENS		73	0.28562686	0.91678715	0.63390666	1.0	1.0	3815	tags=19%, list=16%, signal=23%	
REGULATION OF PROTEIN TARGETING%GOBP%GO:1903533	REGULATION OF PROTEIN TARGETING%GOBP%GO:1903533		26	0.34330803	0.9167623	0.592246	1.0	1.0	9578	tags=54%, list=39%, signal=88%	
MONOAMINE TRANSPORT%GOBP%GO:0015844	MONOAMINE TRANSPORT%GOBP%GO:0015844		17	0.37453726	0.91675925	0.58474576	1.0	1.0	3961	tags=29%, list=16%, signal=35%	
REGULATION OF VESICLE FUSION%GOBP%GO:0031338	REGULATION OF VESICLE FUSION%GOBP%GO:0031338		30	0.33129197	0.91600317	0.60104984	1.0	1.0	8472	tags=50%, list=35%, signal=76%	
POSITIVE REGULATION OF POTASSIUM ION TRANSMEMBRANE TRANSPORT%GOBP%GO:1901381	POSITIVE REGULATION OF POTASSIUM ION TRANSMEMBRANE TRANSPORT%GOBP%GO:1901381		17	0.37445012	0.915844	0.59280574	1.0	1.0	6459	tags=41%, list=26%, signal=56%	
RNA POLYMERASE III TRANSCRIPTION TERMINATION%REACTOME%R-HSA-73980.5	RNA POLYMERASE III TRANSCRIPTION TERMINATION%REACTOME%R-HSA-73980.5		23	0.35090807	0.9157668	0.604782	1.0	1.0	3849	tags=22%, list=16%, signal=26%	
SYNAPTIC VESICLE LOCALIZATION%GOBP%GO:0097479	SYNAPTIC VESICLE LOCALIZATION%GOBP%GO:0097479		44	0.30758575	0.91564745	0.6155811	1.0	1.0	5048	tags=25%, list=21%, signal=31%	
PID_LKB1_PATHWAY%MSIGDB_C2%PID_LKB1_PATHWAY	PID_LKB1_PATHWAY%MSIGDB_C2%PID_LKB1_PATHWAY		36	0.3227993	0.9155978	0.608637	1.0	1.0	4987	tags=28%, list=20%, signal=35%	
PID_REELIN_PATHWAY%MSIGDB_C2%PID_REELIN_PATHWAY	PID_REELIN_PATHWAY%MSIGDB_C2%PID_REELIN_PATHWAY		23	0.35051697	0.91556895	0.58716875	1.0	1.0	8711	tags=43%, list=36%, signal=67%	
T CELL ANTIGEN RECEPTOR TCR PATHWAY DURING STAPHYLOCOCCUS AUREUS INFECTION%WIKIPATHWAYS_20260211%WP3863%HOMO SAPIENS	T CELL ANTIGEN RECEPTOR TCR PATHWAY DURING STAPHYLOCOCCUS AUREUS INFECTION%WIKIPATHWAYS_20260211%WP3863%HOMO SAPIENS		55	0.29803938	0.9154044	0.60687023	1.0	1.0	9500	tags=51%, list=39%, signal=83%	
REGULATION OF MICROTUBULE POLYMERIZATION OR DEPOLYMERIZATION%GOBP%GO:0031110	REGULATION OF MICROTUBULE POLYMERIZATION OR DEPOLYMERIZATION%GOBP%GO:0031110		89	0.28021902	0.91527814	0.66042155	1.0	1.0	6381	tags=29%, list=26%, signal=39%	
COMPLEX III ASSEMBLY%REACTOME%R-HSA-9865881.2	COMPLEX III ASSEMBLY%REACTOME%R-HSA-9865881.2		23	0.34930953	0.91524523	0.5949721	1.0	1.0	3015	tags=17%, list=12%, signal=20%	
HEART DEVELOPMENT%WIKIPATHWAYS_20260211%WP1591%HOMO SAPIENS	HEART DEVELOPMENT%WIKIPATHWAYS_20260211%WP1591%HOMO SAPIENS		41	0.3153852	0.915214	0.59923667	1.0	1.0	6294	tags=29%, list=26%, signal=39%	
RHOF GTPASE CYCLE%REACTOME%R-HSA-9035034.5	RHOF GTPASE CYCLE%REACTOME%R-HSA-9035034.5		42	0.3157791	0.91516083	0.60076046	1.0	1.0	6265	tags=24%, list=26%, signal=32%	
PID_INTEGRIN_A9B1_PATHWAY%MSIGDB_C2%PID_INTEGRIN_A9B1_PATHWAY	PID_INTEGRIN_A9B1_PATHWAY%MSIGDB_C2%PID_INTEGRIN_A9B1_PATHWAY		20	0.36265662	0.91494554	0.58677685	1.0	1.0	7216	tags=40%, list=29%, signal=57%	
DEFENSE RESPONSE TO GRAM-NEGATIVE BACTERIUM%GOBP%GO:0050829	DEFENSE RESPONSE TO GRAM-NEGATIVE BACTERIUM%GOBP%GO:0050829		71	0.28829178	0.9149186	0.6360294	1.0	1.0	5323	tags=23%, list=22%, signal=29%	
RETINOIC ACID RECEPTORS-MEDIATED SIGNALING%PATHWAY INTERACTION DATABASE NCI-NATURE CURATED DATA%RETINOIC ACID RECEPTORS-MEDIATED SIGNALING	RETINOIC ACID RECEPTORS-MEDIATED SIGNALING%PATHWAY INTERACTION DATABASE NCI-NATURE CURATED DATA%RETINOIC ACID RECEPTORS-MEDIATED SIGNALING		30	0.32874578	0.91484684	0.5898491	1.0	1.0	9629	tags=50%, list=39%, signal=82%	
BASEMENT MEMBRANE ORGANIZATION%GOBP%GO:0071711	BASEMENT MEMBRANE ORGANIZATION%GOBP%GO:0071711		18	0.37039945	0.9147946	0.59365994	1.0	1.0	9247	tags=61%, list=38%, signal=98%	
SULFUR COMPOUND CATABOLIC PROCESS%GOBP%GO:0044273	SULFUR COMPOUND CATABOLIC PROCESS%GOBP%GO:0044273		29	0.33255973	0.91472965	0.5986577	1.0	1.0	5506	tags=31%, list=22%, signal=40%	
OVULATION CYCLE%GOBP%GO:0042698	OVULATION CYCLE%GOBP%GO:0042698		21	0.3570869	0.91447586	0.60082304	1.0	1.0	4977	tags=33%, list=20%, signal=42%	
CYTOPLASMIC TRANSLATIONAL ELONGATION%GOBP%GO:0002182	CYTOPLASMIC TRANSLATIONAL ELONGATION%GOBP%GO:0002182		37	0.32378113	0.9143937	0.60719043	1.0	1.0	5496	tags=24%, list=22%, signal=31%	
POSITIVE REGULATION OF EXTRACELLULAR MATRIX ORGANIZATION%GOBP%GO:1903055	POSITIVE REGULATION OF EXTRACELLULAR MATRIX ORGANIZATION%GOBP%GO:1903055		23	0.35056514	0.9143837	0.60724235	1.0	1.0	7677	tags=52%, list=31%, signal=76%	
IGF1 PATHWAY%PATHWAY INTERACTION DATABASE NCI-NATURE CURATED DATA%IGF1 PATHWAY	IGF1 PATHWAY%PATHWAY INTERACTION DATABASE NCI-NATURE CURATED DATA%IGF1 PATHWAY		30	0.33535767	0.9142712	0.60833335	1.0	1.0	5555	tags=27%, list=23%, signal=34%	
EICOSANOID METABOLISM VIA CYCLOOXYGENASES COX %WIKIPATHWAYS_20260211%WP4719%HOMO SAPIENS	EICOSANOID METABOLISM VIA CYCLOOXYGENASES COX %WIKIPATHWAYS_20260211%WP4719%HOMO SAPIENS		24	0.34500793	0.9141373	0.61232877	1.0	1.0	5049	tags=29%, list=21%, signal=37%	
REGULATORY CIRCUITS OF STAT3 SIGNALING%WIKIPATHWAYS_20260211%WP4538%HOMO SAPIENS	REGULATORY CIRCUITS OF STAT3 SIGNALING%WIKIPATHWAYS_20260211%WP4538%HOMO SAPIENS		71	0.2883985	0.9139292	0.6369119	1.0	1.0	7846	tags=35%, list=32%, signal=52%	
TELOMERE CAPPING%GOBP%GO:0016233	TELOMERE CAPPING%GOBP%GO:0016233		15	0.38209906	0.9137228	0.5913669	1.0	1.0	4396	tags=13%, list=18%, signal=16%	
PID_AR_PATHWAY%MSIGDB_C2%PID_AR_PATHWAY	PID_AR_PATHWAY%MSIGDB_C2%PID_AR_PATHWAY		46	0.30700594	0.91370577	0.6116883	1.0	1.0	2218	tags=13%, list=9%, signal=14%	
FBXL10 ENHANCEMENT OF MAP ERK SIGNALING IN DIFFUSE LARGE B CELL LYMPHOMA%WIKIPATHWAYS_20260211%WP4553%HOMO SAPIENS	FBXL10 ENHANCEMENT OF MAP ERK SIGNALING IN DIFFUSE LARGE B CELL LYMPHOMA%WIKIPATHWAYS_20260211%WP4553%HOMO SAPIENS		19	0.36422497	0.9136555	0.60672516	1.0	1.0	6517	tags=53%, list=27%, signal=72%	
RESPIRATORY CHAIN COMPLEX IV ASSEMBLY%GOBP%GO:0008535	RESPIRATORY CHAIN COMPLEX IV ASSEMBLY%GOBP%GO:0008535		30	0.32568893	0.91365373	0.6117166	1.0	1.0	10341	tags=53%, list=42%, signal=92%	
REGULATION OF EXOCYTOSIS%GOBP%GO:0017157	REGULATION OF EXOCYTOSIS%GOBP%GO:0017157		145	0.26307386	0.91340834	0.6651481	1.0	1.0	8755	tags=42%, list=36%, signal=65%	
DNA REPAIR PATHWAYS FULL NETWORK%WIKIPATHWAYS_20260211%WP4946%HOMO SAPIENS	DNA REPAIR PATHWAYS FULL NETWORK%WIKIPATHWAYS_20260211%WP4946%HOMO SAPIENS		95	0.27923203	0.9132307	0.6560284	1.0	1.0	2210	tags=12%, list=9%, signal=13%	
REGULATION OF RELAXATION OF MUSCLE%GOBP%GO:1901077	REGULATION OF RELAXATION OF MUSCLE%GOBP%GO:1901077		15	0.3801036	0.9132081	0.60057473	1.0	1.0	5567	tags=33%, list=23%, signal=43%	
AXONEME ASSEMBLY%GOBP%GO:0035082	AXONEME ASSEMBLY%GOBP%GO:0035082		87	0.27734536	0.9129476	0.65997636	1.0	1.0	4033	tags=22%, list=16%, signal=26%	
DNA METHYLATION%REACTOME DATABASE ID RELEASE 95%5334118	DNA METHYLATION%REACTOME DATABASE ID RELEASE 95%5334118		32	0.32714224	0.9129148	0.61744964	1.0	1.0	2622	tags=19%, list=11%, signal=21%	
GLAND MORPHOGENESIS%GOBP%GO:0022612	GLAND MORPHOGENESIS%GOBP%GO:0022612		15	0.39266145	0.912809	0.6168091	1.0	1.0	3627	tags=27%, list=15%, signal=31%	
POSITIVE REGULATION OF PHAGOCYTOSIS%GOBP%GO:0050766	POSITIVE REGULATION OF PHAGOCYTOSIS%GOBP%GO:0050766		63	0.2878572	0.9127731	0.6273063	1.0	1.0	7624	tags=35%, list=31%, signal=51%	
STEROL REGULATORY ELEMENT BINDING PROTEINS SREBP SIGNALING%WIKIPATHWAYS_20260211%WP1982%HOMO SAPIENS	STEROL REGULATORY ELEMENT BINDING PROTEINS SREBP SIGNALING%WIKIPATHWAYS_20260211%WP1982%HOMO SAPIENS		56	0.2959941	0.9126676	0.60791826	1.0	1.0	7126	tags=30%, list=29%, signal=43%	
REGULATION OF INCLUSION BODY ASSEMBLY%GOBP%GO:0090083	REGULATION OF INCLUSION BODY ASSEMBLY%GOBP%GO:0090083		17	0.37295645	0.912384	0.6020115	1.0	1.0	2468	tags=18%, list=10%, signal=20%	
BIOCARTA_VDR_PATHWAY%MSIGDB_C2%BIOCARTA_VDR_PATHWAY	BIOCARTA_VDR_PATHWAY%MSIGDB_C2%BIOCARTA_VDR_PATHWAY		21	0.3536507	0.9122857	0.5858586	1.0	1.0	6882	tags=38%, list=28%, signal=53%	
POSITIVE REGULATION OF INTERLEUKIN-2 PRODUCTION%GOBP%GO:0032743	POSITIVE REGULATION OF INTERLEUKIN-2 PRODUCTION%GOBP%GO:0032743		39	0.3123277	0.9121624	0.62335956	1.0	1.0	2460	tags=15%, list=10%, signal=17%	
DEACTIVATION OF THE BETA-CATENIN TRANSACTIVATING COMPLEX%REACTOME%R-HSA-3769402.5	DEACTIVATION OF THE BETA-CATENIN TRANSACTIVATING COMPLEX%REACTOME%R-HSA-3769402.5		44	0.30932623	0.91185814	0.6280884	1.0	1.0	6479	tags=39%, list=26%, signal=52%	
BIOCARTA_MAPK_PATHWAY%MSIGDB_C2%BIOCARTA_MAPK_PATHWAY	BIOCARTA_MAPK_PATHWAY%MSIGDB_C2%BIOCARTA_MAPK_PATHWAY		68	0.28726515	0.9116471	0.6393035	1.0	1.0	3634	tags=19%, list=15%, signal=22%	
REGULATION OF DEVELOPMENTAL GROWTH%GOBP%GO:0048638	REGULATION OF DEVELOPMENTAL GROWTH%GOBP%GO:0048638		143	0.26160994	0.91163826	0.67403316	1.0	1.0	5889	tags=27%, list=24%, signal=36%	
GAMMA-AMINOBUTYRIC ACID SIGNALING PATHWAY%GOBP%GO:0007214	GAMMA-AMINOBUTYRIC ACID SIGNALING PATHWAY%GOBP%GO:0007214		25	0.34158203	0.9116222	0.6125	1.0	1.0	9025	tags=56%, list=37%, signal=89%	
TAK1-DEPENDENT IKK AND NF-KAPPA-B ACTIVATION%REACTOME%R-HSA-445989.10	TAK1-DEPENDENT IKK AND NF-KAPPA-B ACTIVATION%REACTOME%R-HSA-445989.10		43	0.30937016	0.9113555	0.62467533	1.0	1.0	5027	tags=30%, list=21%, signal=38%	
CARDIAC CONDUCTION%GOBP%GO:0061337	CARDIAC CONDUCTION%GOBP%GO:0061337		64	0.2907511	0.9113274	0.63791007	1.0	1.0	7163	tags=31%, list=29%, signal=44%	
NEGATIVE REGULATION OF INTRINSIC APOPTOTIC SIGNALING PATHWAY IN RESPONSE TO DNA DAMAGE%GOBP%GO:1902230	NEGATIVE REGULATION OF INTRINSIC APOPTOTIC SIGNALING PATHWAY IN RESPONSE TO DNA DAMAGE%GOBP%GO:1902230		27	0.33452737	0.911237	0.6041667	1.0	1.0	5144	tags=30%, list=21%, signal=37%	
REGULATION OF MRNA SPLICING, VIA SPLICEOSOME%GOBP%GO:0048024	REGULATION OF MRNA SPLICING, VIA SPLICEOSOME%GOBP%GO:0048024		112	0.26838818	0.91100085	0.6728538	1.0	1.0	5710	tags=27%, list=23%, signal=35%	
INHIBITION OF EXOSOME BIOGENESIS AND SECRETION BY MANUMYCIN A IN CRPC CELLS%WIKIPATHWAYS_20260211%WP4301%HOMO SAPIENS	INHIBITION OF EXOSOME BIOGENESIS AND SECRETION BY MANUMYCIN A IN CRPC CELLS%WIKIPATHWAYS_20260211%WP4301%HOMO SAPIENS		17	0.3718972	0.91099983	0.59343797	1.0	1.0	6964	tags=47%, list=28%, signal=66%	
SISTER CHROMATID COHESION%GOBP%GO:0007062	SISTER CHROMATID COHESION%GOBP%GO:0007062		44	0.30614215	0.910563	0.64524424	1.0	1.0	2156	tags=14%, list=9%, signal=15%	
SIGNALING BY NOTCH1 HD+PEST DOMAIN MUTANTS IN CANCER%REACTOME DATABASE ID RELEASE 95%2894858	SIGNALING BY NOTCH1 HD+PEST DOMAIN MUTANTS IN CANCER%REACTOME DATABASE ID RELEASE 95%2894858		57	0.29200467	0.91045773	0.621787	1.0	1.0	6539	tags=35%, list=27%, signal=48%	
AMP METABOLIC PROCESS%GOBP%GO:0046033	AMP METABOLIC PROCESS%GOBP%GO:0046033		17	0.38044336	0.91016227	0.625538	1.0	1.0	2978	tags=18%, list=12%, signal=20%	
16P11 2 DISTAL DELETION SYNDROME%WIKIPATHWAYS_20260211%WP4950%HOMO SAPIENS	16P11 2 DISTAL DELETION SYNDROME%WIKIPATHWAYS_20260211%WP4950%HOMO SAPIENS		28	0.3343562	0.9101025	0.58945906	1.0	1.0	1520	tags=11%, list=6%, signal=11%	
CELLULAR RESPONSE TO IONIZING RADIATION%GOBP%GO:0071479	CELLULAR RESPONSE TO IONIZING RADIATION%GOBP%GO:0071479		54	0.2955164	0.910063	0.63846153	1.0	1.0	6635	tags=30%, list=27%, signal=41%	
MITOCHONDRIAL RIBOSOME ASSEMBLY%GOBP%GO:0061668	MITOCHONDRIAL RIBOSOME ASSEMBLY%GOBP%GO:0061668		26	0.33683497	0.91001385	0.6021362	1.0	1.0	4034	tags=23%, list=16%, signal=28%	
CLEC7A (DECTIN-1) SIGNALING%REACTOME DATABASE ID RELEASE 95%5607764	CLEC7A (DECTIN-1) SIGNALING%REACTOME DATABASE ID RELEASE 95%5607764		84	0.27929246	0.9098294	0.63966143	1.0	1.0	3797	tags=19%, list=16%, signal=22%	
REGULATION OF TRANSFORMING GROWTH FACTOR BETA RECEPTOR SIGNALING PATHWAY%GOBP%GO:0017015	REGULATION OF TRANSFORMING GROWTH FACTOR BETA RECEPTOR SIGNALING PATHWAY%GOBP%GO:0017015		121	0.26547527	0.9097145	0.6742857	1.0	1.0	6779	tags=30%, list=28%, signal=41%	
OPIOID PROENKEPHALIN PATHWAY%PANTHER PATHWAY%P05915	OPIOID PROENKEPHALIN PATHWAY%PANTHER PATHWAY%P05915		22	0.35082564	0.9095555	0.61206895	1.0	1.0	4367	tags=27%, list=18%, signal=33%	
ENDODERM DIFFERENTIATION%WIKIPATHWAYS_20260211%WP2853%HOMO SAPIENS	ENDODERM DIFFERENTIATION%WIKIPATHWAYS_20260211%WP2853%HOMO SAPIENS		120	0.2673952	0.9093865	0.67551965	1.0	1.0	6498	tags=29%, list=27%, signal=40%	
ATP METABOLIC PROCESS%GOBP%GO:0046034	ATP METABOLIC PROCESS%GOBP%GO:0046034		126	0.26431492	0.90934426	0.6629087	1.0	1.0	6063	tags=21%, list=25%, signal=27%	
HALLMARK_ALLOGRAFT_REJECTION%MSIGDBHALLMARK%HALLMARK_ALLOGRAFT_REJECTION	HALLMARK_ALLOGRAFT_REJECTION%MSIGDBHALLMARK%HALLMARK_ALLOGRAFT_REJECTION		170	0.2579578	0.90914404	0.68421054	1.0	1.0	8921	tags=39%, list=36%, signal=62%	
REGULATION OF LIPID CATABOLIC PROCESS%GOBP%GO:0050994	REGULATION OF LIPID CATABOLIC PROCESS%GOBP%GO:0050994		51	0.30001992	0.9088411	0.6166253	1.0	1.0	8580	tags=47%, list=35%, signal=72%	
FLAGELLATED SPERM MOTILITY%GOBP%GO:0030317	FLAGELLATED SPERM MOTILITY%GOBP%GO:0030317		176	0.2562557	0.9086743	0.7017544	1.0	1.0	4309	tags=19%, list=18%, signal=23%	
PRE-NOTCH EXPRESSION AND PROCESSING%REACTOME DATABASE ID RELEASE 95%1912422	PRE-NOTCH EXPRESSION AND PROCESSING%REACTOME DATABASE ID RELEASE 95%1912422		80	0.2849135	0.9082109	0.649061	1.0	1.0	6377	tags=36%, list=26%, signal=49%	
TRANSPORT ALONG MICROTUBULE%GOBP%GO:0010970	TRANSPORT ALONG MICROTUBULE%GOBP%GO:0010970		160	0.2589244	0.9074147	0.68599564	1.0	1.0	5093	tags=24%, list=21%, signal=30%	
CONSTITUTIVE SIGNALING BY NOTCH1 PEST DOMAIN MUTANTS%REACTOME DATABASE ID RELEASE 95%2644606	CONSTITUTIVE SIGNALING BY NOTCH1 PEST DOMAIN MUTANTS%REACTOME DATABASE ID RELEASE 95%2644606		57	0.29200467	0.9072429	0.614899	1.0	1.0	6539	tags=35%, list=27%, signal=48%	
HDR THROUGH HOMOLOGOUS RECOMBINATION (HRR) OR SINGLE STRAND ANNEALING (SSA)%REACTOME%R-HSA-5693567.4	HDR THROUGH HOMOLOGOUS RECOMBINATION (HRR) OR SINGLE STRAND ANNEALING (SSA)%REACTOME%R-HSA-5693567.4		116	0.26568145	0.90699047	0.6545454	1.0	1.0	4602	tags=21%, list=19%, signal=25%	
ACTOMYOSIN STRUCTURE ORGANIZATION%GOBP%GO:0031032	ACTOMYOSIN STRUCTURE ORGANIZATION%GOBP%GO:0031032		104	0.27079836	0.90665954	0.69084424	1.0	1.0	7436	tags=34%, list=30%, signal=48%	
HOST-MEDIATED PERTURBATION OF SYMBIONT PROCESS%GOBP%GO:0051851	HOST-MEDIATED PERTURBATION OF SYMBIONT PROCESS%GOBP%GO:0051851		96	0.27350244	0.9066027	0.65903616	1.0	1.0	6326	tags=30%, list=26%, signal=41%	
POSITIVE REGULATION OF RECEPTOR SIGNALING PATHWAY VIA JAK-STAT%GOBP%GO:0046427	POSITIVE REGULATION OF RECEPTOR SIGNALING PATHWAY VIA JAK-STAT%GOBP%GO:0046427		38	0.3126872	0.9065629	0.6062176	1.0	1.0	6470	tags=34%, list=26%, signal=46%	
IL11 SIGNALING%WIKIPATHWAYS_20260211%WP2332%HOMO SAPIENS	IL11 SIGNALING%WIKIPATHWAYS_20260211%WP2332%HOMO SAPIENS		40	0.31088814	0.9064982	0.62564766	1.0	1.0	7696	tags=38%, list=31%, signal=55%	
RESPONSE TO METAL ION%GOBP%GO:0010038	RESPONSE TO METAL ION%GOBP%GO:0010038		188	0.25523856	0.9059391	0.6969697	1.0	1.0	8515	tags=39%, list=35%, signal=60%	
PYRIMIDINE DEOXYRIBONUCLEOTIDE METABOLIC PROCESS%GOBP%GO:0009219	PYRIMIDINE DEOXYRIBONUCLEOTIDE METABOLIC PROCESS%GOBP%GO:0009219		21	0.35695207	0.90582895	0.59295774	1.0	1.0	6848	tags=43%, list=28%, signal=59%	
DEOXYRIBONUCLEOTIDE CATABOLIC PROCESS%GOBP%GO:0009264	DEOXYRIBONUCLEOTIDE CATABOLIC PROCESS%GOBP%GO:0009264		22	0.35144195	0.9057693	0.6136986	1.0	1.0	6699	tags=41%, list=27%, signal=56%	
SIGNALING BY NOTCH1 PEST DOMAIN MUTANTS IN CANCER%REACTOME DATABASE ID RELEASE 95%2644602	SIGNALING BY NOTCH1 PEST DOMAIN MUTANTS IN CANCER%REACTOME DATABASE ID RELEASE 95%2644602		57	0.29200467	0.9056334	0.6352357	1.0	1.0	6539	tags=35%, list=27%, signal=48%	
2Q13 COPY NUMBER VARIATION SYNDROME%WIKIPATHWAYS_20260211%WP5222%HOMO SAPIENS	2Q13 COPY NUMBER VARIATION SYNDROME%WIKIPATHWAYS_20260211%WP5222%HOMO SAPIENS		49	0.3006583	0.9055559	0.6370558	1.0	1.0	3171	tags=12%, list=13%, signal=14%	
MEMBRANE INVAGINATION%GOBP%GO:0010324	MEMBRANE INVAGINATION%GOBP%GO:0010324		44	0.3051903	0.90541476	0.63671875	1.0	1.0	10161	tags=48%, list=41%, signal=81%	
FORMATION OF THE NEPHRIC DUCT%REACTOME DATABASE ID RELEASE 95%9830364	FORMATION OF THE NEPHRIC DUCT%REACTOME DATABASE ID RELEASE 95%9830364		18	0.36433986	0.9052559	0.58798283	1.0	1.0	5709	tags=33%, list=23%, signal=43%	
NEGATIVE REGULATION OF HEMOPOIESIS%GOBP%GO:1903707	NEGATIVE REGULATION OF HEMOPOIESIS%GOBP%GO:1903707		96	0.270162	0.90517616	0.6566125	1.0	1.0	6257	tags=28%, list=26%, signal=38%	
POSITIVE REGULATION OF VIRAL PROCESS%GOBP%GO:0048524	POSITIVE REGULATION OF VIRAL PROCESS%GOBP%GO:0048524		57	0.29403022	0.9047264	0.6393035	1.0	1.0	8666	tags=40%, list=35%, signal=62%	
PRESYNAPSE ASSEMBLY%GOBP%GO:0099054	PRESYNAPSE ASSEMBLY%GOBP%GO:0099054		17	0.37403044	0.9047221	0.61400896	1.0	1.0	2406	tags=18%, list=10%, signal=20%	
MITOTIC PROPHASE%REACTOME%R-HSA-68875.7	MITOTIC PROPHASE%REACTOME%R-HSA-68875.7		101	0.27187943	0.904664	0.65930235	1.0	1.0	6914	tags=31%, list=28%, signal=43%	
PID_ANGIOPOIETIN_RECEPTOR_PATHWAY%MSIGDB_C2%PID_ANGIOPOIETIN_RECEPTOR_PATHWAY	PID_ANGIOPOIETIN_RECEPTOR_PATHWAY%MSIGDB_C2%PID_ANGIOPOIETIN_RECEPTOR_PATHWAY		38	0.31063816	0.90456265	0.6233244	1.0	1.0	7612	tags=39%, list=31%, signal=57%	
THROMBIN SIGNALLING THROUGH PROTEINASE ACTIVATED RECEPTORS (PARS)%REACTOME%R-HSA-456926.4	THROMBIN SIGNALLING THROUGH PROTEINASE ACTIVATED RECEPTORS (PARS)%REACTOME%R-HSA-456926.4		31	0.32770142	0.90408254	0.6091031	1.0	1.0	3979	tags=23%, list=16%, signal=27%	
NEGATIVE REGULATION OF MAPK CASCADE%GOBP%GO:0043409	NEGATIVE REGULATION OF MAPK CASCADE%GOBP%GO:0043409		131	0.26077265	0.90380704	0.6751445	1.0	1.0	3245	tags=16%, list=13%, signal=18%	
JAK STAT SIGNALING IN THE REGULATION OF BETA CELLS%WIKIPATHWAYS_20260211%WP5358%HOMO SAPIENS	JAK STAT SIGNALING IN THE REGULATION OF BETA CELLS%WIKIPATHWAYS_20260211%WP5358%HOMO SAPIENS		30	0.3274979	0.90357244	0.6091644	1.0	1.0	9122	tags=43%, list=37%, signal=69%	
CILIUM-DEPENDENT CELL MOTILITY%GOBP%GO:0060285	CILIUM-DEPENDENT CELL MOTILITY%GOBP%GO:0060285		188	0.25324574	0.9034969	0.7170838	1.0	1.0	4309	tags=19%, list=18%, signal=23%	
NEGATIVE REGULATION OF LIPID LOCALIZATION%GOBP%GO:1905953	NEGATIVE REGULATION OF LIPID LOCALIZATION%GOBP%GO:1905953		35	0.31706637	0.903418	0.61803716	1.0	1.0	8179	tags=40%, list=33%, signal=60%	
POSITIVE REGULATION OF T CELL MEDIATED CYTOTOXICITY%GOBP%GO:0001916	POSITIVE REGULATION OF T CELL MEDIATED CYTOTOXICITY%GOBP%GO:0001916		33	0.319817	0.9032757	0.6327609	1.0	1.0	8336	tags=39%, list=34%, signal=60%	
B CELL RECEPTOR SIGNALING%WIKIPATHWAYS_20260211%WP23%HOMO SAPIENS	B CELL RECEPTOR SIGNALING%WIKIPATHWAYS_20260211%WP23%HOMO SAPIENS		81	0.2794186	0.90293115	0.6541262	1.0	1.0	4634	tags=25%, list=19%, signal=30%	
MOTILE CILIUM ASSEMBLY%GOBP%GO:0044458	MOTILE CILIUM ASSEMBLY%GOBP%GO:0044458		60	0.28905964	0.9027639	0.64705884	1.0	1.0	7786	tags=40%, list=32%, signal=58%	
VALIDATED TARGETS OF C-MYC TRANSCRIPTIONAL REPRESSION%PATHWAY INTERACTION DATABASE NCI-NATURE CURATED DATA%VALIDATED TARGETS OF C-MYC TRANSCRIPTIONAL REPRESSION	VALIDATED TARGETS OF C-MYC TRANSCRIPTIONAL REPRESSION%PATHWAY INTERACTION DATABASE NCI-NATURE CURATED DATA%VALIDATED TARGETS OF C-MYC TRANSCRIPTIONAL REPRESSION		63	0.28753737	0.9026095	0.63151366	1.0	1.0	7011	tags=33%, list=29%, signal=47%	
NEGATIVE REGULATION OF LEUKOCYTE ACTIVATION%GOBP%GO:0002695	NEGATIVE REGULATION OF LEUKOCYTE ACTIVATION%GOBP%GO:0002695		155	0.25739512	0.90256196	0.70033294	1.0	1.0	5621	tags=24%, list=23%, signal=31%	
B-WICH COMPLEX POSITIVELY REGULATES RRNA EXPRESSION%REACTOME%R-HSA-5250924.4	B-WICH COMPLEX POSITIVELY REGULATES RRNA EXPRESSION%REACTOME%R-HSA-5250924.4		57	0.29188398	0.9025457	0.63390666	1.0	1.0	2622	tags=14%, list=11%, signal=16%	
ACTIN-MEDIATED CELL CONTRACTION%GOBP%GO:0070252	ACTIN-MEDIATED CELL CONTRACTION%GOBP%GO:0070252		73	0.28349638	0.9024379	0.65303594	1.0	1.0	2453	tags=14%, list=10%, signal=15%	
INTEGRIN CELL SURFACE INTERACTIONS%REACTOME DATABASE ID RELEASE 95%216083	INTEGRIN CELL SURFACE INTERACTIONS%REACTOME DATABASE ID RELEASE 95%216083		65	0.28551108	0.9021703	0.64014685	1.0	1.0	5910	tags=29%, list=24%, signal=38%	
SNRNA 3'-END PROCESSING%GOBP%GO:0034472	SNRNA 3'-END PROCESSING%GOBP%GO:0034472		23	0.3435704	0.9021262	0.60390514	1.0	1.0	3161	tags=22%, list=13%, signal=25%	
NEPHRIN FAMILY INTERACTIONS%REACTOME DATABASE ID RELEASE 95%373753	NEPHRIN FAMILY INTERACTIONS%REACTOME DATABASE ID RELEASE 95%373753		22	0.3439254	0.90202886	0.61196107	1.0	1.0	8049	tags=41%, list=33%, signal=61%	
REPRODUCTIVE STRUCTURE DEVELOPMENT%GOBP%GO:0048608	REPRODUCTIVE STRUCTURE DEVELOPMENT%GOBP%GO:0048608		107	0.26528677	0.90199447	0.67327887	1.0	1.0	7347	tags=28%, list=30%, signal=40%	
REGULATION OF T CELL DIFFERENTIATION%GOBP%GO:0045580	REGULATION OF T CELL DIFFERENTIATION%GOBP%GO:0045580		150	0.25930747	0.9018954	0.68603355	1.0	1.0	5386	tags=23%, list=22%, signal=30%	
REGULATION OF PRODUCTION OF MOLECULAR MEDIATOR OF IMMUNE RESPONSE%GOBP%GO:0002700	REGULATION OF PRODUCTION OF MOLECULAR MEDIATOR OF IMMUNE RESPONSE%GOBP%GO:0002700		125	0.26520586	0.9018914	0.67620134	1.0	1.0	8606	tags=42%, list=35%, signal=65%	
NEGATIVE REGULATION OF BLOOD CIRCULATION%GOBP%GO:1903523	NEGATIVE REGULATION OF BLOOD CIRCULATION%GOBP%GO:1903523		15	0.38663456	0.9015974	0.6044776	1.0	1.0	2169	tags=20%, list=9%, signal=22%	
ALPHA4 BETA1 INTEGRIN SIGNALING EVENTS%PATHWAY INTERACTION DATABASE NCI-NATURE CURATED DATA%ALPHA4 BETA1 INTEGRIN SIGNALING EVENTS	ALPHA4 BETA1 INTEGRIN SIGNALING EVENTS%PATHWAY INTERACTION DATABASE NCI-NATURE CURATED DATA%ALPHA4 BETA1 INTEGRIN SIGNALING EVENTS		33	0.31408888	0.9015017	0.62369794	1.0	1.0	8725	tags=45%, list=36%, signal=71%	
SPERM MOTILITY%GOBP%GO:0097722	SPERM MOTILITY%GOBP%GO:0097722		176	0.2562557	0.9013727	0.70883316	1.0	1.0	4309	tags=19%, list=18%, signal=23%	
CONSTITUTIVE SIGNALING BY NOTCH1 HD+PEST DOMAIN MUTANTS%REACTOME DATABASE ID RELEASE 95%2894862	CONSTITUTIVE SIGNALING BY NOTCH1 HD+PEST DOMAIN MUTANTS%REACTOME DATABASE ID RELEASE 95%2894862		57	0.29200467	0.90115607	0.6584464	1.0	1.0	6539	tags=35%, list=27%, signal=48%	
ERK1 AND ERK2 CASCADE%GOBP%GO:0070371	ERK1 AND ERK2 CASCADE%GOBP%GO:0070371		25	0.33664203	0.90115106	0.60408163	1.0	1.0	7141	tags=36%, list=29%, signal=51%	
DENDRITE MORPHOGENESIS%GOBP%GO:0048813	DENDRITE MORPHOGENESIS%GOBP%GO:0048813		38	0.3116509	0.90107757	0.64456236	1.0	1.0	3304	tags=21%, list=13%, signal=24%	
L-ALPHA-AMINO ACID TRANSMEMBRANE TRANSPORT%GOBP%GO:1902475	L-ALPHA-AMINO ACID TRANSMEMBRANE TRANSPORT%GOBP%GO:1902475		41	0.3087238	0.9010208	0.62092394	1.0	1.0	8991	tags=56%, list=37%, signal=88%	
CXCR4-MEDIATED SIGNALING EVENTS%PATHWAY INTERACTION DATABASE NCI-NATURE CURATED DATA%CXCR4-MEDIATED SIGNALING EVENTS	CXCR4-MEDIATED SIGNALING EVENTS%PATHWAY INTERACTION DATABASE NCI-NATURE CURATED DATA%CXCR4-MEDIATED SIGNALING EVENTS		84	0.27155215	0.9010132	0.677305	1.0	1.0	8172	tags=43%, list=33%, signal=64%	
B CELL ACTIVATION%PANTHER PATHWAY%P00010	B CELL ACTIVATION%PANTHER PATHWAY%P00010		54	0.29257953	0.90073985	0.6451613	1.0	1.0	5573	tags=28%, list=23%, signal=36%	
SIGNALING BY NOTCH1 IN CANCER%REACTOME%R-HSA-2644603.5	SIGNALING BY NOTCH1 IN CANCER%REACTOME%R-HSA-2644603.5		57	0.29200467	0.9005774	0.6573957	1.0	1.0	6539	tags=35%, list=27%, signal=48%	
NEGATIVE REGULATION OF CELLULAR RESPONSE TO GROWTH FACTOR STIMULUS%GOBP%GO:0090288	NEGATIVE REGULATION OF CELLULAR RESPONSE TO GROWTH FACTOR STIMULUS%GOBP%GO:0090288		83	0.27509326	0.9005166	0.66	1.0	1.0	7577	tags=37%, list=31%, signal=54%	
PROTEIN-DNA COMPLEX ASSEMBLY%GOBP%GO:0065004	PROTEIN-DNA COMPLEX ASSEMBLY%GOBP%GO:0065004		136	0.25911993	0.90023607	0.6931818	1.0	1.0	2975	tags=18%, list=12%, signal=20%	
TRANSLATION OF STRUCTURAL PROTEINS%REACTOME%R-HSA-9683701.6	TRANSLATION OF STRUCTURAL PROTEINS%REACTOME%R-HSA-9683701.6		29	0.32571876	0.90022016	0.6261808	1.0	1.0	3121	tags=21%, list=13%, signal=24%	
DEFENSE RESPONSE TO FUNGUS%GOBP%GO:0050832	DEFENSE RESPONSE TO FUNGUS%GOBP%GO:0050832		29	0.3254477	0.9000207	0.62972975	1.0	1.0	7513	tags=41%, list=31%, signal=60%	
TARGETED THERAPY IN BREAST CANCER%WIKIPATHWAYS_20260211%WP5496%HOMO SAPIENS	TARGETED THERAPY IN BREAST CANCER%WIKIPATHWAYS_20260211%WP5496%HOMO SAPIENS		21	0.34551623	0.8999715	0.61049724	1.0	1.0	10519	tags=48%, list=43%, signal=83%	
SPINDLE LOCALIZATION%GOBP%GO:0051653	SPINDLE LOCALIZATION%GOBP%GO:0051653		57	0.29407972	0.8997983	0.6523388	1.0	1.0	3965	tags=19%, list=16%, signal=23%	
DISEASES ASSOCIATED WITH O-GLYCOSYLATION OF PROTEINS%REACTOME%R-HSA-3906995.5	DISEASES ASSOCIATED WITH O-GLYCOSYLATION OF PROTEINS%REACTOME%R-HSA-3906995.5		70	0.28235736	0.89970183	0.63834953	1.0	1.0	7984	tags=40%, list=33%, signal=59%	
POSITIVE CHEMOTAXIS%GOBP%GO:0050918	POSITIVE CHEMOTAXIS%GOBP%GO:0050918		19	0.36719996	0.8993743	0.6161765	1.0	1.0	7732	tags=53%, list=32%, signal=77%	
IL2 SIGNALING EVENTS MEDIATED BY STAT5%PATHWAY INTERACTION DATABASE NCI-NATURE CURATED DATA%IL2 SIGNALING EVENTS MEDIATED BY STAT5	IL2 SIGNALING EVENTS MEDIATED BY STAT5%PATHWAY INTERACTION DATABASE NCI-NATURE CURATED DATA%IL2 SIGNALING EVENTS MEDIATED BY STAT5		30	0.3277198	0.8993625	0.6232877	1.0	1.0	6462	tags=33%, list=26%, signal=45%	
MUSCLE CELL DIFFERENTIATION%GOBP%GO:0042692	MUSCLE CELL DIFFERENTIATION%GOBP%GO:0042692		173	0.2541267	0.8993045	0.732967	1.0	1.0	6410	tags=28%, list=26%, signal=38%	
REGULATION OF MITOCHONDRIAL GENE EXPRESSION%GOBP%GO:0062125	REGULATION OF MITOCHONDRIAL GENE EXPRESSION%GOBP%GO:0062125		28	0.33143657	0.89921606	0.6445946	1.0	1.0	7936	tags=36%, list=32%, signal=53%	
PEPTIDE CROSS-LINKING%GOBP%GO:0018149	PEPTIDE CROSS-LINKING%GOBP%GO:0018149		18	0.36167333	0.89908874	0.61221594	1.0	1.0	1561	tags=17%, list=6%, signal=18%	
CYTOPLASMIC MICROTUBULE ORGANIZATION%GOBP%GO:0031122	CYTOPLASMIC MICROTUBULE ORGANIZATION%GOBP%GO:0031122		59	0.29335767	0.89907676	0.67553866	1.0	1.0	3443	tags=19%, list=14%, signal=22%	
NEGATIVE REGULATION OF MITOTIC CELL CYCLE%GOBP%GO:0045930	NEGATIVE REGULATION OF MITOTIC CELL CYCLE%GOBP%GO:0045930		179	0.25405657	0.8990437	0.7032609	1.0	1.0	4519	tags=20%, list=18%, signal=24%	
CELL DIVISION%GOBP%GO:0051301	CELL DIVISION%GOBP%GO:0051301		152	0.25841877	0.89896727	0.7253363	1.0	1.0	8755	tags=39%, list=36%, signal=61%	
PURINE-CONTAINING COMPOUND BIOSYNTHETIC PROCESS%GOBP%GO:0072522	PURINE-CONTAINING COMPOUND BIOSYNTHETIC PROCESS%GOBP%GO:0072522		186	0.25291738	0.89868516	0.7167947	1.0	1.0	6762	tags=27%, list=28%, signal=38%	
FC EPSILON RECEPTOR I SIGNALING IN MAST CELLS%SMPDB%SMP0000358	FC EPSILON RECEPTOR I SIGNALING IN MAST CELLS%SMPDB%SMP0000358		42	0.30383715	0.8986723	0.6418109	1.0	1.0	3354	tags=21%, list=14%, signal=25%	
ALBUTEROL AND BUDESONIDE THERAPY FOR ASTHMA%WIKIPATHWAYS_20260211%WP5503%HOMO SAPIENS	ALBUTEROL AND BUDESONIDE THERAPY FOR ASTHMA%WIKIPATHWAYS_20260211%WP5503%HOMO SAPIENS		19	0.35371733	0.8983403	0.63372093	1.0	1.0	9218	tags=53%, list=38%, signal=84%	
DNA REPLICATION%PANTHER PATHWAY%P00017	DNA REPLICATION%PANTHER PATHWAY%P00017		17	0.36385736	0.89828354	0.6090652	1.0	1.0	5016	tags=29%, list=20%, signal=37%	
SODIUM ION TRANSPORT%GOBP%GO:0006814	SODIUM ION TRANSPORT%GOBP%GO:0006814		130	0.26174432	0.8981915	0.6953567	1.0	1.0	7329	tags=40%, list=30%, signal=57%	
AMPLIFICATION OF SIGNAL FROM UNATTACHED KINETOCHORES VIA A MAD2 INHIBITORY SIGNAL%REACTOME%R-HSA-141444.4	AMPLIFICATION OF SIGNAL FROM UNATTACHED KINETOCHORES VIA A MAD2 INHIBITORY SIGNAL%REACTOME%R-HSA-141444.4		92	0.2679626	0.89816815	0.64380264	1.0	1.0	3761	tags=16%, list=15%, signal=19%	
TSLP%NETPATH%TSLP	TSLP%NETPATH%TSLP		16	0.3743542	0.89806795	0.5958395	1.0	1.0	7567	tags=38%, list=31%, signal=54%	
NCAM SIGNALING FOR NEURITE OUT-GROWTH%REACTOME DATABASE ID RELEASE 95%375165	NCAM SIGNALING FOR NEURITE OUT-GROWTH%REACTOME DATABASE ID RELEASE 95%375165		53	0.2941754	0.8978848	0.6480305	1.0	1.0	4582	tags=25%, list=19%, signal=30%	
RIBOSE PHOSPHATE BIOSYNTHETIC PROCESS%GOBP%GO:0046390	RIBOSE PHOSPHATE BIOSYNTHETIC PROCESS%GOBP%GO:0046390		124	0.2631567	0.8976771	0.6693182	1.0	1.0	3417	tags=15%, list=14%, signal=17%	
MARKERS OF KIDNEY CELL LINEAGE%WIKIPATHWAYS_20260211%WP5236%HOMO SAPIENS	MARKERS OF KIDNEY CELL LINEAGE%WIKIPATHWAYS_20260211%WP5236%HOMO SAPIENS		50	0.29801562	0.89756596	0.6454545	1.0	1.0	8783	tags=38%, list=36%, signal=59%	
PARADOXICAL ACTIVATION OF RAF SIGNALING BY KINASE INACTIVE BRAF%REACTOME%R-HSA-6802955.4	PARADOXICAL ACTIVATION OF RAF SIGNALING BY KINASE INACTIVE BRAF%REACTOME%R-HSA-6802955.4		43	0.30334535	0.89747185	0.6379747	1.0	1.0	8960	tags=42%, list=37%, signal=66%	
HEMATOPOIETIC OR LYMPHOID ORGAN DEVELOPMENT%GOBP%GO:0048534	HEMATOPOIETIC OR LYMPHOID ORGAN DEVELOPMENT%GOBP%GO:0048534		30	0.32298613	0.8974505	0.6307902	1.0	1.0	5810	tags=30%, list=24%, signal=39%	
SKIN DEVELOPMENT%GOBP%GO:0043588	SKIN DEVELOPMENT%GOBP%GO:0043588		138	0.26096994	0.89735115	0.70695555	1.0	1.0	6473	tags=26%, list=26%, signal=35%	
REGULATION OF FIBRINOLYSIS%GOBP%GO:0051917	REGULATION OF FIBRINOLYSIS%GOBP%GO:0051917		17	0.36763147	0.89733654	0.600295	1.0	1.0	8484	tags=41%, list=35%, signal=63%	
ENKEPHALIN RELEASE%PANTHER PATHWAY%P05913	ENKEPHALIN RELEASE%PANTHER PATHWAY%P05913		33	0.31739646	0.89693695	0.6274256	1.0	1.0	5328	tags=27%, list=22%, signal=35%	
CILIUM OR FLAGELLUM-DEPENDENT CELL MOTILITY%GOBP%GO:0001539	CILIUM OR FLAGELLUM-DEPENDENT CELL MOTILITY%GOBP%GO:0001539		188	0.25324574	0.89665896	0.7266811	1.0	1.0	4309	tags=19%, list=18%, signal=23%	
PLASMA MEMBRANE INVAGINATION%GOBP%GO:0099024	PLASMA MEMBRANE INVAGINATION%GOBP%GO:0099024		37	0.3115261	0.8960717	0.64026845	1.0	1.0	10161	tags=49%, list=41%, signal=83%	
TRANSPORT OF MATURE MRNA DERIVED FROM AN INTRONLESS TRANSCRIPT%REACTOME DATABASE ID RELEASE 95%159231	TRANSPORT OF MATURE MRNA DERIVED FROM AN INTRONLESS TRANSCRIPT%REACTOME DATABASE ID RELEASE 95%159231		39	0.30604783	0.8957771	0.634715	1.0	1.0	6347	tags=28%, list=26%, signal=38%	
NEGATIVE REGULATION OF TELOMERE MAINTENANCE%GOBP%GO:0032205	NEGATIVE REGULATION OF TELOMERE MAINTENANCE%GOBP%GO:0032205		35	0.3159072	0.89568955	0.64689654	1.0	1.0	5027	tags=17%, list=21%, signal=22%	
NEUROPEPTIDE SIGNALING PATHWAY%GOBP%GO:0007218	NEUROPEPTIDE SIGNALING PATHWAY%GOBP%GO:0007218		79	0.27900907	0.8956719	0.6678788	1.0	1.0	6745	tags=35%, list=28%, signal=49%	
SIGNALING DOWNSTREAM OF RAS MUTANTS%REACTOME%R-HSA-9649948.2	SIGNALING DOWNSTREAM OF RAS MUTANTS%REACTOME%R-HSA-9649948.2		43	0.30334535	0.89543784	0.66284984	1.0	1.0	8960	tags=42%, list=37%, signal=66%	
POSITIVE REGULATION OF FATTY ACID METABOLIC PROCESS%GOBP%GO:0045923	POSITIVE REGULATION OF FATTY ACID METABOLIC PROCESS%GOBP%GO:0045923		35	0.31380427	0.8951885	0.6142669	1.0	1.0	8580	tags=51%, list=35%, signal=79%	
REGULATION OF ACTIN FILAMENT POLYMERIZATION%GOBP%GO:0030833	REGULATION OF ACTIN FILAMENT POLYMERIZATION%GOBP%GO:0030833		91	0.2690293	0.89509606	0.67346936	1.0	1.0	4789	tags=21%, list=20%, signal=26%	
REGULATION OF MITOCHONDRIAL FISSION%GOBP%GO:0090140	REGULATION OF MITOCHONDRIAL FISSION%GOBP%GO:0090140		26	0.3410817	0.89482045	0.62753034	1.0	1.0	6849	tags=38%, list=28%, signal=53%	
IL23 INHIBITORS IN INFLAMMATORY BOWEL DISEASE%WIKIPATHWAYS_20260211%WP5516%HOMO SAPIENS	IL23 INHIBITORS IN INFLAMMATORY BOWEL DISEASE%WIKIPATHWAYS_20260211%WP5516%HOMO SAPIENS		15	0.37989482	0.89478487	0.6135693	1.0	1.0	7567	tags=40%, list=31%, signal=58%	
STEROL TRANSPORT%GOBP%GO:0015918	STEROL TRANSPORT%GOBP%GO:0015918		64	0.2837633	0.8944615	0.6568502	1.0	1.0	8580	tags=45%, list=35%, signal=70%	
NEGATIVE REGULATION OF LEUKOCYTE DIFFERENTIATION%GOBP%GO:1902106	NEGATIVE REGULATION OF LEUKOCYTE DIFFERENTIATION%GOBP%GO:1902106		94	0.2673925	0.89443505	0.68505746	1.0	1.0	6257	tags=28%, list=26%, signal=37%	
REGULATION OF VIRAL TRANSCRIPTION%GOBP%GO:0046782	REGULATION OF VIRAL TRANSCRIPTION%GOBP%GO:0046782		18	0.3617937	0.89440984	0.60724235	1.0	1.0	9634	tags=61%, list=39%, signal=101%	
REGULATION OF PEPTIDASE ACTIVITY%GOBP%GO:0052547	REGULATION OF PEPTIDASE ACTIVITY%GOBP%GO:0052547		21	0.34648538	0.89435774	0.6285311	1.0	1.0	3464	tags=24%, list=14%, signal=28%	
POSITIVE REGULATION OF SMALL MOLECULE METABOLIC PROCESS%GOBP%GO:0062013	POSITIVE REGULATION OF SMALL MOLECULE METABOLIC PROCESS%GOBP%GO:0062013		122	0.26122406	0.8942176	0.6879271	1.0	1.0	7266	tags=34%, list=30%, signal=48%	
ENDOCRINE PROCESS%GOBP%GO:0050886	ENDOCRINE PROCESS%GOBP%GO:0050886		32	0.3186875	0.89413595	0.6156969	1.0	1.0	6875	tags=34%, list=28%, signal=48%	
LIPID DROPLET FORMATION%GOBP%GO:0140042	LIPID DROPLET FORMATION%GOBP%GO:0140042		17	0.3607233	0.8937507	0.60653406	1.0	1.0	21	tags=6%, list=0%, signal=6%	
KERATAN SULFATE BIOSYNTHESIS%REACTOME%R-HSA-2022854.4	KERATAN SULFATE BIOSYNTHESIS%REACTOME%R-HSA-2022854.4		29	0.3268084	0.8937339	0.62213224	1.0	1.0	5132	tags=34%, list=21%, signal=44%	
FAS SIGNALING PATHWAY%PANTHER PATHWAY%P00020	FAS SIGNALING PATHWAY%PANTHER PATHWAY%P00020		30	0.33208472	0.89370644	0.6376812	1.0	1.0	4990	tags=30%, list=20%, signal=38%	
AKT SIGNALING AND ARTD FAMILY MEMBERS%WIKIPATHWAYS_20260211%WP5531%HOMO SAPIENS	AKT SIGNALING AND ARTD FAMILY MEMBERS%WIKIPATHWAYS_20260211%WP5531%HOMO SAPIENS		28	0.3273189	0.89369017	0.6318608	1.0	1.0	7973	tags=29%, list=33%, signal=42%	
VENTRICULAR CARDIAC MUSCLE TISSUE MORPHOGENESIS%GOBP%GO:0055010	VENTRICULAR CARDIAC MUSCLE TISSUE MORPHOGENESIS%GOBP%GO:0055010		35	0.3126965	0.8935871	0.6398929	1.0	1.0	3116	tags=17%, list=13%, signal=20%	
POSITIVE REGULATION OF MACROAUTOPHAGY%GOBP%GO:0016239	POSITIVE REGULATION OF MACROAUTOPHAGY%GOBP%GO:0016239		85	0.2738293	0.8934361	0.69392526	1.0	1.0	3723	tags=21%, list=15%, signal=25%	
DEPURINATION%REACTOME DATABASE ID RELEASE 95%73927	DEPURINATION%REACTOME DATABASE ID RELEASE 95%73927		34	0.315511	0.89332575	0.63870096	1.0	1.0	2622	tags=15%, list=11%, signal=16%	
VENTRICULAR CARDIAC MUSCLE CELL ACTION POTENTIAL%GOBP%GO:0086005	VENTRICULAR CARDIAC MUSCLE CELL ACTION POTENTIAL%GOBP%GO:0086005		18	0.36469817	0.8932987	0.6363636	1.0	1.0	3564	tags=17%, list=15%, signal=19%	
RORA,B,C AND NR1D1 (REV-ERBA) REGULATE GENE EXPRESSION%REACTOME DATABASE ID RELEASE 95%9933387	RORA,B,C AND NR1D1 (REV-ERBA) REGULATE GENE EXPRESSION%REACTOME DATABASE ID RELEASE 95%9933387		24	0.339569	0.8932194	0.61057025	1.0	1.0	11534	tags=58%, list=47%, signal=110%	
SIGNALING BY MODERATE KINASE ACTIVITY BRAF MUTANTS%REACTOME%R-HSA-6802946.3	SIGNALING BY MODERATE KINASE ACTIVITY BRAF MUTANTS%REACTOME%R-HSA-6802946.3		43	0.30334535	0.89311916	0.6402516	1.0	1.0	8960	tags=42%, list=37%, signal=66%	
PID_S1P_META_PATHWAY%MSIGDB_C2%PID_S1P_META_PATHWAY	PID_S1P_META_PATHWAY%MSIGDB_C2%PID_S1P_META_PATHWAY		18	0.36227265	0.89306056	0.60087085	1.0	1.0	9970	tags=56%, list=41%, signal=94%	
POSITIVE REGULATION OF GLIOGENESIS%GOBP%GO:0014015	POSITIVE REGULATION OF GLIOGENESIS%GOBP%GO:0014015		26	0.3411106	0.89287305	0.6444142	1.0	1.0	5751	tags=27%, list=23%, signal=35%	
REGULATION OF PROTEIN SERINE/THREONINE KINASE ACTIVITY%GOBP%GO:0071900	REGULATION OF PROTEIN SERINE/THREONINE KINASE ACTIVITY%GOBP%GO:0071900		107	0.26473346	0.8922604	0.6864608	1.0	1.0	6599	tags=31%, list=27%, signal=42%	
PEPTIDYL-LYSINE MODIFICATION%GOBP%GO:0018205	PEPTIDYL-LYSINE MODIFICATION%GOBP%GO:0018205		98	0.26729724	0.89224035	0.6848341	1.0	1.0	3986	tags=21%, list=16%, signal=25%	
SENESCENCE ASSOCIATED SECRETORY PHENOTYPE SASP %WIKIPATHWAYS_20260211%WP3391%HOMO SAPIENS	SENESCENCE ASSOCIATED SECRETORY PHENOTYPE SASP %WIKIPATHWAYS_20260211%WP3391%HOMO SAPIENS		69	0.27891856	0.89209	0.6695332	1.0	1.0	3171	tags=17%, list=13%, signal=20%	
DNA REPLICATION%GOBP%GO:0006260	DNA REPLICATION%GOBP%GO:0006260		199	0.25098747	0.89208853	0.7620087	1.0	1.0	7068	tags=29%, list=29%, signal=40%	
CELLULAR RESPONSE TO STEROID HORMONE STIMULUS%GOBP%GO:0071383	CELLULAR RESPONSE TO STEROID HORMONE STIMULUS%GOBP%GO:0071383		94	0.26843986	0.8919785	0.6818182	1.0	1.0	6515	tags=27%, list=27%, signal=36%	
EPH-EPHRIN MEDIATED REPULSION OF CELLS%REACTOME%R-HSA-3928665.5	EPH-EPHRIN MEDIATED REPULSION OF CELLS%REACTOME%R-HSA-3928665.5		48	0.29622707	0.89192915	0.6398996	1.0	1.0	6399	tags=29%, list=26%, signal=39%	
SYNDECAN-4-MEDIATED SIGNALING EVENTS%PATHWAY INTERACTION DATABASE NCI-NATURE CURATED DATA%SYNDECAN-4-MEDIATED SIGNALING EVENTS	SYNDECAN-4-MEDIATED SIGNALING EVENTS%PATHWAY INTERACTION DATABASE NCI-NATURE CURATED DATA%SYNDECAN-4-MEDIATED SIGNALING EVENTS		32	0.31858015	0.89189816	0.6353436	1.0	1.0	7216	tags=34%, list=29%, signal=49%	
REGULATION OF TP53 ACTIVITY THROUGH PHOSPHORYLATION%REACTOME%R-HSA-6804756.4	REGULATION OF TP53 ACTIVITY THROUGH PHOSPHORYLATION%REACTOME%R-HSA-6804756.4		93	0.26902226	0.89187944	0.6934732	1.0	1.0	5144	tags=25%, list=21%, signal=31%	
ANGIOGENESIS%GOBP%GO:0001525	ANGIOGENESIS%GOBP%GO:0001525		182	0.25220814	0.89185554	0.72834224	1.0	1.0	7580	tags=31%, list=31%, signal=44%	
HOMOPHILIC CELL-CELL ADHESION%GOBP%GO:0007156	HOMOPHILIC CELL-CELL ADHESION%GOBP%GO:0007156		71	0.2770114	0.8918241	0.6838143	1.0	1.0	6816	tags=41%, list=28%, signal=56%	
REGULATION OF TRANSCRIPTION OF NUCLEOLAR LARGE RRNA BY RNA POLYMERASE I%GOBP%GO:1901836	REGULATION OF TRANSCRIPTION OF NUCLEOLAR LARGE RRNA BY RNA POLYMERASE I%GOBP%GO:1901836		15	0.3797443	0.8917948	0.6298984	1.0	1.0	3524	tags=27%, list=14%, signal=31%	
PID_CXCR4_PATHWAY%MSIGDB_C2%PID_CXCR4_PATHWAY	PID_CXCR4_PATHWAY%MSIGDB_C2%PID_CXCR4_PATHWAY		73	0.2759677	0.8915785	0.6699386	1.0	1.0	5803	tags=30%, list=24%, signal=39%	
RESOLUTION OF SISTER CHROMATID COHESION%REACTOME%R-HSA-2500257.7	RESOLUTION OF SISTER CHROMATID COHESION%REACTOME%R-HSA-2500257.7		105	0.26657632	0.8915384	0.6882966	1.0	1.0	4000	tags=18%, list=16%, signal=22%	
REPRODUCTIVE SYSTEM DEVELOPMENT%GOBP%GO:0061458	REPRODUCTIVE SYSTEM DEVELOPMENT%GOBP%GO:0061458		107	0.26528677	0.8912676	0.6859791	1.0	1.0	7347	tags=28%, list=30%, signal=40%	
CELLULAR RESPONSE TO FLUID SHEAR STRESS%GOBP%GO:0071498	CELLULAR RESPONSE TO FLUID SHEAR STRESS%GOBP%GO:0071498		37	0.31040168	0.8912464	0.63502675	1.0	1.0	2744	tags=19%, list=11%, signal=21%	
NOVEL INTRACELLULAR COMPONENTS OF RIG I LIKE RECEPTOR PATHWAY%WIKIPATHWAYS_20260211%WP3865%HOMO SAPIENS	NOVEL INTRACELLULAR COMPONENTS OF RIG I LIKE RECEPTOR PATHWAY%WIKIPATHWAYS_20260211%WP3865%HOMO SAPIENS		56	0.29270577	0.8909922	0.6516291	1.0	1.0	6821	tags=27%, list=28%, signal=37%	
GASTRULATION%GOBP%GO:0007369	GASTRULATION%GOBP%GO:0007369		87	0.27243608	0.8909307	0.68138427	1.0	1.0	6139	tags=26%, list=25%, signal=35%	
RNA MODIFICATION%GOBP%GO:0009451	RNA MODIFICATION%GOBP%GO:0009451		164	0.25604284	0.8906982	0.71753246	1.0	1.0	3872	tags=20%, list=16%, signal=23%	
REGULATION OF AUTOPHAGY OF MITOCHONDRION%GOBP%GO:1903146	REGULATION OF AUTOPHAGY OF MITOCHONDRION%GOBP%GO:1903146		43	0.30547988	0.89066476	0.654902	1.0	1.0	4099	tags=21%, list=17%, signal=25%	
ABC TRANSPORTERS IN LIPID HOMEOSTASIS%REACTOME DATABASE ID RELEASE 95%1369062	ABC TRANSPORTERS IN LIPID HOMEOSTASIS%REACTOME DATABASE ID RELEASE 95%1369062		18	0.36022	0.89061904	0.61079544	1.0	1.0	7160	tags=39%, list=29%, signal=55%	
POSITIVE REGULATION OF PROTEIN SERINE/THREONINE KINASE ACTIVITY%GOBP%GO:0071902	POSITIVE REGULATION OF PROTEIN SERINE/THREONINE KINASE ACTIVITY%GOBP%GO:0071902		44	0.30047277	0.8904823	0.6644823	1.0	1.0	5867	tags=32%, list=24%, signal=42%	
NONGENOTROPIC ANDROGEN SIGNALING%PATHWAY INTERACTION DATABASE NCI-NATURE CURATED DATA%NONGENOTROPIC ANDROGEN SIGNALING	NONGENOTROPIC ANDROGEN SIGNALING%PATHWAY INTERACTION DATABASE NCI-NATURE CURATED DATA%NONGENOTROPIC ANDROGEN SIGNALING		31	0.32301798	0.8904506	0.66938776	1.0	1.0	4367	tags=23%, list=18%, signal=27%	
B CELL DIFFERENTIATION%GOBP%GO:0030183	B CELL DIFFERENTIATION%GOBP%GO:0030183		73	0.27764344	0.8902083	0.6885645	1.0	1.0	6380	tags=30%, list=26%, signal=41%	
ATP BIOSYNTHETIC PROCESS%GOBP%GO:0006754	ATP BIOSYNTHETIC PROCESS%GOBP%GO:0006754		66	0.28084117	0.8893375	0.69925743	1.0	1.0	5972	tags=20%, list=24%, signal=26%	
TRANSPORT OF MATURE MRNAS DERIVED FROM INTRONLESS TRANSCRIPTS%REACTOME DATABASE ID RELEASE 95%159234	TRANSPORT OF MATURE MRNAS DERIVED FROM INTRONLESS TRANSCRIPTS%REACTOME DATABASE ID RELEASE 95%159234		40	0.30282927	0.88900673	0.63624513	1.0	1.0	6347	tags=28%, list=26%, signal=37%	
POSITIVE REGULATION OF ORGANELLE ASSEMBLY%GOBP%GO:1902117	POSITIVE REGULATION OF ORGANELLE ASSEMBLY%GOBP%GO:1902117		72	0.2795706	0.8887428	0.6819307	1.0	1.0	6602	tags=31%, list=27%, signal=42%	
AMPLIFICATION OF SIGNAL FROM THE KINETOCHORES%REACTOME%R-HSA-141424.4	AMPLIFICATION OF SIGNAL FROM THE KINETOCHORES%REACTOME%R-HSA-141424.4		92	0.2679626	0.88874185	0.6943794	1.0	1.0	3761	tags=16%, list=15%, signal=19%	
PID_CONE_PATHWAY%MSIGDB_C2%PID_CONE_PATHWAY	PID_CONE_PATHWAY%MSIGDB_C2%PID_CONE_PATHWAY		22	0.34609848	0.8886917	0.6227951	1.0	1.0	2023	tags=18%, list=8%, signal=20%	
KIDNEY EPITHELIUM DEVELOPMENT%GOBP%GO:0072073	KIDNEY EPITHELIUM DEVELOPMENT%GOBP%GO:0072073		61	0.28590533	0.88868475	0.66626215	1.0	1.0	6257	tags=31%, list=26%, signal=42%	
INTERFERON MEDIATED SIGNALING%WIKIPATHWAYS_20260211%WP4558%HOMO SAPIENS	INTERFERON MEDIATED SIGNALING%WIKIPATHWAYS_20260211%WP4558%HOMO SAPIENS		32	0.3198576	0.8885787	0.63733333	1.0	1.0	5627	tags=25%, list=23%, signal=32%	
PROTEIN AUTOUBIQUITINATION%GOBP%GO:0051865	PROTEIN AUTOUBIQUITINATION%GOBP%GO:0051865		65	0.28013432	0.88851655	0.6741573	1.0	1.0	3940	tags=15%, list=16%, signal=18%	
VISUAL SIGNAL TRANSDUCTION: CONES%PATHWAY INTERACTION DATABASE NCI-NATURE CURATED DATA%VISUAL SIGNAL TRANSDUCTION: CONES	VISUAL SIGNAL TRANSDUCTION: CONES%PATHWAY INTERACTION DATABASE NCI-NATURE CURATED DATA%VISUAL SIGNAL TRANSDUCTION: CONES		23	0.33816707	0.88784665	0.6389646	1.0	1.0	2023	tags=17%, list=8%, signal=19%	
REGULATION OF POLYSACCHARIDE METABOLIC PROCESS%GOBP%GO:0032881	REGULATION OF POLYSACCHARIDE METABOLIC PROCESS%GOBP%GO:0032881		35	0.31420887	0.8878319	0.66885674	1.0	1.0	6255	tags=31%, list=26%, signal=42%	
DENGUE VIRUS ACTIVATES MODULATES INNATE AND ADAPTIVE IMMUNE RESPONSES%REACTOME DATABASE ID RELEASE 95%9920588	DENGUE VIRUS ACTIVATES MODULATES INNATE AND ADAPTIVE IMMUNE RESPONSES%REACTOME DATABASE ID RELEASE 95%9920588		29	0.32692105	0.887571	0.62753034	1.0	1.0	7946	tags=38%, list=32%, signal=56%	
REGULATION OF LAMELLIPODIUM ASSEMBLY%GOBP%GO:0010591	REGULATION OF LAMELLIPODIUM ASSEMBLY%GOBP%GO:0010591		33	0.31614703	0.88735944	0.6509434	1.0	1.0	7216	tags=36%, list=29%, signal=51%	
CYTOPLASMIC PATTERN RECOGNITION RECEPTOR SIGNALING PATHWAY%GOBP%GO:0002753	CYTOPLASMIC PATTERN RECOGNITION RECEPTOR SIGNALING PATHWAY%GOBP%GO:0002753		64	0.28656518	0.8872461	0.67321867	1.0	1.0	4748	tags=25%, list=19%, signal=31%	
MITOCHONDRIAL LARGE RIBOSOMAL SUBUNIT ASSEMBLY%GOBP%GO:1902775	MITOCHONDRIAL LARGE RIBOSOMAL SUBUNIT ASSEMBLY%GOBP%GO:1902775		15	0.3721501	0.8870225	0.62643677	1.0	1.0	7437	tags=47%, list=30%, signal=67%	
NEGATIVE REGULATION OF NERVOUS SYSTEM DEVELOPMENT%GOBP%GO:0051961	NEGATIVE REGULATION OF NERVOUS SYSTEM DEVELOPMENT%GOBP%GO:0051961		69	0.2809624	0.88696146	0.65430623	1.0	1.0	5751	tags=32%, list=23%, signal=42%	
RNA POLYMERASE II TRANSCRIPTION INITIATION%REACTOME DATABASE ID RELEASE 95%75953	RNA POLYMERASE II TRANSCRIPTION INITIATION%REACTOME DATABASE ID RELEASE 95%75953		48	0.2946277	0.88688815	0.66624683	1.0	1.0	3949	tags=21%, list=16%, signal=25%	
RNA POLYMERASE II PROMOTER ESCAPE%REACTOME%R-HSA-73776.5	RNA POLYMERASE II PROMOTER ESCAPE%REACTOME%R-HSA-73776.5		48	0.2946277	0.88687956	0.6670823	1.0	1.0	3949	tags=21%, list=16%, signal=25%	
DENDRITE DEVELOPMENT%GOBP%GO:0016358	DENDRITE DEVELOPMENT%GOBP%GO:0016358		60	0.28306875	0.8868527	0.67391306	1.0	1.0	4235	tags=23%, list=17%, signal=28%	
RNA POLYMERASE I PROMOTER ESCAPE%REACTOME DATABASE ID RELEASE 95%73772	RNA POLYMERASE I PROMOTER ESCAPE%REACTOME DATABASE ID RELEASE 95%73772		58	0.284704	0.8868435	0.6641791	1.0	1.0	2622	tags=14%, list=11%, signal=15%	
SPHINGOLIPID METABOLISM%REACTOME DATABASE ID RELEASE 95%428157	SPHINGOLIPID METABOLISM%REACTOME DATABASE ID RELEASE 95%428157		103	0.26697293	0.8868379	0.6982456	1.0	1.0	7197	tags=33%, list=29%, signal=47%	
INTRACILIARY TRANSPORT%GOBP%GO:0042073	INTRACILIARY TRANSPORT%GOBP%GO:0042073		50	0.29246578	0.8867097	0.6621287	1.0	1.0	7610	tags=38%, list=31%, signal=55%	
TORC1 SIGNALING%GOBP%GO:0038202	TORC1 SIGNALING%GOBP%GO:0038202		18	0.3546508	0.8866413	0.63751763	1.0	1.0	1866	tags=11%, list=8%, signal=12%	
VENTRICULAR CARDIAC MUSCLE TISSUE DEVELOPMENT%GOBP%GO:0003229	VENTRICULAR CARDIAC MUSCLE TISSUE DEVELOPMENT%GOBP%GO:0003229		41	0.30791357	0.88638073	0.65592784	1.0	1.0	3116	tags=17%, list=13%, signal=20%	
REGULATION OF INTERLEUKIN-2 PRODUCTION%GOBP%GO:0032663	REGULATION OF INTERLEUKIN-2 PRODUCTION%GOBP%GO:0032663		61	0.28472465	0.8860944	0.6875	1.0	1.0	2781	tags=18%, list=11%, signal=20%	
MATRIX METALLOPROTEINASES%WIKIPATHWAYS_20260211%WP129%HOMO SAPIENS	MATRIX METALLOPROTEINASES%WIKIPATHWAYS_20260211%WP129%HOMO SAPIENS		25	0.33180916	0.88600504	0.6285311	1.0	1.0	5505	tags=28%, list=22%, signal=36%	
POSITIVE REGULATION OF REPRODUCTIVE PROCESS%GOBP%GO:2000243	POSITIVE REGULATION OF REPRODUCTIVE PROCESS%GOBP%GO:2000243		56	0.2904622	0.88594097	0.64348924	1.0	1.0	5603	tags=29%, list=23%, signal=37%	
ACTIN FILAMENT-BASED MOVEMENT%GOBP%GO:0030048	ACTIN FILAMENT-BASED MOVEMENT%GOBP%GO:0030048		93	0.2676453	0.88592285	0.7039627	1.0	1.0	7531	tags=33%, list=31%, signal=48%	
CASPASE CASCADE IN APOPTOSIS%PATHWAY INTERACTION DATABASE NCI-NATURE CURATED DATA%CASPASE CASCADE IN APOPTOSIS	CASPASE CASCADE IN APOPTOSIS%PATHWAY INTERACTION DATABASE NCI-NATURE CURATED DATA%CASPASE CASCADE IN APOPTOSIS		52	0.2914555	0.88555324	0.67790264	1.0	1.0	5341	tags=23%, list=22%, signal=29%	
SIGNALING BY RAS MUTANTS%REACTOME DATABASE ID RELEASE 95%6802949	SIGNALING BY RAS MUTANTS%REACTOME DATABASE ID RELEASE 95%6802949		43	0.30334535	0.8854931	0.6432361	1.0	1.0	8960	tags=42%, list=37%, signal=66%	
BIOCARTA_RHO_PATHWAY%MSIGDB_C2%BIOCARTA_RHO_PATHWAY	BIOCARTA_RHO_PATHWAY%MSIGDB_C2%BIOCARTA_RHO_PATHWAY		15	0.3738613	0.88538015	0.6415929	1.0	1.0	11608	tags=60%, list=47%, signal=114%	
GRANULOCYTE ACTIVATION%GOBP%GO:0036230	GRANULOCYTE ACTIVATION%GOBP%GO:0036230		29	0.31775326	0.88521034	0.66348773	1.0	1.0	10146	tags=59%, list=41%, signal=100%	
REGULATION OF MITOCHONDRIAL MEMBRANE PERMEABILITY%GOBP%GO:0046902	REGULATION OF MITOCHONDRIAL MEMBRANE PERMEABILITY%GOBP%GO:0046902		39	0.30097392	0.8852046	0.6502732	1.0	1.0	5081	tags=21%, list=21%, signal=26%	
SENESCENCE-ASSOCIATED SECRETORY PHENOTYPE (SASP)%REACTOME%R-HSA-2559582.4	SENESCENCE-ASSOCIATED SECRETORY PHENOTYPE (SASP)%REACTOME%R-HSA-2559582.4		79	0.274046	0.88513255	0.6937355	1.0	1.0	3171	tags=18%, list=13%, signal=20%	
SYNDECAN-2-MEDIATED SIGNALING EVENTS%PATHWAY INTERACTION DATABASE NCI-NATURE CURATED DATA%SYNDECAN-2-MEDIATED SIGNALING EVENTS	SYNDECAN-2-MEDIATED SIGNALING EVENTS%PATHWAY INTERACTION DATABASE NCI-NATURE CURATED DATA%SYNDECAN-2-MEDIATED SIGNALING EVENTS		36	0.31148443	0.8849702	0.6547619	1.0	1.0	6721	tags=36%, list=27%, signal=50%	
BIOCARTA_NFAT_PATHWAY%MSIGDB_C2%BIOCARTA_NFAT_PATHWAY	BIOCARTA_NFAT_PATHWAY%MSIGDB_C2%BIOCARTA_NFAT_PATHWAY		40	0.3044162	0.8849682	0.6363636	1.0	1.0	3171	tags=15%, list=13%, signal=17%	
REGULATION OF ALTERNATIVE MRNA SPLICING, VIA SPLICEOSOME%GOBP%GO:0000381	REGULATION OF ALTERNATIVE MRNA SPLICING, VIA SPLICEOSOME%GOBP%GO:0000381		68	0.27739802	0.88484365	0.6764706	1.0	1.0	5710	tags=28%, list=23%, signal=36%	
REGULATION OF EXTENT OF CELL GROWTH%GOBP%GO:0061387	REGULATION OF EXTENT OF CELL GROWTH%GOBP%GO:0061387		47	0.29926696	0.8848192	0.66793895	1.0	1.0	5574	tags=28%, list=23%, signal=36%	
TLR4 SIGNALING AND TOLERANCE%WIKIPATHWAYS_20260211%WP3851%HOMO SAPIENS	TLR4 SIGNALING AND TOLERANCE%WIKIPATHWAYS_20260211%WP3851%HOMO SAPIENS		26	0.33220762	0.8845551	0.6351531	1.0	1.0	9091	tags=58%, list=37%, signal=92%	
EPITHELIAL TO MESENCHYMAL TRANSITION IN COLORECTAL CANCER%WIKIPATHWAYS_20260211%WP4239%HOMO SAPIENS	EPITHELIAL TO MESENCHYMAL TRANSITION IN COLORECTAL CANCER%WIKIPATHWAYS_20260211%WP4239%HOMO SAPIENS		135	0.256758	0.8844107	0.7511161	1.0	1.0	7138	tags=35%, list=29%, signal=49%	
MIDBRAIN DEVELOPMENT%GOBP%GO:0030901	MIDBRAIN DEVELOPMENT%GOBP%GO:0030901		65	0.27948183	0.884264	0.68204486	1.0	1.0	6917	tags=40%, list=28%, signal=56%	
RECOGNITION AND ASSOCIATION OF DNA GLYCOSYLASE WITH SITE CONTAINING AN AFFECTED PYRIMIDINE%REACTOME DATABASE ID RELEASE 95%110328	RECOGNITION AND ASSOCIATION OF DNA GLYCOSYLASE WITH SITE CONTAINING AN AFFECTED PYRIMIDINE%REACTOME DATABASE ID RELEASE 95%110328		39	0.30070162	0.88425535	0.64248705	1.0	1.0	2622	tags=15%, list=11%, signal=17%	
ACTIVATION OF KAINATE RECEPTORS UPON GLUTAMATE BINDING%REACTOME%R-HSA-451326.4	ACTIVATION OF KAINATE RECEPTORS UPON GLUTAMATE BINDING%REACTOME%R-HSA-451326.4		30	0.3171312	0.8842211	0.66158116	1.0	1.0	5803	tags=33%, list=24%, signal=44%	
FIBROBLAST GROWTH FACTOR RECEPTOR SIGNALING PATHWAY%GOBP%GO:0008543	FIBROBLAST GROWTH FACTOR RECEPTOR SIGNALING PATHWAY%GOBP%GO:0008543		38	0.30825886	0.8839222	0.66186106	1.0	1.0	6139	tags=32%, list=25%, signal=42%	
TIE2 SIGNALING%REACTOME DATABASE ID RELEASE 95%210993	TIE2 SIGNALING%REACTOME DATABASE ID RELEASE 95%210993		16	0.36253202	0.8838296	0.62193364	1.0	1.0	9455	tags=63%, list=39%, signal=102%	
ESTABLISHMENT OR MAINTENANCE OF MONOPOLAR CELL POLARITY%GOBP%GO:0061339	ESTABLISHMENT OR MAINTENANCE OF MONOPOLAR CELL POLARITY%GOBP%GO:0061339		15	0.37673914	0.8835334	0.6296296	1.0	1.0	8461	tags=53%, list=35%, signal=81%	
REGULATION OF CYTOKINESIS%GOBP%GO:0032465	REGULATION OF CYTOKINESIS%GOBP%GO:0032465		93	0.26509535	0.88321173	0.7165072	1.0	1.0	7114	tags=35%, list=29%, signal=50%	
REGULATION OF ATP-DEPENDENT ACTIVITY%GOBP%GO:0043462	REGULATION OF ATP-DEPENDENT ACTIVITY%GOBP%GO:0043462		32	0.31725675	0.8831643	0.65135133	1.0	1.0	5949	tags=31%, list=24%, signal=41%	
REGULATORY NCRNA-MEDIATED POST-TRANSCRIPTIONAL GENE SILENCING%GOBP%GO:0035194	REGULATORY NCRNA-MEDIATED POST-TRANSCRIPTIONAL GENE SILENCING%GOBP%GO:0035194		36	0.30325684	0.8831458	0.6618799	1.0	1.0	4716	tags=22%, list=19%, signal=27%	
STEM CELL DEVELOPMENT%GOBP%GO:0048864	STEM CELL DEVELOPMENT%GOBP%GO:0048864		54	0.29045194	0.88312364	0.6754386	1.0	1.0	7687	tags=35%, list=31%, signal=51%	
PHOSPHATIDIC ACID METABOLIC PROCESS%GOBP%GO:0046473	PHOSPHATIDIC ACID METABOLIC PROCESS%GOBP%GO:0046473		36	0.3087885	0.883112	0.6675427	1.0	1.0	3594	tags=19%, list=15%, signal=23%	
ESTROGEN RECEPTOR SIGNALING PATHWAY%GOBP%GO:0030520	ESTROGEN RECEPTOR SIGNALING PATHWAY%GOBP%GO:0030520		18	0.35426006	0.88281524	0.6257143	1.0	1.0	6242	tags=33%, list=25%, signal=45%	
CELLULAR RESPONSE TO PH%GOBP%GO:0071467	CELLULAR RESPONSE TO PH%GOBP%GO:0071467		25	0.32802597	0.8827015	0.64404434	1.0	1.0	7604	tags=48%, list=31%, signal=70%	
REGULATION OF POTASSIUM ION TRANSMEMBRANE TRANSPORT%GOBP%GO:1901379	REGULATION OF POTASSIUM ION TRANSMEMBRANE TRANSPORT%GOBP%GO:1901379		48	0.29010758	0.8826469	0.65486723	1.0	1.0	6720	tags=35%, list=27%, signal=49%	
TNFALPHA%IOB%TNFALPHA	TNFALPHA%IOB%TNFALPHA		163	0.25109315	0.88256365	0.74611974	1.0	1.0	6855	tags=29%, list=28%, signal=41%	
RNA POLYMERASE II HIV PROMOTER ESCAPE%REACTOME DATABASE ID RELEASE 95%167162	RNA POLYMERASE II HIV PROMOTER ESCAPE%REACTOME DATABASE ID RELEASE 95%167162		48	0.2946277	0.88253695	0.6637168	1.0	1.0	3949	tags=21%, list=16%, signal=25%	
RESPONSE TO FLUID SHEAR STRESS%GOBP%GO:0034405	RESPONSE TO FLUID SHEAR STRESS%GOBP%GO:0034405		47	0.2917549	0.8823788	0.65267175	1.0	1.0	6098	tags=30%, list=25%, signal=40%	
EPITHELIAL CILIUM MOVEMENT INVOLVED IN EXTRACELLULAR FLUID MOVEMENT%GOBP%GO:0003351	EPITHELIAL CILIUM MOVEMENT INVOLVED IN EXTRACELLULAR FLUID MOVEMENT%GOBP%GO:0003351		21	0.34266785	0.88235414	0.6539007	1.0	1.0	6196	tags=33%, list=25%, signal=45%	
FORMATION OF THE NON-CANONICAL BAF (NCBAF) COMPLEX%REACTOME DATABASE ID RELEASE 95%9933947	FORMATION OF THE NON-CANONICAL BAF (NCBAF) COMPLEX%REACTOME DATABASE ID RELEASE 95%9933947		17	0.3621937	0.88222694	0.64553314	1.0	1.0	6126	tags=35%, list=25%, signal=47%	
ANTIVIRAL INNATE IMMUNE RESPONSE%GOBP%GO:0140374	ANTIVIRAL INNATE IMMUNE RESPONSE%GOBP%GO:0140374		72	0.27787426	0.8820727	0.68453103	1.0	1.0	3896	tags=19%, list=16%, signal=23%	
POSITIVE REGULATION OF TOR SIGNALING%GOBP%GO:0032008	POSITIVE REGULATION OF TOR SIGNALING%GOBP%GO:0032008		73	0.27629235	0.8820477	0.6861575	1.0	1.0	3790	tags=16%, list=15%, signal=19%	
CLEAVAGE OF THE DAMAGED PURINE%REACTOME DATABASE ID RELEASE 95%110331	CLEAVAGE OF THE DAMAGED PURINE%REACTOME DATABASE ID RELEASE 95%110331		34	0.315511	0.8817896	0.65521795	1.0	1.0	2622	tags=15%, list=11%, signal=16%	
REGULATION OF MEIOTIC CELL CYCLE%GOBP%GO:0051445	REGULATION OF MEIOTIC CELL CYCLE%GOBP%GO:0051445		52	0.28753734	0.8817463	0.6835443	1.0	1.0	3140	tags=17%, list=13%, signal=20%	
CARDIAC VENTRICLE MORPHOGENESIS%GOBP%GO:0003208	CARDIAC VENTRICLE MORPHOGENESIS%GOBP%GO:0003208		53	0.28759694	0.8816153	0.67001253	1.0	1.0	4769	tags=21%, list=19%, signal=26%	
NEUROMUSCULAR SYNAPTIC TRANSMISSION%GOBP%GO:0007274	NEUROMUSCULAR SYNAPTIC TRANSMISSION%GOBP%GO:0007274		19	0.35079294	0.8813555	0.628331	1.0	1.0	6997	tags=42%, list=29%, signal=59%	
PLC BETA MEDIATED EVENTS%REACTOME DATABASE ID RELEASE 95%112043	PLC BETA MEDIATED EVENTS%REACTOME DATABASE ID RELEASE 95%112043		48	0.29533678	0.8812752	0.6658323	1.0	1.0	9629	tags=50%, list=39%, signal=82%	
DIGESTIVE TRACT DEVELOPMENT%GOBP%GO:0048565	DIGESTIVE TRACT DEVELOPMENT%GOBP%GO:0048565		57	0.2840844	0.8811063	0.6721311	1.0	1.0	7524	tags=30%, list=31%, signal=43%	
REGULATION OF T CELL PROLIFERATION%GOBP%GO:0042129	REGULATION OF T CELL PROLIFERATION%GOBP%GO:0042129		125	0.25626266	0.8809009	0.73612684	1.0	1.0	7711	tags=34%, list=31%, signal=49%	
RECOGNITION AND ASSOCIATION OF DNA GLYCOSYLASE WITH SITE CONTAINING AN AFFECTED PURINE%REACTOME%R-HSA-110330.6	RECOGNITION AND ASSOCIATION OF DNA GLYCOSYLASE WITH SITE CONTAINING AN AFFECTED PURINE%REACTOME%R-HSA-110330.6		34	0.315511	0.8807388	0.64480877	1.0	1.0	2622	tags=15%, list=11%, signal=16%	
NEGATIVE REGULATION OF LYMPHOCYTE ACTIVATION%GOBP%GO:0051250	NEGATIVE REGULATION OF LYMPHOCYTE ACTIVATION%GOBP%GO:0051250		131	0.2549726	0.88047016	0.7094972	1.0	1.0	5821	tags=24%, list=24%, signal=32%	
RIBOSOMAL LARGE SUBUNIT ASSEMBLY%GOBP%GO:0000027	RIBOSOMAL LARGE SUBUNIT ASSEMBLY%GOBP%GO:0000027		25	0.33566925	0.8804204	0.6489071	1.0	1.0	7437	tags=40%, list=30%, signal=57%	
INTRACELLULAR STEROL TRANSPORT%GOBP%GO:0032366	INTRACELLULAR STEROL TRANSPORT%GOBP%GO:0032366		27	0.32743895	0.88034904	0.65068495	1.0	1.0	9143	tags=44%, list=37%, signal=71%	
TRNA PROCESSING%REACTOME DATABASE ID RELEASE 95%72306	TRNA PROCESSING%REACTOME DATABASE ID RELEASE 95%72306		107	0.2650865	0.88025194	0.7180095	1.0	1.0	4617	tags=23%, list=19%, signal=29%	
GLYCOGEN STORAGE DISEASES%REACTOME DATABASE ID RELEASE 95%3229121	GLYCOGEN STORAGE DISEASES%REACTOME DATABASE ID RELEASE 95%3229121		16	0.36178097	0.88018197	0.6158273	1.0	1.0	5262	tags=38%, list=21%, signal=48%	
REGULATION OF SPINDLE ORGANIZATION%GOBP%GO:0090224	REGULATION OF SPINDLE ORGANIZATION%GOBP%GO:0090224		44	0.30099383	0.8799577	0.6494845	1.0	1.0	6381	tags=30%, list=26%, signal=40%	
HIV TRANSCRIPTION INITIATION%REACTOME DATABASE ID RELEASE 95%167161	HIV TRANSCRIPTION INITIATION%REACTOME DATABASE ID RELEASE 95%167161		48	0.2946277	0.87993	0.6432225	1.0	1.0	3949	tags=21%, list=16%, signal=25%	
GLYPICAN 1 NETWORK%PATHWAY INTERACTION DATABASE NCI-NATURE CURATED DATA%GLYPICAN 1 NETWORK	GLYPICAN 1 NETWORK%PATHWAY INTERACTION DATABASE NCI-NATURE CURATED DATA%GLYPICAN 1 NETWORK		26	0.3298839	0.87962973	0.6597222	1.0	1.0	8498	tags=50%, list=35%, signal=76%	
SPLICEOSOMAL TRI-SNRNP COMPLEX ASSEMBLY%GOBP%GO:0000244	SPLICEOSOMAL TRI-SNRNP COMPLEX ASSEMBLY%GOBP%GO:0000244		38	0.30363747	0.8795253	0.6513158	1.0	1.0	6019	tags=26%, list=25%, signal=35%	
POSITIVE REGULATION OF NEURON PROJECTION DEVELOPMENT%GOBP%GO:0010976	POSITIVE REGULATION OF NEURON PROJECTION DEVELOPMENT%GOBP%GO:0010976		100	0.26468617	0.8795073	0.7090695	1.0	1.0	6387	tags=28%, list=26%, signal=38%	
TP53 REGULATES TRANSCRIPTION OF CELL CYCLE GENES%REACTOME%R-HSA-6791312.6	TP53 REGULATES TRANSCRIPTION OF CELL CYCLE GENES%REACTOME%R-HSA-6791312.6		48	0.2955772	0.87945247	0.6957087	1.0	1.0	6433	tags=31%, list=26%, signal=42%	
NEGATIVE REGULATION OF LIPID TRANSPORT%GOBP%GO:0032369	NEGATIVE REGULATION OF LIPID TRANSPORT%GOBP%GO:0032369		23	0.33502012	0.87932986	0.6558074	1.0	1.0	9387	tags=52%, list=38%, signal=85%	
REGULATION OF MUSCLE SYSTEM PROCESS%GOBP%GO:0090257	REGULATION OF MUSCLE SYSTEM PROCESS%GOBP%GO:0090257		174	0.24856009	0.87930566	0.7543668	1.0	1.0	7163	tags=29%, list=29%, signal=41%	
RNA POLYMERASE II TRANSCRIPTION INITIATION AND PROMOTER CLEARANCE%REACTOME%R-HSA-76042.5	RNA POLYMERASE II TRANSCRIPTION INITIATION AND PROMOTER CLEARANCE%REACTOME%R-HSA-76042.5		48	0.2946277	0.8791613	0.6760204	1.0	1.0	3949	tags=21%, list=16%, signal=25%	
POSITIVE REGULATION OF CYCLASE ACTIVITY%GOBP%GO:0031281	POSITIVE REGULATION OF CYCLASE ACTIVITY%GOBP%GO:0031281		22	0.34338665	0.87853026	0.65677965	1.0	1.0	6517	tags=36%, list=27%, signal=50%	
POSTSYNAPTIC MEMBRANE ORGANIZATION%GOBP%GO:0001941	POSTSYNAPTIC MEMBRANE ORGANIZATION%GOBP%GO:0001941		17	0.35766613	0.8784577	0.66084427	1.0	1.0	3835	tags=24%, list=16%, signal=28%	
PLASMA LIPOPROTEIN CLEARANCE%REACTOME%R-HSA-8964043.3	PLASMA LIPOPROTEIN CLEARANCE%REACTOME%R-HSA-8964043.3		36	0.30718502	0.8782429	0.66883117	1.0	1.0	3215	tags=22%, list=13%, signal=26%	
RECEPTOR METABOLIC PROCESS%GOBP%GO:0043112	RECEPTOR METABOLIC PROCESS%GOBP%GO:0043112		37	0.309664	0.87817687	0.6712846	1.0	1.0	8291	tags=38%, list=34%, signal=57%	
PID_P38_MKK3_6PATHWAY%MSIGDB_C2%PID_P38_MKK3_6PATHWAY	PID_P38_MKK3_6PATHWAY%MSIGDB_C2%PID_P38_MKK3_6PATHWAY		20	0.34378698	0.878161	0.6341808	1.0	1.0	787	tags=10%, list=3%, signal=10%	
PROTEIN LOCALIZATION TO MITOCHONDRION%GOBP%GO:0070585	PROTEIN LOCALIZATION TO MITOCHONDRION%GOBP%GO:0070585		67	0.27292728	0.8779454	0.72738236	1.0	1.0	3729	tags=18%, list=15%, signal=21%	
CYTOSOLIC DNA SENSING PATHWAY%WIKIPATHWAYS_20260211%WP4655%HOMO SAPIENS	CYTOSOLIC DNA SENSING PATHWAY%WIKIPATHWAYS_20260211%WP4655%HOMO SAPIENS		67	0.27544388	0.87784034	0.70454544	1.0	1.0	5627	tags=25%, list=23%, signal=33%	
REGULATION OF PROTEIN BINDING%GOBP%GO:0043393	REGULATION OF PROTEIN BINDING%GOBP%GO:0043393		36	0.30749646	0.8776284	0.6671105	1.0	1.0	7433	tags=39%, list=30%, signal=56%	
POSITIVE REGULATION OF CANONICAL WNT SIGNALING PATHWAY%GOBP%GO:0090263	POSITIVE REGULATION OF CANONICAL WNT SIGNALING PATHWAY%GOBP%GO:0090263		95	0.26223254	0.87759036	0.73214287	1.0	1.0	4171	tags=17%, list=17%, signal=20%	
SIGNALING BY TGFB FAMILY MEMBERS%REACTOME DATABASE ID RELEASE 95%9006936	SIGNALING BY TGFB FAMILY MEMBERS%REACTOME DATABASE ID RELEASE 95%9006936		154	0.2504398	0.8772988	0.7210066	1.0	1.0	5837	tags=25%, list=24%, signal=33%	
BRANCHING MORPHOGENESIS OF AN EPITHELIAL TUBE%GOBP%GO:0048754	BRANCHING MORPHOGENESIS OF AN EPITHELIAL TUBE%GOBP%GO:0048754		46	0.29468104	0.87693244	0.67158175	1.0	1.0	6257	tags=28%, list=26%, signal=38%	
PURINE NUCLEOSIDE TRIPHOSPHATE METABOLIC PROCESS%GOBP%GO:0009144	PURINE NUCLEOSIDE TRIPHOSPHATE METABOLIC PROCESS%GOBP%GO:0009144		145	0.2526355	0.87688714	0.72425246	1.0	1.0	6063	tags=21%, list=25%, signal=28%	
DEVELOPMENTAL GROWTH INVOLVED IN MORPHOGENESIS%GOBP%GO:0060560	DEVELOPMENTAL GROWTH INVOLVED IN MORPHOGENESIS%GOBP%GO:0060560		60	0.2814095	0.8768471	0.6821516	1.0	1.0	6101	tags=28%, list=25%, signal=38%	
RESPONSE TO RETINOIC ACID%GOBP%GO:0032526	RESPONSE TO RETINOIC ACID%GOBP%GO:0032526		60	0.28116506	0.87679935	0.6905941	1.0	1.0	6515	tags=33%, list=27%, signal=45%	
ROOF OF MOUTH DEVELOPMENT%GOBP%GO:0060021	ROOF OF MOUTH DEVELOPMENT%GOBP%GO:0060021		37	0.30488408	0.8761645	0.6623037	1.0	1.0	8459	tags=38%, list=35%, signal=58%	
BIOCARTA_NKCELLS_PATHWAY%MSIGDB_C2%BIOCARTA_NKCELLS_PATHWAY	BIOCARTA_NKCELLS_PATHWAY%MSIGDB_C2%BIOCARTA_NKCELLS_PATHWAY		20	0.34711796	0.8757797	0.6445946	1.0	1.0	7580	tags=45%, list=31%, signal=65%	
EMBRYONIC STEM CELL PLURIPOTENCY PATHWAYS%WIKIPATHWAYS_20260211%WP3931%HOMO SAPIENS	EMBRYONIC STEM CELL PLURIPOTENCY PATHWAYS%WIKIPATHWAYS_20260211%WP3931%HOMO SAPIENS		94	0.26528347	0.8756044	0.71631205	1.0	1.0	6068	tags=28%, list=25%, signal=37%	
NEPHRON EPITHELIUM DEVELOPMENT%GOBP%GO:0072009	NEPHRON EPITHELIUM DEVELOPMENT%GOBP%GO:0072009		55	0.28601414	0.8754764	0.69636136	1.0	1.0	6257	tags=31%, list=26%, signal=41%	
COVID 19 STRUCTURAL COVERAGE MAP%WIKIPATHWAYS_20260211%WP5145%HOMO SAPIENS	COVID 19 STRUCTURAL COVERAGE MAP%WIKIPATHWAYS_20260211%WP5145%HOMO SAPIENS		20	0.34116352	0.87547004	0.6193182	1.0	1.0	5078	tags=30%, list=21%, signal=38%	
HOMOLOGY DIRECTED REPAIR%REACTOME%R-HSA-5693538.4	HOMOLOGY DIRECTED REPAIR%REACTOME%R-HSA-5693538.4		122	0.254936	0.87545836	0.7251995	1.0	1.0	4602	tags=20%, list=19%, signal=24%	
REGULATION OF OSTEOBLAST DIFFERENTIATION%GOBP%GO:0045667	REGULATION OF OSTEOBLAST DIFFERENTIATION%GOBP%GO:0045667		94	0.26319906	0.87539196	0.7072019	1.0	1.0	6242	tags=32%, list=25%, signal=43%	
NEGATIVE REGULATION OF T CELL PROLIFERATION%GOBP%GO:0042130	NEGATIVE REGULATION OF T CELL PROLIFERATION%GOBP%GO:0042130		50	0.29217416	0.87522805	0.68647283	1.0	1.0	3627	tags=20%, list=15%, signal=23%	
BIOCARTA_TOLL_PATHWAY%MSIGDB_C2%BIOCARTA_TOLL_PATHWAY	BIOCARTA_TOLL_PATHWAY%MSIGDB_C2%BIOCARTA_TOLL_PATHWAY		22	0.34017596	0.8751608	0.65789473	1.0	1.0	4634	tags=27%, list=19%, signal=34%	
POSITIVE REGULATION OF VASCULAR ENDOTHELIAL GROWTH FACTOR PRODUCTION%GOBP%GO:0010575	POSITIVE REGULATION OF VASCULAR ENDOTHELIAL GROWTH FACTOR PRODUCTION%GOBP%GO:0010575		27	0.32320058	0.874931	0.65591395	1.0	1.0	7577	tags=30%, list=31%, signal=43%	
REGULATION OF CELL CYCLE G1/S PHASE TRANSITION%GOBP%GO:1902806	REGULATION OF CELL CYCLE G1/S PHASE TRANSITION%GOBP%GO:1902806		158	0.24810162	0.87478125	0.76004463	1.0	1.0	6377	tags=27%, list=26%, signal=37%	
CARDIAC PROGENITOR DIFFERENTIATION%WIKIPATHWAYS_20260211%WP2406%HOMO SAPIENS	CARDIAC PROGENITOR DIFFERENTIATION%WIKIPATHWAYS_20260211%WP2406%HOMO SAPIENS		49	0.28862822	0.8744956	0.6940874	1.0	1.0	7163	tags=33%, list=29%, signal=46%	
INORGANIC ION IMPORT ACROSS PLASMA MEMBRANE%GOBP%GO:0099587	INORGANIC ION IMPORT ACROSS PLASMA MEMBRANE%GOBP%GO:0099587		104	0.25800776	0.87423617	0.7238205	1.0	1.0	8516	tags=39%, list=35%, signal=60%	
SIGNALING BY PDGF%REACTOME DATABASE ID RELEASE 95%186797	SIGNALING BY PDGF%REACTOME DATABASE ID RELEASE 95%186797		49	0.29349378	0.8741616	0.67365664	1.0	1.0	7628	tags=39%, list=31%, signal=56%	
PLASMA MEMBRANE ORGANIZATION%GOBP%GO:0007009	PLASMA MEMBRANE ORGANIZATION%GOBP%GO:0007009		120	0.25551218	0.87412816	0.71653545	1.0	1.0	7935	tags=34%, list=32%, signal=50%	
NEGATIVE REGULATION OF SECRETION BY CELL%GOBP%GO:1903531	NEGATIVE REGULATION OF SECRETION BY CELL%GOBP%GO:1903531		95	0.2625321	0.8738942	0.72389793	1.0	1.0	2928	tags=16%, list=12%, signal=18%	
HOMOLOGOUS DNA PAIRING AND STRAND EXCHANGE%REACTOME DATABASE ID RELEASE 95%5693579	HOMOLOGOUS DNA PAIRING AND STRAND EXCHANGE%REACTOME DATABASE ID RELEASE 95%5693579		43	0.2959536	0.8738465	0.67098445	1.0	1.0	3455	tags=19%, list=14%, signal=22%	
PHOSPHORYLATION OF THE APC C%REACTOME%R-HSA-176412.4	PHOSPHORYLATION OF THE APC C%REACTOME%R-HSA-176412.4		20	0.34142184	0.8735526	0.65007114	1.0	1.0	2989	tags=20%, list=12%, signal=23%	
HALLMARK_KRAS_SIGNALING_DN%MSIGDBHALLMARK%HALLMARK_KRAS_SIGNALING_DN	HALLMARK_KRAS_SIGNALING_DN%MSIGDBHALLMARK%HALLMARK_KRAS_SIGNALING_DN		168	0.24930012	0.8734986	0.77262694	1.0	1.0	6670	tags=27%, list=27%, signal=37%	
PRESYNAPTIC PHASE OF HOMOLOGOUS DNA PAIRING AND STRAND EXCHANGE%REACTOME%R-HSA-5693616.6	PRESYNAPTIC PHASE OF HOMOLOGOUS DNA PAIRING AND STRAND EXCHANGE%REACTOME%R-HSA-5693616.6		40	0.2985528	0.87349474	0.6881579	1.0	1.0	4340	tags=20%, list=18%, signal=24%	
RESPONSE TO EXOGENOUS DSRNA%GOBP%GO:0043330	RESPONSE TO EXOGENOUS DSRNA%GOBP%GO:0043330		32	0.3131675	0.87345415	0.6779661	1.0	1.0	3687	tags=19%, list=15%, signal=22%	
PROTEIN LOCALIZATION TO CILIARY TRANSITION ZONE%GOBP%GO:1904491	PROTEIN LOCALIZATION TO CILIARY TRANSITION ZONE%GOBP%GO:1904491		22	0.3390943	0.8732507	0.64538044	1.0	1.0	2656	tags=14%, list=11%, signal=15%	
CLEAVAGE OF THE DAMAGED PYRIMIDINE%REACTOME DATABASE ID RELEASE 95%110329	CLEAVAGE OF THE DAMAGED PYRIMIDINE%REACTOME DATABASE ID RELEASE 95%110329		39	0.30070162	0.87319237	0.6692112	1.0	1.0	2622	tags=15%, list=11%, signal=17%	
PID_SYNDECAN_4_PATHWAY%MSIGDB_C2%PID_SYNDECAN_4_PATHWAY	PID_SYNDECAN_4_PATHWAY%MSIGDB_C2%PID_SYNDECAN_4_PATHWAY		23	0.33462808	0.87289876	0.67945206	1.0	1.0	7216	tags=39%, list=29%, signal=55%	
FERROPTOSIS%WIKIPATHWAYS_20260211%WP4313%HOMO SAPIENS	FERROPTOSIS%WIKIPATHWAYS_20260211%WP4313%HOMO SAPIENS		49	0.29020974	0.87272304	0.70413435	1.0	1.0	4350	tags=18%, list=18%, signal=22%	
SIALIC ACID METABOLISM%REACTOME DATABASE ID RELEASE 95%4085001	SIALIC ACID METABOLISM%REACTOME DATABASE ID RELEASE 95%4085001		33	0.31557408	0.87264764	0.6666667	1.0	1.0	5922	tags=36%, list=24%, signal=48%	
TRNA MODIFICATION IN THE NUCLEUS AND CYTOSOL%REACTOME%R-HSA-6782315.9	TRNA MODIFICATION IN THE NUCLEUS AND CYTOSOL%REACTOME%R-HSA-6782315.9		43	0.29553187	0.8726439	0.6846255	1.0	1.0	4491	tags=26%, list=18%, signal=31%	
DIFFERENTIATION OF WHITE AND BROWN ADIPOCYTE%WIKIPATHWAYS_20260211%WP2895%HOMO SAPIENS	DIFFERENTIATION OF WHITE AND BROWN ADIPOCYTE%WIKIPATHWAYS_20260211%WP2895%HOMO SAPIENS		22	0.33210889	0.87254184	0.66178626	1.0	1.0	7703	tags=32%, list=31%, signal=46%	
GLYCOSPHINGOLIPID CATABOLIC PROCESS%GOBP%GO:0046479	GLYCOSPHINGOLIPID CATABOLIC PROCESS%GOBP%GO:0046479		18	0.34867013	0.87253284	0.64285713	1.0	1.0	9577	tags=61%, list=39%, signal=100%	
ABERRANT REGULATION OF MITOTIC CELL CYCLE DUE TO RB1 DEFECTS%REACTOME DATABASE ID RELEASE 95%9687139	ABERRANT REGULATION OF MITOTIC CELL CYCLE DUE TO RB1 DEFECTS%REACTOME DATABASE ID RELEASE 95%9687139		36	0.30302262	0.87247694	0.6807947	1.0	1.0	2989	tags=17%, list=12%, signal=19%	
MAPK6 MAPK4 SIGNALING%REACTOME%R-HSA-5687128.5	MAPK6 MAPK4 SIGNALING%REACTOME%R-HSA-5687128.5		76	0.2715738	0.87234193	0.70689654	1.0	1.0	4981	tags=26%, list=20%, signal=33%	
REGULATION OF NATURAL KILLER CELL MEDIATED CYTOTOXICITY%GOBP%GO:0042269	REGULATION OF NATURAL KILLER CELL MEDIATED CYTOTOXICITY%GOBP%GO:0042269		46	0.2930467	0.8722933	0.6829574	1.0	1.0	7600	tags=30%, list=31%, signal=44%	
NEGATIVE REGULATION OF ERK1 AND ERK2 CASCADE%GOBP%GO:0070373	NEGATIVE REGULATION OF ERK1 AND ERK2 CASCADE%GOBP%GO:0070373		50	0.28789508	0.8722872	0.7078652	1.0	1.0	8564	tags=44%, list=35%, signal=68%	
HEART PROCESS%GOBP%GO:0003015	HEART PROCESS%GOBP%GO:0003015		83	0.26456532	0.872273	0.71952665	1.0	1.0	3564	tags=17%, list=15%, signal=20%	
REGULATION OF CALCINEURIN-NFAT SIGNALING CASCADE%GOBP%GO:0070884	REGULATION OF CALCINEURIN-NFAT SIGNALING CASCADE%GOBP%GO:0070884		33	0.3062344	0.87209415	0.68689656	1.0	1.0	3029	tags=21%, list=12%, signal=24%	
TRNA MODIFICATION%GOBP%GO:0006400	TRNA MODIFICATION%GOBP%GO:0006400		91	0.26636317	0.8719243	0.7236534	1.0	1.0	2215	tags=15%, list=9%, signal=17%	
SUDDEN INFANT DEATH SYNDROME SIDS SUSCEPTIBILITY PATHWAYS%WIKIPATHWAYS_20260211%WP706%HOMO SAPIENS	SUDDEN INFANT DEATH SYNDROME SIDS SUSCEPTIBILITY PATHWAYS%WIKIPATHWAYS_20260211%WP706%HOMO SAPIENS		119	0.25669235	0.8716181	0.76131225	1.0	1.0	7703	tags=39%, list=31%, signal=56%	
HEAD MORPHOGENESIS%GOBP%GO:0060323	HEAD MORPHOGENESIS%GOBP%GO:0060323		15	0.36993548	0.87154263	0.6704871	1.0	1.0	3517	tags=27%, list=14%, signal=31%	
PID_S1P_S1P1_PATHWAY%MSIGDB_C2%PID_S1P_S1P1_PATHWAY	PID_S1P_S1P1_PATHWAY%MSIGDB_C2%PID_S1P_S1P1_PATHWAY		17	0.35762438	0.8714216	0.66333807	1.0	1.0	9970	tags=65%, list=41%, signal=109%	
NEURAL CREST CELL DEVELOPMENT%GOBP%GO:0014032	NEURAL CREST CELL DEVELOPMENT%GOBP%GO:0014032		52	0.2847867	0.8713952	0.6644909	1.0	1.0	7687	tags=35%, list=31%, signal=50%	
RNA POLYMERASE II TRANSCRIPTION PRE-INITIATION AND PROMOTER OPENING%REACTOME DATABASE ID RELEASE 95%73779	RNA POLYMERASE II TRANSCRIPTION PRE-INITIATION AND PROMOTER OPENING%REACTOME DATABASE ID RELEASE 95%73779		48	0.2946277	0.87128806	0.6942257	1.0	1.0	3949	tags=21%, list=16%, signal=25%	
CYTOKINESIS%GOBP%GO:0000910	CYTOKINESIS%GOBP%GO:0000910		109	0.25701958	0.8712707	0.7372685	1.0	1.0	9431	tags=41%, list=39%, signal=67%	
REGULATION OF REACTIVE OXYGEN SPECIES BIOSYNTHETIC PROCESS%GOBP%GO:1903426	REGULATION OF REACTIVE OXYGEN SPECIES BIOSYNTHETIC PROCESS%GOBP%GO:1903426		33	0.31087992	0.8711118	0.67333335	1.0	1.0	4990	tags=24%, list=20%, signal=30%	
NEGATIVE REGULATION OF POST-TRANSLATIONAL PROTEIN MODIFICATION%GOBP%GO:1901874	NEGATIVE REGULATION OF POST-TRANSLATIONAL PROTEIN MODIFICATION%GOBP%GO:1901874		72	0.27581796	0.8709938	0.72451454	1.0	1.0	3896	tags=21%, list=16%, signal=25%	
DEPYRIMIDINATION%REACTOME%R-HSA-73928.3	DEPYRIMIDINATION%REACTOME%R-HSA-73928.3		39	0.30070162	0.8701847	0.6679487	1.0	1.0	2622	tags=15%, list=11%, signal=17%	
TRANSPORT OF THE SLBP DEPENDANT MATURE MRNA%REACTOME DATABASE ID RELEASE 95%159230	TRANSPORT OF THE SLBP DEPENDANT MATURE MRNA%REACTOME DATABASE ID RELEASE 95%159230		33	0.30901858	0.87008286	0.67333335	1.0	1.0	6347	tags=30%, list=26%, signal=41%	
GLUCONEOGENESIS%GOBP%GO:0006094	GLUCONEOGENESIS%GOBP%GO:0006094		31	0.31266466	0.86994064	0.6598916	1.0	1.0	6357	tags=35%, list=26%, signal=48%	
HETEROTRIMERIC G-PROTEIN SIGNALING PATHWAY-GI ALPHA AND GS ALPHA MEDIATED PATHWAY%PANTHER PATHWAY%P00026	HETEROTRIMERIC G-PROTEIN SIGNALING PATHWAY-GI ALPHA AND GS ALPHA MEDIATED PATHWAY%PANTHER PATHWAY%P00026		123	0.25504145	0.86973333	0.7573363	1.0	1.0	5328	tags=22%, list=22%, signal=28%	
NICOTINE PHARMACODYNAMICS PATHWAY%PANTHER PATHWAY%P06587	NICOTINE PHARMACODYNAMICS PATHWAY%PANTHER PATHWAY%P06587		26	0.32491812	0.8694371	0.6638889	1.0	1.0	4981	tags=27%, list=20%, signal=34%	
WARBURG EFFECT%PATHWHIZ%PW000630	WARBURG EFFECT%PATHWHIZ%PW000630		45	0.28831273	0.8692813	0.6865285	1.0	1.0	10651	tags=56%, list=43%, signal=98%	
NCAM1 INTERACTIONS%REACTOME%R-HSA-419037.4	NCAM1 INTERACTIONS%REACTOME%R-HSA-419037.4		37	0.30251196	0.8689261	0.6888587	1.0	1.0	4582	tags=22%, list=19%, signal=27%	
THE ONCOGENIC ACTION OF D-2-HYDROXYGLUTARATE IN HYDROXYGLUTARIC ACIDURIA%SMPDB%SMP0002359	THE ONCOGENIC ACTION OF D-2-HYDROXYGLUTARATE IN HYDROXYGLUTARIC ACIDURIA%SMPDB%SMP0002359		27	0.3225794	0.8687592	0.6666667	1.0	1.0	10651	tags=59%, list=43%, signal=105%	
TRK RECEPTOR SIGNALING MEDIATED BY THE MAPK PATHWAY%PATHWAY INTERACTION DATABASE NCI-NATURE CURATED DATA%TRK RECEPTOR SIGNALING MEDIATED BY THE MAPK PATHWAY	TRK RECEPTOR SIGNALING MEDIATED BY THE MAPK PATHWAY%PATHWAY INTERACTION DATABASE NCI-NATURE CURATED DATA%TRK RECEPTOR SIGNALING MEDIATED BY THE MAPK PATHWAY		34	0.3086972	0.86836135	0.67166215	1.0	1.0	3951	tags=21%, list=16%, signal=25%	
BIOCARTA_FMLP_PATHWAY%MSIGDB_C2%BIOCARTA_FMLP_PATHWAY	BIOCARTA_FMLP_PATHWAY%MSIGDB_C2%BIOCARTA_FMLP_PATHWAY		30	0.3136368	0.86829716	0.66488653	1.0	1.0	3240	tags=17%, list=13%, signal=19%	
LIPID HOMEOSTASIS%GOBP%GO:0055088	LIPID HOMEOSTASIS%GOBP%GO:0055088		151	0.2499531	0.8682464	0.7662486	1.0	1.0	9023	tags=44%, list=37%, signal=70%	
PLATELET-DERIVED GROWTH FACTOR RECEPTOR SIGNALING PATHWAY%GOBP%GO:0048008	PLATELET-DERIVED GROWTH FACTOR RECEPTOR SIGNALING PATHWAY%GOBP%GO:0048008		18	0.35196942	0.86796755	0.6583211	1.0	1.0	9910	tags=50%, list=40%, signal=84%	
NUCLEOTIDE TRANSMEMBRANE TRANSPORT%GOBP%GO:1901679	NUCLEOTIDE TRANSMEMBRANE TRANSPORT%GOBP%GO:1901679		23	0.33285838	0.8676136	0.66005665	1.0	1.0	4481	tags=30%, list=18%, signal=37%	
REGULATION OF CELL JUNCTION ASSEMBLY%GOBP%GO:1901888	REGULATION OF CELL JUNCTION ASSEMBLY%GOBP%GO:1901888		178	0.2438873	0.86739796	0.76749194	1.0	1.0	7832	tags=31%, list=32%, signal=46%	
FC-EPSILON RECEPTOR I SIGNALING IN MAST CELLS%PATHWAY INTERACTION DATABASE NCI-NATURE CURATED DATA%FC-EPSILON RECEPTOR I SIGNALING IN MAST CELLS	FC-EPSILON RECEPTOR I SIGNALING IN MAST CELLS%PATHWAY INTERACTION DATABASE NCI-NATURE CURATED DATA%FC-EPSILON RECEPTOR I SIGNALING IN MAST CELLS		62	0.27934274	0.867257	0.7236364	1.0	1.0	5707	tags=31%, list=23%, signal=40%	
SIGNALING BY KIT IN DISEASE%REACTOME%R-HSA-9669938.5	SIGNALING BY KIT IN DISEASE%REACTOME%R-HSA-9669938.5		17	0.35713124	0.8670773	0.674581	1.0	1.0	9455	tags=47%, list=39%, signal=77%	
PID_TCR_CALCIUM_PATHWAY%MSIGDB_C2%PID_TCR_CALCIUM_PATHWAY	PID_TCR_CALCIUM_PATHWAY%MSIGDB_C2%PID_TCR_CALCIUM_PATHWAY		24	0.32861328	0.86698323	0.66480446	1.0	1.0	3326	tags=21%, list=14%, signal=24%	
REGULATION OF T CELL APOPTOTIC PROCESS%GOBP%GO:0070232	REGULATION OF T CELL APOPTOTIC PROCESS%GOBP%GO:0070232		20	0.34158778	0.86698204	0.66903406	1.0	1.0	8814	tags=50%, list=36%, signal=78%	
REGULATION OF EXPRESSION AND FUNCTION OF TYPE II CLASSICAL CADHERINS%REACTOME DATABASE ID RELEASE 95%9764260	REGULATION OF EXPRESSION AND FUNCTION OF TYPE II CLASSICAL CADHERINS%REACTOME DATABASE ID RELEASE 95%9764260		30	0.31294498	0.86697656	0.6965035	1.0	1.0	3811	tags=17%, list=16%, signal=20%	
STEROID CATABOLIC PROCESS%GOBP%GO:0006706	STEROID CATABOLIC PROCESS%GOBP%GO:0006706		21	0.34589374	0.8669394	0.6401099	1.0	1.0	5038	tags=38%, list=21%, signal=48%	
REGULATION OF MITOPHAGY%GOBP%GO:1901524	REGULATION OF MITOPHAGY%GOBP%GO:1901524		37	0.30218345	0.8668833	0.68098956	1.0	1.0	4099	tags=19%, list=17%, signal=23%	
T CELL DIFFERENTIATION IN THYMUS%GOBP%GO:0033077	T CELL DIFFERENTIATION IN THYMUS%GOBP%GO:0033077		35	0.30399376	0.8666877	0.68979055	1.0	1.0	5558	tags=26%, list=23%, signal=33%	
SIGNALING BY BMP%REACTOME%R-HSA-201451.6	SIGNALING BY BMP%REACTOME%R-HSA-201451.6		31	0.312063	0.86659765	0.68266666	1.0	1.0	5823	tags=29%, list=24%, signal=38%	
NEGATIVE REGULATION OF MITOTIC CELL CYCLE PHASE TRANSITION%GOBP%GO:1901991	NEGATIVE REGULATION OF MITOTIC CELL CYCLE PHASE TRANSITION%GOBP%GO:1901991		138	0.24946466	0.8664081	0.75422776	1.0	1.0	6073	tags=25%, list=25%, signal=34%	
RND2 GTPASE CYCLE%REACTOME%R-HSA-9696270.2	RND2 GTPASE CYCLE%REACTOME%R-HSA-9696270.2		43	0.2967907	0.86632776	0.693299	1.0	1.0	7269	tags=40%, list=30%, signal=56%	
PYRIMIDINE DEOXYRIBONUCLEOTIDE CATABOLIC PROCESS%GOBP%GO:0009223	PYRIMIDINE DEOXYRIBONUCLEOTIDE CATABOLIC PROCESS%GOBP%GO:0009223		15	0.36537117	0.86604047	0.65929204	1.0	1.0	6699	tags=47%, list=27%, signal=64%	
OLIGOSACCHARIDE METABOLIC PROCESS%GOBP%GO:0009311	OLIGOSACCHARIDE METABOLIC PROCESS%GOBP%GO:0009311		56	0.28041553	0.8658644	0.7064677	1.0	1.0	7251	tags=38%, list=30%, signal=53%	
NEGATIVE REGULATION OF SECRETION%GOBP%GO:0051048	NEGATIVE REGULATION OF SECRETION%GOBP%GO:0051048		108	0.2580279	0.8658148	0.75373995	1.0	1.0	2928	tags=15%, list=12%, signal=17%	
REGULATION OF HEART CONTRACTION%GOBP%GO:0008016	REGULATION OF HEART CONTRACTION%GOBP%GO:0008016		168	0.24589798	0.86562854	0.7918051	1.0	1.0	7163	tags=31%, list=29%, signal=43%	
REGULATION OF P38-ALPHA AND P38-BETA%PATHWAY INTERACTION DATABASE NCI-NATURE CURATED DATA%REGULATION OF P38-ALPHA AND P38-BETA	REGULATION OF P38-ALPHA AND P38-BETA%PATHWAY INTERACTION DATABASE NCI-NATURE CURATED DATA%REGULATION OF P38-ALPHA AND P38-BETA		31	0.31291056	0.86551857	0.6666667	1.0	1.0	8410	tags=42%, list=34%, signal=64%	
TGF-BETA RECEPTOR SIGNALING%PATHWAY INTERACTION DATABASE NCI-NATURE CURATED DATA%TGF-BETA RECEPTOR SIGNALING	TGF-BETA RECEPTOR SIGNALING%PATHWAY INTERACTION DATABASE NCI-NATURE CURATED DATA%TGF-BETA RECEPTOR SIGNALING		52	0.28310677	0.86551505	0.70333743	1.0	1.0	3784	tags=21%, list=15%, signal=25%	
PDGFR-ALPHA SIGNALING PATHWAY%PATHWAY INTERACTION DATABASE NCI-NATURE CURATED DATA%PDGFR-ALPHA SIGNALING PATHWAY	PDGFR-ALPHA SIGNALING PATHWAY%PATHWAY INTERACTION DATABASE NCI-NATURE CURATED DATA%PDGFR-ALPHA SIGNALING PATHWAY		21	0.34316134	0.8653214	0.66760963	1.0	1.0	5555	tags=29%, list=23%, signal=37%	
CHOLINE TRANSPORT%GOBP%GO:0015871	CHOLINE TRANSPORT%GOBP%GO:0015871		17	0.3592505	0.8652816	0.68358207	1.0	1.0	3961	tags=24%, list=16%, signal=28%	
PLURIPOTENT STEM CELL DIFFERENTIATION PATHWAY%WIKIPATHWAYS_20260211%WP2848%HOMO SAPIENS	PLURIPOTENT STEM CELL DIFFERENTIATION PATHWAY%WIKIPATHWAYS_20260211%WP2848%HOMO SAPIENS		42	0.29851645	0.86525977	0.6910256	1.0	1.0	6564	tags=29%, list=27%, signal=39%	
TRABECULA MORPHOGENESIS%GOBP%GO:0061383	TRABECULA MORPHOGENESIS%GOBP%GO:0061383		23	0.3307144	0.8651708	0.6657572	1.0	1.0	3116	tags=22%, list=13%, signal=25%	
CARDIAC CONDUCTION%REACTOME%R-HSA-5576891.4	CARDIAC CONDUCTION%REACTOME%R-HSA-5576891.4		128	0.2536529	0.86512244	0.754023	1.0	1.0	6833	tags=29%, list=28%, signal=40%	
BLOOD GROUP SYSTEMS BIOSYNTHESIS%REACTOME%R-HSA-9033658.3	BLOOD GROUP SYSTEMS BIOSYNTHESIS%REACTOME%R-HSA-9033658.3		20	0.33833876	0.8650376	0.6530612	1.0	1.0	7173	tags=40%, list=29%, signal=57%	
NUCLEOTIDE BIOSYNTHETIC PROCESS%GOBP%GO:0009165	NUCLEOTIDE BIOSYNTHETIC PROCESS%GOBP%GO:0009165		157	0.24674049	0.86482435	0.78369564	1.0	1.0	6262	tags=24%, list=26%, signal=32%	
REGULATION OF IMMUNOGLOBULIN PRODUCTION%GOBP%GO:0002637	REGULATION OF IMMUNOGLOBULIN PRODUCTION%GOBP%GO:0002637		48	0.28873086	0.8647976	0.6959209	1.0	1.0	6486	tags=38%, list=26%, signal=51%	
HOST PATHOGEN INTERACTION OF HUMAN CORONAVIRUSES INTERFERON INDUCTION%WIKIPATHWAYS_20260211%WP4880%HOMO SAPIENS	HOST PATHOGEN INTERACTION OF HUMAN CORONAVIRUSES INTERFERON INDUCTION%WIKIPATHWAYS_20260211%WP4880%HOMO SAPIENS		33	0.30557698	0.86477953	0.692	1.0	1.0	7419	tags=39%, list=30%, signal=56%	
INORGANIC CATION IMPORT ACROSS PLASMA MEMBRANE%GOBP%GO:0098659	INORGANIC CATION IMPORT ACROSS PLASMA MEMBRANE%GOBP%GO:0098659		104	0.25800776	0.8646714	0.7571922	1.0	1.0	8516	tags=39%, list=35%, signal=60%	
POSITIVE REGULATION OF TYPE I INTERFERON PRODUCTION%GOBP%GO:0032481	POSITIVE REGULATION OF TYPE I INTERFERON PRODUCTION%GOBP%GO:0032481		71	0.27347434	0.8646392	0.6989117	1.0	1.0	3852	tags=21%, list=16%, signal=25%	
CXCR4 SIGNALING PATHWAY%SMPDB%SMP0064625	CXCR4 SIGNALING PATHWAY%SMPDB%SMP0064625		20	0.3385941	0.86456174	0.6486111	1.0	1.0	5422	tags=30%, list=22%, signal=38%	
SECONDARY PALATE DEVELOPMENT%GOBP%GO:0062009	SECONDARY PALATE DEVELOPMENT%GOBP%GO:0062009		18	0.34332725	0.86430675	0.68245125	1.0	1.0	7677	tags=39%, list=31%, signal=57%	
THYROID HORMONE METABOLIC PROCESS%GOBP%GO:0042403	THYROID HORMONE METABOLIC PROCESS%GOBP%GO:0042403		16	0.35573956	0.86415577	0.6759531	1.0	1.0	7449	tags=56%, list=30%, signal=81%	
MORPHOGENESIS OF A BRANCHING EPITHELIUM%GOBP%GO:0061138	MORPHOGENESIS OF A BRANCHING EPITHELIUM%GOBP%GO:0061138		48	0.28757313	0.86327595	0.70143414	1.0	1.0	6257	tags=27%, list=26%, signal=36%	
MODULATION OF PROCESS OF ANOTHER ORGANISM%GOBP%GO:0035821	MODULATION OF PROCESS OF ANOTHER ORGANISM%GOBP%GO:0035821		99	0.26069912	0.86322325	0.72887325	1.0	1.0	6326	tags=29%, list=26%, signal=39%	
PID_TNF_PATHWAY%MSIGDB_C2%PID_TNF_PATHWAY	PID_TNF_PATHWAY%MSIGDB_C2%PID_TNF_PATHWAY		38	0.3000312	0.86305344	0.70946825	1.0	1.0	5281	tags=24%, list=22%, signal=30%	
NEGATIVE REGULATION OF CELL DEVELOPMENT%GOBP%GO:0010721	NEGATIVE REGULATION OF CELL DEVELOPMENT%GOBP%GO:0010721		172	0.2427026	0.8630066	0.779476	1.0	1.0	6295	tags=29%, list=26%, signal=39%	
NEGATIVE REGULATION OF INTRACELLULAR TRANSPORT%GOBP%GO:0032387	NEGATIVE REGULATION OF INTRACELLULAR TRANSPORT%GOBP%GO:0032387		45	0.29223046	0.8627958	0.689433	1.0	1.0	6635	tags=31%, list=27%, signal=43%	
DIGESTION%REACTOME DATABASE ID RELEASE 95%8935690	DIGESTION%REACTOME DATABASE ID RELEASE 95%8935690		22	0.33431447	0.86268014	0.674581	1.0	1.0	7834	tags=45%, list=32%, signal=67%	
HIPPO SIGNALING REGULATION%WIKIPATHWAYS_20260211%WP4540%HOMO SAPIENS	HIPPO SIGNALING REGULATION%WIKIPATHWAYS_20260211%WP4540%HOMO SAPIENS		75	0.26949924	0.8626685	0.7108722	1.0	1.0	8607	tags=40%, list=35%, signal=61%	
CELLULAR RESPONSE TO OXIDATIVE STRESS%GOBP%GO:0034599	CELLULAR RESPONSE TO OXIDATIVE STRESS%GOBP%GO:0034599		166	0.24509074	0.86261344	0.7803532	1.0	1.0	6515	tags=28%, list=27%, signal=37%	
DISEASES OF CARBOHYDRATE METABOLISM%REACTOME%R-HSA-5663084.5	DISEASES OF CARBOHYDRATE METABOLISM%REACTOME%R-HSA-5663084.5		34	0.30038324	0.8626122	0.6864295	1.0	1.0	5262	tags=32%, list=21%, signal=41%	
CHOLESTEROL EFFLUX%GOBP%GO:0033344	CHOLESTEROL EFFLUX%GOBP%GO:0033344		24	0.32958552	0.8625663	0.6747503	1.0	1.0	8580	tags=58%, list=35%, signal=90%	
EICOSANOID METABOLISM VIA LIPOOXYGENASES LOX %WIKIPATHWAYS_20260211%WP4721%HOMO SAPIENS	EICOSANOID METABOLISM VIA LIPOOXYGENASES LOX %WIKIPATHWAYS_20260211%WP4721%HOMO SAPIENS		18	0.34304017	0.8625186	0.66151685	1.0	1.0	9208	tags=56%, list=38%, signal=89%	
POSITIVE REGULATION OF VACUOLE ORGANIZATION%GOBP%GO:0044090	POSITIVE REGULATION OF VACUOLE ORGANIZATION%GOBP%GO:0044090		24	0.3232617	0.8622166	0.69413406	1.0	1.0	3723	tags=25%, list=15%, signal=29%	
REGULATION OF POLYSACCHARIDE BIOSYNTHETIC PROCESS%GOBP%GO:0032885	REGULATION OF POLYSACCHARIDE BIOSYNTHETIC PROCESS%GOBP%GO:0032885		32	0.30967566	0.86162436	0.67185473	1.0	1.0	6255	tags=31%, list=26%, signal=42%	
ESTABLISHMENT OF CELL POLARITY%GOBP%GO:0030010	ESTABLISHMENT OF CELL POLARITY%GOBP%GO:0030010		94	0.25837114	0.8616218	0.7340425	1.0	1.0	8463	tags=41%, list=35%, signal=63%	
AXONAL TRANSPORT OF MITOCHONDRION%GOBP%GO:0019896	AXONAL TRANSPORT OF MITOCHONDRION%GOBP%GO:0019896		15	0.35789907	0.8614859	0.6757143	1.0	1.0	3288	tags=27%, list=13%, signal=31%	
NEGATIVE REGULATION OF EPITHELIAL CELL DIFFERENTIATION%GOBP%GO:0030857	NEGATIVE REGULATION OF EPITHELIAL CELL DIFFERENTIATION%GOBP%GO:0030857		27	0.31992364	0.8614223	0.6967655	1.0	1.0	1222	tags=11%, list=5%, signal=12%	
POSITIVE REGULATION OF PROTEIN POLYMERIZATION%GOBP%GO:0032273	POSITIVE REGULATION OF PROTEIN POLYMERIZATION%GOBP%GO:0032273		77	0.267455	0.86122507	0.7463768	1.0	1.0	7694	tags=31%, list=31%, signal=45%	
TISSUE REGENERATION%GOBP%GO:0042246	TISSUE REGENERATION%GOBP%GO:0042246		27	0.31965828	0.860969	0.69038206	1.0	1.0	9708	tags=56%, list=40%, signal=92%	
TRANSPORT OF THE SLBP INDEPENDENT MATURE MRNA%REACTOME DATABASE ID RELEASE 95%159227	TRANSPORT OF THE SLBP INDEPENDENT MATURE MRNA%REACTOME DATABASE ID RELEASE 95%159227		32	0.31251863	0.8608339	0.69655174	1.0	1.0	6347	tags=31%, list=26%, signal=42%	
REGULATION OF EPITHELIAL TO MESENCHYMAL TRANSITION%GOBP%GO:0010717	REGULATION OF EPITHELIAL TO MESENCHYMAL TRANSITION%GOBP%GO:0010717		92	0.26119667	0.8608293	0.7382953	1.0	1.0	6526	tags=29%, list=27%, signal=40%	
DEATH RECEPTOR SIGNALING%REACTOME DATABASE ID RELEASE 95%73887	DEATH RECEPTOR SIGNALING%REACTOME DATABASE ID RELEASE 95%73887		153	0.24874267	0.86081105	0.7827511	1.0	1.0	5281	tags=25%, list=22%, signal=31%	
TP53 REGULATES TRANSCRIPTION OF CELL DEATH GENES%REACTOME DATABASE ID RELEASE 95%5633008	TP53 REGULATES TRANSCRIPTION OF CELL DEATH GENES%REACTOME DATABASE ID RELEASE 95%5633008		44	0.28894228	0.86078197	0.7025641	1.0	1.0	5596	tags=27%, list=23%, signal=35%	
INTERLEUKIN-1-MEDIATED SIGNALING PATHWAY%GOBP%GO:0070498	INTERLEUKIN-1-MEDIATED SIGNALING PATHWAY%GOBP%GO:0070498		22	0.33127987	0.8606163	0.6522346	1.0	1.0	3634	tags=23%, list=15%, signal=27%	
CELL LINEAGE MAP FOR NEURONAL DIFFERENTIATION%WIKIPATHWAYS_20260211%WP5417%HOMO SAPIENS	CELL LINEAGE MAP FOR NEURONAL DIFFERENTIATION%WIKIPATHWAYS_20260211%WP5417%HOMO SAPIENS		112	0.25509086	0.8605969	0.75261325	1.0	1.0	7278	tags=38%, list=30%, signal=53%	
TRANSCRIPTIONAL REGULATION OF WHITE ADIPOCYTE DIFFERENTIATION%REACTOME%R-HSA-381340.5	TRANSCRIPTIONAL REGULATION OF WHITE ADIPOCYTE DIFFERENTIATION%REACTOME%R-HSA-381340.5		83	0.26648518	0.86056274	0.7305389	1.0	1.0	8714	tags=37%, list=36%, signal=58%	
HOST-MEDIATED SUPPRESSION OF VIRAL PROCES%GOBP%GO:0044793	HOST-MEDIATED SUPPRESSION OF VIRAL PROCES%GOBP%GO:0044793		15	0.36403692	0.8605542	0.6632047	1.0	1.0	5186	tags=47%, list=21%, signal=59%	
POST-TRANSLATIONAL MODIFICATION: SYNTHESIS OF GPI-ANCHORED PROTEINS%REACTOME DATABASE ID RELEASE 95%163125	POST-TRANSLATIONAL MODIFICATION: SYNTHESIS OF GPI-ANCHORED PROTEINS%REACTOME DATABASE ID RELEASE 95%163125		92	0.26146394	0.8605125	0.7508982	1.0	1.0	5745	tags=27%, list=23%, signal=35%	
REGULATION OF EPIDERMIS DEVELOPMENT%GOBP%GO:0045682	REGULATION OF EPIDERMIS DEVELOPMENT%GOBP%GO:0045682		44	0.28976378	0.8605109	0.7064102	1.0	1.0	4360	tags=18%, list=18%, signal=22%	
REGULATION OF RHOA ACTIVITY%PATHWAY INTERACTION DATABASE NCI-NATURE CURATED DATA%REGULATION OF RHOA ACTIVITY	REGULATION OF RHOA ACTIVITY%PATHWAY INTERACTION DATABASE NCI-NATURE CURATED DATA%REGULATION OF RHOA ACTIVITY		46	0.2877973	0.86047983	0.68709254	1.0	1.0	6484	tags=26%, list=26%, signal=35%	
PID_PDGFRA_PATHWAY%MSIGDB_C2%PID_PDGFRA_PATHWAY	PID_PDGFRA_PATHWAY%MSIGDB_C2%PID_PDGFRA_PATHWAY		19	0.34163648	0.86030525	0.6738506	1.0	1.0	5555	tags=32%, list=23%, signal=41%	
RHOV GTPASE CYCLE%REACTOME DATABASE ID RELEASE 95%9013424	RHOV GTPASE CYCLE%REACTOME DATABASE ID RELEASE 95%9013424		37	0.29945263	0.8600351	0.6957638	1.0	1.0	7639	tags=35%, list=31%, signal=51%	
FOXA2 PATHWAY%WIKIPATHWAYS_20260211%WP5066%HOMO SAPIENS	FOXA2 PATHWAY%WIKIPATHWAYS_20260211%WP5066%HOMO SAPIENS		16	0.35483885	0.85986334	0.6666667	1.0	1.0	7944	tags=44%, list=32%, signal=65%	
SIGNALING BY PHOSPHORYLATED JUXTAMEMBRANE, EXTRACELLULAR AND KINASE DOMAIN KIT MUTANTS%REACTOME%R-HSA-9670439.2	SIGNALING BY PHOSPHORYLATED JUXTAMEMBRANE, EXTRACELLULAR AND KINASE DOMAIN KIT MUTANTS%REACTOME%R-HSA-9670439.2		17	0.35713124	0.8592069	0.6912851	1.0	1.0	9455	tags=47%, list=39%, signal=77%	
MITOCHONDRIAL DNA DEPLETION SYNDROME-3%SMPDB%SMP0000536	MITOCHONDRIAL DNA DEPLETION SYNDROME-3%SMPDB%SMP0000536		37	0.29598024	0.8590754	0.677763	1.0	1.0	3591	tags=22%, list=15%, signal=25%	
NUCLEOSIDE TRIPHOSPHATE METABOLIC PROCESS%GOBP%GO:0009141	NUCLEOSIDE TRIPHOSPHATE METABOLIC PROCESS%GOBP%GO:0009141		160	0.24472465	0.85891706	0.79955703	1.0	1.0	6063	tags=21%, list=25%, signal=28%	
CARDIAC MUSCLE CELL CONTRACTION%GOBP%GO:0086003	CARDIAC MUSCLE CELL CONTRACTION%GOBP%GO:0086003		48	0.28534687	0.8588335	0.74116164	1.0	1.0	2021	tags=13%, list=8%, signal=14%	
VESICLE TRANSPORT ALONG MICROTUBULE%GOBP%GO:0047496	VESICLE TRANSPORT ALONG MICROTUBULE%GOBP%GO:0047496		41	0.2942192	0.8587335	0.69015956	1.0	1.0	6139	tags=29%, list=25%, signal=39%	
GABA-B_RECEPTOR_II_SIGNALING%PANTHER PATHWAY%P05731	GABA-B_RECEPTOR_II_SIGNALING%PANTHER PATHWAY%P05731		35	0.3034419	0.8586641	0.6809079	1.0	1.0	10226	tags=51%, list=42%, signal=88%	
TP53 REGULATES METABOLIC GENES%REACTOME%R-HSA-5628897.6	TP53 REGULATES METABOLIC GENES%REACTOME%R-HSA-5628897.6		77	0.26473048	0.85853624	0.7355769	1.0	1.0	5027	tags=21%, list=21%, signal=26%	
NICOTINAMIDE NUCLEOTIDE METABOLIC PROCESS%GOBP%GO:0046496	NICOTINAMIDE NUCLEOTIDE METABOLIC PROCESS%GOBP%GO:0046496		90	0.26198244	0.8584113	0.7454765	1.0	1.0	8789	tags=42%, list=36%, signal=66%	
XANTHINURIA TYPE II%PATHWHIZ%PW000489	XANTHINURIA TYPE II%PATHWHIZ%PW000489		37	0.29598024	0.85839605	0.6873351	1.0	1.0	3591	tags=22%, list=15%, signal=25%	
VESICLE DOCKING INVOLVED IN EXOCYTOSIS%GOBP%GO:0006904	VESICLE DOCKING INVOLVED IN EXOCYTOSIS%GOBP%GO:0006904		34	0.30571458	0.858364	0.6833773	1.0	1.0	4051	tags=21%, list=17%, signal=25%	
NEGATIVE REGULATION OF RECEPTOR-MEDIATED ENDOCYTOSIS%GOBP%GO:0048261	NEGATIVE REGULATION OF RECEPTOR-MEDIATED ENDOCYTOSIS%GOBP%GO:0048261		25	0.31948492	0.85811305	0.6847826	1.0	1.0	10030	tags=52%, list=41%, signal=88%	
HALLMARK_PROTEIN_SECRETION%MSIGDBHALLMARK%HALLMARK_PROTEIN_SECRETION	HALLMARK_PROTEIN_SECRETION%MSIGDBHALLMARK%HALLMARK_PROTEIN_SECRETION		83	0.26117426	0.85795224	0.7322075	1.0	1.0	4598	tags=23%, list=19%, signal=28%	
CRANIAL NERVE DEVELOPMENT%GOBP%GO:0021545	CRANIAL NERVE DEVELOPMENT%GOBP%GO:0021545		28	0.31409448	0.8576279	0.7065527	1.0	1.0	2859	tags=11%, list=12%, signal=12%	
POSITIVE REGULATION OF MITOTIC CELL CYCLE SPINDLE ASSEMBLY CHECKPOINT%GOBP%GO:0090267	POSITIVE REGULATION OF MITOTIC CELL CYCLE SPINDLE ASSEMBLY CHECKPOINT%GOBP%GO:0090267		20	0.3337251	0.85742736	0.6666667	1.0	1.0	4602	tags=30%, list=19%, signal=37%	
ERBB SIGNALING%WIKIPATHWAYS_20260211%WP673%HOMO SAPIENS	ERBB SIGNALING%WIKIPATHWAYS_20260211%WP673%HOMO SAPIENS		73	0.26639748	0.85718066	0.73923445	1.0	1.0	10478	tags=51%, list=43%, signal=88%	
BASE-EXCISION REPAIR, AP SITE FORMATION%REACTOME DATABASE ID RELEASE 95%73929	BASE-EXCISION REPAIR, AP SITE FORMATION%REACTOME DATABASE ID RELEASE 95%73929		40	0.2935568	0.8570483	0.7024456	1.0	1.0	2622	tags=15%, list=11%, signal=17%	
STRESS RESPONSE TO COPPER ION%GOBP%GO:1990169	STRESS RESPONSE TO COPPER ION%GOBP%GO:1990169		15	0.36022532	0.8570444	0.67832166	1.0	1.0	8493	tags=67%, list=35%, signal=102%	
PURINE RIBONUCLEOSIDE TRIPHOSPHATE METABOLIC PROCESS%GOBP%GO:0009205	PURINE RIBONUCLEOSIDE TRIPHOSPHATE METABOLIC PROCESS%GOBP%GO:0009205		142	0.24817276	0.8569259	0.7908788	1.0	1.0	6063	tags=21%, list=25%, signal=28%	
ONCOGENIC MAPK SIGNALING%REACTOME%R-HSA-6802957.9	ONCOGENIC MAPK SIGNALING%REACTOME%R-HSA-6802957.9		80	0.26477143	0.8569173	0.7444052	1.0	1.0	3927	tags=18%, list=16%, signal=21%	
HALLMARK_SPERMATOGENESIS%MSIGDBHALLMARK%HALLMARK_SPERMATOGENESIS	HALLMARK_SPERMATOGENESIS%MSIGDBHALLMARK%HALLMARK_SPERMATOGENESIS		99	0.2578052	0.8569024	0.7430233	1.0	1.0	5900	tags=22%, list=24%, signal=29%	
MEIOSIS%REACTOME%R-HSA-1500620.4	MEIOSIS%REACTOME%R-HSA-1500620.4		86	0.26330954	0.8568266	0.72858864	1.0	1.0	6020	tags=27%, list=25%, signal=35%	
IMATINIB INHIBITION OF BCR-ABL%SMPDB%SMP0031694	IMATINIB INHIBITION OF BCR-ABL%SMPDB%SMP0031694		20	0.33779335	0.856808	0.6775568	1.0	1.0	10759	tags=60%, list=44%, signal=107%	
ENERGY DEPENDENT REGULATION OF MTOR BY LKB1-AMPK%REACTOME%R-HSA-380972.4	ENERGY DEPENDENT REGULATION OF MTOR BY LKB1-AMPK%REACTOME%R-HSA-380972.4		29	0.31303734	0.8567808	0.66223407	1.0	1.0	2232	tags=14%, list=9%, signal=15%	
NOD1 2 SIGNALING PATHWAY%REACTOME%R-HSA-168638.5	NOD1 2 SIGNALING PATHWAY%REACTOME%R-HSA-168638.5		32	0.3038294	0.8567655	0.7039031	1.0	1.0	3634	tags=22%, list=15%, signal=26%	
REGULATION OF LYMPHOCYTE PROLIFERATION%GOBP%GO:0050670	REGULATION OF LYMPHOCYTE PROLIFERATION%GOBP%GO:0050670		167	0.2434977	0.8565803	0.8108696	1.0	1.0	7711	tags=33%, list=31%, signal=48%	
DISEASES OF MITOTIC CELL CYCLE%REACTOME%R-HSA-9675126.4	DISEASES OF MITOTIC CELL CYCLE%REACTOME%R-HSA-9675126.4		38	0.29343984	0.8565026	0.70701516	1.0	1.0	2989	tags=16%, list=12%, signal=18%	
CYTOSKELETON-DEPENDENT CYTOKINESIS%GOBP%GO:0061640	CYTOSKELETON-DEPENDENT CYTOKINESIS%GOBP%GO:0061640		107	0.254667	0.85639286	0.7814336	1.0	1.0	7847	tags=32%, list=32%, signal=47%	
SYNAPTIC VESICLE TRANSPORT%GOBP%GO:0048489	SYNAPTIC VESICLE TRANSPORT%GOBP%GO:0048489		38	0.29491234	0.8560953	0.7099863	1.0	1.0	5048	tags=26%, list=21%, signal=33%	
POSITIVE REGULATION OF EPITHELIAL CELL DIFFERENTIATION%GOBP%GO:0030858	POSITIVE REGULATION OF EPITHELIAL CELL DIFFERENTIATION%GOBP%GO:0030858		49	0.28347087	0.85608625	0.72418135	1.0	1.0	4171	tags=20%, list=17%, signal=25%	
BARD1 SIGNALING EVENTS%PATHWAY INTERACTION DATABASE NCI-NATURE CURATED DATA%BARD1 SIGNALING EVENTS	BARD1 SIGNALING EVENTS%PATHWAY INTERACTION DATABASE NCI-NATURE CURATED DATA%BARD1 SIGNALING EVENTS		28	0.31444472	0.85607976	0.7030387	1.0	1.0	6450	tags=36%, list=26%, signal=48%	
LYSOSOME LOCALIZATION%GOBP%GO:0032418	LYSOSOME LOCALIZATION%GOBP%GO:0032418		48	0.28458393	0.85597956	0.7153748	1.0	1.0	5242	tags=25%, list=21%, signal=32%	
LESCH-NYHAN SYNDROME (LNS)%SMPDB%SMP0000364	LESCH-NYHAN SYNDROME (LNS)%SMPDB%SMP0000364		37	0.29598024	0.85596365	0.70365536	1.0	1.0	3591	tags=22%, list=15%, signal=25%	
BIOCARTA_IL2_PATHWAY%MSIGDB_C2%BIOCARTA_IL2_PATHWAY	BIOCARTA_IL2_PATHWAY%MSIGDB_C2%BIOCARTA_IL2_PATHWAY		20	0.3426298	0.85578924	0.6623563	1.0	1.0	6517	tags=45%, list=27%, signal=61%	
ADENOSINE DEAMINASE DEFICIENCY%PATHWHIZ%PW000075	ADENOSINE DEAMINASE DEFICIENCY%PATHWHIZ%PW000075		37	0.29598024	0.8556237	0.69376695	1.0	1.0	3591	tags=22%, list=15%, signal=25%	
IL5 SIGNALING%WIKIPATHWAYS_20260211%WP127%HOMO SAPIENS	IL5 SIGNALING%WIKIPATHWAYS_20260211%WP127%HOMO SAPIENS		30	0.3134671	0.8555074	0.6896552	1.0	1.0	3354	tags=23%, list=14%, signal=27%	
MAPK CASCADE%WIKIPATHWAYS_20260211%WP422%HOMO SAPIENS	MAPK CASCADE%WIKIPATHWAYS_20260211%WP422%HOMO SAPIENS		30	0.31155652	0.8554327	0.68650794	1.0	1.0	6517	tags=37%, list=27%, signal=50%	
RESPONSE TO GLUCAGON%GOBP%GO:0033762	RESPONSE TO GLUCAGON%GOBP%GO:0033762		16	0.35406896	0.85532534	0.66715974	1.0	1.0	10914	tags=63%, list=45%, signal=113%	
BIOCARTA_DEATH_PATHWAY%MSIGDB_C2%BIOCARTA_DEATH_PATHWAY	BIOCARTA_DEATH_PATHWAY%MSIGDB_C2%BIOCARTA_DEATH_PATHWAY		25	0.3202141	0.8553083	0.67238915	1.0	1.0	5076	tags=20%, list=21%, signal=25%	
KIDNEY FUNCTION- PROXIMAL CONVOLUTED TUBULE%SMPDB%SMP0121001	KIDNEY FUNCTION- PROXIMAL CONVOLUTED TUBULE%SMPDB%SMP0121001		16	0.35332826	0.8552933	0.6818182	1.0	1.0	7470	tags=56%, list=30%, signal=81%	
MACROPHAGE DIFFERENTIATION%GOBP%GO:0030225	MACROPHAGE DIFFERENTIATION%GOBP%GO:0030225		29	0.3136329	0.8552827	0.7034575	1.0	1.0	3481	tags=21%, list=14%, signal=24%	
KIDNEY MORPHOGENESIS%GOBP%GO:0060993	KIDNEY MORPHOGENESIS%GOBP%GO:0060993		40	0.29694676	0.85524535	0.7067183	1.0	1.0	6257	tags=28%, list=26%, signal=37%	
BIOCARTA_RAS_PATHWAY%MSIGDB_C2%BIOCARTA_RAS_PATHWAY	BIOCARTA_RAS_PATHWAY%MSIGDB_C2%BIOCARTA_RAS_PATHWAY		16	0.34833807	0.85507506	0.6433878	1.0	1.0	7216	tags=31%, list=29%, signal=44%	
HEART VALVE DEVELOPMENT%GOBP%GO:0003170	HEART VALVE DEVELOPMENT%GOBP%GO:0003170		67	0.2702997	0.8549163	0.7432099	1.0	1.0	6199	tags=28%, list=25%, signal=38%	
NEGATIVE REGULATION OF CDH1 GENE TRANSCRIPTION%REACTOME%R-HSA-9764725.1	NEGATIVE REGULATION OF CDH1 GENE TRANSCRIPTION%REACTOME%R-HSA-9764725.1		61	0.2760217	0.8547919	0.71144277	1.0	1.0	6517	tags=33%, list=27%, signal=45%	
ANTIGEN PROCESSING AND PRESENTATION OF EXOGENOUS PEPTIDE ANTIGEN VIA MHC CLASS II%GOBP%GO:0019886	ANTIGEN PROCESSING AND PRESENTATION OF EXOGENOUS PEPTIDE ANTIGEN VIA MHC CLASS II%GOBP%GO:0019886		25	0.31533813	0.8547524	0.66573036	1.0	1.0	8164	tags=52%, list=33%, signal=78%	
POSITIVE REGULATION OF DNA BIOSYNTHETIC PROCESS%GOBP%GO:2000573	POSITIVE REGULATION OF DNA BIOSYNTHETIC PROCESS%GOBP%GO:2000573		39	0.2978207	0.8546235	0.7273954	1.0	1.0	4340	tags=23%, list=18%, signal=28%	
POSITIVE REGULATION OF SIGNAL TRANSDUCTION BY P53 CLASS MEDIATOR%GOBP%GO:1901798	POSITIVE REGULATION OF SIGNAL TRANSDUCTION BY P53 CLASS MEDIATOR%GOBP%GO:1901798		32	0.30776435	0.85457546	0.6792717	1.0	1.0	6257	tags=31%, list=26%, signal=42%	
REGULATION OF ANTIGEN PROCESSING AND PRESENTATION%GOBP%GO:0002577	REGULATION OF ANTIGEN PROCESSING AND PRESENTATION%GOBP%GO:0002577		21	0.33826035	0.85445446	0.70027626	1.0	1.0	8470	tags=52%, list=35%, signal=80%	
T CELL MEDIATED IMMUNITY%GOBP%GO:0002456	T CELL MEDIATED IMMUNITY%GOBP%GO:0002456		20	0.33651742	0.8543346	0.66903406	1.0	1.0	8921	tags=50%, list=36%, signal=79%	
PNAT%PANTHER PATHWAY%P05912	PNAT%PANTHER PATHWAY%P05912		45	0.2891989	0.8543067	0.71690696	1.0	1.0	4981	tags=24%, list=20%, signal=31%	
METABOLIC COMPOUND SALVAGE%GOBP%GO:0043094	METABOLIC COMPOUND SALVAGE%GOBP%GO:0043094		31	0.3044315	0.85429144	0.7004161	1.0	1.0	6762	tags=39%, list=28%, signal=53%	
VACUOLAR LOCALIZATION%GOBP%GO:1990849	VACUOLAR LOCALIZATION%GOBP%GO:1990849		49	0.27902982	0.854235	0.72541505	1.0	1.0	7935	tags=39%, list=32%, signal=57%	
POSITIVE T CELL SELECTION%GOBP%GO:0043368	POSITIVE T CELL SELECTION%GOBP%GO:0043368		22	0.32368204	0.8541995	0.68836564	1.0	1.0	7593	tags=41%, list=31%, signal=59%	
REGULATION OF GLIOGENESIS%GOBP%GO:0014013	REGULATION OF GLIOGENESIS%GOBP%GO:0014013		44	0.28829306	0.85412794	0.70314467	1.0	1.0	6295	tags=30%, list=26%, signal=40%	
EMBRYONIC EPITHELIAL TUBE FORMATION%GOBP%GO:0001838	EMBRYONIC EPITHELIAL TUBE FORMATION%GOBP%GO:0001838		40	0.29698804	0.854095	0.68774706	1.0	1.0	4294	tags=20%, list=18%, signal=24%	
TELOMERE MAINTENANCE%GOBP%GO:0000723	TELOMERE MAINTENANCE%GOBP%GO:0000723		80	0.2669123	0.8537497	0.7409714	1.0	1.0	2034	tags=11%, list=8%, signal=12%	
PROXIMAL TUBULE TRANSPORT%WIKIPATHWAYS_20260211%WP4917%HOMO SAPIENS	PROXIMAL TUBULE TRANSPORT%WIKIPATHWAYS_20260211%WP4917%HOMO SAPIENS		46	0.2841275	0.8537039	0.7031847	1.0	1.0	7517	tags=46%, list=31%, signal=66%	
D-<I>MYO< I>-INOSITOL (1,4,5)-TRISPHOSPHATE BIOSYNTHESIS%BIOCYC%PWY-6351	D-<I>MYO< I>-INOSITOL (1,4,5)-TRISPHOSPHATE BIOSYNTHESIS%BIOCYC%PWY-6351		25	0.31942236	0.8536782	0.6935933	1.0	1.0	4357	tags=24%, list=18%, signal=29%	
ADENINE PHOSPHORIBOSYLTRANSFERASE DEFICIENCY (APRT)%PATHWHIZ%PW000511	ADENINE PHOSPHORIBOSYLTRANSFERASE DEFICIENCY (APRT)%PATHWHIZ%PW000511		37	0.29598024	0.85359126	0.71524966	1.0	1.0	3591	tags=22%, list=15%, signal=25%	
CELLULAR RESPONSE TO ACIDIC PH%GOBP%GO:0071468	CELLULAR RESPONSE TO ACIDIC PH%GOBP%GO:0071468		18	0.34674937	0.853384	0.66019416	1.0	1.0	7604	tags=56%, list=31%, signal=81%	
AICA-RIBOSIDURIA%PATHWHIZ%PW000082	AICA-RIBOSIDURIA%PATHWHIZ%PW000082		37	0.29598024	0.8533366	0.71705425	1.0	1.0	3591	tags=22%, list=15%, signal=25%	
REGULATION OF EXTRACELLULAR MATRIX DISASSEMBLY%GOBP%GO:0010715	REGULATION OF EXTRACELLULAR MATRIX DISASSEMBLY%GOBP%GO:0010715		18	0.3468943	0.8530762	0.6696165	1.0	1.0	9871	tags=67%, list=40%, signal=112%	
FOREBRAIN DEVELOPMENT%GOBP%GO:0030900	FOREBRAIN DEVELOPMENT%GOBP%GO:0030900		160	0.24576376	0.8529004	0.7929515	1.0	1.0	8180	tags=38%, list=33%, signal=57%	
NEGATIVE REGULATION OF LEUKOCYTE CELL-CELL ADHESION%GOBP%GO:1903038	NEGATIVE REGULATION OF LEUKOCYTE CELL-CELL ADHESION%GOBP%GO:1903038		124	0.25108302	0.8528377	0.7948431	1.0	1.0	5821	tags=24%, list=24%, signal=32%	
APOPTOSIS SIGNALING PATHWAY%PANTHER PATHWAY%P00006	APOPTOSIS SIGNALING PATHWAY%PANTHER PATHWAY%P00006		92	0.25585598	0.8527448	0.757109	1.0	1.0	6517	tags=30%, list=27%, signal=41%	
PURINE METABOLISM%PATHWHIZ%PW000052	PURINE METABOLISM%PATHWHIZ%PW000052		37	0.29598024	0.8526673	0.7019608	1.0	1.0	3591	tags=22%, list=15%, signal=25%	
TNF ALPHA SIGNALING%WIKIPATHWAYS_20260211%WP231%HOMO SAPIENS	TNF ALPHA SIGNALING%WIKIPATHWAYS_20260211%WP231%HOMO SAPIENS		74	0.26740035	0.8525953	0.7629988	1.0	1.0	4634	tags=22%, list=19%, signal=27%	
REGULATION OF RESPONSE TO WOUNDING%GOBP%GO:1903034	REGULATION OF RESPONSE TO WOUNDING%GOBP%GO:1903034		132	0.2477182	0.85216975	0.77790177	1.0	1.0	7997	tags=37%, list=33%, signal=55%	
GLUCOSE HOMEOSTASIS%GOBP%GO:0042593	GLUCOSE HOMEOSTASIS%GOBP%GO:0042593		131	0.25065008	0.8519112	0.7732884	1.0	1.0	8771	tags=39%, list=36%, signal=60%	
VASCULAR ENDOTHELIAL GROWTH FACTOR SIGNALING PATHWAY%GOBP%GO:0038084	VASCULAR ENDOTHELIAL GROWTH FACTOR SIGNALING PATHWAY%GOBP%GO:0038084		18	0.3494237	0.85167146	0.6926407	1.0	1.0	867	tags=11%, list=4%, signal=12%	
REGULATION OF OSSIFICATION%GOBP%GO:0030278	REGULATION OF OSSIFICATION%GOBP%GO:0030278		88	0.25848943	0.8516266	0.7606838	1.0	1.0	5001	tags=25%, list=20%, signal=31%	
RESOLUTION OF D-LOOP STRUCTURES THROUGH SYNTHESIS-DEPENDENT STRAND ANNEALING (SDSA)%REACTOME%R-HSA-5693554.3	RESOLUTION OF D-LOOP STRUCTURES THROUGH SYNTHESIS-DEPENDENT STRAND ANNEALING (SDSA)%REACTOME%R-HSA-5693554.3		27	0.31573606	0.8513413	0.69541776	1.0	1.0	3455	tags=22%, list=14%, signal=26%	
XANTHINE DEHYDROGENASE DEFICIENCY (XANTHINURIA)%SMPDB%SMP0000220	XANTHINE DEHYDROGENASE DEFICIENCY (XANTHINURIA)%SMPDB%SMP0000220		37	0.29598024	0.8513195	0.7175368	1.0	1.0	3591	tags=22%, list=15%, signal=25%	
PHOSPHODIESTERASES IN NEURONAL FUNCTION%WIKIPATHWAYS_20260211%WP4222%HOMO SAPIENS	PHOSPHODIESTERASES IN NEURONAL FUNCTION%WIKIPATHWAYS_20260211%WP4222%HOMO SAPIENS		39	0.29376146	0.8511429	0.72477067	1.0	1.0	7423	tags=33%, list=30%, signal=48%	
HDAC6 INTERACTIONS IN THE CENTRAL NERVOUS SYSTEM%WIKIPATHWAYS_20260211%WP5426%HOMO SAPIENS	HDAC6 INTERACTIONS IN THE CENTRAL NERVOUS SYSTEM%WIKIPATHWAYS_20260211%WP5426%HOMO SAPIENS		79	0.2626201	0.85084665	0.77288944	1.0	1.0	4259	tags=23%, list=17%, signal=27%	
REGULATION OF POTASSIUM ION TRANSPORT%GOBP%GO:0043266	REGULATION OF POTASSIUM ION TRANSPORT%GOBP%GO:0043266		58	0.27142826	0.8508004	0.7276215	1.0	1.0	6720	tags=33%, list=27%, signal=45%	
POSITIVE REGULATION OF EPITHELIAL CELL MIGRATION%GOBP%GO:0010634	POSITIVE REGULATION OF EPITHELIAL CELL MIGRATION%GOBP%GO:0010634		37	0.29644042	0.850513	0.72440946	1.0	1.0	8013	tags=38%, list=33%, signal=56%	
DNA DAMAGE BYPASS%REACTOME DATABASE ID RELEASE 95%73893	DNA DAMAGE BYPASS%REACTOME DATABASE ID RELEASE 95%73893		46	0.28713724	0.85031235	0.7431551	1.0	1.0	2801	tags=13%, list=11%, signal=15%	
EPIDERMIS DEVELOPMENT%GOBP%GO:0008544	EPIDERMIS DEVELOPMENT%GOBP%GO:0008544		191	0.2420631	0.85001355	0.80890334	1.0	1.0	6543	tags=26%, list=27%, signal=35%	
RESPONSE TO ESTROGEN%GOBP%GO:0043627	RESPONSE TO ESTROGEN%GOBP%GO:0043627		34	0.30290297	0.849636	0.70509386	1.0	1.0	3533	tags=21%, list=14%, signal=24%	
NUCLEAR ENVELOPE (NE) REASSEMBLY%REACTOME DATABASE ID RELEASE 95%2995410	NUCLEAR ENVELOPE (NE) REASSEMBLY%REACTOME DATABASE ID RELEASE 95%2995410		70	0.26692158	0.8496197	0.7402135	1.0	1.0	4346	tags=19%, list=18%, signal=23%	
TRAF3-DEPENDENT IRF ACTIVATION PATHWAY%REACTOME%R-HSA-918233.4	TRAF3-DEPENDENT IRF ACTIVATION PATHWAY%REACTOME%R-HSA-918233.4		15	0.35811344	0.84955657	0.68188304	1.0	1.0	8597	tags=47%, list=35%, signal=72%	
HUNTINGTON DISEASE%PANTHER PATHWAY%P00029	HUNTINGTON DISEASE%PANTHER PATHWAY%P00029		98	0.25655416	0.8495287	0.76859504	1.0	1.0	3015	tags=14%, list=12%, signal=16%	
REGULATION OF VACUOLE ORGANIZATION%GOBP%GO:0044088	REGULATION OF VACUOLE ORGANIZATION%GOBP%GO:0044088		53	0.27953938	0.8494709	0.7363861	1.0	1.0	4347	tags=19%, list=18%, signal=23%	
RESPONSE TO TUMOR NECROSIS FACTOR%GOBP%GO:0034612	RESPONSE TO TUMOR NECROSIS FACTOR%GOBP%GO:0034612		110	0.249625	0.84940714	0.78341013	1.0	1.0	5401	tags=23%, list=22%, signal=29%	
DNA DOUBLE-STRAND BREAK PROCESSING%GOBP%GO:0000729	DNA DOUBLE-STRAND BREAK PROCESSING%GOBP%GO:0000729		18	0.3499597	0.8492002	0.70086706	1.0	1.0	645	tags=11%, list=3%, signal=11%	
POSITIVE REGULATION OF RESPONSE TO TUMOR CELL%GOBP%GO:0002836	POSITIVE REGULATION OF RESPONSE TO TUMOR CELL%GOBP%GO:0002836		16	0.34761375	0.84900206	0.66034985	1.0	1.0	7737	tags=38%, list=32%, signal=55%	
REGULATION OF SPINDLE ASSEMBLY%GOBP%GO:0090169	REGULATION OF SPINDLE ASSEMBLY%GOBP%GO:0090169		31	0.31014472	0.8489615	0.6945946	1.0	1.0	1505	tags=10%, list=6%, signal=10%	
POSITIVE REGULATION OF LYASE ACTIVITY%GOBP%GO:0051349	POSITIVE REGULATION OF LYASE ACTIVITY%GOBP%GO:0051349		20	0.332436	0.8489414	0.6827881	1.0	1.0	5654	tags=30%, list=23%, signal=39%	
NON-CANONICAL WNT SIGNALING PATHWAY%GOBP%GO:0035567	NON-CANONICAL WNT SIGNALING PATHWAY%GOBP%GO:0035567		46	0.2820486	0.84869856	0.7235984	1.0	1.0	1857	tags=13%, list=8%, signal=14%	
CELLULAR RESPONSE TO INTERLEUKIN-6%GOBP%GO:0071354	CELLULAR RESPONSE TO INTERLEUKIN-6%GOBP%GO:0071354		24	0.32216972	0.84850967	0.6838341	1.0	1.0	7677	tags=38%, list=31%, signal=55%	
SYNAPSE ASSEMBLY%GOBP%GO:0007416	SYNAPSE ASSEMBLY%GOBP%GO:0007416		102	0.2565343	0.84842795	0.7771226	1.0	1.0	8049	tags=31%, list=33%, signal=47%	
POSITIVE REGULATION OF ADENYLATE CYCLASE ACTIVITY%GOBP%GO:0045762	POSITIVE REGULATION OF ADENYLATE CYCLASE ACTIVITY%GOBP%GO:0045762		18	0.3389926	0.84835166	0.6801153	1.0	1.0	5654	tags=33%, list=23%, signal=43%	
DETOXIFICATION OF COPPER ION%GOBP%GO:0010273	DETOXIFICATION OF COPPER ION%GOBP%GO:0010273		15	0.36022532	0.84834546	0.70386267	1.0	1.0	8493	tags=67%, list=35%, signal=102%	
HEPATOCYTE GROWTH FACTOR RECEPTOR SIGNALING%WIKIPATHWAYS_20260211%WP313%HOMO SAPIENS	HEPATOCYTE GROWTH FACTOR RECEPTOR SIGNALING%WIKIPATHWAYS_20260211%WP313%HOMO SAPIENS		30	0.3084647	0.8481819	0.6929134	1.0	1.0	6564	tags=43%, list=27%, signal=59%	
PURINE NUCLEOSIDE PHOSPHORYLASE DEFICIENCY%SMPDB%SMP0000210	PURINE NUCLEOSIDE PHOSPHORYLASE DEFICIENCY%SMPDB%SMP0000210		37	0.29598024	0.8481588	0.71229404	1.0	1.0	3591	tags=22%, list=15%, signal=25%	
ADENYLOSUCCINATE LYASE DEFICIENCY%SMPDB%SMP0000167	ADENYLOSUCCINATE LYASE DEFICIENCY%SMPDB%SMP0000167		37	0.29598024	0.84815025	0.7053455	1.0	1.0	3591	tags=22%, list=15%, signal=25%	
FAT CELL DIFFERENTIATION%GOBP%GO:0045444	FAT CELL DIFFERENTIATION%GOBP%GO:0045444		69	0.2683722	0.847945	0.7370326	1.0	1.0	6304	tags=30%, list=26%, signal=41%	
GOUT OR KELLEY-SEEGMILLER SYNDROME%SMPDB%SMP0000365	GOUT OR KELLEY-SEEGMILLER SYNDROME%SMPDB%SMP0000365		37	0.29598024	0.84783614	0.7222982	1.0	1.0	3591	tags=22%, list=15%, signal=25%	
REGULATION OF EXTRINSIC APOPTOTIC SIGNALING PATHWAY IN ABSENCE OF LIGAND%GOBP%GO:2001239	REGULATION OF EXTRINSIC APOPTOTIC SIGNALING PATHWAY IN ABSENCE OF LIGAND%GOBP%GO:2001239		28	0.31025505	0.8477356	0.69156295	1.0	1.0	2770	tags=18%, list=11%, signal=20%	
MYOFIBRIL ASSEMBLY%GOBP%GO:0030239	MYOFIBRIL ASSEMBLY%GOBP%GO:0030239		60	0.26934302	0.84759355	0.7463054	1.0	1.0	4532	tags=23%, list=19%, signal=29%	
BODY MORPHOGENESIS%GOBP%GO:0010171	BODY MORPHOGENESIS%GOBP%GO:0010171		19	0.33402237	0.8475462	0.6970128	1.0	1.0	5921	tags=37%, list=24%, signal=49%	
MAPK SIGNALING AND ARTD FAMILY MEMBERS%WIKIPATHWAYS_20260211%WP5530%HOMO SAPIENS	MAPK SIGNALING AND ARTD FAMILY MEMBERS%WIKIPATHWAYS_20260211%WP5530%HOMO SAPIENS		29	0.3081695	0.8475242	0.7022697	1.0	1.0	3768	tags=17%, list=15%, signal=20%	
5Q35 COPY NUMBER VARIATION%WIKIPATHWAYS_20260211%WP5380%HOMO SAPIENS	5Q35 COPY NUMBER VARIATION%WIKIPATHWAYS_20260211%WP5380%HOMO SAPIENS		90	0.25640133	0.84746355	0.7896592	1.0	1.0	6663	tags=32%, list=27%, signal=44%	
POSITIVE REGULATION OF MUSCLE CONTRACTION%GOBP%GO:0045933	POSITIVE REGULATION OF MUSCLE CONTRACTION%GOBP%GO:0045933		29	0.3101314	0.84745485	0.6966443	1.0	1.0	6795	tags=38%, list=28%, signal=52%	
NEURAL TUBE DEVELOPMENT%GOBP%GO:0021915	NEURAL TUBE DEVELOPMENT%GOBP%GO:0021915		51	0.28148884	0.8474475	0.7101631	1.0	1.0	6295	tags=27%, list=26%, signal=37%	
AMYLOID FIBRIL FORMATION%GOBP%GO:1990000	AMYLOID FIBRIL FORMATION%GOBP%GO:1990000		24	0.31725615	0.8474321	0.7054054	1.0	1.0	3183	tags=21%, list=13%, signal=24%	
SLC TRANSPORTER DISORDERS%REACTOME%R-HSA-5619102.9	SLC TRANSPORTER DISORDERS%REACTOME%R-HSA-5619102.9		94	0.25933048	0.84713846	0.77272725	1.0	1.0	6760	tags=33%, list=28%, signal=45%	
MITOTIC CELL CYCLE CHECKPOINT SIGNALING%GOBP%GO:0007093	MITOTIC CELL CYCLE CHECKPOINT SIGNALING%GOBP%GO:0007093		107	0.2505319	0.84709	0.7765237	1.0	1.0	4023	tags=18%, list=16%, signal=21%	
MOLYBDENUM COFACTOR DEFICIENCY%SMPDB%SMP0000203	MOLYBDENUM COFACTOR DEFICIENCY%SMPDB%SMP0000203		37	0.29598024	0.84696287	0.7089453	1.0	1.0	3591	tags=22%, list=15%, signal=25%	
REGULATION OF TP53 ACTIVITY%REACTOME%R-HSA-5633007.5	REGULATION OF TP53 ACTIVITY%REACTOME%R-HSA-5633007.5		161	0.24017213	0.84673965	0.7947598	1.0	1.0	5144	tags=22%, list=21%, signal=27%	
T CELL PROLIFERATION%GOBP%GO:0042098	T CELL PROLIFERATION%GOBP%GO:0042098		18	0.34383735	0.8467247	0.70666665	1.0	1.0	8083	tags=56%, list=33%, signal=83%	
REGULATION OF CALCINEURIN-MEDIATED SIGNALING%GOBP%GO:0106056	REGULATION OF CALCINEURIN-MEDIATED SIGNALING%GOBP%GO:0106056		34	0.30178007	0.846707	0.72602737	1.0	1.0	7064	tags=38%, list=29%, signal=54%	
EFFECTS OF PIP2 HYDROLYSIS%REACTOME%R-HSA-114508.4	EFFECTS OF PIP2 HYDROLYSIS%REACTOME%R-HSA-114508.4		27	0.31347382	0.84669024	0.68666667	1.0	1.0	8920	tags=56%, list=36%, signal=87%	
SISTER CHROMATID SEGREGATION%GOBP%GO:0000819	SISTER CHROMATID SEGREGATION%GOBP%GO:0000819		141	0.2447512	0.8466573	0.7968218	1.0	1.0	7495	tags=30%, list=31%, signal=44%	
OPIOID PROOPIOMELANOCORTIN PATHWAY%PANTHER PATHWAY%P05917	OPIOID PROOPIOMELANOCORTIN PATHWAY%PANTHER PATHWAY%P05917		22	0.3221069	0.8465126	0.6967655	1.0	1.0	4367	tags=27%, list=18%, signal=33%	
CELL FATE COMMITMENT%GOBP%GO:0045165	CELL FATE COMMITMENT%GOBP%GO:0045165		147	0.24382389	0.84650487	0.8029279	1.0	1.0	6396	tags=30%, list=26%, signal=40%	
PINK1-PRKN MEDIATED MITOPHAGY%REACTOME DATABASE ID RELEASE 95%5205685	PINK1-PRKN MEDIATED MITOPHAGY%REACTOME DATABASE ID RELEASE 95%5205685		32	0.30298764	0.84640425	0.6961853	1.0	1.0	5148	tags=28%, list=21%, signal=36%	
NEGATIVE REGULATION OF RESPONSE TO WOUNDING%GOBP%GO:1903035	NEGATIVE REGULATION OF RESPONSE TO WOUNDING%GOBP%GO:1903035		72	0.26644397	0.8463929	0.7351874	1.0	1.0	7868	tags=35%, list=32%, signal=51%	
PHOSPHATIDYL INOSITOL PHOSPHATE PATHWAY%WIKIPATHWAYS_20260211%WP5411%HOMO SAPIENS	PHOSPHATIDYL INOSITOL PHOSPHATE PATHWAY%WIKIPATHWAYS_20260211%WP5411%HOMO SAPIENS		39	0.2957548	0.84633774	0.7303226	1.0	1.0	3336	tags=15%, list=14%, signal=18%	
MESENCHYME DEVELOPMENT%GOBP%GO:0060485	MESENCHYME DEVELOPMENT%GOBP%GO:0060485		171	0.23894773	0.84622735	0.8118162	1.0	1.0	6334	tags=26%, list=26%, signal=34%	
CAMERA-TYPE EYE DEVELOPMENT%GOBP%GO:0043010	CAMERA-TYPE EYE DEVELOPMENT%GOBP%GO:0043010		160	0.24054727	0.8458933	0.80156076	1.0	1.0	6326	tags=28%, list=26%, signal=37%	
APOPTOTIC EXECUTION PHASE%REACTOME DATABASE ID RELEASE 95%75153	APOPTOTIC EXECUTION PHASE%REACTOME DATABASE ID RELEASE 95%75153		51	0.27743196	0.8458774	0.7347995	1.0	1.0	7055	tags=31%, list=29%, signal=44%	
ANTIGEN PROCESSING AND PRESENTATION OF PEPTIDE ANTIGEN VIA MHC CLASS II%GOBP%GO:0002495	ANTIGEN PROCESSING AND PRESENTATION OF PEPTIDE ANTIGEN VIA MHC CLASS II%GOBP%GO:0002495		27	0.31268573	0.8458552	0.71105194	1.0	1.0	8164	tags=52%, list=33%, signal=78%	
MITOTIC INTRA-S DNA DAMAGE CHECKPOINT SIGNALING%GOBP%GO:0031573	MITOTIC INTRA-S DNA DAMAGE CHECKPOINT SIGNALING%GOBP%GO:0031573		18	0.33941883	0.8456379	0.6761769	1.0	1.0	766	tags=11%, list=3%, signal=11%	
BRANCHED-CHAIN AMINO ACID CATABOLISM%REACTOME DATABASE ID RELEASE 95%70895	BRANCHED-CHAIN AMINO ACID CATABOLISM%REACTOME DATABASE ID RELEASE 95%70895		21	0.3289747	0.84560114	0.71570015	1.0	1.0	4735	tags=29%, list=19%, signal=35%	
REGULATION OF MONONUCLEAR CELL PROLIFERATION%GOBP%GO:0032944	REGULATION OF MONONUCLEAR CELL PROLIFERATION%GOBP%GO:0032944		169	0.2403665	0.8454524	0.80456024	1.0	1.0	7711	tags=33%, list=31%, signal=47%	
SENSORY PERCEPTION OF TASTE%REACTOME%R-HSA-9717189.3	SENSORY PERCEPTION OF TASTE%REACTOME%R-HSA-9717189.3		47	0.2814204	0.8453683	0.7307206	1.0	1.0	5314	tags=23%, list=22%, signal=30%	
DE NOVO PURINE BIOSYNTHESIS%PANTHER PATHWAY%P02738	DE NOVO PURINE BIOSYNTHESIS%PANTHER PATHWAY%P02738		26	0.313102	0.8452131	0.6933896	1.0	1.0	3103	tags=19%, list=13%, signal=22%	
PRION DISEASE PATHWAY%WIKIPATHWAYS_20260211%WP3995%HOMO SAPIENS	PRION DISEASE PATHWAY%WIKIPATHWAYS_20260211%WP3995%HOMO SAPIENS		26	0.31816262	0.8448718	0.705803	1.0	1.0	3171	tags=19%, list=13%, signal=22%	
NEUROTRANSMITTER TRANSPORT%GOBP%GO:0006836	NEUROTRANSMITTER TRANSPORT%GOBP%GO:0006836		108	0.2522909	0.8448443	0.78354	1.0	1.0	7938	tags=38%, list=32%, signal=56%	
RESPONSE TO INTERLEUKIN-1%GOBP%GO:0070555	RESPONSE TO INTERLEUKIN-1%GOBP%GO:0070555		73	0.2606595	0.844613	0.74970347	1.0	1.0	5342	tags=21%, list=22%, signal=26%	
SIGNAL AMPLIFICATION%REACTOME%R-HSA-392518.3	SIGNAL AMPLIFICATION%REACTOME%R-HSA-392518.3		32	0.30289626	0.84447664	0.6921017	1.0	1.0	5198	tags=28%, list=21%, signal=36%	
MITOTIC NUCLEAR DIVISION%GOBP%GO:0140014	MITOTIC NUCLEAR DIVISION%GOBP%GO:0140014		155	0.24090326	0.8444308	0.7901099	1.0	1.0	7089	tags=30%, list=29%, signal=42%	
CELLULAR RESPONSE TO KETONE%GOBP%GO:1901655	CELLULAR RESPONSE TO KETONE%GOBP%GO:1901655		51	0.27633187	0.84443045	0.7436224	1.0	1.0	8551	tags=41%, list=35%, signal=63%	
CONVERSION FROM APC C:CDC20 TO APC C:CDH1 IN LATE ANAPHASE%REACTOME DATABASE ID RELEASE 95%176407	CONVERSION FROM APC C:CDC20 TO APC C:CDH1 IN LATE ANAPHASE%REACTOME DATABASE ID RELEASE 95%176407		20	0.3317137	0.8444043	0.6871658	1.0	1.0	2989	tags=20%, list=12%, signal=23%	
PID_IL23_PATHWAY%MSIGDB_C2%PID_IL23_PATHWAY	PID_IL23_PATHWAY%MSIGDB_C2%PID_IL23_PATHWAY		33	0.30561844	0.8443238	0.7205298	1.0	1.0	7593	tags=36%, list=31%, signal=53%	
NEPHRON TUBULE MORPHOGENESIS%GOBP%GO:0072078	NEPHRON TUBULE MORPHOGENESIS%GOBP%GO:0072078		29	0.31022367	0.844241	0.7130682	1.0	1.0	6257	tags=28%, list=26%, signal=37%	
XANTHINURIA TYPE I%SMPDB%SMP0000512	XANTHINURIA TYPE I%SMPDB%SMP0000512		37	0.29598024	0.84408176	0.722372	1.0	1.0	3591	tags=22%, list=15%, signal=25%	
REGULATION OF RNA STABILITY%GOBP%GO:0043487	REGULATION OF RNA STABILITY%GOBP%GO:0043487		186	0.23774934	0.84406596	0.8165038	1.0	1.0	6764	tags=27%, list=28%, signal=37%	
NEGATIVE REGULATION OF ANOIKIS%GOBP%GO:2000811	NEGATIVE REGULATION OF ANOIKIS%GOBP%GO:2000811		16	0.35526937	0.844041	0.68405795	1.0	1.0	5754	tags=25%, list=23%, signal=33%	
SARS-COV-2 ACTIVATES MODULATES INNATE AND ADAPTIVE IMMUNE RESPONSES%REACTOME%R-HSA-9705671.5	SARS-COV-2 ACTIVATES MODULATES INNATE AND ADAPTIVE IMMUNE RESPONSES%REACTOME%R-HSA-9705671.5		116	0.24982938	0.8439307	0.7765237	1.0	1.0	6847	tags=30%, list=28%, signal=42%	
TRANSCRIPTION PREINITIATION COMPLEX ASSEMBLY%GOBP%GO:0070897	TRANSCRIPTION PREINITIATION COMPLEX ASSEMBLY%GOBP%GO:0070897		67	0.26954708	0.8438045	0.75764996	1.0	1.0	3949	tags=24%, list=16%, signal=28%	
NEGATIVE REGULATION OF ACTIN FILAMENT POLYMERIZATION%GOBP%GO:0030837	NEGATIVE REGULATION OF ACTIN FILAMENT POLYMERIZATION%GOBP%GO:0030837		32	0.3017093	0.84369427	0.72371966	1.0	1.0	4777	tags=31%, list=20%, signal=39%	
THYROID HORMONES PRODUCTION AND PERIPHERAL DOWNSTREAM SIGNALING EFFECTS%WIKIPATHWAYS_20260211%WP4746%HOMO SAPIENS	THYROID HORMONES PRODUCTION AND PERIPHERAL DOWNSTREAM SIGNALING EFFECTS%WIKIPATHWAYS_20260211%WP4746%HOMO SAPIENS		81	0.25949058	0.8432754	0.7807229	1.0	1.0	4987	tags=22%, list=20%, signal=28%	
RHO GTPASES ACTIVATE PAKS%REACTOME DATABASE ID RELEASE 95%5627123	RHO GTPASES ACTIVATE PAKS%REACTOME DATABASE ID RELEASE 95%5627123		21	0.33227998	0.8431575	0.7056338	1.0	1.0	9421	tags=43%, list=38%, signal=70%	
GLUCOCORTICOID RECEPTOR REGULATORY NETWORK%PATHWAY INTERACTION DATABASE NCI-NATURE CURATED DATA%GLUCOCORTICOID RECEPTOR REGULATORY NETWORK	GLUCOCORTICOID RECEPTOR REGULATORY NETWORK%PATHWAY INTERACTION DATABASE NCI-NATURE CURATED DATA%GLUCOCORTICOID RECEPTOR REGULATORY NETWORK		82	0.2568937	0.84310025	0.7508982	1.0	1.0	6517	tags=30%, list=27%, signal=41%	
PID_NECTIN_PATHWAY%MSIGDB_C2%PID_NECTIN_PATHWAY	PID_NECTIN_PATHWAY%MSIGDB_C2%PID_NECTIN_PATHWAY		24	0.31739354	0.8429587	0.7096774	1.0	1.0	9982	tags=50%, list=41%, signal=84%	
REGULATION OF TELOMERE MAINTENANCE VIA TELOMERE LENGTHENING%GOBP%GO:1904356	REGULATION OF TELOMERE MAINTENANCE VIA TELOMERE LENGTHENING%GOBP%GO:1904356		51	0.27752918	0.8426192	0.72919255	1.0	1.0	5027	tags=22%, list=21%, signal=27%	
MODULATION OF HOST RESPONSES BY IFN-STIMULATED GENES%REACTOME DATABASE ID RELEASE 95%9909505	MODULATION OF HOST RESPONSES BY IFN-STIMULATED GENES%REACTOME DATABASE ID RELEASE 95%9909505		18	0.34307355	0.8424406	0.69774014	1.0	1.0	6352	tags=44%, list=26%, signal=60%	
CELLULAR DETOXIFICATION%GOBP%GO:1990748	CELLULAR DETOXIFICATION%GOBP%GO:1990748		51	0.27693605	0.8424019	0.7421777	1.0	1.0	2745	tags=14%, list=11%, signal=15%	
REGULATION OF BINDING%GOBP%GO:0051098	REGULATION OF BINDING%GOBP%GO:0051098		86	0.25630406	0.84234697	0.78209656	1.0	1.0	6608	tags=28%, list=27%, signal=38%	
MONOAMINE TRANSPORT AND REGULATION%WIKIPATHWAYS_20260211%WP727%HOMO SAPIENS	MONOAMINE TRANSPORT AND REGULATION%WIKIPATHWAYS_20260211%WP727%HOMO SAPIENS		26	0.31108782	0.84219664	0.7092105	1.0	1.0	10069	tags=58%, list=41%, signal=98%	
RHOB GTPASE CYCLE%REACTOME%R-HSA-9013026.2	RHOB GTPASE CYCLE%REACTOME%R-HSA-9013026.2		70	0.2630789	0.8421792	0.7408759	1.0	1.0	8562	tags=43%, list=35%, signal=66%	
VISUAL PHOTOTRANSDUCTION%REACTOME%R-HSA-2187338.3	VISUAL PHOTOTRANSDUCTION%REACTOME%R-HSA-2187338.3		96	0.25302038	0.8421193	0.79432625	1.0	1.0	8908	tags=43%, list=36%, signal=67%	
ANTIGEN PROCESSING-CROSS PRESENTATION%REACTOME DATABASE ID RELEASE 95%1236975	ANTIGEN PROCESSING-CROSS PRESENTATION%REACTOME DATABASE ID RELEASE 95%1236975		97	0.2513864	0.84205437	0.7639535	1.0	1.0	7223	tags=34%, list=29%, signal=48%	
TSH%NETPATH%TSH	TSH%NETPATH%TSH		18	0.33520055	0.84201044	0.6909361	1.0	1.0	6517	tags=33%, list=27%, signal=45%	
PENTOSE PHOSPHATE PATHWAY%REACTOME%R-HSA-71336.8	PENTOSE PHOSPHATE PATHWAY%REACTOME%R-HSA-71336.8		15	0.35411036	0.84192955	0.7107195	1.0	1.0	6103	tags=33%, list=25%, signal=44%	
DIRECT P53 EFFECTORS%PATHWAY INTERACTION DATABASE NCI-NATURE CURATED DATA%DIRECT P53 EFFECTORS	DIRECT P53 EFFECTORS%PATHWAY INTERACTION DATABASE NCI-NATURE CURATED DATA%DIRECT P53 EFFECTORS		137	0.244252	0.84142727	0.8130531	1.0	1.0	5727	tags=23%, list=23%, signal=30%	
DEFENSE RESPONSE TO GRAM-POSITIVE BACTERIUM%GOBP%GO:0050830	DEFENSE RESPONSE TO GRAM-POSITIVE BACTERIUM%GOBP%GO:0050830		85	0.25784534	0.8414205	0.77858	1.0	1.0	5904	tags=24%, list=24%, signal=31%	
SIGNALING EVENTS MEDIATED BY VEGFR1 AND VEGFR2%PATHWAY INTERACTION DATABASE NCI-NATURE CURATED DATA%SIGNALING EVENTS MEDIATED BY VEGFR1 AND VEGFR2	SIGNALING EVENTS MEDIATED BY VEGFR1 AND VEGFR2%PATHWAY INTERACTION DATABASE NCI-NATURE CURATED DATA%SIGNALING EVENTS MEDIATED BY VEGFR1 AND VEGFR2		66	0.26303494	0.841318	0.7574257	1.0	1.0	6885	tags=30%, list=28%, signal=42%	
EFFECT OF DASATINIB ON THE BCR ABL SIGNALING PATHWAY%WIKIPATHWAYS_20260211%WP5493%HOMO SAPIENS	EFFECT OF DASATINIB ON THE BCR ABL SIGNALING PATHWAY%WIKIPATHWAYS_20260211%WP5493%HOMO SAPIENS		38	0.2894796	0.8412753	0.72143775	1.0	1.0	3768	tags=18%, list=15%, signal=22%	
ASPARTATE TRANSMEMBRANE TRANSPORT%GOBP%GO:0015810	ASPARTATE TRANSMEMBRANE TRANSPORT%GOBP%GO:0015810		15	0.35181117	0.8410607	0.7007299	1.0	1.0	8142	tags=60%, list=33%, signal=90%	
NUCLEOSIDE METABOLIC PROCESS%GOBP%GO:0009116	NUCLEOSIDE METABOLIC PROCESS%GOBP%GO:0009116		35	0.29725784	0.8409009	0.7109267	1.0	1.0	5717	tags=29%, list=23%, signal=37%	
REGULATION OF ERBB SIGNALING PATHWAY%GOBP%GO:1901184	REGULATION OF ERBB SIGNALING PATHWAY%GOBP%GO:1901184		73	0.26211387	0.84077466	0.7791411	1.0	1.0	3720	tags=18%, list=15%, signal=21%	
MRNA SPLICE SITE RECOGNITION%GOBP%GO:0006376	MRNA SPLICE SITE RECOGNITION%GOBP%GO:0006376		30	0.30614778	0.8406846	0.7282322	1.0	1.0	1816	tags=17%, list=7%, signal=18%	
CARDIAC MUSCLE CELL ACTION POTENTIAL INVOLVED IN CONTRACTION%GOBP%GO:0086002	CARDIAC MUSCLE CELL ACTION POTENTIAL INVOLVED IN CONTRACTION%GOBP%GO:0086002		44	0.28471783	0.84060955	0.75405407	1.0	1.0	1791	tags=11%, list=7%, signal=12%	
POSITIVE REGULATION OF IMMUNE RESPONSE TO TUMOR CELL%GOBP%GO:0002839	POSITIVE REGULATION OF IMMUNE RESPONSE TO TUMOR CELL%GOBP%GO:0002839		16	0.34761375	0.8403357	0.68945867	1.0	1.0	7737	tags=38%, list=32%, signal=55%	
PID_TGFBR_PATHWAY%MSIGDB_C2%PID_TGFBR_PATHWAY	PID_TGFBR_PATHWAY%MSIGDB_C2%PID_TGFBR_PATHWAY		36	0.2942766	0.84026253	0.71857923	1.0	1.0	3784	tags=19%, list=15%, signal=23%	
PROCESSING OF CAPPED INTRONLESS PRE-MRNA%REACTOME DATABASE ID RELEASE 95%75067	PROCESSING OF CAPPED INTRONLESS PRE-MRNA%REACTOME DATABASE ID RELEASE 95%75067		28	0.3103049	0.84004354	0.7096774	1.0	1.0	6850	tags=32%, list=28%, signal=45%	
RETINAL METABOLIC PROCESS%GOBP%GO:0042574	RETINAL METABOLIC PROCESS%GOBP%GO:0042574		16	0.35129577	0.83984226	0.67867434	1.0	1.0	6595	tags=38%, list=27%, signal=51%	
ABERRANT REGULATION OF MITOTIC EXIT IN CANCER DUE TO RB1 DEFECTS%REACTOME DATABASE ID RELEASE 95%9687136	ABERRANT REGULATION OF MITOTIC EXIT IN CANCER DUE TO RB1 DEFECTS%REACTOME DATABASE ID RELEASE 95%9687136		20	0.331219	0.83957475	0.69	1.0	1.0	2989	tags=20%, list=12%, signal=23%	
AXONAL TRANSPORT%GOBP%GO:0098930	AXONAL TRANSPORT%GOBP%GO:0098930		56	0.27198336	0.8395097	0.758406	1.0	1.0	5093	tags=23%, list=21%, signal=29%	
PHOSPHATIDYLCHOLINE BIOSYNTHETIC PROCESS%GOBP%GO:0006656	PHOSPHATIDYLCHOLINE BIOSYNTHETIC PROCESS%GOBP%GO:0006656		23	0.32109153	0.8390216	0.723099	1.0	1.0	4449	tags=17%, list=18%, signal=21%	
PID_ERBB1_RECEPTOR_PROXIMAL_PATHWAY%MSIGDB_C2%PID_ERBB1_RECEPTOR_PROXIMAL_PATHWAY	PID_ERBB1_RECEPTOR_PROXIMAL_PATHWAY%MSIGDB_C2%PID_ERBB1_RECEPTOR_PROXIMAL_PATHWAY		30	0.3025	0.8388089	0.7304582	1.0	1.0	7618	tags=37%, list=31%, signal=53%	
REGULATION OF MRNA STABILITY%GOBP%GO:0043488	REGULATION OF MRNA STABILITY%GOBP%GO:0043488		173	0.236515	0.8387975	0.84354484	1.0	1.0	6764	tags=27%, list=28%, signal=36%	
ACTIVATION OF RRNA EXPRESSION BY ERCC6 (CSB) AND EHMT2 (G9A)%REACTOME%R-HSA-427389.3	ACTIVATION OF RRNA EXPRESSION BY ERCC6 (CSB) AND EHMT2 (G9A)%REACTOME%R-HSA-427389.3		43	0.28556204	0.83875656	0.7490446	1.0	1.0	6385	tags=30%, list=26%, signal=41%	
CARDIAC MUSCLE CONTRACTION%GOBP%GO:0060048	CARDIAC MUSCLE CONTRACTION%GOBP%GO:0060048		69	0.25911558	0.8386275	0.7539586	1.0	1.0	3564	tags=16%, list=15%, signal=19%	
GNRH SIGNALING PATHWAY%PATHWHIZ%PW064816	GNRH SIGNALING PATHWAY%PATHWHIZ%PW064816		47	0.27990556	0.83857733	0.7522816	1.0	1.0	5147	tags=23%, list=21%, signal=30%	
PROGERIA ASSOCIATED LIPODYSTROPHY%WIKIPATHWAYS_20260211%WP5103%HOMO SAPIENS	PROGERIA ASSOCIATED LIPODYSTROPHY%WIKIPATHWAYS_20260211%WP5103%HOMO SAPIENS		19	0.32971174	0.8383979	0.7016575	1.0	1.0	2871	tags=21%, list=12%, signal=24%	
KERATINIZATION%GOBP%GO:0031424	KERATINIZATION%GOBP%GO:0031424		38	0.28753674	0.8381755	0.7201051	1.0	1.0	4122	tags=24%, list=17%, signal=28%	
TRANSITION METAL ION TRANSPORT%GOBP%GO:0000041	TRANSITION METAL ION TRANSPORT%GOBP%GO:0000041		75	0.25965846	0.8381168	0.7810651	1.0	1.0	7899	tags=39%, list=32%, signal=57%	
INHIBITION OF THE PROTEOLYTIC ACTIVITY OF APC C REQUIRED FOR THE ONSET OF ANAPHASE BY MITOTIC SPINDLE CHECKPOINT COMPONENTS%REACTOME DATABASE ID RELEASE 95%141405	INHIBITION OF THE PROTEOLYTIC ACTIVITY OF APC C REQUIRED FOR THE ONSET OF ANAPHASE BY MITOTIC SPINDLE CHECKPOINT COMPONENTS%REACTOME DATABASE ID RELEASE 95%141405		21	0.32858709	0.8378162	0.72538143	1.0	1.0	3732	tags=24%, list=15%, signal=28%	
REGULATION OF SMOOTH MUSCLE CONTRACTION%GOBP%GO:0006940	REGULATION OF SMOOTH MUSCLE CONTRACTION%GOBP%GO:0006940		30	0.30769762	0.8377757	0.73561645	1.0	1.0	10490	tags=67%, list=43%, signal=116%	
HDMS DEMETHYLATE HISTONES%REACTOME%R-HSA-3214842.5	HDMS DEMETHYLATE HISTONES%REACTOME%R-HSA-3214842.5		26	0.31242785	0.83774745	0.7325269	1.0	1.0	6363	tags=35%, list=26%, signal=47%	
NEGATIVE REGULATION OF CYTOSKELETON ORGANIZATION%GOBP%GO:0051494	NEGATIVE REGULATION OF CYTOSKELETON ORGANIZATION%GOBP%GO:0051494		114	0.24834989	0.83749676	0.8046784	1.0	1.0	4777	tags=21%, list=20%, signal=26%	
SUMOYLATION%REACTOME DATABASE ID RELEASE 95%2990846	SUMOYLATION%REACTOME DATABASE ID RELEASE 95%2990846		165	0.23912445	0.83748543	0.8373102	1.0	1.0	6465	tags=27%, list=26%, signal=37%	
PID_VEGFR1_PATHWAY%MSIGDB_C2%PID_VEGFR1_PATHWAY	PID_VEGFR1_PATHWAY%MSIGDB_C2%PID_VEGFR1_PATHWAY		19	0.33400607	0.83727473	0.7061281	1.0	1.0	6885	tags=32%, list=28%, signal=44%	
PHARYNGEAL SYSTEM DEVELOPMENT%GOBP%GO:0060037	PHARYNGEAL SYSTEM DEVELOPMENT%GOBP%GO:0060037		18	0.3397702	0.8369365	0.71590906	1.0	1.0	3116	tags=22%, list=13%, signal=25%	
RESPONSE TO CATECHOLAMINE%GOBP%GO:0071869	RESPONSE TO CATECHOLAMINE%GOBP%GO:0071869		39	0.28436983	0.83686	0.7321196	1.0	1.0	7551	tags=31%, list=31%, signal=44%	
VESICLE-MEDIATED TRANSPORT BETWEEN ENDOSOMAL COMPARTMENTS%GOBP%GO:0098927	VESICLE-MEDIATED TRANSPORT BETWEEN ENDOSOMAL COMPARTMENTS%GOBP%GO:0098927		27	0.31217736	0.83617026	0.6924157	1.0	1.0	9473	tags=48%, list=39%, signal=78%	
POSITIVE REGULATION OF CELL CYCLE G2/M PHASE TRANSITION%GOBP%GO:1902751	POSITIVE REGULATION OF CELL CYCLE G2/M PHASE TRANSITION%GOBP%GO:1902751		24	0.31391948	0.8361268	0.7171429	1.0	1.0	7765	tags=38%, list=32%, signal=55%	
INACTIVATION OF APC C VIA DIRECT INHIBITION OF THE APC C COMPLEX%REACTOME%R-HSA-141430.3	INACTIVATION OF APC C VIA DIRECT INHIBITION OF THE APC C COMPLEX%REACTOME%R-HSA-141430.3		21	0.32858709	0.8361191	0.6908078	1.0	1.0	3732	tags=24%, list=15%, signal=28%	
G1 TO S CELL CYCLE CONTROL%WIKIPATHWAYS_20260211%WP45%HOMO SAPIENS	G1 TO S CELL CYCLE CONTROL%WIKIPATHWAYS_20260211%WP45%HOMO SAPIENS		53	0.2761909	0.8360913	0.7509113	1.0	1.0	8286	tags=38%, list=34%, signal=57%	
G2 M DNA DAMAGE CHECKPOINT%REACTOME%R-HSA-69473.7	G2 M DNA DAMAGE CHECKPOINT%REACTOME%R-HSA-69473.7		79	0.25899345	0.8360192	0.7738815	1.0	1.0	5027	tags=22%, list=21%, signal=27%	
REGULATION OF ENDOGENOUS RETROELEMENTS BY THE HUMAN SILENCING HUB (HUSH) COMPLEX%REACTOME DATABASE ID RELEASE 95%9843970	REGULATION OF ENDOGENOUS RETROELEMENTS BY THE HUMAN SILENCING HUB (HUSH) COMPLEX%REACTOME DATABASE ID RELEASE 95%9843970		38	0.29323113	0.83575237	0.74898785	1.0	1.0	2622	tags=16%, list=11%, signal=18%	
NILOTINIB INHIBITION OF BCR-ABL%PATHWHIZ%PW032595	NILOTINIB INHIBITION OF BCR-ABL%PATHWHIZ%PW032595		18	0.3337145	0.8355112	0.712627	1.0	1.0	10390	tags=56%, list=42%, signal=96%	
MYOADENYLATE DEAMINASE DEFICIENCY%PATHWHIZ%PW000513	MYOADENYLATE DEAMINASE DEFICIENCY%PATHWHIZ%PW000513		37	0.29598024	0.8354524	0.73020136	1.0	1.0	3591	tags=22%, list=15%, signal=25%	
PLATELET ACTIVATION%GOBP%GO:0030168	PLATELET ACTIVATION%GOBP%GO:0030168		79	0.25954098	0.83536273	0.7684964	1.0	1.0	9484	tags=49%, list=39%, signal=80%	
RUNX1 INTERACTS WITH CO-FACTORS WHOSE PRECISE EFFECT ON RUNX1 TARGETS IS NOT KNOWN%REACTOME DATABASE ID RELEASE 95%8939243	RUNX1 INTERACTS WITH CO-FACTORS WHOSE PRECISE EFFECT ON RUNX1 TARGETS IS NOT KNOWN%REACTOME DATABASE ID RELEASE 95%8939243		36	0.29180628	0.8352839	0.7185386	1.0	1.0	7330	tags=39%, list=30%, signal=55%	
ACTIVATION OF SMO%REACTOME DATABASE ID RELEASE 95%5635838	ACTIVATION OF SMO%REACTOME DATABASE ID RELEASE 95%5635838		17	0.34298065	0.8351979	0.69208634	1.0	1.0	3924	tags=24%, list=16%, signal=28%	
BOSUTINIB INHIBITION OF BCR-ABL%PATHWHIZ%PW032596	BOSUTINIB INHIBITION OF BCR-ABL%PATHWHIZ%PW032596		18	0.3337145	0.835186	0.71343285	1.0	1.0	10390	tags=56%, list=42%, signal=96%	
SCF-DEPENDENT PROTEASOMAL UBIQUITIN-DEPENDENT PROTEIN CATABOLIC PROCESS%GOBP%GO:0031146	SCF-DEPENDENT PROTEASOMAL UBIQUITIN-DEPENDENT PROTEIN CATABOLIC PROCESS%GOBP%GO:0031146		79	0.25681818	0.8351262	0.76613885	1.0	1.0	3351	tags=16%, list=14%, signal=19%	
MITOTIC SISTER CHROMATID SEGREGATION%GOBP%GO:0000070	MITOTIC SISTER CHROMATID SEGREGATION%GOBP%GO:0000070		137	0.24016647	0.835083	0.80920315	1.0	1.0	7495	tags=31%, list=31%, signal=44%	
IL3%NETPATH%IL3	IL3%NETPATH%IL3		37	0.28470612	0.83501726	0.7286096	1.0	1.0	4592	tags=22%, list=19%, signal=27%	
3'-UTR-MEDIATED MRNA STABILIZATION%GOBP%GO:0070935	3'-UTR-MEDIATED MRNA STABILIZATION%GOBP%GO:0070935		22	0.32308596	0.8349287	0.697479	1.0	1.0	2015	tags=14%, list=8%, signal=15%	
LONG-CHAIN FATTY-ACYL-COA METABOLIC PROCESS%GOBP%GO:0035336	LONG-CHAIN FATTY-ACYL-COA METABOLIC PROCESS%GOBP%GO:0035336		24	0.31685495	0.834767	0.73209167	1.0	1.0	7152	tags=38%, list=29%, signal=53%	
BURN WOUND HEALING%WIKIPATHWAYS_20260211%WP5055%HOMO SAPIENS	BURN WOUND HEALING%WIKIPATHWAYS_20260211%WP5055%HOMO SAPIENS		58	0.26891607	0.83474797	0.74561405	1.0	1.0	11515	tags=53%, list=47%, signal=101%	
VIRAL MESSENGER RNA SYNTHESIS%REACTOME DATABASE ID RELEASE 95%168325	VIRAL MESSENGER RNA SYNTHESIS%REACTOME DATABASE ID RELEASE 95%168325		41	0.2864741	0.83458084	0.729765	1.0	1.0	8107	tags=37%, list=33%, signal=55%	
VASCULAR PROCESS IN CIRCULATORY SYSTEM%GOBP%GO:0003018	VASCULAR PROCESS IN CIRCULATORY SYSTEM%GOBP%GO:0003018		194	0.23296578	0.83451563	0.8319149	1.0	1.0	7366	tags=37%, list=30%, signal=52%	
REGULATION OF MYOTUBE DIFFERENTIATION%GOBP%GO:0010830	REGULATION OF MYOTUBE DIFFERENTIATION%GOBP%GO:0010830		27	0.30495664	0.83449584	0.7160494	1.0	1.0	3986	tags=30%, list=16%, signal=35%	
REGULATION OF SYNAPTIC PLASTICITY%GOBP%GO:0048167	REGULATION OF SYNAPTIC PLASTICITY%GOBP%GO:0048167		134	0.24057372	0.8342484	0.8058691	1.0	1.0	6975	tags=34%, list=28%, signal=47%	
IMMUNE INFILTRATION IN PANCREATIC CANCER%WIKIPATHWAYS_20260211%WP5285%HOMO SAPIENS	IMMUNE INFILTRATION IN PANCREATIC CANCER%WIKIPATHWAYS_20260211%WP5285%HOMO SAPIENS		35	0.2937202	0.8342443	0.74396783	1.0	1.0	2788	tags=14%, list=11%, signal=16%	
PROTEIN-CONTAINING COMPLEX LOCALIZATION%GOBP%GO:0031503	PROTEIN-CONTAINING COMPLEX LOCALIZATION%GOBP%GO:0031503		40	0.28633794	0.8340973	0.75797874	1.0	1.0	7863	tags=35%, list=32%, signal=51%	
NEUROTRANSMITTER RELEASE CYCLE%REACTOME%R-HSA-112310.8	NEUROTRANSMITTER RELEASE CYCLE%REACTOME%R-HSA-112310.8		50	0.2739825	0.8336863	0.7348777	1.0	1.0	9040	tags=48%, list=37%, signal=76%	
DISEASES OF DNA DOUBLE-STRAND BREAK REPAIR%REACTOME%R-HSA-9675136.4	DISEASES OF DNA DOUBLE-STRAND BREAK REPAIR%REACTOME%R-HSA-9675136.4		41	0.28235105	0.833405	0.7477593	1.0	1.0	4340	tags=20%, list=18%, signal=24%	
BAFETINIB INHIBITION OF BCR-ABL%PATHWHIZ%PW032597	BAFETINIB INHIBITION OF BCR-ABL%PATHWHIZ%PW032597		18	0.3337145	0.8333817	0.7	1.0	1.0	10390	tags=56%, list=42%, signal=96%	
ALZHEIMER 39 S DISEASE AND MIRNA EFFECTS%WIKIPATHWAYS_20260211%WP2059%HOMO SAPIENS	ALZHEIMER 39 S DISEASE AND MIRNA EFFECTS%WIKIPATHWAYS_20260211%WP2059%HOMO SAPIENS		197	0.23423833	0.83328974	0.84665227	1.0	1.0	5281	tags=24%, list=22%, signal=30%	
GNAQ PATHWAYS IN PORT WINE STAIN%WIKIPATHWAYS_20260211%WP5437%HOMO SAPIENS	GNAQ PATHWAYS IN PORT WINE STAIN%WIKIPATHWAYS_20260211%WP5437%HOMO SAPIENS		16	0.34666988	0.8331823	0.7115097	1.0	1.0	7216	tags=38%, list=29%, signal=53%	
POSITIVE REGULATION OF HORMONE SECRETION%GOBP%GO:0046887	POSITIVE REGULATION OF HORMONE SECRETION%GOBP%GO:0046887		92	0.25390932	0.8331663	0.80261594	1.0	1.0	6486	tags=28%, list=26%, signal=38%	
REGULATION OF AXON EXTENSION%GOBP%GO:0030516	REGULATION OF AXON EXTENSION%GOBP%GO:0030516		41	0.28879172	0.83310825	0.7357238	1.0	1.0	6980	tags=34%, list=28%, signal=48%	
PYRIMIDINE METABOLISM AND RELATED DISEASES%WIKIPATHWAYS_20260211%WP4225%HOMO SAPIENS	PYRIMIDINE METABOLISM AND RELATED DISEASES%WIKIPATHWAYS_20260211%WP4225%HOMO SAPIENS		15	0.34716776	0.8328308	0.7240876	1.0	1.0	188	tags=7%, list=1%, signal=7%	
SNRNA PROCESSING%GOBP%GO:0016180	SNRNA PROCESSING%GOBP%GO:0016180		38	0.28960884	0.83271533	0.75	1.0	1.0	3161	tags=18%, list=13%, signal=21%	
POSITIVE REGULATION OF PRODUCTION OF MOLECULAR MEDIATOR OF IMMUNE RESPONSE%GOBP%GO:0002702	POSITIVE REGULATION OF PRODUCTION OF MOLECULAR MEDIATOR OF IMMUNE RESPONSE%GOBP%GO:0002702		95	0.2491266	0.83244985	0.8021327	1.0	1.0	8606	tags=44%, list=35%, signal=68%	
SEROTONIN HTR1 GROUP AND FOS PATHWAY%WIKIPATHWAYS_20260211%WP722%HOMO SAPIENS	SEROTONIN HTR1 GROUP AND FOS PATHWAY%WIKIPATHWAYS_20260211%WP722%HOMO SAPIENS		27	0.30926216	0.83240896	0.71736205	1.0	1.0	4940	tags=22%, list=20%, signal=28%	
PLATELET AGGREGATION (PLUG FORMATION)%REACTOME%R-HSA-76009.4	PLATELET AGGREGATION (PLUG FORMATION)%REACTOME%R-HSA-76009.4		36	0.29098415	0.83233654	0.7185864	1.0	1.0	9116	tags=44%, list=37%, signal=71%	
AMINOGLYCAN CATABOLIC PROCESS%GOBP%GO:0006026	AMINOGLYCAN CATABOLIC PROCESS%GOBP%GO:0006026		20	0.32504553	0.83216476	0.7093023	1.0	1.0	9850	tags=45%, list=40%, signal=75%	
NEGATIVE REGULATION OF RECEPTOR SIGNALING PATHWAY VIA JAK-STAT%GOBP%GO:0046426	NEGATIVE REGULATION OF RECEPTOR SIGNALING PATHWAY VIA JAK-STAT%GOBP%GO:0046426		18	0.33637977	0.83171666	0.68575627	1.0	1.0	9079	tags=61%, list=37%, signal=97%	
IMMUNOREGULATORY INTERACTIONS BETWEEN A LYMPHOID AND A NON-LYMPHOID CELL%REACTOME DATABASE ID RELEASE 95%198933	IMMUNOREGULATORY INTERACTIONS BETWEEN A LYMPHOID AND A NON-LYMPHOID CELL%REACTOME DATABASE ID RELEASE 95%198933		183	0.23431419	0.8316441	0.84256244	1.0	1.0	6127	tags=28%, list=25%, signal=37%	
DASATINIB INHIBITION OF BCR-ABL%PATHWHIZ%PW032594	DASATINIB INHIBITION OF BCR-ABL%PATHWHIZ%PW032594		18	0.3337145	0.83155555	0.7122708	1.0	1.0	10390	tags=56%, list=42%, signal=96%	
REGULATION OF NEURON DIFFERENTIATION%GOBP%GO:0045664	REGULATION OF NEURON DIFFERENTIATION%GOBP%GO:0045664		85	0.2554367	0.83139926	0.79116946	1.0	1.0	3965	tags=19%, list=16%, signal=22%	
KIT RECEPTOR SIGNALING%WIKIPATHWAYS_20260211%WP304%HOMO SAPIENS	KIT RECEPTOR SIGNALING%WIKIPATHWAYS_20260211%WP304%HOMO SAPIENS		47	0.27794293	0.8313452	0.76463103	1.0	1.0	4592	tags=21%, list=19%, signal=26%	
AXON GUIDANCE MEDIATED BY SEMAPHORINS%PANTHER PATHWAY%P00007	AXON GUIDANCE MEDIATED BY SEMAPHORINS%PANTHER PATHWAY%P00007		19	0.3305577	0.83128446	0.71652424	1.0	1.0	4410	tags=26%, list=18%, signal=32%	
NEGATIVE REGULATION OF REACTIVE OXYGEN SPECIES METABOLIC PROCESS%GOBP%GO:2000378	NEGATIVE REGULATION OF REACTIVE OXYGEN SPECIES METABOLIC PROCESS%GOBP%GO:2000378		23	0.32085764	0.83113116	0.7150838	1.0	1.0	4369	tags=26%, list=18%, signal=32%	
TNF RECEPTOR SIGNALING PATHWAY%PATHWAY INTERACTION DATABASE NCI-NATURE CURATED DATA%TNF RECEPTOR SIGNALING PATHWAY	TNF RECEPTOR SIGNALING PATHWAY%PATHWAY INTERACTION DATABASE NCI-NATURE CURATED DATA%TNF RECEPTOR SIGNALING PATHWAY		46	0.27767438	0.83108205	0.74375	1.0	1.0	5281	tags=24%, list=22%, signal=30%	
MITOTIC G2/M TRANSITION CHECKPOINT%GOBP%GO:0044818	MITOTIC G2/M TRANSITION CHECKPOINT%GOBP%GO:0044818		51	0.27541417	0.83097774	0.7719745	1.0	1.0	6073	tags=29%, list=25%, signal=39%	
STRESS RESPONSE TO METAL ION%GOBP%GO:0097501	STRESS RESPONSE TO METAL ION%GOBP%GO:0097501		20	0.32638454	0.8308658	0.7058824	1.0	1.0	8493	tags=55%, list=35%, signal=84%	
PLASMA LIPOPROTEIN REMODELING%REACTOME%R-HSA-8963899.3	PLASMA LIPOPROTEIN REMODELING%REACTOME%R-HSA-8963899.3		31	0.3006065	0.8306851	0.73582476	1.0	1.0	8580	tags=58%, list=35%, signal=89%	
RENAL WATER HOMEOSTASIS%GOBP%GO:0003091	RENAL WATER HOMEOSTASIS%GOBP%GO:0003091		31	0.29850867	0.8305858	0.72849464	1.0	1.0	9218	tags=48%, list=38%, signal=77%	
LIPID STORAGE%GOBP%GO:0019915	LIPID STORAGE%GOBP%GO:0019915		33	0.29651794	0.8305292	0.74761254	1.0	1.0	8187	tags=39%, list=33%, signal=59%	
SYNAPTIC MEMBRANE ADHESION%GOBP%GO:0099560	SYNAPTIC MEMBRANE ADHESION%GOBP%GO:0099560		19	0.32648423	0.83046854	0.7120116	1.0	1.0	1922	tags=16%, list=8%, signal=17%	
ALZHEIMER 39 S DISEASE%WIKIPATHWAYS_20260211%WP5124%HOMO SAPIENS	ALZHEIMER 39 S DISEASE%WIKIPATHWAYS_20260211%WP5124%HOMO SAPIENS		197	0.23423833	0.8304569	0.85606873	1.0	1.0	5281	tags=24%, list=22%, signal=30%	
PID_IL2_STAT5_PATHWAY%MSIGDB_C2%PID_IL2_STAT5_PATHWAY	PID_IL2_STAT5_PATHWAY%MSIGDB_C2%PID_IL2_STAT5_PATHWAY		28	0.3058189	0.8302919	0.7469051	1.0	1.0	9669	tags=50%, list=39%, signal=83%	
BINDING OF SPERM TO ZONA PELLUCIDA%GOBP%GO:0007339	BINDING OF SPERM TO ZONA PELLUCIDA%GOBP%GO:0007339		23	0.31568053	0.82993877	0.7257844	1.0	1.0	3051	tags=13%, list=12%, signal=15%	
POSITIVE REGULATION OF CYTOSKELETON ORGANIZATION%GOBP%GO:0051495	POSITIVE REGULATION OF CYTOSKELETON ORGANIZATION%GOBP%GO:0051495		157	0.23490098	0.82991374	0.8305648	1.0	1.0	7889	tags=32%, list=32%, signal=48%	
MOLECULAR PATHWAY FOR OXIDATIVE STRESS%WIKIPATHWAYS_20260211%WP5477%HOMO SAPIENS	MOLECULAR PATHWAY FOR OXIDATIVE STRESS%WIKIPATHWAYS_20260211%WP5477%HOMO SAPIENS		42	0.28729615	0.8297477	0.73636365	1.0	1.0	5253	tags=24%, list=21%, signal=30%	
EYE PHOTORECEPTOR CELL DEVELOPMENT%GOBP%GO:0042462	EYE PHOTORECEPTOR CELL DEVELOPMENT%GOBP%GO:0042462		20	0.32410645	0.8297055	0.7174825	1.0	1.0	8468	tags=50%, list=35%, signal=76%	
TUBE CLOSURE%GOBP%GO:0060606	TUBE CLOSURE%GOBP%GO:0060606		31	0.30007714	0.82954514	0.7377279	1.0	1.0	4294	tags=23%, list=18%, signal=27%	
INACTIVATION OF CSF3 (G-CSF) SIGNALING%REACTOME DATABASE ID RELEASE 95%9705462	INACTIVATION OF CSF3 (G-CSF) SIGNALING%REACTOME DATABASE ID RELEASE 95%9705462		25	0.31581002	0.82949364	0.7129252	1.0	1.0	8948	tags=56%, list=37%, signal=88%	
EPITHELIAL TUBE FORMATION%GOBP%GO:0072175	EPITHELIAL TUBE FORMATION%GOBP%GO:0072175		45	0.2800424	0.82949233	0.76081425	1.0	1.0	4509	tags=20%, list=18%, signal=24%	
MELANOSOME ORGANIZATION%GOBP%GO:0032438	MELANOSOME ORGANIZATION%GOBP%GO:0032438		38	0.28842404	0.82910216	0.75169605	1.0	1.0	5715	tags=29%, list=23%, signal=38%	
FGFR3 SIGNALING IN CHONDROCYTE PROLIFERATION AND TERMINAL DIFFERENTIATION%WIKIPATHWAYS_20260211%WP4767%HOMO SAPIENS	FGFR3 SIGNALING IN CHONDROCYTE PROLIFERATION AND TERMINAL DIFFERENTIATION%WIKIPATHWAYS_20260211%WP4767%HOMO SAPIENS		27	0.30792522	0.82909757	0.73480666	1.0	1.0	3972	tags=19%, list=16%, signal=22%	
LUNG DEVELOPMENT%GOBP%GO:0030324	LUNG DEVELOPMENT%GOBP%GO:0030324		48	0.27481803	0.8290332	0.75726926	1.0	1.0	7839	tags=27%, list=32%, signal=40%	
NEGATIVE REGULATION OF KINASE ACTIVITY%GOBP%GO:0033673	NEGATIVE REGULATION OF KINASE ACTIVITY%GOBP%GO:0033673		74	0.25819552	0.8288214	0.77737665	1.0	1.0	7019	tags=30%, list=29%, signal=42%	
NEGATIVE REGULATION OF SMALL MOLECULE METABOLIC PROCESS%GOBP%GO:0062014	NEGATIVE REGULATION OF SMALL MOLECULE METABOLIC PROCESS%GOBP%GO:0062014		87	0.25046608	0.8286264	0.78647685	1.0	1.0	6494	tags=28%, list=27%, signal=37%	
EAR DEVELOPMENT%GOBP%GO:0043583	EAR DEVELOPMENT%GOBP%GO:0043583		76	0.25927943	0.8285277	0.797153	1.0	1.0	6543	tags=24%, list=27%, signal=32%	
POSITIVE REGULATION OF ORGANIC ACID TRANSPORT%GOBP%GO:0032892	POSITIVE REGULATION OF ORGANIC ACID TRANSPORT%GOBP%GO:0032892		20	0.32000422	0.82841766	0.7450425	1.0	1.0	6713	tags=40%, list=27%, signal=55%	
MUSCLE ADAPTATION%GOBP%GO:0043500	MUSCLE ADAPTATION%GOBP%GO:0043500		19	0.32709175	0.8283766	0.71650213	1.0	1.0	5699	tags=37%, list=23%, signal=48%	
RESPONSE TO MONOAMINE%GOBP%GO:0071867	RESPONSE TO MONOAMINE%GOBP%GO:0071867		39	0.28436983	0.82812965	0.7314578	1.0	1.0	7551	tags=31%, list=31%, signal=44%	
PIGMENT GRANULE ORGANIZATION%GOBP%GO:0048753	PIGMENT GRANULE ORGANIZATION%GOBP%GO:0048753		38	0.28842404	0.8281119	0.7405476	1.0	1.0	5715	tags=29%, list=23%, signal=38%	
PROTEIN ACETYLATION%GOBP%GO:0006473	PROTEIN ACETYLATION%GOBP%GO:0006473		26	0.30901307	0.82804817	0.745283	1.0	1.0	8505	tags=35%, list=35%, signal=53%	
REGULATION OF MRNA PROCESSING%GOBP%GO:0050684	REGULATION OF MRNA PROCESSING%GOBP%GO:0050684		134	0.2415217	0.8280098	0.83183855	1.0	1.0	6303	tags=27%, list=26%, signal=36%	
TGF_BETA_RECEPTOR%NETPATH%TGF_BETA_RECEPTOR	TGF_BETA_RECEPTOR%NETPATH%TGF_BETA_RECEPTOR		114	0.24323334	0.8278907	0.7917146	1.0	1.0	1721	tags=10%, list=7%, signal=10%	
ASSEMBLY OF ACTIVE LPL AND LIPC LIPASE COMPLEXES%REACTOME%R-HSA-8963889.5	ASSEMBLY OF ACTIVE LPL AND LIPC LIPASE COMPLEXES%REACTOME%R-HSA-8963889.5		18	0.333377	0.82754475	0.72063035	1.0	1.0	2484	tags=22%, list=10%, signal=25%	
MRNA DECAY BY 5' TO 3' EXORIBONUCLEASE%REACTOME DATABASE ID RELEASE 95%430039	MRNA DECAY BY 5' TO 3' EXORIBONUCLEASE%REACTOME DATABASE ID RELEASE 95%430039		15	0.34691063	0.8274944	0.7065693	1.0	1.0	7387	tags=40%, list=30%, signal=57%	
NEGATIVE REGULATION OF LEUKOCYTE PROLIFERATION%GOBP%GO:0070664	NEGATIVE REGULATION OF LEUKOCYTE PROLIFERATION%GOBP%GO:0070664		67	0.2621395	0.8274192	0.7838164	1.0	1.0	3627	tags=19%, list=15%, signal=23%	
COMPLEX IV ASSEMBLY%REACTOME DATABASE ID RELEASE 95%9864848	COMPLEX IV ASSEMBLY%REACTOME DATABASE ID RELEASE 95%9864848		43	0.27980006	0.8273119	0.7529566	1.0	1.0	4485	tags=21%, list=18%, signal=26%	
REGULATION OF SPHINGOLIPID BIOSYNTHETIC PROCESS%GOBP%GO:0090153	REGULATION OF SPHINGOLIPID BIOSYNTHETIC PROCESS%GOBP%GO:0090153		15	0.3470253	0.8271282	0.7223881	1.0	1.0	7522	tags=40%, list=31%, signal=58%	
WNT SIGNALING NETWORK%PATHWAY INTERACTION DATABASE NCI-NATURE CURATED DATA%WNT SIGNALING NETWORK	WNT SIGNALING NETWORK%PATHWAY INTERACTION DATABASE NCI-NATURE CURATED DATA%WNT SIGNALING NETWORK		28	0.3013275	0.82706124	0.7162162	1.0	1.0	6387	tags=36%, list=26%, signal=48%	
TCF DEPENDENT SIGNALING IN RESPONSE TO WNT%REACTOME%R-HSA-201681.3	TCF DEPENDENT SIGNALING IN RESPONSE TO WNT%REACTOME%R-HSA-201681.3		189	0.23245154	0.82705843	0.8568306	1.0	1.0	6479	tags=29%, list=26%, signal=39%	
NEURAL TUBE CLOSURE%GOBP%GO:0001843	NEURAL TUBE CLOSURE%GOBP%GO:0001843		31	0.30007714	0.82659185	0.7312253	1.0	1.0	4294	tags=23%, list=18%, signal=27%	
POSITIVE REGULATION OF DEVELOPMENTAL GROWTH%GOBP%GO:0048639	POSITIVE REGULATION OF DEVELOPMENTAL GROWTH%GOBP%GO:0048639		76	0.25782418	0.8264688	0.789916	1.0	1.0	5786	tags=24%, list=24%, signal=31%	
CELLULAR RESPONSE TO HYDROGEN PEROXIDE%GOBP%GO:0070301	CELLULAR RESPONSE TO HYDROGEN PEROXIDE%GOBP%GO:0070301		36	0.28963846	0.8262458	0.7526316	1.0	1.0	5558	tags=31%, list=23%, signal=39%	
CELLULAR RESPONSE TO RADIATION%GOBP%GO:0071478	CELLULAR RESPONSE TO RADIATION%GOBP%GO:0071478		135	0.24287562	0.8262243	0.8325792	1.0	1.0	6687	tags=28%, list=27%, signal=39%	
NONALCOHOLIC FATTY LIVER DISEASE%WIKIPATHWAYS_20260211%WP4396%HOMO SAPIENS	NONALCOHOLIC FATTY LIVER DISEASE%WIKIPATHWAYS_20260211%WP4396%HOMO SAPIENS		131	0.23956504	0.8261953	0.83870965	1.0	1.0	5972	tags=23%, list=24%, signal=30%	
AORTA MORPHOGENESIS%GOBP%GO:0035909	AORTA MORPHOGENESIS%GOBP%GO:0035909		22	0.31590018	0.82586426	0.71289873	1.0	1.0	2859	tags=18%, list=12%, signal=21%	
POSITIVE REGULATION OF LAMELLIPODIUM ORGANIZATION%GOBP%GO:1902745	POSITIVE REGULATION OF LAMELLIPODIUM ORGANIZATION%GOBP%GO:1902745		32	0.29695287	0.82583296	0.75757575	1.0	1.0	7531	tags=38%, list=31%, signal=54%	
HS-GAG BIOSYNTHESIS%REACTOME DATABASE ID RELEASE 95%2022928	HS-GAG BIOSYNTHESIS%REACTOME DATABASE ID RELEASE 95%2022928		32	0.29345664	0.82574874	0.7232267	1.0	1.0	1973	tags=13%, list=8%, signal=14%	
MFAP5 EFFECT ON PERMEABILITY AND MOTILITY OF ENDOTHELIAL CELLS VIA CYTOSKELETON REARRANGEMENT%WIKIPATHWAYS_20260211%WP4560%HOMO SAPIENS	MFAP5 EFFECT ON PERMEABILITY AND MOTILITY OF ENDOTHELIAL CELLS VIA CYTOSKELETON REARRANGEMENT%WIKIPATHWAYS_20260211%WP4560%HOMO SAPIENS		15	0.35498342	0.82567805	0.72805756	1.0	1.0	6517	tags=47%, list=27%, signal=64%	
ADP SIGNALLING THROUGH P2Y PURINOCEPTOR 1%REACTOME DATABASE ID RELEASE 95%418592	ADP SIGNALLING THROUGH P2Y PURINOCEPTOR 1%REACTOME DATABASE ID RELEASE 95%418592		24	0.3128737	0.8256438	0.7232525	1.0	1.0	3979	tags=25%, list=16%, signal=30%	
DEVELOPMENTAL CELL GROWTH%GOBP%GO:0048588	DEVELOPMENTAL CELL GROWTH%GOBP%GO:0048588		52	0.2712478	0.8253584	0.7799228	1.0	1.0	5398	tags=25%, list=22%, signal=32%	
MORPHOGENESIS OF A BRANCHING STRUCTURE%GOBP%GO:0001763	MORPHOGENESIS OF A BRANCHING STRUCTURE%GOBP%GO:0001763		55	0.26650816	0.82534075	0.75941676	1.0	1.0	6257	tags=24%, list=26%, signal=32%	
T CELL MODULATION AND DESMOPLASIA IN PANCREATIC CANCER%WIKIPATHWAYS_20260211%WP5078%HOMO SAPIENS	T CELL MODULATION AND DESMOPLASIA IN PANCREATIC CANCER%WIKIPATHWAYS_20260211%WP5078%HOMO SAPIENS		40	0.28140897	0.825197	0.7611182	1.0	1.0	7097	tags=30%, list=29%, signal=42%	
POSITIVE REGULATION OF B CELL ACTIVATION%GOBP%GO:0050871	POSITIVE REGULATION OF B CELL ACTIVATION%GOBP%GO:0050871		56	0.26458076	0.824958	0.7672956	1.0	1.0	6743	tags=38%, list=28%, signal=52%	
MICROTUBULE ANCHORING%GOBP%GO:0034453	MICROTUBULE ANCHORING%GOBP%GO:0034453		21	0.3219701	0.8249378	0.74825174	1.0	1.0	8468	tags=52%, list=35%, signal=80%	
MITOTIC PROMETAPHASE%REACTOME DATABASE ID RELEASE 95%68877	MITOTIC PROMETAPHASE%REACTOME DATABASE ID RELEASE 95%68877		184	0.23114574	0.8249346	0.86477643	1.0	1.0	6051	tags=23%, list=25%, signal=30%	
REGULATION OF IGF ACTIVITY BY IGFBP%REACTOME DATABASE ID RELEASE 95%381426	REGULATION OF IGF ACTIVITY BY IGFBP%REACTOME DATABASE ID RELEASE 95%381426		124	0.24292128	0.82490003	0.81623447	1.0	1.0	7349	tags=35%, list=30%, signal=50%	
INTEGRIN SIGNALING%REACTOME DATABASE ID RELEASE 95%354192	INTEGRIN SIGNALING%REACTOME DATABASE ID RELEASE 95%354192		26	0.3069059	0.82481134	0.74630874	1.0	1.0	9116	tags=50%, list=37%, signal=80%	
GPR143 IN MELANOCYTES AND RETINAL PIGMENT EPITHELIUM CELLS%WIKIPATHWAYS_20260211%WP4941%HOMO SAPIENS	GPR143 IN MELANOCYTES AND RETINAL PIGMENT EPITHELIUM CELLS%WIKIPATHWAYS_20260211%WP4941%HOMO SAPIENS		20	0.32688147	0.8247097	0.70412517	1.0	1.0	5803	tags=30%, list=24%, signal=39%	
RESPONSE OF ENDOTHELIAL CELLS TO SHEAR STRESS%REACTOME DATABASE ID RELEASE 95%9860931	RESPONSE OF ENDOTHELIAL CELLS TO SHEAR STRESS%REACTOME DATABASE ID RELEASE 95%9860931		90	0.2505715	0.82468057	0.80093133	1.0	1.0	5952	tags=23%, list=24%, signal=31%	
POSITIVE REGULATION OF T CELL PROLIFERATION%GOBP%GO:0042102	POSITIVE REGULATION OF T CELL PROLIFERATION%GOBP%GO:0042102		73	0.25595942	0.82433975	0.7892857	1.0	1.0	7711	tags=33%, list=31%, signal=48%	
PURINE NUCLEOSIDE METABOLIC PROCESS%GOBP%GO:0042278	PURINE NUCLEOSIDE METABOLIC PROCESS%GOBP%GO:0042278		17	0.33381674	0.8243325	0.7080925	1.0	1.0	3358	tags=24%, list=14%, signal=27%	
REGULATION OF DNA-TEMPLATED DNA REPLICATION INITIATION%GOBP%GO:0030174	REGULATION OF DNA-TEMPLATED DNA REPLICATION INITIATION%GOBP%GO:0030174		19	0.32828763	0.8241524	0.76023394	1.0	1.0	5475	tags=26%, list=22%, signal=34%	
PYRIDINE-CONTAINING COMPOUND METABOLIC PROCESS%GOBP%GO:0072524	PYRIDINE-CONTAINING COMPOUND METABOLIC PROCESS%GOBP%GO:0072524		107	0.24352083	0.82362294	0.8029954	1.0	1.0	8449	tags=37%, list=34%, signal=57%	
DEFECTIVE HOMOLOGOUS RECOMBINATION REPAIR (HRR) DUE TO BRCA2 LOSS OF FUNCTION%REACTOME DATABASE ID RELEASE 95%9701190	DEFECTIVE HOMOLOGOUS RECOMBINATION REPAIR (HRR) DUE TO BRCA2 LOSS OF FUNCTION%REACTOME DATABASE ID RELEASE 95%9701190		41	0.28235105	0.8231418	0.74647886	1.0	1.0	4340	tags=20%, list=18%, signal=24%	
TUBE FORMATION%GOBP%GO:0035148	TUBE FORMATION%GOBP%GO:0035148		52	0.2699699	0.8230718	0.7588005	1.0	1.0	6046	tags=25%, list=25%, signal=33%	
D-<I>MYO< I>-INOSITOL (1,3,4)-TRISPHOSPHATE BIOSYNTHESIS%BIOCYC%PWY-6364	D-<I>MYO< I>-INOSITOL (1,3,4)-TRISPHOSPHATE BIOSYNTHESIS%BIOCYC%PWY-6364		15	0.3456338	0.8229166	0.7106383	1.0	1.0	2487	tags=13%, list=10%, signal=15%	
NEGATIVE REGULATION OF ENDOTHELIAL CELL APOPTOTIC PROCESS%GOBP%GO:2000352	NEGATIVE REGULATION OF ENDOTHELIAL CELL APOPTOTIC PROCESS%GOBP%GO:2000352		26	0.30497476	0.8226606	0.76243097	1.0	1.0	3331	tags=19%, list=14%, signal=22%	
POSITIVE REGULATION OF ACTIN FILAMENT POLYMERIZATION%GOBP%GO:0030838	POSITIVE REGULATION OF ACTIN FILAMENT POLYMERIZATION%GOBP%GO:0030838		42	0.2807579	0.82260334	0.7522936	1.0	1.0	7694	tags=31%, list=31%, signal=45%	
KALLMANN SYNDROME%WIKIPATHWAYS_20260211%WP5074%HOMO SAPIENS	KALLMANN SYNDROME%WIKIPATHWAYS_20260211%WP5074%HOMO SAPIENS		21	0.32013747	0.82255685	0.74010557	1.0	1.0	7772	tags=38%, list=32%, signal=56%	
PHOSPHATIDIC ACID BIOSYNTHETIC PROCESS%GOBP%GO:0006654	PHOSPHATIDIC ACID BIOSYNTHETIC PROCESS%GOBP%GO:0006654		32	0.294667	0.8223844	0.76850605	1.0	1.0	3594	tags=19%, list=15%, signal=22%	
T CELL HOMEOSTASIS%GOBP%GO:0043029	T CELL HOMEOSTASIS%GOBP%GO:0043029		31	0.2937637	0.8221782	0.75724137	1.0	1.0	5558	tags=29%, list=23%, signal=38%	
CELLULAR RESPONSE TO MONOAMINE STIMULUS%GOBP%GO:0071868	CELLULAR RESPONSE TO MONOAMINE STIMULUS%GOBP%GO:0071868		39	0.28436983	0.82210416	0.7470817	1.0	1.0	7551	tags=31%, list=31%, signal=44%	
LEUKOCYTE APOPTOTIC PROCESS%GOBP%GO:0071887	LEUKOCYTE APOPTOTIC PROCESS%GOBP%GO:0071887		16	0.34360126	0.8220982	0.7339833	1.0	1.0	5253	tags=31%, list=21%, signal=40%	
CELLULAR RESPONSES TO MECHANICAL STIMULI%REACTOME%R-HSA-9855142.1	CELLULAR RESPONSES TO MECHANICAL STIMULI%REACTOME%R-HSA-9855142.1		100	0.24600881	0.82195884	0.81494254	1.0	1.0	4981	tags=20%, list=20%, signal=25%	
MUSCLE CELL MIGRATION%GOBP%GO:0014812	MUSCLE CELL MIGRATION%GOBP%GO:0014812		15	0.34575886	0.82187325	0.7124088	1.0	1.0	8854	tags=60%, list=36%, signal=94%	
POSITIVE REGULATION OF SPINDLE CHECKPOINT%GOBP%GO:0090232	POSITIVE REGULATION OF SPINDLE CHECKPOINT%GOBP%GO:0090232		21	0.3180032	0.8215086	0.7351724	1.0	1.0	4602	tags=29%, list=19%, signal=35%	
RHOC GTPASE CYCLE%REACTOME%R-HSA-9013106.2	RHOC GTPASE CYCLE%REACTOME%R-HSA-9013106.2		74	0.2564235	0.8211384	0.8011834	1.0	1.0	8562	tags=41%, list=35%, signal=62%	
CHORDATE EMBRYONIC DEVELOPMENT%GOBP%GO:0043009	CHORDATE EMBRYONIC DEVELOPMENT%GOBP%GO:0043009		187	0.2303024	0.8210281	0.86255413	1.0	1.0	4294	tags=16%, list=18%, signal=19%	
UBIQUITIN PROTEASOME PATHWAY%PANTHER PATHWAY%P00060	UBIQUITIN PROTEASOME PATHWAY%PANTHER PATHWAY%P00060		26	0.305345	0.8207307	0.73966944	1.0	1.0	3803	tags=23%, list=16%, signal=27%	
CELLULAR RESPONSE TO CALCIUM ION%GOBP%GO:0071277	CELLULAR RESPONSE TO CALCIUM ION%GOBP%GO:0071277		58	0.26853532	0.82068163	0.79072684	1.0	1.0	5918	tags=28%, list=24%, signal=36%	
PID_CD40_PATHWAY%MSIGDB_C2%PID_CD40_PATHWAY	PID_CD40_PATHWAY%MSIGDB_C2%PID_CD40_PATHWAY		27	0.3050357	0.8206071	0.72005385	1.0	1.0	7081	tags=33%, list=29%, signal=47%	
REGULATION OF HORMONE SECRETION%GOBP%GO:0046883	REGULATION OF HORMONE SECRETION%GOBP%GO:0046883		176	0.23185177	0.8203889	0.85825026	1.0	1.0	6593	tags=27%, list=27%, signal=36%	
VEGFR1 SPECIFIC SIGNALS%PATHWAY INTERACTION DATABASE NCI-NATURE CURATED DATA%VEGFR1 SPECIFIC SIGNALS	VEGFR1 SPECIFIC SIGNALS%PATHWAY INTERACTION DATABASE NCI-NATURE CURATED DATA%VEGFR1 SPECIFIC SIGNALS		27	0.30314165	0.82017267	0.74791086	1.0	1.0	6885	tags=30%, list=28%, signal=41%	
NEGATIVE REGULATION OF NEUROGENESIS%GOBP%GO:0050768	NEGATIVE REGULATION OF NEUROGENESIS%GOBP%GO:0050768		63	0.26178694	0.8196172	0.770073	1.0	1.0	5751	tags=32%, list=23%, signal=41%	
REGULATION OF DOUBLE-STRAND BREAK REPAIR VIA NONHOMOLOGOUS END JOINING%GOBP%GO:2001032	REGULATION OF DOUBLE-STRAND BREAK REPAIR VIA NONHOMOLOGOUS END JOINING%GOBP%GO:2001032		25	0.30863798	0.8196074	0.74229693	1.0	1.0	4749	tags=24%, list=19%, signal=30%	
ALK1 SIGNALING EVENTS%PATHWAY INTERACTION DATABASE NCI-NATURE CURATED DATA%ALK1 SIGNALING EVENTS	ALK1 SIGNALING EVENTS%PATHWAY INTERACTION DATABASE NCI-NATURE CURATED DATA%ALK1 SIGNALING EVENTS		26	0.31263864	0.8192947	0.76096183	1.0	1.0	6517	tags=31%, list=27%, signal=42%	
NEGATIVE REGULATION OF CELLULAR SENESCENCE%GOBP%GO:2000773	NEGATIVE REGULATION OF CELLULAR SENESCENCE%GOBP%GO:2000773		17	0.33241946	0.8192595	0.729927	1.0	1.0	3693	tags=24%, list=15%, signal=28%	
TRANSPORT OF VITAMINS, NUCLEOSIDES, AND RELATED MOLECULES%REACTOME%R-HSA-425397.6	TRANSPORT OF VITAMINS, NUCLEOSIDES, AND RELATED MOLECULES%REACTOME%R-HSA-425397.6		32	0.29574195	0.8192505	0.74723756	1.0	1.0	3854	tags=19%, list=16%, signal=22%	
ALPHA-SYNUCLEIN SIGNALING%PATHWAY INTERACTION DATABASE NCI-NATURE CURATED DATA%ALPHA-SYNUCLEIN SIGNALING	ALPHA-SYNUCLEIN SIGNALING%PATHWAY INTERACTION DATABASE NCI-NATURE CURATED DATA%ALPHA-SYNUCLEIN SIGNALING		31	0.29527462	0.8192152	0.7601626	1.0	1.0	6280	tags=35%, list=26%, signal=48%	
NETRIN UNC5B SIGNALING%WIKIPATHWAYS_20260211%WP4747%HOMO SAPIENS	NETRIN UNC5B SIGNALING%WIKIPATHWAYS_20260211%WP4747%HOMO SAPIENS		42	0.27718183	0.8188627	0.77272725	1.0	1.0	3240	tags=19%, list=13%, signal=22%	
SEPARATION OF SISTER CHROMATIDS%REACTOME DATABASE ID RELEASE 95%2467813	SEPARATION OF SISTER CHROMATIDS%REACTOME DATABASE ID RELEASE 95%2467813		156	0.23307961	0.81870353	0.86199343	1.0	1.0	3761	tags=17%, list=15%, signal=20%	
ACIDIC AMINO ACID TRANSPORT%GOBP%GO:0015800	ACIDIC AMINO ACID TRANSPORT%GOBP%GO:0015800		34	0.2895666	0.8182846	0.7353342	1.0	1.0	8142	tags=44%, list=33%, signal=66%	
REGULATION OF RELEASE OF SEQUESTERED CALCIUM ION INTO CYTOSOL%GOBP%GO:0051279	REGULATION OF RELEASE OF SEQUESTERED CALCIUM ION INTO CYTOSOL%GOBP%GO:0051279		59	0.26387453	0.8181423	0.77928483	1.0	1.0	5927	tags=27%, list=24%, signal=36%	
RNA POLYMERASE II TRANSCRIPTION THE PREINITIATION COMPLEX%WIKIPATHWAYS_20260211%WP5563%HOMO SAPIENS	RNA POLYMERASE II TRANSCRIPTION THE PREINITIATION COMPLEX%WIKIPATHWAYS_20260211%WP5563%HOMO SAPIENS		62	0.26270047	0.8180784	0.7880299	1.0	1.0	3512	tags=21%, list=14%, signal=24%	
PEPTIDYL-TYROSINE PHOSPHORYLATION%GOBP%GO:0018108	PEPTIDYL-TYROSINE PHOSPHORYLATION%GOBP%GO:0018108		49	0.27295148	0.818034	0.76687896	1.0	1.0	6909	tags=31%, list=28%, signal=43%	
LYSOSOMAL TRANSPORT%GOBP%GO:0007041	LYSOSOMAL TRANSPORT%GOBP%GO:0007041		126	0.23924848	0.8175908	0.8540479	1.0	1.0	4803	tags=22%, list=20%, signal=28%	
POSITIVE REGULATION OF MITOCHONDRIAL FISSION%GOBP%GO:0090141	POSITIVE REGULATION OF MITOCHONDRIAL FISSION%GOBP%GO:0090141		19	0.3232675	0.81745774	0.7257384	1.0	1.0	1024	tags=11%, list=4%, signal=11%	
PID_CXCR3_PATHWAY%MSIGDB_C2%PID_CXCR3_PATHWAY	PID_CXCR3_PATHWAY%MSIGDB_C2%PID_CXCR3_PATHWAY		36	0.28581852	0.8170395	0.7529566	1.0	1.0	6517	tags=28%, list=27%, signal=38%	
DEOXYRIBOSE PHOSPHATE CATABOLIC PROCESS%GOBP%GO:0046386	DEOXYRIBOSE PHOSPHATE CATABOLIC PROCESS%GOBP%GO:0046386		21	0.3238381	0.8164833	0.7507123	1.0	1.0	6699	tags=38%, list=27%, signal=52%	
ORGANELLE TRANSPORT ALONG MICROTUBULE%GOBP%GO:0072384	ORGANELLE TRANSPORT ALONG MICROTUBULE%GOBP%GO:0072384		77	0.25391275	0.8164064	0.81020164	1.0	1.0	5093	tags=25%, list=21%, signal=31%	
MAPK CASCADE%GOBP%GO:0000165	MAPK CASCADE%GOBP%GO:0000165		117	0.24081947	0.81637686	0.83371043	1.0	1.0	6888	tags=30%, list=28%, signal=41%	
POSITIVE REGULATION OF RESPONSE TO WOUNDING%GOBP%GO:1903036	POSITIVE REGULATION OF RESPONSE TO WOUNDING%GOBP%GO:1903036		59	0.26352578	0.81629354	0.78012425	1.0	1.0	7868	tags=37%, list=32%, signal=55%	
TYPE I INTERFERON-MEDIATED SIGNALING PATHWAY%GOBP%GO:0060337	TYPE I INTERFERON-MEDIATED SIGNALING PATHWAY%GOBP%GO:0060337		43	0.27921632	0.81623393	0.7758621	1.0	1.0	6821	tags=35%, list=28%, signal=48%	
MOLTING CYCLE PROCESS%GOBP%GO:0022404	MOLTING CYCLE PROCESS%GOBP%GO:0022404		27	0.30112413	0.8162035	0.75533426	1.0	1.0	6864	tags=33%, list=28%, signal=46%	
BCR-ABL ACTION IN CML PATHOGENESIS%SMPDB%SMP0031692	BCR-ABL ACTION IN CML PATHOGENESIS%SMPDB%SMP0031692		18	0.3337145	0.81617683	0.74687064	1.0	1.0	10390	tags=56%, list=42%, signal=96%	
LATE ENDOSOME TO VACUOLE TRANSPORT%GOBP%GO:0045324	LATE ENDOSOME TO VACUOLE TRANSPORT%GOBP%GO:0045324		36	0.2839988	0.81614196	0.75291073	1.0	1.0	8941	tags=47%, list=37%, signal=74%	
METHYLATION%GOBP%GO:0032259	METHYLATION%GOBP%GO:0032259		129	0.2376174	0.8158878	0.83258426	1.0	1.0	7206	tags=33%, list=29%, signal=47%	
PROTEIN DEPHOSPHORYLATION%GOBP%GO:0006470	PROTEIN DEPHOSPHORYLATION%GOBP%GO:0006470		86	0.24746682	0.81579185	0.8337264	1.0	1.0	5402	tags=23%, list=22%, signal=30%	
GPER1 SIGNALING%REACTOME DATABASE ID RELEASE 95%9634597	GPER1 SIGNALING%REACTOME DATABASE ID RELEASE 95%9634597		43	0.27305856	0.8156494	0.76794875	1.0	1.0	4981	tags=26%, list=20%, signal=32%	
SIGNALING BY MET%REACTOME DATABASE ID RELEASE 95%6806834	SIGNALING BY MET%REACTOME DATABASE ID RELEASE 95%6806834		64	0.25990653	0.81563425	0.7915106	1.0	1.0	7567	tags=34%, list=31%, signal=50%	
REGULATION OF EXTRINSIC APOPTOTIC SIGNALING PATHWAY%GOBP%GO:2001236	REGULATION OF EXTRINSIC APOPTOTIC SIGNALING PATHWAY%GOBP%GO:2001236		115	0.2402154	0.8156139	0.83124286	1.0	1.0	7214	tags=35%, list=29%, signal=49%	
PONATINIB INHIBITION OF BCR-ABL%PATHWHIZ%PW032598	PONATINIB INHIBITION OF BCR-ABL%PATHWHIZ%PW032598		18	0.3337145	0.8155332	0.73623186	1.0	1.0	10390	tags=56%, list=42%, signal=96%	
VESICLE TARGETING%GOBP%GO:0006903	VESICLE TARGETING%GOBP%GO:0006903		59	0.26101905	0.8154843	0.78624076	1.0	1.0	5932	tags=31%, list=24%, signal=40%	
POSITIVE REGULATION OF PROTEIN CATABOLIC PROCESS%GOBP%GO:0045732	POSITIVE REGULATION OF PROTEIN CATABOLIC PROCESS%GOBP%GO:0045732		192	0.22769284	0.8154106	0.8739035	1.0	1.0	5417	tags=20%, list=22%, signal=26%	
MATURATION OF 5.8S RRNA%GOBP%GO:0000460	MATURATION OF 5.8S RRNA%GOBP%GO:0000460		38	0.28603178	0.81535584	0.78300655	1.0	1.0	3333	tags=18%, list=14%, signal=21%	
POSITIVE REGULATION OF SUPRAMOLECULAR FIBER ORGANIZATION%GOBP%GO:1902905	POSITIVE REGULATION OF SUPRAMOLECULAR FIBER ORGANIZATION%GOBP%GO:1902905		144	0.23382387	0.81477994	0.8517699	1.0	1.0	7792	tags=32%, list=32%, signal=47%	
NEGATIVE REGULATION OF CELL PROJECTION ORGANIZATION%GOBP%GO:0031345	NEGATIVE REGULATION OF CELL PROJECTION ORGANIZATION%GOBP%GO:0031345		118	0.2384871	0.8147527	0.8318078	1.0	1.0	6484	tags=31%, list=26%, signal=42%	
RESPONSE TO ACIDIC PH%GOBP%GO:0010447	RESPONSE TO ACIDIC PH%GOBP%GO:0010447		22	0.31770465	0.8144435	0.7510489	1.0	1.0	7604	tags=45%, list=31%, signal=66%	
POSITIVE REGULATION OF TYROSINE PHOSPHORYLATION OF STAT PROTEIN%GOBP%GO:0042531	POSITIVE REGULATION OF TYROSINE PHOSPHORYLATION OF STAT PROTEIN%GOBP%GO:0042531		31	0.2976594	0.8144101	0.7547684	1.0	1.0	8841	tags=48%, list=36%, signal=76%	
POSITIVE REGULATION OF NEURON APOPTOTIC PROCESS%GOBP%GO:0043525	POSITIVE REGULATION OF NEURON APOPTOTIC PROCESS%GOBP%GO:0043525		38	0.2811422	0.81435883	0.7703412	1.0	1.0	3951	tags=18%, list=16%, signal=22%	
BLOOD BASED NEUROINFLAMMATION MARKERS %WIKIPATHWAYS_20260211%WP5548%HOMO SAPIENS	BLOOD BASED NEUROINFLAMMATION MARKERS %WIKIPATHWAYS_20260211%WP5548%HOMO SAPIENS		20	0.32084635	0.81425214	0.74068767	1.0	1.0	12219	tags=60%, list=50%, signal=120%	
RANKL RANK SIGNALING%WIKIPATHWAYS_20260211%WP2018%HOMO SAPIENS	RANKL RANK SIGNALING%WIKIPATHWAYS_20260211%WP2018%HOMO SAPIENS		43	0.27579412	0.8138308	0.7797927	1.0	1.0	7292	tags=33%, list=30%, signal=46%	
REPLICATION FORK PROCESSING%GOBP%GO:0031297	REPLICATION FORK PROCESSING%GOBP%GO:0031297		59	0.26173294	0.8138207	0.80442804	1.0	1.0	1291	tags=10%, list=5%, signal=11%	
REGULATION OF INTRINSIC APOPTOTIC SIGNALING PATHWAY IN RESPONSE TO DNA DAMAGE%GOBP%GO:1902229	REGULATION OF INTRINSIC APOPTOTIC SIGNALING PATHWAY IN RESPONSE TO DNA DAMAGE%GOBP%GO:1902229		31	0.29071435	0.81375945	0.7563249	1.0	1.0	5144	tags=26%, list=21%, signal=33%	
RSV-HOST INTERACTIONS%REACTOME%R-HSA-9833110.2	RSV-HOST INTERACTIONS%REACTOME%R-HSA-9833110.2		96	0.24568619	0.8134729	0.8256773	1.0	1.0	3648	tags=17%, list=15%, signal=20%	
MAP3K8 (TPL2)-DEPENDENT MAPK1 3 ACTIVATION%REACTOME%R-HSA-5684264.4	MAP3K8 (TPL2)-DEPENDENT MAPK1 3 ACTIVATION%REACTOME%R-HSA-5684264.4		16	0.3399153	0.8131744	0.7320644	1.0	1.0	4634	tags=31%, list=19%, signal=39%	
CARBOHYDRATE HOMEOSTASIS%GOBP%GO:0033500	CARBOHYDRATE HOMEOSTASIS%GOBP%GO:0033500		136	0.23705581	0.8128594	0.84709823	1.0	1.0	5253	tags=21%, list=21%, signal=26%	
TUMOR NECROSIS FACTOR-MEDIATED SIGNALING PATHWAY%GOBP%GO:0033209	TUMOR NECROSIS FACTOR-MEDIATED SIGNALING PATHWAY%GOBP%GO:0033209		41	0.27751547	0.8128071	0.77923787	1.0	1.0	6454	tags=29%, list=26%, signal=40%	
POLYCYSTIC KIDNEY DISEASE PATHWAY%WIKIPATHWAYS_20260211%WP2571%HOMO SAPIENS	POLYCYSTIC KIDNEY DISEASE PATHWAY%WIKIPATHWAYS_20260211%WP2571%HOMO SAPIENS		76	0.25007972	0.81268966	0.82843715	1.0	1.0	6517	tags=30%, list=27%, signal=41%	
MRNA PROCESSING%WIKIPATHWAYS_20260211%WP411%HOMO SAPIENS	MRNA PROCESSING%WIKIPATHWAYS_20260211%WP411%HOMO SAPIENS		97	0.24457426	0.812254	0.8295858	1.0	1.0	6169	tags=26%, list=25%, signal=34%	
RESPONSE TO DSRNA%GOBP%GO:0043331	RESPONSE TO DSRNA%GOBP%GO:0043331		35	0.2854928	0.8120641	0.75033736	1.0	1.0	3687	tags=17%, list=15%, signal=20%	
RIBOSOMAL SMALL SUBUNIT BIOGENESIS%GOBP%GO:0042274	RIBOSOMAL SMALL SUBUNIT BIOGENESIS%GOBP%GO:0042274		102	0.24370387	0.8120392	0.8418014	1.0	1.0	3667	tags=17%, list=15%, signal=20%	
CELLULAR RESPONSE TO CATECHOLAMINE STIMULUS%GOBP%GO:0071870	CELLULAR RESPONSE TO CATECHOLAMINE STIMULUS%GOBP%GO:0071870		39	0.28436983	0.81185883	0.77923787	1.0	1.0	7551	tags=31%, list=31%, signal=44%	
OSTEOBLAST DIFFERENTIATION%GOBP%GO:0001649	OSTEOBLAST DIFFERENTIATION%GOBP%GO:0001649		87	0.24624845	0.81162137	0.83495146	1.0	1.0	4506	tags=20%, list=18%, signal=24%	
VITAMIN D RECEPTOR PATHWAY%WIKIPATHWAYS_20260211%WP2877%HOMO SAPIENS	VITAMIN D RECEPTOR PATHWAY%WIKIPATHWAYS_20260211%WP2877%HOMO SAPIENS		163	0.23070908	0.81158394	0.872549	1.0	1.0	7868	tags=37%, list=32%, signal=55%	
TARGETED AGENTS IN TRIPLE NEGATIVE BREAST CANCER%WIKIPATHWAYS_20260211%WP5215%HOMO SAPIENS	TARGETED AGENTS IN TRIPLE NEGATIVE BREAST CANCER%WIKIPATHWAYS_20260211%WP5215%HOMO SAPIENS		32	0.28555542	0.8115576	0.7643909	1.0	1.0	4987	tags=22%, list=20%, signal=27%	
NEGATIVE REGULATION OF TRANSMEMBRANE RECEPTOR PROTEIN SERINE/THREONINE KINASE SIGNALING PATHWAY%GOBP%GO:0090101	NEGATIVE REGULATION OF TRANSMEMBRANE RECEPTOR PROTEIN SERINE/THREONINE KINASE SIGNALING PATHWAY%GOBP%GO:0090101		126	0.23648421	0.81148374	0.86179775	1.0	1.0	4341	tags=21%, list=18%, signal=25%	
SODIUM ION IMPORT ACROSS PLASMA MEMBRANE%GOBP%GO:0098719	SODIUM ION IMPORT ACROSS PLASMA MEMBRANE%GOBP%GO:0098719		25	0.30479378	0.8111936	0.72830725	1.0	1.0	7604	tags=44%, list=31%, signal=64%	
NUCLEAR RECEPTOR-MEDIATED STEROID HORMONE SIGNALING PATHWAY%GOBP%GO:0030518	NUCLEAR RECEPTOR-MEDIATED STEROID HORMONE SIGNALING PATHWAY%GOBP%GO:0030518		50	0.26918632	0.8108338	0.7786458	1.0	1.0	5387	tags=22%, list=22%, signal=28%	
RND3 GTPASE CYCLE%REACTOME DATABASE ID RELEASE 95%9696264	RND3 GTPASE CYCLE%REACTOME DATABASE ID RELEASE 95%9696264		42	0.27873015	0.8108057	0.752235	1.0	1.0	6815	tags=29%, list=28%, signal=40%	
POTASSIUM ION TRANSPORT%GOBP%GO:0006813	POTASSIUM ION TRANSPORT%GOBP%GO:0006813		160	0.23054315	0.8106823	0.86994535	1.0	1.0	7465	tags=30%, list=30%, signal=43%	
SIGNALING EVENTS REGULATED BY RET TYROSINE KINASE%PATHWAY INTERACTION DATABASE NCI-NATURE CURATED DATA%SIGNALING EVENTS REGULATED BY RET TYROSINE KINASE	SIGNALING EVENTS REGULATED BY RET TYROSINE KINASE%PATHWAY INTERACTION DATABASE NCI-NATURE CURATED DATA%SIGNALING EVENTS REGULATED BY RET TYROSINE KINASE		39	0.28236067	0.8105771	0.7712766	1.0	1.0	7612	tags=41%, list=31%, signal=59%	
FORMATION OF PRIMARY GERM LAYER%GOBP%GO:0001704	FORMATION OF PRIMARY GERM LAYER%GOBP%GO:0001704		73	0.25203252	0.8104757	0.8136646	1.0	1.0	6139	tags=26%, list=25%, signal=35%	
REGULATION OF NF-KAPPA B SIGNALING%REACTOME%R-HSA-9758274.2	REGULATION OF NF-KAPPA B SIGNALING%REACTOME%R-HSA-9758274.2		17	0.33091128	0.8104212	0.74814814	1.0	1.0	7198	tags=47%, list=29%, signal=67%	
G ALPHA (12 13) SIGNALLING EVENTS%REACTOME%R-HSA-416482.7	G ALPHA (12 13) SIGNALLING EVENTS%REACTOME%R-HSA-416482.7		80	0.24886586	0.81035566	0.8138425	1.0	1.0	5701	tags=25%, list=23%, signal=32%	
CELL SURFACE TOLL-LIKE RECEPTOR SIGNALING PATHWAY%GOBP%GO:0140895	CELL SURFACE TOLL-LIKE RECEPTOR SIGNALING PATHWAY%GOBP%GO:0140895		32	0.2889451	0.8100965	0.772423	1.0	1.0	5013	tags=31%, list=20%, signal=39%	
OXIDATIVE STRESS RESPONSE%WIKIPATHWAYS_20260211%WP408%HOMO SAPIENS	OXIDATIVE STRESS RESPONSE%WIKIPATHWAYS_20260211%WP408%HOMO SAPIENS		21	0.31771976	0.810064	0.7452416	1.0	1.0	8954	tags=48%, list=37%, signal=75%	
NUCLEOSOME ORGANIZATION%GOBP%GO:0034728	NUCLEOSOME ORGANIZATION%GOBP%GO:0034728		80	0.2502581	0.809813	0.83056873	1.0	1.0	4535	tags=20%, list=19%, signal=24%	
PROTEINOGENIC AMINO ACID METABOLIC PROCESS%GOBP%GO:0170039	PROTEINOGENIC AMINO ACID METABOLIC PROCESS%GOBP%GO:0170039		121	0.23793487	0.80973345	0.85363126	1.0	1.0	5806	tags=29%, list=24%, signal=38%	
OLIGODENDROCYTE DEVELOPMENT%GOBP%GO:0014003	OLIGODENDROCYTE DEVELOPMENT%GOBP%GO:0014003		22	0.31416637	0.8094129	0.75348186	1.0	1.0	6295	tags=36%, list=26%, signal=49%	
SUMOYLATION OF DNA METHYLATION PROTEINS%REACTOME DATABASE ID RELEASE 95%4655427	SUMOYLATION OF DNA METHYLATION PROTEINS%REACTOME DATABASE ID RELEASE 95%4655427		15	0.33957884	0.80938345	0.74229693	1.0	1.0	2074	tags=20%, list=8%, signal=22%	
GLYCOSYL COMPOUND BIOSYNTHETIC PROCESS%GOBP%GO:1901659	GLYCOSYL COMPOUND BIOSYNTHETIC PROCESS%GOBP%GO:1901659		17	0.3303276	0.8093756	0.7369186	1.0	1.0	6785	tags=35%, list=28%, signal=49%	
NEURON APOPTOTIC PROCESS%GOBP%GO:0051402	NEURON APOPTOTIC PROCESS%GOBP%GO:0051402		24	0.3077039	0.80933803	0.75736326	1.0	1.0	4990	tags=33%, list=20%, signal=42%	
IL2%NETPATH%IL2	IL2%NETPATH%IL2		60	0.25984403	0.80930036	0.80524343	1.0	1.0	6517	tags=32%, list=27%, signal=43%	
INSULIN IGF PATHWAY-MITOGEN ACTIVATED PROTEIN KINASE KINASE MAP KINASE CASCADE%PANTHER PATHWAY%P00032	INSULIN IGF PATHWAY-MITOGEN ACTIVATED PROTEIN KINASE KINASE MAP KINASE CASCADE%PANTHER PATHWAY%P00032		29	0.2978935	0.8092013	0.755291	1.0	1.0	3354	tags=21%, list=14%, signal=24%	
POSITIVE REGULATION OF GLYCOGEN METABOLIC PROCESS%GOBP%GO:0070875	POSITIVE REGULATION OF GLYCOGEN METABOLIC PROCESS%GOBP%GO:0070875		16	0.33702207	0.8090784	0.74856323	1.0	1.0	6967	tags=31%, list=28%, signal=44%	
POLYAMINE METABOLIC PROCESS%GOBP%GO:0006595	POLYAMINE METABOLIC PROCESS%GOBP%GO:0006595		17	0.33136517	0.8088269	0.7293956	1.0	1.0	1036	tags=18%, list=4%, signal=18%	
E3 UBIQUITIN LIGASES UBIQUITINATE TARGET PROTEINS%REACTOME%R-HSA-8866654.5	E3 UBIQUITIN LIGASES UBIQUITINATE TARGET PROTEINS%REACTOME%R-HSA-8866654.5		55	0.26361787	0.80874836	0.8121137	1.0	1.0	4443	tags=22%, list=18%, signal=27%	
EPHRIN RECEPTOR SIGNALING PATHWAY%GOBP%GO:0048013	EPHRIN RECEPTOR SIGNALING PATHWAY%GOBP%GO:0048013		45	0.27037552	0.80864316	0.7817715	1.0	1.0	7704	tags=36%, list=31%, signal=52%	
IL6 SIGNALING%WIKIPATHWAYS_20260211%WP364%HOMO SAPIENS	IL6 SIGNALING%WIKIPATHWAYS_20260211%WP364%HOMO SAPIENS		37	0.2772103	0.808526	0.8025641	1.0	1.0	8892	tags=49%, list=36%, signal=76%	
ARF6 DOWNSTREAM PATHWAY%PATHWAY INTERACTION DATABASE NCI-NATURE CURATED DATA%ARF6 DOWNSTREAM PATHWAY	ARF6 DOWNSTREAM PATHWAY%PATHWAY INTERACTION DATABASE NCI-NATURE CURATED DATA%ARF6 DOWNSTREAM PATHWAY		15	0.34115237	0.8084651	0.7289157	1.0	1.0	3171	tags=27%, list=13%, signal=31%	
POSITIVE REGULATION OF TRANSFORMING GROWTH FACTOR BETA RECEPTOR SIGNALING PATHWAY%GOBP%GO:0030511	POSITIVE REGULATION OF TRANSFORMING GROWTH FACTOR BETA RECEPTOR SIGNALING PATHWAY%GOBP%GO:0030511		25	0.30495042	0.8082762	0.7579972	1.0	1.0	8014	tags=44%, list=33%, signal=65%	
CELL GROWTH%GOBP%GO:0016049	CELL GROWTH%GOBP%GO:0016049		53	0.26469994	0.8082628	0.81772786	1.0	1.0	5398	tags=25%, list=22%, signal=31%	
TAIL-ANCHORED MEMBRANE PROTEIN INSERTION INTO ER MEMBRANE%GOBP%GO:0071816	TAIL-ANCHORED MEMBRANE PROTEIN INSERTION INTO ER MEMBRANE%GOBP%GO:0071816		17	0.328572	0.8080621	0.73819745	1.0	1.0	7043	tags=35%, list=29%, signal=50%	
HAIR CYCLE PROCESS%GOBP%GO:0022405	HAIR CYCLE PROCESS%GOBP%GO:0022405		27	0.30112413	0.80800915	0.7847222	1.0	1.0	6864	tags=33%, list=28%, signal=46%	
TOLL LIKE RECEPTOR 2 (TLR2) CASCADE%REACTOME%R-HSA-181438.3	TOLL LIKE RECEPTOR 2 (TLR2) CASCADE%REACTOME%R-HSA-181438.3		110	0.23959124	0.80790746	0.8652074	1.0	1.0	5027	tags=25%, list=21%, signal=31%	
TOLL LIKE RECEPTOR TLR6:TLR2 CASCADE%REACTOME%R-HSA-168188.3	TOLL LIKE RECEPTOR TLR6:TLR2 CASCADE%REACTOME%R-HSA-168188.3		110	0.23959124	0.8078176	0.85240275	1.0	1.0	5027	tags=25%, list=21%, signal=31%	
LATE PHASE OF HIV LIFE CYCLE%REACTOME%R-HSA-162599.4	LATE PHASE OF HIV LIFE CYCLE%REACTOME%R-HSA-162599.4		134	0.2331471	0.80761075	0.863892	1.0	1.0	7022	tags=28%, list=29%, signal=38%	
VESICLE CARGO LOADING%GOBP%GO:0035459	VESICLE CARGO LOADING%GOBP%GO:0035459		33	0.28876904	0.8075168	0.76604277	1.0	1.0	5738	tags=39%, list=23%, signal=51%	
TOLL LIKE RECEPTOR TLR1:TLR2 CASCADE%REACTOME%R-HSA-168179.3	TOLL LIKE RECEPTOR TLR1:TLR2 CASCADE%REACTOME%R-HSA-168179.3		110	0.23959124	0.80740213	0.82494277	1.0	1.0	5027	tags=25%, list=21%, signal=31%	
NUCLEOSIDE TRIPHOSPHATE BIOSYNTHETIC PROCESS%GOBP%GO:0009142	NUCLEOSIDE TRIPHOSPHATE BIOSYNTHETIC PROCESS%GOBP%GO:0009142		79	0.25022343	0.80729824	0.8079232	1.0	1.0	3417	tags=13%, list=14%, signal=15%	
NEGATIVE REGULATION OF RNA SPLICING%GOBP%GO:0033119	NEGATIVE REGULATION OF RNA SPLICING%GOBP%GO:0033119		32	0.28894415	0.80728483	0.77534246	1.0	1.0	1739	tags=9%, list=7%, signal=10%	
POSITIVE REGULATION OF PROTEIN LOCALIZATION TO NUCLEUS%GOBP%GO:1900182	POSITIVE REGULATION OF PROTEIN LOCALIZATION TO NUCLEUS%GOBP%GO:1900182		72	0.2537001	0.8072848	0.8179582	1.0	1.0	7246	tags=32%, list=30%, signal=45%	
POSITIVE REGULATION OF STEM CELL DIFFERENTIATION%GOBP%GO:2000738	POSITIVE REGULATION OF STEM CELL DIFFERENTIATION%GOBP%GO:2000738		20	0.31448737	0.807195	0.7569832	1.0	1.0	5535	tags=35%, list=23%, signal=45%	
MONOSACCHARIDE BIOSYNTHETIC PROCESS%GOBP%GO:0046364	MONOSACCHARIDE BIOSYNTHETIC PROCESS%GOBP%GO:0046364		36	0.28406054	0.8071569	0.7660739	1.0	1.0	8551	tags=44%, list=35%, signal=68%	
POSITIVE REGULATION OF CELLULAR RESPONSE TO TRANSFORMING GROWTH FACTOR BETA STIMULUS%GOBP%GO:1903846	POSITIVE REGULATION OF CELLULAR RESPONSE TO TRANSFORMING GROWTH FACTOR BETA STIMULUS%GOBP%GO:1903846		25	0.30495042	0.80695426	0.73743016	1.0	1.0	8014	tags=44%, list=33%, signal=65%	
MECHANICAL LOAD ACTIVATES SIGNALING BY PIEZO1 AND INTEGRINS IN OSTEOCYTES%REACTOME DATABASE ID RELEASE 95%9856532	MECHANICAL LOAD ACTIVATES SIGNALING BY PIEZO1 AND INTEGRINS IN OSTEOCYTES%REACTOME DATABASE ID RELEASE 95%9856532		17	0.33093056	0.80676097	0.75813293	1.0	1.0	6795	tags=35%, list=28%, signal=49%	
HETEROCHROMATIN FORMATION%GOBP%GO:0031507	HETEROCHROMATIN FORMATION%GOBP%GO:0031507		177	0.22898388	0.8064753	0.880744	1.0	1.0	3524	tags=15%, list=14%, signal=18%	
RESPONSE TO OSMOTIC STRESS%GOBP%GO:0006970	RESPONSE TO OSMOTIC STRESS%GOBP%GO:0006970		49	0.27035943	0.80640125	0.7919897	1.0	1.0	8025	tags=35%, list=33%, signal=51%	
INTERLEUKIN 1 IL 1 STRUCTURAL PATHWAY%WIKIPATHWAYS_20260211%WP2637%HOMO SAPIENS	INTERLEUKIN 1 IL 1 STRUCTURAL PATHWAY%WIKIPATHWAYS_20260211%WP2637%HOMO SAPIENS		40	0.27015424	0.8063101	0.79172057	1.0	1.0	6517	tags=30%, list=27%, signal=41%	
PURINE NUCLEOTIDE CATABOLIC PROCESS%GOBP%GO:0006195	PURINE NUCLEOTIDE CATABOLIC PROCESS%GOBP%GO:0006195		63	0.2580396	0.8061127	0.795539	1.0	1.0	8789	tags=40%, list=36%, signal=62%	
REGULATION OF SYNAPTIC VESICLE EXOCYTOSIS%GOBP%GO:2000300	REGULATION OF SYNAPTIC VESICLE EXOCYTOSIS%GOBP%GO:2000300		27	0.3005697	0.8060146	0.7735849	1.0	1.0	3413	tags=19%, list=14%, signal=21%	
MITOCHONDRIAL GENE EXPRESSION%WIKIPATHWAYS_20260211%WP391%HOMO SAPIENS	MITOCHONDRIAL GENE EXPRESSION%WIKIPATHWAYS_20260211%WP391%HOMO SAPIENS		19	0.32041448	0.805812	0.76022565	1.0	1.0	346	tags=5%, list=1%, signal=5%	
POSITIVE REGULATION OF MACROPHAGE ACTIVATION%GOBP%GO:0043032	POSITIVE REGULATION OF MACROPHAGE ACTIVATION%GOBP%GO:0043032		19	0.31720257	0.80577207	0.7440559	1.0	1.0	8403	tags=37%, list=34%, signal=56%	
REGULATED NECROSIS%REACTOME DATABASE ID RELEASE 95%5218859	REGULATED NECROSIS%REACTOME DATABASE ID RELEASE 95%5218859		58	0.26097056	0.8057085	0.80754715	1.0	1.0	5558	tags=22%, list=23%, signal=29%	
OPIOID SIGNALLING%REACTOME DATABASE ID RELEASE 95%111885	OPIOID SIGNALLING%REACTOME DATABASE ID RELEASE 95%111885		88	0.2431893	0.805596	0.8232503	1.0	1.0	6168	tags=27%, list=25%, signal=36%	
POSITIVE REGULATION OF GLYCOPROTEIN METABOLIC PROCESS%GOBP%GO:1903020	POSITIVE REGULATION OF GLYCOPROTEIN METABOLIC PROCESS%GOBP%GO:1903020		16	0.3354681	0.8054916	0.73333335	1.0	1.0	7694	tags=56%, list=31%, signal=82%	
LEUKOCYTE HOMEOSTASIS%GOBP%GO:0001776	LEUKOCYTE HOMEOSTASIS%GOBP%GO:0001776		57	0.25779137	0.80545074	0.80867344	1.0	1.0	6915	tags=33%, list=28%, signal=46%	
NEGATIVE REGULATION OF PROTEIN UBIQUITINATION%GOBP%GO:0031397	NEGATIVE REGULATION OF PROTEIN UBIQUITINATION%GOBP%GO:0031397		64	0.25758877	0.8053541	0.8347613	1.0	1.0	3732	tags=19%, list=15%, signal=22%	
ALSTROM SYNDROME%WIKIPATHWAYS_20260211%WP5202%HOMO SAPIENS	ALSTROM SYNDROME%WIKIPATHWAYS_20260211%WP5202%HOMO SAPIENS		30	0.2950969	0.8052613	0.7699594	1.0	1.0	7844	tags=37%, list=32%, signal=54%	
BIOCARTA_PAR1_PATHWAY%MSIGDB_C2%BIOCARTA_PAR1_PATHWAY	BIOCARTA_PAR1_PATHWAY%MSIGDB_C2%BIOCARTA_PAR1_PATHWAY		15	0.3370601	0.8052608	0.748191	1.0	1.0	9629	tags=47%, list=39%, signal=77%	
CD28 CO-STIMULATION%REACTOME DATABASE ID RELEASE 95%389356	CD28 CO-STIMULATION%REACTOME DATABASE ID RELEASE 95%389356		46	0.2710961	0.80524194	0.76943004	1.0	1.0	6321	tags=24%, list=26%, signal=32%	
REGULATION OF NECROPTOTIC CELL DEATH%REACTOME DATABASE ID RELEASE 95%5675482	REGULATION OF NECROPTOTIC CELL DEATH%REACTOME DATABASE ID RELEASE 95%5675482		31	0.28456545	0.805201	0.7663934	1.0	1.0	5558	tags=26%, list=23%, signal=33%	
PID_RET_PATHWAY%MSIGDB_C2%PID_RET_PATHWAY	PID_RET_PATHWAY%MSIGDB_C2%PID_RET_PATHWAY		31	0.291677	0.80516523	0.7776316	1.0	1.0	7612	tags=45%, list=31%, signal=65%	
NUCLEAR ENVELOPE ORGANIZATION%GOBP%GO:0006998	NUCLEAR ENVELOPE ORGANIZATION%GOBP%GO:0006998		54	0.26248473	0.8043218	0.79615384	1.0	1.0	4348	tags=19%, list=18%, signal=22%	
NEGATIVE REGULATION OF PROTEIN POLYMERIZATION%GOBP%GO:0032272	NEGATIVE REGULATION OF PROTEIN POLYMERIZATION%GOBP%GO:0032272		44	0.2722858	0.8042813	0.7966102	1.0	1.0	4777	tags=27%, list=20%, signal=34%	
CYCLIN DEPENDENT KINASE 4 6 INHIBITORS IN BREAST CANCER%WIKIPATHWAYS_20260211%WP5497%HOMO SAPIENS	CYCLIN DEPENDENT KINASE 4 6 INHIBITORS IN BREAST CANCER%WIKIPATHWAYS_20260211%WP5497%HOMO SAPIENS		31	0.28886348	0.80420804	0.7688172	1.0	1.0	10519	tags=42%, list=43%, signal=73%	
RETINA HOMEOSTASIS%GOBP%GO:0001895	RETINA HOMEOSTASIS%GOBP%GO:0001895		44	0.27109343	0.804156	0.82329845	1.0	1.0	4098	tags=18%, list=17%, signal=22%	
DNA METHYLATION-DEPENDENT CONSTITUTIVE HETEROCHROMATIN FORMATION%GOBP%GO:0006346	DNA METHYLATION-DEPENDENT CONSTITUTIVE HETEROCHROMATIN FORMATION%GOBP%GO:0006346		34	0.28624701	0.8041178	0.7816245	1.0	1.0	3383	tags=18%, list=14%, signal=20%	
SIGNALING BY BRAF AND RAF1 FUSIONS%REACTOME DATABASE ID RELEASE 95%6802952	SIGNALING BY BRAF AND RAF1 FUSIONS%REACTOME DATABASE ID RELEASE 95%6802952		62	0.25439128	0.8040444	0.8044832	1.0	1.0	8960	tags=40%, list=37%, signal=63%	
MYD88:MAL(TIRAP) CASCADE INITIATED ON PLASMA MEMBRANE%REACTOME%R-HSA-166058.5	MYD88:MAL(TIRAP) CASCADE INITIATED ON PLASMA MEMBRANE%REACTOME%R-HSA-166058.5		110	0.23959124	0.8035713	0.8623104	1.0	1.0	5027	tags=25%, list=21%, signal=31%	
PEPTIDYL-TYROSINE MODIFICATION%GOBP%GO:0018212	PEPTIDYL-TYROSINE MODIFICATION%GOBP%GO:0018212		51	0.26197997	0.80344206	0.8084291	1.0	1.0	6909	tags=29%, list=28%, signal=41%	
IL23-MEDIATED SIGNALING EVENTS%PATHWAY INTERACTION DATABASE NCI-NATURE CURATED DATA%IL23-MEDIATED SIGNALING EVENTS	IL23-MEDIATED SIGNALING EVENTS%PATHWAY INTERACTION DATABASE NCI-NATURE CURATED DATA%IL23-MEDIATED SIGNALING EVENTS		37	0.2825405	0.80342305	0.8010336	1.0	1.0	7593	tags=35%, list=31%, signal=51%	
RESPONSE TO AMYLOID-BETA%GOBP%GO:1904645	RESPONSE TO AMYLOID-BETA%GOBP%GO:1904645		43	0.26879257	0.80339354	0.7747748	1.0	1.0	3183	tags=16%, list=13%, signal=19%	
PROCESSING OF INTRONLESS PRE-MRNAS%REACTOME DATABASE ID RELEASE 95%77595	PROCESSING OF INTRONLESS PRE-MRNAS%REACTOME DATABASE ID RELEASE 95%77595		19	0.32524565	0.80332154	0.7550143	1.0	1.0	6850	tags=32%, list=28%, signal=44%	
SYMPATHETIC NERVOUS SYSTEM DEVELOPMENT%GOBP%GO:0048485	SYMPATHETIC NERVOUS SYSTEM DEVELOPMENT%GOBP%GO:0048485		16	0.3350622	0.80298203	0.7597598	1.0	1.0	2293	tags=19%, list=9%, signal=21%	
SHC-MEDIATED CASCADE:FGFR2%REACTOME DATABASE ID RELEASE 95%5654699	SHC-MEDIATED CASCADE:FGFR2%REACTOME DATABASE ID RELEASE 95%5654699		16	0.32976165	0.80267334	0.7266082	1.0	1.0	7732	tags=38%, list=32%, signal=55%	
GAS TRANSPORT%GOBP%GO:0015669	GAS TRANSPORT%GOBP%GO:0015669		18	0.32708848	0.8026048	0.75035065	1.0	1.0	4408	tags=22%, list=18%, signal=27%	
NEGATIVE REGULATION OF MIRNA TRANSCRIPTION%GOBP%GO:1902894	NEGATIVE REGULATION OF MIRNA TRANSCRIPTION%GOBP%GO:1902894		25	0.3017241	0.8025867	0.76431423	1.0	1.0	3066	tags=16%, list=13%, signal=18%	
SPHINGOLIPID CATABOLIC PROCESS%GOBP%GO:0030149	SPHINGOLIPID CATABOLIC PROCESS%GOBP%GO:0030149		38	0.27783805	0.8024139	0.784	1.0	1.0	8781	tags=47%, list=36%, signal=74%	
RHOD GTPASE CYCLE%REACTOME DATABASE ID RELEASE 95%9013405	RHOD GTPASE CYCLE%REACTOME DATABASE ID RELEASE 95%9013405		52	0.26501486	0.80239946	0.7867178	1.0	1.0	4592	tags=21%, list=19%, signal=26%	
NON-MOTILE CILIUM ASSEMBLY%GOBP%GO:1905515	NON-MOTILE CILIUM ASSEMBLY%GOBP%GO:1905515		33	0.2860702	0.80237716	0.7830189	1.0	1.0	4320	tags=27%, list=18%, signal=33%	
IMPORT ACROSS PLASMA MEMBRANE%GOBP%GO:0098739	IMPORT ACROSS PLASMA MEMBRANE%GOBP%GO:0098739		175	0.22945254	0.80237186	0.89912283	1.0	1.0	8516	tags=43%, list=35%, signal=65%	
RESPONSE TO COPPER ION%GOBP%GO:0046688	RESPONSE TO COPPER ION%GOBP%GO:0046688		26	0.30272838	0.8023235	0.7765814	1.0	1.0	8515	tags=54%, list=35%, signal=82%	
DNA DAMAGE RESPONSE, SIGNAL TRANSDUCTION BY P53 CLASS MEDIATOR%GOBP%GO:0030330	DNA DAMAGE RESPONSE, SIGNAL TRANSDUCTION BY P53 CLASS MEDIATOR%GOBP%GO:0030330		37	0.2764167	0.8023088	0.77072537	1.0	1.0	5027	tags=22%, list=21%, signal=27%	
RESPONSE TO GLUCOCORTICOID%GOBP%GO:0051384	RESPONSE TO GLUCOCORTICOID%GOBP%GO:0051384		38	0.2762505	0.8019772	0.7840314	1.0	1.0	8551	tags=39%, list=35%, signal=61%	
HEART CONTRACTION%GOBP%GO:0060047	HEART CONTRACTION%GOBP%GO:0060047		78	0.2513792	0.8018658	0.82082325	1.0	1.0	7538	tags=32%, list=31%, signal=46%	
FLT3 SIGNALING%REACTOME DATABASE ID RELEASE 95%9607240	FLT3 SIGNALING%REACTOME DATABASE ID RELEASE 95%9607240		36	0.28348777	0.80183065	0.7840617	1.0	1.0	3992	tags=25%, list=16%, signal=30%	
ADIPOGENESIS%REACTOME%R-HSA-9843745.1	ADIPOGENESIS%REACTOME%R-HSA-9843745.1		107	0.23654766	0.801707	0.8526682	1.0	1.0	8714	tags=36%, list=36%, signal=55%	
POSITIVE REGULATION OF WNT SIGNALING PATHWAY%GOBP%GO:0030177	POSITIVE REGULATION OF WNT SIGNALING PATHWAY%GOBP%GO:0030177		121	0.23570827	0.80157065	0.86327684	1.0	1.0	5413	tags=21%, list=22%, signal=26%	
REGULATION OF MITOTIC CYTOKINESIS%GOBP%GO:1902412	REGULATION OF MITOTIC CYTOKINESIS%GOBP%GO:1902412		20	0.31604198	0.80153346	0.759366	1.0	1.0	3575	tags=30%, list=15%, signal=35%	
BIOCARTA_CASPASE_PATHWAY%MSIGDB_C2%BIOCARTA_CASPASE_PATHWAY	BIOCARTA_CASPASE_PATHWAY%MSIGDB_C2%BIOCARTA_CASPASE_PATHWAY		17	0.33022702	0.8010012	0.74892396	1.0	1.0	4832	tags=24%, list=20%, signal=29%	
NEUROTRANSMITTER REUPTAKE%GOBP%GO:0098810	NEUROTRANSMITTER REUPTAKE%GOBP%GO:0098810		16	0.32914394	0.8009785	0.74449337	1.0	1.0	3961	tags=25%, list=16%, signal=30%	
DEFECTS IN VITAMIN AND COFACTOR METABOLISM%REACTOME DATABASE ID RELEASE 95%3296482	DEFECTS IN VITAMIN AND COFACTOR METABOLISM%REACTOME DATABASE ID RELEASE 95%3296482		22	0.30781868	0.8006032	0.77414775	1.0	1.0	5003	tags=32%, list=20%, signal=40%	
ENERGY HOMEOSTASIS%GOBP%GO:0097009	ENERGY HOMEOSTASIS%GOBP%GO:0097009		41	0.27441525	0.8005135	0.78608924	1.0	1.0	8554	tags=46%, list=35%, signal=71%	
RESPONSE TO PH%GOBP%GO:0009268	RESPONSE TO PH%GOBP%GO:0009268		30	0.29279953	0.7999639	0.7805213	1.0	1.0	8096	tags=43%, list=33%, signal=65%	
RNA CAPPING%GOBP%GO:0036260	RNA CAPPING%GOBP%GO:0036260		17	0.32455143	0.79993504	0.7532281	1.0	1.0	3636	tags=24%, list=15%, signal=28%	
TRANSCRIPTION REGULATION BY BZIP TRANSCRIPTION FACTOR%PANTHER PATHWAY%P00055	TRANSCRIPTION REGULATION BY BZIP TRANSCRIPTION FACTOR%PANTHER PATHWAY%P00055		47	0.2658805	0.79985684	0.7936925	1.0	1.0	5144	tags=23%, list=21%, signal=30%	
PID_RAC1_REG_PATHWAY%MSIGDB_C2%PID_RAC1_REG_PATHWAY	PID_RAC1_REG_PATHWAY%MSIGDB_C2%PID_RAC1_REG_PATHWAY		26	0.30016428	0.79977727	0.7944297	1.0	1.0	6022	tags=35%, list=25%, signal=46%	
PID_IL8_CXCR1_PATHWAY%MSIGDB_C2%PID_IL8_CXCR1_PATHWAY	PID_IL8_CXCR1_PATHWAY%MSIGDB_C2%PID_IL8_CXCR1_PATHWAY		17	0.33570603	0.7996894	0.7345133	1.0	1.0	8410	tags=41%, list=34%, signal=63%	
HALLMARK_APOPTOSIS%MSIGDBHALLMARK%HALLMARK_APOPTOSIS	HALLMARK_APOPTOSIS%MSIGDBHALLMARK%HALLMARK_APOPTOSIS		127	0.23174204	0.7996605	0.8738839	1.0	1.0	5253	tags=21%, list=21%, signal=27%	
RESPONSE TO CALCIUM ION%GOBP%GO:0051592	RESPONSE TO CALCIUM ION%GOBP%GO:0051592		95	0.24248216	0.7991923	0.84290737	1.0	1.0	8096	tags=36%, list=33%, signal=53%	
HETEROCHROMATIN ORGANIZATION%GOBP%GO:0070828	HETEROCHROMATIN ORGANIZATION%GOBP%GO:0070828		185	0.22440183	0.7990812	0.8992416	1.0	1.0	3524	tags=15%, list=14%, signal=18%	
REGULATION OF ALPHA-BETA T CELL PROLIFERATION%GOBP%GO:0046640	REGULATION OF ALPHA-BETA T CELL PROLIFERATION%GOBP%GO:0046640		26	0.30281702	0.7990164	0.7625	1.0	1.0	2844	tags=15%, list=12%, signal=17%	
NEURAL TUBE FORMATION%GOBP%GO:0001841	NEURAL TUBE FORMATION%GOBP%GO:0001841		34	0.28172302	0.7989712	0.7740642	1.0	1.0	461	tags=9%, list=2%, signal=9%	
P75 NTR RECEPTOR-MEDIATED SIGNALLING%REACTOME DATABASE ID RELEASE 95%193704	P75 NTR RECEPTOR-MEDIATED SIGNALLING%REACTOME DATABASE ID RELEASE 95%193704		97	0.23903279	0.79895365	0.8462428	1.0	1.0	3634	tags=20%, list=15%, signal=23%	
BIOLOGICAL PROCESS INVOLVED IN INTERACTION WITH HOST%GOBP%GO:0051701	BIOLOGICAL PROCESS INVOLVED IN INTERACTION WITH HOST%GOBP%GO:0051701		77	0.24475479	0.7987732	0.8355995	1.0	1.0	7053	tags=32%, list=29%, signal=45%	
SIGNALING BY NOTCH%REACTOME%R-HSA-157118.7	SIGNALING BY NOTCH%REACTOME%R-HSA-157118.7		193	0.22474028	0.79868346	0.914037	1.0	1.0	6377	tags=29%, list=26%, signal=39%	
GLYCOGENOSIS, TYPE IA. VON GIERKE DISEASE%SMPDB%SMP0000581	GLYCOGENOSIS, TYPE IA. VON GIERKE DISEASE%SMPDB%SMP0000581		22	0.3046051	0.79868287	0.7673797	1.0	1.0	8727	tags=50%, list=36%, signal=78%	
NEUROMUSCULAR JUNCTION DEVELOPMENT%GOBP%GO:0007528	NEUROMUSCULAR JUNCTION DEVELOPMENT%GOBP%GO:0007528		23	0.30965266	0.7982539	0.7773224	1.0	1.0	6024	tags=35%, list=25%, signal=46%	
PID_NEPHRIN_NEPH1_PATHWAY%MSIGDB_C2%PID_NEPHRIN_NEPH1_PATHWAY	PID_NEPHRIN_NEPH1_PATHWAY%MSIGDB_C2%PID_NEPHRIN_NEPH1_PATHWAY		29	0.28842843	0.7981321	0.7918919	1.0	1.0	7659	tags=41%, list=31%, signal=60%	
MACROMOLECULE METHYLATION%GOBP%GO:0043414	MACROMOLECULE METHYLATION%GOBP%GO:0043414		119	0.2335341	0.7981239	0.86551726	1.0	1.0	5531	tags=24%, list=23%, signal=31%	
SYNTHESIS OF VERY LONG-CHAIN FATTY ACYL-COAS%REACTOME DATABASE ID RELEASE 95%75876	SYNTHESIS OF VERY LONG-CHAIN FATTY ACYL-COAS%REACTOME DATABASE ID RELEASE 95%75876		24	0.30288783	0.7977533	0.77272725	1.0	1.0	873	tags=8%, list=4%, signal=9%	
REGULATION OF JNK CASCADE%GOBP%GO:0046328	REGULATION OF JNK CASCADE%GOBP%GO:0046328		127	0.23466736	0.797598	0.86419755	1.0	1.0	6068	tags=28%, list=25%, signal=36%	
NEGATIVE REGULATION OF MIRNA METABOLIC PROCESS%GOBP%GO:2000629	NEGATIVE REGULATION OF MIRNA METABOLIC PROCESS%GOBP%GO:2000629		26	0.2982049	0.7973111	0.7526316	1.0	1.0	3066	tags=15%, list=13%, signal=18%	
POSITIVE REGULATION OF PROTEIN-CONTAINING COMPLEX DISASSEMBLY%GOBP%GO:0043243	POSITIVE REGULATION OF PROTEIN-CONTAINING COMPLEX DISASSEMBLY%GOBP%GO:0043243		34	0.28192553	0.7969222	0.7948387	1.0	1.0	7531	tags=38%, list=31%, signal=55%	
CELLULAR RESPONSE TO TUMOR NECROSIS FACTOR%GOBP%GO:0071356	CELLULAR RESPONSE TO TUMOR NECROSIS FACTOR%GOBP%GO:0071356		91	0.24363996	0.79671293	0.8649289	1.0	1.0	5401	tags=22%, list=22%, signal=28%	
CELL CYCLE%WIKIPATHWAYS_20260211%WP179%HOMO SAPIENS	CELL CYCLE%WIKIPATHWAYS_20260211%WP179%HOMO SAPIENS		94	0.24189688	0.79650533	0.84123224	1.0	1.0	7805	tags=36%, list=32%, signal=53%	
COPI-INDEPENDENT GOLGI-TO-ER RETROGRADE TRAFFIC%REACTOME DATABASE ID RELEASE 95%6811436	COPI-INDEPENDENT GOLGI-TO-ER RETROGRADE TRAFFIC%REACTOME DATABASE ID RELEASE 95%6811436		34	0.28539985	0.7964785	0.80052495	1.0	1.0	2637	tags=15%, list=11%, signal=16%	
IMINOGLYCINURIA%PATHWHIZ%PW000219	IMINOGLYCINURIA%PATHWHIZ%PW000219		31	0.28277472	0.79644704	0.78807944	1.0	1.0	9233	tags=58%, list=38%, signal=93%	
REGULATION OF LEUKOCYTE PROLIFERATION%GOBP%GO:0070663	REGULATION OF LEUKOCYTE PROLIFERATION%GOBP%GO:0070663		194	0.22439352	0.7963498	0.90032154	1.0	1.0	7711	tags=32%, list=31%, signal=46%	
ETHACRYNIC ACID ACTION PATHWAY%SMPDB%SMP0000097	ETHACRYNIC ACID ACTION PATHWAY%SMPDB%SMP0000097		31	0.28277472	0.795742	0.7972414	1.0	1.0	9233	tags=58%, list=38%, signal=93%	
REGULATION OF P38MAPK CASCADE%GOBP%GO:1900744	REGULATION OF P38MAPK CASCADE%GOBP%GO:1900744		35	0.2825083	0.795711	0.80529803	1.0	1.0	2489	tags=17%, list=10%, signal=19%	
PROTEIN METHYLATION%GOBP%GO:0006479	PROTEIN METHYLATION%GOBP%GO:0006479		42	0.2735772	0.7957065	0.80921054	1.0	1.0	7416	tags=36%, list=30%, signal=51%	
RNA POLYMERASE I PROMOTER OPENING%REACTOME DATABASE ID RELEASE 95%73728	RNA POLYMERASE I PROMOTER OPENING%REACTOME DATABASE ID RELEASE 95%73728		30	0.28963524	0.79564023	0.7941176	1.0	1.0	2622	tags=17%, list=11%, signal=19%	
GLYCOGENOSIS, TYPE IC%SMPDB%SMP0000574	GLYCOGENOSIS, TYPE IC%SMPDB%SMP0000574		22	0.3046051	0.79534113	0.7662162	1.0	1.0	8727	tags=50%, list=36%, signal=78%	
UNSATURATED FATTY ACID METABOLIC PROCESS%GOBP%GO:0033559	UNSATURATED FATTY ACID METABOLIC PROCESS%GOBP%GO:0033559		89	0.23721063	0.7951615	0.8450536	1.0	1.0	9462	tags=49%, list=39%, signal=80%	
L-AMINO ACID METABOLIC PROCESS%GOBP%GO:0170033	L-AMINO ACID METABOLIC PROCESS%GOBP%GO:0170033		126	0.23062563	0.7951156	0.8866823	1.0	1.0	4994	tags=23%, list=20%, signal=29%	
REGULATION OF PROTEIN POLYUBIQUITINATION%GOBP%GO:1902914	REGULATION OF PROTEIN POLYUBIQUITINATION%GOBP%GO:1902914		25	0.29742151	0.7951043	0.7658674	1.0	1.0	8470	tags=40%, list=35%, signal=61%	
GLYCOPROTEIN CATABOLIC PROCESS%GOBP%GO:0006516	GLYCOPROTEIN CATABOLIC PROCESS%GOBP%GO:0006516		37	0.2767382	0.7947912	0.8148148	1.0	1.0	9577	tags=43%, list=39%, signal=71%	
ACTIVATION OF ATR IN RESPONSE TO REPLICATION STRESS%REACTOME DATABASE ID RELEASE 95%176187	ACTIVATION OF ATR IN RESPONSE TO REPLICATION STRESS%REACTOME DATABASE ID RELEASE 95%176187		37	0.27815944	0.79455495	0.79133856	1.0	1.0	5834	tags=30%, list=24%, signal=39%	
REGULATION OF ATTACHMENT OF SPINDLE MICROTUBULES TO KINETOCHORE%GOBP%GO:0051988	REGULATION OF ATTACHMENT OF SPINDLE MICROTUBULES TO KINETOCHORE%GOBP%GO:0051988		22	0.30721858	0.79445374	0.7831669	1.0	1.0	3575	tags=18%, list=15%, signal=21%	
5HT2 TYPE RECEPTOR MEDIATED SIGNALING PATHWAY%PANTHER PATHWAY%P04374	5HT2 TYPE RECEPTOR MEDIATED SIGNALING PATHWAY%PANTHER PATHWAY%P04374		41	0.26967147	0.79442513	0.8049415	1.0	1.0	8888	tags=49%, list=36%, signal=76%	
NEGATIVE REGULATION OF T CELL ACTIVATION%GOBP%GO:0050868	NEGATIVE REGULATION OF T CELL ACTIVATION%GOBP%GO:0050868		113	0.23421784	0.79440343	0.85210466	1.0	1.0	5821	tags=23%, list=24%, signal=30%	
DNA-TEMPLATED TRANSCRIPTION TERMINATION%GOBP%GO:0006353	DNA-TEMPLATED TRANSCRIPTION TERMINATION%GOBP%GO:0006353		42	0.2732028	0.7943912	0.8031291	1.0	1.0	4464	tags=19%, list=18%, signal=23%	
CAMERA-TYPE EYE MORPHOGENESIS%GOBP%GO:0048593	CAMERA-TYPE EYE MORPHOGENESIS%GOBP%GO:0048593		66	0.24924417	0.7942217	0.8033981	1.0	1.0	5247	tags=24%, list=21%, signal=31%	
SIGNAL RELEASE%GOBP%GO:0023061	SIGNAL RELEASE%GOBP%GO:0023061		112	0.23545574	0.7940186	0.8625866	1.0	1.0	9400	tags=45%, list=38%, signal=72%	
POSTSYNAPSE ORGANIZATION%GOBP%GO:0099173	POSTSYNAPSE ORGANIZATION%GOBP%GO:0099173		51	0.2622876	0.79379654	0.819568	1.0	1.0	6888	tags=29%, list=28%, signal=41%	
PYRUVATE KINASE DEFICIENCY%PATHWHIZ%PW000535	PYRUVATE KINASE DEFICIENCY%PATHWHIZ%PW000535		21	0.30162185	0.7935399	0.770195	1.0	1.0	12632	tags=71%, list=52%, signal=147%	
REGULATION OF EPIDERMAL CELL DIFFERENTIATION%GOBP%GO:0045604	REGULATION OF EPIDERMAL CELL DIFFERENTIATION%GOBP%GO:0045604		40	0.27229035	0.7934953	0.79527557	1.0	1.0	10920	tags=52%, list=45%, signal=95%	
P130CAS LINKAGE TO MAPK SIGNALING FOR INTEGRINS%REACTOME%R-HSA-372708.3	P130CAS LINKAGE TO MAPK SIGNALING FOR INTEGRINS%REACTOME%R-HSA-372708.3		15	0.32732734	0.7933693	0.74821174	1.0	1.0	8854	tags=47%, list=36%, signal=73%	
ZINC ION TRANSPORT%GOBP%GO:0006829	ZINC ION TRANSPORT%GOBP%GO:0006829		30	0.28559613	0.79327273	0.7798913	1.0	1.0	6221	tags=30%, list=25%, signal=40%	
CANONICAL NF-KAPPAB SIGNAL TRANSDUCTION%GOBP%GO:0007249	CANONICAL NF-KAPPAB SIGNAL TRANSDUCTION%GOBP%GO:0007249		38	0.27690592	0.79319113	0.8051613	1.0	1.0	3781	tags=21%, list=15%, signal=25%	
CYSTINURIA%PATHWHIZ%PW000700	CYSTINURIA%PATHWHIZ%PW000700		31	0.28277472	0.79301625	0.8013245	1.0	1.0	9233	tags=58%, list=38%, signal=93%	
ORGANELLE DISASSEMBLY%GOBP%GO:1903008	ORGANELLE DISASSEMBLY%GOBP%GO:1903008		74	0.24814057	0.79283535	0.82125604	1.0	1.0	6663	tags=27%, list=27%, signal=37%	
PHOSPHATIDYLETHANOLAMINE METABOLIC PROCESS%GOBP%GO:0046337	PHOSPHATIDYLETHANOLAMINE METABOLIC PROCESS%GOBP%GO:0046337		26	0.29688025	0.7927457	0.7848276	1.0	1.0	2750	tags=12%, list=11%, signal=13%	
JNK (C-JUN KINASES) PHOSPHORYLATION AND ACTIVATION MEDIATED BY ACTIVATED HUMAN TAK1%REACTOME DATABASE ID RELEASE 95%450321	JNK (C-JUN KINASES) PHOSPHORYLATION AND ACTIVATION MEDIATED BY ACTIVATED HUMAN TAK1%REACTOME DATABASE ID RELEASE 95%450321		18	0.31756955	0.7927073	0.75949365	1.0	1.0	2601	tags=22%, list=11%, signal=25%	
NEGATIVE REGULATION OF PROTEIN SECRETION%GOBP%GO:0050709	NEGATIVE REGULATION OF PROTEIN SECRETION%GOBP%GO:0050709		44	0.26761344	0.7926773	0.8356688	1.0	1.0	5603	tags=30%, list=23%, signal=38%	
POSITIVE EPIGENETIC REGULATION OF RRNA EXPRESSION%REACTOME%R-HSA-5250913.6	POSITIVE EPIGENETIC REGULATION OF RRNA EXPRESSION%REACTOME%R-HSA-5250913.6		72	0.24562486	0.7925649	0.8331303	1.0	1.0	4464	tags=17%, list=18%, signal=20%	
LYSINURIC PROTEIN INTOLERANCE (LPI)%SMPDB%SMP0000585	LYSINURIC PROTEIN INTOLERANCE (LPI)%SMPDB%SMP0000585		31	0.28277472	0.7925061	0.80413795	1.0	1.0	9233	tags=58%, list=38%, signal=93%	
SELECTIVE AUTOPHAGY%REACTOME DATABASE ID RELEASE 95%9663891	SELECTIVE AUTOPHAGY%REACTOME DATABASE ID RELEASE 95%9663891		68	0.24975716	0.79229385	0.8349633	1.0	1.0	5148	tags=21%, list=21%, signal=26%	
TRANSLATION OF STRUCTURAL PROTEINS%REACTOME%R-HSA-9694635.5	TRANSLATION OF STRUCTURAL PROTEINS%REACTOME%R-HSA-9694635.5		61	0.25231427	0.7922509	0.83804625	1.0	1.0	4840	tags=25%, list=20%, signal=31%	
CCR5%IOB%CCR5	CCR5%IOB%CCR5		27	0.29164988	0.7920209	0.781293	1.0	1.0	7567	tags=44%, list=31%, signal=64%	
G PROTEIN-COUPLED RECEPTOR SIGNALING PATHWAY, COUPLED TO CYCLIC NUCLEOTIDE SECOND MESSENGER%GOBP%GO:0007187	G PROTEIN-COUPLED RECEPTOR SIGNALING PATHWAY, COUPLED TO CYCLIC NUCLEOTIDE SECOND MESSENGER%GOBP%GO:0007187		56	0.25453866	0.7912954	0.84177214	1.0	1.0	2837	tags=13%, list=12%, signal=14%	
MATURATION OF SSU-RRNA%GOBP%GO:0030490	MATURATION OF SSU-RRNA%GOBP%GO:0030490		67	0.25452211	0.7912276	0.8296837	1.0	1.0	3667	tags=19%, list=15%, signal=23%	
METALLOPROTEASE DUBS%REACTOME DATABASE ID RELEASE 95%5689901	METALLOPROTEASE DUBS%REACTOME DATABASE ID RELEASE 95%5689901		30	0.28406748	0.79118973	0.78726286	1.0	1.0	7495	tags=37%, list=31%, signal=53%	
ZINC ION TRANSMEMBRANE TRANSPORT%GOBP%GO:0071577	ZINC ION TRANSMEMBRANE TRANSPORT%GOBP%GO:0071577		27	0.29852465	0.7909578	0.7758152	1.0	1.0	6221	tags=33%, list=25%, signal=45%	
ENDOCARDIAL CUSHION MORPHOGENESIS%GOBP%GO:0003203	ENDOCARDIAL CUSHION MORPHOGENESIS%GOBP%GO:0003203		33	0.2810966	0.79092383	0.8036176	1.0	1.0	1050	tags=9%, list=4%, signal=9%	
PROTEIN ALKYLATION%GOBP%GO:0008213	PROTEIN ALKYLATION%GOBP%GO:0008213		42	0.2735772	0.7907762	0.81724584	1.0	1.0	7416	tags=36%, list=30%, signal=51%	
REGULATION OF DENDRITE DEVELOPMENT%GOBP%GO:0050773	REGULATION OF DENDRITE DEVELOPMENT%GOBP%GO:0050773		64	0.24952164	0.79027003	0.8410758	1.0	1.0	7049	tags=33%, list=29%, signal=46%	
NEGATIVE REGULATION OF JNK CASCADE%GOBP%GO:0046329	NEGATIVE REGULATION OF JNK CASCADE%GOBP%GO:0046329		35	0.2793678	0.7902628	0.8036176	1.0	1.0	5941	tags=34%, list=24%, signal=45%	
CELLULAR RESPONSE TO TOXIC SUBSTANCE%GOBP%GO:0097237	CELLULAR RESPONSE TO TOXIC SUBSTANCE%GOBP%GO:0097237		56	0.2546302	0.79021084	0.81467664	1.0	1.0	2745	tags=13%, list=11%, signal=14%	
GLYCOGENOSIS, TYPE IB%SMPDB%SMP0000573	GLYCOGENOSIS, TYPE IB%SMPDB%SMP0000573		22	0.3046051	0.790134	0.7601744	1.0	1.0	8727	tags=50%, list=36%, signal=78%	
PRIMARY NEURAL TUBE FORMATION%GOBP%GO:0014020	PRIMARY NEURAL TUBE FORMATION%GOBP%GO:0014020		33	0.2817238	0.7898329	0.78342247	1.0	1.0	461	tags=9%, list=2%, signal=9%	
SIGNALING BY FGFR1%REACTOME DATABASE ID RELEASE 95%5654736	SIGNALING BY FGFR1%REACTOME DATABASE ID RELEASE 95%5654736		43	0.268826	0.7897791	0.8039735	1.0	1.0	7198	tags=37%, list=29%, signal=53%	
CAFFEINE IN BLOOD VESSELS%WIKIPATHWAYS_20260211%WP5601%HOMO SAPIENS	CAFFEINE IN BLOOD VESSELS%WIKIPATHWAYS_20260211%WP5601%HOMO SAPIENS		21	0.308983	0.7897597	0.7577904	1.0	1.0	5080	tags=29%, list=21%, signal=36%	
TRICHLORMETHIAZIDE ACTION PATHWAY%SMPDB%SMP0000121	TRICHLORMETHIAZIDE ACTION PATHWAY%SMPDB%SMP0000121		31	0.28277472	0.7897119	0.8049113	1.0	1.0	9233	tags=58%, list=38%, signal=93%	
REGULATION OF PEPTIDYL-TYROSINE PHOSPHORYLATION%GOBP%GO:0050730	REGULATION OF PEPTIDYL-TYROSINE PHOSPHORYLATION%GOBP%GO:0050730		75	0.24764955	0.78967816	0.84452736	1.0	1.0	8962	tags=40%, list=37%, signal=63%	
REGULATION OF MITOCHONDRION ORGANIZATION%GOBP%GO:0010821	REGULATION OF MITOCHONDRION ORGANIZATION%GOBP%GO:0010821		102	0.23533343	0.7896739	0.85958904	1.0	1.0	6849	tags=28%, list=28%, signal=39%	
GLUCONEOGENESIS%BIOCYC%PWY66-399	GLUCONEOGENESIS%BIOCYC%PWY66-399		24	0.30044162	0.7889435	0.7574468	1.0	1.0	8727	tags=50%, list=36%, signal=78%	
TRIAMTERENE ACTION PATHWAY%SMPDB%SMP0000132	TRIAMTERENE ACTION PATHWAY%SMPDB%SMP0000132		31	0.28277472	0.78840995	0.79569894	1.0	1.0	9233	tags=58%, list=38%, signal=93%	
THYROID STIMULATING HORMONE TSH SIGNALING%WIKIPATHWAYS_20260211%WP2032%HOMO SAPIENS	THYROID STIMULATING HORMONE TSH SIGNALING%WIKIPATHWAYS_20260211%WP2032%HOMO SAPIENS		49	0.2568794	0.7882752	0.8069948	1.0	1.0	9747	tags=37%, list=40%, signal=61%	
SPECIFICATION OF THE NEURAL PLATE BORDER%REACTOME DATABASE ID RELEASE 95%9834899	SPECIFICATION OF THE NEURAL PLATE BORDER%REACTOME DATABASE ID RELEASE 95%9834899		17	0.32130054	0.78826046	0.7639296	1.0	1.0	8459	tags=47%, list=35%, signal=72%	
REGULATION OF EPITHELIAL CELL DIFFERENTIATION%GOBP%GO:0030856	REGULATION OF EPITHELIAL CELL DIFFERENTIATION%GOBP%GO:0030856		110	0.23211175	0.788124	0.88539326	1.0	1.0	3634	tags=15%, list=15%, signal=17%	
POSITIVE REGULATION OF NLRP3 INFLAMMASOME COMPLEX ASSEMBLY%GOBP%GO:1900227	POSITIVE REGULATION OF NLRP3 INFLAMMASOME COMPLEX ASSEMBLY%GOBP%GO:1900227		29	0.28670004	0.7880983	0.7771664	1.0	1.0	3595	tags=24%, list=15%, signal=28%	
DEFECTIVE PYROPTOSIS%REACTOME%R-HSA-9710421.5	DEFECTIVE PYROPTOSIS%REACTOME%R-HSA-9710421.5		40	0.27075827	0.7879332	0.8102767	1.0	1.0	6217	tags=30%, list=25%, signal=40%	
AXON ENSHEATHMENT%GOBP%GO:0008366	AXON ENSHEATHMENT%GOBP%GO:0008366		63	0.24769992	0.78774834	0.83944374	1.0	1.0	5363	tags=32%, list=22%, signal=41%	
HEXOSE BIOSYNTHETIC PROCESS%GOBP%GO:0019319	HEXOSE BIOSYNTHETIC PROCESS%GOBP%GO:0019319		34	0.2822215	0.78774756	0.79946166	1.0	1.0	6357	tags=32%, list=26%, signal=44%	
PID_IL2_PI3K_PATHWAY%MSIGDB_C2%PID_IL2_PI3K_PATHWAY	PID_IL2_PI3K_PATHWAY%MSIGDB_C2%PID_IL2_PI3K_PATHWAY		30	0.28589085	0.78766096	0.7708609	1.0	1.0	9669	tags=47%, list=39%, signal=77%	
EPLERENONE ACTION PATHWAY%SMPDB%SMP0000135	EPLERENONE ACTION PATHWAY%SMPDB%SMP0000135		31	0.28277472	0.7875228	0.81466115	1.0	1.0	9233	tags=58%, list=38%, signal=93%	
ESTROGEN-DEPENDENT NUCLEAR EVENTS DOWNSTREAM OF ESR-MEMBRANE SIGNALING%REACTOME DATABASE ID RELEASE 95%9634638	ESTROGEN-DEPENDENT NUCLEAR EVENTS DOWNSTREAM OF ESR-MEMBRANE SIGNALING%REACTOME DATABASE ID RELEASE 95%9634638		23	0.3076776	0.7874282	0.7745505	1.0	1.0	9173	tags=48%, list=37%, signal=76%	
PEPTIDYL-THREONINE PHOSPHORYLATION%GOBP%GO:0018107	PEPTIDYL-THREONINE PHOSPHORYLATION%GOBP%GO:0018107		19	0.30869645	0.7872333	0.7738265	1.0	1.0	6356	tags=26%, list=26%, signal=36%	
REGULATION OF MEMBRANE REPOLARIZATION%GOBP%GO:0060306	REGULATION OF MEMBRANE REPOLARIZATION%GOBP%GO:0060306		32	0.28340498	0.78717905	0.7869742	1.0	1.0	7163	tags=34%, list=29%, signal=49%	
HYDROCHLOROTHIAZIDE ACTION PATHWAY%SMPDB%SMP0000100	HYDROCHLOROTHIAZIDE ACTION PATHWAY%SMPDB%SMP0000100		31	0.28277472	0.787138	0.7871486	1.0	1.0	9233	tags=58%, list=38%, signal=93%	
ABERRANT REGULATION OF MITOTIC G1 S TRANSITION IN CANCER DUE TO RB1 DEFECTS%REACTOME%R-HSA-9659787.2	ABERRANT REGULATION OF MITOTIC G1 S TRANSITION IN CANCER DUE TO RB1 DEFECTS%REACTOME%R-HSA-9659787.2		17	0.3172669	0.7871357	0.7668097	1.0	1.0	8198	tags=41%, list=33%, signal=62%	
ANTIGEN RECEPTOR-MEDIATED SIGNALING PATHWAY%GOBP%GO:0050851	ANTIGEN RECEPTOR-MEDIATED SIGNALING PATHWAY%GOBP%GO:0050851		136	0.22863567	0.78706527	0.8816964	1.0	1.0	6538	tags=32%, list=27%, signal=44%	
TRIGLYCERIDE CATABOLISM%REACTOME%R-HSA-163560.5	TRIGLYCERIDE CATABOLISM%REACTOME%R-HSA-163560.5		24	0.29687172	0.7869626	0.7722222	1.0	1.0	5096	tags=29%, list=21%, signal=37%	
NEGATIVE REGULATION OF PLASMA MEMBRANE BOUNDED CELL PROJECTION ASSEMBLY%GOBP%GO:0120033	NEGATIVE REGULATION OF PLASMA MEMBRANE BOUNDED CELL PROJECTION ASSEMBLY%GOBP%GO:0120033		41	0.27133998	0.7868269	0.7931489	1.0	1.0	6346	tags=32%, list=26%, signal=43%	
OUTFLOW TRACT MORPHOGENESIS%GOBP%GO:0003151	OUTFLOW TRACT MORPHOGENESIS%GOBP%GO:0003151		56	0.2551746	0.786781	0.8170426	1.0	1.0	5773	tags=25%, list=24%, signal=33%	
NRF2 PATHWAY%WIKIPATHWAYS_20260211%WP2884%HOMO SAPIENS	NRF2 PATHWAY%WIKIPATHWAYS_20260211%WP2884%HOMO SAPIENS		108	0.23404588	0.7867403	0.8911007	1.0	1.0	9173	tags=44%, list=37%, signal=71%	
GLUCONEOGENESIS%PATHWHIZ%PW000152	GLUCONEOGENESIS%PATHWHIZ%PW000152		22	0.3046051	0.78666633	0.7605634	1.0	1.0	8727	tags=50%, list=36%, signal=78%	
DEFECTIVE BINDING OF RB1 MUTANTS TO E2F1,(E2F2, E2F3)%REACTOME%R-HSA-9661069.2	DEFECTIVE BINDING OF RB1 MUTANTS TO E2F1,(E2F2, E2F3)%REACTOME%R-HSA-9661069.2		17	0.3172669	0.7866439	0.7836676	1.0	1.0	8198	tags=41%, list=33%, signal=62%	
VIRAL PROCESS%GOBP%GO:0016032	VIRAL PROCESS%GOBP%GO:0016032		169	0.22253826	0.78654706	0.90076333	1.0	1.0	6463	tags=27%, list=26%, signal=37%	
AMILORIDE ACTION PATHWAY%SMPDB%SMP0000133	AMILORIDE ACTION PATHWAY%SMPDB%SMP0000133		31	0.28277472	0.7865324	0.8130081	1.0	1.0	9233	tags=58%, list=38%, signal=93%	
AQUAPORIN-MEDIATED TRANSPORT%REACTOME%R-HSA-445717.4	AQUAPORIN-MEDIATED TRANSPORT%REACTOME%R-HSA-445717.4		52	0.25467688	0.78639925	0.83116883	1.0	1.0	8888	tags=44%, list=36%, signal=69%	
GLYCOGEN STORAGE DISEASE TYPE 1A (GSD1A) OR VON GIERKE DISEASE%SMPDB%SMP0000374	GLYCOGEN STORAGE DISEASE TYPE 1A (GSD1A) OR VON GIERKE DISEASE%SMPDB%SMP0000374		22	0.3046051	0.786331	0.7921348	1.0	1.0	8727	tags=50%, list=36%, signal=78%	
NEGATIVE REGULATION OF LYMPHOCYTE DIFFERENTIATION%GOBP%GO:0045620	NEGATIVE REGULATION OF LYMPHOCYTE DIFFERENTIATION%GOBP%GO:0045620		55	0.25471368	0.7861951	0.8254364	1.0	1.0	5621	tags=22%, list=23%, signal=28%	
REGULATION OF G2/M TRANSITION OF MITOTIC CELL CYCLE%GOBP%GO:0010389	REGULATION OF G2/M TRANSITION OF MITOTIC CELL CYCLE%GOBP%GO:0010389		89	0.23748642	0.7860663	0.876053	1.0	1.0	8006	tags=34%, list=33%, signal=50%	
MITOCHONDRIAL RESPIRATORY CHAIN COMPLEX I ASSEMBLY%GOBP%GO:0032981	MITOCHONDRIAL RESPIRATORY CHAIN COMPLEX I ASSEMBLY%GOBP%GO:0032981		33	0.27786788	0.78595155	0.8125819	1.0	1.0	1440	tags=12%, list=6%, signal=13%	
NEGATIVE REGULATION OF PROTEIN KINASE ACTIVITY%GOBP%GO:0006469	NEGATIVE REGULATION OF PROTEIN KINASE ACTIVITY%GOBP%GO:0006469		67	0.24718076	0.7858547	0.8311057	1.0	1.0	6740	tags=28%, list=28%, signal=39%	
INDAPAMIDE ACTION PATHWAY%SMPDB%SMP0000110	INDAPAMIDE ACTION PATHWAY%SMPDB%SMP0000110		31	0.28277472	0.7858378	0.80481285	1.0	1.0	9233	tags=58%, list=38%, signal=93%	
BIOCARTA_G1_PATHWAY%MSIGDB_C2%BIOCARTA_G1_PATHWAY	BIOCARTA_G1_PATHWAY%MSIGDB_C2%BIOCARTA_G1_PATHWAY		19	0.31415564	0.7858371	0.77438134	1.0	1.0	7805	tags=47%, list=32%, signal=69%	
POLYTHIAZIDE ACTION PATHWAY%PATHWHIZ%PW000326	POLYTHIAZIDE ACTION PATHWAY%PATHWHIZ%PW000326		31	0.28277472	0.7854873	0.805668	1.0	1.0	9233	tags=58%, list=38%, signal=93%	
ACTIN-MYOSIN FILAMENT SLIDING%GOBP%GO:0033275	ACTIN-MYOSIN FILAMENT SLIDING%GOBP%GO:0033275		17	0.31964308	0.7854776	0.7844828	1.0	1.0	4092	tags=24%, list=17%, signal=28%	
METOLAZONE ACTION PATHWAY%SMPDB%SMP0000105	METOLAZONE ACTION PATHWAY%SMPDB%SMP0000105		31	0.28277472	0.78547126	0.81099194	1.0	1.0	9233	tags=58%, list=38%, signal=93%	
TORSEMIDE ACTION PATHWAY%PATHWHIZ%PW000338	TORSEMIDE ACTION PATHWAY%PATHWHIZ%PW000338		31	0.28277472	0.7854399	0.787062	1.0	1.0	9233	tags=58%, list=38%, signal=93%	
DNA REPLICATION INITIATION%GOBP%GO:0006270	DNA REPLICATION INITIATION%GOBP%GO:0006270		26	0.29096103	0.785348	0.8	1.0	1.0	7068	tags=42%, list=29%, signal=59%	
MONOCARBOXYLIC ACID BIOSYNTHETIC PROCESS%GOBP%GO:0072330	MONOCARBOXYLIC ACID BIOSYNTHETIC PROCESS%GOBP%GO:0072330		134	0.22726032	0.7851494	0.897407	1.0	1.0	5918	tags=25%, list=24%, signal=33%	
TYROSINE KINASE INHIBITORS IN GLIOBLASTOMA%WIKIPATHWAYS_20260211%WP5494%HOMO SAPIENS	TYROSINE KINASE INHIBITORS IN GLIOBLASTOMA%WIKIPATHWAYS_20260211%WP5494%HOMO SAPIENS		22	0.31077087	0.78505385	0.77062935	1.0	1.0	9173	tags=36%, list=37%, signal=58%	
PIRNA PROCESSING%GOBP%GO:0034587	PIRNA PROCESSING%GOBP%GO:0034587		19	0.3102838	0.7850369	0.7661064	1.0	1.0	3383	tags=21%, list=14%, signal=24%	
RIPK1-MEDIATED REGULATED NECROSIS%REACTOME DATABASE ID RELEASE 95%5213460	RIPK1-MEDIATED REGULATED NECROSIS%REACTOME DATABASE ID RELEASE 95%5213460		31	0.28456545	0.7849795	0.792	1.0	1.0	5558	tags=26%, list=23%, signal=33%	
RETINOL METABOLIC PROCESS%GOBP%GO:0042572	RETINOL METABOLIC PROCESS%GOBP%GO:0042572		25	0.29386902	0.784682	0.7846365	1.0	1.0	6491	tags=32%, list=27%, signal=43%	
BUMETANIDE ACTION PATHWAY%SMPDB%SMP0000088	BUMETANIDE ACTION PATHWAY%SMPDB%SMP0000088		31	0.28277472	0.7846728	0.7837116	1.0	1.0	9233	tags=58%, list=38%, signal=93%	
FRUCTOSE-1,6-DIPHOSPHATASE DEFICIENCY%SMPDB%SMP0000562	FRUCTOSE-1,6-DIPHOSPHATASE DEFICIENCY%SMPDB%SMP0000562		22	0.3046051	0.78465307	0.7818697	1.0	1.0	8727	tags=50%, list=36%, signal=78%	
INTERLEUKIN-1 FAMILY SIGNALING%REACTOME%R-HSA-446652.9	INTERLEUKIN-1 FAMILY SIGNALING%REACTOME%R-HSA-446652.9		137	0.22745292	0.7846212	0.903044	1.0	1.0	4075	tags=20%, list=17%, signal=24%	
SPIRONOLACTONE ACTION PATHWAY%SMPDB%SMP0000134	SPIRONOLACTONE ACTION PATHWAY%SMPDB%SMP0000134		31	0.28277472	0.78425175	0.79945797	1.0	1.0	9233	tags=58%, list=38%, signal=93%	
GASTRIN_CCK2R_240212%PANTHER PATHWAY%P06959	GASTRIN_CCK2R_240212%PANTHER PATHWAY%P06959		130	0.2296067	0.7842189	0.89234185	1.0	1.0	6517	tags=26%, list=27%, signal=35%	
CARDIAC MUSCLE TISSUE MORPHOGENESIS%GOBP%GO:0055008	CARDIAC MUSCLE TISSUE MORPHOGENESIS%GOBP%GO:0055008		44	0.2655985	0.7841927	0.81914896	1.0	1.0	4769	tags=20%, list=19%, signal=25%	
APC-CDC20 MEDIATED DEGRADATION OF NEK2A%REACTOME DATABASE ID RELEASE 95%179409	APC-CDC20 MEDIATED DEGRADATION OF NEK2A%REACTOME DATABASE ID RELEASE 95%179409		26	0.29147553	0.7841798	0.7956104	1.0	1.0	3732	tags=23%, list=15%, signal=27%	
PURINE-CONTAINING COMPOUND TRANSMEMBRANE TRANSPORT%GOBP%GO:0072530	PURINE-CONTAINING COMPOUND TRANSMEMBRANE TRANSPORT%GOBP%GO:0072530		31	0.2823241	0.7841316	0.7863014	1.0	1.0	5197	tags=29%, list=21%, signal=37%	
RETINA DEVELOPMENT IN CAMERA-TYPE EYE%GOBP%GO:0060041	RETINA DEVELOPMENT IN CAMERA-TYPE EYE%GOBP%GO:0060041		70	0.24697606	0.7841072	0.84689	1.0	1.0	3719	tags=16%, list=15%, signal=18%	
EFFECT OF OMEGA 3 PUFA ON HUNTINGTON 39 S DISEASE PATHWAYS%WIKIPATHWAYS_20260211%WP5470%HOMO SAPIENS	EFFECT OF OMEGA 3 PUFA ON HUNTINGTON 39 S DISEASE PATHWAYS%WIKIPATHWAYS_20260211%WP5470%HOMO SAPIENS		102	0.23002502	0.78403807	0.89020073	1.0	1.0	5253	tags=21%, list=21%, signal=26%	
FUROSEMIDE ACTION PATHWAY%PATHWHIZ%PW000337	FUROSEMIDE ACTION PATHWAY%PATHWHIZ%PW000337		31	0.28277472	0.7839194	0.8147139	1.0	1.0	9233	tags=58%, list=38%, signal=93%	
AXIS SPECIFICATION%GOBP%GO:0009798	AXIS SPECIFICATION%GOBP%GO:0009798		55	0.257437	0.7837324	0.8421717	1.0	1.0	4600	tags=20%, list=19%, signal=25%	
QUINETHAZONE ACTION PATHWAY%SMPDB%SMP0000091	QUINETHAZONE ACTION PATHWAY%SMPDB%SMP0000091		31	0.28277472	0.7836311	0.8027211	1.0	1.0	9233	tags=58%, list=38%, signal=93%	
VIRAL LIFE CYCLE%GOBP%GO:0019058	VIRAL LIFE CYCLE%GOBP%GO:0019058		109	0.23406523	0.783587	0.90705884	1.0	1.0	9421	tags=48%, list=38%, signal=77%	
POSITIVE REGULATION OF CELL-MATRIX ADHESION%GOBP%GO:0001954	POSITIVE REGULATION OF CELL-MATRIX ADHESION%GOBP%GO:0001954		46	0.26388234	0.7835829	0.81217617	1.0	1.0	7694	tags=35%, list=31%, signal=51%	
TRANSCRIPTION OF E2F TARGETS UNDER NEGATIVE CONTROL BY P107 (RBL1) AND P130 (RBL2) IN COMPLEX WITH HDAC1%REACTOME DATABASE ID RELEASE 95%1362300	TRANSCRIPTION OF E2F TARGETS UNDER NEGATIVE CONTROL BY P107 (RBL1) AND P130 (RBL2) IN COMPLEX WITH HDAC1%REACTOME DATABASE ID RELEASE 95%1362300		16	0.32925647	0.7834781	0.8008596	1.0	1.0	6326	tags=25%, list=26%, signal=34%	
MEASLES VIRUS INFECTION%WIKIPATHWAYS_20260211%WP4630%HOMO SAPIENS	MEASLES VIRUS INFECTION%WIKIPATHWAYS_20260211%WP4630%HOMO SAPIENS		114	0.22987288	0.7834444	0.8844808	1.0	1.0	7765	tags=33%, list=32%, signal=49%	
CHLOROTHIAZIDE ACTION PATHWAY%SMPDB%SMP0000078	CHLOROTHIAZIDE ACTION PATHWAY%SMPDB%SMP0000078		31	0.28277472	0.7833703	0.78272605	1.0	1.0	9233	tags=58%, list=38%, signal=93%	
DNA SYNTHESIS INVOLVED IN DNA REPAIR%GOBP%GO:0000731	DNA SYNTHESIS INVOLVED IN DNA REPAIR%GOBP%GO:0000731		15	0.3331008	0.78310835	0.7737752	1.0	1.0	8905	tags=47%, list=36%, signal=73%	
CANONICAL WNT SIGNALING PATHWAY%GOBP%GO:0060070	CANONICAL WNT SIGNALING PATHWAY%GOBP%GO:0060070		66	0.24762632	0.78277504	0.8360248	1.0	1.0	6497	tags=30%, list=27%, signal=41%	
SIGNALING BY ALK IN CANCER%REACTOME%R-HSA-9700206.5	SIGNALING BY ALK IN CANCER%REACTOME%R-HSA-9700206.5		89	0.23669522	0.7827614	0.8712395	1.0	1.0	4592	tags=19%, list=19%, signal=23%	
OXYTOCIN RECEPTOR MEDIATED SIGNALING PATHWAY%PANTHER PATHWAY%P04391	OXYTOCIN RECEPTOR MEDIATED SIGNALING PATHWAY%PANTHER PATHWAY%P04391		38	0.27266565	0.7824295	0.81673306	1.0	1.0	4259	tags=24%, list=17%, signal=29%	
EPHA2 FORWARD SIGNALING%PATHWAY INTERACTION DATABASE NCI-NATURE CURATED DATA%EPHA2 FORWARD SIGNALING	EPHA2 FORWARD SIGNALING%PATHWAY INTERACTION DATABASE NCI-NATURE CURATED DATA%EPHA2 FORWARD SIGNALING		19	0.3129522	0.78235024	0.7760116	1.0	1.0	7216	tags=32%, list=29%, signal=45%	
REGULATION OF CENTRIOLE REPLICATION%GOBP%GO:0046599	REGULATION OF CENTRIOLE REPLICATION%GOBP%GO:0046599		24	0.29505968	0.78232455	0.7817919	1.0	1.0	949	tags=8%, list=4%, signal=9%	
SIGNALING BY FGFR%REACTOME%R-HSA-190236.4	SIGNALING BY FGFR%REACTOME%R-HSA-190236.4		78	0.2420082	0.78225535	0.865566	1.0	1.0	7401	tags=32%, list=30%, signal=46%	
PID_MAPK_TRK_PATHWAY%MSIGDB_C2%PID_MAPK_TRK_PATHWAY	PID_MAPK_TRK_PATHWAY%MSIGDB_C2%PID_MAPK_TRK_PATHWAY		28	0.2897537	0.7821506	0.79866666	1.0	1.0	3951	tags=21%, list=16%, signal=26%	
GLUCOSE TRANSPORTER DEFECT (SGLT2)%SMPDB%SMP0000184	GLUCOSE TRANSPORTER DEFECT (SGLT2)%SMPDB%SMP0000184		31	0.28277472	0.7817966	0.82423437	1.0	1.0	9233	tags=58%, list=38%, signal=93%	
PROTEIN O-LINKED GLYCOSYLATION VIA XYLOSE%GOBP%GO:0180064	PROTEIN O-LINKED GLYCOSYLATION VIA XYLOSE%GOBP%GO:0180064		50	0.25946006	0.7815201	0.8375959	1.0	1.0	4910	tags=22%, list=20%, signal=27%	
PYRUVATE DECARBOXYLASE E1 COMPONENT DEFICIENCY (PDHE1 DEFICIENCY)%SMPDB%SMP0000334	PYRUVATE DECARBOXYLASE E1 COMPONENT DEFICIENCY (PDHE1 DEFICIENCY)%SMPDB%SMP0000334		21	0.30162185	0.78139126	0.7887931	1.0	1.0	12632	tags=71%, list=52%, signal=147%	
REGULATION OF MRNA CATABOLIC PROCESS%GOBP%GO:0061013	REGULATION OF MRNA CATABOLIC PROCESS%GOBP%GO:0061013		199	0.21913178	0.7813579	0.9375673	1.0	1.0	6764	tags=26%, list=28%, signal=36%	
REGULATION OF PLATELET ACTIVATION%GOBP%GO:0010543	REGULATION OF PLATELET ACTIVATION%GOBP%GO:0010543		50	0.2588661	0.7813575	0.82133675	1.0	1.0	8968	tags=44%, list=37%, signal=69%	
SIGNALING BY ALK FUSIONS AND ACTIVATED POINT MUTANTS%REACTOME%R-HSA-9725370.3	SIGNALING BY ALK FUSIONS AND ACTIVATED POINT MUTANTS%REACTOME%R-HSA-9725370.3		89	0.23669522	0.7813182	0.8891509	1.0	1.0	4592	tags=19%, list=19%, signal=23%	
POTASSIUM ION IMPORT ACROSS PLASMA MEMBRANE%GOBP%GO:1990573	POTASSIUM ION IMPORT ACROSS PLASMA MEMBRANE%GOBP%GO:1990573		50	0.25517645	0.78129035	0.844189	1.0	1.0	8452	tags=40%, list=35%, signal=61%	
TRANSPORT OF MATURE MRNA DERIVED FROM AN INTRON-CONTAINING TRANSCRIPT%REACTOME DATABASE ID RELEASE 95%159236	TRANSPORT OF MATURE MRNA DERIVED FROM AN INTRON-CONTAINING TRANSCRIPT%REACTOME DATABASE ID RELEASE 95%159236		71	0.2446488	0.7812495	0.8719512	1.0	1.0	6575	tags=28%, list=27%, signal=38%	
POSITIVE REGULATION OF BINDING%GOBP%GO:0051099	POSITIVE REGULATION OF BINDING%GOBP%GO:0051099		39	0.27076063	0.78099924	0.83135706	1.0	1.0	1369	tags=10%, list=6%, signal=11%	
BIOCARTA_HER2_PATHWAY%MSIGDB_C2%BIOCARTA_HER2_PATHWAY	BIOCARTA_HER2_PATHWAY%MSIGDB_C2%BIOCARTA_HER2_PATHWAY		21	0.3023197	0.78099537	0.7769986	1.0	1.0	9943	tags=43%, list=41%, signal=72%	
DOUBLE-STRAND BREAK REPAIR VIA HOMOLOGOUS RECOMBINATION%GOBP%GO:0000724	DOUBLE-STRAND BREAK REPAIR VIA HOMOLOGOUS RECOMBINATION%GOBP%GO:0000724		120	0.22768658	0.78085494	0.88275087	1.0	1.0	3455	tags=15%, list=14%, signal=17%	
METHYCLOTHIAZIDE ACTION PATHWAY%PATHWHIZ%PW000327	METHYCLOTHIAZIDE ACTION PATHWAY%PATHWHIZ%PW000327		31	0.28277472	0.78037345	0.79866666	1.0	1.0	9233	tags=58%, list=38%, signal=93%	
ANGIOGENESIS OVERVIEW%WIKIPATHWAYS_20260211%WP1993%HOMO SAPIENS	ANGIOGENESIS OVERVIEW%WIKIPATHWAYS_20260211%WP1993%HOMO SAPIENS		56	0.2540491	0.78016275	0.84343433	1.0	1.0	7224	tags=34%, list=29%, signal=48%	
TRIOSEPHOSPHATE ISOMERASE DEFICIENCY%PATHWHIZ%PW000539	TRIOSEPHOSPHATE ISOMERASE DEFICIENCY%PATHWHIZ%PW000539		22	0.3046051	0.78002644	0.7889655	1.0	1.0	8727	tags=50%, list=36%, signal=78%	
POSITIVE REGULATION OF ACTIN FILAMENT BUNDLE ASSEMBLY%GOBP%GO:0032233	POSITIVE REGULATION OF ACTIN FILAMENT BUNDLE ASSEMBLY%GOBP%GO:0032233		52	0.25710967	0.7799595	0.8305085	1.0	1.0	7792	tags=35%, list=32%, signal=51%	
STRIATED MUSCLE CONTRACTION%REACTOME%R-HSA-390522.3	STRIATED MUSCLE CONTRACTION%REACTOME%R-HSA-390522.3		34	0.27842805	0.7798735	0.8190225	1.0	1.0	7792	tags=47%, list=32%, signal=69%	
NADH DEHYDROGENASE COMPLEX ASSEMBLY%GOBP%GO:0010257	NADH DEHYDROGENASE COMPLEX ASSEMBLY%GOBP%GO:0010257		33	0.27786788	0.77976584	0.8115942	1.0	1.0	1440	tags=12%, list=6%, signal=13%	
APC C:CDC20 MEDIATED DEGRADATION OF CYCLIN B%REACTOME DATABASE ID RELEASE 95%174048	APC C:CDC20 MEDIATED DEGRADATION OF CYCLIN B%REACTOME DATABASE ID RELEASE 95%174048		24	0.29690984	0.7796331	0.79469275	1.0	1.0	2989	tags=21%, list=12%, signal=24%	
POSITIVE REGULATION OF JNK CASCADE%GOBP%GO:0046330	POSITIVE REGULATION OF JNK CASCADE%GOBP%GO:0046330		86	0.23718451	0.7795641	0.8547419	1.0	1.0	3776	tags=17%, list=15%, signal=21%	
CELL DEATH SIGNALLING VIA NRAGE, NRIF AND NADE%REACTOME%R-HSA-204998.3	CELL DEATH SIGNALLING VIA NRAGE, NRIF AND NADE%REACTOME%R-HSA-204998.3		76	0.24449994	0.7794577	0.87034816	1.0	1.0	3608	tags=20%, list=15%, signal=23%	
PEROXISOMAL TRANSPORT%GOBP%GO:0043574	PEROXISOMAL TRANSPORT%GOBP%GO:0043574		21	0.30299634	0.7794078	0.7944056	1.0	1.0	4382	tags=24%, list=18%, signal=29%	
NEGATIVE REGULATION OF PHOSPHATE METABOLIC PROCESS%GOBP%GO:0045936	NEGATIVE REGULATION OF PHOSPHATE METABOLIC PROCESS%GOBP%GO:0045936		147	0.22303802	0.77938676	0.9145394	1.0	1.0	6740	tags=27%, list=28%, signal=37%	
PLASMA LIPOPROTEIN ASSEMBLY%REACTOME%R-HSA-8963898.3	PLASMA LIPOPROTEIN ASSEMBLY%REACTOME%R-HSA-8963898.3		18	0.31297496	0.7792107	0.79469275	1.0	1.0	8580	tags=50%, list=35%, signal=77%	
ADORA2B MEDIATED ANTI-INFLAMMATORY CYTOKINES PRODUCTION%REACTOME DATABASE ID RELEASE 95%9660821	ADORA2B MEDIATED ANTI-INFLAMMATORY CYTOKINES PRODUCTION%REACTOME DATABASE ID RELEASE 95%9660821		42	0.262372	0.77914345	0.81552166	1.0	1.0	5253	tags=26%, list=21%, signal=33%	
POSITIVE REGULATION OF CHROMOSOME ORGANIZATION%GOBP%GO:2001252	POSITIVE REGULATION OF CHROMOSOME ORGANIZATION%GOBP%GO:2001252		84	0.23935828	0.7791002	0.8697789	1.0	1.0	3431	tags=14%, list=14%, signal=17%	
VASCULAR ENDOTHELIAL CELL RESPONSE TO LAMINAR FLUID SHEAR STRESS%GOBP%GO:0097700	VASCULAR ENDOTHELIAL CELL RESPONSE TO LAMINAR FLUID SHEAR STRESS%GOBP%GO:0097700		21	0.30489948	0.77882266	0.7846365	1.0	1.0	4981	tags=24%, list=20%, signal=30%	
POSITIVE REGULATION OF ALPHA-BETA T CELL ACTIVATION%GOBP%GO:0046635	POSITIVE REGULATION OF ALPHA-BETA T CELL ACTIVATION%GOBP%GO:0046635		51	0.25389826	0.77877647	0.82818294	1.0	1.0	5386	tags=22%, list=22%, signal=28%	
NEGATIVE REGULATION OF PHOSPHORUS METABOLIC PROCESS%GOBP%GO:0010563	NEGATIVE REGULATION OF PHOSPHORUS METABOLIC PROCESS%GOBP%GO:0010563		147	0.22303802	0.77859205	0.91251385	1.0	1.0	6740	tags=27%, list=28%, signal=37%	
FACTORS AND PATHWAYS AFFECTING INSULIN LIKE GROWTH FACTOR IGF1 AKT SIGNALING%WIKIPATHWAYS_20260211%WP3850%HOMO SAPIENS	FACTORS AND PATHWAYS AFFECTING INSULIN LIKE GROWTH FACTOR IGF1 AKT SIGNALING%WIKIPATHWAYS_20260211%WP3850%HOMO SAPIENS		27	0.2874487	0.77858293	0.796875	1.0	1.0	7846	tags=30%, list=32%, signal=44%	
NEURON PROJECTION EXTENSION%GOBP%GO:1990138	NEURON PROJECTION EXTENSION%GOBP%GO:1990138		42	0.26520815	0.77856493	0.81975967	1.0	1.0	5398	tags=26%, list=22%, signal=34%	
NEGATIVE REGULATORS OF RIG-I MDA5 SIGNALING%REACTOME%R-HSA-936440.6	NEGATIVE REGULATORS OF RIG-I MDA5 SIGNALING%REACTOME%R-HSA-936440.6		35	0.27674407	0.77850235	0.82841825	1.0	1.0	7198	tags=34%, list=29%, signal=48%	
CELLULAR RESPONSE TO GROWTH HORMONE STIMULUS%GOBP%GO:0071378	CELLULAR RESPONSE TO GROWTH HORMONE STIMULUS%GOBP%GO:0071378		23	0.29618856	0.778365	0.7855153	1.0	1.0	3981	tags=26%, list=16%, signal=31%	
REGULATION OF MONOCYTE DIFFERENTIATION%GOBP%GO:0045655	REGULATION OF MONOCYTE DIFFERENTIATION%GOBP%GO:0045655		16	0.3224707	0.77835655	0.77442527	1.0	1.0	8511	tags=44%, list=35%, signal=67%	
PYRUVATE DEHYDROGENASE COMPLEX DEFICIENCY%PATHWHIZ%PW000117	PYRUVATE DEHYDROGENASE COMPLEX DEFICIENCY%PATHWHIZ%PW000117		21	0.30162185	0.77818626	0.783237	1.0	1.0	12632	tags=71%, list=52%, signal=147%	
TRANSPORT OF MATURE TRANSCRIPT TO CYTOPLASM%REACTOME DATABASE ID RELEASE 95%72202	TRANSPORT OF MATURE TRANSCRIPT TO CYTOPLASM%REACTOME DATABASE ID RELEASE 95%72202		80	0.24032027	0.7781786	0.88461536	1.0	1.0	6575	tags=26%, list=27%, signal=36%	
PID_FCER1_PATHWAY%MSIGDB_C2%PID_FCER1_PATHWAY	PID_FCER1_PATHWAY%MSIGDB_C2%PID_FCER1_PATHWAY		51	0.25710222	0.7779603	0.8335451	1.0	1.0	5555	tags=29%, list=23%, signal=38%	
PEROXISOMAL MEMBRANE TRANSPORT%GOBP%GO:0015919	PEROXISOMAL MEMBRANE TRANSPORT%GOBP%GO:0015919		21	0.30299634	0.777847	0.7863129	1.0	1.0	4382	tags=24%, list=18%, signal=29%	
ACYL CHAIN REMODELLING OF PG%REACTOME%R-HSA-1482925.3	ACYL CHAIN REMODELLING OF PG%REACTOME%R-HSA-1482925.3		18	0.317612	0.7775528	0.78470254	1.0	1.0	11735	tags=61%, list=48%, signal=117%	
HARTNUP DISORDER%SMPDB%SMP0000189	HARTNUP DISORDER%SMPDB%SMP0000189		31	0.28277472	0.77708256	0.8244681	1.0	1.0	9233	tags=58%, list=38%, signal=93%	
PROTEIN POLYMERIZATION%GOBP%GO:0051258	PROTEIN POLYMERIZATION%GOBP%GO:0051258		89	0.2354954	0.7770711	0.8781362	1.0	1.0	7531	tags=34%, list=31%, signal=48%	
BLUE DIAPER SYNDROME%SMPDB%SMP0000583	BLUE DIAPER SYNDROME%SMPDB%SMP0000583		31	0.28277472	0.7770545	0.82573724	1.0	1.0	9233	tags=58%, list=38%, signal=93%	
DETOXIFICATION%GOBP%GO:0098754	DETOXIFICATION%GOBP%GO:0098754		82	0.23852818	0.7763271	0.8872902	1.0	1.0	8694	tags=43%, list=35%, signal=66%	
BENDROFLUMETHIAZIDE ACTION PATHWAY%PATHWHIZ%PW000329	BENDROFLUMETHIAZIDE ACTION PATHWAY%PATHWHIZ%PW000329		31	0.28277472	0.7762533	0.8171206	1.0	1.0	9233	tags=58%, list=38%, signal=93%	
GROWTH HORMONE RECEPTOR SIGNALING PATHWAY%GOBP%GO:0060396	GROWTH HORMONE RECEPTOR SIGNALING PATHWAY%GOBP%GO:0060396		23	0.29618856	0.77603865	0.79514825	1.0	1.0	3981	tags=26%, list=16%, signal=31%	
CYCLOTHIAZIDE ACTION PATHWAY%SMPDB%SMP0000103	CYCLOTHIAZIDE ACTION PATHWAY%SMPDB%SMP0000103		31	0.28277472	0.77589095	0.80452126	1.0	1.0	9233	tags=58%, list=38%, signal=93%	
CELLULAR RESPONSE TO ANGIOTENSIN%GOBP%GO:1904385	CELLULAR RESPONSE TO ANGIOTENSIN%GOBP%GO:1904385		15	0.32742575	0.77581745	0.7648766	1.0	1.0	11877	tags=47%, list=48%, signal=91%	
NUCLEOTIDE BINDING OLIGOMERIZATION DOMAIN NOD PATHWAY%WIKIPATHWAYS_20260211%WP1433%HOMO SAPIENS	NUCLEOTIDE BINDING OLIGOMERIZATION DOMAIN NOD PATHWAY%WIKIPATHWAYS_20260211%WP1433%HOMO SAPIENS		35	0.27462336	0.7757012	0.8313413	1.0	1.0	7854	tags=37%, list=32%, signal=55%	
PEPTIDYL-THREONINE MODIFICATION%GOBP%GO:0018210	PEPTIDYL-THREONINE MODIFICATION%GOBP%GO:0018210		19	0.30869645	0.77559084	0.79479766	1.0	1.0	6356	tags=26%, list=26%, signal=36%	
TOLL LIKE RECEPTOR 4 (TLR4) CASCADE%REACTOME%R-HSA-166016.4	TOLL LIKE RECEPTOR 4 (TLR4) CASCADE%REACTOME%R-HSA-166016.4		139	0.22463943	0.7754893	0.90101236	1.0	1.0	7017	tags=32%, list=29%, signal=45%	
HYDROFLUMETHIAZIDE ACTION PATHWAY%PATHWHIZ%PW000335	HYDROFLUMETHIAZIDE ACTION PATHWAY%PATHWHIZ%PW000335		31	0.28277472	0.7753148	0.82360923	1.0	1.0	9233	tags=58%, list=38%, signal=93%	
RHOBTB2 GTPASE CYCLE%REACTOME%R-HSA-9013418.4	RHOBTB2 GTPASE CYCLE%REACTOME%R-HSA-9013418.4		23	0.29529908	0.77518284	0.78028166	1.0	1.0	7246	tags=30%, list=30%, signal=43%	
LYSINURIC PROTEIN INTOLERANCE%SMPDB%SMP0000197	LYSINURIC PROTEIN INTOLERANCE%SMPDB%SMP0000197		31	0.28277472	0.7750692	0.82417583	1.0	1.0	9233	tags=58%, list=38%, signal=93%	
PHOSPHOENOLPYRUVATE CARBOXYKINASE DEFICIENCY 1 (PEPCK1)%SMPDB%SMP0000560	PHOSPHOENOLPYRUVATE CARBOXYKINASE DEFICIENCY 1 (PEPCK1)%SMPDB%SMP0000560		22	0.3046051	0.77489346	0.8042553	1.0	1.0	8727	tags=50%, list=36%, signal=78%	
PRIMARY HYPEROXALURIA II, PH2%SMPDB%SMP0000558	PRIMARY HYPEROXALURIA II, PH2%SMPDB%SMP0000558		21	0.30162185	0.7746857	0.7916084	1.0	1.0	12632	tags=71%, list=52%, signal=147%	
LATE SARS-COV-2 INFECTION EVENTS%REACTOME%R-HSA-9772573.4	LATE SARS-COV-2 INFECTION EVENTS%REACTOME%R-HSA-9772573.4		74	0.24220082	0.7746566	0.8845209	1.0	1.0	4840	tags=23%, list=20%, signal=29%	
PID_AR_TF_PATHWAY%MSIGDB_C2%PID_AR_TF_PATHWAY	PID_AR_TF_PATHWAY%MSIGDB_C2%PID_AR_TF_PATHWAY		44	0.2619213	0.7744197	0.833121	1.0	1.0	7257	tags=36%, list=30%, signal=52%	
NEPHRON MORPHOGENESIS%GOBP%GO:0072028	NEPHRON MORPHOGENESIS%GOBP%GO:0072028		32	0.279482	0.7744006	0.8060686	1.0	1.0	6257	tags=28%, list=26%, signal=38%	
SYNAPTIC VESICLE PATHWAY%WIKIPATHWAYS_20260211%WP2267%HOMO SAPIENS	SYNAPTIC VESICLE PATHWAY%WIKIPATHWAYS_20260211%WP2267%HOMO SAPIENS		39	0.26686022	0.77403104	0.8181818	1.0	1.0	3961	tags=21%, list=16%, signal=24%	
NEGATIVE REGULATION OF PROTEIN LOCALIZATION%GOBP%GO:1903828	NEGATIVE REGULATION OF PROTEIN LOCALIZATION%GOBP%GO:1903828		155	0.22297688	0.7739685	0.92444444	1.0	1.0	6321	tags=25%, list=26%, signal=33%	
HEPARAN SULFATE PROTEOGLYCAN METABOLIC PROCESS%GOBP%GO:0030201	HEPARAN SULFATE PROTEOGLYCAN METABOLIC PROCESS%GOBP%GO:0030201		38	0.27156478	0.7739182	0.83963495	1.0	1.0	2036	tags=11%, list=8%, signal=11%	
POSITIVE REGULATION OF GTPASE ACTIVITY%GOBP%GO:0043547	POSITIVE REGULATION OF GTPASE ACTIVITY%GOBP%GO:0043547		80	0.23718895	0.7737118	0.8688327	1.0	1.0	7397	tags=36%, list=30%, signal=52%	
STRIATED MUSCLE CONTRACTION%GOBP%GO:0006941	STRIATED MUSCLE CONTRACTION%GOBP%GO:0006941		144	0.22108528	0.7735928	0.91694725	1.0	1.0	6474	tags=24%, list=26%, signal=32%	
CHLORTHALIDONE ACTION PATHWAY%SMPDB%SMP0000122	CHLORTHALIDONE ACTION PATHWAY%SMPDB%SMP0000122		31	0.28277472	0.7731383	0.81578946	1.0	1.0	9233	tags=58%, list=38%, signal=93%	
CD40%IOB%CD40	CD40%IOB%CD40		19	0.31102762	0.7731119	0.8036723	1.0	1.0	6517	tags=42%, list=27%, signal=57%	
COREGULATION OF ANDROGEN RECEPTOR ACTIVITY%PATHWAY INTERACTION DATABASE NCI-NATURE CURATED DATA%COREGULATION OF ANDROGEN RECEPTOR ACTIVITY	COREGULATION OF ANDROGEN RECEPTOR ACTIVITY%PATHWAY INTERACTION DATABASE NCI-NATURE CURATED DATA%COREGULATION OF ANDROGEN RECEPTOR ACTIVITY		60	0.24588801	0.77307904	0.8598248	1.0	1.0	3341	tags=13%, list=14%, signal=15%	
POTASSIUM CHANNELS%REACTOME%R-HSA-1296071.4	POTASSIUM CHANNELS%REACTOME%R-HSA-1296071.4		103	0.22951843	0.7730773	0.90266514	1.0	1.0	3994	tags=16%, list=16%, signal=18%	
HALLMARK OF CANCER SUSTAINING PROLIFERATIVE SIGNALING%WIKIPATHWAYS_20260211%WP5475%HOMO SAPIENS	HALLMARK OF CANCER SUSTAINING PROLIFERATIVE SIGNALING%WIKIPATHWAYS_20260211%WP5475%HOMO SAPIENS		85	0.23709986	0.7730732	0.88810366	1.0	1.0	6517	tags=29%, list=27%, signal=40%	
DISEASES OF DNA REPAIR%REACTOME DATABASE ID RELEASE 95%9675135	DISEASES OF DNA REPAIR%REACTOME DATABASE ID RELEASE 95%9675135		50	0.25478882	0.77295876	0.84410644	1.0	1.0	3455	tags=16%, list=14%, signal=19%	
RESPONSE TO UV%GOBP%GO:0009411	RESPONSE TO UV%GOBP%GO:0009411		121	0.22784598	0.7729262	0.9150623	1.0	1.0	6687	tags=26%, list=27%, signal=36%	
SENSORY PROCESSING OF SOUND BY INNER HAIR CELLS OF THE COCHLEA%REACTOME%R-HSA-9662360.2	SENSORY PROCESSING OF SOUND BY INNER HAIR CELLS OF THE COCHLEA%REACTOME%R-HSA-9662360.2		64	0.24635446	0.7727885	0.863581	1.0	1.0	3396	tags=14%, list=14%, signal=16%	
VACUOLAR TRANSPORT%GOBP%GO:0007034	VACUOLAR TRANSPORT%GOBP%GO:0007034		162	0.22079659	0.7725037	0.9238303	1.0	1.0	6496	tags=28%, list=27%, signal=38%	
MESENCHYME MORPHOGENESIS%GOBP%GO:0072132	MESENCHYME MORPHOGENESIS%GOBP%GO:0072132		38	0.2658652	0.77234226	0.8355263	1.0	1.0	6092	tags=26%, list=25%, signal=35%	
PLASMA MEMBRANE PHOSPHOLIPID SCRAMBLING%GOBP%GO:0017121	PLASMA MEMBRANE PHOSPHOLIPID SCRAMBLING%GOBP%GO:0017121		17	0.3137516	0.7721439	0.79582715	1.0	1.0	7902	tags=47%, list=32%, signal=69%	
SUMO E3 LIGASES SUMOYLATE TARGET PROTEINS%REACTOME DATABASE ID RELEASE 95%3108232	SUMO E3 LIGASES SUMOYLATE TARGET PROTEINS%REACTOME DATABASE ID RELEASE 95%3108232		159	0.2181591	0.7720408	0.9141914	1.0	1.0	8735	tags=39%, list=36%, signal=60%	
GENES ASSOCIATED WITH THE DEVELOPMENT OF RHEUMATOID ARTHRITIS%WIKIPATHWAYS_20260211%WP5033%HOMO SAPIENS	GENES ASSOCIATED WITH THE DEVELOPMENT OF RHEUMATOID ARTHRITIS%WIKIPATHWAYS_20260211%WP5033%HOMO SAPIENS		16	0.32398608	0.7717536	0.7774648	1.0	1.0	7217	tags=44%, list=29%, signal=62%	
TRANSCRIPTION BY RNA POLYMERASE III%GOBP%GO:0006383	TRANSCRIPTION BY RNA POLYMERASE III%GOBP%GO:0006383		40	0.26774386	0.7717095	0.8264781	1.0	1.0	2250	tags=13%, list=9%, signal=14%	
NEPHRON EPITHELIUM MORPHOGENESIS%GOBP%GO:0072088	NEPHRON EPITHELIUM MORPHOGENESIS%GOBP%GO:0072088		32	0.279482	0.771527	0.845839	1.0	1.0	6257	tags=28%, list=26%, signal=38%	
M-CSF%IOB%M-CSF	M-CSF%IOB%M-CSF		19	0.31046274	0.77122	0.8016997	1.0	1.0	2979	tags=21%, list=12%, signal=24%	
LIPOPROTEIN METABOLIC PROCESS%GOBP%GO:0042157	LIPOPROTEIN METABOLIC PROCESS%GOBP%GO:0042157		48	0.2587632	0.7712143	0.8376384	1.0	1.0	7145	tags=33%, list=29%, signal=47%	
TNF RELATED WEAK INDUCER OF APOPTOSIS TWEAK SIGNALING%WIKIPATHWAYS_20260211%WP2036%HOMO SAPIENS	TNF RELATED WEAK INDUCER OF APOPTOSIS TWEAK SIGNALING%WIKIPATHWAYS_20260211%WP2036%HOMO SAPIENS		34	0.26923388	0.7710907	0.8377309	1.0	1.0	6517	tags=29%, list=27%, signal=40%	
RESPONSE TO ANGIOTENSIN%GOBP%GO:1990776	RESPONSE TO ANGIOTENSIN%GOBP%GO:1990776		18	0.30962536	0.7710846	0.7914365	1.0	1.0	6689	tags=22%, list=27%, signal=31%	
ION TRANSPORT BY P-TYPE ATPASES%REACTOME%R-HSA-936837.6	ION TRANSPORT BY P-TYPE ATPASES%REACTOME%R-HSA-936837.6		55	0.24757628	0.77041805	0.856599	1.0	1.0	6191	tags=25%, list=25%, signal=34%	
LIGAND-DEPENDENT CASPASE ACTIVATION%REACTOME DATABASE ID RELEASE 95%140534	LIGAND-DEPENDENT CASPASE ACTIVATION%REACTOME DATABASE ID RELEASE 95%140534		15	0.32957834	0.7702158	0.8142857	1.0	1.0	1541	tags=20%, list=6%, signal=21%	
REGULATION OF B CELL PROLIFERATION%GOBP%GO:0030888	REGULATION OF B CELL PROLIFERATION%GOBP%GO:0030888		50	0.25329235	0.77014375	0.860583	1.0	1.0	7997	tags=40%, list=33%, signal=59%	
BETA1 ADRENERGIC RECEPTOR SIGNALING PATHWAY%PANTHER PATHWAY%P04377	BETA1 ADRENERGIC RECEPTOR SIGNALING PATHWAY%PANTHER PATHWAY%P04377		24	0.29274708	0.7700203	0.7914365	1.0	1.0	4981	tags=25%, list=20%, signal=31%	
CARBOXYLIC ACID TRANSMEMBRANE TRANSPORT%GOBP%GO:1905039	CARBOXYLIC ACID TRANSMEMBRANE TRANSPORT%GOBP%GO:1905039		101	0.23167036	0.7695891	0.88465977	1.0	1.0	7958	tags=44%, list=32%, signal=64%	
PYRUVATE METABOLISM%PATHWHIZ%PW000054	PYRUVATE METABOLISM%PATHWHIZ%PW000054		21	0.30162185	0.76915103	0.81163436	1.0	1.0	12632	tags=71%, list=52%, signal=147%	
PROTEIN DESTABILIZATION%GOBP%GO:0031648	PROTEIN DESTABILIZATION%GOBP%GO:0031648		36	0.27069026	0.76910555	0.8497268	1.0	1.0	2297	tags=14%, list=9%, signal=15%	
MITOTIC DNA DAMAGE CHECKPOINT SIGNALING%GOBP%GO:0044773	MITOTIC DNA DAMAGE CHECKPOINT SIGNALING%GOBP%GO:0044773		62	0.24811059	0.7690353	0.8499385	1.0	1.0	5027	tags=19%, list=21%, signal=24%	
SENSORY PROCESSING OF SOUND%REACTOME%R-HSA-9659379.3	SENSORY PROCESSING OF SOUND%REACTOME%R-HSA-9659379.3		72	0.24347928	0.7688026	0.8789346	1.0	1.0	3785	tags=15%, list=15%, signal=18%	
FAS SIGNALING PATHWAY ( CD95 )%PATHWHIZ%PW070709	FAS SIGNALING PATHWAY ( CD95 )%PATHWHIZ%PW070709		30	0.2758022	0.76868933	0.84583336	1.0	1.0	4990	tags=23%, list=20%, signal=29%	
PROGRAMMED NECROTIC CELL DEATH%GOBP%GO:0097300	PROGRAMMED NECROTIC CELL DEATH%GOBP%GO:0097300		17	0.31220546	0.7686499	0.79884225	1.0	1.0	5558	tags=24%, list=23%, signal=30%	
CELLULAR RESPONSE TO LAMINAR FLUID SHEAR STRESS%GOBP%GO:0071499	CELLULAR RESPONSE TO LAMINAR FLUID SHEAR STRESS%GOBP%GO:0071499		28	0.28304416	0.7685454	0.8194993	1.0	1.0	4981	tags=21%, list=20%, signal=27%	
DNA STRAND ELONGATION%REACTOME DATABASE ID RELEASE 95%69190	DNA STRAND ELONGATION%REACTOME DATABASE ID RELEASE 95%69190		32	0.27449492	0.76840454	0.8010753	1.0	1.0	9359	tags=50%, list=38%, signal=81%	
OTHER INTERLEUKIN SIGNALING%REACTOME DATABASE ID RELEASE 95%449836	OTHER INTERLEUKIN SIGNALING%REACTOME DATABASE ID RELEASE 95%449836		24	0.28751758	0.7682868	0.8108484	1.0	1.0	6508	tags=42%, list=27%, signal=57%	
MECP2 AND ASSOCIATED RETT SYNDROME%WIKIPATHWAYS_20260211%WP3584%HOMO SAPIENS	MECP2 AND ASSOCIATED RETT SYNDROME%WIKIPATHWAYS_20260211%WP3584%HOMO SAPIENS		58	0.2516108	0.7682204	0.8580247	1.0	1.0	7011	tags=34%, list=29%, signal=48%	
DNA-TEMPLATED DNA REPLICATION MAINTENANCE OF FIDELITY%GOBP%GO:0045005	DNA-TEMPLATED DNA REPLICATION MAINTENANCE OF FIDELITY%GOBP%GO:0045005		66	0.24363308	0.7681451	0.87890136	1.0	1.0	1291	tags=9%, list=5%, signal=10%	
DEPHOSPHORYLATION%GOBP%GO:0016311	DEPHOSPHORYLATION%GOBP%GO:0016311		125	0.22019674	0.7679717	0.9217687	1.0	1.0	5604	tags=23%, list=23%, signal=30%	
LEIGH SYNDROME%SMPDB%SMP0000196	LEIGH SYNDROME%SMPDB%SMP0000196		21	0.30162185	0.76772857	0.8258346	1.0	1.0	12632	tags=71%, list=52%, signal=147%	
RAC2 GTPASE CYCLE%REACTOME%R-HSA-9013404.2	RAC2 GTPASE CYCLE%REACTOME%R-HSA-9013404.2		88	0.23281404	0.7676198	0.886076	1.0	1.0	3105	tags=11%, list=13%, signal=13%	
TOLL-LIKE RECEPTOR PATHWAY 2%SMPDB%SMP0069593	TOLL-LIKE RECEPTOR PATHWAY 2%SMPDB%SMP0069593		31	0.2773442	0.76735663	0.83289474	1.0	1.0	3648	tags=23%, list=15%, signal=26%	
SODIUM ION TRANSMEMBRANE TRANSPORT%GOBP%GO:0035725	SODIUM ION TRANSMEMBRANE TRANSPORT%GOBP%GO:0035725		100	0.23179072	0.76718736	0.9047619	1.0	1.0	7329	tags=39%, list=30%, signal=55%	
REGULATION OF FZD BY UBIQUITINATION%REACTOME%R-HSA-4641263.4	REGULATION OF FZD BY UBIQUITINATION%REACTOME%R-HSA-4641263.4		21	0.3010264	0.7671176	0.7978142	1.0	1.0	8230	tags=48%, list=34%, signal=72%	
REGULATION OF POSITIVE CHEMOTAXIS%GOBP%GO:0050926	REGULATION OF POSITIVE CHEMOTAXIS%GOBP%GO:0050926		17	0.31488955	0.7669416	0.8017493	1.0	1.0	7755	tags=29%, list=32%, signal=43%	
ENSHEATHMENT OF NEURONS%GOBP%GO:0007272	ENSHEATHMENT OF NEURONS%GOBP%GO:0007272		63	0.24769992	0.7667466	0.8742217	1.0	1.0	5363	tags=32%, list=22%, signal=41%	
FRS-MEDIATED FGFR2 SIGNALING%REACTOME DATABASE ID RELEASE 95%5654700	FRS-MEDIATED FGFR2 SIGNALING%REACTOME DATABASE ID RELEASE 95%5654700		19	0.30500188	0.7666102	0.799435	1.0	1.0	7732	tags=42%, list=32%, signal=61%	
SHC-MEDIATED CASCADE:FGFR4%REACTOME DATABASE ID RELEASE 95%5654719	SHC-MEDIATED CASCADE:FGFR4%REACTOME DATABASE ID RELEASE 95%5654719		15	0.32263127	0.7664616	0.7849003	1.0	1.0	3354	tags=20%, list=14%, signal=23%	
INTRACELLULAR TRAFFICKING PROTEINS INVOLVED IN CMT NEUROPATHY%WIKIPATHWAYS_20260211%WP4856%HOMO SAPIENS	INTRACELLULAR TRAFFICKING PROTEINS INVOLVED IN CMT NEUROPATHY%WIKIPATHWAYS_20260211%WP4856%HOMO SAPIENS		23	0.29620054	0.7664557	0.81161475	1.0	1.0	3092	tags=17%, list=13%, signal=20%	
KIDNEY DEVELOPMENT%GOBP%GO:0001822	KIDNEY DEVELOPMENT%GOBP%GO:0001822		140	0.22029665	0.76631296	0.9310345	1.0	1.0	6689	tags=26%, list=27%, signal=36%	
NEPHRON DEVELOPMENT%GOBP%GO:0072006	NEPHRON DEVELOPMENT%GOBP%GO:0072006		78	0.2363891	0.7661466	0.8844282	1.0	1.0	6347	tags=28%, list=26%, signal=38%	
REGULATION OF GLYCOGEN METABOLIC PROCESS%GOBP%GO:0070873	REGULATION OF GLYCOGEN METABOLIC PROCESS%GOBP%GO:0070873		29	0.2786277	0.7660335	0.81646425	1.0	1.0	6967	tags=34%, list=28%, signal=48%	
NETRIN-1 SIGNALING%REACTOME%R-HSA-373752.4	NETRIN-1 SIGNALING%REACTOME%R-HSA-373752.4		43	0.26208895	0.766006	0.8331194	1.0	1.0	3150	tags=16%, list=13%, signal=19%	
PID_EPHA_FWDPATHWAY%MSIGDB_C2%PID_EPHA_FWDPATHWAY	PID_EPHA_FWDPATHWAY%MSIGDB_C2%PID_EPHA_FWDPATHWAY		26	0.28359732	0.7659741	0.8023256	1.0	1.0	6399	tags=27%, list=26%, signal=36%	
SIGNALING BY FGFR2%REACTOME DATABASE ID RELEASE 95%5654738	SIGNALING BY FGFR2%REACTOME DATABASE ID RELEASE 95%5654738		65	0.24259813	0.76597255	0.875	1.0	1.0	7401	tags=34%, list=30%, signal=48%	
L-AMINO ACID TRANSPORT%GOBP%GO:0015807	L-AMINO ACID TRANSPORT%GOBP%GO:0015807		55	0.2499733	0.76574594	0.8423077	1.0	1.0	8991	tags=53%, list=37%, signal=83%	
CELLULAR RESPONSE TO CARBOHYDRATE STIMULUS%GOBP%GO:0071322	CELLULAR RESPONSE TO CARBOHYDRATE STIMULUS%GOBP%GO:0071322		45	0.2568748	0.76557493	0.84779876	1.0	1.0	8894	tags=40%, list=36%, signal=63%	
NUTRIENT STORAGE%GOBP%GO:0170062	NUTRIENT STORAGE%GOBP%GO:0170062		38	0.26768896	0.7655249	0.84505206	1.0	1.0	8187	tags=34%, list=33%, signal=51%	
REGULATION OF ASTROCYTE DIFFERENTIATION%GOBP%GO:0048710	REGULATION OF ASTROCYTE DIFFERENTIATION%GOBP%GO:0048710		17	0.30766243	0.76549745	0.79130435	1.0	1.0	6399	tags=41%, list=26%, signal=56%	
PID_WNT_SIGNALING_PATHWAY%MSIGDB_C2%PID_WNT_SIGNALING_PATHWAY	PID_WNT_SIGNALING_PATHWAY%MSIGDB_C2%PID_WNT_SIGNALING_PATHWAY		24	0.2866732	0.76489806	0.8319328	1.0	1.0	8994	tags=50%, list=37%, signal=79%	
ESTABLISHMENT OF SKIN BARRIER%GOBP%GO:0061436	ESTABLISHMENT OF SKIN BARRIER%GOBP%GO:0061436		19	0.304995	0.76485586	0.8061224	1.0	1.0	736	tags=11%, list=3%, signal=11%	
ACTIVATION OF THE PRE-REPLICATIVE COMPLEX%REACTOME%R-HSA-68962.6	ACTIVATION OF THE PRE-REPLICATIVE COMPLEX%REACTOME%R-HSA-68962.6		33	0.2694152	0.7646103	0.8384926	1.0	1.0	5834	tags=33%, list=24%, signal=44%	
ANGIOGENESIS%WIKIPATHWAYS_20260211%WP1539%HOMO SAPIENS	ANGIOGENESIS%WIKIPATHWAYS_20260211%WP1539%HOMO SAPIENS		17	0.31674826	0.76445615	0.8069164	1.0	1.0	11332	tags=71%, list=46%, signal=131%	
REGULATION OF MICROTUBULE POLYMERIZATION%GOBP%GO:0031113	REGULATION OF MICROTUBULE POLYMERIZATION%GOBP%GO:0031113		57	0.24514282	0.7641005	0.8814628	1.0	1.0	7281	tags=32%, list=30%, signal=45%	
POSITIVE REGULATION OF INFLAMMASOME-MEDIATED SIGNALING PATHWAY%GOBP%GO:0141087	POSITIVE REGULATION OF INFLAMMASOME-MEDIATED SIGNALING PATHWAY%GOBP%GO:0141087		30	0.2820272	0.76372373	0.83897156	1.0	1.0	3595	tags=23%, list=15%, signal=27%	
LIMBIC SYSTEM DEVELOPMENT%GOBP%GO:0021761	LIMBIC SYSTEM DEVELOPMENT%GOBP%GO:0021761		33	0.2746762	0.76345223	0.848366	1.0	1.0	1631	tags=9%, list=7%, signal=10%	
FORMATION OF TC-NER PRE-INCISION COMPLEX%REACTOME%R-HSA-6781823.4	FORMATION OF TC-NER PRE-INCISION COMPLEX%REACTOME%R-HSA-6781823.4		50	0.25472823	0.76311195	0.861596	1.0	1.0	3937	tags=18%, list=16%, signal=21%	
INTERLEUKIN-1 SIGNALING%REACTOME DATABASE ID RELEASE 95%9020702	INTERLEUKIN-1 SIGNALING%REACTOME DATABASE ID RELEASE 95%9020702		99	0.23103552	0.7630712	0.8948598	1.0	1.0	5027	tags=23%, list=21%, signal=29%	
REGULATION OF TORC1 SIGNALING%GOBP%GO:1903432	REGULATION OF TORC1 SIGNALING%GOBP%GO:1903432		98	0.22838475	0.76290977	0.8954704	1.0	1.0	3790	tags=15%, list=15%, signal=18%	
EPO%IOB%EPO	EPO%IOB%EPO		24	0.28818658	0.76280606	0.8328652	1.0	1.0	3768	tags=25%, list=15%, signal=30%	
DNA-TEMPLATED DNA REPLICATION%GOBP%GO:0006261	DNA-TEMPLATED DNA REPLICATION%GOBP%GO:0006261		132	0.22265242	0.7627322	0.9413093	1.0	1.0	7068	tags=27%, list=29%, signal=38%	
REGULATION OF ORGANIC ACID TRANSPORT%GOBP%GO:0032890	REGULATION OF ORGANIC ACID TRANSPORT%GOBP%GO:0032890		38	0.2629614	0.7626247	0.8342105	1.0	1.0	9614	tags=53%, list=39%, signal=87%	
NEGATIVE REGULATION OF BLOOD PRESSURE%GOBP%GO:0045776	NEGATIVE REGULATION OF BLOOD PRESSURE%GOBP%GO:0045776		18	0.30622008	0.76261556	0.79285717	1.0	1.0	6989	tags=44%, list=29%, signal=62%	
MYELINATION%GOBP%GO:0042552	MYELINATION%GOBP%GO:0042552		61	0.24563932	0.762325	0.87202007	1.0	1.0	5363	tags=31%, list=22%, signal=40%	
POSITIVE REGULATION OF CARBOHYDRATE METABOLIC PROCESS%GOBP%GO:0045913	POSITIVE REGULATION OF CARBOHYDRATE METABOLIC PROCESS%GOBP%GO:0045913		59	0.24501003	0.7617773	0.87125	1.0	1.0	5737	tags=24%, list=23%, signal=31%	
ACTIN FILAMENT BUNDLE ORGANIZATION%GOBP%GO:0061572	ACTIN FILAMENT BUNDLE ORGANIZATION%GOBP%GO:0061572		58	0.24490544	0.7611241	0.862363	1.0	1.0	5269	tags=24%, list=22%, signal=31%	
SLC-MEDIATED TRANSPORT OF INORGANIC ANIONS%REACTOME%R-HSA-9958790.2	SLC-MEDIATED TRANSPORT OF INORGANIC ANIONS%REACTOME%R-HSA-9958790.2		35	0.26564273	0.761042	0.8582996	1.0	1.0	6570	tags=34%, list=27%, signal=47%	
UBIQUITIN-DEPENDENT PROTEIN CATABOLIC PROCESS VIA THE MULTIVESICULAR BODY SORTING PATHWAY%GOBP%GO:0043162	UBIQUITIN-DEPENDENT PROTEIN CATABOLIC PROCESS VIA THE MULTIVESICULAR BODY SORTING PATHWAY%GOBP%GO:0043162		35	0.26944962	0.7609735	0.8331035	1.0	1.0	8941	tags=43%, list=37%, signal=67%	
POSITIVE REGULATION OF CHOLESTEROL TRANSPORT%GOBP%GO:0032376	POSITIVE REGULATION OF CHOLESTEROL TRANSPORT%GOBP%GO:0032376		31	0.27363178	0.76086813	0.8333333	1.0	1.0	9480	tags=39%, list=39%, signal=63%	
TP53 REGULATES TRANSCRIPTION OF GENES INVOLVED IN G2 CELL CYCLE ARREST%REACTOME%R-HSA-6804114.3	TP53 REGULATES TRANSCRIPTION OF GENES INVOLVED IN G2 CELL CYCLE ARREST%REACTOME%R-HSA-6804114.3		18	0.30042484	0.7607683	0.7850208	1.0	1.0	7384	tags=44%, list=30%, signal=64%	
REGULATION OF PROTEIN LOCALIZATION TO NUCLEUS%GOBP%GO:1900180	REGULATION OF PROTEIN LOCALIZATION TO NUCLEUS%GOBP%GO:1900180		107	0.22946183	0.7606518	0.90266514	1.0	1.0	3595	tags=15%, list=15%, signal=17%	
REGULATION OF SYNAPTIC VESICLE FUSION TO PRESYNAPTIC ACTIVE ZONE MEMBRANE%GOBP%GO:0031630	REGULATION OF SYNAPTIC VESICLE FUSION TO PRESYNAPTIC ACTIVE ZONE MEMBRANE%GOBP%GO:0031630		18	0.2995137	0.76055956	0.8123209	1.0	1.0	935	tags=11%, list=4%, signal=12%	
TNFALPHA%NETPATH%TNFALPHA	TNFALPHA%NETPATH%TNFALPHA		166	0.21496801	0.7604983	0.9407328	1.0	1.0	6855	tags=27%, list=28%, signal=37%	
KSRP (KHSRP) BINDS AND DESTABILIZES MRNA%REACTOME%R-HSA-450604.4	KSRP (KHSRP) BINDS AND DESTABILIZES MRNA%REACTOME%R-HSA-450604.4		17	0.3110639	0.76032203	0.8173913	1.0	1.0	5550	tags=24%, list=23%, signal=30%	
HEART TRABECULA MORPHOGENESIS%GOBP%GO:0061384	HEART TRABECULA MORPHOGENESIS%GOBP%GO:0061384		20	0.29504508	0.7601783	0.82276654	1.0	1.0	3116	tags=20%, list=13%, signal=23%	
SYNCYTIUM FORMATION BY PLASMA MEMBRANE FUSION%GOBP%GO:0000768	SYNCYTIUM FORMATION BY PLASMA MEMBRANE FUSION%GOBP%GO:0000768		23	0.29280257	0.76001114	0.82446045	1.0	1.0	2435	tags=13%, list=10%, signal=14%	
LEUKOCYTE TETHERING OR ROLLING%GOBP%GO:0050901	LEUKOCYTE TETHERING OR ROLLING%GOBP%GO:0050901		18	0.30538508	0.7599626	0.8174157	1.0	1.0	6037	tags=44%, list=25%, signal=59%	
LISSENCEPHALY GENE (LIS1) IN NEURONAL MIGRATION AND DEVELOPMENT%PATHWAY INTERACTION DATABASE NCI-NATURE CURATED DATA%LISSENCEPHALY GENE (LIS1) IN NEURONAL MIGRATION AND DEVELOPMENT	LISSENCEPHALY GENE (LIS1) IN NEURONAL MIGRATION AND DEVELOPMENT%PATHWAY INTERACTION DATABASE NCI-NATURE CURATED DATA%LISSENCEPHALY GENE (LIS1) IN NEURONAL MIGRATION AND DEVELOPMENT		29	0.2775727	0.7599524	0.8269231	1.0	1.0	6051	tags=28%, list=25%, signal=37%	
NEGATIVE REGULATION OF ACTIVIN RECEPTOR SIGNALING PATHWAY%GOBP%GO:0032926	NEGATIVE REGULATION OF ACTIVIN RECEPTOR SIGNALING PATHWAY%GOBP%GO:0032926		18	0.3060669	0.75992906	0.8064067	1.0	1.0	3748	tags=17%, list=15%, signal=20%	
CARDIAC MUSCLE CELL DEVELOPMENT%GOBP%GO:0055013	CARDIAC MUSCLE CELL DEVELOPMENT%GOBP%GO:0055013		37	0.26219577	0.7597898	0.8567708	1.0	1.0	4509	tags=19%, list=18%, signal=23%	
CARDIOCYTE DIFFERENTIATION%GOBP%GO:0035051	CARDIOCYTE DIFFERENTIATION%GOBP%GO:0035051		69	0.23788908	0.75950474	0.87727827	1.0	1.0	5448	tags=23%, list=22%, signal=30%	
NEURAL CREST CELL DIFFERENTIATION%GOBP%GO:0014033	NEURAL CREST CELL DIFFERENTIATION%GOBP%GO:0014033		62	0.2421648	0.7592688	0.87875	1.0	1.0	867	tags=6%, list=4%, signal=7%	
PROTEIN K48-LINKED UBIQUITINATION%GOBP%GO:0070936	PROTEIN K48-LINKED UBIQUITINATION%GOBP%GO:0070936		95	0.23064865	0.7588115	0.90694934	1.0	1.0	3940	tags=16%, list=16%, signal=19%	
CALCIUM ION IMPORT%GOBP%GO:0070509	CALCIUM ION IMPORT%GOBP%GO:0070509		33	0.26943913	0.75873214	0.8359375	1.0	1.0	8331	tags=36%, list=34%, signal=55%	
INFECTION WITH MYCOBACTERIUM TUBERCULOSIS%REACTOME DATABASE ID RELEASE 95%9635486	INFECTION WITH MYCOBACTERIUM TUBERCULOSIS%REACTOME DATABASE ID RELEASE 95%9635486		27	0.2830908	0.75833076	0.81842816	1.0	1.0	7198	tags=48%, list=29%, signal=68%	
ADENYLATE CYCLASE-INHIBITING G PROTEIN-COUPLED RECEPTOR SIGNALING PATHWAY%GOBP%GO:0007193	ADENYLATE CYCLASE-INHIBITING G PROTEIN-COUPLED RECEPTOR SIGNALING PATHWAY%GOBP%GO:0007193		86	0.23274517	0.7578496	0.9060642	1.0	1.0	7823	tags=37%, list=32%, signal=54%	
DETOXIFICATION OF REACTIVE OXYGEN SPECIES%REACTOME%R-HSA-3299685.7	DETOXIFICATION OF REACTIVE OXYGEN SPECIES%REACTOME%R-HSA-3299685.7		33	0.26828054	0.75773317	0.82597053	1.0	1.0	2211	tags=12%, list=9%, signal=13%	
CELLULAR RESPONSE TO MONOSACCHARIDE STIMULUS%GOBP%GO:0071326	CELLULAR RESPONSE TO MONOSACCHARIDE STIMULUS%GOBP%GO:0071326		40	0.25746256	0.75767696	0.87401575	1.0	1.0	8894	tags=43%, list=36%, signal=67%	
CHROMOSOMAL AND MICROSATELLITE INSTABILITY IN COLORECTAL CANCER %WIKIPATHWAYS_20260211%WP4216%HOMO SAPIENS	CHROMOSOMAL AND MICROSATELLITE INSTABILITY IN COLORECTAL CANCER %WIKIPATHWAYS_20260211%WP4216%HOMO SAPIENS		62	0.24468789	0.75757647	0.87950313	1.0	1.0	3781	tags=21%, list=15%, signal=25%	
REGULATION OF DNA REPLICATION%GOBP%GO:0006275	REGULATION OF DNA REPLICATION%GOBP%GO:0006275		113	0.22371547	0.7573607	0.9135945	1.0	1.0	7068	tags=29%, list=29%, signal=41%	
NEGATIVE REGULATION OF PEPTIDYL-TYROSINE PHOSPHORYLATION%GOBP%GO:0050732	NEGATIVE REGULATION OF PEPTIDYL-TYROSINE PHOSPHORYLATION%GOBP%GO:0050732		20	0.303027	0.75724673	0.8193277	1.0	1.0	4320	tags=25%, list=18%, signal=30%	
LEUKOCYTE PROLIFERATION%GOBP%GO:0070661	LEUKOCYTE PROLIFERATION%GOBP%GO:0070661		46	0.25296104	0.75709015	0.8800505	1.0	1.0	8410	tags=43%, list=34%, signal=66%	
ATOPIC DERMATITIS MECHANISM AND THERAPIES%WIKIPATHWAYS_20260211%WP5538%HOMO SAPIENS	ATOPIC DERMATITIS MECHANISM AND THERAPIES%WIKIPATHWAYS_20260211%WP5538%HOMO SAPIENS		17	0.30961293	0.75687754	0.8059072	1.0	1.0	4488	tags=24%, list=18%, signal=29%	
NEGATIVE REGULATION OF PHOSPHORYLATION%GOBP%GO:0042326	NEGATIVE REGULATION OF PHOSPHORYLATION%GOBP%GO:0042326		118	0.2213633	0.7568077	0.9372146	1.0	1.0	6740	tags=26%, list=28%, signal=36%	
RESPONSE TO LIPOPOLYSACCHARIDE%GOBP%GO:0032496	RESPONSE TO LIPOPOLYSACCHARIDE%GOBP%GO:0032496		166	0.21340464	0.7566161	0.9433333	1.0	1.0	6081	tags=25%, list=25%, signal=33%	
GM-CSF%IOB%GM-CSF	GM-CSF%IOB%GM-CSF		51	0.2502254	0.756199	0.8717617	1.0	1.0	7624	tags=37%, list=31%, signal=54%	
RAS SIGNALING PATHWAY%SMPDB%SMP0063784	RAS SIGNALING PATHWAY%SMPDB%SMP0063784		24	0.28519353	0.7561783	0.82172704	1.0	1.0	4634	tags=21%, list=19%, signal=26%	
HETEROTRIMERIC G-PROTEIN SIGNALING PATHWAY-GQ ALPHA AND GO ALPHA MEDIATED PATHWAY%PANTHER PATHWAY%P00027	HETEROTRIMERIC G-PROTEIN SIGNALING PATHWAY-GQ ALPHA AND GO ALPHA MEDIATED PATHWAY%PANTHER PATHWAY%P00027		87	0.23012136	0.75616586	0.9026764	1.0	1.0	8888	tags=44%, list=36%, signal=68%	
CELLULAR RESPONSE TO FIBROBLAST GROWTH FACTOR STIMULUS%GOBP%GO:0044344	CELLULAR RESPONSE TO FIBROBLAST GROWTH FACTOR STIMULUS%GOBP%GO:0044344		56	0.24296446	0.7558656	0.88622	1.0	1.0	6139	tags=27%, list=25%, signal=36%	
PID_HDAC_CLASSIII_PATHWAY%MSIGDB_C2%PID_HDAC_CLASSIII_PATHWAY	PID_HDAC_CLASSIII_PATHWAY%MSIGDB_C2%PID_HDAC_CLASSIII_PATHWAY		21	0.29038474	0.7555332	0.8046448	1.0	1.0	126	tags=5%, list=1%, signal=5%	
RIBONUCLEOSIDE METABOLIC PROCESS%GOBP%GO:0009119	RIBONUCLEOSIDE METABOLIC PROCESS%GOBP%GO:0009119		15	0.31670284	0.7555304	0.7951636	1.0	1.0	6762	tags=40%, list=28%, signal=55%	
BIOCARTA_P38MAPK_PATHWAY%MSIGDB_C2%BIOCARTA_P38MAPK_PATHWAY	BIOCARTA_P38MAPK_PATHWAY%MSIGDB_C2%BIOCARTA_P38MAPK_PATHWAY		27	0.27683946	0.7553598	0.8333333	1.0	1.0	3116	tags=19%, list=13%, signal=21%	
HOMOTYPIC CELL-CELL ADHESION%GOBP%GO:0034109	HOMOTYPIC CELL-CELL ADHESION%GOBP%GO:0034109		51	0.24832076	0.7552856	0.8625473	1.0	1.0	9126	tags=47%, list=37%, signal=75%	
INSULIN RECEPTOR SIGNALLING CASCADE%REACTOME DATABASE ID RELEASE 95%74751	INSULIN RECEPTOR SIGNALLING CASCADE%REACTOME DATABASE ID RELEASE 95%74751		45	0.25516856	0.7551086	0.85751635	1.0	1.0	6754	tags=31%, list=28%, signal=43%	
RECOMBINATIONAL REPAIR%GOBP%GO:0000725	RECOMBINATIONAL REPAIR%GOBP%GO:0000725		125	0.22174194	0.7550789	0.93563217	1.0	1.0	7068	tags=28%, list=29%, signal=39%	
MUSCLE TISSUE MORPHOGENESIS%GOBP%GO:0060415	MUSCLE TISSUE MORPHOGENESIS%GOBP%GO:0060415		49	0.24867223	0.75495	0.8670886	1.0	1.0	4769	tags=20%, list=19%, signal=25%	
REGULATION OF MITOCHONDRIAL TRANSLATION%GOBP%GO:0070129	REGULATION OF MITOCHONDRIAL TRANSLATION%GOBP%GO:0070129		21	0.2950363	0.7547757	0.82137835	1.0	1.0	8772	tags=43%, list=36%, signal=67%	
CERAMIDE SIGNALING PATHWAY%PATHWAY INTERACTION DATABASE NCI-NATURE CURATED DATA%CERAMIDE SIGNALING PATHWAY	CERAMIDE SIGNALING PATHWAY%PATHWAY INTERACTION DATABASE NCI-NATURE CURATED DATA%CERAMIDE SIGNALING PATHWAY		48	0.25179455	0.75468856	0.868256	1.0	1.0	7419	tags=27%, list=30%, signal=39%	
NEGATIVE REGULATION OF LIPID CATABOLIC PROCESS%GOBP%GO:0050995	NEGATIVE REGULATION OF LIPID CATABOLIC PROCESS%GOBP%GO:0050995		23	0.28729293	0.7546547	0.8373409	1.0	1.0	1993	tags=13%, list=8%, signal=14%	
MRNA DECAY BY 3' TO 5' EXORIBONUCLEASE%REACTOME%R-HSA-429958.5	MRNA DECAY BY 3' TO 5' EXORIBONUCLEASE%REACTOME%R-HSA-429958.5		16	0.3156626	0.7546135	0.8132184	1.0	1.0	2315	tags=13%, list=9%, signal=14%	
RECEPTOR RECYCLING%GOBP%GO:0001881	RECEPTOR RECYCLING%GOBP%GO:0001881		20	0.29829296	0.75456196	0.8051209	1.0	1.0	9743	tags=50%, list=40%, signal=83%	
SPINAL CORD INJURY%WIKIPATHWAYS_20260211%WP2431%HOMO SAPIENS	SPINAL CORD INJURY%WIKIPATHWAYS_20260211%WP2431%HOMO SAPIENS		99	0.22663829	0.7545237	0.9226328	1.0	1.0	6517	tags=31%, list=27%, signal=42%	
NUCLEAR RNA DECAY%REACTOME DATABASE ID RELEASE 95%9930044	NUCLEAR RNA DECAY%REACTOME DATABASE ID RELEASE 95%9930044		35	0.26593715	0.75448525	0.84615386	1.0	1.0	3636	tags=20%, list=15%, signal=23%	
MULTICELLULAR ORGANISMAL-LEVEL CHEMICAL HOMEOSTASIS%GOBP%GO:0140962	MULTICELLULAR ORGANISMAL-LEVEL CHEMICAL HOMEOSTASIS%GOBP%GO:0140962		64	0.23967494	0.7544636	0.89800996	1.0	1.0	8881	tags=45%, list=36%, signal=71%	
EMBRYONIC EYE MORPHOGENESIS%GOBP%GO:0048048	EMBRYONIC EYE MORPHOGENESIS%GOBP%GO:0048048		20	0.29537907	0.75438285	0.8271093	1.0	1.0	5827	tags=35%, list=24%, signal=46%	
ERYTHROPOIESIS%WIKIPATHWAYS_20260211%WP5607%HOMO SAPIENS	ERYTHROPOIESIS%WIKIPATHWAYS_20260211%WP5607%HOMO SAPIENS		22	0.29196084	0.7543357	0.8117816	1.0	1.0	3007	tags=18%, list=12%, signal=21%	
PROTEIN INSERTION INTO MEMBRANE%GOBP%GO:0051205	PROTEIN INSERTION INTO MEMBRANE%GOBP%GO:0051205		71	0.23732726	0.7542577	0.88875306	1.0	1.0	7270	tags=32%, list=30%, signal=46%	
CONDENSATION OF PROPHASE CHROMOSOMES%REACTOME DATABASE ID RELEASE 95%2299718	CONDENSATION OF PROPHASE CHROMOSOMES%REACTOME DATABASE ID RELEASE 95%2299718		40	0.25845298	0.7542407	0.864	1.0	1.0	2622	tags=13%, list=11%, signal=14%	
ION CHANNEL TRANSPORT%REACTOME%R-HSA-983712.4	ION CHANNEL TRANSPORT%REACTOME%R-HSA-983712.4		177	0.21174073	0.75409514	0.9476496	1.0	1.0	7350	tags=31%, list=30%, signal=43%	
SIGNALING BY FGFR3 IN DISEASE%REACTOME DATABASE ID RELEASE 95%5655332	SIGNALING BY FGFR3 IN DISEASE%REACTOME DATABASE ID RELEASE 95%5655332		17	0.31348488	0.75386924	0.79820627	1.0	1.0	4193	tags=24%, list=17%, signal=28%	
REGULATION OF RELEASE OF SEQUESTERED CALCIUM ION INTO CYTOSOL BY SARCOPLASMIC RETICULUM%GOBP%GO:0010880	REGULATION OF RELEASE OF SEQUESTERED CALCIUM ION INTO CYTOSOL BY SARCOPLASMIC RETICULUM%GOBP%GO:0010880		30	0.2723675	0.7536769	0.84021306	1.0	1.0	5927	tags=30%, list=24%, signal=40%	
NEGATIVE REGULATION OF FAT CELL DIFFERENTIATION%GOBP%GO:0045599	NEGATIVE REGULATION OF FAT CELL DIFFERENTIATION%GOBP%GO:0045599		40	0.26060382	0.7535826	0.848366	1.0	1.0	9722	tags=48%, list=40%, signal=79%	
MITOTIC DNA INTEGRITY CHECKPOINT SIGNALING%GOBP%GO:0044774	MITOTIC DNA INTEGRITY CHECKPOINT SIGNALING%GOBP%GO:0044774		66	0.23855658	0.75342804	0.8902743	1.0	1.0	5027	tags=20%, list=21%, signal=25%	
CONGENITAL ERYTHROPOIETIC PORPHYRIA (CEP) OR GUNTHER DISEASE%SMPDB%SMP0000345	CONGENITAL ERYTHROPOIETIC PORPHYRIA (CEP) OR GUNTHER DISEASE%SMPDB%SMP0000345		16	0.3054825	0.7533641	0.8162084	1.0	1.0	10772	tags=44%, list=44%, signal=78%	
POLYSACCHARIDE BIOSYNTHETIC PROCESS%GOBP%GO:0000271	POLYSACCHARIDE BIOSYNTHETIC PROCESS%GOBP%GO:0000271		17	0.3061922	0.75332415	0.8134864	1.0	1.0	5262	tags=24%, list=21%, signal=30%	
REGULATION OF NEUROTRANSMITTER TRANSPORT%GOBP%GO:0051588	REGULATION OF NEUROTRANSMITTER TRANSPORT%GOBP%GO:0051588		71	0.23994608	0.7531473	0.8852657	1.0	1.0	4101	tags=21%, list=17%, signal=25%	
INTERACTIONS BETWEEN IMMUNE CELLS AND MICRORNAS IN TUMOR MICROENVIRONMENT%WIKIPATHWAYS_20260211%WP4559%HOMO SAPIENS	INTERACTIONS BETWEEN IMMUNE CELLS AND MICRORNAS IN TUMOR MICROENVIRONMENT%WIKIPATHWAYS_20260211%WP4559%HOMO SAPIENS		20	0.29887497	0.75294197	0.8158996	1.0	1.0	1520	tags=10%, list=6%, signal=11%	
REGULATION OF SYNAPTIC VESICLE MEMBRANE ORGANIZATION%GOBP%GO:1901632	REGULATION OF SYNAPTIC VESICLE MEMBRANE ORGANIZATION%GOBP%GO:1901632		18	0.2995137	0.7528767	0.825419	1.0	1.0	935	tags=11%, list=4%, signal=12%	
UREA CYCLE AND ASSOCIATED PATHWAYS%WIKIPATHWAYS_20260211%WP4595%HOMO SAPIENS	UREA CYCLE AND ASSOCIATED PATHWAYS%WIKIPATHWAYS_20260211%WP4595%HOMO SAPIENS		16	0.30976993	0.75287664	0.83838385	1.0	1.0	7994	tags=44%, list=33%, signal=65%	
REGULATION OF TYROSINE PHOSPHORYLATION OF STAT PROTEIN%GOBP%GO:0042509	REGULATION OF TYROSINE PHOSPHORYLATION OF STAT PROTEIN%GOBP%GO:0042509		32	0.26762772	0.75284994	0.8464789	1.0	1.0	8841	tags=47%, list=36%, signal=73%	
MUSCLE ORGAN MORPHOGENESIS%GOBP%GO:0048644	MUSCLE ORGAN MORPHOGENESIS%GOBP%GO:0048644		49	0.24867223	0.7527602	0.8663304	1.0	1.0	4769	tags=20%, list=19%, signal=25%	
TOLERANCE INDUCTION%GOBP%GO:0002507	TOLERANCE INDUCTION%GOBP%GO:0002507		15	0.3166025	0.7525239	0.82116246	1.0	1.0	8410	tags=33%, list=34%, signal=51%	
TRANSCRIPTION OF E2F TARGETS UNDER NEGATIVE CONTROL BY DREAM COMPLEX%REACTOME%R-HSA-1362277.3	TRANSCRIPTION OF E2F TARGETS UNDER NEGATIVE CONTROL BY DREAM COMPLEX%REACTOME%R-HSA-1362277.3		19	0.30171552	0.7523782	0.81985813	1.0	1.0	6326	tags=32%, list=26%, signal=43%	
REGULATION OF INSULIN RECEPTOR SIGNALING PATHWAY%GOBP%GO:0046626	REGULATION OF INSULIN RECEPTOR SIGNALING PATHWAY%GOBP%GO:0046626		51	0.24744694	0.75230753	0.888183	1.0	1.0	4876	tags=22%, list=20%, signal=27%	
RRNA MODIFICATION%GOBP%GO:0000154	RRNA MODIFICATION%GOBP%GO:0000154		36	0.26382506	0.7522997	0.8633461	1.0	1.0	3872	tags=22%, list=16%, signal=26%	
KIDNEY FUNCTION - COLLECTING DUCT%PATHWHIZ%PW122278	KIDNEY FUNCTION - COLLECTING DUCT%PATHWHIZ%PW122278		20	0.29500815	0.75212777	0.82361114	1.0	1.0	1967	tags=15%, list=8%, signal=16%	
MISCELLANEOUS TRANSPORT AND BINDING EVENTS%REACTOME%R-HSA-5223345.7	MISCELLANEOUS TRANSPORT AND BINDING EVENTS%REACTOME%R-HSA-5223345.7		27	0.27604273	0.75212544	0.8553888	1.0	1.0	5001	tags=26%, list=20%, signal=33%	
RESPONSE TO UV-B%GOBP%GO:0010224	RESPONSE TO UV-B%GOBP%GO:0010224		17	0.30298904	0.7515613	0.83527696	1.0	1.0	8292	tags=29%, list=34%, signal=44%	
POSITIVE REGULATION OF ENDOTHELIAL CELL PROLIFERATION%GOBP%GO:0001938	POSITIVE REGULATION OF ENDOTHELIAL CELL PROLIFERATION%GOBP%GO:0001938		69	0.23725216	0.7514763	0.89830506	1.0	1.0	6909	tags=29%, list=28%, signal=40%	
REGULATION OF TELOMERE MAINTENANCE%GOBP%GO:0032204	REGULATION OF TELOMERE MAINTENANCE%GOBP%GO:0032204		93	0.22842222	0.7513722	0.8995215	1.0	1.0	3364	tags=14%, list=14%, signal=16%	
REGULATION OF HUMORAL IMMUNE RESPONSE%GOBP%GO:0002920	REGULATION OF HUMORAL IMMUNE RESPONSE%GOBP%GO:0002920		31	0.26945147	0.75129014	0.83496505	1.0	1.0	8435	tags=42%, list=34%, signal=64%	
MITOCHONDRIAL GENE EXPRESSION%GOBP%GO:0140053	MITOCHONDRIAL GENE EXPRESSION%GOBP%GO:0140053		145	0.21612452	0.751266	0.9350935	1.0	1.0	6441	tags=28%, list=26%, signal=37%	
HISTAMINE H1 RECEPTOR MEDIATED SIGNALING PATHWAY%PANTHER PATHWAY%P04385	HISTAMINE H1 RECEPTOR MEDIATED SIGNALING PATHWAY%PANTHER PATHWAY%P04385		41	0.2589288	0.75078017	0.8787097	1.0	1.0	8888	tags=49%, list=36%, signal=76%	
REGULATION OF RAC PROTEIN SIGNAL TRANSDUCTION%GOBP%GO:0035020	REGULATION OF RAC PROTEIN SIGNAL TRANSDUCTION%GOBP%GO:0035020		28	0.2740006	0.750645	0.8561737	1.0	1.0	4456	tags=21%, list=18%, signal=26%	
MELOXICAM ACTION PATHWAY%SMPDB%SMP0000106	MELOXICAM ACTION PATHWAY%SMPDB%SMP0000106		28	0.26838487	0.75061244	0.8337838	1.0	1.0	5918	tags=39%, list=24%, signal=52%	
NRAGE SIGNALS DEATH THROUGH JNK%REACTOME DATABASE ID RELEASE 95%193648	NRAGE SIGNALS DEATH THROUGH JNK%REACTOME DATABASE ID RELEASE 95%193648		59	0.24232343	0.7506034	0.87672955	1.0	1.0	7682	tags=37%, list=31%, signal=54%	
POSITIVE REGULATION OF IMMUNOGLOBULIN PRODUCTION%GOBP%GO:0002639	POSITIVE REGULATION OF IMMUNOGLOBULIN PRODUCTION%GOBP%GO:0002639		41	0.25732157	0.75040245	0.8544974	1.0	1.0	6486	tags=37%, list=26%, signal=50%	
HEXOSE METABOLIC PROCESS%GOBP%GO:0019318	HEXOSE METABOLIC PROCESS%GOBP%GO:0019318		102	0.22307542	0.7503782	0.92013496	1.0	1.0	8789	tags=39%, list=36%, signal=61%	
REGULATION OF PROTEIN SECRETION%GOBP%GO:0050708	REGULATION OF PROTEIN SECRETION%GOBP%GO:0050708		183	0.21104799	0.7503466	0.9514563	1.0	1.0	6072	tags=25%, list=25%, signal=33%	
POSITIVE REGULATION OF STEROL TRANSPORT%GOBP%GO:0032373	POSITIVE REGULATION OF STEROL TRANSPORT%GOBP%GO:0032373		31	0.27363178	0.75027525	0.8419655	1.0	1.0	9480	tags=39%, list=39%, signal=63%	
EUKARYOTIC TRANSCRIPTION INITIATION%WIKIPATHWAYS_20260211%WP405%HOMO SAPIENS	EUKARYOTIC TRANSCRIPTION INITIATION%WIKIPATHWAYS_20260211%WP405%HOMO SAPIENS		33	0.26382095	0.75004613	0.8607096	1.0	1.0	3849	tags=18%, list=16%, signal=22%	
PID_REG_GR_PATHWAY%MSIGDB_C2%PID_REG_GR_PATHWAY	PID_REG_GR_PATHWAY%MSIGDB_C2%PID_REG_GR_PATHWAY		68	0.23691127	0.74991804	0.9021066	1.0	1.0	6517	tags=31%, list=27%, signal=42%	
CARDIAC CELL DEVELOPMENT%GOBP%GO:0055006	CARDIAC CELL DEVELOPMENT%GOBP%GO:0055006		42	0.25712198	0.74990153	0.8562259	1.0	1.0	5349	tags=21%, list=22%, signal=27%	
BETA3 INTEGRIN CELL SURFACE INTERACTIONS%PATHWAY INTERACTION DATABASE NCI-NATURE CURATED DATA%BETA3 INTEGRIN CELL SURFACE INTERACTIONS	BETA3 INTEGRIN CELL SURFACE INTERACTIONS%PATHWAY INTERACTION DATABASE NCI-NATURE CURATED DATA%BETA3 INTEGRIN CELL SURFACE INTERACTIONS		43	0.25088868	0.74983096	0.87172776	1.0	1.0	5910	tags=26%, list=24%, signal=34%	
STEM CELL DIFFERENTIATION%GOBP%GO:0048863	STEM CELL DIFFERENTIATION%GOBP%GO:0048863		108	0.22305477	0.74921864	0.92102206	1.0	1.0	7802	tags=31%, list=32%, signal=45%	
UNTITLED%PANTHER PATHWAY%P05916	UNTITLED%PANTHER PATHWAY%P05916		24	0.28479835	0.7491704	0.831309	1.0	1.0	8888	tags=46%, list=36%, signal=72%	
DOWNREGULATION OF TGF-BETA RECEPTOR SIGNALING%REACTOME DATABASE ID RELEASE 95%2173788	DOWNREGULATION OF TGF-BETA RECEPTOR SIGNALING%REACTOME DATABASE ID RELEASE 95%2173788		25	0.28293115	0.74916434	0.8166895	1.0	1.0	3784	tags=24%, list=15%, signal=28%	
MYD88 CASCADE INITIATED ON PLASMA MEMBRANE%REACTOME%R-HSA-975871.3	MYD88 CASCADE INITIATED ON PLASMA MEMBRANE%REACTOME%R-HSA-975871.3		94	0.22504412	0.7489737	0.9215457	1.0	1.0	5027	tags=23%, list=21%, signal=29%	
RENAL SYSTEM DEVELOPMENT%GOBP%GO:0072001	RENAL SYSTEM DEVELOPMENT%GOBP%GO:0072001		145	0.21465813	0.74895734	0.9363337	1.0	1.0	6689	tags=26%, list=27%, signal=35%	
DNA STRAND ELONGATION INVOLVED IN DNA REPLICATION%GOBP%GO:0006271	DNA STRAND ELONGATION INVOLVED IN DNA REPLICATION%GOBP%GO:0006271		15	0.31172597	0.74875385	0.7914831	1.0	1.0	1416	tags=13%, list=6%, signal=14%	
MITOCHONDRIAL RNA METABOLIC PROCESS%GOBP%GO:0000959	MITOCHONDRIAL RNA METABOLIC PROCESS%GOBP%GO:0000959		52	0.24567832	0.74865943	0.89002556	1.0	1.0	5548	tags=27%, list=23%, signal=35%	
CELLULAR RESPONSE TO HEXOSE STIMULUS%GOBP%GO:0071331	CELLULAR RESPONSE TO HEXOSE STIMULUS%GOBP%GO:0071331		40	0.25746256	0.74823314	0.86848956	1.0	1.0	8894	tags=43%, list=36%, signal=67%	
MICROTUBULE POLYMERIZATION OR DEPOLYMERIZATION%GOBP%GO:0031109	MICROTUBULE POLYMERIZATION OR DEPOLYMERIZATION%GOBP%GO:0031109		57	0.24556403	0.74777377	0.8700637	1.0	1.0	7486	tags=32%, list=31%, signal=45%	
REGULATION OF STEM CELL POPULATION MAINTENANCE%GOBP%GO:2000036	REGULATION OF STEM CELL POPULATION MAINTENANCE%GOBP%GO:2000036		63	0.23996161	0.74773026	0.8894472	1.0	1.0	2923	tags=14%, list=12%, signal=16%	
POSITIVE REGULATION OF LEUKOCYTE PROLIFERATION%GOBP%GO:0070665	POSITIVE REGULATION OF LEUKOCYTE PROLIFERATION%GOBP%GO:0070665		118	0.21867721	0.7474175	0.928	1.0	1.0	7711	tags=31%, list=31%, signal=46%	
OSTEOCLAST DIFFERENTIATION%GOBP%GO:0030316	OSTEOCLAST DIFFERENTIATION%GOBP%GO:0030316		33	0.26827773	0.74741435	0.8668478	1.0	1.0	4568	tags=18%, list=19%, signal=22%	
ENDOTHELIAL CELL PROLIFERATION%GOBP%GO:0001935	ENDOTHELIAL CELL PROLIFERATION%GOBP%GO:0001935		19	0.30053127	0.74734086	0.8321775	1.0	1.0	3116	tags=16%, list=13%, signal=18%	
PORPHYRIA VARIEGATA (PV)%SMPDB%SMP0000346	PORPHYRIA VARIEGATA (PV)%SMPDB%SMP0000346		16	0.3054825	0.7473214	0.8257143	1.0	1.0	10772	tags=44%, list=44%, signal=78%	
NEGATIVE REGULATION OF MYOBLAST DIFFERENTIATION%GOBP%GO:0045662	NEGATIVE REGULATION OF MYOBLAST DIFFERENTIATION%GOBP%GO:0045662		15	0.30683708	0.74727905	0.83206105	1.0	1.0	4769	tags=27%, list=19%, signal=33%	
REGULATION OF VASCULAR PERMEABILITY%GOBP%GO:0043114	REGULATION OF VASCULAR PERMEABILITY%GOBP%GO:0043114		37	0.25649476	0.74660105	0.8639366	1.0	1.0	7157	tags=35%, list=29%, signal=50%	
CHAPERONIN-MEDIATED PROTEIN FOLDING%REACTOME DATABASE ID RELEASE 95%390466	CHAPERONIN-MEDIATED PROTEIN FOLDING%REACTOME DATABASE ID RELEASE 95%390466		91	0.2256106	0.74649477	0.9209906	1.0	1.0	7567	tags=35%, list=31%, signal=51%	
CELL-CELL FUSION%GOBP%GO:0140253	CELL-CELL FUSION%GOBP%GO:0140253		24	0.2854933	0.7464509	0.83641535	1.0	1.0	2435	tags=13%, list=10%, signal=14%	
REGULATION OF RESPONSE TO TUMOR CELL%GOBP%GO:0002834	REGULATION OF RESPONSE TO TUMOR CELL%GOBP%GO:0002834		30	0.27074662	0.74642	0.8450331	1.0	1.0	6601	tags=27%, list=27%, signal=36%	
BIOGENIC AMINE BIOSYNTHETIC PROCESS%GOBP%GO:0042401	BIOGENIC AMINE BIOSYNTHETIC PROCESS%GOBP%GO:0042401		27	0.27539477	0.7463897	0.8464674	1.0	1.0	2551	tags=19%, list=10%, signal=21%	
RESPONSE TO MUSCLE STRETCH%GOBP%GO:0035994	RESPONSE TO MUSCLE STRETCH%GOBP%GO:0035994		15	0.31373328	0.7462141	0.82894737	1.0	1.0	3132	tags=20%, list=13%, signal=23%	
REGULATION OF RAC1 ACTIVITY%PATHWAY INTERACTION DATABASE NCI-NATURE CURATED DATA%REGULATION OF RAC1 ACTIVITY	REGULATION OF RAC1 ACTIVITY%PATHWAY INTERACTION DATABASE NCI-NATURE CURATED DATA%REGULATION OF RAC1 ACTIVITY		38	0.26045668	0.74615306	0.8700265	1.0	1.0	6484	tags=32%, list=26%, signal=43%	
TOLL LIKE RECEPTOR 10 (TLR10) CASCADE%REACTOME%R-HSA-168142.3	TOLL LIKE RECEPTOR 10 (TLR10) CASCADE%REACTOME%R-HSA-168142.3		94	0.22504412	0.7461363	0.91527444	1.0	1.0	5027	tags=23%, list=21%, signal=29%	
VACUOLAR ACIDIFICATION%GOBP%GO:0007035	VACUOLAR ACIDIFICATION%GOBP%GO:0007035		34	0.2650275	0.7461233	0.8712737	1.0	1.0	6764	tags=32%, list=28%, signal=45%	
VACUOLE ORGANIZATION%GOBP%GO:0007033	VACUOLE ORGANIZATION%GOBP%GO:0007033		174	0.21126866	0.74601907	0.95295405	1.0	1.0	5316	tags=21%, list=22%, signal=26%	
MONOSACCHARIDE METABOLIC PROCESS%GOBP%GO:0005996	MONOSACCHARIDE METABOLIC PROCESS%GOBP%GO:0005996		115	0.21834776	0.74592865	0.9450673	1.0	1.0	8789	tags=39%, list=36%, signal=61%	
NUCLEAR EVENTS STIMULATED BY ALK SIGNALING IN CANCER%REACTOME DATABASE ID RELEASE 95%9725371	NUCLEAR EVENTS STIMULATED BY ALK SIGNALING IN CANCER%REACTOME DATABASE ID RELEASE 95%9725371		32	0.26732618	0.74553376	0.8526603	1.0	1.0	3171	tags=13%, list=13%, signal=14%	
G0 AND EARLY G1%REACTOME DATABASE ID RELEASE 95%1538133	G0 AND EARLY G1%REACTOME DATABASE ID RELEASE 95%1538133		27	0.27670792	0.74528086	0.82345194	1.0	1.0	6326	tags=26%, list=26%, signal=35%	
MITOCHONDRIAL BIOGENESIS%REACTOME%R-HSA-1592230.4	MITOCHONDRIAL BIOGENESIS%REACTOME%R-HSA-1592230.4		90	0.22693853	0.74504024	0.9138135	1.0	1.0	4814	tags=14%, list=20%, signal=18%	
CARDIAC MYOFIBRIL ASSEMBLY%GOBP%GO:0055003	CARDIAC MYOFIBRIL ASSEMBLY%GOBP%GO:0055003		15	0.31072053	0.7450142	0.829023	1.0	1.0	39	tags=7%, list=0%, signal=7%	
BIOCARTA_41BB_PATHWAY%MSIGDB_C2%BIOCARTA_41BB_PATHWAY	BIOCARTA_41BB_PATHWAY%MSIGDB_C2%BIOCARTA_41BB_PATHWAY		16	0.31077436	0.7448177	0.8094556	1.0	1.0	6462	tags=38%, list=26%, signal=51%	
HYALURONAN METABOLISM%REACTOME%R-HSA-2142845.4	HYALURONAN METABOLISM%REACTOME%R-HSA-2142845.4		20	0.29011697	0.74479914	0.8379501	1.0	1.0	1086	tags=10%, list=4%, signal=10%	
SARS-COV-1 ACTIVATES MODULATES INNATE IMMUNE RESPONSES%REACTOME%R-HSA-9692916.2	SARS-COV-1 ACTIVATES MODULATES INNATE IMMUNE RESPONSES%REACTOME%R-HSA-9692916.2		41	0.25202462	0.7447609	0.86828643	1.0	1.0	8597	tags=41%, list=35%, signal=64%	
REGULATION OF EMBRYONIC DEVELOPMENT%GOBP%GO:0045995	REGULATION OF EMBRYONIC DEVELOPMENT%GOBP%GO:0045995		64	0.2328062	0.7447002	0.9028777	1.0	1.0	5087	tags=20%, list=21%, signal=26%	
D-GLUCOSE IMPORT ACROSS PLASMA MEMBRANE%GOBP%GO:0098708	D-GLUCOSE IMPORT ACROSS PLASMA MEMBRANE%GOBP%GO:0098708		16	0.30382612	0.7446008	0.81831396	1.0	1.0	4104	tags=25%, list=17%, signal=30%	
ETORICOXIB ACTION PATHWAY%SMPDB%SMP0000695	ETORICOXIB ACTION PATHWAY%SMPDB%SMP0000695		28	0.26838487	0.74442816	0.83651227	1.0	1.0	5918	tags=39%, list=24%, signal=52%	
NEGATIVE REGULATION OF DNA RECOMBINATION%GOBP%GO:0045910	NEGATIVE REGULATION OF DNA RECOMBINATION%GOBP%GO:0045910		44	0.2512721	0.74428236	0.88486415	1.0	1.0	6090	tags=25%, list=25%, signal=33%	
GASTRIC CANCER NETWORK 2%WIKIPATHWAYS_20260211%WP2363%HOMO SAPIENS	GASTRIC CANCER NETWORK 2%WIKIPATHWAYS_20260211%WP2363%HOMO SAPIENS		28	0.2731525	0.74397224	0.8418919	1.0	1.0	8467	tags=36%, list=35%, signal=55%	
SYNCYTIUM FORMATION%GOBP%GO:0006949	SYNCYTIUM FORMATION%GOBP%GO:0006949		25	0.28149766	0.74383974	0.824611	1.0	1.0	2435	tags=12%, list=10%, signal=13%	
REGULATION OF DNA-TEMPLATED TRANSCRIPTION ELONGATION%GOBP%GO:0032784	REGULATION OF DNA-TEMPLATED TRANSCRIPTION ELONGATION%GOBP%GO:0032784		99	0.22066288	0.7434959	0.9325714	1.0	1.0	3940	tags=18%, list=16%, signal=22%	
MISMATCH REPAIR%GOBP%GO:0006298	MISMATCH REPAIR%GOBP%GO:0006298		26	0.27577722	0.74343383	0.8471074	1.0	1.0	500	tags=8%, list=2%, signal=8%	
ETODOLAC ACTION PATHWAY%PATHWHIZ%PW000129	ETODOLAC ACTION PATHWAY%PATHWHIZ%PW000129		28	0.26838487	0.74337345	0.85345995	1.0	1.0	5918	tags=39%, list=24%, signal=52%	
RHO GTPASES ACTIVATE NADPH OXIDASES%REACTOME DATABASE ID RELEASE 95%5668599	RHO GTPASES ACTIVATE NADPH OXIDASES%REACTOME DATABASE ID RELEASE 95%5668599		24	0.28369936	0.7429321	0.84636873	1.0	1.0	7216	tags=33%, list=29%, signal=47%	
REGULATION OF BEHAVIOR%GOBP%GO:0050795	REGULATION OF BEHAVIOR%GOBP%GO:0050795		49	0.248422	0.7429086	0.8746736	1.0	1.0	8126	tags=35%, list=33%, signal=52%	
NUCLEAR MEMBRANE ORGANIZATION%GOBP%GO:0071763	NUCLEAR MEMBRANE ORGANIZATION%GOBP%GO:0071763		46	0.24665932	0.7425122	0.86923075	1.0	1.0	4348	tags=20%, list=18%, signal=24%	
MEMORY%GOBP%GO:0007613	MEMORY%GOBP%GO:0007613		58	0.23771803	0.7423151	0.8930818	1.0	1.0	7122	tags=40%, list=29%, signal=56%	
TRANSCRIPTIONAL REGULATION BY RUNX1%REACTOME DATABASE ID RELEASE 95%8878171	TRANSCRIPTIONAL REGULATION BY RUNX1%REACTOME DATABASE ID RELEASE 95%8878171		189	0.2071532	0.74226105	0.97099894	1.0	1.0	7593	tags=34%, list=31%, signal=49%	
ACUTE INTERMITTENT PORPHYRIA%PATHWHIZ%PW000174	ACUTE INTERMITTENT PORPHYRIA%PATHWHIZ%PW000174		16	0.3054825	0.742256	0.8217687	1.0	1.0	10772	tags=44%, list=44%, signal=78%	
ENDOCARDIAL CUSHION FORMATION%GOBP%GO:0003272	ENDOCARDIAL CUSHION FORMATION%GOBP%GO:0003272		21	0.28592145	0.7420119	0.832636	1.0	1.0	1050	tags=10%, list=4%, signal=10%	
KETOROLAC ACTION PATHWAY%SMPDB%SMP0000098	KETOROLAC ACTION PATHWAY%SMPDB%SMP0000098		28	0.26838487	0.74183667	0.86027396	1.0	1.0	5918	tags=39%, list=24%, signal=52%	
ERBB4 SIGNALING EVENTS%PATHWAY INTERACTION DATABASE NCI-NATURE CURATED DATA%ERBB4 SIGNALING EVENTS	ERBB4 SIGNALING EVENTS%PATHWAY INTERACTION DATABASE NCI-NATURE CURATED DATA%ERBB4 SIGNALING EVENTS		35	0.26049334	0.74182594	0.87598944	1.0	1.0	6517	tags=31%, list=27%, signal=43%	
SUPROFEN ACTION PATHWAY%SMPDB%SMP0000101	SUPROFEN ACTION PATHWAY%SMPDB%SMP0000101		28	0.26838487	0.74164855	0.8480663	1.0	1.0	5918	tags=39%, list=24%, signal=52%	
RNA POLYMERASE III CHAIN ELONGATION%REACTOME%R-HSA-73780.4	RNA POLYMERASE III CHAIN ELONGATION%REACTOME%R-HSA-73780.4		18	0.29841182	0.741462	0.8239538	1.0	1.0	3849	tags=17%, list=16%, signal=20%	
SIGNALING BY FGFR3%REACTOME DATABASE ID RELEASE 95%5654741	SIGNALING BY FGFR3%REACTOME DATABASE ID RELEASE 95%5654741		32	0.26526472	0.74144435	0.87316424	1.0	1.0	7198	tags=41%, list=29%, signal=57%	
TRISALICYLATE-CHOLINE ACTION PATHWAY%PATHWHIZ%PW000680	TRISALICYLATE-CHOLINE ACTION PATHWAY%PATHWHIZ%PW000680		28	0.26838487	0.7413939	0.8622101	1.0	1.0	5918	tags=39%, list=24%, signal=52%	
REGULATION OF ANOIKIS%GOBP%GO:2000209	REGULATION OF ANOIKIS%GOBP%GO:2000209		21	0.2882466	0.7413813	0.84195805	1.0	1.0	5754	tags=19%, list=23%, signal=25%	
MITOTIC CYTOKINESIS%GOBP%GO:0000281	MITOTIC CYTOKINESIS%GOBP%GO:0000281		84	0.22836964	0.741376	0.9199522	1.0	1.0	8755	tags=35%, list=36%, signal=54%	
NEGATIVE REGULATION OF EPITHELIAL TO MESENCHYMAL TRANSITION%GOBP%GO:0010719	NEGATIVE REGULATION OF EPITHELIAL TO MESENCHYMAL TRANSITION%GOBP%GO:0010719		39	0.2544705	0.74133575	0.8815959	1.0	1.0	2492	tags=13%, list=10%, signal=14%	
REGULATION OF GLUCAN BIOSYNTHETIC PROCESS%GOBP%GO:0010962	REGULATION OF GLUCAN BIOSYNTHETIC PROCESS%GOBP%GO:0010962		26	0.27249333	0.741173	0.8540245	1.0	1.0	6967	tags=35%, list=28%, signal=48%	
AMINO ACID TRANSPORT%GOBP%GO:0006865	AMINO ACID TRANSPORT%GOBP%GO:0006865		101	0.22411814	0.74117184	0.9240654	1.0	1.0	7657	tags=39%, list=31%, signal=56%	
SIGNALING BY ERBB2 TMD JMD MUTANTS%REACTOME%R-HSA-9665686.3	SIGNALING BY ERBB2 TMD JMD MUTANTS%REACTOME%R-HSA-9665686.3		18	0.3039822	0.74101317	0.8163842	1.0	1.0	11277	tags=44%, list=46%, signal=82%	
METABOLISM OF ANGIOTENSINOGEN TO ANGIOTENSINS%REACTOME%R-HSA-2022377.11	METABOLISM OF ANGIOTENSINOGEN TO ANGIOTENSINS%REACTOME%R-HSA-2022377.11		17	0.29798386	0.74076444	0.8350365	1.0	1.0	858	tags=12%, list=4%, signal=12%	
TOLL LIKE RECEPTOR 5 (TLR5) CASCADE%REACTOME%R-HSA-168176.3	TOLL LIKE RECEPTOR 5 (TLR5) CASCADE%REACTOME%R-HSA-168176.3		94	0.22504412	0.7407221	0.9209906	1.0	1.0	5027	tags=23%, list=21%, signal=29%	
LUNG FIBROSIS%WIKIPATHWAYS_20260211%WP3624%HOMO SAPIENS	LUNG FIBROSIS%WIKIPATHWAYS_20260211%WP3624%HOMO SAPIENS		53	0.24059622	0.74069554	0.8925	1.0	1.0	5993	tags=28%, list=24%, signal=37%	
RIBOSE-5-PHOSPHATE ISOMERASE DEFICIENCY%SMPDB%SMP0000519	RIBOSE-5-PHOSPHATE ISOMERASE DEFICIENCY%SMPDB%SMP0000519		15	0.30935127	0.7405795	0.8300562	1.0	1.0	6357	tags=33%, list=26%, signal=45%	
CYTOKINETIC PROCESS%GOBP%GO:0032506	CYTOKINETIC PROCESS%GOBP%GO:0032506		43	0.251425	0.74045175	0.8992248	1.0	1.0	12236	tags=63%, list=50%, signal=125%	
PHOSPHATIDYLSERINE METABOLIC PROCESS%GOBP%GO:0006658	PHOSPHATIDYLSERINE METABOLIC PROCESS%GOBP%GO:0006658		21	0.28368953	0.7404449	0.82608694	1.0	1.0	6802	tags=29%, list=28%, signal=40%	
16P13 11 COPY NUMBER VARIATION SYNDROME %WIKIPATHWAYS_20260211%WP5502%HOMO SAPIENS	16P13 11 COPY NUMBER VARIATION SYNDROME %WIKIPATHWAYS_20260211%WP5502%HOMO SAPIENS		25	0.27930406	0.7401168	0.84992987	1.0	1.0	7845	tags=36%, list=32%, signal=53%	
DARPP-32 EVENTS%REACTOME DATABASE ID RELEASE 95%180024	DARPP-32 EVENTS%REACTOME DATABASE ID RELEASE 95%180024		23	0.28086329	0.74000674	0.84770113	1.0	1.0	2492	tags=17%, list=10%, signal=19%	
15Q11Q13 COPY NUMBER VARIATION%WIKIPATHWAYS_20260211%WP5407%HOMO SAPIENS	15Q11Q13 COPY NUMBER VARIATION%WIKIPATHWAYS_20260211%WP5407%HOMO SAPIENS		45	0.24745898	0.7394335	0.877551	1.0	1.0	8696	tags=51%, list=36%, signal=79%	
LUMIRACOXIB ACTION PATHWAY%SMPDB%SMP0000699	LUMIRACOXIB ACTION PATHWAY%SMPDB%SMP0000699		28	0.26838487	0.7391641	0.8666667	1.0	1.0	5918	tags=39%, list=24%, signal=52%	
PID_THROMBIN_PAR1_PATHWAY%MSIGDB_C2%PID_THROMBIN_PAR1_PATHWAY	PID_THROMBIN_PAR1_PATHWAY%MSIGDB_C2%PID_THROMBIN_PAR1_PATHWAY		30	0.26397324	0.7390587	0.86357784	1.0	1.0	9747	tags=47%, list=40%, signal=77%	
BIOCARTA_INTEGRIN_PATHWAY%MSIGDB_C2%BIOCARTA_INTEGRIN_PATHWAY	BIOCARTA_INTEGRIN_PATHWAY%MSIGDB_C2%BIOCARTA_INTEGRIN_PATHWAY		28	0.2720085	0.7390428	0.85405403	1.0	1.0	6517	tags=32%, list=27%, signal=44%	
REGULATION OF TRANSCRIPTION ELONGATION BY RNA POLYMERASE II%GOBP%GO:0034243	REGULATION OF TRANSCRIPTION ELONGATION BY RNA POLYMERASE II%GOBP%GO:0034243		85	0.22329648	0.73896533	0.9232614	1.0	1.0	3940	tags=19%, list=16%, signal=22%	
POSITIVE REGULATION OF AUTOPHAGOSOME ASSEMBLY%GOBP%GO:2000786	POSITIVE REGULATION OF AUTOPHAGOSOME ASSEMBLY%GOBP%GO:2000786		19	0.292996	0.7388278	0.8477654	1.0	1.0	3723	tags=26%, list=15%, signal=31%	
MUSCLE ORGAN DEVELOPMENT%GOBP%GO:0007517	MUSCLE ORGAN DEVELOPMENT%GOBP%GO:0007517		151	0.21250562	0.73877317	0.9443231	1.0	1.0	4769	tags=17%, list=19%, signal=21%	
ICOSANOID BIOSYNTHETIC PROCESS%GOBP%GO:0046456	ICOSANOID BIOSYNTHETIC PROCESS%GOBP%GO:0046456		42	0.2526316	0.7386596	0.88188976	1.0	1.0	5918	tags=29%, list=24%, signal=38%	
ACTIN FILAMENT BUNDLE ASSEMBLY%GOBP%GO:0051017	ACTIN FILAMENT BUNDLE ASSEMBLY%GOBP%GO:0051017		55	0.24223247	0.7386424	0.8932161	1.0	1.0	4906	tags=22%, list=20%, signal=27%	
GLIAL CELL DIFFERENTIATION%GOBP%GO:0010001	GLIAL CELL DIFFERENTIATION%GOBP%GO:0010001		85	0.22553556	0.73863184	0.9293413	1.0	1.0	5363	tags=24%, list=22%, signal=30%	
NEGATIVE REGULATION OF PROTEIN MODIFICATION PROCESS%GOBP%GO:0031400	NEGATIVE REGULATION OF PROTEIN MODIFICATION PROCESS%GOBP%GO:0031400		181	0.21170314	0.7386294	0.960221	1.0	1.0	6765	tags=27%, list=28%, signal=36%	
PID_CERAMIDE_PATHWAY%MSIGDB_C2%PID_CERAMIDE_PATHWAY	PID_CERAMIDE_PATHWAY%MSIGDB_C2%PID_CERAMIDE_PATHWAY		37	0.2582805	0.73855233	0.8657289	1.0	1.0	9091	tags=35%, list=37%, signal=56%	
RESPONSE TO MOLECULE OF BACTERIAL ORIGIN%GOBP%GO:0002237	RESPONSE TO MOLECULE OF BACTERIAL ORIGIN%GOBP%GO:0002237		182	0.20869255	0.7385276	0.97371304	1.0	1.0	7053	tags=29%, list=29%, signal=40%	
PLATELET DEGRANULATION%REACTOME DATABASE ID RELEASE 95%114608	PLATELET DEGRANULATION%REACTOME DATABASE ID RELEASE 95%114608		126	0.2149728	0.73850477	0.95	1.0	1.0	8904	tags=41%, list=36%, signal=65%	
PID_IL8_CXCR2_PATHWAY%MSIGDB_C2%PID_IL8_CXCR2_PATHWAY	PID_IL8_CXCR2_PATHWAY%MSIGDB_C2%PID_IL8_CXCR2_PATHWAY		23	0.28549486	0.73848224	0.8629944	1.0	1.0	8610	tags=35%, list=35%, signal=54%	
SPERM FLAGELLUM ASSEMBLY%GOBP%GO:0120316	SPERM FLAGELLUM ASSEMBLY%GOBP%GO:0120316		44	0.2514595	0.7383882	0.8730366	1.0	1.0	7786	tags=41%, list=32%, signal=60%	
PID_IL2_1PATHWAY%MSIGDB_C2%PID_IL2_1PATHWAY	PID_IL2_1PATHWAY%MSIGDB_C2%PID_IL2_1PATHWAY		49	0.2470852	0.73825234	0.87323946	1.0	1.0	3354	tags=18%, list=14%, signal=21%	
RESPONSE TO CORTICOSTEROID%GOBP%GO:0031960	RESPONSE TO CORTICOSTEROID%GOBP%GO:0031960		46	0.24666165	0.7380995	0.88280255	1.0	1.0	8564	tags=41%, list=35%, signal=63%	
PHOSPHATIDYLINOSITOL DEPHOSPHORYLATION%GOBP%GO:0046856	PHOSPHATIDYLINOSITOL DEPHOSPHORYLATION%GOBP%GO:0046856		19	0.29381564	0.7379895	0.84604317	1.0	1.0	7277	tags=37%, list=30%, signal=52%	
AMINE BIOSYNTHETIC PROCESS%GOBP%GO:0009309	AMINE BIOSYNTHETIC PROCESS%GOBP%GO:0009309		28	0.27315748	0.73789716	0.8596491	1.0	1.0	2551	tags=18%, list=10%, signal=20%	
FLURBIPROFEN ACTION PATHWAY%SMPDB%SMP0000697	FLURBIPROFEN ACTION PATHWAY%SMPDB%SMP0000697		28	0.26838487	0.7377837	0.8581267	1.0	1.0	5918	tags=39%, list=24%, signal=52%	
ACETYLSALICYLIC ACID ACTION PATHWAY%PATHWHIZ%PW000128	ACETYLSALICYLIC ACID ACTION PATHWAY%PATHWHIZ%PW000128		28	0.26838487	0.7376992	0.86849314	1.0	1.0	5918	tags=39%, list=24%, signal=52%	
PENTOSE PHOSPHATE PATHWAY%SMPDB%SMP0000031	PENTOSE PHOSPHATE PATHWAY%SMPDB%SMP0000031		15	0.30935127	0.73763645	0.83357877	1.0	1.0	6357	tags=33%, list=26%, signal=45%	
LEPTIN%NETPATH%LEPTIN	LEPTIN%NETPATH%LEPTIN		43	0.25263378	0.73749006	0.8834437	1.0	1.0	5555	tags=21%, list=23%, signal=27%	
PHYSIOLOGICAL AND PATHOLOGICAL HYPERTROPHY OF THE HEART%WIKIPATHWAYS_20260211%WP1528%HOMO SAPIENS	PHYSIOLOGICAL AND PATHOLOGICAL HYPERTROPHY OF THE HEART%WIKIPATHWAYS_20260211%WP1528%HOMO SAPIENS		20	0.29665464	0.737462	0.84195805	1.0	1.0	3171	tags=20%, list=13%, signal=23%	
FENOPROFEN ACTION PATHWAY%SMPDB%SMP0000696	FENOPROFEN ACTION PATHWAY%SMPDB%SMP0000696		28	0.26838487	0.73731816	0.86118597	1.0	1.0	5918	tags=39%, list=24%, signal=52%	
SIGNALING BY ERBB2 IN CANCER%REACTOME DATABASE ID RELEASE 95%1227990	SIGNALING BY ERBB2 IN CANCER%REACTOME DATABASE ID RELEASE 95%1227990		22	0.28654137	0.7371687	0.8470097	1.0	1.0	11277	tags=45%, list=46%, signal=84%	
LORNOXICAM ACTION PATHWAY%PATHWHIZ%PW000677	LORNOXICAM ACTION PATHWAY%PATHWHIZ%PW000677		28	0.26838487	0.73712325	0.85694826	1.0	1.0	5918	tags=39%, list=24%, signal=52%	
CARGO RECOGNITION FOR CLATHRIN-MEDIATED ENDOCYTOSIS%REACTOME DATABASE ID RELEASE 95%8856825	CARGO RECOGNITION FOR CLATHRIN-MEDIATED ENDOCYTOSIS%REACTOME DATABASE ID RELEASE 95%8856825		104	0.22010045	0.73705846	0.93639576	1.0	1.0	6403	tags=26%, list=26%, signal=35%	
LYTIC VACUOLE ORGANIZATION%GOBP%GO:0080171	LYTIC VACUOLE ORGANIZATION%GOBP%GO:0080171		97	0.2215375	0.73677963	0.9337278	1.0	1.0	4724	tags=20%, list=19%, signal=24%	
LYSOSOME ORGANIZATION%GOBP%GO:0007040	LYSOSOME ORGANIZATION%GOBP%GO:0007040		97	0.2215375	0.73659474	0.9292453	1.0	1.0	4724	tags=20%, list=19%, signal=24%	
HOST-MEDIATED PERTURBATION OF VIRAL PROCESS%GOBP%GO:0044788	HOST-MEDIATED PERTURBATION OF VIRAL PROCESS%GOBP%GO:0044788		70	0.2309911	0.73609054	0.9228856	1.0	1.0	6326	tags=27%, list=26%, signal=36%	
POSITIVE REGULATION OF RNA SPLICING%GOBP%GO:0033120	POSITIVE REGULATION OF RNA SPLICING%GOBP%GO:0033120		26	0.27366886	0.7360107	0.85614526	1.0	1.0	3636	tags=19%, list=15%, signal=23%	
HDR THROUGH HOMOLOGOUS RECOMBINATION (HRR)%REACTOME DATABASE ID RELEASE 95%5685942	HDR THROUGH HOMOLOGOUS RECOMBINATION (HRR)%REACTOME DATABASE ID RELEASE 95%5685942		69	0.23254286	0.73592466	0.9177057	1.0	1.0	4602	tags=20%, list=19%, signal=25%	
REGULATION OF INTERLEUKIN-17 PRODUCTION%GOBP%GO:0032660	REGULATION OF INTERLEUKIN-17 PRODUCTION%GOBP%GO:0032660		34	0.26154223	0.73591405	0.86710525	1.0	1.0	8768	tags=44%, list=36%, signal=69%	
ROFECOXIB ACTION PATHWAY%SMPDB%SMP0000087	ROFECOXIB ACTION PATHWAY%SMPDB%SMP0000087		28	0.26838487	0.735794	0.87702703	1.0	1.0	5918	tags=39%, list=24%, signal=52%	
PHOTORECEPTOR CELL DEVELOPMENT%GOBP%GO:0042461	PHOTORECEPTOR CELL DEVELOPMENT%GOBP%GO:0042461		30	0.26207042	0.7355921	0.87075716	1.0	1.0	6935	tags=30%, list=28%, signal=42%	
HEPARAN SULFATE HEPARIN (HS-GAG) METABOLISM%REACTOME%R-HSA-1638091.4	HEPARAN SULFATE HEPARIN (HS-GAG) METABOLISM%REACTOME%R-HSA-1638091.4		39	0.24997151	0.7355127	0.88736266	1.0	1.0	1973	tags=10%, list=8%, signal=11%	
NEGATIVE REGULATION OF PHOSPHATIDYLINOSITOL 3-KINASE/PROTEIN KINASE B SIGNAL TRANSDUCTION%GOBP%GO:0051898	NEGATIVE REGULATION OF PHOSPHATIDYLINOSITOL 3-KINASE/PROTEIN KINASE B SIGNAL TRANSDUCTION%GOBP%GO:0051898		47	0.24130681	0.7353601	0.89285713	1.0	1.0	3065	tags=15%, list=13%, signal=17%	
ENDOTHELINS%PATHWAY INTERACTION DATABASE NCI-NATURE CURATED DATA%ENDOTHELINS	ENDOTHELINS%PATHWAY INTERACTION DATABASE NCI-NATURE CURATED DATA%ENDOTHELINS		63	0.23418942	0.7352789	0.91191065	1.0	1.0	6697	tags=32%, list=27%, signal=44%	
TIAPROFENIC ACID ACTION PATHWAY%PATHWHIZ%PW000682	TIAPROFENIC ACID ACTION PATHWAY%PATHWHIZ%PW000682		28	0.26838487	0.7351828	0.86084586	1.0	1.0	5918	tags=39%, list=24%, signal=52%	
SUPERPATHWAY OF D-<I>MYO< I>-INOSITOL (1,4,5)-TRISPHOSPHATE METABOLISM%BIOCYC%PWY-6358	SUPERPATHWAY OF D-<I>MYO< I>-INOSITOL (1,4,5)-TRISPHOSPHATE METABOLISM%BIOCYC%PWY-6358		20	0.29191688	0.735108	0.84248555	1.0	1.0	2487	tags=10%, list=10%, signal=11%	
NEGATIVE REGULATION OF CELL-CELL ADHESION%GOBP%GO:0022408	NEGATIVE REGULATION OF CELL-CELL ADHESION%GOBP%GO:0022408		171	0.20698772	0.73465204	0.9649123	1.0	1.0	6078	tags=23%, list=25%, signal=31%	
HEDGEHOG SIGNALING EVENTS MEDIATED BY GLI PROTEINS%PATHWAY INTERACTION DATABASE NCI-NATURE CURATED DATA%HEDGEHOG SIGNALING EVENTS MEDIATED BY GLI PROTEINS	HEDGEHOG SIGNALING EVENTS MEDIATED BY GLI PROTEINS%PATHWAY INTERACTION DATABASE NCI-NATURE CURATED DATA%HEDGEHOG SIGNALING EVENTS MEDIATED BY GLI PROTEINS		48	0.24238998	0.73440576	0.8978008	1.0	1.0	7200	tags=35%, list=29%, signal=50%	
SHP2 SIGNALING%PATHWAY INTERACTION DATABASE NCI-NATURE CURATED DATA%SHP2 SIGNALING	SHP2 SIGNALING%PATHWAY INTERACTION DATABASE NCI-NATURE CURATED DATA%SHP2 SIGNALING		58	0.23542783	0.7343417	0.8972081	1.0	1.0	5555	tags=21%, list=23%, signal=27%	
PURINE RIBONUCLEOTIDE CATABOLIC PROCESS%GOBP%GO:0009154	PURINE RIBONUCLEOTIDE CATABOLIC PROCESS%GOBP%GO:0009154		55	0.23791678	0.7342508	0.9065301	1.0	1.0	8789	tags=40%, list=36%, signal=62%	
INTEGRINS IN ANGIOGENESIS%PATHWAY INTERACTION DATABASE NCI-NATURE CURATED DATA%INTEGRINS IN ANGIOGENESIS	INTEGRINS IN ANGIOGENESIS%PATHWAY INTERACTION DATABASE NCI-NATURE CURATED DATA%INTEGRINS IN ANGIOGENESIS		63	0.2347681	0.73401237	0.9189843	1.0	1.0	5540	tags=19%, list=23%, signal=25%	
REGULATION OF REGULATORY T CELL DIFFERENTIATION%GOBP%GO:0045589	REGULATION OF REGULATORY T CELL DIFFERENTIATION%GOBP%GO:0045589		41	0.2535057	0.7339987	0.8746667	1.0	1.0	5365	tags=27%, list=22%, signal=34%	
BIOCARTA_IL1R_PATHWAY%MSIGDB_C2%BIOCARTA_IL1R_PATHWAY	BIOCARTA_IL1R_PATHWAY%MSIGDB_C2%BIOCARTA_IL1R_PATHWAY		27	0.26987034	0.7338493	0.8681319	1.0	1.0	5253	tags=26%, list=21%, signal=33%	
HALLMARK_APICAL_SURFACE%MSIGDBHALLMARK%HALLMARK_APICAL_SURFACE	HALLMARK_APICAL_SURFACE%MSIGDBHALLMARK%HALLMARK_APICAL_SURFACE		39	0.25121674	0.73362625	0.893368	1.0	1.0	10186	tags=46%, list=42%, signal=79%	
HEART VALVE MORPHOGENESIS%GOBP%GO:0003179	HEART VALVE MORPHOGENESIS%GOBP%GO:0003179		56	0.23725617	0.73338246	0.90297544	1.0	1.0	6199	tags=27%, list=25%, signal=36%	
PORPHYRIN METABOLISM%SMPDB%SMP0000024	PORPHYRIN METABOLISM%SMPDB%SMP0000024		16	0.3054825	0.7333507	0.84316546	1.0	1.0	10772	tags=44%, list=44%, signal=78%	
PID_RHODOPSIN_PATHWAY%MSIGDB_C2%PID_RHODOPSIN_PATHWAY	PID_RHODOPSIN_PATHWAY%MSIGDB_C2%PID_RHODOPSIN_PATHWAY		21	0.2863712	0.7332305	0.8413598	1.0	1.0	4493	tags=24%, list=18%, signal=29%	
LEUKOCYTE ADHESION TO VASCULAR ENDOTHELIAL CELL%GOBP%GO:0061756	LEUKOCYTE ADHESION TO VASCULAR ENDOTHELIAL CELL%GOBP%GO:0061756		24	0.27725887	0.73322916	0.8619247	1.0	1.0	8190	tags=50%, list=33%, signal=75%	
NUCLEOTIDE METABOLISM%REACTOME DATABASE ID RELEASE 95%15869	NUCLEOTIDE METABOLISM%REACTOME DATABASE ID RELEASE 95%15869		90	0.2219537	0.73303866	0.92727274	1.0	1.0	6762	tags=27%, list=28%, signal=37%	
MHC CLASS II ANTIGEN PRESENTATION%REACTOME DATABASE ID RELEASE 95%2132295	MHC CLASS II ANTIGEN PRESENTATION%REACTOME DATABASE ID RELEASE 95%2132295		105	0.22014134	0.73291504	0.9397875	1.0	1.0	6614	tags=25%, list=27%, signal=34%	
POSITIVE REGULATION OF MYELOID CELL DIFFERENTIATION%GOBP%GO:0045639	POSITIVE REGULATION OF MYELOID CELL DIFFERENTIATION%GOBP%GO:0045639		82	0.22519776	0.73282856	0.9224344	1.0	1.0	4621	tags=17%, list=19%, signal=21%	
LEUKOTRIENE C4 SYNTHESIS DEFICIENCY%PATHWHIZ%PW000118	LEUKOTRIENE C4 SYNTHESIS DEFICIENCY%PATHWHIZ%PW000118		28	0.26838487	0.7325458	0.8594816	1.0	1.0	5918	tags=39%, list=24%, signal=52%	
ACTIVATED PKN1 STIMULATES TRANSCRIPTION OF AR (ANDROGEN RECEPTOR) REGULATED GENES KLK2 AND KLK3%REACTOME DATABASE ID RELEASE 95%5625886	ACTIVATED PKN1 STIMULATES TRANSCRIPTION OF AR (ANDROGEN RECEPTOR) REGULATED GENES KLK2 AND KLK3%REACTOME DATABASE ID RELEASE 95%5625886		34	0.26278013	0.73253953	0.87007874	1.0	1.0	4443	tags=21%, list=18%, signal=25%	
POSITIVE REGULATION OF STRESS FIBER ASSEMBLY%GOBP%GO:0051496	POSITIVE REGULATION OF STRESS FIBER ASSEMBLY%GOBP%GO:0051496		43	0.24896352	0.73251843	0.86927223	1.0	1.0	7792	tags=33%, list=32%, signal=48%	
SULINDAC ACTION PATHWAY%PATHWHIZ%PW000136	SULINDAC ACTION PATHWAY%PATHWHIZ%PW000136		28	0.26838487	0.73247653	0.8689655	1.0	1.0	5918	tags=39%, list=24%, signal=52%	
REGULATION OF LEUKOCYTE ADHESION TO VASCULAR ENDOTHELIAL CELL%GOBP%GO:1904994	REGULATION OF LEUKOCYTE ADHESION TO VASCULAR ENDOTHELIAL CELL%GOBP%GO:1904994		27	0.27523807	0.7316377	0.8865837	1.0	1.0	10035	tags=52%, list=41%, signal=88%	
PHENYLBUTAZONE ACTION PATHWAY%PATHWHIZ%PW000678	PHENYLBUTAZONE ACTION PATHWAY%PATHWHIZ%PW000678		28	0.26838487	0.7312141	0.8600823	1.0	1.0	5918	tags=39%, list=24%, signal=52%	
IMPORT INTO NUCLEUS%GOBP%GO:0051170	IMPORT INTO NUCLEUS%GOBP%GO:0051170		87	0.22373094	0.7310812	0.93145657	1.0	1.0	4617	tags=18%, list=19%, signal=23%	
RESPONSE TO GROWTH HORMONE%GOBP%GO:0060416	RESPONSE TO GROWTH HORMONE%GOBP%GO:0060416		26	0.27001342	0.7309453	0.84877384	1.0	1.0	3981	tags=23%, list=16%, signal=28%	
ACETAMINOPHEN ACTION PATHWAY%SMPDB%SMP0000710	ACETAMINOPHEN ACTION PATHWAY%SMPDB%SMP0000710		28	0.26838487	0.73070616	0.8553888	1.0	1.0	5918	tags=39%, list=24%, signal=52%	
RESPONSE TO HYDROGEN PEROXIDE%GOBP%GO:0042542	RESPONSE TO HYDROGEN PEROXIDE%GOBP%GO:0042542		43	0.2505403	0.73070496	0.88917524	1.0	1.0	5558	tags=28%, list=23%, signal=36%	
NAPROXEN ACTION PATHWAY%SMPDB%SMP0000120	NAPROXEN ACTION PATHWAY%SMPDB%SMP0000120		28	0.26838487	0.73070127	0.8417463	1.0	1.0	5918	tags=39%, list=24%, signal=52%	
TRANSCRIPTIONAL AND POST-TRANSLATIONAL REGULATION OF MITF-M EXPRESSION AND ACTIVITY%REACTOME DATABASE ID RELEASE 95%9856649	TRANSCRIPTIONAL AND POST-TRANSLATIONAL REGULATION OF MITF-M EXPRESSION AND ACTIVITY%REACTOME DATABASE ID RELEASE 95%9856649		60	0.2352212	0.7305957	0.89987487	1.0	1.0	7539	tags=38%, list=31%, signal=55%	
GLUCOSE-6-PHOSPHATE DEHYDROGENASE DEFICIENCY%PATHWHIZ%PW000494	GLUCOSE-6-PHOSPHATE DEHYDROGENASE DEFICIENCY%PATHWHIZ%PW000494		15	0.30935127	0.7305902	0.8069164	1.0	1.0	6357	tags=33%, list=26%, signal=45%	
RIBONUCLEOSIDE TRIPHOSPHATE BIOSYNTHETIC PROCESS%GOBP%GO:0009201	RIBONUCLEOSIDE TRIPHOSPHATE BIOSYNTHETIC PROCESS%GOBP%GO:0009201		74	0.22663	0.7305852	0.9155609	1.0	1.0	3417	tags=12%, list=14%, signal=14%	
RECOGNITION OF DNA DAMAGE BY PCNA-CONTAINING REPLICATION COMPLEX%REACTOME DATABASE ID RELEASE 95%110314	RECOGNITION OF DNA DAMAGE BY PCNA-CONTAINING REPLICATION COMPLEX%REACTOME DATABASE ID RELEASE 95%110314		29	0.26527908	0.7305356	0.86823857	1.0	1.0	383	tags=7%, list=2%, signal=7%	
HEREDITARY COPROPORPHYRIA (HCP)%SMPDB%SMP0000342	HEREDITARY COPROPORPHYRIA (HCP)%SMPDB%SMP0000342		16	0.3054825	0.73045355	0.8242857	1.0	1.0	10772	tags=44%, list=44%, signal=78%	
REGULATION OF ANIMAL ORGAN MORPHOGENESIS%GOBP%GO:2000027	REGULATION OF ANIMAL ORGAN MORPHOGENESIS%GOBP%GO:2000027		35	0.26250538	0.7303888	0.8888889	1.0	1.0	6564	tags=34%, list=27%, signal=47%	
REGULATION OF GLYCOGEN BIOSYNTHETIC PROCESS%GOBP%GO:0005979	REGULATION OF GLYCOGEN BIOSYNTHETIC PROCESS%GOBP%GO:0005979		26	0.27249333	0.7301647	0.85345995	1.0	1.0	6967	tags=35%, list=28%, signal=48%	
CELL-EXTRACELLULAR MATRIX INTERACTIONS%REACTOME DATABASE ID RELEASE 95%446353	CELL-EXTRACELLULAR MATRIX INTERACTIONS%REACTOME DATABASE ID RELEASE 95%446353		16	0.30214825	0.73008156	0.8375559	1.0	1.0	6652	tags=44%, list=27%, signal=60%	
MITOCHONDRIAL TRANSLATION%GOBP%GO:0032543	MITOCHONDRIAL TRANSLATION%GOBP%GO:0032543		109	0.21599628	0.72990435	0.92881745	1.0	1.0	6441	tags=28%, list=26%, signal=38%	
SIGNALING EVENTS MEDIATED BY HDAC CLASS III%PATHWAY INTERACTION DATABASE NCI-NATURE CURATED DATA%SIGNALING EVENTS MEDIATED BY HDAC CLASS III	SIGNALING EVENTS MEDIATED BY HDAC CLASS III%PATHWAY INTERACTION DATABASE NCI-NATURE CURATED DATA%SIGNALING EVENTS MEDIATED BY HDAC CLASS III		26	0.27338943	0.7298666	0.8588874	1.0	1.0	7703	tags=35%, list=31%, signal=50%	
OXAPROZIN ACTION PATHWAY%PATHWHIZ%PW000262	OXAPROZIN ACTION PATHWAY%PATHWHIZ%PW000262		28	0.26838487	0.72985685	0.83994526	1.0	1.0	5918	tags=39%, list=24%, signal=52%	
REGULATION OF KERATINOCYTE PROLIFERATION%GOBP%GO:0010837	REGULATION OF KERATINOCYTE PROLIFERATION%GOBP%GO:0010837		30	0.2629265	0.72970814	0.8657534	1.0	1.0	11872	tags=63%, list=48%, signal=123%	
HALLMARK_PI3K_AKT_MTOR_SIGNALING%MSIGDBHALLMARK%HALLMARK_PI3K_AKT_MTOR_SIGNALING	HALLMARK_PI3K_AKT_MTOR_SIGNALING%MSIGDBHALLMARK%HALLMARK_PI3K_AKT_MTOR_SIGNALING		82	0.2251173	0.7294857	0.9345238	1.0	1.0	3171	tags=13%, list=13%, signal=15%	
T CELL ACTIVATION INVOLVED IN IMMUNE RESPONSE%GOBP%GO:0002286	T CELL ACTIVATION INVOLVED IN IMMUNE RESPONSE%GOBP%GO:0002286		70	0.22844216	0.7293958	0.93528694	1.0	1.0	8346	tags=37%, list=34%, signal=56%	
KETOPROFEN ACTION PATHWAY%SMPDB%SMP0000085	KETOPROFEN ACTION PATHWAY%SMPDB%SMP0000085		28	0.26838487	0.7293619	0.87027025	1.0	1.0	5918	tags=39%, list=24%, signal=52%	
WNT SIGNALING%WIKIPATHWAYS_20260211%WP428%HOMO SAPIENS	WNT SIGNALING%WIKIPATHWAYS_20260211%WP428%HOMO SAPIENS		98	0.21985757	0.72915465	0.9561091	1.0	1.0	6387	tags=27%, list=26%, signal=36%	
BCR%NETPATH%BCR	BCR%NETPATH%BCR		86	0.22210796	0.7287348	0.94837934	1.0	1.0	5555	tags=24%, list=23%, signal=31%	
CARPROFEN ACTION PATHWAY%SMPDB%SMP0000694	CARPROFEN ACTION PATHWAY%SMPDB%SMP0000694		28	0.26838487	0.7286448	0.8815427	1.0	1.0	5918	tags=39%, list=24%, signal=52%	
PIROXICAM ACTION PATHWAY%SMPDB%SMP0000077	PIROXICAM ACTION PATHWAY%SMPDB%SMP0000077		28	0.26838487	0.72863793	0.8513514	1.0	1.0	5918	tags=39%, list=24%, signal=52%	
SIGNALING BY HIPPO%REACTOME%R-HSA-2028269.3	SIGNALING BY HIPPO%REACTOME%R-HSA-2028269.3		19	0.28851625	0.7284989	0.8340307	1.0	1.0	9899	tags=63%, list=40%, signal=106%	
DIFLUNISAL ACTION PATHWAY%SMPDB%SMP0000289	DIFLUNISAL ACTION PATHWAY%SMPDB%SMP0000289		28	0.26838487	0.72837734	0.8766756	1.0	1.0	5918	tags=39%, list=24%, signal=52%	
PROTEIN TRANSPORT TO VACUOLE INVOLVED IN UBIQUITIN-DEPENDENT PROTEIN CATABOLIC PROCESS VIA THE MULTIVESICULAR BODY SORTING PATHWAY%GOBP%GO:0043328	PROTEIN TRANSPORT TO VACUOLE INVOLVED IN UBIQUITIN-DEPENDENT PROTEIN CATABOLIC PROCESS VIA THE MULTIVESICULAR BODY SORTING PATHWAY%GOBP%GO:0043328		15	0.31189883	0.7283713	0.8410795	1.0	1.0	6469	tags=40%, list=26%, signal=54%	
PATHOPHYSIOLOGICAL ROLES OF DUX4 IN FSHD1%WIKIPATHWAYS_20260211%WP5342%HOMO SAPIENS	PATHOPHYSIOLOGICAL ROLES OF DUX4 IN FSHD1%WIKIPATHWAYS_20260211%WP5342%HOMO SAPIENS		16	0.30021143	0.72809905	0.8442857	1.0	1.0	7703	tags=31%, list=31%, signal=46%	
SUMOYLATION OF DNA DAMAGE RESPONSE AND REPAIR PROTEINS%REACTOME%R-HSA-3108214.4	SUMOYLATION OF DNA DAMAGE RESPONSE AND REPAIR PROTEINS%REACTOME%R-HSA-3108214.4		72	0.22780885	0.72792464	0.9267081	1.0	1.0	8107	tags=35%, list=33%, signal=52%	
BIOCARTA_NUCLEARRS_PATHWAY%MSIGDB_C2%BIOCARTA_NUCLEARRS_PATHWAY	BIOCARTA_NUCLEARRS_PATHWAY%MSIGDB_C2%BIOCARTA_NUCLEARRS_PATHWAY		29	0.26759478	0.72784907	0.8695652	1.0	1.0	10423	tags=66%, list=43%, signal=114%	
EMBRYONIC CAMERA-TYPE EYE DEVELOPMENT%GOBP%GO:0031076	EMBRYONIC CAMERA-TYPE EYE DEVELOPMENT%GOBP%GO:0031076		15	0.3099761	0.7278113	0.84187406	1.0	1.0	5827	tags=40%, list=24%, signal=52%	
ANTRAFENINE ACTION PATHWAY%SMPDB%SMP0000693	ANTRAFENINE ACTION PATHWAY%SMPDB%SMP0000693		28	0.26838487	0.72763765	0.8650472	1.0	1.0	5918	tags=39%, list=24%, signal=52%	
METABOLISM OF SPHINGOLIPIDS IN ER AND GOLGI APPARATUS%WIKIPATHWAYS_20260211%WP4142%HOMO SAPIENS	METABOLISM OF SPHINGOLIPIDS IN ER AND GOLGI APPARATUS%WIKIPATHWAYS_20260211%WP4142%HOMO SAPIENS		19	0.28446722	0.72759175	0.8335664	1.0	1.0	2441	tags=16%, list=10%, signal=18%	
POSITIVE REGULATION OF VIRAL GENOME REPLICATION%GOBP%GO:0045070	POSITIVE REGULATION OF VIRAL GENOME REPLICATION%GOBP%GO:0045070		29	0.2679171	0.72758883	0.86295795	1.0	1.0	8666	tags=45%, list=35%, signal=69%	
MEMBRANE DEPOLARIZATION%GOBP%GO:0051899	MEMBRANE DEPOLARIZATION%GOBP%GO:0051899		48	0.24051619	0.72751945	0.90743154	1.0	1.0	4630	tags=21%, list=19%, signal=26%	
ARACHIDONIC ACID METABOLISM%SMPDB%SMP0000075	ARACHIDONIC ACID METABOLISM%SMPDB%SMP0000075		28	0.26838487	0.727418	0.8654891	1.0	1.0	5918	tags=39%, list=24%, signal=52%	
DICLOFENAC ACTION PATHWAY%PATHWHIZ%PW000135	DICLOFENAC ACTION PATHWAY%PATHWHIZ%PW000135		28	0.26838487	0.7270822	0.8657534	1.0	1.0	5918	tags=39%, list=24%, signal=52%	
SALSALATE ACTION PATHWAY%SMPDB%SMP0000707	SALSALATE ACTION PATHWAY%SMPDB%SMP0000707		28	0.26838487	0.7269516	0.8764783	1.0	1.0	5918	tags=39%, list=24%, signal=52%	
RESPONSE TO LAMINAR FLUID SHEAR STRESS%GOBP%GO:0034616	RESPONSE TO LAMINAR FLUID SHEAR STRESS%GOBP%GO:0034616		31	0.26024073	0.7269145	0.8817204	1.0	1.0	5773	tags=23%, list=24%, signal=30%	
TRANSALDOLASE DEFICIENCY%SMPDB%SMP0000520	TRANSALDOLASE DEFICIENCY%SMPDB%SMP0000520		15	0.30935127	0.7266967	0.82025677	1.0	1.0	6357	tags=33%, list=26%, signal=45%	
DISEASES OF HEMOSTASIS%REACTOME%R-HSA-9671793.6	DISEASES OF HEMOSTASIS%REACTOME%R-HSA-9671793.6		17	0.2922964	0.7263948	0.85212296	1.0	1.0	9159	tags=47%, list=37%, signal=75%	
NEPAFENAC ACTION PATHWAY%PATHWHIZ%PW000679	NEPAFENAC ACTION PATHWAY%PATHWHIZ%PW000679		28	0.26838487	0.7262791	0.87150836	1.0	1.0	5918	tags=39%, list=24%, signal=52%	
TRANSCRIPTION OF THE HIV GENOME%REACTOME DATABASE ID RELEASE 95%167172	TRANSCRIPTION OF THE HIV GENOME%REACTOME DATABASE ID RELEASE 95%167172		71	0.22733694	0.7259274	0.92111653	1.0	1.0	3949	tags=17%, list=16%, signal=20%	
DIGESTION%GOBP%GO:0007586	DIGESTION%GOBP%GO:0007586		73	0.22737536	0.7256759	0.94827586	1.0	1.0	9497	tags=56%, list=39%, signal=91%	
11P11 2 COPY NUMBER VARIATION SYNDROME %WIKIPATHWAYS_20260211%WP5348%HOMO SAPIENS	11P11 2 COPY NUMBER VARIATION SYNDROME %WIKIPATHWAYS_20260211%WP5348%HOMO SAPIENS		48	0.23809683	0.725601	0.9166667	1.0	1.0	6331	tags=27%, list=26%, signal=36%	
KINESINS%REACTOME%R-HSA-983189.5	KINESINS%REACTOME%R-HSA-983189.5		43	0.24429107	0.7255283	0.9025974	1.0	1.0	6300	tags=23%, list=26%, signal=31%	
REGULATION OF POSTSYNAPSE ORGANIZATION%GOBP%GO:0099175	REGULATION OF POSTSYNAPSE ORGANIZATION%GOBP%GO:0099175		59	0.23623642	0.72549474	0.90434784	1.0	1.0	4164	tags=17%, list=17%, signal=20%	
SALICYLIC ACID ACTION PATHWAY%SMPDB%SMP0000709	SALICYLIC ACID ACTION PATHWAY%SMPDB%SMP0000709		28	0.26838487	0.7253424	0.87858117	1.0	1.0	5918	tags=39%, list=24%, signal=52%	
POSITIVE REGULATION OF SPROUTING ANGIOGENESIS%GOBP%GO:1903672	POSITIVE REGULATION OF SPROUTING ANGIOGENESIS%GOBP%GO:1903672		19	0.2895793	0.7253261	0.8494152	1.0	1.0	6816	tags=37%, list=28%, signal=51%	
NEGATIVE REGULATION OF LYMPHOCYTE MEDIATED IMMUNITY%GOBP%GO:0002707	NEGATIVE REGULATION OF LYMPHOCYTE MEDIATED IMMUNITY%GOBP%GO:0002707		53	0.2382683	0.72411764	0.91033626	1.0	1.0	8041	tags=32%, list=33%, signal=48%	
IL18 SIGNALING%WIKIPATHWAYS_20260211%WP4754%HOMO SAPIENS	IL18 SIGNALING%WIKIPATHWAYS_20260211%WP4754%HOMO SAPIENS		47	0.23916121	0.7239143	0.92288244	1.0	1.0	4990	tags=23%, list=20%, signal=29%	
DEFECTS OF FORMATION OF FIBRIN CLOT (CLOTTING CASCADE)%REACTOME%R-HSA-9651496.5	DEFECTS OF FORMATION OF FIBRIN CLOT (CLOTTING CASCADE)%REACTOME%R-HSA-9651496.5		16	0.295365	0.72381	0.8623298	1.0	1.0	9159	tags=50%, list=37%, signal=80%	
TOLMETIN ACTION PATHWAY%PATHWHIZ%PW000681	TOLMETIN ACTION PATHWAY%PATHWHIZ%PW000681		28	0.26838487	0.72338897	0.8847737	1.0	1.0	5918	tags=39%, list=24%, signal=52%	
PROTEIN-CONTAINING COMPLEX DISASSEMBLY%GOBP%GO:0032984	PROTEIN-CONTAINING COMPLEX DISASSEMBLY%GOBP%GO:0032984		139	0.21017696	0.7231912	0.9733629	1.0	1.0	7033	tags=27%, list=29%, signal=37%	
RNA METHYLATION%GOBP%GO:0001510	RNA METHYLATION%GOBP%GO:0001510		79	0.22113562	0.7230331	0.94647205	1.0	1.0	6785	tags=32%, list=28%, signal=44%	
GLIOGENESIS%GOBP%GO:0042063	GLIOGENESIS%GOBP%GO:0042063		109	0.21744189	0.72300994	0.9544392	1.0	1.0	5751	tags=24%, list=23%, signal=31%	
ISG15 ANTIVIRAL MECHANISM%REACTOME DATABASE ID RELEASE 95%1169408	ISG15 ANTIVIRAL MECHANISM%REACTOME DATABASE ID RELEASE 95%1169408		71	0.22738275	0.7226831	0.9383648	1.0	1.0	8107	tags=34%, list=33%, signal=50%	
VALDECOXIB ACTION PATHWAY%SMPDB%SMP0000116	VALDECOXIB ACTION PATHWAY%SMPDB%SMP0000116		28	0.26838487	0.7224814	0.8849315	1.0	1.0	5918	tags=39%, list=24%, signal=52%	
MAGNESIUM SALICYLATE ACTION PATHWAY%PATHWHIZ%PW000675	MAGNESIUM SALICYLATE ACTION PATHWAY%PATHWHIZ%PW000675		28	0.26838487	0.72246945	0.88551724	1.0	1.0	5918	tags=39%, list=24%, signal=52%	
G-PROTEIN ACTIVATION%REACTOME DATABASE ID RELEASE 95%202040	G-PROTEIN ACTIVATION%REACTOME DATABASE ID RELEASE 95%202040		24	0.27245796	0.72246367	0.8523677	1.0	1.0	5328	tags=29%, list=22%, signal=37%	
NEGATIVE REGULATION OF INTERLEUKIN-10 PRODUCTION%GOBP%GO:0032693	NEGATIVE REGULATION OF INTERLEUKIN-10 PRODUCTION%GOBP%GO:0032693		17	0.2962033	0.7224147	0.85915494	1.0	1.0	2513	tags=18%, list=10%, signal=20%	
INFLAMMATORY RESPONSE PATHWAY%WIKIPATHWAYS_20260211%WP453%HOMO SAPIENS	INFLAMMATORY RESPONSE PATHWAY%WIKIPATHWAYS_20260211%WP453%HOMO SAPIENS		26	0.27453807	0.72232485	0.87306064	1.0	1.0	7214	tags=35%, list=29%, signal=49%	
TERMINATION OF RNA POLYMERASE III TRANSCRIPTION%GOBP%GO:0006386	TERMINATION OF RNA POLYMERASE III TRANSCRIPTION%GOBP%GO:0006386		17	0.29887968	0.7222633	0.8310056	1.0	1.0	3849	tags=18%, list=16%, signal=21%	
PID_MYC_REPRESS_PATHWAY%MSIGDB_C2%PID_MYC_REPRESS_PATHWAY	PID_MYC_REPRESS_PATHWAY%MSIGDB_C2%PID_MYC_REPRESS_PATHWAY		49	0.24036922	0.72213244	0.9046392	1.0	1.0	7011	tags=29%, list=29%, signal=40%	
NABUMETONE ACTION PATHWAY%SMPDB%SMP0000114	NABUMETONE ACTION PATHWAY%SMPDB%SMP0000114		28	0.26838487	0.7221193	0.9046961	1.0	1.0	5918	tags=39%, list=24%, signal=52%	
CELLULAR RESPONSE TO INTERLEUKIN-1%GOBP%GO:0071347	CELLULAR RESPONSE TO INTERLEUKIN-1%GOBP%GO:0071347		58	0.23325445	0.72201973	0.9269521	1.0	1.0	5342	tags=21%, list=22%, signal=26%	
BCR SIGNALING PATHWAY%PATHWAY INTERACTION DATABASE NCI-NATURE CURATED DATA%BCR SIGNALING PATHWAY	BCR SIGNALING PATHWAY%PATHWAY INTERACTION DATABASE NCI-NATURE CURATED DATA%BCR SIGNALING PATHWAY		65	0.2286024	0.72186166	0.93414634	1.0	1.0	8892	tags=43%, list=36%, signal=67%	
HORMONE BIOSYNTHETIC PROCESS%GOBP%GO:0042446	HORMONE BIOSYNTHETIC PROCESS%GOBP%GO:0042446		31	0.2617167	0.7218376	0.8930481	1.0	1.0	5203	tags=26%, list=21%, signal=33%	
MEFENAMIC ACID ACTION PATHWAY%PATHWHIZ%PW000261	MEFENAMIC ACID ACTION PATHWAY%PATHWHIZ%PW000261		28	0.26838487	0.7216089	0.87092566	1.0	1.0	5918	tags=39%, list=24%, signal=52%	
SIGNAL TRANSDUCTION BY P53 CLASS MEDIATOR%GOBP%GO:0072331	SIGNAL TRANSDUCTION BY P53 CLASS MEDIATOR%GOBP%GO:0072331		70	0.22756414	0.72105265	0.9298893	1.0	1.0	5463	tags=21%, list=22%, signal=28%	
SIGNAL TRANSDUCTION THROUGH IL1R%WIKIPATHWAYS_20260211%WP4496%HOMO SAPIENS	SIGNAL TRANSDUCTION THROUGH IL1R%WIKIPATHWAYS_20260211%WP4496%HOMO SAPIENS		28	0.26358163	0.7208218	0.873502	1.0	1.0	5253	tags=25%, list=21%, signal=32%	
INTEGRATED BREAST CANCER PATHWAY%WIKIPATHWAYS_20260211%WP1984%HOMO SAPIENS	INTEGRATED BREAST CANCER PATHWAY%WIKIPATHWAYS_20260211%WP1984%HOMO SAPIENS		131	0.21075892	0.7204157	0.9591837	1.0	1.0	6450	tags=26%, list=26%, signal=35%	
BROMFENAC ACTION PATHWAY%SMPDB%SMP0000102	BROMFENAC ACTION PATHWAY%SMPDB%SMP0000102		28	0.26838487	0.72019	0.8809202	1.0	1.0	5918	tags=39%, list=24%, signal=52%	
SKIN EPIDERMIS DEVELOPMENT%GOBP%GO:0098773	SKIN EPIDERMIS DEVELOPMENT%GOBP%GO:0098773		46	0.23986182	0.7199814	0.8958333	1.0	1.0	7860	tags=35%, list=32%, signal=51%	
SALICYLATE-SODIUM ACTION PATHWAY%SMPDB%SMP0000708	SALICYLATE-SODIUM ACTION PATHWAY%SMPDB%SMP0000708		28	0.26838487	0.7198876	0.8734694	1.0	1.0	5918	tags=39%, list=24%, signal=52%	
POSITIVE REGULATION OF SMOOTH MUSCLE CELL PROLIFERATION%GOBP%GO:0048661	POSITIVE REGULATION OF SMOOTH MUSCLE CELL PROLIFERATION%GOBP%GO:0048661		49	0.23687837	0.7194941	0.90144545	1.0	1.0	8718	tags=37%, list=36%, signal=57%	
ORGAN GROWTH%GOBP%GO:0035265	ORGAN GROWTH%GOBP%GO:0035265		35	0.25165045	0.7191495	0.9010283	1.0	1.0	4787	tags=20%, list=20%, signal=25%	
PROTEIN DEUBIQUITINATION%GOBP%GO:0016579	PROTEIN DEUBIQUITINATION%GOBP%GO:0016579		78	0.22228733	0.71901435	0.93536586	1.0	1.0	4412	tags=18%, list=18%, signal=22%	
PROTEIN IMPORT INTO NUCLEUS%GOBP%GO:0006606	PROTEIN IMPORT INTO NUCLEUS%GOBP%GO:0006606		82	0.220317	0.71869487	0.933655	1.0	1.0	4617	tags=18%, list=19%, signal=22%	
PROSTAGLANDIN SIGNALING%WIKIPATHWAYS_20260211%WP5088%HOMO SAPIENS	PROSTAGLANDIN SIGNALING%WIKIPATHWAYS_20260211%WP5088%HOMO SAPIENS		29	0.26410526	0.7186652	0.89325845	1.0	1.0	5620	tags=21%, list=23%, signal=27%	
DITERPENOID METABOLIC PROCESS%GOBP%GO:0016101	DITERPENOID METABOLIC PROCESS%GOBP%GO:0016101		73	0.22180884	0.7186349	0.93591297	1.0	1.0	8908	tags=42%, list=36%, signal=67%	
OXIDATIVE DAMAGE RESPONSE%WIKIPATHWAYS_20260211%WP3941%HOMO SAPIENS	OXIDATIVE DAMAGE RESPONSE%WIKIPATHWAYS_20260211%WP3941%HOMO SAPIENS		35	0.25431657	0.71856606	0.8933873	1.0	1.0	6454	tags=26%, list=26%, signal=35%	
BETA-CATENIN INDEPENDENT WNT SIGNALING%REACTOME%R-HSA-3858494.5	BETA-CATENIN INDEPENDENT WNT SIGNALING%REACTOME%R-HSA-3858494.5		130	0.20905188	0.7185171	0.96520764	1.0	1.0	3979	tags=18%, list=16%, signal=21%	
POSITIVE REGULATION OF LYMPHOCYTE PROLIFERATION%GOBP%GO:0050671	POSITIVE REGULATION OF LYMPHOCYTE PROLIFERATION%GOBP%GO:0050671		99	0.2145305	0.71831304	0.9427208	1.0	1.0	7711	tags=32%, list=31%, signal=47%	
P38 MAPK SIGNALING PATHWAY%PATHWAY INTERACTION DATABASE NCI-NATURE CURATED DATA%P38 MAPK SIGNALING PATHWAY	P38 MAPK SIGNALING PATHWAY%PATHWAY INTERACTION DATABASE NCI-NATURE CURATED DATA%P38 MAPK SIGNALING PATHWAY		27	0.26436254	0.71830344	0.8814016	1.0	1.0	3180	tags=15%, list=13%, signal=17%	
NEURAL RETINA DEVELOPMENT%GOBP%GO:0003407	NEURAL RETINA DEVELOPMENT%GOBP%GO:0003407		37	0.25006405	0.71823984	0.894452	1.0	1.0	8468	tags=43%, list=35%, signal=66%	
NEGATIVE REGULATION OF SMOOTH MUSCLE CELL MIGRATION%GOBP%GO:0014912	NEGATIVE REGULATION OF SMOOTH MUSCLE CELL MIGRATION%GOBP%GO:0014912		15	0.30621713	0.71811897	0.856305	1.0	1.0	9450	tags=67%, list=39%, signal=108%	
HIF-1-ALPHA TRANSCRIPTION FACTOR NETWORK%PATHWAY INTERACTION DATABASE NCI-NATURE CURATED DATA%HIF-1-ALPHA TRANSCRIPTION FACTOR NETWORK	HIF-1-ALPHA TRANSCRIPTION FACTOR NETWORK%PATHWAY INTERACTION DATABASE NCI-NATURE CURATED DATA%HIF-1-ALPHA TRANSCRIPTION FACTOR NETWORK		66	0.2262961	0.7178222	0.93781096	1.0	1.0	2034	tags=11%, list=8%, signal=12%	
ENDOMETRIAL CANCER%WIKIPATHWAYS_20260211%WP4155%HOMO SAPIENS	ENDOMETRIAL CANCER%WIKIPATHWAYS_20260211%WP4155%HOMO SAPIENS		53	0.23372363	0.7177104	0.9142125	1.0	1.0	6517	tags=28%, list=27%, signal=38%	
AMINO ACIDS REGULATE MTORC1%REACTOME%R-HSA-9639288.3	AMINO ACIDS REGULATE MTORC1%REACTOME%R-HSA-9639288.3		54	0.23302509	0.71769965	0.91852826	1.0	1.0	2232	tags=9%, list=9%, signal=10%	
REGULATION OF ENDOTHELIAL CELL APOPTOTIC PROCESS%GOBP%GO:2000351	REGULATION OF ENDOTHELIAL CELL APOPTOTIC PROCESS%GOBP%GO:2000351		45	0.23917826	0.7176908	0.9159001	1.0	1.0	7214	tags=36%, list=29%, signal=50%	
GLUCOSE METABOLIC PROCESS%GOBP%GO:0006006	GLUCOSE METABOLIC PROCESS%GOBP%GO:0006006		70	0.2240279	0.71739835	0.9258809	1.0	1.0	8789	tags=41%, list=36%, signal=64%	
REGULATION OF SPROUTING ANGIOGENESIS%GOBP%GO:1903670	REGULATION OF SPROUTING ANGIOGENESIS%GOBP%GO:1903670		38	0.2494438	0.71732956	0.9123506	1.0	1.0	7406	tags=34%, list=30%, signal=49%	
PYROPTOSIS%REACTOME DATABASE ID RELEASE 95%5620971	PYROPTOSIS%REACTOME DATABASE ID RELEASE 95%5620971		27	0.26003346	0.71711326	0.8864865	1.0	1.0	11631	tags=59%, list=47%, signal=113%	
PID_FAK_PATHWAY%MSIGDB_C2%PID_FAK_PATHWAY	PID_FAK_PATHWAY%MSIGDB_C2%PID_FAK_PATHWAY		50	0.23622675	0.716957	0.92720306	1.0	1.0	8711	tags=42%, list=36%, signal=65%	
DDX58 IFIH1-MEDIATED INDUCTION OF INTERFERON-ALPHA BETA%REACTOME DATABASE ID RELEASE 95%168928	DDX58 IFIH1-MEDIATED INDUCTION OF INTERFERON-ALPHA BETA%REACTOME DATABASE ID RELEASE 95%168928		81	0.21839081	0.71678895	0.9427208	1.0	1.0	6821	tags=26%, list=28%, signal=36%	
RESPIRATORY TUBE DEVELOPMENT%GOBP%GO:0030323	RESPIRATORY TUBE DEVELOPMENT%GOBP%GO:0030323		50	0.2381337	0.71678376	0.9050064	1.0	1.0	10307	tags=36%, list=42%, signal=62%	
POSITIVE REGULATION OF TRANSCRIPTION INITIATION BY RNA POLYMERASE II%GOBP%GO:0060261	POSITIVE REGULATION OF TRANSCRIPTION INITIATION BY RNA POLYMERASE II%GOBP%GO:0060261		56	0.23201008	0.71673214	0.9177057	1.0	1.0	5027	tags=23%, list=21%, signal=29%	
TENOXICAM ACTION PATHWAY%SMPDB%SMP0000706	TENOXICAM ACTION PATHWAY%SMPDB%SMP0000706		28	0.26838487	0.7166792	0.876	1.0	1.0	5918	tags=39%, list=24%, signal=52%	
SARS-COV-2-HOST INTERACTIONS%REACTOME DATABASE ID RELEASE 95%9705683	SARS-COV-2-HOST INTERACTIONS%REACTOME DATABASE ID RELEASE 95%9705683		193	0.20116262	0.71622574	0.97952586	1.0	1.0	6847	tags=25%, list=28%, signal=35%	
OLIGOSACCHARIDE BIOSYNTHETIC PROCESS%GOBP%GO:0009312	OLIGOSACCHARIDE BIOSYNTHETIC PROCESS%GOBP%GO:0009312		25	0.26731348	0.71613806	0.86630285	1.0	1.0	11021	tags=60%, list=45%, signal=109%	
FORMATION OF WDR5-CONTAINING HISTONE-MODIFYING COMPLEXES%REACTOME%R-HSA-9772755.2	FORMATION OF WDR5-CONTAINING HISTONE-MODIFYING COMPLEXES%REACTOME%R-HSA-9772755.2		42	0.2416213	0.71609056	0.9032258	1.0	1.0	3156	tags=14%, list=13%, signal=16%	
CELLULAR RESPONSE TO GAMMA RADIATION%GOBP%GO:0071480	CELLULAR RESPONSE TO GAMMA RADIATION%GOBP%GO:0071480		17	0.2932128	0.7159637	0.8657143	1.0	1.0	7805	tags=35%, list=32%, signal=52%	
ARRHYTHMOGENIC RIGHT VENTRICULAR CARDIOMYOPATHY%WIKIPATHWAYS_20260211%WP2118%HOMO SAPIENS	ARRHYTHMOGENIC RIGHT VENTRICULAR CARDIOMYOPATHY%WIKIPATHWAYS_20260211%WP2118%HOMO SAPIENS		60	0.23107497	0.71590376	0.93309003	1.0	1.0	3531	tags=13%, list=14%, signal=16%	
VASOPRESSIN REGULATES RENAL WATER HOMEOSTASIS VIA AQUAPORINS%REACTOME%R-HSA-432040.5	VASOPRESSIN REGULATES RENAL WATER HOMEOSTASIS VIA AQUAPORINS%REACTOME%R-HSA-432040.5		43	0.23983689	0.71582067	0.89514065	1.0	1.0	9218	tags=44%, list=38%, signal=71%	
POSITIVE REGULATION OF MUSCLE CELL APOPTOTIC PROCESS%GOBP%GO:0010661	POSITIVE REGULATION OF MUSCLE CELL APOPTOTIC PROCESS%GOBP%GO:0010661		16	0.30466348	0.7157477	0.8476052	1.0	1.0	2576	tags=13%, list=11%, signal=14%	
ANTIPYRINE ACTION PATHWAY%SMPDB%SMP0000692	ANTIPYRINE ACTION PATHWAY%SMPDB%SMP0000692		28	0.26838487	0.7156116	0.8628809	1.0	1.0	5918	tags=39%, list=24%, signal=52%	
MESENCHYMAL CELL DIFFERENTIATION%GOBP%GO:0048762	MESENCHYMAL CELL DIFFERENTIATION%GOBP%GO:0048762		129	0.20670764	0.715479	0.9655172	1.0	1.0	7687	tags=30%, list=31%, signal=44%	
PHOSPHOLIPID TRANSPORT%GOBP%GO:0015914	PHOSPHOLIPID TRANSPORT%GOBP%GO:0015914		87	0.22037034	0.71528417	0.961313	1.0	1.0	9143	tags=45%, list=37%, signal=71%	
REGULATION OF DNA-TEMPLATED DNA REPLICATION%GOBP%GO:0090329	REGULATION OF DNA-TEMPLATED DNA REPLICATION%GOBP%GO:0090329		45	0.24216746	0.7150928	0.909784	1.0	1.0	5967	tags=27%, list=24%, signal=35%	
XENOBIOTIC TRANSMEMBRANE TRANSPORT%GOBP%GO:0006855	XENOBIOTIC TRANSMEMBRANE TRANSPORT%GOBP%GO:0006855		16	0.29139164	0.7149364	0.84158415	1.0	1.0	7938	tags=44%, list=32%, signal=65%	
G ALPHA (S) SIGNALLING EVENTS%REACTOME DATABASE ID RELEASE 95%418555	G ALPHA (S) SIGNALLING EVENTS%REACTOME DATABASE ID RELEASE 95%418555		155	0.20385939	0.71466976	0.975	1.0	1.0	6079	tags=25%, list=25%, signal=32%	
MONONUCLEAR CELL PROLIFERATION%GOBP%GO:0032943	MONONUCLEAR CELL PROLIFERATION%GOBP%GO:0032943		40	0.24725842	0.7146567	0.90694624	1.0	1.0	8410	tags=48%, list=34%, signal=72%	
NATURAL KILLER CELL ACTIVATION%GOBP%GO:0030101	NATURAL KILLER CELL ACTIVATION%GOBP%GO:0030101		53	0.23429494	0.7146159	0.91593474	1.0	1.0	9161	tags=40%, list=37%, signal=63%	
NEGATIVE REGULATION OF RELEASE OF CYTOCHROME C FROM MITOCHONDRIA%GOBP%GO:0090201	NEGATIVE REGULATION OF RELEASE OF CYTOCHROME C FROM MITOCHONDRIA%GOBP%GO:0090201		16	0.29102382	0.71445817	0.8663793	1.0	1.0	927	tags=13%, list=4%, signal=13%	
RESPONSE TO FIBROBLAST GROWTH FACTOR%GOBP%GO:0071774	RESPONSE TO FIBROBLAST GROWTH FACTOR%GOBP%GO:0071774		58	0.22977771	0.7144262	0.93282634	1.0	1.0	6139	tags=26%, list=25%, signal=34%	
REGULATION OF CELLULAR SENESCENCE%GOBP%GO:2000772	REGULATION OF CELLULAR SENESCENCE%GOBP%GO:2000772		35	0.24848148	0.71371114	0.89267015	1.0	1.0	5027	tags=23%, list=21%, signal=29%	
CYTOSKELETAL REGULATION BY RHO GTPASE%PANTHER PATHWAY%P00016	CYTOSKELETAL REGULATION BY RHO GTPASE%PANTHER PATHWAY%P00016		64	0.22589104	0.7133584	0.9192938	1.0	1.0	9421	tags=38%, list=38%, signal=61%	
IL-6-TYPE CYTOKINE RECEPTOR LIGAND INTERACTIONS%REACTOME%R-HSA-6788467.5	IL-6-TYPE CYTOKINE RECEPTOR LIGAND INTERACTIONS%REACTOME%R-HSA-6788467.5		17	0.2950498	0.7132748	0.8556851	1.0	1.0	8841	tags=35%, list=36%, signal=55%	
B CELL ACTIVATION%GOBP%GO:0042113	B CELL ACTIVATION%GOBP%GO:0042113		130	0.2047152	0.7129229	0.97275823	1.0	1.0	6717	tags=25%, list=27%, signal=34%	
IKK COMPLEX RECRUITMENT MEDIATED BY RIP1%REACTOME%R-HSA-937041.3	IKK COMPLEX RECRUITMENT MEDIATED BY RIP1%REACTOME%R-HSA-937041.3		22	0.27365732	0.71276855	0.86338025	1.0	1.0	5558	tags=36%, list=23%, signal=47%	
EXCITATORY SYNAPSE ASSEMBLY%GOBP%GO:1904861	EXCITATORY SYNAPSE ASSEMBLY%GOBP%GO:1904861		18	0.28797314	0.7119097	0.8495575	1.0	1.0	6888	tags=28%, list=28%, signal=39%	
POSITIVE REGULATION OF MONONUCLEAR CELL PROLIFERATION%GOBP%GO:0032946	POSITIVE REGULATION OF MONONUCLEAR CELL PROLIFERATION%GOBP%GO:0032946		100	0.21229997	0.71185	0.9550173	1.0	1.0	7711	tags=32%, list=31%, signal=47%	
FACT COMPLEX AND DNA DOUBLE STRAND BREAK REPAIR%WIKIPATHWAYS_20260211%WP5564%HOMO SAPIENS	FACT COMPLEX AND DNA DOUBLE STRAND BREAK REPAIR%WIKIPATHWAYS_20260211%WP5564%HOMO SAPIENS		15	0.3030768	0.7118082	0.86049926	1.0	1.0	6882	tags=40%, list=28%, signal=56%	
ANTIFUNGAL INNATE IMMUNE RESPONSE%GOBP%GO:0061760	ANTIFUNGAL INNATE IMMUNE RESPONSE%GOBP%GO:0061760		15	0.30092984	0.7117248	0.84766215	1.0	1.0	8250	tags=60%, list=34%, signal=90%	
RESPONSE TO CARBOHYDRATE%GOBP%GO:0009743	RESPONSE TO CARBOHYDRATE%GOBP%GO:0009743		71	0.22246657	0.71152	0.930622	1.0	1.0	8894	tags=37%, list=36%, signal=57%	
G-PROTEIN BETA:GAMMA SIGNALLING%REACTOME%R-HSA-397795.6	G-PROTEIN BETA:GAMMA SIGNALLING%REACTOME%R-HSA-397795.6		32	0.25449878	0.71130717	0.9032258	1.0	1.0	5803	tags=28%, list=24%, signal=37%	
MEMBRANE DEPOLARIZATION DURING ACTION POTENTIAL%GOBP%GO:0086010	MEMBRANE DEPOLARIZATION DURING ACTION POTENTIAL%GOBP%GO:0086010		25	0.26864105	0.7112271	0.87966806	1.0	1.0	3564	tags=16%, list=15%, signal=19%	
CARBOHYDRATE IMPORT ACROSS PLASMA MEMBRANE%GOBP%GO:0098704	CARBOHYDRATE IMPORT ACROSS PLASMA MEMBRANE%GOBP%GO:0098704		17	0.29311946	0.71119183	0.8669528	1.0	1.0	11254	tags=71%, list=46%, signal=131%	
CELLULAR RESPONSE TO GLUCOSE STIMULUS%GOBP%GO:0071333	CELLULAR RESPONSE TO GLUCOSE STIMULUS%GOBP%GO:0071333		38	0.24711092	0.7111168	0.89347535	1.0	1.0	8894	tags=42%, list=36%, signal=66%	
CARDIAC MUSCLE CELL ACTION POTENTIAL%GOBP%GO:0086001	CARDIAC MUSCLE CELL ACTION POTENTIAL%GOBP%GO:0086001		56	0.22887062	0.71093637	0.91719747	1.0	1.0	7458	tags=29%, list=30%, signal=41%	
NEGATIVE REGULATION OF G2/M TRANSITION OF MITOTIC CELL CYCLE%GOBP%GO:0010972	NEGATIVE REGULATION OF G2/M TRANSITION OF MITOTIC CELL CYCLE%GOBP%GO:0010972		66	0.22949205	0.71091455	0.94081384	1.0	1.0	6073	tags=24%, list=25%, signal=32%	
CHOLESTEROL BIOSYNTHESIS%REACTOME DATABASE ID RELEASE 95%191273	CHOLESTEROL BIOSYNTHESIS%REACTOME DATABASE ID RELEASE 95%191273		26	0.26592118	0.71085244	0.8817204	1.0	1.0	3902	tags=15%, list=16%, signal=18%	
PI3K AKT MTOR VITAMIN D3 SIGNALING%WIKIPATHWAYS_20260211%WP4141%HOMO SAPIENS	PI3K AKT MTOR VITAMIN D3 SIGNALING%WIKIPATHWAYS_20260211%WP4141%HOMO SAPIENS		18	0.28892925	0.71080095	0.87212646	1.0	1.0	9934	tags=44%, list=41%, signal=75%	
NEPHRON TUBULE DEVELOPMENT%GOBP%GO:0072080	NEPHRON TUBULE DEVELOPMENT%GOBP%GO:0072080		36	0.24874142	0.7106533	0.9161206	1.0	1.0	6257	tags=28%, list=26%, signal=37%	
RNA-TEMPLATED DNA BIOSYNTHETIC PROCESS%GOBP%GO:0006278	RNA-TEMPLATED DNA BIOSYNTHETIC PROCESS%GOBP%GO:0006278		22	0.2725725	0.71052724	0.8587732	1.0	1.0	2034	tags=9%, list=8%, signal=10%	
PID_SHP2_PATHWAY%MSIGDB_C2%PID_SHP2_PATHWAY	PID_SHP2_PATHWAY%MSIGDB_C2%PID_SHP2_PATHWAY		49	0.23477489	0.71044767	0.9284802	1.0	1.0	5555	tags=20%, list=23%, signal=26%	
RHO GTPASES ACTIVATE FORMINS%REACTOME DATABASE ID RELEASE 95%5663220	RHO GTPASES ACTIVATE FORMINS%REACTOME DATABASE ID RELEASE 95%5663220		117	0.21079233	0.7103779	0.950289	1.0	1.0	3761	tags=15%, list=15%, signal=17%	
PID_INTEGRIN_A4B1_PATHWAY%MSIGDB_C2%PID_INTEGRIN_A4B1_PATHWAY	PID_INTEGRIN_A4B1_PATHWAY%MSIGDB_C2%PID_INTEGRIN_A4B1_PATHWAY		24	0.2652585	0.7103607	0.8792135	1.0	1.0	8725	tags=50%, list=36%, signal=78%	
SOMATIC RECOMBINATION OF IMMUNOGLOBULIN GENE SEGMENTS%GOBP%GO:0016447	SOMATIC RECOMBINATION OF IMMUNOGLOBULIN GENE SEGMENTS%GOBP%GO:0016447		19	0.28231567	0.7102855	0.86147183	1.0	1.0	1126	tags=11%, list=5%, signal=11%	
NEGATIVE REGULATION OF FGFR2 SIGNALING%REACTOME DATABASE ID RELEASE 95%5654727	NEGATIVE REGULATION OF FGFR2 SIGNALING%REACTOME DATABASE ID RELEASE 95%5654727		28	0.26532865	0.70981365	0.9	1.0	1.0	7732	tags=46%, list=32%, signal=68%	
SOMATIC CELL DNA RECOMBINATION%GOBP%GO:0016444	SOMATIC CELL DNA RECOMBINATION%GOBP%GO:0016444		24	0.26900512	0.7097092	0.8810811	1.0	1.0	3940	tags=17%, list=16%, signal=20%	
ARF6 SIGNALING EVENTS%PATHWAY INTERACTION DATABASE NCI-NATURE CURATED DATA%ARF6 SIGNALING EVENTS	ARF6 SIGNALING EVENTS%PATHWAY INTERACTION DATABASE NCI-NATURE CURATED DATA%ARF6 SIGNALING EVENTS		35	0.24761178	0.7097016	0.9163399	1.0	1.0	7568	tags=29%, list=31%, signal=41%	
POSITIVE REGULATION OF GLUCOSE METABOLIC PROCESS%GOBP%GO:0010907	POSITIVE REGULATION OF GLUCOSE METABOLIC PROCESS%GOBP%GO:0010907		32	0.2544047	0.7095661	0.8974359	1.0	1.0	6967	tags=28%, list=28%, signal=39%	
T CELL SELECTION%GOBP%GO:0045058	T CELL SELECTION%GOBP%GO:0045058		44	0.2347167	0.70919317	0.9255875	1.0	1.0	7593	tags=34%, list=31%, signal=49%	
DNA DAMAGE RESPONSE%WIKIPATHWAYS_20260211%WP707%HOMO SAPIENS	DNA DAMAGE RESPONSE%WIKIPATHWAYS_20260211%WP707%HOMO SAPIENS		59	0.2216294	0.7091369	0.9283019	1.0	1.0	8227	tags=32%, list=34%, signal=48%	
ENDOCARDIAL CUSHION DEVELOPMENT%GOBP%GO:0003197	ENDOCARDIAL CUSHION DEVELOPMENT%GOBP%GO:0003197		40	0.24531646	0.7088827	0.924	1.0	1.0	1050	tags=8%, list=4%, signal=8%	
HAIR FOLLICLE DEVELOPMENT%GOBP%GO:0001942	HAIR FOLLICLE DEVELOPMENT%GOBP%GO:0001942		26	0.26244745	0.708806	0.8696884	1.0	1.0	10719	tags=54%, list=44%, signal=96%	
TRANS-GOLGI NETWORK VESICLE BUDDING%REACTOME DATABASE ID RELEASE 95%199992	TRANS-GOLGI NETWORK VESICLE BUDDING%REACTOME DATABASE ID RELEASE 95%199992		72	0.22199778	0.70876235	0.9497076	1.0	1.0	3149	tags=13%, list=13%, signal=14%	
REGULATION OF CARDIAC MUSCLE CELL PROLIFERATION%GOBP%GO:0060043	REGULATION OF CARDIAC MUSCLE CELL PROLIFERATION%GOBP%GO:0060043		21	0.2797381	0.70858645	0.856338	1.0	1.0	3116	tags=24%, list=13%, signal=27%	
MUSCARINIC ACETYLCHOLINE RECEPTOR 2 AND 4 SIGNALING PATHWAY%PANTHER PATHWAY%P00043	MUSCARINIC ACETYLCHOLINE RECEPTOR 2 AND 4 SIGNALING PATHWAY%PANTHER PATHWAY%P00043		37	0.24652658	0.7085372	0.9017264	1.0	1.0	4981	tags=24%, list=20%, signal=30%	
PYRUVATE METABOLIC PROCESS%GOBP%GO:0006090	PYRUVATE METABOLIC PROCESS%GOBP%GO:0006090		53	0.234683	0.70851827	0.94095474	1.0	1.0	5733	tags=25%, list=23%, signal=32%	
CELL COMMUNICATION BY ELECTRICAL COUPLING%GOBP%GO:0010644	CELL COMMUNICATION BY ELECTRICAL COUPLING%GOBP%GO:0010644		16	0.2993122	0.70844334	0.8521739	1.0	1.0	9223	tags=31%, list=38%, signal=50%	
PID_ENDOTHELIN_PATHWAY%MSIGDB_C2%PID_ENDOTHELIN_PATHWAY	PID_ENDOTHELIN_PATHWAY%MSIGDB_C2%PID_ENDOTHELIN_PATHWAY		45	0.23690255	0.70844	0.91937584	1.0	1.0	7343	tags=36%, list=30%, signal=51%	
POSITIVE REGULATION OF TRANSMEMBRANE RECEPTOR PROTEIN SERINE/THREONINE KINASE SIGNALING PATHWAY%GOBP%GO:0090100	POSITIVE REGULATION OF TRANSMEMBRANE RECEPTOR PROTEIN SERINE/THREONINE KINASE SIGNALING PATHWAY%GOBP%GO:0090100		85	0.21545897	0.7082703	0.9587629	1.0	1.0	6320	tags=25%, list=26%, signal=33%	
EXTRACELLULAR VESICLES IN THE CROSSTALK OF CARDIAC CELLS%WIKIPATHWAYS_20260211%WP4300%HOMO SAPIENS	EXTRACELLULAR VESICLES IN THE CROSSTALK OF CARDIAC CELLS%WIKIPATHWAYS_20260211%WP4300%HOMO SAPIENS		15	0.3009492	0.7081733	0.85915494	1.0	1.0	7711	tags=47%, list=31%, signal=68%	
STIMULI-SENSING CHANNELS%REACTOME%R-HSA-2672351.7	STIMULI-SENSING CHANNELS%REACTOME%R-HSA-2672351.7		100	0.21249089	0.7079667	0.9696262	1.0	1.0	7329	tags=32%, list=30%, signal=45%	
THIOGUANINE ACTION PATHWAY%PATHWHIZ%PW000429	THIOGUANINE ACTION PATHWAY%PATHWHIZ%PW000429		47	0.23267537	0.70791954	0.91492146	1.0	1.0	3591	tags=17%, list=15%, signal=20%	
LYMPHOCYTE HOMEOSTASIS%GOBP%GO:0002260	LYMPHOCYTE HOMEOSTASIS%GOBP%GO:0002260		43	0.23787248	0.7078996	0.92368424	1.0	1.0	6915	tags=35%, list=28%, signal=49%	
REGULATION OF PROTEIN MODIFICATION BY SMALL PROTEIN CONJUGATION OR REMOVAL%GOBP%GO:1903320	REGULATION OF PROTEIN MODIFICATION BY SMALL PROTEIN CONJUGATION OR REMOVAL%GOBP%GO:1903320		190	0.19931786	0.7078144	0.9880305	1.0	1.0	3986	tags=16%, list=16%, signal=19%	
REGULATION OF NUCLEOTIDE BIOSYNTHETIC PROCESS%GOBP%GO:0030808	REGULATION OF NUCLEOTIDE BIOSYNTHETIC PROCESS%GOBP%GO:0030808		17	0.29155532	0.70768327	0.8615611	1.0	1.0	3022	tags=18%, list=12%, signal=20%	
STABILIZATION AND EXPANSION OF THE E-CADHERIN ADHERENS JUNCTION%PATHWAY INTERACTION DATABASE NCI-NATURE CURATED DATA%STABILIZATION AND EXPANSION OF THE E-CADHERIN ADHERENS JUNCTION	STABILIZATION AND EXPANSION OF THE E-CADHERIN ADHERENS JUNCTION%PATHWAY INTERACTION DATABASE NCI-NATURE CURATED DATA%STABILIZATION AND EXPANSION OF THE E-CADHERIN ADHERENS JUNCTION		42	0.23914546	0.7076641	0.9311741	1.0	1.0	10349	tags=48%, list=42%, signal=82%	
NEGATIVE REGULATION OF FGFR3 SIGNALING%REACTOME DATABASE ID RELEASE 95%5654732	NEGATIVE REGULATION OF FGFR3 SIGNALING%REACTOME DATABASE ID RELEASE 95%5654732		23	0.2685486	0.70741	0.88705236	1.0	1.0	4193	tags=30%, list=17%, signal=37%	
VISUAL SIGNAL TRANSDUCTION: RODS%PATHWAY INTERACTION DATABASE NCI-NATURE CURATED DATA%VISUAL SIGNAL TRANSDUCTION: RODS	VISUAL SIGNAL TRANSDUCTION: RODS%PATHWAY INTERACTION DATABASE NCI-NATURE CURATED DATA%VISUAL SIGNAL TRANSDUCTION: RODS		24	0.2686743	0.7073289	0.8870748	1.0	1.0	4493	tags=21%, list=18%, signal=25%	
ANCHORING OF THE BASAL BODY TO THE PLASMA MEMBRANE%REACTOME%R-HSA-5620912.4	ANCHORING OF THE BASAL BODY TO THE PLASMA MEMBRANE%REACTOME%R-HSA-5620912.4		95	0.2131202	0.70713234	0.9556075	1.0	1.0	8775	tags=37%, list=36%, signal=57%	
RENAL TUBULE MORPHOGENESIS%GOBP%GO:0061333	RENAL TUBULE MORPHOGENESIS%GOBP%GO:0061333		32	0.25084874	0.7070548	0.89350647	1.0	1.0	6257	tags=28%, list=26%, signal=38%	
BRANCHED-CHAIN AMINO ACID METABOLIC PROCESS%GOBP%GO:0009081	BRANCHED-CHAIN AMINO ACID METABOLIC PROCESS%GOBP%GO:0009081		24	0.2656266	0.7068522	0.8780822	1.0	1.0	4735	tags=29%, list=19%, signal=36%	
PID_INSULIN_PATHWAY%MSIGDB_C2%PID_INSULIN_PATHWAY	PID_INSULIN_PATHWAY%MSIGDB_C2%PID_INSULIN_PATHWAY		36	0.24836963	0.70675623	0.9108781	1.0	1.0	9544	tags=47%, list=39%, signal=77%	
IL12-MEDIATED SIGNALING EVENTS%PATHWAY INTERACTION DATABASE NCI-NATURE CURATED DATA%IL12-MEDIATED SIGNALING EVENTS	IL12-MEDIATED SIGNALING EVENTS%PATHWAY INTERACTION DATABASE NCI-NATURE CURATED DATA%IL12-MEDIATED SIGNALING EVENTS		60	0.2263766	0.7065265	0.94536215	1.0	1.0	7580	tags=30%, list=31%, signal=43%	
REGULATION OF PURINE NUCLEOTIDE BIOSYNTHETIC PROCESS%GOBP%GO:1900371	REGULATION OF PURINE NUCLEOTIDE BIOSYNTHETIC PROCESS%GOBP%GO:1900371		17	0.29155532	0.70651317	0.87149185	1.0	1.0	3022	tags=18%, list=12%, signal=20%	
CELL-CELL ADHESION MEDIATED BY INTEGRIN%GOBP%GO:0033631	CELL-CELL ADHESION MEDIATED BY INTEGRIN%GOBP%GO:0033631		17	0.2903856	0.7063432	0.87946427	1.0	1.0	8854	tags=47%, list=36%, signal=74%	
IL5%NETPATH%IL5	IL5%NETPATH%IL5		37	0.24491574	0.70570076	0.93017125	1.0	1.0	3354	tags=16%, list=14%, signal=19%	
HEXOSE IMPORT ACROSS PLASMA MEMBRANE%GOBP%GO:0140271	HEXOSE IMPORT ACROSS PLASMA MEMBRANE%GOBP%GO:0140271		17	0.29311946	0.7056265	0.87826085	1.0	1.0	11254	tags=71%, list=46%, signal=131%	
OSTEOPONTIN-MEDIATED EVENTS%PATHWAY INTERACTION DATABASE NCI-NATURE CURATED DATA%OSTEOPONTIN-MEDIATED EVENTS	OSTEOPONTIN-MEDIATED EVENTS%PATHWAY INTERACTION DATABASE NCI-NATURE CURATED DATA%OSTEOPONTIN-MEDIATED EVENTS		31	0.25217623	0.7054604	0.90514904	1.0	1.0	1571	tags=13%, list=6%, signal=14%	
REGULATION OF TYPE II INTERFERON PRODUCTION%GOBP%GO:0032649	REGULATION OF TYPE II INTERFERON PRODUCTION%GOBP%GO:0032649		103	0.21075389	0.70537174	0.970964	1.0	1.0	7017	tags=29%, list=29%, signal=41%	
SOMATIC DIVERSIFICATION OF IMMUNE RECEPTORS VIA GERMLINE RECOMBINATION WITHIN A SINGLE LOCUS%GOBP%GO:0002562	SOMATIC DIVERSIFICATION OF IMMUNE RECEPTORS VIA GERMLINE RECOMBINATION WITHIN A SINGLE LOCUS%GOBP%GO:0002562		24	0.26900512	0.7052345	0.8891967	1.0	1.0	3940	tags=17%, list=16%, signal=20%	
PURINE NUCLEOSIDE TRIPHOSPHATE BIOSYNTHETIC PROCESS%GOBP%GO:0009145	PURINE NUCLEOSIDE TRIPHOSPHATE BIOSYNTHETIC PROCESS%GOBP%GO:0009145		70	0.21943834	0.7050814	0.94471157	1.0	1.0	5972	tags=19%, list=24%, signal=24%	
ENDOCRINE SYSTEM DEVELOPMENT%GOBP%GO:0035270	ENDOCRINE SYSTEM DEVELOPMENT%GOBP%GO:0035270		50	0.23356822	0.70502263	0.91898733	1.0	1.0	3116	tags=16%, list=13%, signal=18%	
POTASSIUM ION TRANSMEMBRANE TRANSPORT%GOBP%GO:0071805	POTASSIUM ION TRANSMEMBRANE TRANSPORT%GOBP%GO:0071805		147	0.20183183	0.7049473	0.98474944	1.0	1.0	7465	tags=28%, list=30%, signal=40%	
REGULATION OF CYTOKINE PRODUCTION INVOLVED IN INFLAMMATORY RESPONSE%GOBP%GO:1900015	REGULATION OF CYTOKINE PRODUCTION INVOLVED IN INFLAMMATORY RESPONSE%GOBP%GO:1900015		55	0.22658367	0.7043608	0.9273183	1.0	1.0	10179	tags=44%, list=42%, signal=75%	
C-TYPE LECTIN RECEPTORS (CLRS)%REACTOME%R-HSA-5621481.3	C-TYPE LECTIN RECEPTORS (CLRS)%REACTOME%R-HSA-5621481.3		125	0.20571515	0.7040157	0.96719456	1.0	1.0	5026	tags=20%, list=21%, signal=25%	
NEGATIVE REGULATION OF CELL KILLING%GOBP%GO:0031342	NEGATIVE REGULATION OF CELL KILLING%GOBP%GO:0031342		32	0.25318563	0.70350695	0.8924303	1.0	1.0	4395	tags=19%, list=18%, signal=23%	
REGULATION OF INSULIN-LIKE GROWTH FACTOR RECEPTOR SIGNALING PATHWAY%GOBP%GO:0043567	REGULATION OF INSULIN-LIKE GROWTH FACTOR RECEPTOR SIGNALING PATHWAY%GOBP%GO:0043567		20	0.27913636	0.703505	0.87447107	1.0	1.0	6261	tags=35%, list=26%, signal=47%	
PURINE RIBONUCLEOSIDE TRIPHOSPHATE BIOSYNTHETIC PROCESS%GOBP%GO:0009206	PURINE RIBONUCLEOSIDE TRIPHOSPHATE BIOSYNTHETIC PROCESS%GOBP%GO:0009206		70	0.21943834	0.70333755	0.9594595	1.0	1.0	5972	tags=19%, list=24%, signal=24%	
MYD88-DEPENDENT TOLL-LIKE RECEPTOR SIGNALING PATHWAY%GOBP%GO:0002755	MYD88-DEPENDENT TOLL-LIKE RECEPTOR SIGNALING PATHWAY%GOBP%GO:0002755		15	0.29972848	0.7032697	0.8704512	1.0	1.0	3634	tags=20%, list=15%, signal=23%	
PID_P53_DOWNSTREAM_PATHWAY%MSIGDB_C2%PID_P53_DOWNSTREAM_PATHWAY	PID_P53_DOWNSTREAM_PATHWAY%MSIGDB_C2%PID_P53_DOWNSTREAM_PATHWAY		120	0.20729697	0.7030804	0.9645714	1.0	1.0	6320	tags=24%, list=26%, signal=32%	
RND1 GTPASE CYCLE%REACTOME%R-HSA-9696273.2	RND1 GTPASE CYCLE%REACTOME%R-HSA-9696273.2		42	0.23473383	0.7029875	0.9183938	1.0	1.0	5959	tags=26%, list=24%, signal=35%	
MEMBRANE FISSION%GOBP%GO:0090148	MEMBRANE FISSION%GOBP%GO:0090148		43	0.23746192	0.7028441	0.90743154	1.0	1.0	7332	tags=33%, list=30%, signal=46%	
BIOCARTA_GH_PATHWAY%MSIGDB_C2%BIOCARTA_GH_PATHWAY	BIOCARTA_GH_PATHWAY%MSIGDB_C2%BIOCARTA_GH_PATHWAY		23	0.26974818	0.7028287	0.8875562	1.0	1.0	3354	tags=17%, list=14%, signal=20%	
PID_ECADHERIN_STABILIZATION_PATHWAY%MSIGDB_C2%PID_ECADHERIN_STABILIZATION_PATHWAY	PID_ECADHERIN_STABILIZATION_PATHWAY%MSIGDB_C2%PID_ECADHERIN_STABILIZATION_PATHWAY		33	0.24734737	0.7028259	0.9230769	1.0	1.0	6885	tags=30%, list=28%, signal=42%	
INDOMETHACIN ACTION PATHWAY%PATHWHIZ%PW000260	INDOMETHACIN ACTION PATHWAY%PATHWHIZ%PW000260		29	0.25691095	0.7025219	0.90625	1.0	1.0	5918	tags=38%, list=24%, signal=50%	
ACTIN POLYMERIZATION OR DEPOLYMERIZATION%GOBP%GO:0008154	ACTIN POLYMERIZATION OR DEPOLYMERIZATION%GOBP%GO:0008154		50	0.23187518	0.7025118	0.9342604	1.0	1.0	9138	tags=44%, list=37%, signal=70%	
REGULATION OF CARDIAC MUSCLE CONTRACTION BY REGULATION OF THE RELEASE OF SEQUESTERED CALCIUM ION%GOBP%GO:0010881	REGULATION OF CARDIAC MUSCLE CONTRACTION BY REGULATION OF THE RELEASE OF SEQUESTERED CALCIUM ION%GOBP%GO:0010881		20	0.27632725	0.70230836	0.8852691	1.0	1.0	5927	tags=25%, list=24%, signal=33%	
REGULATION OF CELL FATE SPECIFICATION%GOBP%GO:0042659	REGULATION OF CELL FATE SPECIFICATION%GOBP%GO:0042659		19	0.27981448	0.7019857	0.86291486	1.0	1.0	2926	tags=16%, list=12%, signal=18%	
HALLMARK_WNT_BETA_CATENIN_SIGNALING%MSIGDBHALLMARK%HALLMARK_WNT_BETA_CATENIN_SIGNALING	HALLMARK_WNT_BETA_CATENIN_SIGNALING%MSIGDBHALLMARK%HALLMARK_WNT_BETA_CATENIN_SIGNALING		32	0.2495165	0.7018794	0.91847825	1.0	1.0	8198	tags=41%, list=33%, signal=61%	
POSITIVE REGULATION OF REGULATORY T CELL DIFFERENTIATION%GOBP%GO:0045591	POSITIVE REGULATION OF REGULATORY T CELL DIFFERENTIATION%GOBP%GO:0045591		18	0.28513554	0.7017769	0.8779762	1.0	1.0	5254	tags=33%, list=21%, signal=42%	
RNA POLYMERASE I PROMOTER CLEARANCE%REACTOME DATABASE ID RELEASE 95%73854	RNA POLYMERASE I PROMOTER CLEARANCE%REACTOME DATABASE ID RELEASE 95%73854		77	0.21983801	0.7017687	0.94390243	1.0	1.0	6517	tags=23%, list=27%, signal=32%	
GLUCURONIDATION%WIKIPATHWAYS_20260211%WP698%HOMO SAPIENS	GLUCURONIDATION%WIKIPATHWAYS_20260211%WP698%HOMO SAPIENS		19	0.27659038	0.7017271	0.8638298	1.0	1.0	5362	tags=21%, list=22%, signal=27%	
SIGNALING EVENTS MEDIATED BY HEPATOCYTE GROWTH FACTOR RECEPTOR (C-MET)%PATHWAY INTERACTION DATABASE NCI-NATURE CURATED DATA%SIGNALING EVENTS MEDIATED BY HEPATOCYTE GROWTH FACTOR RECEPTOR (C-MET)	SIGNALING EVENTS MEDIATED BY HEPATOCYTE GROWTH FACTOR RECEPTOR (C-MET)%PATHWAY INTERACTION DATABASE NCI-NATURE CURATED DATA%SIGNALING EVENTS MEDIATED BY HEPATOCYTE GROWTH FACTOR RECEPTOR (C-MET)		80	0.21809377	0.7013842	0.9536817	1.0	1.0	7659	tags=33%, list=31%, signal=47%	
TOLL-LIKE RECEPTOR SIGNALING PATHWAY%GOBP%GO:0002224	TOLL-LIKE RECEPTOR SIGNALING PATHWAY%GOBP%GO:0002224		44	0.23748401	0.70093405	0.9230769	1.0	1.0	3648	tags=20%, list=15%, signal=24%	
NEGATIVE REGULATION OF FLT3%REACTOME DATABASE ID RELEASE 95%9706369	NEGATIVE REGULATION OF FLT3%REACTOME DATABASE ID RELEASE 95%9706369		15	0.29853237	0.70089954	0.8729198	1.0	1.0	3992	tags=27%, list=16%, signal=32%	
POSITIVE REGULATION OF NEUROTRANSMITTER TRANSPORT%GOBP%GO:0051590	POSITIVE REGULATION OF NEUROTRANSMITTER TRANSPORT%GOBP%GO:0051590		20	0.2802486	0.7005416	0.87356323	1.0	1.0	3901	tags=25%, list=16%, signal=30%	
AZATHIOPRINE ACTION PATHWAY%SMPDB%SMP0000427	AZATHIOPRINE ACTION PATHWAY%SMPDB%SMP0000427		47	0.23267537	0.700475	0.9334171	1.0	1.0	3591	tags=17%, list=15%, signal=20%	
GASTRULATION%REACTOME DATABASE ID RELEASE 95%9758941	GASTRULATION%REACTOME DATABASE ID RELEASE 95%9758941		115	0.20722556	0.70023406	0.966895	1.0	1.0	7697	tags=33%, list=31%, signal=48%	
REGULATION OF CELL-MATRIX ADHESION%GOBP%GO:0001952	REGULATION OF CELL-MATRIX ADHESION%GOBP%GO:0001952		104	0.20938472	0.7001326	0.9686046	1.0	1.0	7832	tags=31%, list=32%, signal=45%	
RNA POLYMERASE I TRANSCRIPTION%REACTOME%R-HSA-73864.5	RNA POLYMERASE I TRANSCRIPTION%REACTOME%R-HSA-73864.5		78	0.21729708	0.7000061	0.9645477	1.0	1.0	2923	tags=12%, list=12%, signal=13%	
ARF1 PATHWAY%PATHWAY INTERACTION DATABASE NCI-NATURE CURATED DATA%ARF1 PATHWAY	ARF1 PATHWAY%PATHWAY INTERACTION DATABASE NCI-NATURE CURATED DATA%ARF1 PATHWAY		19	0.28068677	0.69997776	0.91023844	1.0	1.0	11080	tags=53%, list=45%, signal=96%	
MERCAPTOPURINE ACTION PATHWAY%PATHWHIZ%PW000267	MERCAPTOPURINE ACTION PATHWAY%PATHWHIZ%PW000267		47	0.23267537	0.69974905	0.92455244	1.0	1.0	3591	tags=17%, list=15%, signal=20%	
PROTEIN ACYLATION%GOBP%GO:0043543	PROTEIN ACYLATION%GOBP%GO:0043543		54	0.23180701	0.6996894	0.9329962	1.0	1.0	2440	tags=13%, list=10%, signal=14%	
CALCIUM-ION REGULATED EXOCYTOSIS%GOBP%GO:0017156	CALCIUM-ION REGULATED EXOCYTOSIS%GOBP%GO:0017156		29	0.2580387	0.6995477	0.89509535	1.0	1.0	8582	tags=48%, list=35%, signal=74%	
NADP+ METABOLIC PROCESS%GOBP%GO:0006739	NADP+ METABOLIC PROCESS%GOBP%GO:0006739		26	0.26106596	0.6994891	0.9085948	1.0	1.0	6103	tags=23%, list=25%, signal=31%	
THYROXINE THYROID HORMONE PRODUCTION%WIKIPATHWAYS_20260211%WP1981%HOMO SAPIENS	THYROXINE THYROID HORMONE PRODUCTION%WIKIPATHWAYS_20260211%WP1981%HOMO SAPIENS		20	0.27652583	0.6994531	0.89337176	1.0	1.0	4829	tags=30%, list=20%, signal=37%	
REGULATION OF FATTY ACID TRANSPORT%GOBP%GO:2000191	REGULATION OF FATTY ACID TRANSPORT%GOBP%GO:2000191		21	0.27081865	0.69867915	0.8956522	1.0	1.0	7873	tags=38%, list=32%, signal=56%	
MELANOMA%WIKIPATHWAYS_20260211%WP4685%HOMO SAPIENS	MELANOMA%WIKIPATHWAYS_20260211%WP4685%HOMO SAPIENS		54	0.22788447	0.69860286	0.9302615	1.0	1.0	4592	tags=20%, list=19%, signal=25%	
NEGATIVE REGULATION OF INSULIN RECEPTOR SIGNALING PATHWAY%GOBP%GO:0046627	NEGATIVE REGULATION OF INSULIN RECEPTOR SIGNALING PATHWAY%GOBP%GO:0046627		33	0.2488382	0.69824886	0.89361703	1.0	1.0	10288	tags=52%, list=42%, signal=89%	
APOPTOSIS MODULATION AND SIGNALING%WIKIPATHWAYS_20260211%WP1772%HOMO SAPIENS	APOPTOSIS MODULATION AND SIGNALING%WIKIPATHWAYS_20260211%WP1772%HOMO SAPIENS		77	0.21544184	0.6981318	0.95454544	1.0	1.0	5272	tags=21%, list=22%, signal=26%	
CELL-CELL JUNCTION ORGANIZATION%GOBP%GO:0045216	CELL-CELL JUNCTION ORGANIZATION%GOBP%GO:0045216		136	0.20005459	0.6980459	0.984375	1.0	1.0	8176	tags=38%, list=33%, signal=56%	
RNA POLYMERASE III ABORTIVE AND RETRACTIVE INITIATION%REACTOME%R-HSA-749476.4	RNA POLYMERASE III ABORTIVE AND RETRACTIVE INITIATION%REACTOME%R-HSA-749476.4		41	0.23389861	0.6980087	0.91276044	1.0	1.0	3849	tags=17%, list=16%, signal=20%	
POSITIVE REGULATION OF APOPTOTIC SIGNALING PATHWAY%GOBP%GO:2001235	POSITIVE REGULATION OF APOPTOTIC SIGNALING PATHWAY%GOBP%GO:2001235		92	0.20846947	0.69715905	0.9710313	1.0	1.0	7618	tags=36%, list=31%, signal=52%	
INSULIN RECEPTOR SIGNALING PATHWAY%GOBP%GO:0008286	INSULIN RECEPTOR SIGNALING PATHWAY%GOBP%GO:0008286		53	0.22870842	0.69712144	0.92268693	1.0	1.0	7973	tags=30%, list=33%, signal=45%	
FC-EPSILON RECEPTOR SIGNALING PATHWAY%GOBP%GO:0038095	FC-EPSILON RECEPTOR SIGNALING PATHWAY%GOBP%GO:0038095		23	0.2630308	0.697004	0.89285713	1.0	1.0	9947	tags=48%, list=41%, signal=80%	
NEGATIVE REGULATION OF CELLULAR RESPONSE TO INSULIN STIMULUS%GOBP%GO:1900077	NEGATIVE REGULATION OF CELLULAR RESPONSE TO INSULIN STIMULUS%GOBP%GO:1900077		34	0.24373072	0.6967612	0.9089674	1.0	1.0	4876	tags=21%, list=20%, signal=26%	
MELANOSOME ASSEMBLY%GOBP%GO:1903232	MELANOSOME ASSEMBLY%GOBP%GO:1903232		19	0.2731773	0.69649607	0.87536234	1.0	1.0	4531	tags=26%, list=18%, signal=32%	
TNFR1-INDUCED NF-KAPPA-B SIGNALING PATHWAY%REACTOME%R-HSA-5357956.5	TNFR1-INDUCED NF-KAPPA-B SIGNALING PATHWAY%REACTOME%R-HSA-5357956.5		29	0.25664812	0.696415	0.92243767	1.0	1.0	4634	tags=24%, list=19%, signal=30%	
PROTEIN FOLDING%REACTOME%R-HSA-391251.3	PROTEIN FOLDING%REACTOME%R-HSA-391251.3		97	0.20782031	0.69610274	0.97738093	1.0	1.0	7363	tags=34%, list=30%, signal=48%	
STRIATED MUSCLE TISSUE DEVELOPMENT%GOBP%GO:0014706	STRIATED MUSCLE TISSUE DEVELOPMENT%GOBP%GO:0014706		166	0.19925983	0.6960481	0.9833887	1.0	1.0	6372	tags=23%, list=26%, signal=32%	
RNA TRANSPORT%GOBP%GO:0050658	RNA TRANSPORT%GOBP%GO:0050658		107	0.2046478	0.6959342	0.96279067	1.0	1.0	4154	tags=16%, list=17%, signal=19%	
GLYCOLYSIS%BIOCYC%PWY66-400	GLYCOLYSIS%BIOCYC%PWY66-400		25	0.2617447	0.69592	0.8993007	1.0	1.0	8789	tags=44%, list=36%, signal=69%	
15Q13 3 COPY NUMBER VARIATION SYNDROME%WIKIPATHWAYS_20260211%WP4942%HOMO SAPIENS	15Q13 3 COPY NUMBER VARIATION SYNDROME%WIKIPATHWAYS_20260211%WP4942%HOMO SAPIENS		19	0.2804573	0.69588536	0.87277704	1.0	1.0	10043	tags=58%, list=41%, signal=98%	
NEGATIVE REGULATION OF DEVELOPMENTAL GROWTH%GOBP%GO:0048640	NEGATIVE REGULATION OF DEVELOPMENTAL GROWTH%GOBP%GO:0048640		37	0.24288397	0.6958731	0.9196787	1.0	1.0	5699	tags=30%, list=23%, signal=39%	
PID_GLYPICAN_1PATHWAY%MSIGDB_C2%PID_GLYPICAN_1PATHWAY	PID_GLYPICAN_1PATHWAY%MSIGDB_C2%PID_GLYPICAN_1PATHWAY		23	0.26696095	0.6957462	0.8870293	1.0	1.0	8498	tags=43%, list=35%, signal=67%	
DOWNSTREAM SIGNALING IN NAIVE CD8+ T CELLS%PATHWAY INTERACTION DATABASE NCI-NATURE CURATED DATA%DOWNSTREAM SIGNALING IN NAIVE CD8+ T CELLS	DOWNSTREAM SIGNALING IN NAIVE CD8+ T CELLS%PATHWAY INTERACTION DATABASE NCI-NATURE CURATED DATA%DOWNSTREAM SIGNALING IN NAIVE CD8+ T CELLS		63	0.2235271	0.69564515	0.9501868	1.0	1.0	6517	tags=25%, list=27%, signal=35%	
FATTY ACID BIOSYNTHETIC PROCESS%GOBP%GO:0006633	FATTY ACID BIOSYNTHETIC PROCESS%GOBP%GO:0006633		95	0.20892222	0.69511217	0.96700794	1.0	1.0	5490	tags=23%, list=22%, signal=30%	
PANCREAS DEVELOPMENT%GOBP%GO:0031016	PANCREAS DEVELOPMENT%GOBP%GO:0031016		36	0.2462913	0.6947358	0.9076087	1.0	1.0	6021	tags=28%, list=25%, signal=37%	
GLYCOSPHINGOLIPID METABOLISM%REACTOME DATABASE ID RELEASE 95%1660662	GLYCOSPHINGOLIPID METABOLISM%REACTOME DATABASE ID RELEASE 95%1660662		56	0.22763348	0.6946863	0.95069534	1.0	1.0	9584	tags=50%, list=39%, signal=82%	
VASODILATION%GOBP%GO:0042311	VASODILATION%GOBP%GO:0042311		23	0.2613418	0.69462377	0.8924731	1.0	1.0	7053	tags=39%, list=29%, signal=55%	
ER-PHAGOSOME PATHWAY%REACTOME DATABASE ID RELEASE 95%1236974	ER-PHAGOSOME PATHWAY%REACTOME DATABASE ID RELEASE 95%1236974		82	0.21449266	0.6945114	0.96432817	1.0	1.0	7671	tags=34%, list=31%, signal=50%	
SIGNALING EVENTS MEDIATED BY FOCAL ADHESION KINASE%PATHWAY INTERACTION DATABASE NCI-NATURE CURATED DATA%SIGNALING EVENTS MEDIATED BY FOCAL ADHESION KINASE	SIGNALING EVENTS MEDIATED BY FOCAL ADHESION KINASE%PATHWAY INTERACTION DATABASE NCI-NATURE CURATED DATA%SIGNALING EVENTS MEDIATED BY FOCAL ADHESION KINASE		58	0.22404563	0.69423854	0.9473008	1.0	1.0	8711	tags=41%, list=36%, signal=64%	
B CELL ACTIVATION INVOLVED IN IMMUNE RESPONSE%GOBP%GO:0002312	B CELL ACTIVATION INVOLVED IN IMMUNE RESPONSE%GOBP%GO:0002312		46	0.23461431	0.6941389	0.9285714	1.0	1.0	5627	tags=22%, list=23%, signal=28%	
LONG-CHAIN FATTY-ACYL-COA BIOSYNTHETIC PROCESS%GOBP%GO:0035338	LONG-CHAIN FATTY-ACYL-COA BIOSYNTHETIC PROCESS%GOBP%GO:0035338		18	0.27913764	0.69401103	0.8925502	1.0	1.0	85	tags=6%, list=0%, signal=6%	
GENERAL TRANSCRIPTION BY RNA POLYMERASE I%PANTHER PATHWAY%P00022	GENERAL TRANSCRIPTION BY RNA POLYMERASE I%PANTHER PATHWAY%P00022		15	0.2961274	0.6939969	0.8677326	1.0	1.0	10885	tags=60%, list=44%, signal=108%	
NEGATIVE REGULATION OF CALCIUM-MEDIATED SIGNALING%GOBP%GO:0050849	NEGATIVE REGULATION OF CALCIUM-MEDIATED SIGNALING%GOBP%GO:0050849		19	0.2777449	0.693838	0.8874644	1.0	1.0	5699	tags=37%, list=23%, signal=48%	
REGULATION OF TRANSCRIPTION INITIATION BY RNA POLYMERASE II%GOBP%GO:0060260	REGULATION OF TRANSCRIPTION INITIATION BY RNA POLYMERASE II%GOBP%GO:0060260		74	0.21690746	0.6937118	0.9513973	1.0	1.0	3949	tags=18%, list=16%, signal=21%	
REGULATION OF CHROMATIN ORGANIZATION%GOBP%GO:1902275	REGULATION OF CHROMATIN ORGANIZATION%GOBP%GO:1902275		33	0.24416727	0.69371074	0.9031378	1.0	1.0	6284	tags=21%, list=26%, signal=28%	
CARDIAC MUSCLE TISSUE DEVELOPMENT%GOBP%GO:0048738	CARDIAC MUSCLE TISSUE DEVELOPMENT%GOBP%GO:0048738		120	0.20373927	0.6932399	0.9812865	1.0	1.0	7163	tags=29%, list=29%, signal=41%	
T-HELPER 1 TYPE IMMUNE RESPONSE%GOBP%GO:0042088	T-HELPER 1 TYPE IMMUNE RESPONSE%GOBP%GO:0042088		29	0.25216648	0.6929663	0.9192708	1.0	1.0	7997	tags=41%, list=33%, signal=61%	
TELOMERE MAINTENANCE VIA TELOMERASE%GOBP%GO:0007004	TELOMERE MAINTENANCE VIA TELOMERASE%GOBP%GO:0007004		22	0.2725725	0.69294035	0.8899859	1.0	1.0	2034	tags=9%, list=8%, signal=10%	
HOST INTERACTIONS OF HIV FACTORS%REACTOME DATABASE ID RELEASE 95%162909	HOST INTERACTIONS OF HIV FACTORS%REACTOME DATABASE ID RELEASE 95%162909		113	0.20536503	0.6929293	0.9750567	1.0	1.0	3761	tags=14%, list=15%, signal=17%	
SEMA4D INDUCED CELL MIGRATION AND GROWTH-CONE COLLAPSE%REACTOME DATABASE ID RELEASE 95%416572	SEMA4D INDUCED CELL MIGRATION AND GROWTH-CONE COLLAPSE%REACTOME DATABASE ID RELEASE 95%416572		20	0.2712479	0.69283223	0.8946648	1.0	1.0	1770	tags=15%, list=7%, signal=16%	
MIRNA REGULATION OF DNA DAMAGE RESPONSE%WIKIPATHWAYS_20260211%WP1530%HOMO SAPIENS	MIRNA REGULATION OF DNA DAMAGE RESPONSE%WIKIPATHWAYS_20260211%WP1530%HOMO SAPIENS		60	0.22129798	0.69274914	0.94325346	1.0	1.0	8227	tags=32%, list=34%, signal=48%	
NEGATIVE REGULATION OF COLD-INDUCED THERMOGENESIS%GOBP%GO:0120163	NEGATIVE REGULATION OF COLD-INDUCED THERMOGENESIS%GOBP%GO:0120163		48	0.2302735	0.6925544	0.9507772	1.0	1.0	8514	tags=35%, list=35%, signal=54%	
REGULATION OF ALPHA-BETA T CELL ACTIVATION%GOBP%GO:0046634	REGULATION OF ALPHA-BETA T CELL ACTIVATION%GOBP%GO:0046634		88	0.20956852	0.6925042	0.9579832	1.0	1.0	5386	tags=20%, list=22%, signal=26%	
EARLY ENDOSOME TO LATE ENDOSOME TRANSPORT%GOBP%GO:0045022	EARLY ENDOSOME TO LATE ENDOSOME TRANSPORT%GOBP%GO:0045022		23	0.2612105	0.69243497	0.8880918	1.0	1.0	9473	tags=48%, list=39%, signal=78%	
LATE ENDOSOME TO VACUOLE TRANSPORT VIA MULTIVESICULAR BODY SORTING PATHWAY%GOBP%GO:0032511	LATE ENDOSOME TO VACUOLE TRANSPORT VIA MULTIVESICULAR BODY SORTING PATHWAY%GOBP%GO:0032511		26	0.25444534	0.69229513	0.90082645	1.0	1.0	8941	tags=46%, list=37%, signal=73%	
BIOCARTA_HCMV_PATHWAY%MSIGDB_C2%BIOCARTA_HCMV_PATHWAY	BIOCARTA_HCMV_PATHWAY%MSIGDB_C2%BIOCARTA_HCMV_PATHWAY		15	0.29169053	0.69182074	0.8914617	1.0	1.0	3240	tags=13%, list=13%, signal=15%	
BIOLOGICAL PROCESS INVOLVED IN SYMBIOTIC INTERACTION%GOBP%GO:0044403	BIOLOGICAL PROCESS INVOLVED IN SYMBIOTIC INTERACTION%GOBP%GO:0044403		84	0.2129353	0.69153917	0.9550562	1.0	1.0	7053	tags=30%, list=29%, signal=42%	
AUTOPHAGOSOME ORGANIZATION%GOBP%GO:1905037	AUTOPHAGOSOME ORGANIZATION%GOBP%GO:1905037		75	0.21438771	0.6913939	0.94993895	1.0	1.0	5074	tags=20%, list=21%, signal=25%	
DOWNREGULATION OF SMAD2 3:SMAD4 TRANSCRIPTIONAL ACTIVITY%REACTOME DATABASE ID RELEASE 95%2173795	DOWNREGULATION OF SMAD2 3:SMAD4 TRANSCRIPTIONAL ACTIVITY%REACTOME DATABASE ID RELEASE 95%2173795		29	0.25879005	0.6913581	0.89777195	1.0	1.0	3171	tags=17%, list=13%, signal=20%	
INTRA-GOLGI VESICLE-MEDIATED TRANSPORT%GOBP%GO:0006891	INTRA-GOLGI VESICLE-MEDIATED TRANSPORT%GOBP%GO:0006891		34	0.24520326	0.69129616	0.90958905	1.0	1.0	4953	tags=26%, list=20%, signal=33%	
BIOSYNTHESIS OF SPECIALIZED PRORESOLVING MEDIATORS (SPMS)%REACTOME%R-HSA-9018678.5	BIOSYNTHESIS OF SPECIALIZED PRORESOLVING MEDIATORS (SPMS)%REACTOME%R-HSA-9018678.5		18	0.2786862	0.69110113	0.8669528	1.0	1.0	7690	tags=44%, list=31%, signal=65%	
ACTIVIN RECEPTOR SIGNALING PATHWAY%GOBP%GO:0032924	ACTIVIN RECEPTOR SIGNALING PATHWAY%GOBP%GO:0032924		26	0.2585022	0.6908483	0.8945869	1.0	1.0	5837	tags=27%, list=24%, signal=35%	
NATURAL KILLER CELL MEDIATED CYTOTOXICITY%GOBP%GO:0042267	NATURAL KILLER CELL MEDIATED CYTOTOXICITY%GOBP%GO:0042267		33	0.24748208	0.6906613	0.90589887	1.0	1.0	3344	tags=15%, list=14%, signal=18%	
PROTEIN LOCALIZATION TO PEROXISOME%GOBP%GO:0072662	PROTEIN LOCALIZATION TO PEROXISOME%GOBP%GO:0072662		17	0.27747613	0.6905469	0.87645346	1.0	1.0	1335	tags=12%, list=5%, signal=12%	
SIGNALING BY FGFR4%REACTOME DATABASE ID RELEASE 95%5654743	SIGNALING BY FGFR4%REACTOME DATABASE ID RELEASE 95%5654743		35	0.2430574	0.69039667	0.9105474	1.0	1.0	7198	tags=37%, list=29%, signal=53%	
REGULATION OF ESTABLISHMENT OF ENDOTHELIAL BARRIER%GOBP%GO:1903140	REGULATION OF ESTABLISHMENT OF ENDOTHELIAL BARRIER%GOBP%GO:1903140		16	0.28494343	0.68974924	0.90381896	1.0	1.0	3634	tags=19%, list=15%, signal=22%	
INTRACILIARY ANTEROGRADE TRANSPORT%GOBP%GO:0035720	INTRACILIARY ANTEROGRADE TRANSPORT%GOBP%GO:0035720		18	0.2768136	0.6895991	0.89875174	1.0	1.0	8543	tags=56%, list=35%, signal=85%	
REGULATION OF EARLY ENDOSOME TO LATE ENDOSOME TRANSPORT%GOBP%GO:2000641	REGULATION OF EARLY ENDOSOME TO LATE ENDOSOME TRANSPORT%GOBP%GO:2000641		19	0.2730527	0.6895171	0.8901099	1.0	1.0	4670	tags=26%, list=19%, signal=32%	
LYMPHOCYTE PROLIFERATION%GOBP%GO:0046651	LYMPHOCYTE PROLIFERATION%GOBP%GO:0046651		39	0.23708548	0.6894055	0.91909814	1.0	1.0	8410	tags=46%, list=34%, signal=70%	
COPII-COATED VESICLE CARGO LOADING%GOBP%GO:0090110	COPII-COATED VESICLE CARGO LOADING%GOBP%GO:0090110		17	0.27448237	0.68921554	0.8779412	1.0	1.0	6523	tags=41%, list=27%, signal=56%	
RENAL SYSTEM PROCESS%GOBP%GO:0003014	RENAL SYSTEM PROCESS%GOBP%GO:0003014		95	0.20858122	0.68920416	0.9716312	1.0	1.0	8469	tags=40%, list=35%, signal=61%	
POSITIVE REGULATION OF CHROMOSOME SEGREGATION%GOBP%GO:0051984	POSITIVE REGULATION OF CHROMOSOME SEGREGATION%GOBP%GO:0051984		21	0.26823032	0.6891673	0.8934993	1.0	1.0	1580	tags=10%, list=6%, signal=10%	
APOPTOTIC MITOCHONDRIAL CHANGES%GOBP%GO:0008637	APOPTOTIC MITOCHONDRIAL CHANGES%GOBP%GO:0008637		41	0.23650959	0.68915296	0.9266055	1.0	1.0	5081	tags=20%, list=21%, signal=25%	
REGULATION OF TOLL LIKE RECEPTOR SIGNALING%WIKIPATHWAYS_20260211%WP1449%HOMO SAPIENS	REGULATION OF TOLL LIKE RECEPTOR SIGNALING%WIKIPATHWAYS_20260211%WP1449%HOMO SAPIENS		120	0.20128071	0.6891368	0.97597253	1.0	1.0	7017	tags=29%, list=29%, signal=41%	
ION HOMEOSTASIS%REACTOME DATABASE ID RELEASE 95%5578775	ION HOMEOSTASIS%REACTOME DATABASE ID RELEASE 95%5578775		52	0.22525612	0.68908125	0.9494311	1.0	1.0	6191	tags=27%, list=25%, signal=36%	
REGULATION OF INTEGRIN ACTIVATION%GOBP%GO:0033623	REGULATION OF INTEGRIN ACTIVATION%GOBP%GO:0033623		17	0.28049684	0.6883417	0.8880814	1.0	1.0	9003	tags=47%, list=37%, signal=74%	
MTOR SIGNALLING%REACTOME%R-HSA-165159.8	MTOR SIGNALLING%REACTOME%R-HSA-165159.8		41	0.23513637	0.6882168	0.9327411	1.0	1.0	2232	tags=10%, list=9%, signal=11%	
SIGNALING BY NTRK2 (TRKB)%REACTOME DATABASE ID RELEASE 95%9006115	SIGNALING BY NTRK2 (TRKB)%REACTOME DATABASE ID RELEASE 95%9006115		21	0.26444787	0.68779117	0.89664805	1.0	1.0	5355	tags=24%, list=22%, signal=30%	
RETINOID METABOLIC PROCESS%GOBP%GO:0001523	RETINOID METABOLIC PROCESS%GOBP%GO:0001523		71	0.21453719	0.6876541	0.96102315	1.0	1.0	8908	tags=42%, list=36%, signal=66%	
BIOCARTA_CERAMIDE_PATHWAY%MSIGDB_C2%BIOCARTA_CERAMIDE_PATHWAY	BIOCARTA_CERAMIDE_PATHWAY%MSIGDB_C2%BIOCARTA_CERAMIDE_PATHWAY		21	0.26938665	0.68760246	0.8935574	1.0	1.0	3171	tags=14%, list=13%, signal=16%	
CLATHRIN-MEDIATED ENDOCYTOSIS%REACTOME%R-HSA-8856828.5	CLATHRIN-MEDIATED ENDOCYTOSIS%REACTOME%R-HSA-8856828.5		142	0.19850299	0.68744296	0.98759866	1.0	1.0	6602	tags=25%, list=27%, signal=34%	
NEGATIVE REGULATION OF TUMOR NECROSIS FACTOR SUPERFAMILY CYTOKINE PRODUCTION%GOBP%GO:1903556	NEGATIVE REGULATION OF TUMOR NECROSIS FACTOR SUPERFAMILY CYTOKINE PRODUCTION%GOBP%GO:1903556		50	0.22942409	0.6873454	0.9291139	1.0	1.0	7214	tags=38%, list=29%, signal=54%	
REGULATION OF ENDOTHELIAL CELL DEVELOPMENT%GOBP%GO:1901550	REGULATION OF ENDOTHELIAL CELL DEVELOPMENT%GOBP%GO:1901550		16	0.28494343	0.6873423	0.8686567	1.0	1.0	3634	tags=19%, list=15%, signal=22%	
TNF SIGNALING%REACTOME DATABASE ID RELEASE 95%75893	TNF SIGNALING%REACTOME DATABASE ID RELEASE 95%75893		55	0.2200421	0.6873394	0.9517327	1.0	1.0	9155	tags=45%, list=37%, signal=72%	
IRS-RELATED EVENTS TRIGGERED BY IGF1R%REACTOME DATABASE ID RELEASE 95%2428928	IRS-RELATED EVENTS TRIGGERED BY IGF1R%REACTOME DATABASE ID RELEASE 95%2428928		43	0.23003957	0.68728566	0.933162	1.0	1.0	6967	tags=30%, list=28%, signal=42%	
PTERIDINE-CONTAINING COMPOUND METABOLIC PROCESS%GOBP%GO:0042558	PTERIDINE-CONTAINING COMPOUND METABOLIC PROCESS%GOBP%GO:0042558		29	0.24708605	0.68717366	0.9131016	1.0	1.0	5003	tags=24%, list=20%, signal=30%	
PEPTIDYL-GLUTAMIC ACID MODIFICATION%GOBP%GO:0018200	PEPTIDYL-GLUTAMIC ACID MODIFICATION%GOBP%GO:0018200		17	0.28258708	0.68662035	0.8985916	1.0	1.0	2605	tags=18%, list=11%, signal=20%	
LYMPHOCYTE ACTIVATION INVOLVED IN IMMUNE RESPONSE%GOBP%GO:0002285	LYMPHOCYTE ACTIVATION INVOLVED IN IMMUNE RESPONSE%GOBP%GO:0002285		105	0.20477144	0.6866166	0.98122066	1.0	1.0	8346	tags=34%, list=34%, signal=52%	
BIOCARTA_ECM_PATHWAY%MSIGDB_C2%BIOCARTA_ECM_PATHWAY	BIOCARTA_ECM_PATHWAY%MSIGDB_C2%BIOCARTA_ECM_PATHWAY		15	0.2901585	0.68627185	0.8669528	1.0	1.0	7372	tags=33%, list=30%, signal=48%	
CONNECTIVE TISSUE DEVELOPMENT%GOBP%GO:0061448	CONNECTIVE TISSUE DEVELOPMENT%GOBP%GO:0061448		91	0.20831344	0.6858894	0.9664671	1.0	1.0	4070	tags=18%, list=17%, signal=21%	
BIOGENIC AMINE CATABOLIC PROCESS%GOBP%GO:0042402	BIOGENIC AMINE CATABOLIC PROCESS%GOBP%GO:0042402		15	0.28835458	0.6857005	0.89879155	1.0	1.0	6637	tags=47%, list=27%, signal=64%	
MATURATION OF 5.8S RRNA FROM TRICISTRONIC RRNA TRANSCRIPT (SSU-RRNA, 5.8S RRNA, LSU-RRNA)%GOBP%GO:0000466	MATURATION OF 5.8S RRNA FROM TRICISTRONIC RRNA TRANSCRIPT (SSU-RRNA, 5.8S RRNA, LSU-RRNA)%GOBP%GO:0000466		28	0.24733256	0.68556345	0.92391306	1.0	1.0	3333	tags=18%, list=14%, signal=21%	
CAMERA-TYPE EYE PHOTORECEPTOR CELL DIFFERENTIATION%GOBP%GO:0060219	CAMERA-TYPE EYE PHOTORECEPTOR CELL DIFFERENTIATION%GOBP%GO:0060219		16	0.28212133	0.68542784	0.8907563	1.0	1.0	2899	tags=19%, list=12%, signal=21%	
NEGATIVE REGULATION OF LYMPHOCYTE APOPTOTIC PROCESS%GOBP%GO:0070229	NEGATIVE REGULATION OF LYMPHOCYTE APOPTOTIC PROCESS%GOBP%GO:0070229		16	0.28276035	0.6852053	0.8978102	1.0	1.0	8814	tags=50%, list=36%, signal=78%	
SEMA4D IN SEMAPHORIN SIGNALING%REACTOME DATABASE ID RELEASE 95%400685	SEMA4D IN SEMAPHORIN SIGNALING%REACTOME DATABASE ID RELEASE 95%400685		24	0.2538642	0.68481135	0.9078014	1.0	1.0	9421	tags=54%, list=38%, signal=88%	
NEGATIVE REGULATION OF LEUKOCYTE MEDIATED CYTOTOXICITY%GOBP%GO:0001911	NEGATIVE REGULATION OF LEUKOCYTE MEDIATED CYTOTOXICITY%GOBP%GO:0001911		27	0.25223628	0.6846765	0.9120433	1.0	1.0	7624	tags=30%, list=31%, signal=43%	
TOLL LIKE RECEPTOR SIGNALING%WIKIPATHWAYS_20260211%WP75%HOMO SAPIENS	TOLL LIKE RECEPTOR SIGNALING%WIKIPATHWAYS_20260211%WP75%HOMO SAPIENS		82	0.21097936	0.6846259	0.968599	1.0	1.0	7216	tags=33%, list=29%, signal=47%	
CGMP EFFECTS%REACTOME DATABASE ID RELEASE 95%418457	CGMP EFFECTS%REACTOME DATABASE ID RELEASE 95%418457		15	0.2899399	0.68427217	0.9016854	1.0	1.0	7423	tags=47%, list=30%, signal=67%	
INSULIN PATHWAY%PATHWAY INTERACTION DATABASE NCI-NATURE CURATED DATA%INSULIN PATHWAY	INSULIN PATHWAY%PATHWAY INTERACTION DATABASE NCI-NATURE CURATED DATA%INSULIN PATHWAY		45	0.23476996	0.6842481	0.9320513	1.0	1.0	7659	tags=33%, list=31%, signal=48%	
PID_BARD1_PATHWAY%MSIGDB_C2%PID_BARD1_PATHWAY	PID_BARD1_PATHWAY%MSIGDB_C2%PID_BARD1_PATHWAY		26	0.25434086	0.68412584	0.92391306	1.0	1.0	6450	tags=31%, list=26%, signal=42%	
NEGATIVE REGULATION OF CANONICAL WNT SIGNALING PATHWAY%GOBP%GO:0090090	NEGATIVE REGULATION OF CANONICAL WNT SIGNALING PATHWAY%GOBP%GO:0090090		117	0.20016378	0.6841124	0.97806007	1.0	1.0	6326	tags=25%, list=26%, signal=33%	
IGF1R SIGNALING CASCADE%REACTOME DATABASE ID RELEASE 95%2428924	IGF1R SIGNALING CASCADE%REACTOME DATABASE ID RELEASE 95%2428924		43	0.23003957	0.6837521	0.9341772	1.0	1.0	6967	tags=30%, list=28%, signal=42%	
AMINE CATABOLIC PROCESS%GOBP%GO:0009310	AMINE CATABOLIC PROCESS%GOBP%GO:0009310		15	0.28835458	0.68304044	0.88709676	1.0	1.0	6637	tags=47%, list=27%, signal=64%	
TOLL-LIKE RECEPTOR 4 SIGNALING PATHWAY%GOBP%GO:0034142	TOLL-LIKE RECEPTOR 4 SIGNALING PATHWAY%GOBP%GO:0034142		28	0.24917455	0.68303406	0.90998596	1.0	1.0	5013	tags=29%, list=20%, signal=36%	
ENDOPLASMIC RETICULUM STRESS RESPONSE IN CORONAVIRUS INFECTION%WIKIPATHWAYS_20260211%WP4861%HOMO SAPIENS	ENDOPLASMIC RETICULUM STRESS RESPONSE IN CORONAVIRUS INFECTION%WIKIPATHWAYS_20260211%WP4861%HOMO SAPIENS		40	0.23557344	0.68274087	0.9293194	1.0	1.0	8007	tags=35%, list=33%, signal=52%	
REGULATION OF CYTOPLASMIC TRANSLATION%GOBP%GO:2000765	REGULATION OF CYTOPLASMIC TRANSLATION%GOBP%GO:2000765		41	0.23427315	0.68255854	0.9480692	1.0	1.0	8161	tags=37%, list=33%, signal=55%	
HYDROGEN PEROXIDE METABOLIC PROCESS%GOBP%GO:0042743	HYDROGEN PEROXIDE METABOLIC PROCESS%GOBP%GO:0042743		24	0.25866923	0.6824338	0.9118065	1.0	1.0	3433	tags=17%, list=14%, signal=19%	
NUCLEIC ACID TRANSPORT%GOBP%GO:0050657	NUCLEIC ACID TRANSPORT%GOBP%GO:0050657		107	0.2046478	0.6823406	0.98247665	1.0	1.0	4154	tags=16%, list=17%, signal=19%	
SIGNALING BY INSULIN RECEPTOR%REACTOME DATABASE ID RELEASE 95%74752	SIGNALING BY INSULIN RECEPTOR%REACTOME DATABASE ID RELEASE 95%74752		73	0.21333146	0.68229485	0.9663057	1.0	1.0	6754	tags=27%, list=28%, signal=38%	
ANDROGEN METABOLIC PROCESS%GOBP%GO:0008209	ANDROGEN METABOLIC PROCESS%GOBP%GO:0008209		23	0.26197693	0.6822688	0.9140401	1.0	1.0	5332	tags=30%, list=22%, signal=39%	
REGULATION OF TYPE I INTERFERON-MEDIATED SIGNALING PATHWAY%GOBP%GO:0060338	REGULATION OF TYPE I INTERFERON-MEDIATED SIGNALING PATHWAY%GOBP%GO:0060338		38	0.2369128	0.682206	0.9349805	1.0	1.0	7175	tags=29%, list=29%, signal=41%	
NUCLEOSIDE DIPHOSPHATE CATABOLIC PROCESS%GOBP%GO:0009134	NUCLEOSIDE DIPHOSPHATE CATABOLIC PROCESS%GOBP%GO:0009134		45	0.22642778	0.68196356	0.94163424	1.0	1.0	8789	tags=40%, list=36%, signal=62%	
LIVER DEVELOPMENT%GOBP%GO:0001889	LIVER DEVELOPMENT%GOBP%GO:0001889		38	0.23429205	0.6818225	0.9404601	1.0	1.0	5570	tags=26%, list=23%, signal=34%	
HETEROTRIMERIC G-PROTEIN SIGNALING PATHWAY-ROD OUTER SEGMENT PHOTOTRANSDUCTION%PANTHER PATHWAY%P00028	HETEROTRIMERIC G-PROTEIN SIGNALING PATHWAY-ROD OUTER SEGMENT PHOTOTRANSDUCTION%PANTHER PATHWAY%P00028		30	0.24819523	0.68179035	0.9166667	1.0	1.0	4493	tags=20%, list=18%, signal=24%	
PROTEIN O-LINKED GLYCOSYLATION VIA MANNOSE%GOBP%GO:0035269	PROTEIN O-LINKED GLYCOSYLATION VIA MANNOSE%GOBP%GO:0035269		16	0.28085598	0.6817346	0.8826087	1.0	1.0	7910	tags=44%, list=32%, signal=65%	
TARGET OF RAPAMYCIN SIGNALING%WIKIPATHWAYS_20260211%WP1471%HOMO SAPIENS	TARGET OF RAPAMYCIN SIGNALING%WIKIPATHWAYS_20260211%WP1471%HOMO SAPIENS		32	0.2436666	0.68143207	0.91480994	1.0	1.0	4987	tags=22%, list=20%, signal=27%	
CELLULAR RESPONSE TO LIGHT STIMULUS%GOBP%GO:0071482	CELLULAR RESPONSE TO LIGHT STIMULUS%GOBP%GO:0071482		91	0.20582235	0.68133557	0.96642685	1.0	1.0	8307	tags=35%, list=34%, signal=53%	
REGULATION OF RAS PROTEIN SIGNAL TRANSDUCTION%GOBP%GO:0046578	REGULATION OF RAS PROTEIN SIGNAL TRANSDUCTION%GOBP%GO:0046578		41	0.23355985	0.680973	0.93368703	1.0	1.0	3087	tags=12%, list=13%, signal=14%	
LEUKOTRIENE METABOLIC PROCESS%GOBP%GO:0006691	LEUKOTRIENE METABOLIC PROCESS%GOBP%GO:0006691		29	0.24542262	0.6809601	0.9147803	1.0	1.0	4903	tags=24%, list=20%, signal=30%	
REGULATION OF CARDIAC MUSCLE HYPERTROPHY%GOBP%GO:0010611	REGULATION OF CARDIAC MUSCLE HYPERTROPHY%GOBP%GO:0010611		36	0.23702104	0.6803104	0.936228	1.0	1.0	2021	tags=8%, list=8%, signal=9%	
RNA POLYMERASE III TRANSCRIPTION%REACTOME%R-HSA-74158.4	RNA POLYMERASE III TRANSCRIPTION%REACTOME%R-HSA-74158.4		41	0.23389861	0.6799166	0.9448819	1.0	1.0	3849	tags=17%, list=16%, signal=20%	
MRNA 3'-END PROCESSING%REACTOME DATABASE ID RELEASE 95%72187	MRNA 3'-END PROCESSING%REACTOME DATABASE ID RELEASE 95%72187		151	0.19541594	0.67884344	0.98988765	1.0	1.0	6242	tags=23%, list=25%, signal=31%	
ESTABLISHMENT OF RNA LOCALIZATION%GOBP%GO:0051236	ESTABLISHMENT OF RNA LOCALIZATION%GOBP%GO:0051236		109	0.20114376	0.67866653	0.9872093	1.0	1.0	4154	tags=16%, list=17%, signal=19%	
PYRUVATE METABOLISM%REACTOME%R-HSA-70268.10	PYRUVATE METABOLISM%REACTOME%R-HSA-70268.10		45	0.2275027	0.6779619	0.94626474	1.0	1.0	7209	tags=33%, list=29%, signal=47%	
NEGATIVE REGULATION OF PRODUCTION OF MOLECULAR MEDIATOR OF IMMUNE RESPONSE%GOBP%GO:0002701	NEGATIVE REGULATION OF PRODUCTION OF MOLECULAR MEDIATOR OF IMMUNE RESPONSE%GOBP%GO:0002701		28	0.24691345	0.67757434	0.9286694	1.0	1.0	3517	tags=18%, list=14%, signal=21%	
INSULIN SIGNALING%WIKIPATHWAYS_20260211%WP481%HOMO SAPIENS	INSULIN SIGNALING%WIKIPATHWAYS_20260211%WP481%HOMO SAPIENS		130	0.19514737	0.6770096	0.9863326	1.0	1.0	7224	tags=27%, list=29%, signal=38%	
NEGATIVE REGULATION OF DNA METABOLIC PROCESS%GOBP%GO:0051053	NEGATIVE REGULATION OF DNA METABOLIC PROCESS%GOBP%GO:0051053		121	0.19830768	0.67655903	0.9876543	1.0	1.0	6090	tags=20%, list=25%, signal=26%	
MYOBLAST FUSION%GOBP%GO:0007520	MYOBLAST FUSION%GOBP%GO:0007520		19	0.2680654	0.67643255	0.9078014	1.0	1.0	1886	tags=11%, list=8%, signal=11%	
BIOCARTA_BIOPEPTIDES_PATHWAY%MSIGDB_C2%BIOCARTA_BIOPEPTIDES_PATHWAY	BIOCARTA_BIOPEPTIDES_PATHWAY%MSIGDB_C2%BIOCARTA_BIOPEPTIDES_PATHWAY		24	0.25852808	0.67619735	0.9108911	1.0	1.0	7567	tags=33%, list=31%, signal=48%	
CA-DEPENDENT EVENTS%REACTOME DATABASE ID RELEASE 95%111996	CA-DEPENDENT EVENTS%REACTOME DATABASE ID RELEASE 95%111996		36	0.240316	0.6759664	0.92428195	1.0	1.0	4981	tags=22%, list=20%, signal=28%	
PID_PS1_PATHWAY%MSIGDB_C2%PID_PS1_PATHWAY	PID_PS1_PATHWAY%MSIGDB_C2%PID_PS1_PATHWAY		38	0.2308544	0.6755943	0.92663044	1.0	1.0	6517	tags=34%, list=27%, signal=47%	
REGULATION OF VASCULOGENESIS%GOBP%GO:2001212	REGULATION OF VASCULOGENESIS%GOBP%GO:2001212		16	0.2782165	0.6754295	0.887798	1.0	1.0	3319	tags=19%, list=14%, signal=22%	
INHIBITION OF DNA RECOMBINATION AT TELOMERE%REACTOME DATABASE ID RELEASE 95%9670095	INHIBITION OF DNA RECOMBINATION AT TELOMERE%REACTOME DATABASE ID RELEASE 95%9670095		46	0.22474083	0.67524105	0.94736844	1.0	1.0	3512	tags=13%, list=14%, signal=15%	
IL2-MEDIATED SIGNALING EVENTS%PATHWAY INTERACTION DATABASE NCI-NATURE CURATED DATA%IL2-MEDIATED SIGNALING EVENTS	IL2-MEDIATED SIGNALING EVENTS%PATHWAY INTERACTION DATABASE NCI-NATURE CURATED DATA%IL2-MEDIATED SIGNALING EVENTS		54	0.22219168	0.67519253	0.95090437	1.0	1.0	3354	tags=17%, list=14%, signal=19%	
REGULATION OF DENDRITIC SPINE MORPHOGENESIS%GOBP%GO:0061001	REGULATION OF DENDRITIC SPINE MORPHOGENESIS%GOBP%GO:0061001		34	0.23827547	0.6746843	0.95244384	1.0	1.0	6888	tags=29%, list=28%, signal=41%	
REGULATION OF PLASMINOGEN ACTIVATION%GOBP%GO:0010755	REGULATION OF PLASMINOGEN ACTIVATION%GOBP%GO:0010755		17	0.27303475	0.6738262	0.87731814	1.0	1.0	9480	tags=47%, list=39%, signal=77%	
TNFR2 NON-CANONICAL NF-KB PATHWAY%REACTOME DATABASE ID RELEASE 95%5668541	TNFR2 NON-CANONICAL NF-KB PATHWAY%REACTOME DATABASE ID RELEASE 95%5668541		86	0.2059618	0.67342067	0.9784431	1.0	1.0	7198	tags=31%, list=29%, signal=44%	
BICELLULAR TIGHT JUNCTION ASSEMBLY%GOBP%GO:0070830	BICELLULAR TIGHT JUNCTION ASSEMBLY%GOBP%GO:0070830		29	0.24398507	0.6733899	0.9068493	1.0	1.0	8826	tags=48%, list=36%, signal=75%	
ENDOSOME ORGANIZATION%GOBP%GO:0007032	ENDOSOME ORGANIZATION%GOBP%GO:0007032		86	0.20452446	0.67272645	0.979786	1.0	1.0	5824	tags=22%, list=24%, signal=29%	
POSITIVE REGULATION OF CD4-POSITIVE, ALPHA-BETA T CELL ACTIVATION%GOBP%GO:2000516	POSITIVE REGULATION OF CD4-POSITIVE, ALPHA-BETA T CELL ACTIVATION%GOBP%GO:2000516		35	0.2390524	0.6722714	0.95066667	1.0	1.0	5254	tags=23%, list=21%, signal=29%	
VIRAL BUDDING%GOBP%GO:0046755	VIRAL BUDDING%GOBP%GO:0046755		24	0.25287762	0.6717703	0.9229672	1.0	1.0	9182	tags=50%, list=37%, signal=80%	
REGULATION OF LEUKOCYTE APOPTOTIC PROCESS%GOBP%GO:2000106	REGULATION OF LEUKOCYTE APOPTOTIC PROCESS%GOBP%GO:2000106		54	0.21820444	0.67135817	0.9563543	1.0	1.0	8832	tags=48%, list=36%, signal=75%	
CARBOHYDRATE BIOSYNTHETIC PROCESS%GOBP%GO:0016051	CARBOHYDRATE BIOSYNTHETIC PROCESS%GOBP%GO:0016051		78	0.20725262	0.67070585	0.97727275	1.0	1.0	7953	tags=32%, list=32%, signal=47%	
POSITIVE REGULATION OF CARDIAC MUSCLE HYPERTROPHY%GOBP%GO:0010613	POSITIVE REGULATION OF CARDIAC MUSCLE HYPERTROPHY%GOBP%GO:0010613		22	0.26005495	0.6705741	0.9131054	1.0	1.0	2021	tags=9%, list=8%, signal=10%	
DISORDERS OF TRANSMEMBRANE TRANSPORTERS%REACTOME DATABASE ID RELEASE 95%5619115	DISORDERS OF TRANSMEMBRANE TRANSPORTERS%REACTOME DATABASE ID RELEASE 95%5619115		159	0.19121982	0.67033875	0.99234974	1.0	1.0	8452	tags=38%, list=35%, signal=58%	
REGULATION OF DENDRITE MORPHOGENESIS%GOBP%GO:0048814	REGULATION OF DENDRITE MORPHOGENESIS%GOBP%GO:0048814		39	0.23214324	0.67033374	0.9340369	1.0	1.0	8252	tags=38%, list=34%, signal=58%	
PID_CDC42_PATHWAY%MSIGDB_C2%PID_CDC42_PATHWAY	PID_CDC42_PATHWAY%MSIGDB_C2%PID_CDC42_PATHWAY		58	0.21737306	0.6702991	0.95786864	1.0	1.0	6707	tags=28%, list=27%, signal=38%	
RAP1 SIGNALLING%REACTOME DATABASE ID RELEASE 95%392517	RAP1 SIGNALLING%REACTOME DATABASE ID RELEASE 95%392517		15	0.2821038	0.67020273	0.887798	1.0	1.0	8938	tags=53%, list=36%, signal=84%	
FRS-MEDIATED FGFR1 SIGNALING%REACTOME%R-HSA-5654693.5	FRS-MEDIATED FGFR1 SIGNALING%REACTOME%R-HSA-5654693.5		16	0.27688566	0.6701869	0.89721	1.0	1.0	6754	tags=38%, list=28%, signal=52%	
PID_KIT_PATHWAY%MSIGDB_C2%PID_KIT_PATHWAY	PID_KIT_PATHWAY%MSIGDB_C2%PID_KIT_PATHWAY		45	0.22615765	0.6699996	0.9573092	1.0	1.0	6517	tags=27%, list=27%, signal=36%	
CARDIAC EPITHELIAL TO MESENCHYMAL TRANSITION%GOBP%GO:0060317	CARDIAC EPITHELIAL TO MESENCHYMAL TRANSITION%GOBP%GO:0060317		19	0.26697987	0.66994256	0.9162011	1.0	1.0	6097	tags=26%, list=25%, signal=35%	
ENDOPLASMIC RETICULUM ORGANIZATION%GOBP%GO:0007029	ENDOPLASMIC RETICULUM ORGANIZATION%GOBP%GO:0007029		84	0.20507137	0.6699113	0.98009366	1.0	1.0	5269	tags=19%, list=22%, signal=24%	
NEGATIVE REGULATION OF PROTEIN SERINE/THREONINE KINASE ACTIVITY%GOBP%GO:0071901	NEGATIVE REGULATION OF PROTEIN SERINE/THREONINE KINASE ACTIVITY%GOBP%GO:0071901		30	0.24003077	0.66921246	0.9475138	1.0	1.0	6526	tags=30%, list=27%, signal=41%	
GPVI-MEDIATED ACTIVATION CASCADE%REACTOME%R-HSA-114604.7	GPVI-MEDIATED ACTIVATION CASCADE%REACTOME%R-HSA-114604.7		33	0.23353642	0.6689904	0.9465241	1.0	1.0	5491	tags=27%, list=22%, signal=35%	
MULTIVESICULAR BODY ASSEMBLY%GOBP%GO:0036258	MULTIVESICULAR BODY ASSEMBLY%GOBP%GO:0036258		31	0.24421012	0.6682549	0.92896175	1.0	1.0	7033	tags=32%, list=29%, signal=45%	
PYRIDINE NUCLEOTIDE CATABOLIC PROCESS%GOBP%GO:0019364	PYRIDINE NUCLEOTIDE CATABOLIC PROCESS%GOBP%GO:0019364		39	0.23052977	0.6680856	0.9356955	1.0	1.0	8789	tags=38%, list=36%, signal=60%	
HEPATICOBILIARY SYSTEM DEVELOPMENT%GOBP%GO:0061008	HEPATICOBILIARY SYSTEM DEVELOPMENT%GOBP%GO:0061008		39	0.22940992	0.6678093	0.93817204	1.0	1.0	5570	tags=26%, list=23%, signal=33%	
SEGMENTATION%GOBP%GO:0035282	SEGMENTATION%GOBP%GO:0035282		32	0.2420089	0.6674703	0.93603134	1.0	1.0	1752	tags=9%, list=7%, signal=10%	
PANCREATIC CANCER SUBTYPES%WIKIPATHWAYS_20260211%WP5390%HOMO SAPIENS	PANCREATIC CANCER SUBTYPES%WIKIPATHWAYS_20260211%WP5390%HOMO SAPIENS		39	0.23314439	0.6672969	0.9499358	1.0	1.0	8723	tags=44%, list=36%, signal=68%	
CELLULAR RESPONSE TO REACTIVE OXYGEN SPECIES%GOBP%GO:0034614	CELLULAR RESPONSE TO REACTIVE OXYGEN SPECIES%GOBP%GO:0034614		85	0.20546068	0.66700935	0.9759904	1.0	1.0	6515	tags=27%, list=27%, signal=37%	
1D-<I>MYO< I>-INOSITOL HEXAKISPHOSPHATE BIOSYNTHESIS II (MAMMALIAN)%BIOCYC%PWY-6362	1D-<I>MYO< I>-INOSITOL HEXAKISPHOSPHATE BIOSYNTHESIS II (MAMMALIAN)%BIOCYC%PWY-6362		15	0.28090313	0.6668246	0.9015151	1.0	1.0	2487	tags=13%, list=10%, signal=15%	
GROWTH HORMONE SIGNALING PATHWAY%PATHWHIZ%PW064811	GROWTH HORMONE SIGNALING PATHWAY%PATHWHIZ%PW064811		22	0.25940993	0.66631603	0.9226361	1.0	1.0	3354	tags=18%, list=14%, signal=21%	
NEGATIVE REGULATION OF FGFR1 SIGNALING%REACTOME DATABASE ID RELEASE 95%5654726	NEGATIVE REGULATION OF FGFR1 SIGNALING%REACTOME DATABASE ID RELEASE 95%5654726		26	0.24629506	0.66625386	0.92406875	1.0	1.0	7198	tags=42%, list=29%, signal=60%	
EPITHELIAL CELL DEVELOPMENT%GOBP%GO:0002064	EPITHELIAL CELL DEVELOPMENT%GOBP%GO:0002064		82	0.20506398	0.6661229	0.9693034	1.0	1.0	6926	tags=23%, list=28%, signal=32%	
REGULATION OF ADIPOSE TISSUE DEVELOPMENT%GOBP%GO:1904177	REGULATION OF ADIPOSE TISSUE DEVELOPMENT%GOBP%GO:1904177		22	0.25928575	0.6659478	0.91678035	1.0	1.0	3420	tags=14%, list=14%, signal=16%	
GLUCAGON SIGNALING IN METABOLIC REGULATION%REACTOME%R-HSA-163359.8	GLUCAGON SIGNALING IN METABOLIC REGULATION%REACTOME%R-HSA-163359.8		33	0.23794201	0.66584605	0.932341	1.0	1.0	10366	tags=52%, list=42%, signal=89%	
DNA DAMAGE RESPONSE ONLY ATM DEPENDENT %WIKIPATHWAYS_20260211%WP710%HOMO SAPIENS	DNA DAMAGE RESPONSE ONLY ATM DEPENDENT %WIKIPATHWAYS_20260211%WP710%HOMO SAPIENS		87	0.20370153	0.6657687	0.97705317	1.0	1.0	6377	tags=26%, list=26%, signal=36%	
REGULATION OF CHOLESTEROL EFFLUX%GOBP%GO:0010874	REGULATION OF CHOLESTEROL EFFLUX%GOBP%GO:0010874		33	0.24077038	0.66571724	0.941337	1.0	1.0	3215	tags=12%, list=13%, signal=14%	
RHYTHMIC PROCESS%GOBP%GO:0048511	RHYTHMIC PROCESS%GOBP%GO:0048511		119	0.19567874	0.66565025	0.9898649	1.0	1.0	3874	tags=13%, list=16%, signal=16%	
EXIT FROM HOST CELL%GOBP%GO:0035891	EXIT FROM HOST CELL%GOBP%GO:0035891		27	0.24526265	0.6653993	0.92183286	1.0	1.0	7033	tags=30%, list=29%, signal=42%	
REGULATION OF MUSCLE HYPERTROPHY%GOBP%GO:0014743	REGULATION OF MUSCLE HYPERTROPHY%GOBP%GO:0014743		37	0.22683266	0.665353	0.9587766	1.0	1.0	2021	tags=8%, list=8%, signal=9%	
INFLAMMATORY BOWEL DISEASE SIGNALING%WIKIPATHWAYS_20260211%WP5198%HOMO SAPIENS	INFLAMMATORY BOWEL DISEASE SIGNALING%WIKIPATHWAYS_20260211%WP5198%HOMO SAPIENS		37	0.23018157	0.66499853	0.9409449	1.0	1.0	7997	tags=41%, list=33%, signal=60%	
BIOCARTA_TPO_PATHWAY%MSIGDB_C2%BIOCARTA_TPO_PATHWAY	BIOCARTA_TPO_PATHWAY%MSIGDB_C2%BIOCARTA_TPO_PATHWAY		20	0.25704625	0.6646756	0.91486293	1.0	1.0	6517	tags=30%, list=27%, signal=41%	
ANTEROGRADE AXONAL TRANSPORT%GOBP%GO:0008089	ANTEROGRADE AXONAL TRANSPORT%GOBP%GO:0008089		38	0.233122	0.6646749	0.9440746	1.0	1.0	5048	tags=21%, list=21%, signal=26%	
POSITIVE REGULATION OF VASCULATURE DEVELOPMENT%GOBP%GO:1904018	POSITIVE REGULATION OF VASCULATURE DEVELOPMENT%GOBP%GO:1904018		126	0.1954979	0.6645817	0.987682	1.0	1.0	7330	tags=31%, list=30%, signal=44%	
REGULATION OF NEUROBLAST PROLIFERATION%GOBP%GO:1902692	REGULATION OF NEUROBLAST PROLIFERATION%GOBP%GO:1902692		16	0.2750325	0.66411644	0.9108911	1.0	1.0	4384	tags=19%, list=18%, signal=23%	
POSITIVE REGULATION OF MRNA PROCESSING%GOBP%GO:0050685	POSITIVE REGULATION OF MRNA PROCESSING%GOBP%GO:0050685		17	0.27353314	0.6637589	0.90606934	1.0	1.0	5463	tags=24%, list=22%, signal=30%	
RENAL TUBULE DEVELOPMENT%GOBP%GO:0061326	RENAL TUBULE DEVELOPMENT%GOBP%GO:0061326		38	0.23356682	0.6636563	0.95400786	1.0	1.0	6257	tags=26%, list=26%, signal=35%	
REGULATION OF VASCULAR ENDOTHELIAL GROWTH FACTOR PRODUCTION%GOBP%GO:0010574	REGULATION OF VASCULAR ENDOTHELIAL GROWTH FACTOR PRODUCTION%GOBP%GO:0010574		29	0.24098037	0.6636134	0.9379408	1.0	1.0	7577	tags=31%, list=31%, signal=45%	
REGULATION OF SIGNALING RECEPTOR ACTIVITY%GOBP%GO:0010469	REGULATION OF SIGNALING RECEPTOR ACTIVITY%GOBP%GO:0010469		39	0.23267604	0.66349745	0.9564069	1.0	1.0	3637	tags=15%, list=15%, signal=18%	
REGULATION OF ACTOMYOSIN STRUCTURE ORGANIZATION%GOBP%GO:0110020	REGULATION OF ACTOMYOSIN STRUCTURE ORGANIZATION%GOBP%GO:0110020		79	0.20651588	0.6631446	0.97228914	1.0	1.0	7792	tags=32%, list=32%, signal=46%	
NEGATIVE REGULATION OF TRANSFORMING GROWTH FACTOR BETA RECEPTOR SIGNALING PATHWAY%GOBP%GO:0030512	NEGATIVE REGULATION OF TRANSFORMING GROWTH FACTOR BETA RECEPTOR SIGNALING PATHWAY%GOBP%GO:0030512		81	0.20385636	0.663027	0.9783394	1.0	1.0	4098	tags=17%, list=17%, signal=21%	
CAMKK2 PATHWAY%WIKIPATHWAYS_20260211%WP4874%HOMO SAPIENS	CAMKK2 PATHWAY%WIKIPATHWAYS_20260211%WP4874%HOMO SAPIENS		88	0.20262198	0.66289175	0.98141694	1.0	1.0	8709	tags=34%, list=36%, signal=53%	
FORMATION OF INCISION COMPLEX IN GG-NER%REACTOME%R-HSA-5696395.2	FORMATION OF INCISION COMPLEX IN GG-NER%REACTOME%R-HSA-5696395.2		42	0.22868069	0.66265535	0.9417853	1.0	1.0	2839	tags=12%, list=12%, signal=13%	
NUCLEOTIDE-LIKE (PURINERGIC) RECEPTORS%REACTOME%R-HSA-418038.3	NUCLEOTIDE-LIKE (PURINERGIC) RECEPTORS%REACTOME%R-HSA-418038.3		16	0.2770527	0.6624238	0.907781	1.0	1.0	3757	tags=25%, list=15%, signal=30%	
REGULATION OF NUCLEOCYTOPLASMIC TRANSPORT%GOBP%GO:0046822	REGULATION OF NUCLEOCYTOPLASMIC TRANSPORT%GOBP%GO:0046822		81	0.20517728	0.6623674	0.98443115	1.0	1.0	7082	tags=30%, list=29%, signal=42%	
SPLICEOSOMAL CONFORMATIONAL CHANGES TO GENERATE CATALYTIC CONFORMATION%GOBP%GO:0000393	SPLICEOSOMAL CONFORMATIONAL CHANGES TO GENERATE CATALYTIC CONFORMATION%GOBP%GO:0000393		38	0.22965185	0.662312	0.9495352	1.0	1.0	6019	tags=18%, list=25%, signal=24%	
ARGININE AND PROLINE METABOLISM%SMPDB%SMP0000020	ARGININE AND PROLINE METABOLISM%SMPDB%SMP0000020		20	0.25771362	0.6620794	0.92	1.0	1.0	6005	tags=35%, list=25%, signal=46%	
THYMIC T CELL SELECTION%GOBP%GO:0045061	THYMIC T CELL SELECTION%GOBP%GO:0045061		23	0.25188363	0.662	0.9234899	1.0	1.0	5365	tags=22%, list=22%, signal=28%	
P73 TRANSCRIPTION FACTOR NETWORK%PATHWAY INTERACTION DATABASE NCI-NATURE CURATED DATA%P73 TRANSCRIPTION FACTOR NETWORK	P73 TRANSCRIPTION FACTOR NETWORK%PATHWAY INTERACTION DATABASE NCI-NATURE CURATED DATA%P73 TRANSCRIPTION FACTOR NETWORK		79	0.20500088	0.66144806	0.98294765	1.0	1.0	6450	tags=25%, list=26%, signal=34%	
RNA POLYMERASE III TRANSCRIPTION INITIATION FROM TYPE 3 PROMOTER%REACTOME%R-HSA-76071.4	RNA POLYMERASE III TRANSCRIPTION INITIATION FROM TYPE 3 PROMOTER%REACTOME%R-HSA-76071.4		28	0.24732341	0.6613467	0.9312242	1.0	1.0	3849	tags=18%, list=16%, signal=21%	
HYPERPROLINEMIA TYPE I%SMPDB%SMP0000361	HYPERPROLINEMIA TYPE I%SMPDB%SMP0000361		20	0.25771362	0.6610293	0.9309859	1.0	1.0	6005	tags=35%, list=25%, signal=46%	
CYCLIN A B1 B2 ASSOCIATED EVENTS DURING G2 M TRANSITION%REACTOME%R-HSA-69273.10	CYCLIN A B1 B2 ASSOCIATED EVENTS DURING G2 M TRANSITION%REACTOME%R-HSA-69273.10		32	0.23619533	0.6608962	0.93669254	1.0	1.0	7327	tags=31%, list=30%, signal=45%	
POSITIVE REGULATION OF BEHAVIOR%GOBP%GO:0048520	POSITIVE REGULATION OF BEHAVIOR%GOBP%GO:0048520		17	0.26980692	0.66065866	0.9227405	1.0	1.0	1976	tags=12%, list=8%, signal=13%	
NEUROTRANSMITTER UPTAKE%GOBP%GO:0001504	NEUROTRANSMITTER UPTAKE%GOBP%GO:0001504		24	0.24830595	0.6605339	0.92963463	1.0	1.0	6760	tags=29%, list=28%, signal=40%	
INSULIN-MEDIATED GLUCOSE TRANSPORT%PATHWAY INTERACTION DATABASE NCI-NATURE CURATED DATA%INSULIN-MEDIATED GLUCOSE TRANSPORT	INSULIN-MEDIATED GLUCOSE TRANSPORT%PATHWAY INTERACTION DATABASE NCI-NATURE CURATED DATA%INSULIN-MEDIATED GLUCOSE TRANSPORT		27	0.24409735	0.65980536	0.92987376	1.0	1.0	7122	tags=37%, list=29%, signal=52%	
8P23 1 COPY NUMBER VARIATION SYNDROME%WIKIPATHWAYS_20260211%WP5346%HOMO SAPIENS	8P23 1 COPY NUMBER VARIATION SYNDROME%WIKIPATHWAYS_20260211%WP5346%HOMO SAPIENS		49	0.21933827	0.6594017	0.9548872	1.0	1.0	8007	tags=33%, list=33%, signal=48%	
FOLIC ACID-CONTAINING COMPOUND METABOLIC PROCESS%GOBP%GO:0006760	FOLIC ACID-CONTAINING COMPOUND METABOLIC PROCESS%GOBP%GO:0006760		23	0.25559953	0.65932363	0.9159544	1.0	1.0	5003	tags=26%, list=20%, signal=33%	
MITOCHONDRIAL TRANSLATION%REACTOME%R-HSA-5368287.5	MITOCHONDRIAL TRANSLATION%REACTOME%R-HSA-5368287.5		100	0.1973145	0.65912116	0.98479533	1.0	1.0	6441	tags=26%, list=26%, signal=35%	
DEOXYRIBONUCLEOTIDE METABOLIC PROCESS%GOBP%GO:0009262	DEOXYRIBONUCLEOTIDE METABOLIC PROCESS%GOBP%GO:0009262		35	0.2356592	0.659053	0.94941634	1.0	1.0	8285	tags=40%, list=34%, signal=60%	
TOLL-LIKE RECEPTOR CASCADES%REACTOME%R-HSA-168898.11	TOLL-LIKE RECEPTOR CASCADES%REACTOME%R-HSA-168898.11		164	0.18907356	0.659039	0.99782133	1.0	1.0	5027	tags=21%, list=21%, signal=27%	
RESPONSE TO REACTIVE OXYGEN SPECIES%GOBP%GO:0000302	RESPONSE TO REACTIVE OXYGEN SPECIES%GOBP%GO:0000302		102	0.19579801	0.6581325	0.9893491	1.0	1.0	6515	tags=25%, list=27%, signal=35%	
NEGATIVE REGULATION OF PROTEIN PHOSPHORYLATION%GOBP%GO:0001933	NEGATIVE REGULATION OF PROTEIN PHOSPHORYLATION%GOBP%GO:0001933		105	0.19678365	0.6579994	0.9929578	1.0	1.0	6740	tags=26%, list=28%, signal=35%	
POSITIVE REGULATION OF POSITIVE CHEMOTAXIS%GOBP%GO:0050927	POSITIVE REGULATION OF POSITIVE CHEMOTAXIS%GOBP%GO:0050927		16	0.2784652	0.6579546	0.9196557	1.0	1.0	7755	tags=25%, list=32%, signal=37%	
GABA SYNTHESIS, RELEASE, REUPTAKE AND DEGRADATION%REACTOME%R-HSA-888590.3	GABA SYNTHESIS, RELEASE, REUPTAKE AND DEGRADATION%REACTOME%R-HSA-888590.3		18	0.2622344	0.65791464	0.92109036	1.0	1.0	1638	tags=11%, list=7%, signal=12%	
DEADENYLATION-DEPENDENT DECAPPING OF NUCLEAR-TRANSCRIBED MRNA%GOBP%GO:0000290	DEADENYLATION-DEPENDENT DECAPPING OF NUCLEAR-TRANSCRIBED MRNA%GOBP%GO:0000290		18	0.2686024	0.65790546	0.9127907	1.0	1.0	6109	tags=28%, list=25%, signal=37%	
VIRAL RELEASE FROM HOST CELL%GOBP%GO:0019076	VIRAL RELEASE FROM HOST CELL%GOBP%GO:0019076		27	0.24526265	0.65749204	0.94598156	1.0	1.0	7033	tags=30%, list=29%, signal=42%	
DOWNSTREAM SIGNALING OF ACTIVATED FGFR2%REACTOME%R-HSA-5654696.3	DOWNSTREAM SIGNALING OF ACTIVATED FGFR2%REACTOME%R-HSA-5654696.3		23	0.24895376	0.6572253	0.9175978	1.0	1.0	6754	tags=30%, list=28%, signal=42%	
S PHASE%REACTOME%R-HSA-69242.5	S PHASE%REACTOME%R-HSA-69242.5		150	0.1893407	0.65688455	0.99227375	1.0	1.0	7198	tags=28%, list=29%, signal=39%	
HYPERORNITHINEMIA WITH GYRATE ATROPHY (HOGA)%PATHWHIZ%PW000481	HYPERORNITHINEMIA WITH GYRATE ATROPHY (HOGA)%PATHWHIZ%PW000481		20	0.25771362	0.6568327	0.9245014	1.0	1.0	6005	tags=35%, list=25%, signal=46%	
CREATINE DEFICIENCY, GUANIDINOACETATE METHYLTRANSFERASE DEFICIENCY%PATHWHIZ%PW000480	CREATINE DEFICIENCY, GUANIDINOACETATE METHYLTRANSFERASE DEFICIENCY%PATHWHIZ%PW000480		20	0.25771362	0.65680027	0.9055794	1.0	1.0	6005	tags=35%, list=25%, signal=46%	
ORNITHINE AMINOTRANSFERASE DEFICIENCY (OAT DEFICIENCY)%SMPDB%SMP0000363	ORNITHINE AMINOTRANSFERASE DEFICIENCY (OAT DEFICIENCY)%SMPDB%SMP0000363		20	0.25771362	0.65677845	0.9315643	1.0	1.0	6005	tags=35%, list=25%, signal=46%	
PRESENILIN ACTION IN NOTCH AND WNT SIGNALING%PATHWAY INTERACTION DATABASE NCI-NATURE CURATED DATA%PRESENILIN ACTION IN NOTCH AND WNT SIGNALING	PRESENILIN ACTION IN NOTCH AND WNT SIGNALING%PATHWAY INTERACTION DATABASE NCI-NATURE CURATED DATA%PRESENILIN ACTION IN NOTCH AND WNT SIGNALING		46	0.21971376	0.6564969	0.96153843	1.0	1.0	6517	tags=33%, list=27%, signal=44%	
PROTEIN LOCALIZATION TO NUCLEUS%GOBP%GO:0034504	PROTEIN LOCALIZATION TO NUCLEUS%GOBP%GO:0034504		147	0.18862055	0.6563824	0.9966254	1.0	1.0	6347	tags=23%, list=26%, signal=31%	
REGULATION OF CELL SHAPE%GOBP%GO:0008360	REGULATION OF CELL SHAPE%GOBP%GO:0008360		95	0.19856992	0.6562762	0.9895105	1.0	1.0	5346	tags=18%, list=22%, signal=23%	
INFLAMMASOMES%REACTOME%R-HSA-622312.3	INFLAMMASOMES%REACTOME%R-HSA-622312.3		21	0.2579894	0.6559748	0.9173669	1.0	1.0	7342	tags=33%, list=30%, signal=48%	
POSITIVE REGULATION OF CD4-POSITIVE, ALPHA-BETA T CELL DIFFERENTIATION%GOBP%GO:0043372	POSITIVE REGULATION OF CD4-POSITIVE, ALPHA-BETA T CELL DIFFERENTIATION%GOBP%GO:0043372		29	0.24134563	0.6553518	0.94466406	1.0	1.0	5254	tags=24%, list=21%, signal=31%	
PID_P38_ALPHA_BETA_PATHWAY%MSIGDB_C2%PID_P38_ALPHA_BETA_PATHWAY	PID_P38_ALPHA_BETA_PATHWAY%MSIGDB_C2%PID_P38_ALPHA_BETA_PATHWAY		22	0.25511003	0.65441525	0.9324138	1.0	1.0	2909	tags=14%, list=12%, signal=15%	
NRP1 TRIGGERED SIGNALING IN PANCREATIC CANCER %WIKIPATHWAYS_20260211%WP5144%HOMO SAPIENS	NRP1 TRIGGERED SIGNALING IN PANCREATIC CANCER %WIKIPATHWAYS_20260211%WP5144%HOMO SAPIENS		42	0.22131926	0.65422595	0.9637775	1.0	1.0	3955	tags=17%, list=16%, signal=20%	
RESPIRATORY SYSTEM DEVELOPMENT%GOBP%GO:0060541	RESPIRATORY SYSTEM DEVELOPMENT%GOBP%GO:0060541		59	0.21144652	0.65395516	0.97167486	1.0	1.0	8251	tags=27%, list=34%, signal=41%	
G PROTEIN-COUPLED ACETYLCHOLINE RECEPTOR SIGNALING PATHWAY%GOBP%GO:0007213	G PROTEIN-COUPLED ACETYLCHOLINE RECEPTOR SIGNALING PATHWAY%GOBP%GO:0007213		18	0.26037517	0.65389365	0.9285714	1.0	1.0	3951	tags=22%, list=16%, signal=26%	
MAINTENANCE OF PROTEIN LOCATION IN NUCLEUS%GOBP%GO:0051457	MAINTENANCE OF PROTEIN LOCATION IN NUCLEUS%GOBP%GO:0051457		20	0.2582626	0.65376025	0.93053544	1.0	1.0	6194	tags=30%, list=25%, signal=40%	
PROLINEMIA TYPE II%PATHWHIZ%PW000087	PROLINEMIA TYPE II%PATHWHIZ%PW000087		20	0.25771362	0.6533033	0.93380284	1.0	1.0	6005	tags=35%, list=25%, signal=46%	
ADP SIGNALLING THROUGH P2Y PURINOCEPTOR 12%REACTOME DATABASE ID RELEASE 95%392170	ADP SIGNALLING THROUGH P2Y PURINOCEPTOR 12%REACTOME DATABASE ID RELEASE 95%392170		22	0.25622973	0.6528031	0.9348128	1.0	1.0	4367	tags=23%, list=18%, signal=28%	
HYPERPROLINEMIA TYPE II%SMPDB%SMP0000360	HYPERPROLINEMIA TYPE II%SMPDB%SMP0000360		20	0.25771362	0.6525859	0.9305949	1.0	1.0	6005	tags=35%, list=25%, signal=46%	
GUANIDINOACETATE METHYLTRANSFERASE DEFICIENCY (GAMT DEFICIENCY)%SMPDB%SMP0000188	GUANIDINOACETATE METHYLTRANSFERASE DEFICIENCY (GAMT DEFICIENCY)%SMPDB%SMP0000188		20	0.25771362	0.65224177	0.91830987	1.0	1.0	6005	tags=35%, list=25%, signal=46%	
CELL CYCLE PHASE TRANSITION%GOBP%GO:0044770	CELL CYCLE PHASE TRANSITION%GOBP%GO:0044770		129	0.18995944	0.6521358	0.99775535	1.0	1.0	7765	tags=31%, list=32%, signal=45%	
NEGATIVE REGULATION OF FGFR4 SIGNALING%REACTOME%R-HSA-5654733.3	NEGATIVE REGULATION OF FGFR4 SIGNALING%REACTOME%R-HSA-5654733.3		27	0.24497232	0.65175	0.9385475	1.0	1.0	4193	tags=26%, list=17%, signal=31%	
BCR SIGNALING PATHWAY%PATHWHIZ%PW070885	BCR SIGNALING PATHWAY%PATHWHIZ%PW070885		34	0.22848926	0.65171486	0.9607843	1.0	1.0	7292	tags=32%, list=30%, signal=46%	
POSITIVE REGULATION OF POTASSIUM ION TRANSPORT%GOBP%GO:0043268	POSITIVE REGULATION OF POTASSIUM ION TRANSPORT%GOBP%GO:0043268		23	0.24965508	0.6512695	0.94075143	1.0	1.0	6459	tags=30%, list=26%, signal=41%	
SENSORY PERCEPTION OF PAIN%GOBP%GO:0019233	SENSORY PERCEPTION OF PAIN%GOBP%GO:0019233		32	0.23446465	0.65114224	0.9479306	1.0	1.0	6781	tags=34%, list=28%, signal=47%	
NUCLEOTIDE-BINDING DOMAIN, LEUCINE RICH REPEAT CONTAINING RECEPTOR (NLR) SIGNALING PATHWAYS%REACTOME%R-HSA-168643.3	NUCLEOTIDE-BINDING DOMAIN, LEUCINE RICH REPEAT CONTAINING RECEPTOR (NLR) SIGNALING PATHWAYS%REACTOME%R-HSA-168643.3		52	0.21596906	0.65105146	0.971867	1.0	1.0	4634	tags=19%, list=19%, signal=24%	
FRS-MEDIATED FGFR4 SIGNALING%REACTOME%R-HSA-5654712.5	FRS-MEDIATED FGFR4 SIGNALING%REACTOME%R-HSA-5654712.5		18	0.26520067	0.6509585	0.9052478	1.0	1.0	5355	tags=28%, list=22%, signal=36%	
REGULATION OF CELL DIVISION%GOBP%GO:0051302	REGULATION OF CELL DIVISION%GOBP%GO:0051302		137	0.18835752	0.65084386	0.9966216	1.0	1.0	7344	tags=32%, list=30%, signal=46%	
HYPERORNITHINEMIA-HYPERAMMONEMIA-HOMOCITRULLINURIA [HHH-SYNDROME]%PATHWHIZ%PW000482	HYPERORNITHINEMIA-HYPERAMMONEMIA-HOMOCITRULLINURIA [HHH-SYNDROME]%PATHWHIZ%PW000482		20	0.25771362	0.6507971	0.9212828	1.0	1.0	6005	tags=35%, list=25%, signal=46%	
MULTIVESICULAR BODY ORGANIZATION%GOBP%GO:0036257	MULTIVESICULAR BODY ORGANIZATION%GOBP%GO:0036257		32	0.23421998	0.6501131	0.95628417	1.0	1.0	7033	tags=31%, list=29%, signal=44%	
METABOLISM OF STEROID HORMONES%REACTOME%R-HSA-196071.5	METABOLISM OF STEROID HORMONES%REACTOME%R-HSA-196071.5		36	0.22802018	0.6500961	0.95526314	1.0	1.0	5203	tags=22%, list=21%, signal=28%	
SPHINGOMYELIN METABOLIC PROCESS%GOBP%GO:0006684	SPHINGOMYELIN METABOLIC PROCESS%GOBP%GO:0006684		19	0.26286855	0.64971215	0.91714287	1.0	1.0	7522	tags=37%, list=31%, signal=53%	
SIGNALING BY CSF1 (M-CSF) IN MYELOID CELLS%REACTOME DATABASE ID RELEASE 95%9680350	SIGNALING BY CSF1 (M-CSF) IN MYELOID CELLS%REACTOME DATABASE ID RELEASE 95%9680350		30	0.23483565	0.64965814	0.9442231	1.0	1.0	7567	tags=37%, list=31%, signal=53%	
HALLMARK_DNA_REPAIR%MSIGDBHALLMARK%HALLMARK_DNA_REPAIR	HALLMARK_DNA_REPAIR%MSIGDBHALLMARK%HALLMARK_DNA_REPAIR		122	0.19112976	0.649645	0.99094	1.0	1.0	6848	tags=25%, list=28%, signal=35%	
NEOVASCULARIZATION PROCESSES%WIKIPATHWAYS_20260211%WP4331%HOMO SAPIENS	NEOVASCULARIZATION PROCESSES%WIKIPATHWAYS_20260211%WP4331%HOMO SAPIENS		29	0.23722827	0.64956087	0.9399727	1.0	1.0	7704	tags=45%, list=31%, signal=65%	
BUTYRATE RESPONSE FACTOR 1 (BRF1) BINDS AND DESTABILIZES MRNA%REACTOME DATABASE ID RELEASE 95%450385	BUTYRATE RESPONSE FACTOR 1 (BRF1) BINDS AND DESTABILIZES MRNA%REACTOME DATABASE ID RELEASE 95%450385		17	0.2616474	0.64848596	0.9300699	1.0	1.0	7387	tags=29%, list=30%, signal=42%	
NEGATIVE REGULATION OF TYPE I INTERFERON-MEDIATED SIGNALING PATHWAY%GOBP%GO:0060339	NEGATIVE REGULATION OF TYPE I INTERFERON-MEDIATED SIGNALING PATHWAY%GOBP%GO:0060339		19	0.26253062	0.6483714	0.92010653	1.0	1.0	9777	tags=47%, list=40%, signal=79%	
COOPERATION OF PDCL (PHLP1) AND TRIC CCT IN G-PROTEIN BETA FOLDING%REACTOME%R-HSA-6814122.3	COOPERATION OF PDCL (PHLP1) AND TRIC CCT IN G-PROTEIN BETA FOLDING%REACTOME%R-HSA-6814122.3		38	0.22326839	0.64805675	0.9529412	1.0	1.0	5198	tags=24%, list=21%, signal=30%	
REGULATION OF CELL MORPHOGENESIS%GOBP%GO:0022604	REGULATION OF CELL MORPHOGENESIS%GOBP%GO:0022604		163	0.18648879	0.647979	0.99558014	1.0	1.0	5415	tags=18%, list=22%, signal=23%	
4P16 3 COPY NUMBER VARIATION%WIKIPATHWAYS_20260211%WP5365%HOMO SAPIENS	4P16 3 COPY NUMBER VARIATION%WIKIPATHWAYS_20260211%WP5365%HOMO SAPIENS		26	0.23796056	0.64765024	0.9391069	1.0	1.0	4300	tags=23%, list=18%, signal=28%	
INSULIN IGF PATHWAY-PROTEIN KINASE B SIGNALING CASCADE%PANTHER PATHWAY%P00033	INSULIN IGF PATHWAY-PROTEIN KINASE B SIGNALING CASCADE%PANTHER PATHWAY%P00033		22	0.25029328	0.64723104	0.9480519	1.0	1.0	6967	tags=27%, list=28%, signal=38%	
ENDOGENOUS_CANNABINOID_SIGNALING%PANTHER PATHWAY%P05730	ENDOGENOUS_CANNABINOID_SIGNALING%PANTHER PATHWAY%P05730		23	0.24483344	0.6470411	0.9291667	1.0	1.0	4367	tags=22%, list=18%, signal=26%	
IL1 AND MEGAKARYOCYTES IN OBESITY%WIKIPATHWAYS_20260211%WP2865%HOMO SAPIENS	IL1 AND MEGAKARYOCYTES IN OBESITY%WIKIPATHWAYS_20260211%WP2865%HOMO SAPIENS		20	0.25638416	0.6466536	0.9283708	1.0	1.0	2633	tags=15%, list=11%, signal=17%	
7Q11 23 COPY NUMBER VARIATION SYNDROME%WIKIPATHWAYS_20260211%WP4932%HOMO SAPIENS	7Q11 23 COPY NUMBER VARIATION SYNDROME%WIKIPATHWAYS_20260211%WP4932%HOMO SAPIENS		91	0.1950289	0.64628184	0.9904762	1.0	1.0	9009	tags=37%, list=37%, signal=59%	
SODIUM ION EXPORT ACROSS PLASMA MEMBRANE%GOBP%GO:0036376	SODIUM ION EXPORT ACROSS PLASMA MEMBRANE%GOBP%GO:0036376		19	0.26333016	0.64595944	0.93213296	1.0	1.0	10104	tags=58%, list=41%, signal=98%	
NEGATIVE REGULATION OF REPRODUCTIVE PROCESS%GOBP%GO:2000242	NEGATIVE REGULATION OF REPRODUCTIVE PROCESS%GOBP%GO:2000242		40	0.2215313	0.6458423	0.9633987	1.0	1.0	3182	tags=13%, list=13%, signal=14%	
TNFS BIND THEIR PHYSIOLOGICAL RECEPTORS%REACTOME%R-HSA-5669034.4	TNFS BIND THEIR PHYSIOLOGICAL RECEPTORS%REACTOME%R-HSA-5669034.4		28	0.23908706	0.6454842	0.9408602	1.0	1.0	7090	tags=36%, list=29%, signal=50%	
WNT SIGNALING AND PLURIPOTENCY%WIKIPATHWAYS_20260211%WP399%HOMO SAPIENS	WNT SIGNALING AND PLURIPOTENCY%WIKIPATHWAYS_20260211%WP399%HOMO SAPIENS		86	0.19741435	0.64506334	0.99178404	1.0	1.0	6377	tags=26%, list=26%, signal=34%	
PROLIDASE DEFICIENCY (PD)%PATHWHIZ%PW000083	PROLIDASE DEFICIENCY (PD)%PATHWHIZ%PW000083		20	0.25771362	0.6448715	0.93168604	1.0	1.0	6005	tags=35%, list=25%, signal=46%	
CALCINEURIN-REGULATED NFAT-DEPENDENT TRANSCRIPTION IN LYMPHOCYTES%PATHWAY INTERACTION DATABASE NCI-NATURE CURATED DATA%CALCINEURIN-REGULATED NFAT-DEPENDENT TRANSCRIPTION IN LYMPHOCYTES	CALCINEURIN-REGULATED NFAT-DEPENDENT TRANSCRIPTION IN LYMPHOCYTES%PATHWAY INTERACTION DATABASE NCI-NATURE CURATED DATA%CALCINEURIN-REGULATED NFAT-DEPENDENT TRANSCRIPTION IN LYMPHOCYTES		47	0.2169455	0.6447916	0.97304237	1.0	1.0	3357	tags=15%, list=14%, signal=17%	
REGULATION OF EPITHELIAL CELL MIGRATION%GOBP%GO:0010632	REGULATION OF EPITHELIAL CELL MIGRATION%GOBP%GO:0010632		55	0.21138543	0.64465386	0.981685	1.0	1.0	3135	tags=13%, list=13%, signal=15%	
POSITIVE REGULATION OF FAT CELL DIFFERENTIATION%GOBP%GO:0045600	POSITIVE REGULATION OF FAT CELL DIFFERENTIATION%GOBP%GO:0045600		53	0.21149518	0.64424485	0.9759189	1.0	1.0	7433	tags=30%, list=30%, signal=43%	
HISTAMINE H2 RECEPTOR MEDIATED SIGNALING PATHWAY%PANTHER PATHWAY%P04386	HISTAMINE H2 RECEPTOR MEDIATED SIGNALING PATHWAY%PANTHER PATHWAY%P04386		24	0.24238496	0.6438167	0.9372442	1.0	1.0	8888	tags=42%, list=36%, signal=65%	
RHOG GTPASE CYCLE%REACTOME DATABASE ID RELEASE 95%9013408	RHOG GTPASE CYCLE%REACTOME DATABASE ID RELEASE 95%9013408		74	0.19826497	0.64362574	0.9880952	1.0	1.0	6816	tags=23%, list=28%, signal=32%	
ARGININE: GLYCINE AMIDINOTRANSFERASE DEFICIENCY (AGAT DEFICIENCY)%PATHWHIZ%PW000084	ARGININE: GLYCINE AMIDINOTRANSFERASE DEFICIENCY (AGAT DEFICIENCY)%PATHWHIZ%PW000084		20	0.25771362	0.6433849	0.94666666	1.0	1.0	6005	tags=35%, list=25%, signal=46%	
PROGRAMMED CELL DEATH%REACTOME DATABASE ID RELEASE 95%5357801	PROGRAMMED CELL DEATH%REACTOME DATABASE ID RELEASE 95%5357801		195	0.18074347	0.64319456	0.9978769	1.0	1.0	7055	tags=27%, list=29%, signal=38%	
CRANIAL NERVE MORPHOGENESIS%GOBP%GO:0021602	CRANIAL NERVE MORPHOGENESIS%GOBP%GO:0021602		16	0.2690445	0.64314264	0.9268657	1.0	1.0	2859	tags=13%, list=12%, signal=14%	
HIGH LAMINAR FLOW SHEAR STRESS ACTIVATES SIGNALING BY PIEZO1 AND PECAM1:CDH5:KDR IN ENDOTHELIAL CELLS%REACTOME DATABASE ID RELEASE 95%9856530	HIGH LAMINAR FLOW SHEAR STRESS ACTIVATES SIGNALING BY PIEZO1 AND PECAM1:CDH5:KDR IN ENDOTHELIAL CELLS%REACTOME DATABASE ID RELEASE 95%9856530		69	0.20452768	0.6428684	0.99008673	1.0	1.0	4981	tags=17%, list=20%, signal=22%	
RNA POLYMERASE II PRE-TRANSCRIPTION EVENTS%REACTOME%R-HSA-674695.5	RNA POLYMERASE II PRE-TRANSCRIPTION EVENTS%REACTOME%R-HSA-674695.5		82	0.1980201	0.64278024	0.98124266	1.0	1.0	3949	tags=15%, list=16%, signal=17%	
PID_NFAT_TFPATHWAY%MSIGDB_C2%PID_NFAT_TFPATHWAY	PID_NFAT_TFPATHWAY%MSIGDB_C2%PID_NFAT_TFPATHWAY		40	0.22012864	0.64261717	0.96164024	1.0	1.0	3357	tags=15%, list=14%, signal=17%	
MICROTUBULE CYTOSKELETON REGULATION%WIKIPATHWAYS_20260211%WP2038%HOMO SAPIENS	MICROTUBULE CYTOSKELETON REGULATION%WIKIPATHWAYS_20260211%WP2038%HOMO SAPIENS		33	0.22849181	0.642343	0.96153843	1.0	1.0	8231	tags=30%, list=34%, signal=46%	
TRANSCRIPTIONAL ACTIVITY OF SMAD2 SMAD3:SMAD4 HETEROTRIMER%REACTOME DATABASE ID RELEASE 95%2173793	TRANSCRIPTIONAL ACTIVITY OF SMAD2 SMAD3:SMAD4 HETEROTRIMER%REACTOME DATABASE ID RELEASE 95%2173793		50	0.21420802	0.6422399	0.9722222	1.0	1.0	7677	tags=32%, list=31%, signal=47%	
DOWNSTREAM SIGNALING OF ACTIVATED FGFR3%REACTOME DATABASE ID RELEASE 95%5654708	DOWNSTREAM SIGNALING OF ACTIVATED FGFR3%REACTOME DATABASE ID RELEASE 95%5654708		18	0.25949666	0.6417633	0.9411765	1.0	1.0	5355	tags=28%, list=22%, signal=36%	
NEGATIVE REGULATION OF LEUKOCYTE APOPTOTIC PROCESS%GOBP%GO:2000107	NEGATIVE REGULATION OF LEUKOCYTE APOPTOTIC PROCESS%GOBP%GO:2000107		28	0.23513149	0.64159226	0.94568247	1.0	1.0	8832	tags=54%, list=36%, signal=84%	
MERCAPTOPURINE METABOLISM PATHWAY%SMPDB%SMP0000609	MERCAPTOPURINE METABOLISM PATHWAY%SMPDB%SMP0000609		15	0.2718736	0.64142066	0.9400856	1.0	1.0	8440	tags=53%, list=34%, signal=81%	
PROTEIN HOMOOLIGOMERIZATION%GOBP%GO:0051260	PROTEIN HOMOOLIGOMERIZATION%GOBP%GO:0051260		140	0.18623205	0.64129317	0.9942857	1.0	1.0	8755	tags=37%, list=36%, signal=57%	
PLATELET MORPHOGENESIS%GOBP%GO:0036344	PLATELET MORPHOGENESIS%GOBP%GO:0036344		15	0.26952744	0.64081234	0.93732196	1.0	1.0	2366	tags=13%, list=10%, signal=15%	
EPO SIGNALING PATHWAY%PATHWAY INTERACTION DATABASE NCI-NATURE CURATED DATA%EPO SIGNALING PATHWAY	EPO SIGNALING PATHWAY%PATHWAY INTERACTION DATABASE NCI-NATURE CURATED DATA%EPO SIGNALING PATHWAY		33	0.22759481	0.6403506	0.94857913	1.0	1.0	8841	tags=39%, list=36%, signal=62%	
G2/M TRANSITION OF MITOTIC CELL CYCLE%GOBP%GO:0000086	G2/M TRANSITION OF MITOTIC CELL CYCLE%GOBP%GO:0000086		44	0.2166331	0.6402796	0.96525097	1.0	1.0	8045	tags=41%, list=33%, signal=61%	
INNER EAR MORPHOGENESIS%GOBP%GO:0042472	INNER EAR MORPHOGENESIS%GOBP%GO:0042472		40	0.2177645	0.6402612	0.96321523	1.0	1.0	8919	tags=38%, list=36%, signal=59%	
3Q29 COPY NUMBER VARIATION SYNDROME%WIKIPATHWAYS_20260211%WP4906%HOMO SAPIENS	3Q29 COPY NUMBER VARIATION SYNDROME%WIKIPATHWAYS_20260211%WP4906%HOMO SAPIENS		49	0.21314983	0.63950354	0.9823899	1.0	1.0	6443	tags=33%, list=26%, signal=44%	
NEGATIVE REGULATION OF PROTEIN CATABOLIC PROCESS%GOBP%GO:0042177	NEGATIVE REGULATION OF PROTEIN CATABOLIC PROCESS%GOBP%GO:0042177		113	0.18837658	0.6394997	0.9917744	1.0	1.0	5109	tags=19%, list=21%, signal=23%	
CELL CYCLE G2/M PHASE TRANSITION%GOBP%GO:0044839	CELL CYCLE G2/M PHASE TRANSITION%GOBP%GO:0044839		48	0.21309432	0.63896024	0.9666239	1.0	1.0	8045	tags=40%, list=33%, signal=59%	
CENTROSOME LOCALIZATION%GOBP%GO:0051642	CENTROSOME LOCALIZATION%GOBP%GO:0051642		20	0.25539544	0.6388119	0.9335219	1.0	1.0	7063	tags=40%, list=29%, signal=56%	
NEGATIVE REGULATION OF NATURAL KILLER CELL MEDIATED CYTOTOXICITY%GOBP%GO:0045953	NEGATIVE REGULATION OF NATURAL KILLER CELL MEDIATED CYTOTOXICITY%GOBP%GO:0045953		23	0.244356	0.6387766	0.9411765	1.0	1.0	9982	tags=39%, list=41%, signal=66%	
POSITIVE REGULATION OF MICROTUBULE POLYMERIZATION%GOBP%GO:0031116	POSITIVE REGULATION OF MICROTUBULE POLYMERIZATION%GOBP%GO:0031116		28	0.23754129	0.63873154	0.9444444	1.0	1.0	7281	tags=32%, list=30%, signal=46%	
WNT SIGNALING IN KIDNEY DISEASE%WIKIPATHWAYS_20260211%WP4150%HOMO SAPIENS	WNT SIGNALING IN KIDNEY DISEASE%WIKIPATHWAYS_20260211%WP4150%HOMO SAPIENS		31	0.23317592	0.6386384	0.96267694	1.0	1.0	6356	tags=29%, list=26%, signal=39%	
ANTERIOR/POSTERIOR AXIS SPECIFICATION, EMBRYO%GOBP%GO:0008595	ANTERIOR/POSTERIOR AXIS SPECIFICATION, EMBRYO%GOBP%GO:0008595		17	0.2563754	0.6381715	0.9330544	1.0	1.0	1752	tags=12%, list=7%, signal=13%	
KERATAN SULFATE DEGRADATION%REACTOME%R-HSA-2022857.7	KERATAN SULFATE DEGRADATION%REACTOME%R-HSA-2022857.7		15	0.2701796	0.6375575	0.9260313	1.0	1.0	5132	tags=27%, list=21%, signal=34%	
FOXO-MEDIATED TRANSCRIPTION OF CELL CYCLE GENES%REACTOME%R-HSA-9617828.2	FOXO-MEDIATED TRANSCRIPTION OF CELL CYCLE GENES%REACTOME%R-HSA-9617828.2		17	0.2596807	0.63725245	0.93274856	1.0	1.0	5712	tags=29%, list=23%, signal=38%	
RESPONSE TO MONOSACCHARIDE%GOBP%GO:0034284	RESPONSE TO MONOSACCHARIDE%GOBP%GO:0034284		63	0.20329364	0.63723963	0.98385096	1.0	1.0	8894	tags=37%, list=36%, signal=57%	
L-ARGININE:GLYCINE AMIDINOTRANSFERASE DEFICIENCY%PATHWHIZ%PW000483	L-ARGININE:GLYCINE AMIDINOTRANSFERASE DEFICIENCY%PATHWHIZ%PW000483		20	0.25771362	0.63715404	0.9527027	1.0	1.0	6005	tags=35%, list=25%, signal=46%	
PLATELET FORMATION%GOBP%GO:0030220	PLATELET FORMATION%GOBP%GO:0030220		15	0.26952744	0.6370458	0.9271917	1.0	1.0	2366	tags=13%, list=10%, signal=15%	
AURORA A SIGNALING%PATHWAY INTERACTION DATABASE NCI-NATURE CURATED DATA%AURORA A SIGNALING	AURORA A SIGNALING%PATHWAY INTERACTION DATABASE NCI-NATURE CURATED DATA%AURORA A SIGNALING		31	0.229879	0.6368825	0.95586205	1.0	1.0	7114	tags=26%, list=29%, signal=36%	
TH17 CELL DIFFERENTIATION PATHWAY%WIKIPATHWAYS_20260211%WP5130%HOMO SAPIENS	TH17 CELL DIFFERENTIATION PATHWAY%WIKIPATHWAYS_20260211%WP5130%HOMO SAPIENS		58	0.20497686	0.63613933	0.9833547	1.0	1.0	7741	tags=34%, list=32%, signal=50%	
MICROTUBULE ORGANIZING CENTER LOCALIZATION%GOBP%GO:0061842	MICROTUBULE ORGANIZING CENTER LOCALIZATION%GOBP%GO:0061842		20	0.25539544	0.6359934	0.94545454	1.0	1.0	7063	tags=40%, list=29%, signal=56%	
TELOMERE MAINTENANCE%REACTOME DATABASE ID RELEASE 95%157579	TELOMERE MAINTENANCE%REACTOME DATABASE ID RELEASE 95%157579		91	0.19268848	0.63593066	0.9929907	1.0	1.0	2622	tags=10%, list=11%, signal=11%	
SUPEROXIDE METABOLIC PROCESS%GOBP%GO:0006801	SUPEROXIDE METABOLIC PROCESS%GOBP%GO:0006801		36	0.22122212	0.6359128	0.9530831	1.0	1.0	2660	tags=14%, list=11%, signal=16%	
SYNTHESIS OF LEUKOTRIENES (LT) AND EOXINS (EX)%REACTOME DATABASE ID RELEASE 95%2142691	SYNTHESIS OF LEUKOTRIENES (LT) AND EOXINS (EX)%REACTOME DATABASE ID RELEASE 95%2142691		20	0.24662034	0.6353725	0.95107913	1.0	1.0	9208	tags=45%, list=38%, signal=72%	
EGFR DOWNREGULATION%REACTOME DATABASE ID RELEASE 95%182971	EGFR DOWNREGULATION%REACTOME DATABASE ID RELEASE 95%182971		30	0.23187219	0.63516504	0.9626168	1.0	1.0	10118	tags=50%, list=41%, signal=85%	
MESODERM DEVELOPMENT%GOBP%GO:0007498	MESODERM DEVELOPMENT%GOBP%GO:0007498		58	0.20535931	0.63462466	0.9761606	1.0	1.0	4264	tags=17%, list=17%, signal=21%	
RESPONSE TO HEXOSE%GOBP%GO:0009746	RESPONSE TO HEXOSE%GOBP%GO:0009746		63	0.20329364	0.6346079	0.9720457	1.0	1.0	8894	tags=37%, list=36%, signal=57%	
POSITIVE REGULATION OF TRIGLYCERIDE METABOLIC PROCESS%GOBP%GO:0090208	POSITIVE REGULATION OF TRIGLYCERIDE METABOLIC PROCESS%GOBP%GO:0090208		19	0.2543092	0.6344787	0.93465906	1.0	1.0	8580	tags=47%, list=35%, signal=73%	
ADP CATABOLIC PROCESS%GOBP%GO:0046032	ADP CATABOLIC PROCESS%GOBP%GO:0046032		36	0.21908863	0.6344106	0.9573092	1.0	1.0	8789	tags=39%, list=36%, signal=61%	
CORTOCOTROPIN RELEASING FACTOR RECEPTOR SIGNALING PATHWAY%PANTHER PATHWAY%P04380	CORTOCOTROPIN RELEASING FACTOR RECEPTOR SIGNALING PATHWAY%PANTHER PATHWAY%P04380		22	0.24679427	0.6343821	0.9396433	1.0	1.0	5198	tags=27%, list=21%, signal=35%	
BRANCHING INVOLVED IN URETERIC BUD MORPHOGENESIS%GOBP%GO:0001658	BRANCHING INVOLVED IN URETERIC BUD MORPHOGENESIS%GOBP%GO:0001658		19	0.25300363	0.63396066	0.9227468	1.0	1.0	6257	tags=32%, list=26%, signal=42%	
POSITIVE REGULATION OF MUSCLE HYPERTROPHY%GOBP%GO:0014742	POSITIVE REGULATION OF MUSCLE HYPERTROPHY%GOBP%GO:0014742		23	0.24137452	0.633793	0.96050775	1.0	1.0	2021	tags=9%, list=8%, signal=9%	
2-METHYL-3-HYDROXYBUTYRYL-COA DEHYDROGENASE DEFICIENCY%PATHWHIZ%PW000061	2-METHYL-3-HYDROXYBUTYRYL-COA DEHYDROGENASE DEFICIENCY%PATHWHIZ%PW000061		28	0.22911894	0.6336902	0.9485095	1.0	1.0	4735	tags=25%, list=19%, signal=31%	
P53 PATHWAY%PATHWAY INTERACTION DATABASE NCI-NATURE CURATED DATA%P53 PATHWAY	P53 PATHWAY%PATHWAY INTERACTION DATABASE NCI-NATURE CURATED DATA%P53 PATHWAY		59	0.20351689	0.6334697	0.9863354	1.0	1.0	9606	tags=37%, list=39%, signal=61%	
3-HYDROXYISOBUTYRIC ACIDURIA%PATHWHIZ%PW000498	3-HYDROXYISOBUTYRIC ACIDURIA%PATHWHIZ%PW000498		28	0.22911894	0.6332319	0.9437751	1.0	1.0	4735	tags=25%, list=19%, signal=31%	
TOLL LIKE RECEPTOR 3 (TLR3) CASCADE%REACTOME%R-HSA-168164.6	TOLL LIKE RECEPTOR 3 (TLR3) CASCADE%REACTOME%R-HSA-168164.6		102	0.18924445	0.63290554	0.98966706	1.0	1.0	6519	tags=27%, list=27%, signal=37%	
OLIGODENDROCYTE DEVELOPMENT%WIKIPATHWAYS_20260211%WP5574%HOMO SAPIENS	OLIGODENDROCYTE DEVELOPMENT%WIKIPATHWAYS_20260211%WP5574%HOMO SAPIENS		44	0.21433945	0.6327467	0.9726027	1.0	1.0	6467	tags=30%, list=26%, signal=40%	
OVARIAN TUMOR DOMAIN PROTEASES%REACTOME DATABASE ID RELEASE 95%5689896	OVARIAN TUMOR DOMAIN PROTEASES%REACTOME DATABASE ID RELEASE 95%5689896		39	0.22022702	0.63266224	0.9692924	1.0	1.0	5027	tags=21%, list=21%, signal=26%	
REGULATION OF DEPHOSPHORYLATION%GOBP%GO:0035303	REGULATION OF DEPHOSPHORYLATION%GOBP%GO:0035303		17	0.25965372	0.63257176	0.9283708	1.0	1.0	5406	tags=24%, list=22%, signal=30%	
GOLGI TO ENDOSOME TRANSPORT%GOBP%GO:0006895	GOLGI TO ENDOSOME TRANSPORT%GOBP%GO:0006895		18	0.25510606	0.63229823	0.94298244	1.0	1.0	866	tags=11%, list=4%, signal=12%	
LEUKOCYTE MEDIATED CYTOTOXICITY%GOBP%GO:0001909	LEUKOCYTE MEDIATED CYTOTOXICITY%GOBP%GO:0001909		50	0.20867404	0.63180995	0.9712794	1.0	1.0	3344	tags=12%, list=14%, signal=14%	
REGULATION OF NEURON PROJECTION ARBORIZATION%GOBP%GO:0150011	REGULATION OF NEURON PROJECTION ARBORIZATION%GOBP%GO:0150011		15	0.26653028	0.6317424	0.94356006	1.0	1.0	1802	tags=13%, list=7%, signal=14%	
BIOCARTA_FCER1_PATHWAY%MSIGDB_C2%BIOCARTA_FCER1_PATHWAY	BIOCARTA_FCER1_PATHWAY%MSIGDB_C2%BIOCARTA_FCER1_PATHWAY		31	0.22538783	0.63147885	0.9575033	1.0	1.0	3354	tags=16%, list=14%, signal=19%	
RNA POLYMERASE I TRANSCRIPTION TERMINATION%REACTOME DATABASE ID RELEASE 95%73863	RNA POLYMERASE I TRANSCRIPTION TERMINATION%REACTOME DATABASE ID RELEASE 95%73863		31	0.22804447	0.6314247	0.96031743	1.0	1.0	2362	tags=10%, list=10%, signal=11%	
NEGATIVE REGULATION OF G1/S TRANSITION OF MITOTIC CELL CYCLE%GOBP%GO:2000134	NEGATIVE REGULATION OF G1/S TRANSITION OF MITOTIC CELL CYCLE%GOBP%GO:2000134		46	0.21473715	0.63129985	0.9761606	1.0	1.0	5712	tags=24%, list=23%, signal=31%	
MULTICELLULAR ORGANISMAL-LEVEL WATER HOMEOSTASIS%GOBP%GO:0050891	MULTICELLULAR ORGANISMAL-LEVEL WATER HOMEOSTASIS%GOBP%GO:0050891		37	0.22110605	0.6312143	0.9643329	1.0	1.0	8728	tags=43%, list=36%, signal=67%	
NEGATIVE REGULATION OF MAP KINASE ACTIVITY%GOBP%GO:0043407	NEGATIVE REGULATION OF MAP KINASE ACTIVITY%GOBP%GO:0043407		19	0.25246853	0.6305922	0.9483776	1.0	1.0	6526	tags=37%, list=27%, signal=50%	
MICROTUBULE NUCLEATION%GOBP%GO:0007020	MICROTUBULE NUCLEATION%GOBP%GO:0007020		31	0.2295347	0.6304479	0.96032834	1.0	1.0	7486	tags=32%, list=31%, signal=46%	
NEGATIVE REGULATION OF NATURAL KILLER CELL MEDIATED IMMUNITY%GOBP%GO:0002716	NEGATIVE REGULATION OF NATURAL KILLER CELL MEDIATED IMMUNITY%GOBP%GO:0002716		23	0.244356	0.6301978	0.93048126	1.0	1.0	9982	tags=39%, list=41%, signal=66%	
MRNA POLYADENYLATION%REACTOME%R-HSA-9770562.1	MRNA POLYADENYLATION%REACTOME%R-HSA-9770562.1		126	0.184679	0.6298536	1.0	1.0	1.0	6242	tags=22%, list=25%, signal=30%	
SIGNALING EVENTS MEDIATED BY STEM CELL FACTOR RECEPTOR (C-KIT)%PATHWAY INTERACTION DATABASE NCI-NATURE CURATED DATA%SIGNALING EVENTS MEDIATED BY STEM CELL FACTOR RECEPTOR (C-KIT)	SIGNALING EVENTS MEDIATED BY STEM CELL FACTOR RECEPTOR (C-KIT)%PATHWAY INTERACTION DATABASE NCI-NATURE CURATED DATA%SIGNALING EVENTS MEDIATED BY STEM CELL FACTOR RECEPTOR (C-KIT)		52	0.20773886	0.62984174	0.9830287	1.0	1.0	6517	tags=25%, list=27%, signal=34%	
VALINE, LEUCINE, AND ISOLEUCINE DEGRADATION%PATHWHIZ%PW000051	VALINE, LEUCINE, AND ISOLEUCINE DEGRADATION%PATHWHIZ%PW000051		28	0.22911894	0.62981474	0.9658003	1.0	1.0	4735	tags=25%, list=19%, signal=31%	
CIRCADIAN RHYTHM%GOBP%GO:0007623	CIRCADIAN RHYTHM%GOBP%GO:0007623		98	0.19125283	0.6298134	0.99655175	1.0	1.0	3387	tags=11%, list=14%, signal=13%	
GANGLIOSIDE METABOLIC PROCESS%GOBP%GO:0001573	GANGLIOSIDE METABOLIC PROCESS%GOBP%GO:0001573		25	0.23863675	0.6298089	0.9384405	1.0	1.0	5922	tags=28%, list=24%, signal=37%	
FOCAL ADHESION ASSEMBLY%GOBP%GO:0048041	FOCAL ADHESION ASSEMBLY%GOBP%GO:0048041		24	0.23924224	0.6295284	0.9504814	1.0	1.0	441	tags=4%, list=2%, signal=4%	
ADP METABOLIC PROCESS%GOBP%GO:0046031	ADP METABOLIC PROCESS%GOBP%GO:0046031		39	0.21700254	0.6294877	0.95669293	1.0	1.0	8789	tags=38%, list=36%, signal=60%	
NON-INTEGRIN MEMBRANE-ECM INTERACTIONS%REACTOME%R-HSA-3000171.6	NON-INTEGRIN MEMBRANE-ECM INTERACTIONS%REACTOME%R-HSA-3000171.6		57	0.20501941	0.6292668	0.98265177	1.0	1.0	7538	tags=33%, list=31%, signal=48%	
DAG AND IP3 SIGNALING%REACTOME%R-HSA-1489509.4	DAG AND IP3 SIGNALING%REACTOME%R-HSA-1489509.4		40	0.2164809	0.62918544	0.9747793	1.0	1.0	5026	tags=20%, list=21%, signal=25%	
REGULATION OF AUTOPHAGOSOME ASSEMBLY%GOBP%GO:2000785	REGULATION OF AUTOPHAGOSOME ASSEMBLY%GOBP%GO:2000785		43	0.21141392	0.6289614	0.96456695	1.0	1.0	4347	tags=16%, list=18%, signal=20%	
RAF ACTIVATION%REACTOME%R-HSA-5673000.4	RAF ACTIVATION%REACTOME%R-HSA-5673000.4		33	0.22791712	0.62892216	0.9655647	1.0	1.0	6321	tags=27%, list=26%, signal=37%	
GLYCOLYTIC PROCESS%GOBP%GO:0006096	GLYCOLYTIC PROCESS%GOBP%GO:0006096		36	0.21908863	0.62888604	0.9624665	1.0	1.0	8789	tags=39%, list=36%, signal=61%	
ONCOSTATIN M SIGNALING%WIKIPATHWAYS_20260211%WP2374%HOMO SAPIENS	ONCOSTATIN M SIGNALING%WIKIPATHWAYS_20260211%WP2374%HOMO SAPIENS		50	0.20496984	0.62782234	0.99236643	1.0	1.0	3354	tags=14%, list=14%, signal=16%	
FEEDING BEHAVIOR%GOBP%GO:0007631	FEEDING BEHAVIOR%GOBP%GO:0007631		38	0.21912336	0.62744397	0.96753246	1.0	1.0	6708	tags=29%, list=27%, signal=40%	
POSITIVE REGULATION OF BROWN FAT CELL DIFFERENTIATION%GOBP%GO:0090336	POSITIVE REGULATION OF BROWN FAT CELL DIFFERENTIATION%GOBP%GO:0090336		16	0.26028126	0.6270235	0.93952805	1.0	1.0	5993	tags=38%, list=24%, signal=50%	
REGULATION OF RIG-I SIGNALING PATHWAY%GOBP%GO:0039535	REGULATION OF RIG-I SIGNALING PATHWAY%GOBP%GO:0039535		21	0.2444551	0.6267254	0.9475862	1.0	1.0	6700	tags=33%, list=27%, signal=46%	
PROPIONIC ACIDEMIA%PATHWHIZ%PW000062	PROPIONIC ACIDEMIA%PATHWHIZ%PW000062		28	0.22911894	0.6267004	0.9404255	1.0	1.0	4735	tags=25%, list=19%, signal=31%	
GABA B RECEPTOR ACTIVATION%REACTOME%R-HSA-977444.5	GABA B RECEPTOR ACTIVATION%REACTOME%R-HSA-977444.5		43	0.21110909	0.62661195	0.9750656	1.0	1.0	10366	tags=51%, list=42%, signal=89%	
REGULATION OF MITOTIC SPINDLE ASSEMBLY%GOBP%GO:1901673	REGULATION OF MITOTIC SPINDLE ASSEMBLY%GOBP%GO:1901673		23	0.2392196	0.62659967	0.94568247	1.0	1.0	7033	tags=26%, list=29%, signal=37%	
3-METHYLGLUTACONIC ACIDURIA TYPE III%SMPDB%SMP0000140	3-METHYLGLUTACONIC ACIDURIA TYPE III%SMPDB%SMP0000140		28	0.22911894	0.626233	0.9506173	1.0	1.0	4735	tags=25%, list=19%, signal=31%	
3-METHYLCROTONYL-COA CARBOXYLASE DEFICIENCY TYPE I%SMPDB%SMP0000237	3-METHYLCROTONYL-COA CARBOXYLASE DEFICIENCY TYPE I%SMPDB%SMP0000237		28	0.22911894	0.62601584	0.9482289	1.0	1.0	4735	tags=25%, list=19%, signal=31%	
TRIPARTITE REGIONAL SUBDIVISION%GOBP%GO:0007351	TRIPARTITE REGIONAL SUBDIVISION%GOBP%GO:0007351		17	0.2563754	0.62589395	0.94382024	1.0	1.0	1752	tags=12%, list=7%, signal=13%	
DEVELOPMENTAL CELL LINEAGES OF THE EXOCRINE PANCREAS%REACTOME DATABASE ID RELEASE 95%9820448	DEVELOPMENTAL CELL LINEAGES OF THE EXOCRINE PANCREAS%REACTOME DATABASE ID RELEASE 95%9820448		18	0.24700607	0.6256753	0.9542773	1.0	1.0	7732	tags=33%, list=32%, signal=49%	
ISOVALERIC ACIDEMIA%PATHWHIZ%PW000500	ISOVALERIC ACIDEMIA%PATHWHIZ%PW000500		28	0.22911894	0.6255092	0.9690141	1.0	1.0	4735	tags=25%, list=19%, signal=31%	
EPIDERMIS MORPHOGENESIS%GOBP%GO:0048730	EPIDERMIS MORPHOGENESIS%GOBP%GO:0048730		15	0.26197162	0.6253758	0.9342508	1.0	1.0	10719	tags=67%, list=44%, signal=118%	
EPHRIN B REVERSE SIGNALING%PATHWAY INTERACTION DATABASE NCI-NATURE CURATED DATA%EPHRIN B REVERSE SIGNALING	EPHRIN B REVERSE SIGNALING%PATHWAY INTERACTION DATABASE NCI-NATURE CURATED DATA%EPHRIN B REVERSE SIGNALING		26	0.23016126	0.6250459	0.9524456	1.0	1.0	9455	tags=50%, list=39%, signal=81%	
3-HYDROXY-3-METHYLGLUTARYL-COA LYASE DEFICIENCY%PATHWHIZ%PW000063	3-HYDROXY-3-METHYLGLUTARYL-COA LYASE DEFICIENCY%PATHWHIZ%PW000063		28	0.22911894	0.62481517	0.95718235	1.0	1.0	4735	tags=25%, list=19%, signal=31%	
ACTIVATION OF GABAB RECEPTORS%REACTOME%R-HSA-991365.6	ACTIVATION OF GABAB RECEPTORS%REACTOME%R-HSA-991365.6		43	0.21110909	0.62465787	0.9697368	1.0	1.0	10366	tags=51%, list=42%, signal=89%	
BIOCARTA_PITX2_PATHWAY%MSIGDB_C2%BIOCARTA_PITX2_PATHWAY	BIOCARTA_PITX2_PATHWAY%MSIGDB_C2%BIOCARTA_PITX2_PATHWAY		16	0.25630802	0.6246317	0.943804	1.0	1.0	6326	tags=31%, list=26%, signal=42%	
ISOVALERIC ACIDURIA%PATHWHIZ%PW000091	ISOVALERIC ACIDURIA%PATHWHIZ%PW000091		28	0.22911894	0.6243955	0.9637378	1.0	1.0	4735	tags=25%, list=19%, signal=31%	
3-METHYLGLUTACONIC ACIDURIA TYPE IV%SMPDB%SMP0000141	3-METHYLGLUTACONIC ACIDURIA TYPE IV%SMPDB%SMP0000141		28	0.22911894	0.6243527	0.95543176	1.0	1.0	4735	tags=25%, list=19%, signal=31%	
PID_PDGFRB_PATHWAY%MSIGDB_C2%PID_PDGFRB_PATHWAY	PID_PDGFRB_PATHWAY%MSIGDB_C2%PID_PDGFRB_PATHWAY		97	0.18630989	0.62413365	0.9964413	1.0	1.0	8938	tags=39%, list=36%, signal=61%	
METHYLMALONIC ACIDURIA%SMPDB%SMP0000200	METHYLMALONIC ACIDURIA%SMPDB%SMP0000200		28	0.22911894	0.62413013	0.95590144	1.0	1.0	4735	tags=25%, list=19%, signal=31%	
BLASTODERM SEGMENTATION%GOBP%GO:0007350	BLASTODERM SEGMENTATION%GOBP%GO:0007350		17	0.2563754	0.6238384	0.9398281	1.0	1.0	1752	tags=12%, list=7%, signal=13%	
MAPLE SYRUP URINE DISEASE%PATHWHIZ%PW000064	MAPLE SYRUP URINE DISEASE%PATHWHIZ%PW000064		28	0.22911894	0.6228448	0.9656121	1.0	1.0	4735	tags=25%, list=19%, signal=31%	
SODIUM ION HOMEOSTASIS%GOBP%GO:0055078	SODIUM ION HOMEOSTASIS%GOBP%GO:0055078		36	0.2171634	0.6225862	0.9587766	1.0	1.0	8451	tags=44%, list=35%, signal=68%	
REGULATION OF ACTIVIN RECEPTOR SIGNALING PATHWAY%GOBP%GO:0032925	REGULATION OF ACTIVIN RECEPTOR SIGNALING PATHWAY%GOBP%GO:0032925		23	0.24067694	0.62249684	0.95448077	1.0	1.0	1714	tags=9%, list=7%, signal=9%	
POSITIVE REGULATION OF PROTEASOMAL UBIQUITIN-DEPENDENT PROTEIN CATABOLIC PROCESS%GOBP%GO:0032436	POSITIVE REGULATION OF PROTEASOMAL UBIQUITIN-DEPENDENT PROTEIN CATABOLIC PROCESS%GOBP%GO:0032436		72	0.19530496	0.62158835	0.99156624	1.0	1.0	5925	tags=19%, list=24%, signal=26%	
METHYLMALONATE SEMIALDEHYDE DEHYDROGENASE DEFICIENCY%SMPDB%SMP0000384	METHYLMALONATE SEMIALDEHYDE DEHYDROGENASE DEFICIENCY%SMPDB%SMP0000384		28	0.22911894	0.62154347	0.95804197	1.0	1.0	4735	tags=25%, list=19%, signal=31%	
ISOBUTYRYL-COA DEHYDROGENASE DEFICIENCY%SMPDB%SMP0000523	ISOBUTYRYL-COA DEHYDROGENASE DEFICIENCY%SMPDB%SMP0000523		28	0.22911894	0.6214262	0.9746835	1.0	1.0	4735	tags=25%, list=19%, signal=31%	
URETERIC BUD MORPHOGENESIS%GOBP%GO:0060675	URETERIC BUD MORPHOGENESIS%GOBP%GO:0060675		22	0.23944385	0.6212235	0.9550409	1.0	1.0	6257	tags=27%, list=26%, signal=37%	
HIF-2-ALPHA TRANSCRIPTION FACTOR NETWORK%PATHWAY INTERACTION DATABASE NCI-NATURE CURATED DATA%HIF-2-ALPHA TRANSCRIPTION FACTOR NETWORK	HIF-2-ALPHA TRANSCRIPTION FACTOR NETWORK%PATHWAY INTERACTION DATABASE NCI-NATURE CURATED DATA%HIF-2-ALPHA TRANSCRIPTION FACTOR NETWORK		34	0.21941692	0.6210106	0.97078353	1.0	1.0	7040	tags=35%, list=29%, signal=49%	
REGULATION OF INSULIN SECRETION%GOBP%GO:0050796	REGULATION OF INSULIN SECRETION%GOBP%GO:0050796		109	0.1828867	0.6205195	0.99407583	1.0	1.0	8768	tags=35%, list=36%, signal=54%	
RIBONUCLEOSIDE DIPHOSPHATE CATABOLIC PROCESS%GOBP%GO:0009191	RIBONUCLEOSIDE DIPHOSPHATE CATABOLIC PROCESS%GOBP%GO:0009191		43	0.20892546	0.6203105	0.9763469	1.0	1.0	8789	tags=37%, list=36%, signal=58%	
VEGFA-VEGFR2 PATHWAY%REACTOME DATABASE ID RELEASE 95%4420097	VEGFA-VEGFR2 PATHWAY%REACTOME DATABASE ID RELEASE 95%4420097		92	0.1878281	0.6200267	0.995221	1.0	1.0	5625	tags=18%, list=23%, signal=24%	
E2F TRANSCRIPTION FACTOR NETWORK%PATHWAY INTERACTION DATABASE NCI-NATURE CURATED DATA%E2F TRANSCRIPTION FACTOR NETWORK	E2F TRANSCRIPTION FACTOR NETWORK%PATHWAY INTERACTION DATABASE NCI-NATURE CURATED DATA%E2F TRANSCRIPTION FACTOR NETWORK		73	0.1947185	0.6193504	0.9891957	1.0	1.0	6326	tags=25%, list=26%, signal=33%	
NEGATIVE REGULATION OF CARDIAC MUSCLE HYPERTROPHY%GOBP%GO:0010614	NEGATIVE REGULATION OF CARDIAC MUSCLE HYPERTROPHY%GOBP%GO:0010614		15	0.260134	0.61927974	0.93274856	1.0	1.0	414	tags=7%, list=2%, signal=7%	
TOR SIGNALING%GOBP%GO:0031929	TOR SIGNALING%GOBP%GO:0031929		35	0.2159438	0.61927587	0.96428573	1.0	1.0	1866	tags=6%, list=8%, signal=6%	
GLYCOGEN METABOLISM%REACTOME%R-HSA-8982491.3	GLYCOGEN METABOLISM%REACTOME%R-HSA-8982491.3		26	0.2341873	0.6191364	0.9527778	1.0	1.0	5262	tags=23%, list=21%, signal=29%	
INTERLEUKIN-6 FAMILY SIGNALING%REACTOME%R-HSA-6783589.8	INTERLEUKIN-6 FAMILY SIGNALING%REACTOME%R-HSA-6783589.8		24	0.23408428	0.6188484	0.9650067	1.0	1.0	8841	tags=38%, list=36%, signal=59%	
3-HYDROXYISOBUTYRIC ACID DEHYDROGENASE DEFICIENCY%SMPDB%SMP0000521	3-HYDROXYISOBUTYRIC ACID DEHYDROGENASE DEFICIENCY%SMPDB%SMP0000521		28	0.22911894	0.6184065	0.96948683	1.0	1.0	4735	tags=25%, list=19%, signal=31%	
REGULATION OF CENTROSOME DUPLICATION%GOBP%GO:0010824	REGULATION OF CENTROSOME DUPLICATION%GOBP%GO:0010824		48	0.2071851	0.61813444	0.97959185	1.0	1.0	4602	tags=15%, list=19%, signal=18%	
POSITIVE REGULATION OF ANIMAL ORGAN MORPHOGENESIS%GOBP%GO:0110110	POSITIVE REGULATION OF ANIMAL ORGAN MORPHOGENESIS%GOBP%GO:0110110		15	0.26168534	0.61784524	0.93029875	1.0	1.0	1932	tags=13%, list=8%, signal=14%	
SIGNALING BY VEGF%REACTOME%R-HSA-194138.4	SIGNALING BY VEGF%REACTOME%R-HSA-194138.4		102	0.18577713	0.6174796	0.99647474	1.0	1.0	5867	tags=19%, list=24%, signal=24%	
CELECOXIB ACTION PATHWAY%SMPDB%SMP0000096	CELECOXIB ACTION PATHWAY%SMPDB%SMP0000096		34	0.21711898	0.61747646	0.97831976	1.0	1.0	6491	tags=35%, list=27%, signal=48%	
REGULATION OF MITF-M-DEPENDENT GENES INVOLVED IN CELL CYCLE AND PROLIFERATION%REACTOME DATABASE ID RELEASE 95%9825892	REGULATION OF MITF-M-DEPENDENT GENES INVOLVED IN CELL CYCLE AND PROLIFERATION%REACTOME DATABASE ID RELEASE 95%9825892		17	0.25657335	0.6174308	0.9454023	1.0	1.0	7539	tags=47%, list=31%, signal=68%	
IL2 SIGNALING EVENTS MEDIATED BY PI3K%PATHWAY INTERACTION DATABASE NCI-NATURE CURATED DATA%IL2 SIGNALING EVENTS MEDIATED BY PI3K	IL2 SIGNALING EVENTS MEDIATED BY PI3K%PATHWAY INTERACTION DATABASE NCI-NATURE CURATED DATA%IL2 SIGNALING EVENTS MEDIATED BY PI3K		35	0.22033663	0.6172913	0.9656593	1.0	1.0	9669	tags=43%, list=39%, signal=71%	
NEGATIVE REGULATION OF MUSCLE HYPERTROPHY%GOBP%GO:0014741	NEGATIVE REGULATION OF MUSCLE HYPERTROPHY%GOBP%GO:0014741		15	0.260134	0.61685693	0.9345238	1.0	1.0	414	tags=7%, list=2%, signal=7%	
REGULATION OF FAT CELL DIFFERENTIATION%GOBP%GO:0045598	REGULATION OF FAT CELL DIFFERENTIATION%GOBP%GO:0045598		100	0.18183613	0.6167357	0.99535424	1.0	1.0	9790	tags=41%, list=40%, signal=68%	
RESPONSE TO NICOTINE%GOBP%GO:0035094	RESPONSE TO NICOTINE%GOBP%GO:0035094		18	0.24979417	0.6164904	0.95868945	1.0	1.0	10331	tags=44%, list=42%, signal=77%	
REGULATION OF KERATINOCYTE DIFFERENTIATION%GOBP%GO:0045616	REGULATION OF KERATINOCYTE DIFFERENTIATION%GOBP%GO:0045616		29	0.22607635	0.6164577	0.9633508	1.0	1.0	10920	tags=52%, list=45%, signal=93%	
3-METHYLGLUTACONIC ACIDURIA TYPE I%SMPDB%SMP0000139	3-METHYLGLUTACONIC ACIDURIA TYPE I%SMPDB%SMP0000139		28	0.22911894	0.61590135	0.95688456	1.0	1.0	4735	tags=25%, list=19%, signal=31%	
NEGATIVE REGULATION OF CELL CYCLE G1/S PHASE TRANSITION%GOBP%GO:1902807	NEGATIVE REGULATION OF CELL CYCLE G1/S PHASE TRANSITION%GOBP%GO:1902807		50	0.20282586	0.6155237	0.978882	1.0	1.0	6377	tags=26%, list=26%, signal=35%	
ARGININE METABOLIC PROCESS%GOBP%GO:0006525	ARGININE METABOLIC PROCESS%GOBP%GO:0006525		16	0.25936258	0.61550385	0.9439655	1.0	1.0	759	tags=13%, list=3%, signal=13%	
BIOCARTA_CXCR4_PATHWAY%MSIGDB_C2%BIOCARTA_CXCR4_PATHWAY	BIOCARTA_CXCR4_PATHWAY%MSIGDB_C2%BIOCARTA_CXCR4_PATHWAY		17	0.2498079	0.6154795	0.9551375	1.0	1.0	3171	tags=12%, list=13%, signal=14%	
LNCRNA IN CANONICAL WNT SIGNALING AND COLORECTAL CANCER%WIKIPATHWAYS_20260211%WP4258%HOMO SAPIENS	LNCRNA IN CANONICAL WNT SIGNALING AND COLORECTAL CANCER%WIKIPATHWAYS_20260211%WP4258%HOMO SAPIENS		83	0.18958381	0.61543167	0.99526066	1.0	1.0	6387	tags=27%, list=26%, signal=36%	
REGULATION OF TNFR1 SIGNALING%REACTOME DATABASE ID RELEASE 95%5357905	REGULATION OF TNFR1 SIGNALING%REACTOME DATABASE ID RELEASE 95%5357905		46	0.20485292	0.61535513	0.978399	1.0	1.0	5148	tags=22%, list=21%, signal=27%	
PURINE NUCLEOSIDE MONOPHOSPHATE BIOSYNTHETIC PROCESS%GOBP%GO:0009127	PURINE NUCLEOSIDE MONOPHOSPHATE BIOSYNTHETIC PROCESS%GOBP%GO:0009127		15	0.25694582	0.61517626	0.9538239	1.0	1.0	2978	tags=13%, list=12%, signal=15%	
SIGNALING BY CYTOSOLIC FGFR1 FUSION MUTANTS%REACTOME%R-HSA-1839117.4	SIGNALING BY CYTOSOLIC FGFR1 FUSION MUTANTS%REACTOME%R-HSA-1839117.4		16	0.2541732	0.6148383	0.9405797	1.0	1.0	7567	tags=38%, list=31%, signal=54%	
POSITIVE REGULATION OF ENDOTHELIAL CELL APOPTOTIC PROCESS%GOBP%GO:2000353	POSITIVE REGULATION OF ENDOTHELIAL CELL APOPTOTIC PROCESS%GOBP%GO:2000353		18	0.25035238	0.61480576	0.9478138	1.0	1.0	8895	tags=61%, list=36%, signal=96%	
RESPONSE TO GLUCOSE%GOBP%GO:0009749	RESPONSE TO GLUCOSE%GOBP%GO:0009749		61	0.19529334	0.61475044	0.9900498	1.0	1.0	8894	tags=36%, list=36%, signal=56%	
PEPTIDYL-CYSTEINE MODIFICATION%GOBP%GO:0018198	PEPTIDYL-CYSTEINE MODIFICATION%GOBP%GO:0018198		21	0.24037823	0.6146604	0.95652175	1.0	1.0	10446	tags=57%, list=43%, signal=100%	
ID%NETPATH%ID	ID%NETPATH%ID		20	0.24296711	0.6143123	0.9522472	1.0	1.0	6517	tags=40%, list=27%, signal=54%	
PID_BCR_5PATHWAY%MSIGDB_C2%PID_BCR_5PATHWAY	PID_BCR_5PATHWAY%MSIGDB_C2%PID_BCR_5PATHWAY		57	0.19633192	0.6141648	0.9896774	1.0	1.0	8892	tags=42%, list=36%, signal=66%	
PID_IL27_PATHWAY%MSIGDB_C2%PID_IL27_PATHWAY	PID_IL27_PATHWAY%MSIGDB_C2%PID_IL27_PATHWAY		23	0.23566759	0.6141567	0.95284325	1.0	1.0	7580	tags=39%, list=31%, signal=57%	
SMAD2 SMAD3:SMAD4 HETEROTRIMER REGULATES TRANSCRIPTION%REACTOME%R-HSA-2173796.6	SMAD2 SMAD3:SMAD4 HETEROTRIMER REGULATES TRANSCRIPTION%REACTOME%R-HSA-2173796.6		36	0.21849032	0.61406755	0.9751634	1.0	1.0	7677	tags=36%, list=31%, signal=53%	
NEGATIVE REGULATION OF T CELL DIFFERENTIATION%GOBP%GO:0045581	NEGATIVE REGULATION OF T CELL DIFFERENTIATION%GOBP%GO:0045581		50	0.20286076	0.6140619	0.9722222	1.0	1.0	6243	tags=22%, list=25%, signal=29%	
SYMBIONT ENTRY INTO HOST%GOBP%GO:0044409	SYMBIONT ENTRY INTO HOST%GOBP%GO:0044409		43	0.20824006	0.61405635	0.9818182	1.0	1.0	6380	tags=30%, list=26%, signal=41%	
CALCIUM MEDIATED T CELL APOPTOSIS INVOLVED IN INCLUSION BODY MYOSITIS%WIKIPATHWAYS_20260211%WP5142%HOMO SAPIENS	CALCIUM MEDIATED T CELL APOPTOSIS INVOLVED IN INCLUSION BODY MYOSITIS%WIKIPATHWAYS_20260211%WP5142%HOMO SAPIENS		15	0.25530723	0.6139165	0.943101	1.0	1.0	12497	tags=53%, list=51%, signal=109%	
CELLULAR OXIDANT DETOXIFICATION%GOBP%GO:0098869	CELLULAR OXIDANT DETOXIFICATION%GOBP%GO:0098869		19	0.24768709	0.61300653	0.9482517	1.0	1.0	318	tags=5%, list=1%, signal=5%	
CELL FATE DETERMINATION%GOBP%GO:0001709	CELL FATE DETERMINATION%GOBP%GO:0001709		19	0.24548297	0.6127323	0.9548105	1.0	1.0	3402	tags=16%, list=14%, signal=18%	
SYMBIONT ENTRY INTO HOST CELL%GOBP%GO:0046718	SYMBIONT ENTRY INTO HOST CELL%GOBP%GO:0046718		43	0.20824006	0.61241424	0.9770701	1.0	1.0	6380	tags=30%, list=26%, signal=41%	
HALLMARK_CHOLESTEROL_HOMEOSTASIS%MSIGDBHALLMARK%HALLMARK_CHOLESTEROL_HOMEOSTASIS	HALLMARK_CHOLESTEROL_HOMEOSTASIS%MSIGDBHALLMARK%HALLMARK_CHOLESTEROL_HOMEOSTASIS		60	0.19535016	0.61198574	0.99234694	1.0	1.0	8778	tags=35%, list=36%, signal=54%	
EFFECT OF PROGERIN ON GENES INVOLVED IN PROGERIA%WIKIPATHWAYS_20260211%WP4320%HOMO SAPIENS	EFFECT OF PROGERIN ON GENES INVOLVED IN PROGERIA%WIKIPATHWAYS_20260211%WP4320%HOMO SAPIENS		18	0.24921693	0.61183524	0.9553957	1.0	1.0	7949	tags=39%, list=32%, signal=58%	
FATTY-ACYL-COA BIOSYNTHETIC PROCESS%GOBP%GO:0046949	FATTY-ACYL-COA BIOSYNTHETIC PROCESS%GOBP%GO:0046949		27	0.22356457	0.6104799	0.9644809	1.0	1.0	85	tags=4%, list=0%, signal=4%	
CELL-SUBSTRATE JUNCTION ASSEMBLY%GOBP%GO:0007044	CELL-SUBSTRATE JUNCTION ASSEMBLY%GOBP%GO:0007044		30	0.21869445	0.6102969	0.9671916	1.0	1.0	441	tags=3%, list=2%, signal=3%	
RHOH GTPASE CYCLE%REACTOME%R-HSA-9013407.3	RHOH GTPASE CYCLE%REACTOME%R-HSA-9013407.3		37	0.21095195	0.610119	0.9777487	1.0	1.0	7134	tags=30%, list=29%, signal=42%	
SIGNALING BY ERBB2 KD MUTANTS%REACTOME%R-HSA-9664565.3	SIGNALING BY ERBB2 KD MUTANTS%REACTOME%R-HSA-9664565.3		21	0.24296394	0.6098465	0.9533239	1.0	1.0	11277	tags=43%, list=46%, signal=79%	
BLADDER CANCER%WIKIPATHWAYS_20260211%WP2828%HOMO SAPIENS	BLADDER CANCER%WIKIPATHWAYS_20260211%WP2828%HOMO SAPIENS		34	0.21944712	0.60923725	0.9670185	1.0	1.0	8607	tags=35%, list=35%, signal=54%	
ACTIN FILAMENT POLYMERIZATION%GOBP%GO:0030041	ACTIN FILAMENT POLYMERIZATION%GOBP%GO:0030041		27	0.22678009	0.60922265	0.96805555	1.0	1.0	8841	tags=48%, list=36%, signal=75%	
GANGLIOSIDE BIOSYNTHETIC PROCESS%GOBP%GO:0001574	GANGLIOSIDE BIOSYNTHETIC PROCESS%GOBP%GO:0001574		15	0.25782445	0.60907507	0.95065314	1.0	1.0	5922	tags=27%, list=24%, signal=35%	
GENE AND PROTEIN EXPRESSION BY JAK-STAT SIGNALING AFTER INTERLEUKIN-12 STIMULATION%REACTOME DATABASE ID RELEASE 95%8950505	GENE AND PROTEIN EXPRESSION BY JAK-STAT SIGNALING AFTER INTERLEUKIN-12 STIMULATION%REACTOME DATABASE ID RELEASE 95%8950505		35	0.21174878	0.6085748	0.9790576	1.0	1.0	8124	tags=31%, list=33%, signal=47%	
BETA-KETOTHIOLASE DEFICIENCY%SMPDB%SMP0000173	BETA-KETOTHIOLASE DEFICIENCY%SMPDB%SMP0000173		28	0.22911894	0.6085469	0.9645777	1.0	1.0	4735	tags=25%, list=19%, signal=31%	
PDGFR-BETA SIGNALING PATHWAY%PATHWAY INTERACTION DATABASE NCI-NATURE CURATED DATA%PDGFR-BETA SIGNALING PATHWAY	PDGFR-BETA SIGNALING PATHWAY%PATHWAY INTERACTION DATABASE NCI-NATURE CURATED DATA%PDGFR-BETA SIGNALING PATHWAY		125	0.17635494	0.6079737	0.9965675	1.0	1.0	9116	tags=40%, list=37%, signal=63%	
PID_P53_REGULATION_PATHWAY%MSIGDB_C2%PID_P53_REGULATION_PATHWAY	PID_P53_REGULATION_PATHWAY%MSIGDB_C2%PID_P53_REGULATION_PATHWAY		48	0.19840367	0.6078019	0.9855643	1.0	1.0	9606	tags=38%, list=39%, signal=62%	
MORPHOGENESIS OF AN EPITHELIAL SHEET%GOBP%GO:0002011	MORPHOGENESIS OF AN EPITHELIAL SHEET%GOBP%GO:0002011		39	0.2098336	0.6075733	0.9839786	1.0	1.0	5993	tags=31%, list=24%, signal=41%	
REGULATION OF CLATHRIN-DEPENDENT ENDOCYTOSIS%GOBP%GO:2000369	REGULATION OF CLATHRIN-DEPENDENT ENDOCYTOSIS%GOBP%GO:2000369		15	0.25594547	0.60659814	0.94264704	1.0	1.0	5722	tags=33%, list=23%, signal=43%	
HEME SIGNALING%REACTOME DATABASE ID RELEASE 95%9707616	HEME SIGNALING%REACTOME DATABASE ID RELEASE 95%9707616		46	0.20056508	0.60649604	0.98433423	1.0	1.0	972	tags=7%, list=4%, signal=7%	
REGULATION OF FATTY ACID BETA-OXIDATION%GOBP%GO:0031998	REGULATION OF FATTY ACID BETA-OXIDATION%GOBP%GO:0031998		15	0.2573082	0.60632616	0.94382024	1.0	1.0	6410	tags=33%, list=26%, signal=45%	
METAL ION SLC TRANSPORTERS%REACTOME DATABASE ID RELEASE 95%425410	METAL ION SLC TRANSPORTERS%REACTOME DATABASE ID RELEASE 95%425410		44	0.20434162	0.6060593	0.9805951	1.0	1.0	8547	tags=45%, list=35%, signal=70%	
NEGATIVE REGULATION OF MET ACTIVITY%REACTOME DATABASE ID RELEASE 95%6807004	NEGATIVE REGULATION OF MET ACTIVITY%REACTOME DATABASE ID RELEASE 95%6807004		20	0.23771289	0.6055221	0.9529914	1.0	1.0	7916	tags=40%, list=32%, signal=59%	
AURKA ACTIVATION BY TPX2%REACTOME%R-HSA-8854518.4	AURKA ACTIVATION BY TPX2%REACTOME%R-HSA-8854518.4		70	0.19263336	0.60482496	0.99632806	1.0	1.0	7738	tags=30%, list=32%, signal=44%	
INTRAFLAGELLAR TRANSPORT PROTEINS BINDING TO DYNEIN%WIKIPATHWAYS_20260211%WP4532%HOMO SAPIENS	INTRAFLAGELLAR TRANSPORT PROTEINS BINDING TO DYNEIN%WIKIPATHWAYS_20260211%WP4532%HOMO SAPIENS		21	0.23322342	0.60473305	0.96387285	1.0	1.0	2464	tags=14%, list=10%, signal=16%	
POSITIVE REGULATION OF LIPID STORAGE%GOBP%GO:0010884	POSITIVE REGULATION OF LIPID STORAGE%GOBP%GO:0010884		16	0.24955794	0.6046314	0.95994276	1.0	1.0	7944	tags=44%, list=32%, signal=65%	
2'-DEOXYRIBONUCLEOTIDE METABOLIC PROCESS%GOBP%GO:0009394	2'-DEOXYRIBONUCLEOTIDE METABOLIC PROCESS%GOBP%GO:0009394		34	0.21412385	0.6044551	0.96505374	1.0	1.0	8285	tags=38%, list=34%, signal=58%	
ACTIN NUCLEATION%GOBP%GO:0045010	ACTIN NUCLEATION%GOBP%GO:0045010		20	0.23778735	0.6041112	0.95615274	1.0	1.0	6452	tags=35%, list=26%, signal=47%	
CLASS I PI3K SIGNALING EVENTS%PATHWAY INTERACTION DATABASE NCI-NATURE CURATED DATA%CLASS I PI3K SIGNALING EVENTS	CLASS I PI3K SIGNALING EVENTS%PATHWAY INTERACTION DATABASE NCI-NATURE CURATED DATA%CLASS I PI3K SIGNALING EVENTS		45	0.2012238	0.6034322	0.99228793	1.0	1.0	6305	tags=22%, list=26%, signal=30%	
METABOLISM OF FOLATE AND PTERINES%REACTOME%R-HSA-196757.8	METABOLISM OF FOLATE AND PTERINES%REACTOME%R-HSA-196757.8		16	0.2491947	0.60209775	0.95204514	1.0	1.0	4994	tags=31%, list=20%, signal=39%	
ERBB RECEPTOR SIGNALING NETWORK%PATHWAY INTERACTION DATABASE NCI-NATURE CURATED DATA%ERBB RECEPTOR SIGNALING NETWORK	ERBB RECEPTOR SIGNALING NETWORK%PATHWAY INTERACTION DATABASE NCI-NATURE CURATED DATA%ERBB RECEPTOR SIGNALING NETWORK		15	0.25362554	0.6011994	0.9567809	1.0	1.0	9943	tags=47%, list=41%, signal=79%	
MTORC1-MEDIATED SIGNALLING%REACTOME DATABASE ID RELEASE 95%166208	MTORC1-MEDIATED SIGNALLING%REACTOME DATABASE ID RELEASE 95%166208		24	0.2277209	0.6008151	0.966759	1.0	1.0	2232	tags=8%, list=9%, signal=9%	
NEGATIVE REGULATION OF TYPE II INTERFERON PRODUCTION%GOBP%GO:0032689	NEGATIVE REGULATION OF TYPE II INTERFERON PRODUCTION%GOBP%GO:0032689		31	0.21802765	0.6004068	0.9801849	1.0	1.0	5821	tags=26%, list=24%, signal=34%	
COPII VESICLE COATING%GOBP%GO:0048208	COPII VESICLE COATING%GOBP%GO:0048208		22	0.2301123	0.6003031	0.9647391	1.0	1.0	6334	tags=27%, list=26%, signal=37%	
FLUID TRANSPORT%GOBP%GO:0042044	FLUID TRANSPORT%GOBP%GO:0042044		24	0.22388199	0.59934014	0.9622378	1.0	1.0	8728	tags=46%, list=36%, signal=71%	
SARS CORONAVIRUS AND INNATE IMMUNITY%WIKIPATHWAYS_20260211%WP4912%HOMO SAPIENS	SARS CORONAVIRUS AND INNATE IMMUNITY%WIKIPATHWAYS_20260211%WP4912%HOMO SAPIENS		29	0.21874604	0.59910095	0.9840849	1.0	1.0	6821	tags=28%, list=28%, signal=38%	
SIGNALING BY FGFR IN DISEASE%REACTOME DATABASE ID RELEASE 95%1226099	SIGNALING BY FGFR IN DISEASE%REACTOME DATABASE ID RELEASE 95%1226099		57	0.19391195	0.5988208	0.9875312	1.0	1.0	7732	tags=30%, list=32%, signal=43%	
ULCERATIVE COLITIS SIGNALING%WIKIPATHWAYS_20260211%WP5174%HOMO SAPIENS	ULCERATIVE COLITIS SIGNALING%WIKIPATHWAYS_20260211%WP5174%HOMO SAPIENS		15	0.25632232	0.59841764	0.94316435	1.0	1.0	8470	tags=40%, list=35%, signal=61%	
MIDBODY ABSCISSION%GOBP%GO:0061952	MIDBODY ABSCISSION%GOBP%GO:0061952		23	0.23170376	0.59840786	0.9630643	1.0	1.0	12515	tags=78%, list=51%, signal=160%	
NEGATIVE REGULATION OF TORC1 SIGNALING%GOBP%GO:1904262	NEGATIVE REGULATION OF TORC1 SIGNALING%GOBP%GO:1904262		49	0.19726025	0.5978438	0.9921671	1.0	1.0	7613	tags=31%, list=31%, signal=44%	
NEGATIVE REGULATION OF MONONUCLEAR CELL MIGRATION%GOBP%GO:0071676	NEGATIVE REGULATION OF MONONUCLEAR CELL MIGRATION%GOBP%GO:0071676		27	0.22193882	0.5974573	0.97544336	1.0	1.0	11195	tags=70%, list=46%, signal=129%	
VESICLE TARGETING, ROUGH ER TO CIS-GOLGI%GOBP%GO:0048207	VESICLE TARGETING, ROUGH ER TO CIS-GOLGI%GOBP%GO:0048207		22	0.2301123	0.597124	0.97574896	1.0	1.0	6334	tags=27%, list=26%, signal=37%	
INTERLEUKIN-12 FAMILY SIGNALING%REACTOME DATABASE ID RELEASE 95%447115	INTERLEUKIN-12 FAMILY SIGNALING%REACTOME DATABASE ID RELEASE 95%447115		54	0.19467098	0.59640193	0.9949495	1.0	1.0	8841	tags=33%, list=36%, signal=52%	
MELATONIN METABOLISM AND EFFECTS%WIKIPATHWAYS_20260211%WP3298%HOMO SAPIENS	MELATONIN METABOLISM AND EFFECTS%WIKIPATHWAYS_20260211%WP3298%HOMO SAPIENS		32	0.2154869	0.59637445	0.97466666	1.0	1.0	6600	tags=28%, list=27%, signal=38%	
NEGATIVE REGULATION OF INFLAMMATORY RESPONSE TO ANTIGENIC STIMULUS%GOBP%GO:0002862	NEGATIVE REGULATION OF INFLAMMATORY RESPONSE TO ANTIGENIC STIMULUS%GOBP%GO:0002862		21	0.23329219	0.59612584	0.97282606	1.0	1.0	8410	tags=43%, list=34%, signal=65%	
GASTRIC CANCER NETWORK 1%WIKIPATHWAYS_20260211%WP2361%HOMO SAPIENS	GASTRIC CANCER NETWORK 1%WIKIPATHWAYS_20260211%WP2361%HOMO SAPIENS		22	0.23074113	0.59610033	0.9752407	1.0	1.0	6933	tags=32%, list=28%, signal=44%	
BEMPEDOIC ACID THERAPY IN ATHEROSCLEROSIS AND METABOLIC SYNDROME%WIKIPATHWAYS_20260211%WP5500%HOMO SAPIENS	BEMPEDOIC ACID THERAPY IN ATHEROSCLEROSIS AND METABOLIC SYNDROME%WIKIPATHWAYS_20260211%WP5500%HOMO SAPIENS		26	0.22218674	0.5959896	0.970128	1.0	1.0	8289	tags=35%, list=34%, signal=52%	
PLASMA MEMBRANE ESTROGEN RECEPTOR SIGNALING%PATHWAY INTERACTION DATABASE NCI-NATURE CURATED DATA%PLASMA MEMBRANE ESTROGEN RECEPTOR SIGNALING	PLASMA MEMBRANE ESTROGEN RECEPTOR SIGNALING%PATHWAY INTERACTION DATABASE NCI-NATURE CURATED DATA%PLASMA MEMBRANE ESTROGEN RECEPTOR SIGNALING		41	0.20525509	0.5954461	0.9818888	1.0	1.0	5803	tags=22%, list=24%, signal=29%	
REGULATION OF ARP2/3 COMPLEX-MEDIATED ACTIN NUCLEATION%GOBP%GO:0034315	REGULATION OF ARP2/3 COMPLEX-MEDIATED ACTIN NUCLEATION%GOBP%GO:0034315		27	0.22066826	0.5953022	0.9758713	1.0	1.0	4817	tags=19%, list=20%, signal=23%	
PURINE RIBONUCLEOSIDE DIPHOSPHATE METABOLIC PROCESS%GOBP%GO:0009179	PURINE RIBONUCLEOSIDE DIPHOSPHATE METABOLIC PROCESS%GOBP%GO:0009179		41	0.20272157	0.59488034	0.98240864	1.0	1.0	8789	tags=37%, list=36%, signal=57%	
LEWIS BLOOD GROUP BIOSYNTHESIS%REACTOME DATABASE ID RELEASE 95%9037629	LEWIS BLOOD GROUP BIOSYNTHESIS%REACTOME DATABASE ID RELEASE 95%9037629		16	0.24545509	0.5944801	0.9487555	1.0	1.0	2178	tags=13%, list=9%, signal=14%	
REGULATION OF IMMUNE RESPONSE TO TUMOR CELL%GOBP%GO:0002837	REGULATION OF IMMUNE RESPONSE TO TUMOR CELL%GOBP%GO:0002837		29	0.2182403	0.5934417	0.9687924	1.0	1.0	6601	tags=24%, list=27%, signal=33%	
PID_HEDGEHOG_2PATHWAY%MSIGDB_C2%PID_HEDGEHOG_2PATHWAY	PID_HEDGEHOG_2PATHWAY%MSIGDB_C2%PID_HEDGEHOG_2PATHWAY		16	0.2501858	0.5934088	0.9490255	1.0	1.0	1925	tags=13%, list=8%, signal=14%	
DRAVET SYNDROME%WIKIPATHWAYS_20260211%WP5200%HOMO SAPIENS	DRAVET SYNDROME%WIKIPATHWAYS_20260211%WP5200%HOMO SAPIENS		27	0.21913429	0.59338206	0.97811216	1.0	1.0	9629	tags=37%, list=39%, signal=61%	
NUCLEOSIDE MONOPHOSPHATE BIOSYNTHETIC PROCESS%GOBP%GO:0009124	NUCLEOSIDE MONOPHOSPHATE BIOSYNTHETIC PROCESS%GOBP%GO:0009124		25	0.22539687	0.59327894	0.97450423	1.0	1.0	9888	tags=44%, list=40%, signal=74%	
CERAMIDE TRANSPORT%GOBP%GO:0035627	CERAMIDE TRANSPORT%GOBP%GO:0035627		15	0.2517863	0.59276456	0.95434463	1.0	1.0	7517	tags=33%, list=31%, signal=48%	
BIOCARTA_PTDINS_PATHWAY%MSIGDB_C2%BIOCARTA_PTDINS_PATHWAY	BIOCARTA_PTDINS_PATHWAY%MSIGDB_C2%BIOCARTA_PTDINS_PATHWAY		21	0.22885653	0.5918862	0.9665272	1.0	1.0	9544	tags=38%, list=39%, signal=62%	
SIGNALING BY FGFR1 IN DISEASE%REACTOME%R-HSA-5655302.4	SIGNALING BY FGFR1 IN DISEASE%REACTOME%R-HSA-5655302.4		32	0.21239464	0.5918738	0.98233694	1.0	1.0	7567	tags=31%, list=31%, signal=45%	
T CELL DIFFERENTIATION INVOLVED IN IMMUNE RESPONSE%GOBP%GO:0002292	T CELL DIFFERENTIATION INVOLVED IN IMMUNE RESPONSE%GOBP%GO:0002292		40	0.20197941	0.5909918	0.98341835	1.0	1.0	8346	tags=38%, list=34%, signal=57%	
NEGATIVE REGULATION OF THE PI3K AKT NETWORK%REACTOME%R-HSA-199418.5	NEGATIVE REGULATION OF THE PI3K AKT NETWORK%REACTOME%R-HSA-199418.5		107	0.17553207	0.5904754	1.0	1.0	1.0	6754	tags=21%, list=28%, signal=30%	
PURINE NUCLEOSIDE DIPHOSPHATE CATABOLIC PROCESS%GOBP%GO:0009137	PURINE NUCLEOSIDE DIPHOSPHATE CATABOLIC PROCESS%GOBP%GO:0009137		38	0.20417203	0.5900163	0.98275864	1.0	1.0	8789	tags=37%, list=36%, signal=57%	
CALCIUM ION IMPORT INTO CYTOSOL%GOBP%GO:1902656	CALCIUM ION IMPORT INTO CYTOSOL%GOBP%GO:1902656		26	0.2200298	0.5894684	0.98074275	1.0	1.0	10271	tags=46%, list=42%, signal=79%	
ELASTIC FIBRE FORMATION%REACTOME DATABASE ID RELEASE 95%1566948	ELASTIC FIBRE FORMATION%REACTOME DATABASE ID RELEASE 95%1566948		39	0.20543222	0.5884494	0.98921835	1.0	1.0	5993	tags=26%, list=24%, signal=34%	
POSITIVE REGULATION OF MEMBRANE PERMEABILITY%GOBP%GO:1905710	POSITIVE REGULATION OF MEMBRANE PERMEABILITY%GOBP%GO:1905710		22	0.2263426	0.5883103	0.9743224	1.0	1.0	5048	tags=23%, list=21%, signal=29%	
PID_A6B1_A6B4_INTEGRIN_PATHWAY%MSIGDB_C2%PID_A6B1_A6B4_INTEGRIN_PATHWAY	PID_A6B1_A6B4_INTEGRIN_PATHWAY%MSIGDB_C2%PID_A6B1_A6B4_INTEGRIN_PATHWAY		37	0.20587295	0.58823514	0.9776021	1.0	1.0	7650	tags=30%, list=31%, signal=43%	
TROP2 REGULATORY SIGNALING%WIKIPATHWAYS_20260211%WP5300%HOMO SAPIENS	TROP2 REGULATORY SIGNALING%WIKIPATHWAYS_20260211%WP5300%HOMO SAPIENS		36	0.20840208	0.5879354	0.97139144	1.0	1.0	8725	tags=39%, list=36%, signal=60%	
INTEGRIN-LINKED KINASE SIGNALING%PATHWAY INTERACTION DATABASE NCI-NATURE CURATED DATA%INTEGRIN-LINKED KINASE SIGNALING	INTEGRIN-LINKED KINASE SIGNALING%PATHWAY INTERACTION DATABASE NCI-NATURE CURATED DATA%INTEGRIN-LINKED KINASE SIGNALING		45	0.20014954	0.58767885	0.99113923	1.0	1.0	8625	tags=40%, list=35%, signal=62%	
SARS-COV-1-HOST INTERACTIONS%REACTOME%R-HSA-9692914.3	SARS-COV-1-HOST INTERACTIONS%REACTOME%R-HSA-9692914.3		95	0.17617835	0.5869939	0.99881375	1.0	1.0	8657	tags=29%, list=35%, signal=45%	
CDC42 SIGNALING EVENTS%PATHWAY INTERACTION DATABASE NCI-NATURE CURATED DATA%CDC42 SIGNALING EVENTS	CDC42 SIGNALING EVENTS%PATHWAY INTERACTION DATABASE NCI-NATURE CURATED DATA%CDC42 SIGNALING EVENTS		70	0.18273939	0.58651155	0.9976134	1.0	1.0	6707	tags=24%, list=27%, signal=33%	
IMATINIB AND CHRONIC MYELOID LEUKEMIA%WIKIPATHWAYS_20260211%WP3640%HOMO SAPIENS	IMATINIB AND CHRONIC MYELOID LEUKEMIA%WIKIPATHWAYS_20260211%WP3640%HOMO SAPIENS		16	0.24267884	0.58566564	0.95778745	1.0	1.0	7517	tags=38%, list=31%, signal=54%	
MESONEPHRIC TUBULE MORPHOGENESIS%GOBP%GO:0072171	MESONEPHRIC TUBULE MORPHOGENESIS%GOBP%GO:0072171		24	0.22443527	0.58520633	0.97095436	1.0	1.0	6257	tags=25%, list=26%, signal=34%	
P53 PATHWAY FEEDBACK LOOPS 2%PANTHER PATHWAY%P04398	P53 PATHWAY FEEDBACK LOOPS 2%PANTHER PATHWAY%P04398		40	0.20279974	0.5848685	0.99472994	1.0	1.0	5488	tags=18%, list=22%, signal=23%	
VIRAL BUDDING VIA HOST ESCRT COMPLEX%GOBP%GO:0039702	VIRAL BUDDING VIA HOST ESCRT COMPLEX%GOBP%GO:0039702		21	0.22897135	0.5845753	0.96532595	1.0	1.0	8941	tags=48%, list=37%, signal=75%	
LATE ENDOSOME TO LYSOSOME TRANSPORT%GOBP%GO:1902774	LATE ENDOSOME TO LYSOSOME TRANSPORT%GOBP%GO:1902774		18	0.23710315	0.5835916	0.9669065	1.0	1.0	8755	tags=39%, list=36%, signal=60%	
POSITIVE REGULATION OF PROTEIN DEPOLYMERIZATION%GOBP%GO:1901881	POSITIVE REGULATION OF PROTEIN DEPOLYMERIZATION%GOBP%GO:1901881		17	0.23996195	0.5828915	0.9622378	1.0	1.0	7531	tags=35%, list=31%, signal=51%	
PURINE RIBONUCLEOSIDE DIPHOSPHATE CATABOLIC PROCESS%GOBP%GO:0009181	PURINE RIBONUCLEOSIDE DIPHOSPHATE CATABOLIC PROCESS%GOBP%GO:0009181		38	0.20417203	0.5824458	0.9820972	1.0	1.0	8789	tags=37%, list=36%, signal=57%	
PI3K AKT MTOR SIGNALING AND THERAPEUTIC OPPORTUNITIES IN PROSTATE CANCER%WIKIPATHWAYS_20260211%WP3844%HOMO SAPIENS	PI3K AKT MTOR SIGNALING AND THERAPEUTIC OPPORTUNITIES IN PROSTATE CANCER%WIKIPATHWAYS_20260211%WP3844%HOMO SAPIENS		25	0.21823134	0.58213013	0.9756447	1.0	1.0	4592	tags=12%, list=19%, signal=15%	
REGULATION OF CD4-POSITIVE, ALPHA-BETA T CELL DIFFERENTIATION%GOBP%GO:0043370	REGULATION OF CD4-POSITIVE, ALPHA-BETA T CELL DIFFERENTIATION%GOBP%GO:0043370		49	0.19221209	0.58200747	0.99271846	1.0	1.0	6336	tags=24%, list=26%, signal=33%	
GLYCOLYSIS AND GLUCONEOGENESIS%WIKIPATHWAYS_20260211%WP534%HOMO SAPIENS	GLYCOLYSIS AND GLUCONEOGENESIS%WIKIPATHWAYS_20260211%WP534%HOMO SAPIENS		29	0.20996504	0.58156776	0.9837178	1.0	1.0	8789	tags=45%, list=36%, signal=70%	
PID_PI3KCI_PATHWAY%MSIGDB_C2%PID_PI3KCI_PATHWAY	PID_PI3KCI_PATHWAY%MSIGDB_C2%PID_PI3KCI_PATHWAY		37	0.20199013	0.5808107	0.9843953	1.0	1.0	6305	tags=22%, list=26%, signal=29%	
OBSOLETE POSITIVE REGULATION OF PROTEIN TARGETING TO MITOCHONDRION%GOBP%GO:1903955	OBSOLETE POSITIVE REGULATION OF PROTEIN TARGETING TO MITOCHONDRION%GOBP%GO:1903955		30	0.21223836	0.5801926	0.98865247	1.0	1.0	765	tags=7%, list=3%, signal=7%	
BIOCARTA_CCR3_PATHWAY%MSIGDB_C2%BIOCARTA_CCR3_PATHWAY	BIOCARTA_CCR3_PATHWAY%MSIGDB_C2%BIOCARTA_CCR3_PATHWAY		16	0.24064095	0.5801645	0.954023	1.0	1.0	3171	tags=13%, list=13%, signal=14%	
PID_AR_NONGENOMIC_PATHWAY%MSIGDB_C2%PID_AR_NONGENOMIC_PATHWAY	PID_AR_NONGENOMIC_PATHWAY%MSIGDB_C2%PID_AR_NONGENOMIC_PATHWAY		27	0.21527801	0.579616	0.9797297	1.0	1.0	7216	tags=30%, list=29%, signal=42%	
SIGNALING BY CSF3 (G-CSF)%REACTOME DATABASE ID RELEASE 95%9674555	SIGNALING BY CSF3 (G-CSF)%REACTOME DATABASE ID RELEASE 95%9674555		30	0.21011692	0.57943565	0.98153406	1.0	1.0	8948	tags=50%, list=37%, signal=79%	
NEGATIVE REGULATION OF LEUKOCYTE CHEMOTAXIS%GOBP%GO:0002689	NEGATIVE REGULATION OF LEUKOCYTE CHEMOTAXIS%GOBP%GO:0002689		17	0.23422773	0.5787302	0.9610951	1.0	1.0	8895	tags=59%, list=36%, signal=92%	
VEGFR2 MEDIATED CELL PROLIFERATION%REACTOME%R-HSA-5218921.5	VEGFR2 MEDIATED CELL PROLIFERATION%REACTOME%R-HSA-5218921.5		16	0.2355354	0.57740647	0.9792244	1.0	1.0	5026	tags=19%, list=21%, signal=24%	
REGULATION OF OXIDATIVE PHOSPHORYLATION%GOBP%GO:0002082	REGULATION OF OXIDATIVE PHOSPHORYLATION%GOBP%GO:0002082		17	0.23264898	0.5764447	0.9665698	1.0	1.0	4598	tags=18%, list=19%, signal=22%	
REGULATION OF INTERLEUKIN-5 PRODUCTION%GOBP%GO:0032674	REGULATION OF INTERLEUKIN-5 PRODUCTION%GOBP%GO:0032674		16	0.23544656	0.5759539	0.95988536	1.0	1.0	9874	tags=44%, list=40%, signal=73%	
POSITIVE REGULATION OF EPITHELIAL CELL PROLIFERATION%GOBP%GO:0050679	POSITIVE REGULATION OF EPITHELIAL CELL PROLIFERATION%GOBP%GO:0050679		133	0.16731255	0.57585335	0.9988611	1.0	1.0	10376	tags=44%, list=42%, signal=77%	
PYRIDINE-CONTAINING COMPOUND CATABOLIC PROCESS%GOBP%GO:0072526	PYRIDINE-CONTAINING COMPOUND CATABOLIC PROCESS%GOBP%GO:0072526		42	0.1967202	0.57574517	0.9870801	1.0	1.0	2158	tags=10%, list=9%, signal=10%	
CELLULAR RESPONSE TO NUTRIENT%GOBP%GO:0031670	CELLULAR RESPONSE TO NUTRIENT%GOBP%GO:0031670		22	0.22538349	0.57571465	0.974359	1.0	1.0	2484	tags=14%, list=10%, signal=15%	
CELL-SUBSTRATE JUNCTION ORGANIZATION%GOBP%GO:0150115	CELL-SUBSTRATE JUNCTION ORGANIZATION%GOBP%GO:0150115		31	0.20750773	0.5754507	0.98635745	1.0	1.0	441	tags=3%, list=2%, signal=3%	
EXPRESSION OF BMAL (ARNTL), CLOCK, AND NPAS2%REACTOME DATABASE ID RELEASE 95%9931509	EXPRESSION OF BMAL (ARNTL), CLOCK, AND NPAS2%REACTOME DATABASE ID RELEASE 95%9931509		34	0.20397586	0.575194	0.9919786	1.0	1.0	874	tags=6%, list=4%, signal=6%	
REGULATION OF STEROL TRANSPORT%GOBP%GO:0032371	REGULATION OF STEROL TRANSPORT%GOBP%GO:0032371		51	0.18868822	0.5741631	0.9923761	1.0	1.0	9480	tags=35%, list=39%, signal=57%	
GLUCAGON-LIKE PEPTIDE-1 (GLP1) REGULATES INSULIN SECRETION%REACTOME DATABASE ID RELEASE 95%381676	GLUCAGON-LIKE PEPTIDE-1 (GLP1) REGULATES INSULIN SECRETION%REACTOME DATABASE ID RELEASE 95%381676		42	0.19409677	0.5738015	0.9883871	1.0	1.0	5026	tags=19%, list=21%, signal=24%	
REGULATION OF CYCLIN-DEPENDENT PROTEIN SERINE/THREONINE KINASE ACTIVITY%GOBP%GO:0000079	REGULATION OF CYCLIN-DEPENDENT PROTEIN SERINE/THREONINE KINASE ACTIVITY%GOBP%GO:0000079		31	0.2055605	0.5729761	0.98123324	1.0	1.0	8382	tags=35%, list=34%, signal=54%	
NEGATIVE REGULATION OF GLUCONEOGENESIS%GOBP%GO:0045721	NEGATIVE REGULATION OF GLUCONEOGENESIS%GOBP%GO:0045721		17	0.23260401	0.5727589	0.9758865	1.0	1.0	6078	tags=29%, list=25%, signal=39%	
SIGNALING BY ERBB4%REACTOME DATABASE ID RELEASE 95%1236394	SIGNALING BY ERBB4%REACTOME DATABASE ID RELEASE 95%1236394		54	0.18963054	0.5725972	0.99630994	1.0	1.0	6348	tags=22%, list=26%, signal=30%	
NEGATIVE REGULATION OF ALPHA-BETA T CELL ACTIVATION%GOBP%GO:0046636	NEGATIVE REGULATION OF ALPHA-BETA T CELL ACTIVATION%GOBP%GO:0046636		37	0.19893765	0.5723698	0.9811828	1.0	1.0	2692	tags=11%, list=11%, signal=12%	
SIGNALING BY FGFR2 IN DISEASE%REACTOME%R-HSA-5655253.3	SIGNALING BY FGFR2 IN DISEASE%REACTOME%R-HSA-5655253.3		38	0.1983211	0.5717402	0.98550725	1.0	1.0	7732	tags=29%, list=32%, signal=42%	
PAR4-MEDIATED THROMBIN SIGNALING EVENTS%PATHWAY INTERACTION DATABASE NCI-NATURE CURATED DATA%PAR4-MEDIATED THROMBIN SIGNALING EVENTS	PAR4-MEDIATED THROMBIN SIGNALING EVENTS%PATHWAY INTERACTION DATABASE NCI-NATURE CURATED DATA%PAR4-MEDIATED THROMBIN SIGNALING EVENTS		15	0.24311103	0.57163817	0.96274215	1.0	1.0	9484	tags=40%, list=39%, signal=65%	
POSITIVE REGULATION OF INTERLEUKIN-4 PRODUCTION%GOBP%GO:0032753	POSITIVE REGULATION OF INTERLEUKIN-4 PRODUCTION%GOBP%GO:0032753		20	0.22315247	0.5712931	0.9663394	1.0	1.0	5821	tags=25%, list=24%, signal=33%	
REGULATION OF CELLULAR RESPONSE TO INSULIN STIMULUS%GOBP%GO:1900076	REGULATION OF CELLULAR RESPONSE TO INSULIN STIMULUS%GOBP%GO:1900076		53	0.18632698	0.5710955	0.99255586	1.0	1.0	4876	tags=17%, list=20%, signal=21%	
EPIDERMAL GROWTH FACTOR RECEPTOR SIGNALING PATHWAY%GOBP%GO:0007173	EPIDERMAL GROWTH FACTOR RECEPTOR SIGNALING PATHWAY%GOBP%GO:0007173		52	0.18878093	0.5707145	0.99620736	1.0	1.0	9943	tags=46%, list=41%, signal=78%	
BETA2 ADRENERGIC RECEPTOR SIGNALING PATHWAY%PANTHER PATHWAY%P04378	BETA2 ADRENERGIC RECEPTOR SIGNALING PATHWAY%PANTHER PATHWAY%P04378		24	0.2137537	0.5696688	0.98174155	1.0	1.0	4981	tags=21%, list=20%, signal=26%	
RESPONSE TO EPIDERMAL GROWTH FACTOR%GOBP%GO:0070849	RESPONSE TO EPIDERMAL GROWTH FACTOR%GOBP%GO:0070849		32	0.2054511	0.56962556	0.9855643	1.0	1.0	7531	tags=31%, list=31%, signal=45%	
NEUROBLAST PROLIFERATION%GOBP%GO:0007405	NEUROBLAST PROLIFERATION%GOBP%GO:0007405		17	0.23322366	0.56865925	0.9732771	1.0	1.0	5452	tags=24%, list=22%, signal=30%	
BIOCARTA_CTCF_PATHWAY%MSIGDB_C2%BIOCARTA_CTCF_PATHWAY	BIOCARTA_CTCF_PATHWAY%MSIGDB_C2%BIOCARTA_CTCF_PATHWAY		19	0.22590667	0.56838673	0.97038084	1.0	1.0	9544	tags=47%, list=39%, signal=78%	
FATTY ACYL-COA BIOSYNTHESIS%REACTOME DATABASE ID RELEASE 95%75105	FATTY ACYL-COA BIOSYNTHESIS%REACTOME DATABASE ID RELEASE 95%75105		37	0.20093991	0.5681262	0.9921363	1.0	1.0	8574	tags=38%, list=35%, signal=58%	
CD4-POSITIVE, ALPHA-BETA T CELL ACTIVATION%GOBP%GO:0035710	CD4-POSITIVE, ALPHA-BETA T CELL ACTIVATION%GOBP%GO:0035710		58	0.18254736	0.56655794	0.99369484	1.0	1.0	8597	tags=34%, list=35%, signal=53%	
MULTIVESICULAR BODY SORTING PATHWAY%GOBP%GO:0071985	MULTIVESICULAR BODY SORTING PATHWAY%GOBP%GO:0071985		48	0.18743892	0.5662816	0.9974457	1.0	1.0	9023	tags=42%, list=37%, signal=66%	
BIOCARTA_AGR_PATHWAY%MSIGDB_C2%BIOCARTA_AGR_PATHWAY	BIOCARTA_AGR_PATHWAY%MSIGDB_C2%BIOCARTA_AGR_PATHWAY		26	0.2072373	0.56575274	0.97625697	1.0	1.0	7216	tags=27%, list=29%, signal=38%	
RAS PROCESSING%REACTOME DATABASE ID RELEASE 95%9648002	RAS PROCESSING%REACTOME DATABASE ID RELEASE 95%9648002		20	0.22557607	0.5654579	0.96892655	1.0	1.0	7073	tags=25%, list=29%, signal=35%	
G BETA:GAMMA SIGNALLING THROUGH CDC42%REACTOME DATABASE ID RELEASE 95%8964616	G BETA:GAMMA SIGNALLING THROUGH CDC42%REACTOME DATABASE ID RELEASE 95%8964616		20	0.22251913	0.5653234	0.97979796	1.0	1.0	3979	tags=20%, list=16%, signal=24%	
CELL CYCLE G1/S PHASE TRANSITION%GOBP%GO:0044843	CELL CYCLE G1/S PHASE TRANSITION%GOBP%GO:0044843		70	0.17639136	0.56459486	0.9976105	1.0	1.0	1774	tags=7%, list=7%, signal=8%	
REGULATION OF CHOLESTEROL TRANSPORT%GOBP%GO:0032374	REGULATION OF CHOLESTEROL TRANSPORT%GOBP%GO:0032374		51	0.18868822	0.56393486	0.9949622	1.0	1.0	9480	tags=35%, list=39%, signal=57%	
CCR7%IOB%CCR7	CCR7%IOB%CCR7		15	0.23387133	0.56290084	0.9751098	1.0	1.0	7694	tags=33%, list=31%, signal=49%	
GLYCOGEN BREAKDOWN (GLYCOGENOLYSIS)%REACTOME%R-HSA-70221.8	GLYCOGEN BREAKDOWN (GLYCOGENOLYSIS)%REACTOME%R-HSA-70221.8		15	0.23996466	0.5627236	0.9767442	1.0	1.0	3270	tags=13%, list=13%, signal=15%	
REGULATION OF ACTIVATED T CELL PROLIFERATION%GOBP%GO:0046006	REGULATION OF ACTIVATED T CELL PROLIFERATION%GOBP%GO:0046006		32	0.20382197	0.56262517	0.98039216	1.0	1.0	7580	tags=31%, list=31%, signal=45%	
BIOCARTA_FAS_PATHWAY%MSIGDB_C2%BIOCARTA_FAS_PATHWAY	BIOCARTA_FAS_PATHWAY%MSIGDB_C2%BIOCARTA_FAS_PATHWAY		24	0.21347292	0.5623828	0.9846583	1.0	1.0	4990	tags=21%, list=20%, signal=26%	
ASSEMBLY OF THE HIV VIRION%REACTOME DATABASE ID RELEASE 95%175474	ASSEMBLY OF THE HIV VIRION%REACTOME DATABASE ID RELEASE 95%175474		16	0.23015673	0.56209254	0.97289586	1.0	1.0	8941	tags=56%, list=37%, signal=89%	
ALPHA-BETA T CELL DIFFERENTIATION%GOBP%GO:0046632	ALPHA-BETA T CELL DIFFERENTIATION%GOBP%GO:0046632		61	0.17714714	0.5618989	0.9975031	1.0	1.0	8814	tags=34%, list=36%, signal=54%	
CYCLIN D ASSOCIATED EVENTS IN G1%REACTOME DATABASE ID RELEASE 95%69231	CYCLIN D ASSOCIATED EVENTS IN G1%REACTOME DATABASE ID RELEASE 95%69231		46	0.18768616	0.5617048	0.9948186	1.0	1.0	8410	tags=33%, list=34%, signal=50%	
AURORA B SIGNALING%PATHWAY INTERACTION DATABASE NCI-NATURE CURATED DATA%AURORA B SIGNALING	AURORA B SIGNALING%PATHWAY INTERACTION DATABASE NCI-NATURE CURATED DATA%AURORA B SIGNALING		40	0.19328436	0.56098574	0.99864864	1.0	1.0	6928	tags=30%, list=28%, signal=42%	
TRANSLATION INHIBITORS IN CHRONICALLY ACTIVATED PDGFRA CELLS%WIKIPATHWAYS_20260211%WP4566%HOMO SAPIENS	TRANSLATION INHIBITORS IN CHRONICALLY ACTIVATED PDGFRA CELLS%WIKIPATHWAYS_20260211%WP4566%HOMO SAPIENS		36	0.19565104	0.5605948	0.9848276	1.0	1.0	6517	tags=22%, list=27%, signal=30%	
REGULATION OF SKELETAL MUSCLE CELL DIFFERENTIATION%GOBP%GO:2001014	REGULATION OF SKELETAL MUSCLE CELL DIFFERENTIATION%GOBP%GO:2001014		18	0.22808208	0.56048495	0.98417264	1.0	1.0	4703	tags=22%, list=19%, signal=27%	
BIOCARTA_PYK2_PATHWAY%MSIGDB_C2%BIOCARTA_PYK2_PATHWAY	BIOCARTA_PYK2_PATHWAY%MSIGDB_C2%BIOCARTA_PYK2_PATHWAY		23	0.21459755	0.55956864	0.98	1.0	1.0	7216	tags=35%, list=29%, signal=49%	
G1 PHASE%REACTOME%R-HSA-69236.6	G1 PHASE%REACTOME%R-HSA-69236.6		46	0.18768616	0.55955535	0.99737185	1.0	1.0	8410	tags=33%, list=34%, signal=50%	
BIOCARTA_ERAD_PATHWAY%MSIGDB_C2%BIOCARTA_ERAD_PATHWAY	BIOCARTA_ERAD_PATHWAY%MSIGDB_C2%BIOCARTA_ERAD_PATHWAY		15	0.23700668	0.5595181	0.96215427	1.0	1.0	3803	tags=20%, list=16%, signal=24%	
PRESYNAPTIC FUNCTION OF KAINATE RECEPTORS%REACTOME%R-HSA-500657.3	PRESYNAPTIC FUNCTION OF KAINATE RECEPTORS%REACTOME%R-HSA-500657.3		21	0.21631461	0.5593577	0.9820937	1.0	1.0	8172	tags=43%, list=33%, signal=64%	
SIGNALING BY TGF-BETA RECEPTOR COMPLEX%REACTOME DATABASE ID RELEASE 95%170834	SIGNALING BY TGF-BETA RECEPTOR COMPLEX%REACTOME DATABASE ID RELEASE 95%170834		90	0.16945606	0.5589278	1.0	1.0	1.0	6517	tags=24%, list=27%, signal=33%	
INOSITOL METABOLISM%PATHWHIZ%PW088261	INOSITOL METABOLISM%PATHWHIZ%PW088261		21	0.21726768	0.5576605	0.97985613	1.0	1.0	10332	tags=38%, list=42%, signal=66%	
MIRNA REGULATION OF PROSTATE CANCER SIGNALING%WIKIPATHWAYS_20260211%WP3981%HOMO SAPIENS	MIRNA REGULATION OF PROSTATE CANCER SIGNALING%WIKIPATHWAYS_20260211%WP3981%HOMO SAPIENS		26	0.20753112	0.55663013	0.98191935	1.0	1.0	3354	tags=15%, list=14%, signal=18%	
CYTOPROTECTION BY HMOX1%REACTOME DATABASE ID RELEASE 95%9707564	CYTOPROTECTION BY HMOX1%REACTOME DATABASE ID RELEASE 95%9707564		54	0.18139622	0.5564448	1.0	1.0	1.0	4601	tags=13%, list=19%, signal=16%	
TRISTETRAPROLIN (TTP, ZFP36) BINDS AND DESTABILIZES MRNA%REACTOME DATABASE ID RELEASE 95%450513	TRISTETRAPROLIN (TTP, ZFP36) BINDS AND DESTABILIZES MRNA%REACTOME DATABASE ID RELEASE 95%450513		17	0.23067455	0.55606544	0.9811047	1.0	1.0	2315	tags=12%, list=9%, signal=13%	
CELLULAR RESPONSE TO INSULIN STIMULUS%GOBP%GO:0032869	CELLULAR RESPONSE TO INSULIN STIMULUS%GOBP%GO:0032869		108	0.1645173	0.5553804	1.0	1.0	1.0	7614	tags=27%, list=31%, signal=39%	
PID_INSULIN_GLUCOSE_PATHWAY%MSIGDB_C2%PID_INSULIN_GLUCOSE_PATHWAY	PID_INSULIN_GLUCOSE_PATHWAY%MSIGDB_C2%PID_INSULIN_GLUCOSE_PATHWAY		19	0.22068326	0.5553272	0.98421806	1.0	1.0	7122	tags=32%, list=29%, signal=44%	
APOPTOTIC FACTOR-MEDIATED RESPONSE%REACTOME DATABASE ID RELEASE 95%111471	APOPTOTIC FACTOR-MEDIATED RESPONSE%REACTOME DATABASE ID RELEASE 95%111471		19	0.22258827	0.5550842	0.9758179	1.0	1.0	9077	tags=47%, list=37%, signal=75%	
HDR THROUGH SINGLE STRAND ANNEALING (SSA)%REACTOME%R-HSA-5685938.3	HDR THROUGH SINGLE STRAND ANNEALING (SSA)%REACTOME%R-HSA-5685938.3		37	0.19437207	0.5546627	0.99740595	1.0	1.0	4340	tags=14%, list=18%, signal=16%	
IMPAIRED BRCA2 BINDING TO RAD51%REACTOME DATABASE ID RELEASE 95%9709570	IMPAIRED BRCA2 BINDING TO RAD51%REACTOME DATABASE ID RELEASE 95%9709570		35	0.19219309	0.5545116	0.99196786	1.0	1.0	4340	tags=14%, list=18%, signal=17%	
STEM CELL POPULATION MAINTENANCE%GOBP%GO:0019827	STEM CELL POPULATION MAINTENANCE%GOBP%GO:0019827		47	0.18381697	0.5539351	0.9935979	1.0	1.0	8149	tags=30%, list=33%, signal=45%	
PURINE NUCLEOSIDE DIPHOSPHATE METABOLIC PROCESS%GOBP%GO:0009135	PURINE NUCLEOSIDE DIPHOSPHATE METABOLIC PROCESS%GOBP%GO:0009135		42	0.18838167	0.55383146	0.9948586	1.0	1.0	8789	tags=36%, list=36%, signal=56%	
VITAMIN B12 METABOLISM%WIKIPATHWAYS_20260211%WP1533%HOMO SAPIENS	VITAMIN B12 METABOLISM%WIKIPATHWAYS_20260211%WP1533%HOMO SAPIENS		40	0.18960233	0.55327713	0.9948454	1.0	1.0	5253	tags=20%, list=21%, signal=25%	
POSITIVE REGULATION OF DENDRITE EXTENSION%GOBP%GO:1903861	POSITIVE REGULATION OF DENDRITE EXTENSION%GOBP%GO:1903861		17	0.22444843	0.5507046	0.98540145	1.0	1.0	5097	tags=18%, list=21%, signal=22%	
EXECUTION PHASE OF APOPTOSIS%GOBP%GO:0097194	EXECUTION PHASE OF APOPTOSIS%GOBP%GO:0097194		44	0.18425457	0.5502066	0.996063	1.0	1.0	6023	tags=20%, list=25%, signal=27%	
PHOSPHATIDYLINOSITOL PHOSPHATE BIOSYNTHETIC PROCESS%GOBP%GO:0046854	PHOSPHATIDYLINOSITOL PHOSPHATE BIOSYNTHETIC PROCESS%GOBP%GO:0046854		39	0.18641554	0.549094	0.9974392	1.0	1.0	8216	tags=31%, list=34%, signal=46%	
DNA MODIFICATION%GOBP%GO:0006304	DNA MODIFICATION%GOBP%GO:0006304		27	0.20524257	0.5490339	0.98767126	1.0	1.0	8215	tags=37%, list=34%, signal=56%	
ZINC TRANSPORTERS%REACTOME%R-HSA-435354.4	ZINC TRANSPORTERS%REACTOME%R-HSA-435354.4		15	0.22984947	0.54902893	0.97985613	1.0	1.0	6221	tags=27%, list=25%, signal=36%	
HYPOXIC AND OXYGEN HOMEOSTASIS REGULATION OF HIF-1-ALPHA%PATHWAY INTERACTION DATABASE NCI-NATURE CURATED DATA%HYPOXIC AND OXYGEN HOMEOSTASIS REGULATION OF HIF-1-ALPHA	HYPOXIC AND OXYGEN HOMEOSTASIS REGULATION OF HIF-1-ALPHA%PATHWAY INTERACTION DATABASE NCI-NATURE CURATED DATA%HYPOXIC AND OXYGEN HOMEOSTASIS REGULATION OF HIF-1-ALPHA		19	0.21650851	0.5487669	0.9827834	1.0	1.0	5748	tags=26%, list=23%, signal=34%	
SIGNALING BY ERBB2%REACTOME DATABASE ID RELEASE 95%1227986	SIGNALING BY ERBB2%REACTOME DATABASE ID RELEASE 95%1227986		46	0.1849244	0.54775196	0.9960526	1.0	1.0	10287	tags=43%, list=42%, signal=75%	
RNA POLYMERASE I TRANSCRIPTION INITIATION%REACTOME DATABASE ID RELEASE 95%73762	RNA POLYMERASE I TRANSCRIPTION INITIATION%REACTOME DATABASE ID RELEASE 95%73762		47	0.18481913	0.5476048	1.0	1.0	1.0	4464	tags=13%, list=18%, signal=16%	
PID_AURORA_B_PATHWAY%MSIGDB_C2%PID_AURORA_B_PATHWAY	PID_AURORA_B_PATHWAY%MSIGDB_C2%PID_AURORA_B_PATHWAY		22	0.21507172	0.54560214	0.9839416	1.0	1.0	6773	tags=27%, list=28%, signal=38%	
CONSTITUTIVE SIGNALING BY ABERRANT PI3K IN CANCER%REACTOME DATABASE ID RELEASE 95%2219530	CONSTITUTIVE SIGNALING BY ABERRANT PI3K IN CANCER%REACTOME DATABASE ID RELEASE 95%2219530		73	0.17007636	0.54517287	0.9987715	1.0	1.0	9893	tags=33%, list=40%, signal=55%	
TRANSCRIPTION INITIATION AT RNA POLYMERASE I PROMOTER%GOBP%GO:0006361	TRANSCRIPTION INITIATION AT RNA POLYMERASE I PROMOTER%GOBP%GO:0006361		19	0.21752678	0.5446037	0.9885714	1.0	1.0	2413	tags=11%, list=10%, signal=12%	
RIBONUCLEOSIDE DIPHOSPHATE METABOLIC PROCESS%GOBP%GO:0009185	RIBONUCLEOSIDE DIPHOSPHATE METABOLIC PROCESS%GOBP%GO:0009185		53	0.18029909	0.5433153	0.99743587	1.0	1.0	8789	tags=36%, list=36%, signal=56%	
PID_EPO_PATHWAY%MSIGDB_C2%PID_EPO_PATHWAY	PID_EPO_PATHWAY%MSIGDB_C2%PID_EPO_PATHWAY		29	0.19875535	0.5429753	0.9932065	1.0	1.0	8711	tags=38%, list=36%, signal=59%	
PHOSPHOLIPID HOMEOSTASIS%GOBP%GO:0055091	PHOSPHOLIPID HOMEOSTASIS%GOBP%GO:0055091		16	0.2250428	0.5426716	0.97387516	1.0	1.0	7130	tags=38%, list=29%, signal=53%	
MAINTENANCE OF CELL NUMBER%GOBP%GO:0098727	MAINTENANCE OF CELL NUMBER%GOBP%GO:0098727		48	0.17941047	0.54238594	0.9974392	1.0	1.0	8149	tags=29%, list=33%, signal=44%	
RESPONSE TO COLD%GOBP%GO:0009409	RESPONSE TO COLD%GOBP%GO:0009409		18	0.21771766	0.5423669	0.9817159	1.0	1.0	8431	tags=39%, list=34%, signal=59%	
POSITIVE REGULATION OF HEART RATE%GOBP%GO:0010460	POSITIVE REGULATION OF HEART RATE%GOBP%GO:0010460		16	0.22247952	0.542223	0.9872702	1.0	1.0	8394	tags=44%, list=34%, signal=67%	
AUTOPHAGOSOME MATURATION%GOBP%GO:0097352	AUTOPHAGOSOME MATURATION%GOBP%GO:0097352		49	0.18105444	0.54157054	0.9986996	1.0	1.0	8755	tags=33%, list=36%, signal=51%	
GLYCOGEN SYNTHESIS AND DEGRADATION%WIKIPATHWAYS_20260211%WP500%HOMO SAPIENS	GLYCOGEN SYNTHESIS AND DEGRADATION%WIKIPATHWAYS_20260211%WP500%HOMO SAPIENS		30	0.19373946	0.5399469	0.99172413	1.0	1.0	6321	tags=23%, list=26%, signal=31%	
TRANSCRIPTIONAL REGULATION OF BROWN AND BEIGE ADIPOCYTE DIFFERENTIATION%REACTOME%R-HSA-9843743.1	TRANSCRIPTIONAL REGULATION OF BROWN AND BEIGE ADIPOCYTE DIFFERENTIATION%REACTOME%R-HSA-9843743.1		29	0.19400379	0.53946567	0.9920949	1.0	1.0	8011	tags=34%, list=33%, signal=51%	
CD4-POSITIVE, ALPHA-BETA T CELL DIFFERENTIATION%GOBP%GO:0043367	CD4-POSITIVE, ALPHA-BETA T CELL DIFFERENTIATION%GOBP%GO:0043367		54	0.17699529	0.53749263	0.99743587	1.0	1.0	8597	tags=35%, list=35%, signal=54%	
ACYL CHAIN REMODELLING OF PS%REACTOME%R-HSA-1482801.5	ACYL CHAIN REMODELLING OF PS%REACTOME%R-HSA-1482801.5		22	0.20770574	0.5371757	0.9930939	1.0	1.0	9387	tags=36%, list=38%, signal=59%	
INOSITOL METABOLISM%SMPDB%SMP0000011	INOSITOL METABOLISM%SMPDB%SMP0000011		22	0.20410293	0.5362065	0.98630136	1.0	1.0	910	tags=5%, list=4%, signal=5%	
ENDOSOMAL SORTING COMPLEX REQUIRED FOR TRANSPORT (ESCRT)%REACTOME DATABASE ID RELEASE 95%917729	ENDOSOMAL SORTING COMPLEX REQUIRED FOR TRANSPORT (ESCRT)%REACTOME DATABASE ID RELEASE 95%917729		31	0.19238426	0.5351757	0.98395723	1.0	1.0	7198	tags=32%, list=29%, signal=46%	
NEGATIVE REGULATION OF ALPHA-BETA T CELL DIFFERENTIATION%GOBP%GO:0046639	NEGATIVE REGULATION OF ALPHA-BETA T CELL DIFFERENTIATION%GOBP%GO:0046639		23	0.20444217	0.53477323	0.99176955	1.0	1.0	7330	tags=26%, list=30%, signal=37%	
RESPONSE TO INSULIN%GOBP%GO:0032868	RESPONSE TO INSULIN%GOBP%GO:0032868		122	0.15647921	0.53474224	1.0	1.0	1.0	7614	tags=25%, list=31%, signal=37%	
CALCIUM ION IMPORT ACROSS PLASMA MEMBRANE%GOBP%GO:0098703	CALCIUM ION IMPORT ACROSS PLASMA MEMBRANE%GOBP%GO:0098703		25	0.19814952	0.5339149	0.9903315	1.0	1.0	10271	tags=44%, list=42%, signal=76%	
LONG-CHAIN FATTY ACID BIOSYNTHETIC PROCESS%GOBP%GO:0042759	LONG-CHAIN FATTY ACID BIOSYNTHETIC PROCESS%GOBP%GO:0042759		26	0.20002946	0.53340226	0.99012697	1.0	1.0	7690	tags=35%, list=31%, signal=50%	
ANTIGEN PROCESSING AND PRESENTATION OF PEPTIDE ANTIGEN VIA MHC CLASS IB%GOBP%GO:0002428	ANTIGEN PROCESSING AND PRESENTATION OF PEPTIDE ANTIGEN VIA MHC CLASS IB%GOBP%GO:0002428		15	0.22233884	0.53293025	0.97935104	1.0	1.0	7118	tags=20%, list=29%, signal=28%	
MESODERM MORPHOGENESIS%GOBP%GO:0048332	MESODERM MORPHOGENESIS%GOBP%GO:0048332		30	0.19431393	0.53262323	0.98351645	1.0	1.0	3402	tags=13%, list=14%, signal=15%	
INWARDLY RECTIFYING K+ CHANNELS%REACTOME%R-HSA-1296065.4	INWARDLY RECTIFYING K+ CHANNELS%REACTOME%R-HSA-1296065.4		35	0.18966411	0.53142214	0.99344695	1.0	1.0	9265	tags=40%, list=38%, signal=64%	
ANTEROGRADE SYNAPTIC VESICLE TRANSPORT%GOBP%GO:0048490	ANTEROGRADE SYNAPTIC VESICLE TRANSPORT%GOBP%GO:0048490		17	0.21448219	0.5301719	0.9885387	1.0	1.0	10440	tags=65%, list=43%, signal=113%	
BIOCARTA_TNFR1_PATHWAY%MSIGDB_C2%BIOCARTA_TNFR1_PATHWAY	BIOCARTA_TNFR1_PATHWAY%MSIGDB_C2%BIOCARTA_TNFR1_PATHWAY		27	0.19094953	0.5301489	0.99192464	1.0	1.0	4832	tags=19%, list=20%, signal=23%	
EPIBOLY%GOBP%GO:0090504	EPIBOLY%GOBP%GO:0090504		28	0.19619781	0.52961653	0.9959893	1.0	1.0	10406	tags=50%, list=42%, signal=87%	
NEGATIVE REGULATION OF DNA-TEMPLATED DNA REPLICATION%GOBP%GO:2000104	NEGATIVE REGULATION OF DNA-TEMPLATED DNA REPLICATION%GOBP%GO:2000104		15	0.22107866	0.5295066	0.97691196	1.0	1.0	5967	tags=27%, list=24%, signal=35%	
POSITIVE REGULATION OF INTERFERON-ALPHA PRODUCTION%GOBP%GO:0032727	POSITIVE REGULATION OF INTERFERON-ALPHA PRODUCTION%GOBP%GO:0032727		22	0.20371139	0.5292565	0.99325234	1.0	1.0	8597	tags=36%, list=35%, signal=56%	
SPLICEOSOME CONFORMATIONAL CHANGE TO RELEASE U4 (OR U4ATAC) AND U1 (OR U11)%GOBP%GO:0000388	SPLICEOSOME CONFORMATIONAL CHANGE TO RELEASE U4 (OR U4ATAC) AND U1 (OR U11)%GOBP%GO:0000388		35	0.186886	0.5288387	0.9918367	1.0	1.0	6019	tags=17%, list=25%, signal=23%	
ENDOSOME TRANSPORT VIA MULTIVESICULAR BODY SORTING PATHWAY%GOBP%GO:0032509	ENDOSOME TRANSPORT VIA MULTIVESICULAR BODY SORTING PATHWAY%GOBP%GO:0032509		42	0.17973886	0.5276238	0.996124	1.0	1.0	9023	tags=43%, list=37%, signal=68%	
SYNAPTIC VESICLE TRANSPORT ALONG MICROTUBULE%GOBP%GO:0099517	SYNAPTIC VESICLE TRANSPORT ALONG MICROTUBULE%GOBP%GO:0099517		17	0.21448219	0.52494746	0.9781022	1.0	1.0	10440	tags=65%, list=43%, signal=113%	
REGULATION OF DENDRITE EXTENSION%GOBP%GO:1903859	REGULATION OF DENDRITE EXTENSION%GOBP%GO:1903859		18	0.2112534	0.52387995	0.98302686	1.0	1.0	5097	tags=17%, list=21%, signal=21%	
TRANSCRIPTIONAL REGULATION OF BROWN AND BEIGE ADIPOCYTE DIFFERENTIATION BY EBF2%REACTOME%R-HSA-9844594.2	TRANSCRIPTIONAL REGULATION OF BROWN AND BEIGE ADIPOCYTE DIFFERENTIATION BY EBF2%REACTOME%R-HSA-9844594.2		29	0.19400379	0.5233906	0.9931319	1.0	1.0	8011	tags=34%, list=33%, signal=51%	
2Q11 2 COPY NUMBER VARIATION SYNDROME%WIKIPATHWAYS_20260211%WP5221%HOMO SAPIENS	2Q11 2 COPY NUMBER VARIATION SYNDROME%WIKIPATHWAYS_20260211%WP5221%HOMO SAPIENS		28	0.18846487	0.52223456	0.99210525	1.0	1.0	6517	tags=25%, list=27%, signal=34%	
FAS LIGAND PATHWAY AND STRESS INDUCTION OF HEAT SHOCK PROTEINS%WIKIPATHWAYS_20260211%WP314%HOMO SAPIENS	FAS LIGAND PATHWAY AND STRESS INDUCTION OF HEAT SHOCK PROTEINS%WIKIPATHWAYS_20260211%WP314%HOMO SAPIENS		35	0.18306056	0.5221351	0.99202126	1.0	1.0	4990	tags=17%, list=20%, signal=21%	
MONOSACCHARIDE CATABOLIC PROCESS%GOBP%GO:0046365	MONOSACCHARIDE CATABOLIC PROCESS%GOBP%GO:0046365		43	0.17298502	0.51993996	0.99601597	1.0	1.0	8789	tags=37%, list=36%, signal=58%	
SYNAPTIC VESICLE CYTOSKELETAL TRANSPORT%GOBP%GO:0099514	SYNAPTIC VESICLE CYTOSKELETAL TRANSPORT%GOBP%GO:0099514		17	0.21448219	0.5173272	0.9843305	1.0	1.0	10440	tags=65%, list=43%, signal=113%	
5HT4 TYPE RECEPTOR MEDIATED SIGNALING PATHWAY%PANTHER PATHWAY%P04376	5HT4 TYPE RECEPTOR MEDIATED SIGNALING PATHWAY%PANTHER PATHWAY%P04376		18	0.209847	0.5163251	0.98405796	1.0	1.0	8888	tags=44%, list=36%, signal=70%	
PROTEIN LOCALIZATION TO CELL-CELL JUNCTION%GOBP%GO:0150105	PROTEIN LOCALIZATION TO CELL-CELL JUNCTION%GOBP%GO:0150105		17	0.21197517	0.51618296	0.99262536	1.0	1.0	12291	tags=59%, list=50%, signal=118%	
PEPTIDYL-LYSINE METHYLATION%GOBP%GO:0018022	PEPTIDYL-LYSINE METHYLATION%GOBP%GO:0018022		17	0.21160586	0.51536	0.9930459	1.0	1.0	9419	tags=47%, list=38%, signal=76%	
IL27-MEDIATED SIGNALING EVENTS%PATHWAY INTERACTION DATABASE NCI-NATURE CURATED DATA%IL27-MEDIATED SIGNALING EVENTS	IL27-MEDIATED SIGNALING EVENTS%PATHWAY INTERACTION DATABASE NCI-NATURE CURATED DATA%IL27-MEDIATED SIGNALING EVENTS		26	0.18970959	0.5131475	0.9931413	1.0	1.0	7580	tags=35%, list=31%, signal=50%	
CELLULAR RESPONSE TO GLUCOCORTICOID STIMULUS%GOBP%GO:0071385	CELLULAR RESPONSE TO GLUCOCORTICOID STIMULUS%GOBP%GO:0071385		27	0.19057322	0.5129362	0.99863386	1.0	1.0	8551	tags=33%, list=35%, signal=51%	
GLYCOSAMINOGLYCAN METABOLIC PROCESS%GOBP%GO:0030203	GLYCOSAMINOGLYCAN METABOLIC PROCESS%GOBP%GO:0030203		41	0.17421387	0.51079595	0.9947644	1.0	1.0	6697	tags=22%, list=27%, signal=30%	
PLATELET AGGREGATION%GOBP%GO:0070527	PLATELET AGGREGATION%GOBP%GO:0070527		35	0.17891751	0.51059467	0.9973753	1.0	1.0	9126	tags=40%, list=37%, signal=64%	
T CELL LINEAGE COMMITMENT%GOBP%GO:0002360	T CELL LINEAGE COMMITMENT%GOBP%GO:0002360		17	0.2075237	0.5103176	0.99429387	1.0	1.0	7593	tags=35%, list=31%, signal=51%	
FGFR1 MUTANT RECEPTOR ACTIVATION%REACTOME%R-HSA-1839124.4	FGFR1 MUTANT RECEPTOR ACTIVATION%REACTOME%R-HSA-1839124.4		26	0.18879408	0.5102695	0.99590725	1.0	1.0	9455	tags=42%, list=39%, signal=69%	
ANDROGEN RECEPTOR SIGNALING PATHWAY%GOBP%GO:0030521	ANDROGEN RECEPTOR SIGNALING PATHWAY%GOBP%GO:0030521		19	0.20176013	0.51025766	0.9859747	1.0	1.0	1970	tags=11%, list=8%, signal=11%	
BETA3 ADRENERGIC RECEPTOR SIGNALING PATHWAY%PANTHER PATHWAY%P04379	BETA3 ADRENERGIC RECEPTOR SIGNALING PATHWAY%PANTHER PATHWAY%P04379		18	0.20886837	0.51019514	0.9939668	1.0	1.0	8888	tags=44%, list=36%, signal=70%	
T CELL COSTIMULATION%GOBP%GO:0031295	T CELL COSTIMULATION%GOBP%GO:0031295		36	0.1803418	0.5093942	0.99475753	1.0	1.0	7711	tags=28%, list=31%, signal=40%	
SIGNALING EVENTS MEDIATED BY PTP1B%PATHWAY INTERACTION DATABASE NCI-NATURE CURATED DATA%SIGNALING EVENTS MEDIATED BY PTP1B	SIGNALING EVENTS MEDIATED BY PTP1B%PATHWAY INTERACTION DATABASE NCI-NATURE CURATED DATA%SIGNALING EVENTS MEDIATED BY PTP1B		52	0.16994154	0.5092581	1.0	1.0	1.0	11280	tags=50%, list=46%, signal=92%	
ANTIGEN PROCESSING AND PRESENTATION VIA MHC CLASS IB%GOBP%GO:0002475	ANTIGEN PROCESSING AND PRESENTATION VIA MHC CLASS IB%GOBP%GO:0002475		20	0.20290187	0.5080769	0.99142855	1.0	1.0	9161	tags=30%, list=37%, signal=48%	
CYTOKINE PRODUCTION%GOBP%GO:0001816	CYTOKINE PRODUCTION%GOBP%GO:0001816		17	0.20773129	0.5070027	0.99126637	1.0	1.0	7628	tags=35%, list=31%, signal=51%	
PSORIASIS MECHANISM AND THERAPIES%WIKIPATHWAYS_20260211%WP5537%HOMO SAPIENS	PSORIASIS MECHANISM AND THERAPIES%WIKIPATHWAYS_20260211%WP5537%HOMO SAPIENS		16	0.20873383	0.50432587	0.99158484	1.0	1.0	12124	tags=69%, list=50%, signal=136%	
NEGATIVE REGULATION OF CYTOKINE PRODUCTION INVOLVED IN INFLAMMATORY RESPONSE%GOBP%GO:1900016	NEGATIVE REGULATION OF CYTOKINE PRODUCTION INVOLVED IN INFLAMMATORY RESPONSE%GOBP%GO:1900016		28	0.18620983	0.5041168	0.99863577	1.0	1.0	10179	tags=39%, list=42%, signal=67%	
MITOTIC CYTOKINETIC PROCESS%GOBP%GO:1902410	MITOTIC CYTOKINETIC PROCESS%GOBP%GO:1902410		30	0.18022816	0.5019812	1.0	1.0	1.0	12236	tags=63%, list=50%, signal=126%	
RESPONSE TO INTERFERON-ALPHA%GOBP%GO:0035455	RESPONSE TO INTERFERON-ALPHA%GOBP%GO:0035455		18	0.20400284	0.49809587	0.9942363	1.0	1.0	9781	tags=50%, list=40%, signal=83%	
FGFR2 MUTANT RECEPTOR ACTIVATION%REACTOME DATABASE ID RELEASE 95%1839126	FGFR2 MUTANT RECEPTOR ACTIVATION%REACTOME DATABASE ID RELEASE 95%1839126		30	0.1809832	0.4964187	0.9986894	1.0	1.0	7732	tags=30%, list=32%, signal=44%	
TRANSCRIPTION ELONGATION BY RNA POLYMERASE II%GOBP%GO:0006368	TRANSCRIPTION ELONGATION BY RNA POLYMERASE II%GOBP%GO:0006368		49	0.16343026	0.493216	1.0	1.0	1.0	6169	tags=20%, list=25%, signal=27%	
DNA-TEMPLATED TRANSCRIPTION ELONGATION%GOBP%GO:0006354	DNA-TEMPLATED TRANSCRIPTION ELONGATION%GOBP%GO:0006354		62	0.15756024	0.49252605	1.0	1.0	1.0	6169	tags=19%, list=25%, signal=26%	
RIBONUCLEOSIDE MONOPHOSPHATE BIOSYNTHETIC PROCESS%GOBP%GO:0009156	RIBONUCLEOSIDE MONOPHOSPHATE BIOSYNTHETIC PROCESS%GOBP%GO:0009156		20	0.19368687	0.48987305	0.99421966	1.0	1.0	2978	tags=10%, list=12%, signal=11%	
SIGNALING BY EGFR%REACTOME%R-HSA-177929.6	SIGNALING BY EGFR%REACTOME%R-HSA-177929.6		51	0.16152918	0.4886584	1.0	1.0	1.0	5619	tags=20%, list=23%, signal=25%	
CADMIUM INDUCES DNA SYNTHESIS AND PROLIFERATION IN MACROPHAGES%SMPDB%SMP0063805	CADMIUM INDUCES DNA SYNTHESIS AND PROLIFERATION IN MACROPHAGES%SMPDB%SMP0063805		16	0.20440781	0.4886026	0.99405646	1.0	1.0	6517	tags=25%, list=27%, signal=34%	
CALMODULIN INDUCED EVENTS%REACTOME DATABASE ID RELEASE 95%111933	CALMODULIN INDUCED EVENTS%REACTOME DATABASE ID RELEASE 95%111933		34	0.1723584	0.48743084	0.99737877	1.0	1.0	2744	tags=12%, list=11%, signal=13%	
CAM PATHWAY%REACTOME DATABASE ID RELEASE 95%111997	CAM PATHWAY%REACTOME DATABASE ID RELEASE 95%111997		34	0.1723584	0.48507592	0.996063	1.0	1.0	2744	tags=12%, list=11%, signal=13%	
EXTRACELLULAR VESICLE MEDIATED SIGNALING IN RECIPIENT CELLS%WIKIPATHWAYS_20260211%WP2870%HOMO SAPIENS	EXTRACELLULAR VESICLE MEDIATED SIGNALING IN RECIPIENT CELLS%WIKIPATHWAYS_20260211%WP2870%HOMO SAPIENS		23	0.18556285	0.4844004	0.9929078	1.0	1.0	9173	tags=43%, list=37%, signal=69%	
PROTEOGLYCAN CATABOLIC PROCESS%GOBP%GO:0030167	PROTEOGLYCAN CATABOLIC PROCESS%GOBP%GO:0030167		17	0.1998601	0.48362207	0.99707174	1.0	1.0	9217	tags=41%, list=38%, signal=66%	
APOPTOSIS RELATED NETWORK DUE TO ALTERED NOTCH3 IN OVARIAN CANCER%WIKIPATHWAYS_20260211%WP2864%HOMO SAPIENS	APOPTOSIS RELATED NETWORK DUE TO ALTERED NOTCH3 IN OVARIAN CANCER%WIKIPATHWAYS_20260211%WP2864%HOMO SAPIENS		38	0.16485998	0.47992527	1.0	1.0	1.0	10587	tags=53%, list=43%, signal=93%	
ERBB SIGNALING PATHWAY%GOBP%GO:0038127	ERBB SIGNALING PATHWAY%GOBP%GO:0038127		62	0.1528484	0.4749238	1.0	1.0	1.0	9943	tags=40%, list=41%, signal=68%	
WNT SIGNALING NETPATH%WIKIPATHWAYS_20260211%WP363%HOMO SAPIENS	WNT SIGNALING NETPATH%WIKIPATHWAYS_20260211%WP363%HOMO SAPIENS		43	0.16050918	0.4730681	1.0	1.0	1.0	9938	tags=40%, list=41%, signal=66%	
PID_ARF_3PATHWAY%MSIGDB_C2%PID_ARF_3PATHWAY	PID_ARF_3PATHWAY%MSIGDB_C2%PID_ARF_3PATHWAY		15	0.1971416	0.46807632	0.9985444	1.0	1.0	11080	tags=53%, list=45%, signal=97%	
DNA BIOSYNTHETIC PROCESS%GOBP%GO:0071897	DNA BIOSYNTHETIC PROCESS%GOBP%GO:0071897		62	0.14837798	0.46430385	1.0	1.0	1.0	6687	tags=19%, list=27%, signal=27%	
VALIDATED TRANSCRIPTIONAL TARGETS OF TAP63 ISOFORMS%PATHWAY INTERACTION DATABASE NCI-NATURE CURATED DATA%VALIDATED TRANSCRIPTIONAL TARGETS OF TAP63 ISOFORMS	VALIDATED TRANSCRIPTIONAL TARGETS OF TAP63 ISOFORMS%PATHWAY INTERACTION DATABASE NCI-NATURE CURATED DATA%VALIDATED TRANSCRIPTIONAL TARGETS OF TAP63 ISOFORMS		54	0.15296213	0.46390322	1.0	1.0	1.0	7384	tags=24%, list=30%, signal=34%	
POLO-LIKE KINASE MEDIATED EVENTS%REACTOME%R-HSA-156711.4	POLO-LIKE KINASE MEDIATED EVENTS%REACTOME%R-HSA-156711.4		16	0.1940265	0.46327713	0.99570817	1.0	1.0	12497	tags=50%, list=51%, signal=102%	
BIOCARTA_P53HYPOXIA_PATHWAY%MSIGDB_C2%BIOCARTA_P53HYPOXIA_PATHWAY	BIOCARTA_P53HYPOXIA_PATHWAY%MSIGDB_C2%BIOCARTA_P53HYPOXIA_PATHWAY		16	0.18478332	0.45517612	0.99707174	1.0	1.0	9859	tags=50%, list=40%, signal=84%	
CD209 (DC-SIGN) SIGNALING%REACTOME DATABASE ID RELEASE 95%5621575	CD209 (DC-SIGN) SIGNALING%REACTOME DATABASE ID RELEASE 95%5621575		20	0.18017854	0.45153794	0.998557	1.0	1.0	6320	tags=20%, list=26%, signal=27%	
NEGATIVE REGULATION OF CD4-POSITIVE, ALPHA-BETA T CELL DIFFERENTIATION%GOBP%GO:0043371	NEGATIVE REGULATION OF CD4-POSITIVE, ALPHA-BETA T CELL DIFFERENTIATION%GOBP%GO:0043371		18	0.18274017	0.4512307	0.99706316	1.0	1.0	8548	tags=33%, list=35%, signal=51%	
OMEGA 3 FATTY ACIDS IN SENESCENCE%WIKIPATHWAYS_20260211%WP5432%HOMO SAPIENS	OMEGA 3 FATTY ACIDS IN SENESCENCE%WIKIPATHWAYS_20260211%WP5432%HOMO SAPIENS		23	0.17121024	0.44673613	1.0	1.0	1.0	7690	tags=30%, list=31%, signal=44%	
REGULATION OF MESENCHYMAL CELL PROLIFERATION%GOBP%GO:0010464	REGULATION OF MESENCHYMAL CELL PROLIFERATION%GOBP%GO:0010464		15	0.1871977	0.44310784	0.99706316	1.0	1.0	10907	tags=53%, list=45%, signal=96%	
PID_PI3K_PLC_TRK_PATHWAY%MSIGDB_C2%PID_PI3K_PLC_TRK_PATHWAY	PID_PI3K_PLC_TRK_PATHWAY%MSIGDB_C2%PID_PI3K_PLC_TRK_PATHWAY		27	0.16369516	0.4420388	1.0	1.0	1.0	11851	tags=56%, list=48%, signal=108%	
ALTERNATIVE MRNA SPLICING, VIA SPLICEOSOME%GOBP%GO:0000380	ALTERNATIVE MRNA SPLICING, VIA SPLICEOSOME%GOBP%GO:0000380		20	0.17443961	0.43874753	1.0	1.0	1.0	6242	tags=25%, list=25%, signal=34%	
ALPHA-BETA T CELL LINEAGE COMMITMENT%GOBP%GO:0002363	ALPHA-BETA T CELL LINEAGE COMMITMENT%GOBP%GO:0002363		15	0.18322928	0.43798378	0.9984985	1.0	1.0	7593	tags=33%, list=31%, signal=48%	
CD4-POSITIVE, ALPHA-BETA T CELL LINEAGE COMMITMENT%GOBP%GO:0043373	CD4-POSITIVE, ALPHA-BETA T CELL LINEAGE COMMITMENT%GOBP%GO:0043373		15	0.18322928	0.43253455	1.0	1.0	1.0	7593	tags=33%, list=31%, signal=48%	
PEPTIDYL-L-CYSTEINE S-PALMITOYLATION%GOBP%GO:0018230	PEPTIDYL-L-CYSTEINE S-PALMITOYLATION%GOBP%GO:0018230		15	0.18169782	0.4291102	0.99701935	1.0	1.0	9385	tags=40%, list=38%, signal=65%	
PEPTIDYL-S-DIACYLGLYCEROL-L-CYSTEINE BIOSYNTHETIC PROCESS FROM PEPTIDYL-CYSTEINE%GOBP%GO:0018231	PEPTIDYL-S-DIACYLGLYCEROL-L-CYSTEINE BIOSYNTHETIC PROCESS FROM PEPTIDYL-CYSTEINE%GOBP%GO:0018231		15	0.18169782	0.42834002	1.0	1.0	1.0	9385	tags=40%, list=38%, signal=65%	
HYALURONAN METABOLIC PROCESS%GOBP%GO:0030212	HYALURONAN METABOLIC PROCESS%GOBP%GO:0030212		17	0.17093293	0.417238	0.99856937	1.0	1.0	10606	tags=53%, list=43%, signal=93%	
PLASMA MEMBRANE REPAIR%GOBP%GO:0001778	PLASMA MEMBRANE REPAIR%GOBP%GO:0001778		24	0.15928146	0.41629556	1.0	0.99992514	1.0	9126	tags=38%, list=37%, signal=60%	
PID_PI3KCI_AKT_PATHWAY%MSIGDB_C2%PID_PI3KCI_AKT_PATHWAY	PID_PI3KCI_AKT_PATHWAY%MSIGDB_C2%PID_PI3KCI_AKT_PATHWAY		27	0.13789056	0.36760694	1.0	0.9999612	1.0	787	tags=4%, list=3%, signal=4%	
