NAME	GS<br> follow link to MSigDB	GS DETAILS	SIZE	ES	NES	NOM p-val	FDR q-val	FWER p-val	RANK AT MAX	LEADING EDGE	
HALLMARK_UNFOLDED_PROTEIN_RESPONSE%MSIGDBHALLMARK%HALLMARK_UNFOLDED_PROTEIN_RESPONSE	HALLMARK_UNFOLDED_PROTEIN_RESPONSE%MSIGDBHALLMARK%HALLMARK_UNFOLDED_PROTEIN_RESPONSE	Details ...	94	-0.56693727	-2.2835174	0.0	0.006834574	0.006	4584	tags=56%, list=19%, signal=69%	
IRE1ALPHA ACTIVATES CHAPERONES%REACTOME%R-HSA-381070.3	IRE1ALPHA ACTIVATES CHAPERONES%REACTOME%R-HSA-381070.3	Details ...	49	-0.62483513	-2.2828202	0.0	0.003417287	0.006	3723	tags=49%, list=15%, signal=58%	
RETROGRADE PROTEIN TRANSPORT, ER TO CYTOSOL%GOBP%GO:0030970	RETROGRADE PROTEIN TRANSPORT, ER TO CYTOSOL%GOBP%GO:0030970	Details ...	19	-0.7711783	-2.2610984	0.0	0.0034322531	0.009	2353	tags=58%, list=10%, signal=64%	
ENDOPLASMIC RETICULUM TO CYTOSOL TRANSPORT%GOBP%GO:1903513	ENDOPLASMIC RETICULUM TO CYTOSOL TRANSPORT%GOBP%GO:1903513	Details ...	19	-0.7711783	-2.2179024	0.0	0.005440947	0.019	2353	tags=58%, list=10%, signal=64%	
ANDROSTENEDIONE METABOLISM%SMPDB%SMP0030406	ANDROSTENEDIONE METABOLISM%SMPDB%SMP0030406	Details ...	18	-0.745122	-2.1929836	0.0	0.0071024	0.031	1216	tags=39%, list=5%, signal=41%	
UNFOLDED PROTEIN RESPONSE (UPR)%REACTOME%R-HSA-381119.4	UNFOLDED PROTEIN RESPONSE (UPR)%REACTOME%R-HSA-381119.4	Details ...	92	-0.5333073	-2.1840694	0.0	0.007265047	0.038	3723	tags=39%, list=15%, signal=46%	
XBP1(S) ACTIVATES CHAPERONE GENES%REACTOME%R-HSA-381038.5	XBP1(S) ACTIVATES CHAPERONE GENES%REACTOME%R-HSA-381038.5	Details ...	47	-0.6098359	-2.1688514	0.0	0.0078521725	0.047	3723	tags=49%, list=15%, signal=58%	
DENGUE VIRUS GENOME TRANSLATION AND REPLICATION%REACTOME%R-HSA-9918487.1	DENGUE VIRUS GENOME TRANSLATION AND REPLICATION%REACTOME%R-HSA-9918487.1	Details ...	80	-0.5399991	-2.1629527	0.0	0.0075852536	0.052	1865	tags=30%, list=8%, signal=32%	
MORPHINE METABOLISM PATHWAY%SMPDB%SMP0000622	MORPHINE METABOLISM PATHWAY%SMPDB%SMP0000622	Details ...	16	-0.77495456	-2.136814	0.0	0.009947147	0.075	1216	tags=44%, list=5%, signal=46%	
ETOPOSIDE ACTION PATHWAY%SMPDB%SMP0000442	ETOPOSIDE ACTION PATHWAY%SMPDB%SMP0000442	Details ...	20	-0.7067363	-2.1309593	0.0	0.009859456	0.082	1216	tags=35%, list=5%, signal=37%	
DISEASES ASSOCIATED WITH GLYCOSYLATION PRECURSOR BIOSYNTHESIS%REACTOME DATABASE ID RELEASE 95%5609975	DISEASES ASSOCIATED WITH GLYCOSYLATION PRECURSOR BIOSYNTHESIS%REACTOME DATABASE ID RELEASE 95%5609975	Details ...	16	-0.78509057	-2.1265895	0.0	0.009285643	0.085	3629	tags=50%, list=15%, signal=59%	
PROTEIN EXIT FROM ENDOPLASMIC RETICULUM%GOBP%GO:0032527	PROTEIN EXIT FROM ENDOPLASMIC RETICULUM%GOBP%GO:0032527	Details ...	25	-0.66780347	-2.0785475	0.0	0.016627401	0.161	2685	tags=52%, list=11%, signal=58%	
CLASSICAL ANTIBODY-MEDIATED COMPLEMENT ACTIVATION%REACTOME%R-HSA-173623.4	CLASSICAL ANTIBODY-MEDIATED COMPLEMENT ACTIVATION%REACTOME%R-HSA-173623.4	Details ...	69	-0.54194367	-2.0539062	0.0	0.022766089	0.228	5078	tags=58%, list=21%, signal=73%	
IMMUNOGLOBULIN MEDIATED IMMUNE RESPONSE%GOBP%GO:0016064	IMMUNOGLOBULIN MEDIATED IMMUNE RESPONSE%GOBP%GO:0016064	Details ...	114	-0.4892525	-2.052612	0.0	0.021305643	0.23	3946	tags=42%, list=16%, signal=50%	
ETOPOSIDE METABOLISM PATHWAY%PATHWHIZ%PW000577	ETOPOSIDE METABOLISM PATHWAY%PATHWHIZ%PW000577	Details ...	20	-0.7067363	-2.02795	0.0	0.026683254	0.298	1216	tags=35%, list=5%, signal=37%	
SORAFENIB METABOLISM PATHWAY%PATHWHIZ%PW000624	SORAFENIB METABOLISM PATHWAY%PATHWHIZ%PW000624	Details ...	16	-0.73851115	-2.0227623	0.0	0.026383987	0.308	1216	tags=44%, list=5%, signal=46%	
IBUPROFEN METABOLISM PATHWAY%PATHWHIZ%PW000566	IBUPROFEN METABOLISM PATHWAY%PATHWHIZ%PW000566	Details ...	23	-0.6578359	-1.9989165	0.0	0.033248525	0.386	1705	tags=35%, list=7%, signal=37%	
NEURON FATE COMMITMENT%GOBP%GO:0048663	NEURON FATE COMMITMENT%GOBP%GO:0048663	Details ...	22	-0.65830564	-1.9874182	0.0	0.03660745	0.434	4106	tags=45%, list=17%, signal=55%	
CD22 MEDIATED BCR REGULATION%REACTOME DATABASE ID RELEASE 95%5690714	CD22 MEDIATED BCR REGULATION%REACTOME DATABASE ID RELEASE 95%5690714	Details ...	66	-0.52405155	-1.9849873	0.0	0.03589368	0.445	4814	tags=55%, list=20%, signal=68%	
VITAMIN A DEFICIENCY%SMPDB%SMP0000336	VITAMIN A DEFICIENCY%SMPDB%SMP0000336	Details ...	37	-0.58314687	-1.9834918	0.0	0.03444411	0.449	1363	tags=30%, list=6%, signal=31%	
RETINOL METABOLISM%SMPDB%SMP0000074	RETINOL METABOLISM%SMPDB%SMP0000074		37	-0.58314687	-1.9771484	0.0	0.035041183	0.473	1363	tags=30%, list=6%, signal=31%	
NGF-STIMULATED TRANSCRIPTION%REACTOME DATABASE ID RELEASE 95%9031628	NGF-STIMULATED TRANSCRIPTION%REACTOME DATABASE ID RELEASE 95%9031628		38	-0.5649459	-1.9661008	0.0	0.037967447	0.514	3016	tags=29%, list=12%, signal=33%	
B CELL MEDIATED IMMUNITY%GOBP%GO:0019724	B CELL MEDIATED IMMUNITY%GOBP%GO:0019724		118	-0.47227025	-1.9579751	0.0	0.03965495	0.556	3946	tags=41%, list=16%, signal=48%	
REGULATION OF CDH1 POSTTRANSLATIONAL PROCESSING AND TRAFFICKING TO PLASMA MEMBRANE%REACTOME DATABASE ID RELEASE 95%9768727	REGULATION OF CDH1 POSTTRANSLATIONAL PROCESSING AND TRAFFICKING TO PLASMA MEMBRANE%REACTOME DATABASE ID RELEASE 95%9768727		32	-0.60256106	-1.9393862	0.0	0.046829604	0.635	2176	tags=34%, list=9%, signal=38%	
PHOTODYNAMIC THERAPY INDUCED UNFOLDED PROTEIN RESPONSE%WIKIPATHWAYS_20260211%WP3613%HOMO SAPIENS	PHOTODYNAMIC THERAPY INDUCED UNFOLDED PROTEIN RESPONSE%WIKIPATHWAYS_20260211%WP3613%HOMO SAPIENS		20	-0.659862	-1.9265736	0.0036630037	0.05310202	0.706	3341	tags=60%, list=14%, signal=69%	
ROLE OF LAT2 NTAL LAB ON CALCIUM MOBILIZATION%REACTOME DATABASE ID RELEASE 95%2730905	ROLE OF LAT2 NTAL LAB ON CALCIUM MOBILIZATION%REACTOME DATABASE ID RELEASE 95%2730905		71	-0.49295557	-1.9172915	0.0	0.05590859	0.748	4649	tags=51%, list=19%, signal=62%	
MATURATION OF DENV PROTEINS%REACTOME%R-HSA-9918432.1	MATURATION OF DENV PROTEINS%REACTOME%R-HSA-9918432.1		51	-0.51986736	-1.9129753	0.0	0.05685528	0.765	1608	tags=29%, list=7%, signal=31%	
GLYCOSYLATION AND RELATED CONGENITAL DEFECTS%WIKIPATHWAYS_20260211%WP4521%HOMO SAPIENS	GLYCOSYLATION AND RELATED CONGENITAL DEFECTS%WIKIPATHWAYS_20260211%WP4521%HOMO SAPIENS		22	-0.64253306	-1.9107645	0.0	0.056191873	0.771	2293	tags=50%, list=9%, signal=55%	
RESPONSE TO UNFOLDED PROTEIN%GOBP%GO:0006986	RESPONSE TO UNFOLDED PROTEIN%GOBP%GO:0006986		94	-0.4668367	-1.9067676	0.0	0.056517836	0.781	2092	tags=23%, list=9%, signal=25%	
ENDOPLASMIC RETICULUM UNFOLDED PROTEIN RESPONSE%GOBP%GO:0030968	ENDOPLASMIC RETICULUM UNFOLDED PROTEIN RESPONSE%GOBP%GO:0030968		54	-0.525479	-1.902622	0.0	0.05761297	0.802	2429	tags=31%, list=10%, signal=35%	
FCGR ACTIVATION%REACTOME%R-HSA-2029481.3	FCGR ACTIVATION%REACTOME%R-HSA-2029481.3		73	-0.49430388	-1.9006704	0.0	0.05697042	0.812	4649	tags=52%, list=19%, signal=64%	
ESTABLISHMENT OF PROTEIN LOCALIZATION TO ENDOPLASMIC RETICULUM%GOBP%GO:0072599	ESTABLISHMENT OF PROTEIN LOCALIZATION TO ENDOPLASMIC RETICULUM%GOBP%GO:0072599		36	-0.5694872	-1.8828812	0.0	0.066162474	0.868	2888	tags=47%, list=12%, signal=53%	
CREATION OF C4 AND C2 ACTIVATORS%REACTOME%R-HSA-166786.4	CREATION OF C4 AND C2 ACTIVATORS%REACTOME%R-HSA-166786.4		76	-0.47890714	-1.8818644	0.0	0.0647499	0.869	4649	tags=49%, list=19%, signal=60%	
SYNTHESIS, SECRETION, AND INACTIVATION OF GLUCAGON-LIKE PEPTIDE-1 (GLP-1)%REACTOME%R-HSA-381771.6	SYNTHESIS, SECRETION, AND INACTIVATION OF GLUCAGON-LIKE PEPTIDE-1 (GLP-1)%REACTOME%R-HSA-381771.6		21	-0.6572457	-1.8719032	0.0	0.07059218	0.896	1808	tags=33%, list=7%, signal=36%	
INCRETIN SYNTHESIS, SECRETION, AND INACTIVATION%REACTOME%R-HSA-400508.4	INCRETIN SYNTHESIS, SECRETION, AND INACTIVATION%REACTOME%R-HSA-400508.4		24	-0.6110604	-1.8559229	0.0	0.08160576	0.927	1808	tags=29%, list=7%, signal=31%	
PROTEIN TARGETING TO ER%GOBP%GO:0045047	PROTEIN TARGETING TO ER%GOBP%GO:0045047		33	-0.5606772	-1.853697	0.0	0.08150971	0.931	2888	tags=45%, list=12%, signal=51%	
FCERI MEDIATED MAPK ACTIVATION%REACTOME DATABASE ID RELEASE 95%2871796	FCERI MEDIATED MAPK ACTIVATION%REACTOME DATABASE ID RELEASE 95%2871796		85	-0.45687994	-1.8502895	0.0	0.082500175	0.94	4649	tags=46%, list=19%, signal=56%	
CELLULAR RESPONSE TO UNFOLDED PROTEIN%GOBP%GO:0034620	CELLULAR RESPONSE TO UNFOLDED PROTEIN%GOBP%GO:0034620		69	-0.48107597	-1.8490691	0.0	0.08120351	0.941	2429	tags=26%, list=10%, signal=29%	
INITIAL TRIGGERING OF COMPLEMENT%REACTOME%R-HSA-166663.4	INITIAL TRIGGERING OF COMPLEMENT%REACTOME%R-HSA-166663.4		82	-0.46874025	-1.8437248	0.0	0.08403425	0.953	4649	tags=46%, list=19%, signal=57%	
N-GLYCAN TRIMMING IN THE ER AND CALNEXIN CALRETICULIN CYCLE%REACTOME%R-HSA-532668.4	N-GLYCAN TRIMMING IN THE ER AND CALNEXIN CALRETICULIN CYCLE%REACTOME%R-HSA-532668.4		35	-0.5468188	-1.8421415	0.0	0.083571345	0.956	4284	tags=51%, list=17%, signal=62%	
N GLYCAN BIOSYNTHESIS%WIKIPATHWAYS_20260211%WP5153%HOMO SAPIENS	N GLYCAN BIOSYNTHESIS%WIKIPATHWAYS_20260211%WP5153%HOMO SAPIENS		49	-0.50341463	-1.8392678	0.0	0.083659105	0.958	2272	tags=35%, list=9%, signal=38%	
ESTRONE METABOLISM%SMPDB%SMP0030880	ESTRONE METABOLISM%SMPDB%SMP0030880		16	-0.68856525	-1.8359537	0.0069204154	0.08406121	0.96	1216	tags=44%, list=5%, signal=46%	
SELENIUM METABOLISM AND SELENOPROTEINS%WIKIPATHWAYS_20260211%WP28%HOMO SAPIENS	SELENIUM METABOLISM AND SELENOPROTEINS%WIKIPATHWAYS_20260211%WP28%HOMO SAPIENS		39	-0.53889453	-1.8324167	0.0	0.08509703	0.964	1922	tags=26%, list=8%, signal=28%	
COPI-MEDIATED ANTEROGRADE TRANSPORT%REACTOME DATABASE ID RELEASE 95%6807878	COPI-MEDIATED ANTEROGRADE TRANSPORT%REACTOME DATABASE ID RELEASE 95%6807878		83	-0.45233098	-1.8310337	0.0	0.08423066	0.965	2959	tags=37%, list=12%, signal=42%	
SCAVENGING OF HEME FROM PLASMA%REACTOME%R-HSA-2168880.3	SCAVENGING OF HEME FROM PLASMA%REACTOME%R-HSA-2168880.3		73	-0.46697873	-1.8274505	0.0	0.08492831	0.968	4649	tags=51%, list=19%, signal=62%	
DEFECTIVE GALNT3 CAUSES HFTC%REACTOME DATABASE ID RELEASE 95%5083625	DEFECTIVE GALNT3 CAUSES HFTC%REACTOME DATABASE ID RELEASE 95%5083625		18	-0.6559093	-1.825587	0.0068259384	0.08432951	0.971	1060	tags=28%, list=4%, signal=29%	
REGULATION OF OXIDATIVE STRESS-INDUCED INTRINSIC APOPTOTIC SIGNALING PATHWAY%GOBP%GO:1902175	REGULATION OF OXIDATIVE STRESS-INDUCED INTRINSIC APOPTOTIC SIGNALING PATHWAY%GOBP%GO:1902175		32	-0.581095	-1.8204638	0.0	0.08651331	0.974	4645	tags=44%, list=19%, signal=54%	
MAINTENANCE OF GASTROINTESTINAL EPITHELIUM%GOBP%GO:0030277	MAINTENANCE OF GASTROINTESTINAL EPITHELIUM%GOBP%GO:0030277		21	-0.61841106	-1.818177	0.0031152647	0.0867946	0.977	1677	tags=29%, list=7%, signal=31%	
PROTEIN REFOLDING%GOBP%GO:0042026	PROTEIN REFOLDING%GOBP%GO:0042026		24	-0.5962513	-1.8169818	0.0	0.08587189	0.977	4738	tags=29%, list=19%, signal=36%	
COTRANSLATIONAL PROTEIN TARGETING TO MEMBRANE%GOBP%GO:0006613	COTRANSLATIONAL PROTEIN TARGETING TO MEMBRANE%GOBP%GO:0006613		20	-0.6171117	-1.8132377	0.0034602077	0.087092385	0.978	2888	tags=50%, list=12%, signal=57%	
PROTEIN N-LINKED GLYCOSYLATION%GOBP%GO:0006487	PROTEIN N-LINKED GLYCOSYLATION%GOBP%GO:0006487		83	-0.45818388	-1.8131886	0.0	0.085406326	0.978	2790	tags=34%, list=11%, signal=38%	
RESPONSE TO TOPOLOGICALLY INCORRECT PROTEIN%GOBP%GO:0035966	RESPONSE TO TOPOLOGICALLY INCORRECT PROTEIN%GOBP%GO:0035966		111	-0.43343353	-1.812226	0.0	0.08459994	0.978	2429	tags=23%, list=10%, signal=25%	
IRINOTECAN METABOLISM PATHWAY%SMPDB%SMP0000600	IRINOTECAN METABOLISM PATHWAY%SMPDB%SMP0000600		24	-0.58399254	-1.7962208	0.0	0.096382745	0.988	1216	tags=29%, list=5%, signal=31%	
IRINOTECAN ACTION PATHWAY%PATHWHIZ%PW000238	IRINOTECAN ACTION PATHWAY%PATHWHIZ%PW000238		24	-0.58399254	-1.7862442	0.0064935065	0.10338015	0.991	1216	tags=29%, list=5%, signal=31%	
CELLULAR RESPONSE TO GLUCOSE STARVATION%GOBP%GO:0042149	CELLULAR RESPONSE TO GLUCOSE STARVATION%GOBP%GO:0042149		43	-0.5173585	-1.7823673	0.0	0.10551141	0.992	2491	tags=26%, list=10%, signal=28%	
FCERI MEDIATED NF-KB ACTIVATION%REACTOME DATABASE ID RELEASE 95%2871837	FCERI MEDIATED NF-KB ACTIVATION%REACTOME DATABASE ID RELEASE 95%2871837		125	-0.41965985	-1.782028	0.0	0.10397475	0.993	4690	tags=44%, list=19%, signal=54%	
RIBOSOMAL SCANNING AND START CODON RECOGNITION%REACTOME%R-HSA-72702.5	RIBOSOMAL SCANNING AND START CODON RECOGNITION%REACTOME%R-HSA-72702.5		59	-0.48346087	-1.7819362	0.0	0.10219114	0.993	5797	tags=41%, list=24%, signal=53%	
ANTIGEN ACTIVATES B CELL RECEPTOR (BCR) LEADING TO GENERATION OF SECOND MESSENGERS%REACTOME DATABASE ID RELEASE 95%983695	ANTIGEN ACTIVATES B CELL RECEPTOR (BCR) LEADING TO GENERATION OF SECOND MESSENGERS%REACTOME DATABASE ID RELEASE 95%983695		90	-0.44408017	-1.7749345	0.0	0.10649999	0.994	4649	tags=46%, list=19%, signal=56%	
CELLULAR RESPONSE TO TOPOLOGICALLY INCORRECT PROTEIN%GOBP%GO:0035967	CELLULAR RESPONSE TO TOPOLOGICALLY INCORRECT PROTEIN%GOBP%GO:0035967		84	-0.44335595	-1.7737978	0.0	0.10576308	0.994	2674	tags=25%, list=11%, signal=28%	
ACETAMINOPHEN METABOLISM PATHWAY%PATHWHIZ%PW000616	ACETAMINOPHEN METABOLISM PATHWAY%PATHWHIZ%PW000616		29	-0.5523866	-1.7625954	0.00390625	0.114691764	0.997	1671	tags=28%, list=7%, signal=30%	
PROTEIN HYDROXYLATION%GOBP%GO:0018126	PROTEIN HYDROXYLATION%GOBP%GO:0018126		15	-0.6552722	-1.7614248	0.01	0.11393837	0.997	3787	tags=53%, list=15%, signal=63%	
IBUPROFEN ACTION PATHWAY%SMPDB%SMP0000086	IBUPROFEN ACTION PATHWAY%SMPDB%SMP0000086		48	-0.48676297	-1.7469169	0.0	0.12727769	1.0	2807	tags=29%, list=11%, signal=33%	
CALNEXIN CALRETICULIN CYCLE%REACTOME%R-HSA-901042.5	CALNEXIN CALRETICULIN CYCLE%REACTOME%R-HSA-901042.5		26	-0.5510504	-1.741385	0.0074074073	0.13137774	1.0	4762	tags=54%, list=19%, signal=67%	
DEFECTIVE C1GALT1C1 CAUSES TNPS%REACTOME%R-HSA-5083632.4	DEFECTIVE C1GALT1C1 CAUSES TNPS%REACTOME%R-HSA-5083632.4		19	-0.6070842	-1.7390214	0.012903226	0.13165511	1.0	1060	tags=26%, list=4%, signal=27%	
PARKIN UBIQUITIN PROTEASOMAL SYSTEM PATHWAY%WIKIPATHWAYS_20260211%WP2359%HOMO SAPIENS	PARKIN UBIQUITIN PROTEASOMAL SYSTEM PATHWAY%WIKIPATHWAYS_20260211%WP2359%HOMO SAPIENS		50	-0.48256502	-1.7374966	0.0	0.13154161	1.0	4409	tags=42%, list=18%, signal=51%	
DEFECTIVE GALNT12 CAUSES CRCS1%REACTOME%R-HSA-5083636.4	DEFECTIVE GALNT12 CAUSES CRCS1%REACTOME%R-HSA-5083636.4		18	-0.6129603	-1.7372013	0.006644518	0.12989415	1.0	1060	tags=28%, list=4%, signal=29%	
NEGATIVE REGULATION OF OXIDATIVE STRESS-INDUCED INTRINSIC APOPTOTIC SIGNALING PATHWAY%GOBP%GO:1902176	NEGATIVE REGULATION OF OXIDATIVE STRESS-INDUCED INTRINSIC APOPTOTIC SIGNALING PATHWAY%GOBP%GO:1902176		23	-0.5720374	-1.7363663	0.0034246575	0.12885989	1.0	4404	tags=43%, list=18%, signal=53%	
ROLE OF PHOSPHOLIPIDS IN PHAGOCYTOSIS%REACTOME DATABASE ID RELEASE 95%2029485	ROLE OF PHOSPHOLIPIDS IN PHAGOCYTOSIS%REACTOME DATABASE ID RELEASE 95%2029485		87	-0.43435535	-1.7307031	0.0061728396	0.13379382	1.0	4649	tags=44%, list=19%, signal=54%	
SRP-DEPENDENT COTRANSLATIONAL PROTEIN TARGETING TO MEMBRANE%REACTOME DATABASE ID RELEASE 95%1799339	SRP-DEPENDENT COTRANSLATIONAL PROTEIN TARGETING TO MEMBRANE%REACTOME DATABASE ID RELEASE 95%1799339		112	-0.4119356	-1.7271571	0.0	0.13602318	1.0	5877	tags=38%, list=24%, signal=50%	
GTP HYDROLYSIS AND JOINING OF THE 60S RIBOSOMAL SUBUNIT%REACTOME%R-HSA-72706.4	GTP HYDROLYSIS AND JOINING OF THE 60S RIBOSOMAL SUBUNIT%REACTOME%R-HSA-72706.4		112	-0.4056626	-1.7207747	0.0	0.14100562	1.0	5877	tags=39%, list=24%, signal=51%	
HH MUTANTS ARE DEGRADED BY ERAD%REACTOME DATABASE ID RELEASE 95%5362768	HH MUTANTS ARE DEGRADED BY ERAD%REACTOME DATABASE ID RELEASE 95%5362768		43	-0.47512704	-1.7109512	0.0	0.15112016	1.0	4658	tags=49%, list=19%, signal=60%	
NUCLEAR EVENTS (KINASE AND TRANSCRIPTION FACTOR ACTIVATION)%REACTOME%R-HSA-198725.4	NUCLEAR EVENTS (KINASE AND TRANSCRIPTION FACTOR ACTIVATION)%REACTOME%R-HSA-198725.4		60	-0.4506815	-1.702757	0.0	0.1594489	1.0	3016	tags=25%, list=12%, signal=28%	
PROTEASOME DEGRADATION%WIKIPATHWAYS_20260211%WP183%HOMO SAPIENS	PROTEASOME DEGRADATION%WIKIPATHWAYS_20260211%WP183%HOMO SAPIENS		42	-0.4990162	-1.6971576	0.004405286	0.16442543	1.0	4690	tags=45%, list=19%, signal=56%	
RESPONSE OF EIF2AK1 (HRI) TO HEME DEFICIENCY%REACTOME DATABASE ID RELEASE 95%9648895	RESPONSE OF EIF2AK1 (HRI) TO HEME DEFICIENCY%REACTOME DATABASE ID RELEASE 95%9648895		15	-0.6345428	-1.6858554	0.015822785	0.17807022	1.0	3070	tags=47%, list=13%, signal=53%	
B CELL RECEPTOR SIGNALING PATHWAY%GOBP%GO:0050853	B CELL RECEPTOR SIGNALING PATHWAY%GOBP%GO:0050853		47	-0.46270812	-1.6828932	0.004878049	0.18004774	1.0	2883	tags=36%, list=12%, signal=41%	
ACTIVATION OF THE MRNA UPON BINDING OF THE CAP-BINDING COMPLEX AND EIFS, AND SUBSEQUENT BINDING TO 43S%REACTOME%R-HSA-72662.5	ACTIVATION OF THE MRNA UPON BINDING OF THE CAP-BINDING COMPLEX AND EIFS, AND SUBSEQUENT BINDING TO 43S%REACTOME%R-HSA-72662.5		60	-0.4518504	-1.6723434	0.0	0.19316766	1.0	5797	tags=40%, list=24%, signal=52%	
DOLICHOL-LINKED OLIGOSACCHARIDE BIOSYNTHETIC PROCESS%GOBP%GO:0006488	DOLICHOL-LINKED OLIGOSACCHARIDE BIOSYNTHETIC PROCESS%GOBP%GO:0006488		18	-0.5744264	-1.6691641	0.01369863	0.1954226	1.0	2669	tags=50%, list=11%, signal=56%	
BIOSYNTHESIS OF THE N-GLYCAN PRECURSOR (DOLICHOL LIPID-LINKED OLIGOSACCHARIDE, LLO) AND TRANSFER TO A NASCENT PROTEIN%REACTOME DATABASE ID RELEASE 95%446193	BIOSYNTHESIS OF THE N-GLYCAN PRECURSOR (DOLICHOL LIPID-LINKED OLIGOSACCHARIDE, LLO) AND TRANSFER TO A NASCENT PROTEIN%REACTOME DATABASE ID RELEASE 95%446193		80	-0.4164492	-1.6552143	0.0	0.21586055	1.0	1867	tags=24%, list=8%, signal=26%	
TRANSLATION INITIATION COMPLEX FORMATION%REACTOME%R-HSA-72649.4	TRANSLATION INITIATION COMPLEX FORMATION%REACTOME%R-HSA-72649.4		59	-0.4424084	-1.6471539	0.0	0.2267428	1.0	5797	tags=39%, list=24%, signal=51%	
CAP-DEPENDENT TRANSLATION INITIATION%REACTOME%R-HSA-72737.4	CAP-DEPENDENT TRANSLATION INITIATION%REACTOME%R-HSA-72737.4		119	-0.38840526	-1.6422195	0.0	0.23214804	1.0	5877	tags=40%, list=24%, signal=53%	
FCGR3A-MEDIATED IL10 SYNTHESIS%REACTOME%R-HSA-9664323.3	FCGR3A-MEDIATED IL10 SYNTHESIS%REACTOME%R-HSA-9664323.3		98	-0.39872682	-1.6417043	0.0	0.23021992	1.0	4649	tags=41%, list=19%, signal=50%	
NEGATIVE REGULATION OF SMAD PROTEIN SIGNAL TRANSDUCTION%GOBP%GO:0060392	NEGATIVE REGULATION OF SMAD PROTEIN SIGNAL TRANSDUCTION%GOBP%GO:0060392		21	-0.5509312	-1.6372054	0.035947714	0.23496696	1.0	3703	tags=43%, list=15%, signal=50%	
HALLMARK_MTORC1_SIGNALING%MSIGDBHALLMARK%HALLMARK_MTORC1_SIGNALING	HALLMARK_MTORC1_SIGNALING%MSIGDBHALLMARK%HALLMARK_MTORC1_SIGNALING		149	-0.3794113	-1.6311932	0.0	0.2420572	1.0	3532	tags=32%, list=14%, signal=37%	
PERK REGULATES GENE EXPRESSION%REACTOME%R-HSA-381042.3	PERK REGULATES GENE EXPRESSION%REACTOME%R-HSA-381042.3		32	-0.5155328	-1.6303521	0.02264151	0.24064715	1.0	4826	tags=47%, list=20%, signal=58%	
POST-TRANSLATIONAL PROTEIN TARGETING TO ENDOPLASMIC RETICULUM MEMBRANE%GOBP%GO:0006620	POST-TRANSLATIONAL PROTEIN TARGETING TO ENDOPLASMIC RETICULUM MEMBRANE%GOBP%GO:0006620		18	-0.58119637	-1.6232287	0.009836066	0.25090626	1.0	4759	tags=61%, list=19%, signal=76%	
EUKARYOTIC TRANSLATION INITIATION%REACTOME%R-HSA-72613.5	EUKARYOTIC TRANSLATION INITIATION%REACTOME%R-HSA-72613.5		119	-0.38840526	-1.6160159	0.0	0.26147872	1.0	5877	tags=40%, list=24%, signal=53%	
RESPIRATORY SYNCYTIAL VIRUS (RSV) GENOME REPLICATION, TRANSCRIPTION AND TRANSLATION%REACTOME%R-HSA-9820965.1	RESPIRATORY SYNCYTIAL VIRUS (RSV) GENOME REPLICATION, TRANSCRIPTION AND TRANSLATION%REACTOME%R-HSA-9820965.1		17	-0.56416386	-1.6122832	0.021818181	0.26589742	1.0	1303	tags=29%, list=5%, signal=31%	
DISEASES ASSOCIATED WITH N-GLYCOSYLATION OF PROTEINS%REACTOME DATABASE ID RELEASE 95%3781860	DISEASES ASSOCIATED WITH N-GLYCOSYLATION OF PROTEINS%REACTOME DATABASE ID RELEASE 95%3781860		20	-0.5451634	-1.6108835	0.013422819	0.26562923	1.0	1805	tags=35%, list=7%, signal=38%	
AMPK-INDUCED ERAD AND LYSOSOME MEDIATED DEGRADATION OF PD-L1(CD274)%REACTOME DATABASE ID RELEASE 95%9931269	AMPK-INDUCED ERAD AND LYSOSOME MEDIATED DEGRADATION OF PD-L1(CD274)%REACTOME DATABASE ID RELEASE 95%9931269		55	-0.43516454	-1.6046726	0.005154639	0.274919	1.0	4409	tags=44%, list=18%, signal=53%	
TRANSLATION FACTORS%WIKIPATHWAYS_20260211%WP107%HOMO SAPIENS	TRANSLATION FACTORS%WIKIPATHWAYS_20260211%WP107%HOMO SAPIENS		43	-0.45877603	-1.6035211	0.008264462	0.2739411	1.0	3070	tags=35%, list=13%, signal=40%	
HEDGEHOG%NETPATH%HEDGEHOG	HEDGEHOG%NETPATH%HEDGEHOG		20	-0.5498173	-1.5970886	0.020547945	0.2842122	1.0	1871	tags=30%, list=8%, signal=32%	
ALANINE TRANSPORT%GOBP%GO:0032328	ALANINE TRANSPORT%GOBP%GO:0032328		17	-0.55927515	-1.5857961	0.022364218	0.3050366	1.0	2368	tags=47%, list=10%, signal=52%	
B CELL ACTIVATION%REACTOME DATABASE ID RELEASE 95%983705	B CELL ACTIVATION%REACTOME DATABASE ID RELEASE 95%983705		156	-0.362771	-1.5833669	0.0	0.3074373	1.0	4658	tags=39%, list=19%, signal=48%	
SYNTHESIS OF SUBSTRATES IN N-GLYCAN BIOSYTHESIS%REACTOME%R-HSA-446219.4	SYNTHESIS OF SUBSTRATES IN N-GLYCAN BIOSYTHESIS%REACTOME%R-HSA-446219.4		65	-0.41741815	-1.5810442	0.005882353	0.30929893	1.0	1867	tags=22%, list=8%, signal=23%	
REGULATION OF IFNA IFNB SIGNALING%REACTOME DATABASE ID RELEASE 95%912694	REGULATION OF IFNA IFNB SIGNALING%REACTOME DATABASE ID RELEASE 95%912694		23	-0.51881063	-1.5797125	0.010948905	0.30889097	1.0	1911	tags=22%, list=8%, signal=24%	
BINDING AND UPTAKE OF LIGANDS BY SCAVENGER RECEPTORS%REACTOME%R-HSA-2173782.3	BINDING AND UPTAKE OF LIGANDS BY SCAVENGER RECEPTORS%REACTOME%R-HSA-2173782.3		105	-0.39442933	-1.5766565	0.008928572	0.31282163	1.0	4649	tags=41%, list=19%, signal=50%	
FCGR3A-MEDIATED PHAGOCYTOSIS%REACTOME DATABASE ID RELEASE 95%9664422	FCGR3A-MEDIATED PHAGOCYTOSIS%REACTOME DATABASE ID RELEASE 95%9664422		119	-0.37055004	-1.5700219	0.0	0.3244421	1.0	4649	tags=39%, list=19%, signal=47%	
DIHYDROPYRIMIDINE DEHYDROGENASE DEFICIENCY (DHPD)%SMPDB%SMP0000179	DIHYDROPYRIMIDINE DEHYDROGENASE DEFICIENCY (DHPD)%SMPDB%SMP0000179		24	-0.49879098	-1.5681795	0.019305019	0.32538342	1.0	2976	tags=50%, list=12%, signal=57%	
LYMPHOCYTE MEDIATED IMMUNITY%GOBP%GO:0002449	LYMPHOCYTE MEDIATED IMMUNITY%GOBP%GO:0002449		174	-0.36225095	-1.5680474	0.012820513	0.32237548	1.0	3830	tags=31%, list=16%, signal=37%	
DIMETHYLGLYCINE DEHYDROGENASE DEFICIENCY%SMPDB%SMP0000242	DIMETHYLGLYCINE DEHYDROGENASE DEFICIENCY%SMPDB%SMP0000242		24	-0.49879098	-1.5675446	0.015936255	0.32040063	1.0	2976	tags=50%, list=12%, signal=57%	
ER QUALITY CONTROL COMPARTMENT (ERQC)%REACTOME%R-HSA-901032.7	ER QUALITY CONTROL COMPARTMENT (ERQC)%REACTOME%R-HSA-901032.7		21	-0.5355802	-1.5638157	0.026717557	0.32543343	1.0	5193	tags=57%, list=21%, signal=72%	
REGULATION OF TRANSLATIONAL INITIATION%GOBP%GO:0006446	REGULATION OF TRANSLATIONAL INITIATION%GOBP%GO:0006446		86	-0.38753328	-1.5628936	0.0062111802	0.32452044	1.0	4612	tags=43%, list=19%, signal=53%	
UBIQUITIN–PROTEASOME PATHWAY%SMPDB%SMP0063816	UBIQUITIN–PROTEASOME PATHWAY%SMPDB%SMP0063816		28	-0.4961184	-1.5625539	0.011278195	0.32202655	1.0	4658	tags=43%, list=19%, signal=53%	
ADAPTIVE IMMUNE RESPONSE BASED ON SOMATIC RECOMBINATION OF IMMUNE RECEPTORS BUILT FROM IMMUNOGLOBULIN SUPERFAMILY DOMAINS%GOBP%GO:0002460	ADAPTIVE IMMUNE RESPONSE BASED ON SOMATIC RECOMBINATION OF IMMUNE RECEPTORS BUILT FROM IMMUNOGLOBULIN SUPERFAMILY DOMAINS%GOBP%GO:0002460		194	-0.3517132	-1.5604428	0.0	0.32366067	1.0	3852	tags=28%, list=16%, signal=33%	
HH MUTANTS ABROGATE LIGAND SECRETION%REACTOME DATABASE ID RELEASE 95%5387390	HH MUTANTS ABROGATE LIGAND SECRETION%REACTOME DATABASE ID RELEASE 95%5387390		46	-0.43688345	-1.5545973	0.009615385	0.33384258	1.0	4658	tags=46%, list=19%, signal=56%	
HALLMARK_GLYCOLYSIS%MSIGDBHALLMARK%HALLMARK_GLYCOLYSIS	HALLMARK_GLYCOLYSIS%MSIGDBHALLMARK%HALLMARK_GLYCOLYSIS		153	-0.35815492	-1.5523635	0.0	0.3362152	1.0	2017	tags=16%, list=8%, signal=17%	
LEISHMANIA PHAGOCYTOSIS%REACTOME DATABASE ID RELEASE 95%9664417	LEISHMANIA PHAGOCYTOSIS%REACTOME DATABASE ID RELEASE 95%9664417		119	-0.37055004	-1.5513095	0.0	0.33560586	1.0	4649	tags=39%, list=19%, signal=47%	
ERAD PATHWAY%GOBP%GO:0036503	ERAD PATHWAY%GOBP%GO:0036503		92	-0.3849243	-1.5508529	0.0061728396	0.33341324	1.0	2353	tags=22%, list=10%, signal=24%	
FCERI MEDIATED CA+2 MOBILIZATION%REACTOME DATABASE ID RELEASE 95%2871809	FCERI MEDIATED CA+2 MOBILIZATION%REACTOME DATABASE ID RELEASE 95%2871809		85	-0.38708988	-1.5457631	0.0	0.34192166	1.0	4837	tags=46%, list=20%, signal=57%	
SARCOSINEMIA%SMPDB%SMP0000244	SARCOSINEMIA%SMPDB%SMP0000244		24	-0.49879098	-1.5454441	0.024911031	0.33953375	1.0	2976	tags=50%, list=12%, signal=57%	
COPI-DEPENDENT GOLGI-TO-ER RETROGRADE TRAFFIC%REACTOME DATABASE ID RELEASE 95%6811434	COPI-DEPENDENT GOLGI-TO-ER RETROGRADE TRAFFIC%REACTOME DATABASE ID RELEASE 95%6811434		82	-0.38930294	-1.5438927	0.011235955	0.34026396	1.0	3014	tags=28%, list=12%, signal=32%	
NON-KETOTIC HYPERGLYCINEMIA%PATHWHIZ%PW000209	NON-KETOTIC HYPERGLYCINEMIA%PATHWHIZ%PW000209		24	-0.49879098	-1.5375599	0.03521127	0.3527235	1.0	2976	tags=50%, list=12%, signal=57%	
3-PHOSPHOGLYCERATE DEHYDROGENASE DEFICIENCY%SMPDB%SMP0000721	3-PHOSPHOGLYCERATE DEHYDROGENASE DEFICIENCY%SMPDB%SMP0000721		24	-0.49879098	-1.5362029	0.027777778	0.35306346	1.0	2976	tags=50%, list=12%, signal=57%	
GLYCINE AND SERINE METABOLISM%SMPDB%SMP0000004	GLYCINE AND SERINE METABOLISM%SMPDB%SMP0000004		24	-0.49879098	-1.534353	0.050179213	0.35408592	1.0	2976	tags=50%, list=12%, signal=57%	
REGULATION OF ACTIN DYNAMICS FOR PHAGOCYTIC CUP FORMATION%REACTOME DATABASE ID RELEASE 95%2029482	REGULATION OF ACTIN DYNAMICS FOR PHAGOCYTIC CUP FORMATION%REACTOME DATABASE ID RELEASE 95%2029482		122	-0.36318102	-1.5343126	0.0	0.35109714	1.0	4649	tags=38%, list=19%, signal=46%	
HYPERGLYCINEMIA, NON-KETOTIC%SMPDB%SMP0000485	HYPERGLYCINEMIA, NON-KETOTIC%SMPDB%SMP0000485		24	-0.49879098	-1.5320896	0.027874565	0.35328427	1.0	2976	tags=50%, list=12%, signal=57%	
KINETOCHORE ASSEMBLY%GOBP%GO:0051382	KINETOCHORE ASSEMBLY%GOBP%GO:0051382		22	-0.4992558	-1.5275787	0.025316456	0.36087173	1.0	1930	tags=27%, list=8%, signal=30%	
L13A-MEDIATED TRANSLATIONAL SILENCING OF CERULOPLASMIN EXPRESSION%REACTOME%R-HSA-156827.5	L13A-MEDIATED TRANSLATIONAL SILENCING OF CERULOPLASMIN EXPRESSION%REACTOME%R-HSA-156827.5		111	-0.36663762	-1.5244782	0.0	0.36518085	1.0	5877	tags=38%, list=24%, signal=50%	
NEGATIVE REGULATION OF INTRINSIC APOPTOTIC SIGNALING PATHWAY%GOBP%GO:2001243	NEGATIVE REGULATION OF INTRINSIC APOPTOTIC SIGNALING PATHWAY%GOBP%GO:2001243		77	-0.38782907	-1.5134473	0.011299435	0.39015624	1.0	3087	tags=26%, list=13%, signal=30%	
HEDGEHOG LIGAND BIOGENESIS%REACTOME%R-HSA-5358346.2	HEDGEHOG LIGAND BIOGENESIS%REACTOME%R-HSA-5358346.2		52	-0.41080463	-1.512754	0.01	0.3888798	1.0	4658	tags=44%, list=19%, signal=55%	
CYTOSOLIC TRNA AMINOACYLATION%REACTOME DATABASE ID RELEASE 95%379716	CYTOSOLIC TRNA AMINOACYLATION%REACTOME DATABASE ID RELEASE 95%379716		23	-0.5011464	-1.5121676	0.038194444	0.38729793	1.0	2747	tags=30%, list=11%, signal=34%	
PROTEIN TRANSMEMBRANE TRANSPORT%GOBP%GO:0071806	PROTEIN TRANSMEMBRANE TRANSPORT%GOBP%GO:0071806		59	-0.41306326	-1.5121143	0.0	0.3842655	1.0	4759	tags=44%, list=19%, signal=55%	
FC EPSILON RECEPTOR (FCERI) SIGNALING%REACTOME DATABASE ID RELEASE 95%2454202	FC EPSILON RECEPTOR (FCERI) SIGNALING%REACTOME DATABASE ID RELEASE 95%2454202		174	-0.3360724	-1.508552	0.0	0.3908365	1.0	4690	tags=37%, list=19%, signal=46%	
SUPERPATHWAY OF METHIONINE DEGRADATION%BIOCYC%PWY-5328	SUPERPATHWAY OF METHIONINE DEGRADATION%BIOCYC%PWY-5328		20	-0.50272167	-1.5071853	0.042704627	0.39091408	1.0	1040	tags=30%, list=4%, signal=31%	
INTRACELLULAR PROTEIN TRANSMEMBRANE TRANSPORT%GOBP%GO:0065002	INTRACELLULAR PROTEIN TRANSMEMBRANE TRANSPORT%GOBP%GO:0065002		29	-0.46652696	-1.5025423	0.02	0.39973158	1.0	1230	tags=24%, list=5%, signal=25%	
FORMATION OF THE TERNARY COMPLEX, AND SUBSEQUENTLY, THE 43S COMPLEX%REACTOME%R-HSA-72695.4	FORMATION OF THE TERNARY COMPLEX, AND SUBSEQUENTLY, THE 43S COMPLEX%REACTOME%R-HSA-72695.4		52	-0.41473413	-1.5018771	0.009302326	0.39832732	1.0	5797	tags=37%, list=24%, signal=48%	
DIMETHYLGLYCINE DEHYDROGENASE DEFICIENCY%SMPDB%SMP0000484	DIMETHYLGLYCINE DEHYDROGENASE DEFICIENCY%SMPDB%SMP0000484		24	-0.49879098	-1.5005745	0.022988506	0.39874044	1.0	2976	tags=50%, list=12%, signal=57%	
ANK2 PATHWAY IN EPILEPSY DEVELOPMENT%WIKIPATHWAYS_20260211%WP5557%HOMO SAPIENS	ANK2 PATHWAY IN EPILEPSY DEVELOPMENT%WIKIPATHWAYS_20260211%WP5557%HOMO SAPIENS		17	-0.5323636	-1.4998323	0.061594203	0.39766997	1.0	2738	tags=47%, list=11%, signal=53%	
PARASITE INFECTION%REACTOME%R-HSA-9664407.3	PARASITE INFECTION%REACTOME%R-HSA-9664407.3		119	-0.37055004	-1.4992446	0.009433962	0.3962264	1.0	4649	tags=39%, list=19%, signal=47%	
REGULATION OF KETONE BIOSYNTHETIC PROCESS%GOBP%GO:0010566	REGULATION OF KETONE BIOSYNTHETIC PROCESS%GOBP%GO:0010566		19	-0.50712365	-1.4970073	0.03	0.3989832	1.0	558	tags=16%, list=2%, signal=16%	
ER TO GOLGI ANTEROGRADE TRANSPORT%REACTOME%R-HSA-199977.6	ER TO GOLGI ANTEROGRADE TRANSPORT%REACTOME%R-HSA-199977.6		137	-0.3503777	-1.4959711	0.0	0.39868668	1.0	2959	tags=28%, list=12%, signal=32%	
HUMORAL IMMUNE RESPONSE MEDIATED BY CIRCULATING IMMUNOGLOBULIN%GOBP%GO:0002455	HUMORAL IMMUNE RESPONSE MEDIATED BY CIRCULATING IMMUNOGLOBULIN%GOBP%GO:0002455		17	-0.5307846	-1.4919505	0.04452055	0.40664947	1.0	3473	tags=47%, list=14%, signal=55%	
POTENTIAL THERAPEUTICS FOR SARS%REACTOME%R-HSA-9679191.5	POTENTIAL THERAPEUTICS FOR SARS%REACTOME%R-HSA-9679191.5		156	-0.3463608	-1.486568	0.0	0.41805425	1.0	4825	tags=37%, list=20%, signal=45%	
REGULATION OF PD-L1(CD274) POST-TRANSLATIONAL MODIFICATION%REACTOME DATABASE ID RELEASE 95%9909615	REGULATION OF PD-L1(CD274) POST-TRANSLATIONAL MODIFICATION%REACTOME DATABASE ID RELEASE 95%9909615		86	-0.37193748	-1.4851016	0.0	0.41910672	1.0	4688	tags=38%, list=19%, signal=47%	
DEGRADATION OF CRY AND PER PROTEINS%REACTOME DATABASE ID RELEASE 95%9932298	DEGRADATION OF CRY AND PER PROTEINS%REACTOME DATABASE ID RELEASE 95%9932298		48	-0.41580614	-1.4811449	0.00913242	0.4262538	1.0	4964	tags=44%, list=20%, signal=55%	
REGULATION OF ORNITHINE DECARBOXYLASE (ODC)%REACTOME%R-HSA-350562.6	REGULATION OF ORNITHINE DECARBOXYLASE (ODC)%REACTOME%R-HSA-350562.6		38	-0.4340076	-1.4799579	0.013043478	0.4266661	1.0	4658	tags=39%, list=19%, signal=49%	
ESTABLISHMENT OF ENDOTHELIAL BARRIER%GOBP%GO:0061028	ESTABLISHMENT OF ENDOTHELIAL BARRIER%GOBP%GO:0061028		25	-0.47320306	-1.47344	0.03533569	0.44179082	1.0	1418	tags=20%, list=6%, signal=21%	
GAMMA CARBOXYLATION, HYPUSINYLATION, HYDROXYLATION, AND ARYLSULFATASE ACTIVATION%REACTOME DATABASE ID RELEASE 95%163841	GAMMA CARBOXYLATION, HYPUSINYLATION, HYDROXYLATION, AND ARYLSULFATASE ACTIVATION%REACTOME DATABASE ID RELEASE 95%163841		61	-0.39033434	-1.469209	0.015957447	0.45090154	1.0	2164	tags=21%, list=9%, signal=23%	
LEISHMANIA PARASITE GROWTH AND SURVIVAL%REACTOME DATABASE ID RELEASE 95%9664433	LEISHMANIA PARASITE GROWTH AND SURVIVAL%REACTOME DATABASE ID RELEASE 95%9664433		136	-0.3339747	-1.4679097	0.0	0.45142	1.0	4649	tags=35%, list=19%, signal=43%	
RETROGRADE VESICLE-MEDIATED TRANSPORT, GOLGI TO ENDOPLASMIC RETICULUM%GOBP%GO:0006890	RETROGRADE VESICLE-MEDIATED TRANSPORT, GOLGI TO ENDOPLASMIC RETICULUM%GOBP%GO:0006890		51	-0.40881175	-1.4670576	0.025906736	0.45032382	1.0	3738	tags=35%, list=15%, signal=42%	
TRANSMISSION OF NERVE IMPULSE%GOBP%GO:0019226	TRANSMISSION OF NERVE IMPULSE%GOBP%GO:0019226		28	-0.46708867	-1.4663019	0.034246575	0.4495417	1.0	2263	tags=29%, list=9%, signal=31%	
HEDGEHOG%IOB%HEDGEHOG	HEDGEHOG%IOB%HEDGEHOG		23	-0.48663518	-1.4643165	0.053333335	0.45232552	1.0	1871	tags=26%, list=8%, signal=28%	
DISEASES OF GLYCOSYLATION%REACTOME DATABASE ID RELEASE 95%3781865	DISEASES OF GLYCOSYLATION%REACTOME DATABASE ID RELEASE 95%3781865		145	-0.35010967	-1.4583288	0.0	0.4666029	1.0	1805	tags=19%, list=7%, signal=20%	
SYNDECAN-3-MEDIATED SIGNALING EVENTS%PATHWAY INTERACTION DATABASE NCI-NATURE CURATED DATA%SYNDECAN-3-MEDIATED SIGNALING EVENTS	SYNDECAN-3-MEDIATED SIGNALING EVENTS%PATHWAY INTERACTION DATABASE NCI-NATURE CURATED DATA%SYNDECAN-3-MEDIATED SIGNALING EVENTS		21	-0.49128637	-1.457307	0.05319149	0.46653634	1.0	3178	tags=33%, list=13%, signal=38%	
DEFECTIVE CFTR CAUSES CYSTIC FIBROSIS%REACTOME%R-HSA-5678895.5	DEFECTIVE CFTR CAUSES CYSTIC FIBROSIS%REACTOME%R-HSA-5678895.5		48	-0.40684396	-1.4558753	0.01904762	0.4673612	1.0	4658	tags=44%, list=19%, signal=54%	
REGULATION OF NEURON MIGRATION%GOBP%GO:2001222	REGULATION OF NEURON MIGRATION%GOBP%GO:2001222		33	-0.43859136	-1.4545184	0.041353382	0.46806666	1.0	3537	tags=27%, list=14%, signal=32%	
EPITHELIAL STRUCTURE MAINTENANCE%GOBP%GO:0010669	EPITHELIAL STRUCTURE MAINTENANCE%GOBP%GO:0010669		33	-0.4374128	-1.4518101	0.01953125	0.47340718	1.0	1677	tags=18%, list=7%, signal=19%	
HINDBRAIN DEVELOPMENT%GOBP%GO:0030902	HINDBRAIN DEVELOPMENT%GOBP%GO:0030902		43	-0.40655455	-1.4504745	0.03539823	0.47427195	1.0	4315	tags=37%, list=18%, signal=45%	
HALLMARK_MYC_TARGETS_V2%MSIGDBHALLMARK%HALLMARK_MYC_TARGETS_V2	HALLMARK_MYC_TARGETS_V2%MSIGDBHALLMARK%HALLMARK_MYC_TARGETS_V2		47	-0.41742665	-1.4470639	0.018181818	0.48131508	1.0	3023	tags=32%, list=12%, signal=36%	
CELLULAR RESPONSE TO HEAT%GOBP%GO:0034605	CELLULAR RESPONSE TO HEAT%GOBP%GO:0034605		38	-0.42563012	-1.4415766	0.033472802	0.494915	1.0	3441	tags=26%, list=14%, signal=31%	
POST-CHAPERONIN TUBULIN FOLDING PATHWAY%REACTOME DATABASE ID RELEASE 95%389977	POST-CHAPERONIN TUBULIN FOLDING PATHWAY%REACTOME DATABASE ID RELEASE 95%389977		23	-0.4612206	-1.4414041	0.08208955	0.49223956	1.0	1937	tags=22%, list=8%, signal=24%	
METABOLISM OF POLYAMINES%REACTOME%R-HSA-351202.7	METABOLISM OF POLYAMINES%REACTOME%R-HSA-351202.7		45	-0.40289786	-1.4410836	0.02202643	0.48985904	1.0	4658	tags=42%, list=19%, signal=52%	
REGULATION OF INTRINSIC APOPTOTIC SIGNALING PATHWAY%GOBP%GO:2001242	REGULATION OF INTRINSIC APOPTOTIC SIGNALING PATHWAY%GOBP%GO:2001242		129	-0.33591586	-1.4405656	0.008474576	0.4881265	1.0	3196	tags=22%, list=13%, signal=25%	
OSTEOARTHRITIC CHONDROCYTE HYPERTROPHY%WIKIPATHWAYS_20260211%WP5373%HOMO SAPIENS	OSTEOARTHRITIC CHONDROCYTE HYPERTROPHY%WIKIPATHWAYS_20260211%WP5373%HOMO SAPIENS		42	-0.41228247	-1.4367899	0.03265306	0.49698684	1.0	1334	tags=17%, list=5%, signal=18%	
PROTEIN TARGETING TO MEMBRANE%GOBP%GO:0006612	PROTEIN TARGETING TO MEMBRANE%GOBP%GO:0006612		81	-0.3635303	-1.4361233	0.0057803467	0.49572083	1.0	3344	tags=26%, list=14%, signal=30%	
DEGRADATION OF DVL%REACTOME%R-HSA-4641258.3	DEGRADATION OF DVL%REACTOME%R-HSA-4641258.3		44	-0.40649235	-1.4351652	0.027667984	0.49561265	1.0	4976	tags=45%, list=20%, signal=57%	
REGULATION OF BLOOD VESSEL ENDOTHELIAL CELL PROLIFERATION INVOLVED IN SPROUTING ANGIOGENESIS%GOBP%GO:1903587	REGULATION OF BLOOD VESSEL ENDOTHELIAL CELL PROLIFERATION INVOLVED IN SPROUTING ANGIOGENESIS%GOBP%GO:1903587		18	-0.51559705	-1.4337926	0.058441557	0.49670717	1.0	1168	tags=22%, list=5%, signal=23%	
ATF4 ACTIVATES GENES IN RESPONSE TO ENDOPLASMIC RETICULUM STRESS%REACTOME%R-HSA-380994.5	ATF4 ACTIVATES GENES IN RESPONSE TO ENDOPLASMIC RETICULUM STRESS%REACTOME%R-HSA-380994.5		27	-0.45879415	-1.43071	0.04609929	0.5032558	1.0	3489	tags=33%, list=14%, signal=39%	
GOLGI-TO-ER RETROGRADE TRANSPORT%REACTOME DATABASE ID RELEASE 95%8856688	GOLGI-TO-ER RETROGRADE TRANSPORT%REACTOME DATABASE ID RELEASE 95%8856688		116	-0.34617567	-1.4282485	0.0078125	0.507895	1.0	3014	tags=27%, list=12%, signal=30%	
PID_FRA_PATHWAY%MSIGDB_C2%PID_FRA_PATHWAY	PID_FRA_PATHWAY%MSIGDB_C2%PID_FRA_PATHWAY		33	-0.43587083	-1.4230757	0.050847456	0.52235085	1.0	2429	tags=21%, list=10%, signal=24%	
ANTERIOR/POSTERIOR PATTERN SPECIFICATION%GOBP%GO:0009952	ANTERIOR/POSTERIOR PATTERN SPECIFICATION%GOBP%GO:0009952		92	-0.3530581	-1.4182005	0.02112676	0.53554136	1.0	3883	tags=29%, list=16%, signal=35%	
PID_ATM_PATHWAY%MSIGDB_C2%PID_ATM_PATHWAY	PID_ATM_PATHWAY%MSIGDB_C2%PID_ATM_PATHWAY		24	-0.46432477	-1.4140011	0.06844106	0.54590756	1.0	357	tags=13%, list=1%, signal=13%	
HINT1 PATHWAY%WIKIPATHWAYS_20260211%WP5523%HOMO SAPIENS	HINT1 PATHWAY%WIKIPATHWAYS_20260211%WP5523%HOMO SAPIENS		20	-0.4848736	-1.4138817	0.05940594	0.5430229	1.0	5628	tags=70%, list=23%, signal=91%	
RETINA LAYER FORMATION%GOBP%GO:0010842	RETINA LAYER FORMATION%GOBP%GO:0010842		15	-0.52240545	-1.4129636	0.07166124	0.5430559	1.0	1294	tags=20%, list=5%, signal=21%	
HALLMARK_HYPOXIA%MSIGDBHALLMARK%HALLMARK_HYPOXIA	HALLMARK_HYPOXIA%MSIGDBHALLMARK%HALLMARK_HYPOXIA		141	-0.3272973	-1.4128821	0.00952381	0.539987	1.0	2397	tags=19%, list=10%, signal=21%	
NEGATIVE REGULATION OF STRIATED MUSCLE CELL DIFFERENTIATION%GOBP%GO:0051154	NEGATIVE REGULATION OF STRIATED MUSCLE CELL DIFFERENTIATION%GOBP%GO:0051154		17	-0.49898753	-1.4107057	0.07763975	0.54429764	1.0	3757	tags=41%, list=15%, signal=49%	
TERMINATION OF O-GLYCAN BIOSYNTHESIS%REACTOME DATABASE ID RELEASE 95%977068	TERMINATION OF O-GLYCAN BIOSYNTHESIS%REACTOME DATABASE ID RELEASE 95%977068		25	-0.46360135	-1.4093333	0.067857146	0.54577184	1.0	1060	tags=20%, list=4%, signal=21%	
TRANSPORT TO THE GOLGI AND SUBSEQUENT MODIFICATION%REACTOME%R-HSA-948021.4	TRANSPORT TO THE GOLGI AND SUBSEQUENT MODIFICATION%REACTOME%R-HSA-948021.4		168	-0.31665435	-1.4042767	0.0	0.5597435	1.0	2959	tags=26%, list=12%, signal=30%	
REGULATION OF PROTEIN EXPORT FROM NUCLEUS%GOBP%GO:0046825	REGULATION OF PROTEIN EXPORT FROM NUCLEUS%GOBP%GO:0046825		24	-0.46236172	-1.4037708	0.07482993	0.558128	1.0	1885	tags=21%, list=8%, signal=23%	
REGULATION OF COMPLEMENT CASCADE%REACTOME%R-HSA-977606.8	REGULATION OF COMPLEMENT CASCADE%REACTOME%R-HSA-977606.8		107	-0.3453445	-1.4022549	0.015625	0.56003267	1.0	4649	tags=39%, list=19%, signal=48%	
REGULATION OF ACTIVATED PAK-2P34 BY PROTEASOME MEDIATED DEGRADATION%REACTOME DATABASE ID RELEASE 95%211733	REGULATION OF ACTIVATED PAK-2P34 BY PROTEASOME MEDIATED DEGRADATION%REACTOME DATABASE ID RELEASE 95%211733		37	-0.41263247	-1.4022366	0.04661017	0.55679804	1.0	4658	tags=43%, list=19%, signal=53%	
CHONDROCYTE DIFFERENTIATION%GOBP%GO:0002062	CHONDROCYTE DIFFERENTIATION%GOBP%GO:0002062		36	-0.41001737	-1.4001365	0.051181104	0.56059015	1.0	818	tags=14%, list=3%, signal=14%	
ANTI-INFLAMMATORY RESPONSE FAVOURING LEISHMANIA PARASITE INFECTION%REACTOME%R-HSA-9662851.3	ANTI-INFLAMMATORY RESPONSE FAVOURING LEISHMANIA PARASITE INFECTION%REACTOME%R-HSA-9662851.3		136	-0.3339747	-1.3957124	0.008264462	0.5726856	1.0	4649	tags=35%, list=19%, signal=43%	
AUF1 (HNRNP D0) BINDS AND DESTABILIZES MRNA%REACTOME DATABASE ID RELEASE 95%450408	AUF1 (HNRNP D0) BINDS AND DESTABILIZES MRNA%REACTOME DATABASE ID RELEASE 95%450408		41	-0.4009172	-1.3921497	0.042918455	0.58186847	1.0	4658	tags=41%, list=19%, signal=51%	
DEFECTIVE B4GALT7 CAUSES EDS, PROGEROID TYPE%REACTOME DATABASE ID RELEASE 95%3560783	DEFECTIVE B4GALT7 CAUSES EDS, PROGEROID TYPE%REACTOME DATABASE ID RELEASE 95%3560783		20	-0.4789705	-1.390889	0.08754209	0.5828685	1.0	660	tags=15%, list=3%, signal=15%	
TRANSLATIONAL INITIATION%GOBP%GO:0006413	TRANSLATIONAL INITIATION%GOBP%GO:0006413		59	-0.37009543	-1.3905323	0.0051282053	0.580665	1.0	4713	tags=39%, list=19%, signal=48%	
KINETOCHORE ORGANIZATION%GOBP%GO:0051383	KINETOCHORE ORGANIZATION%GOBP%GO:0051383		24	-0.4433803	-1.3875698	0.07063197	0.58781546	1.0	1930	tags=25%, list=8%, signal=27%	
METABOLIC PATHWAYS OF FIBROBLASTS%WIKIPATHWAYS_20260211%WP5312%HOMO SAPIENS	METABOLIC PATHWAYS OF FIBROBLASTS%WIKIPATHWAYS_20260211%WP5312%HOMO SAPIENS		22	-0.46224278	-1.3861915	0.056338027	0.58932	1.0	2652	tags=23%, list=11%, signal=25%	
THE CANONICAL RETINOID CYCLE IN RODS (TWILIGHT VISION)%REACTOME%R-HSA-2453902.7	THE CANONICAL RETINOID CYCLE IN RODS (TWILIGHT VISION)%REACTOME%R-HSA-2453902.7		22	-0.4694025	-1.3838582	0.0890411	0.5942091	1.0	1709	tags=18%, list=7%, signal=20%	
FORMATION OF A POOL OF FREE 40S SUBUNITS%REACTOME%R-HSA-72689.3	FORMATION OF A POOL OF FREE 40S SUBUNITS%REACTOME%R-HSA-72689.3		101	-0.33482718	-1.3822078	0.01438849	0.59671926	1.0	6117	tags=38%, list=25%, signal=50%	
EMBRYONIC SKELETAL SYSTEM MORPHOGENESIS%GOBP%GO:0048704	EMBRYONIC SKELETAL SYSTEM MORPHOGENESIS%GOBP%GO:0048704		40	-0.39524198	-1.3814732	0.05	0.59586513	1.0	4903	tags=35%, list=20%, signal=44%	
PROTEIN HYDROXYLATION%REACTOME DATABASE ID RELEASE 95%9629569	PROTEIN HYDROXYLATION%REACTOME DATABASE ID RELEASE 95%9629569		20	-0.4749514	-1.3795549	0.080139376	0.5996266	1.0	4651	tags=45%, list=19%, signal=56%	
POSITIVE REGULATION OF CYTOPLASMIC TRANSLATION%GOBP%GO:2000767	POSITIVE REGULATION OF CYTOPLASMIC TRANSLATION%GOBP%GO:2000767		17	-0.48385078	-1.3776447	0.08303249	0.60347253	1.0	3853	tags=41%, list=16%, signal=49%	
TRANSLESION SYNTHESIS BY POLH%REACTOME DATABASE ID RELEASE 95%110320	TRANSLESION SYNTHESIS BY POLH%REACTOME DATABASE ID RELEASE 95%110320		18	-0.47862726	-1.3754374	0.078688525	0.6084499	1.0	1865	tags=28%, list=8%, signal=30%	
NEGATIVE REGULATION OF FOCAL ADHESION ASSEMBLY%GOBP%GO:0051895	NEGATIVE REGULATION OF FOCAL ADHESION ASSEMBLY%GOBP%GO:0051895		18	-0.48255998	-1.3751827	0.11212121	0.6061527	1.0	2795	tags=28%, list=11%, signal=31%	
UCH PROTEINASES%REACTOME DATABASE ID RELEASE 95%5689603	UCH PROTEINASES%REACTOME DATABASE ID RELEASE 95%5689603		81	-0.34014186	-1.3730512	0.019480519	0.6105204	1.0	4898	tags=41%, list=20%, signal=51%	
REGULATION OF ENDOPLASMIC RETICULUM STRESS-INDUCED INTRINSIC APOPTOTIC SIGNALING PATHWAY%GOBP%GO:1902235	REGULATION OF ENDOPLASMIC RETICULUM STRESS-INDUCED INTRINSIC APOPTOTIC SIGNALING PATHWAY%GOBP%GO:1902235		25	-0.45412806	-1.3729752	0.06081081	0.6075501	1.0	3095	tags=28%, list=13%, signal=32%	
NEGATIVE REGULATION OF STEM CELL POPULATION MAINTENANCE%GOBP%GO:1902455	NEGATIVE REGULATION OF STEM CELL POPULATION MAINTENANCE%GOBP%GO:1902455		21	-0.45581317	-1.3714632	0.07526882	0.6097881	1.0	3725	tags=29%, list=15%, signal=34%	
ISOPRENOID BIOSYNTHETIC PROCESS%GOBP%GO:0008299	ISOPRENOID BIOSYNTHETIC PROCESS%GOBP%GO:0008299		22	-0.46547154	-1.3708615	0.107744105	0.60887814	1.0	3567	tags=32%, list=15%, signal=37%	
PROTEIN SYNTHESIS: SERINE%PATHWHIZ%PW120517	PROTEIN SYNTHESIS: SERINE%PATHWHIZ%PW120517		79	-0.34420264	-1.3704052	0.020134227	0.6073663	1.0	6023	tags=35%, list=25%, signal=47%	
GSK3B AND BTRC:CUL1-MEDIATED-DEGRADATION OF NFE2L2%REACTOME DATABASE ID RELEASE 95%9762114	GSK3B AND BTRC:CUL1-MEDIATED-DEGRADATION OF NFE2L2%REACTOME DATABASE ID RELEASE 95%9762114		42	-0.396796	-1.3701051	0.052401748	0.6052794	1.0	4658	tags=40%, list=19%, signal=50%	
VIF-MEDIATED DEGRADATION OF APOBEC3G%REACTOME DATABASE ID RELEASE 95%180585	VIF-MEDIATED DEGRADATION OF APOBEC3G%REACTOME DATABASE ID RELEASE 95%180585		40	-0.39689088	-1.3682411	0.032258064	0.6086413	1.0	4658	tags=43%, list=19%, signal=52%	
GDNF RET SIGNALING AXIS%WIKIPATHWAYS_20260211%WP4830%HOMO SAPIENS	GDNF RET SIGNALING AXIS%WIKIPATHWAYS_20260211%WP4830%HOMO SAPIENS		29	-0.42581338	-1.3663998	0.08650519	0.61199784	1.0	4718	tags=34%, list=19%, signal=43%	
PROTEIN FOLDING%GOBP%GO:0006457	PROTEIN FOLDING%GOBP%GO:0006457		176	-0.30676854	-1.3634887	0.0	0.61948884	1.0	4052	tags=26%, list=17%, signal=30%	
FBXL7 DOWN-REGULATES AURKA DURING MITOTIC ENTRY AND IN EARLY MITOSIS%REACTOME DATABASE ID RELEASE 95%8854050	FBXL7 DOWN-REGULATES AURKA DURING MITOTIC ENTRY AND IN EARLY MITOSIS%REACTOME DATABASE ID RELEASE 95%8854050		42	-0.39258948	-1.3634242	0.037190083	0.61652863	1.0	4658	tags=40%, list=19%, signal=50%	
VISUAL CYCLE%WIKIPATHWAYS_20260211%WP5534%HOMO SAPIENS	VISUAL CYCLE%WIKIPATHWAYS_20260211%WP5534%HOMO SAPIENS		15	-0.5086266	-1.3618838	0.108843535	0.6189738	1.0	1363	tags=13%, list=6%, signal=14%	
RESPONSE OF EIF2AK4 (GCN2) TO AMINO ACID DEFICIENCY%REACTOME%R-HSA-9633012.4	RESPONSE OF EIF2AK4 (GCN2) TO AMINO ACID DEFICIENCY%REACTOME%R-HSA-9633012.4		101	-0.327218	-1.361742	0.020134227	0.61637974	1.0	6117	tags=37%, list=25%, signal=49%	
HALLMARK_MYC_TARGETS_V1%MSIGDBHALLMARK%HALLMARK_MYC_TARGETS_V1	HALLMARK_MYC_TARGETS_V1%MSIGDBHALLMARK%HALLMARK_MYC_TARGETS_V1		150	-0.31287506	-1.3569916	0.009259259	0.63066095	1.0	4681	tags=37%, list=19%, signal=45%	
NEGATIVE REGULATION OF CELL-SUBSTRATE JUNCTION ORGANIZATION%GOBP%GO:0150118	NEGATIVE REGULATION OF CELL-SUBSTRATE JUNCTION ORGANIZATION%GOBP%GO:0150118		19	-0.46586785	-1.355288	0.11904762	0.6336168	1.0	2795	tags=26%, list=11%, signal=30%	
EXERCISE INDUCED CIRCADIAN REGULATION%WIKIPATHWAYS_20260211%WP410%HOMO SAPIENS	EXERCISE INDUCED CIRCADIAN REGULATION%WIKIPATHWAYS_20260211%WP410%HOMO SAPIENS		32	-0.4011167	-1.3538891	0.06719368	0.63562226	1.0	3974	tags=31%, list=16%, signal=37%	
PROTEIN LOCALIZATION TO ENDOPLASMIC RETICULUM%GOBP%GO:0070972	PROTEIN LOCALIZATION TO ENDOPLASMIC RETICULUM%GOBP%GO:0070972		26	-0.44162205	-1.3493717	0.07782101	0.64994323	1.0	2397	tags=23%, list=10%, signal=26%	
MITOCHONDRIAL UNFOLDED PROTEIN RESPONSE (UPRMT)%REACTOME%R-HSA-9841251.1	MITOCHONDRIAL UNFOLDED PROTEIN RESPONSE (UPRMT)%REACTOME%R-HSA-9841251.1		17	-0.4803682	-1.3491561	0.11034483	0.64760476	1.0	3195	tags=29%, list=13%, signal=34%	
NEGATIVE REGULATION OF ENDOPLASMIC RETICULUM UNFOLDED PROTEIN RESPONSE%GOBP%GO:1900102	NEGATIVE REGULATION OF ENDOPLASMIC RETICULUM UNFOLDED PROTEIN RESPONSE%GOBP%GO:1900102		17	-0.4753584	-1.3449669	0.10289389	0.66029465	1.0	2397	tags=29%, list=10%, signal=33%	
GLYCOGEN CATABOLIC PROCESS%GOBP%GO:0005980	GLYCOGEN CATABOLIC PROCESS%GOBP%GO:0005980		21	-0.45970765	-1.3448528	0.0927835	0.6574943	1.0	5872	tags=52%, list=24%, signal=69%	
PRE-NOTCH PROCESSING IN GOLGI%REACTOME DATABASE ID RELEASE 95%1912420	PRE-NOTCH PROCESSING IN GOLGI%REACTOME DATABASE ID RELEASE 95%1912420		18	-0.4627547	-1.3380214	0.108024694	0.68109703	1.0	693	tags=28%, list=3%, signal=29%	
NEGATIVE REGULATION OF CELL-MATRIX ADHESION%GOBP%GO:0001953	NEGATIVE REGULATION OF CELL-MATRIX ADHESION%GOBP%GO:0001953		34	-0.39876434	-1.3378592	0.07949791	0.67832935	1.0	2952	tags=26%, list=12%, signal=30%	
TRNA WOBBLE URIDINE MODIFICATION%GOBP%GO:0002098	TRNA WOBBLE URIDINE MODIFICATION%GOBP%GO:0002098		19	-0.4670418	-1.3376889	0.10622711	0.6757185	1.0	2634	tags=37%, list=11%, signal=41%	
AGE RELATED MACULAR DEGENERATION%WIKIPATHWAYS_20260211%WP5526%HOMO SAPIENS	AGE RELATED MACULAR DEGENERATION%WIKIPATHWAYS_20260211%WP5526%HOMO SAPIENS		16	-0.47203606	-1.336563	0.103896104	0.67715484	1.0	5240	tags=44%, list=21%, signal=56%	
AMPK REGULATION OF MAMMARY MILK PROTEIN SYNTHESIS%WIKIPATHWAYS_20260211%WP5492%HOMO SAPIENS	AMPK REGULATION OF MAMMARY MILK PROTEIN SYNTHESIS%WIKIPATHWAYS_20260211%WP5492%HOMO SAPIENS		20	-0.45821846	-1.3338324	0.103942655	0.68438935	1.0	3357	tags=30%, list=14%, signal=35%	
GLUCAN CATABOLIC PROCESS%GOBP%GO:0009251	GLUCAN CATABOLIC PROCESS%GOBP%GO:0009251		22	-0.4387342	-1.3324987	0.117870726	0.6863194	1.0	5872	tags=50%, list=24%, signal=66%	
VPU MEDIATED DEGRADATION OF CD4%REACTOME DATABASE ID RELEASE 95%180534	VPU MEDIATED DEGRADATION OF CD4%REACTOME DATABASE ID RELEASE 95%180534		39	-0.384438	-1.3314779	0.08171206	0.68716156	1.0	4658	tags=41%, list=19%, signal=51%	
SYNTHESIS, SECRETION, AND DEACYLATION OF GHRELIN%REACTOME%R-HSA-422085.5	SYNTHESIS, SECRETION, AND DEACYLATION OF GHRELIN%REACTOME%R-HSA-422085.5		18	-0.46759537	-1.3288364	0.11258278	0.6947446	1.0	1303	tags=22%, list=5%, signal=23%	
RIBOSOMAL LARGE SUBUNIT BIOGENESIS%GOBP%GO:0042273	RIBOSOMAL LARGE SUBUNIT BIOGENESIS%GOBP%GO:0042273		77	-0.33654797	-1.3285245	0.03409091	0.69276416	1.0	2972	tags=26%, list=12%, signal=29%	
BIOCARTA_IL12_PATHWAY%MSIGDB_C2%BIOCARTA_IL12_PATHWAY	BIOCARTA_IL12_PATHWAY%MSIGDB_C2%BIOCARTA_IL12_PATHWAY		16	-0.48282424	-1.3270677	0.10227273	0.6952989	1.0	1298	tags=19%, list=5%, signal=20%	
PROTEASOME ASSEMBLY%REACTOME%R-HSA-9907900.1	PROTEASOME ASSEMBLY%REACTOME%R-HSA-9907900.1		52	-0.36802843	-1.3264574	0.07614213	0.694367	1.0	4658	tags=37%, list=19%, signal=45%	
AUTOPHAGY%WIKIPATHWAYS_20260211%WP4923%HOMO SAPIENS	AUTOPHAGY%WIKIPATHWAYS_20260211%WP4923%HOMO SAPIENS		25	-0.42246598	-1.3263547	0.09386282	0.69160366	1.0	3724	tags=28%, list=15%, signal=33%	
PD-L1(CD274) GLYCOSYLATION AND TRANSLOCATION TO PLASMA MEMBRANE%REACTOME DATABASE ID RELEASE 95%9931295	PD-L1(CD274) GLYCOSYLATION AND TRANSLOCATION TO PLASMA MEMBRANE%REACTOME DATABASE ID RELEASE 95%9931295		17	-0.4628088	-1.3246905	0.122112215	0.6953061	1.0	4688	tags=47%, list=19%, signal=58%	
SOMITOGENESIS%REACTOME DATABASE ID RELEASE 95%9824272	SOMITOGENESIS%REACTOME DATABASE ID RELEASE 95%9824272		45	-0.38119814	-1.3244479	0.069869	0.69302624	1.0	4658	tags=42%, list=19%, signal=52%	
NEGATIVE REGULATION OF ENDOPLASMIC RETICULUM STRESS-INDUCED INTRINSIC APOPTOTIC SIGNALING PATHWAY%GOBP%GO:1902236	NEGATIVE REGULATION OF ENDOPLASMIC RETICULUM STRESS-INDUCED INTRINSIC APOPTOTIC SIGNALING PATHWAY%GOBP%GO:1902236		16	-0.47997287	-1.3236997	0.12025317	0.6927711	1.0	2353	tags=25%, list=10%, signal=28%	
P53 PATHWAY BY GLUCOSE DEPRIVATION%PANTHER PATHWAY%P04397	P53 PATHWAY BY GLUCOSE DEPRIVATION%PANTHER PATHWAY%P04397		20	-0.43526348	-1.3228397	0.0952381	0.69293606	1.0	2839	tags=35%, list=12%, signal=40%	
FCGAMMA RECEPTOR (FCGR) DEPENDENT PHAGOCYTOSIS%REACTOME DATABASE ID RELEASE 95%2029480	FCGAMMA RECEPTOR (FCGR) DEPENDENT PHAGOCYTOSIS%REACTOME DATABASE ID RELEASE 95%2029480		146	-0.30853146	-1.3223569	0.020408163	0.69164807	1.0	4649	tags=33%, list=19%, signal=40%	
SCF-BETA-TRCP MEDIATED DEGRADATION OF EMI1%REACTOME DATABASE ID RELEASE 95%174113	SCF-BETA-TRCP MEDIATED DEGRADATION OF EMI1%REACTOME DATABASE ID RELEASE 95%174113		42	-0.37562707	-1.3205218	0.05676856	0.69577736	1.0	4658	tags=38%, list=19%, signal=47%	
PID_SYNDECAN_1_PATHWAY%MSIGDB_C2%PID_SYNDECAN_1_PATHWAY	PID_SYNDECAN_1_PATHWAY%MSIGDB_C2%PID_SYNDECAN_1_PATHWAY		37	-0.39066753	-1.3189719	0.07960199	0.698793	1.0	1375	tags=19%, list=6%, signal=20%	
REGULATION OF IRE1-MEDIATED UNFOLDED PROTEIN RESPONSE%GOBP%GO:1903894	REGULATION OF IRE1-MEDIATED UNFOLDED PROTEIN RESPONSE%GOBP%GO:1903894		15	-0.49283433	-1.318798	0.12244898	0.69633067	1.0	2121	tags=33%, list=9%, signal=36%	
PID_HNF3A_PATHWAY%MSIGDB_C2%PID_HNF3A_PATHWAY	PID_HNF3A_PATHWAY%MSIGDB_C2%PID_HNF3A_PATHWAY		37	-0.3898556	-1.3174698	0.07692308	0.6985785	1.0	1551	tags=22%, list=6%, signal=23%	
DEGRADATION OF CYSTEINE AND HOMOCYSTEINE%REACTOME DATABASE ID RELEASE 95%1614558	DEGRADATION OF CYSTEINE AND HOMOCYSTEINE%REACTOME DATABASE ID RELEASE 95%1614558		15	-0.48477504	-1.3150824	0.12650603	0.7051017	1.0	678	tags=13%, list=3%, signal=14%	
NEGATIVE REGULATION OF ENDOTHELIAL CELL PROLIFERATION%GOBP%GO:0001937	NEGATIVE REGULATION OF ENDOTHELIAL CELL PROLIFERATION%GOBP%GO:0001937		37	-0.37332642	-1.3147672	0.0969163	0.70315164	1.0	464	tags=11%, list=2%, signal=11%	
CELLULAR RESPONSE TO ESTROGEN STIMULUS%GOBP%GO:0071391	CELLULAR RESPONSE TO ESTROGEN STIMULUS%GOBP%GO:0071391		16	-0.47387707	-1.313549	0.13694267	0.7048847	1.0	4119	tags=50%, list=17%, signal=60%	
SYNDECAN-1-MEDIATED SIGNALING EVENTS%PATHWAY INTERACTION DATABASE NCI-NATURE CURATED DATA%SYNDECAN-1-MEDIATED SIGNALING EVENTS	SYNDECAN-1-MEDIATED SIGNALING EVENTS%PATHWAY INTERACTION DATABASE NCI-NATURE CURATED DATA%SYNDECAN-1-MEDIATED SIGNALING EVENTS		38	-0.38322154	-1.3115331	0.083333336	0.7101017	1.0	1375	tags=21%, list=6%, signal=22%	
COMPLEMENT CASCADE%REACTOME%R-HSA-166658.6	COMPLEMENT CASCADE%REACTOME%R-HSA-166658.6		117	-0.31113476	-1.3107221	0.015625	0.7103947	1.0	4649	tags=36%, list=19%, signal=44%	
DORSAL/VENTRAL PATTERN FORMATION%GOBP%GO:0009953	DORSAL/VENTRAL PATTERN FORMATION%GOBP%GO:0009953		37	-0.38544157	-1.3094746	0.060869563	0.7122142	1.0	4345	tags=38%, list=18%, signal=46%	
FOXA1 TRANSCRIPTION FACTOR NETWORK%PATHWAY INTERACTION DATABASE NCI-NATURE CURATED DATA%FOXA1 TRANSCRIPTION FACTOR NETWORK	FOXA1 TRANSCRIPTION FACTOR NETWORK%PATHWAY INTERACTION DATABASE NCI-NATURE CURATED DATA%FOXA1 TRANSCRIPTION FACTOR NETWORK		44	-0.37786365	-1.3084924	0.092920355	0.71319073	1.0	3487	tags=30%, list=14%, signal=34%	
RESPONSE TO ISCHEMIA%GOBP%GO:0002931	RESPONSE TO ISCHEMIA%GOBP%GO:0002931		26	-0.4186334	-1.3073587	0.090252705	0.7147276	1.0	4965	tags=42%, list=20%, signal=53%	
MORPHINE ACTION PATHWAY%PATHWHIZ%PW000412	MORPHINE ACTION PATHWAY%PATHWHIZ%PW000412		45	-0.37119463	-1.305675	0.06896552	0.71850365	1.0	2807	tags=27%, list=11%, signal=30%	
DECTIN-2 FAMILY%REACTOME DATABASE ID RELEASE 95%5621480	DECTIN-2 FAMILY%REACTOME DATABASE ID RELEASE 95%5621480		28	-0.41435108	-1.3002219	0.13448276	0.7369629	1.0	1060	tags=18%, list=4%, signal=19%	
UBIQUITIN-DEPENDENT DEGRADATION OF CYCLIN D%REACTOME DATABASE ID RELEASE 95%75815	UBIQUITIN-DEPENDENT DEGRADATION OF CYCLIN D%REACTOME DATABASE ID RELEASE 95%75815		39	-0.38120323	-1.2996475	0.093877554	0.7362422	1.0	4658	tags=41%, list=19%, signal=51%	
MYOGENESIS%REACTOME DATABASE ID RELEASE 95%525793	MYOGENESIS%REACTOME DATABASE ID RELEASE 95%525793		27	-0.42768374	-1.2993519	0.09689923	0.7343126	1.0	4693	tags=33%, list=19%, signal=41%	
PERIPHERAL NERVOUS SYSTEM DEVELOPMENT%GOBP%GO:0007422	PERIPHERAL NERVOUS SYSTEM DEVELOPMENT%GOBP%GO:0007422		37	-0.3842619	-1.2963281	0.08133971	0.7441965	1.0	1938	tags=19%, list=8%, signal=21%	
MIR TARGETED GENES IN SQUAMOUS CELL%WIKIPATHWAYS_20260211%WP2006%HOMO SAPIENS	MIR TARGETED GENES IN SQUAMOUS CELL%WIKIPATHWAYS_20260211%WP2006%HOMO SAPIENS		105	-0.31039134	-1.2956644	0.050847456	0.7439619	1.0	3017	tags=22%, list=12%, signal=25%	
TYPE I COLLAGEN SYNTHESIS IN THE CONTEXT OF OSTEOGENESIS IMPERFECTA%WIKIPATHWAYS_20260211%WP4786%HOMO SAPIENS	TYPE I COLLAGEN SYNTHESIS IN THE CONTEXT OF OSTEOGENESIS IMPERFECTA%WIKIPATHWAYS_20260211%WP4786%HOMO SAPIENS		27	-0.40652224	-1.2948962	0.12878788	0.7440818	1.0	2093	tags=19%, list=9%, signal=20%	
NEGATIVE REGULATION OF PEPTIDE HORMONE SECRETION%GOBP%GO:0090278	NEGATIVE REGULATION OF PEPTIDE HORMONE SECRETION%GOBP%GO:0090278		23	-0.42249224	-1.2939299	0.11486486	0.74503094	1.0	3298	tags=30%, list=13%, signal=35%	
POSITIVE REGULATION OF DEFENSE RESPONSE TO VIRUS BY HOST%GOBP%GO:0002230	POSITIVE REGULATION OF DEFENSE RESPONSE TO VIRUS BY HOST%GOBP%GO:0002230		27	-0.41303745	-1.293862	0.101167314	0.7422323	1.0	5036	tags=37%, list=21%, signal=47%	
REGULATION OF LONG-TERM SYNAPTIC POTENTIATION%GOBP%GO:1900271	REGULATION OF LONG-TERM SYNAPTIC POTENTIATION%GOBP%GO:1900271		30	-0.39424357	-1.2938604	0.11111111	0.73917794	1.0	879	tags=13%, list=4%, signal=14%	
POSITIVE REGULATION OF HIPPO SIGNALING%GOBP%GO:0035332	POSITIVE REGULATION OF HIPPO SIGNALING%GOBP%GO:0035332		16	-0.48935306	-1.2936015	0.15652174	0.73715764	1.0	2751	tags=25%, list=11%, signal=28%	
PROTEIN SYNTHESIS: GLYCINE%PATHWHIZ%PW112928	PROTEIN SYNTHESIS: GLYCINE%PATHWHIZ%PW112928		79	-0.3243875	-1.2884235	0.055944055	0.75629336	1.0	6023	tags=35%, list=25%, signal=47%	
REGULATION OF PROTEIN MATURATION%GOBP%GO:1903317	REGULATION OF PROTEIN MATURATION%GOBP%GO:1903317		44	-0.36628586	-1.2882743	0.08558559	0.7537949	1.0	1648	tags=16%, list=7%, signal=17%	
NEGATIVE REGULATION OF NOTCH4 SIGNALING%REACTOME DATABASE ID RELEASE 95%9604323	NEGATIVE REGULATION OF NOTCH4 SIGNALING%REACTOME DATABASE ID RELEASE 95%9604323		43	-0.376492	-1.2880509	0.088785045	0.7517606	1.0	4658	tags=37%, list=19%, signal=46%	
SURFACTANT METABOLISM%REACTOME DATABASE ID RELEASE 95%5683826	SURFACTANT METABOLISM%REACTOME DATABASE ID RELEASE 95%5683826		29	-0.3994866	-1.2871695	0.1118421	0.75256115	1.0	4692	tags=34%, list=19%, signal=43%	
POLYSACCHARIDE CATABOLIC PROCESS%GOBP%GO:0000272	POLYSACCHARIDE CATABOLIC PROCESS%GOBP%GO:0000272		22	-0.4387342	-1.2864661	0.13103448	0.752444	1.0	5872	tags=50%, list=24%, signal=66%	
CELL SURFACE INTERACTIONS AT THE VASCULAR WALL%REACTOME%R-HSA-202733.7	CELL SURFACE INTERACTIONS AT THE VASCULAR WALL%REACTOME%R-HSA-202733.7		194	-0.28700557	-1.2859625	0.0	0.7515933	1.0	2883	tags=20%, list=12%, signal=22%	
THE ROLE OF GTSE1 IN G2 M PROGRESSION AFTER G2 CHECKPOINT%REACTOME DATABASE ID RELEASE 95%8852276	THE ROLE OF GTSE1 IN G2 M PROGRESSION AFTER G2 CHECKPOINT%REACTOME DATABASE ID RELEASE 95%8852276		47	-0.36371055	-1.2850149	0.06363636	0.7526297	1.0	4658	tags=40%, list=19%, signal=50%	
NEGATIVE REGULATION OF PEPTIDE SECRETION%GOBP%GO:0002792	NEGATIVE REGULATION OF PEPTIDE SECRETION%GOBP%GO:0002792		24	-0.42036143	-1.2847295	0.08712121	0.75083447	1.0	3298	tags=29%, list=13%, signal=34%	
REGULATION OF RUNX3 EXPRESSION AND ACTIVITY%REACTOME DATABASE ID RELEASE 95%8941858	REGULATION OF RUNX3 EXPRESSION AND ACTIVITY%REACTOME DATABASE ID RELEASE 95%8941858		45	-0.36653626	-1.2843916	0.09166667	0.7493148	1.0	4658	tags=40%, list=19%, signal=49%	
ENDOTHELIAL CELL DEVELOPMENT%GOBP%GO:0001885	ENDOTHELIAL CELL DEVELOPMENT%GOBP%GO:0001885		32	-0.3874922	-1.2833624	0.124542125	0.7505693	1.0	1418	tags=16%, list=6%, signal=17%	
PROTEIN IMPORT INTO MITOCHONDRIAL MATRIX%GOBP%GO:0030150	PROTEIN IMPORT INTO MITOCHONDRIAL MATRIX%GOBP%GO:0030150		24	-0.40824938	-1.2833227	0.1268116	0.74779266	1.0	4585	tags=54%, list=19%, signal=67%	
REGULATION OF RUNX2 EXPRESSION AND ACTIVITY%REACTOME DATABASE ID RELEASE 95%8939902	REGULATION OF RUNX2 EXPRESSION AND ACTIVITY%REACTOME DATABASE ID RELEASE 95%8939902		58	-0.34859946	-1.2832764	0.0867347	0.74502873	1.0	4658	tags=36%, list=19%, signal=45%	
OXYGEN-DEPENDENT PROLINE HYDROXYLATION OF HYPOXIA-INDUCIBLE FACTOR ALPHA%REACTOME DATABASE ID RELEASE 95%1234176	OXYGEN-DEPENDENT PROLINE HYDROXYLATION OF HYPOXIA-INDUCIBLE FACTOR ALPHA%REACTOME DATABASE ID RELEASE 95%1234176		53	-0.3488236	-1.2831628	0.093023255	0.742607	1.0	4690	tags=36%, list=19%, signal=44%	
DEREGULATED CDK5 TRIGGERS MULTIPLE NEURODEGENERATIVE PATHWAYS IN ALZHEIMER'S DISEASE MODELS%REACTOME DATABASE ID RELEASE 95%8862803	DEREGULATED CDK5 TRIGGERS MULTIPLE NEURODEGENERATIVE PATHWAYS IN ALZHEIMER'S DISEASE MODELS%REACTOME DATABASE ID RELEASE 95%8862803		20	-0.4389015	-1.2807311	0.13636364	0.7500539	1.0	1481	tags=25%, list=6%, signal=27%	
ASYMMETRIC LOCALIZATION OF PCP PROTEINS%REACTOME%R-HSA-4608870.3	ASYMMETRIC LOCALIZATION OF PCP PROTEINS%REACTOME%R-HSA-4608870.3		51	-0.3466921	-1.2804995	0.07575758	0.7481346	1.0	4409	tags=45%, list=18%, signal=55%	
GSK3B-MEDIATED PROTEASOMAL DEGRADATION OF PD-L1(CD274)%REACTOME DATABASE ID RELEASE 95%9929356	GSK3B-MEDIATED PROTEASOMAL DEGRADATION OF PD-L1(CD274)%REACTOME DATABASE ID RELEASE 95%9929356		44	-0.3637816	-1.2792296	0.0921659	0.75088775	1.0	4658	tags=39%, list=19%, signal=48%	
NEGATIVE REGULATION OF TRANSCRIPTION ELONGATION BY RNA POLYMERASE II%GOBP%GO:0034244	NEGATIVE REGULATION OF TRANSCRIPTION ELONGATION BY RNA POLYMERASE II%GOBP%GO:0034244		17	-0.46953362	-1.2783881	0.14983714	0.7514731	1.0	3599	tags=41%, list=15%, signal=48%	
CTNNB1 T41 MUTANTS AREN'T PHOSPHORYLATED%REACTOME DATABASE ID RELEASE 95%5358752	CTNNB1 T41 MUTANTS AREN'T PHOSPHORYLATED%REACTOME DATABASE ID RELEASE 95%5358752		15	-0.45840812	-1.2772021	0.14920636	0.75350434	1.0	3454	tags=40%, list=14%, signal=47%	
NUCLEOPHAGY%GOBP%GO:0044804	NUCLEOPHAGY%GOBP%GO:0044804		23	-0.4213915	-1.2751895	0.15057915	0.758786	1.0	5929	tags=48%, list=24%, signal=63%	
BIOCARTA_CARDIACEGF_PATHWAY%MSIGDB_C2%BIOCARTA_CARDIACEGF_PATHWAY	BIOCARTA_CARDIACEGF_PATHWAY%MSIGDB_C2%BIOCARTA_CARDIACEGF_PATHWAY		16	-0.45866117	-1.2725875	0.15264797	0.766633	1.0	1334	tags=13%, list=5%, signal=13%	
POSITIVE REGULATION OF NUCLEOTIDE CATABOLIC PROCESS%GOBP%GO:0030813	POSITIVE REGULATION OF NUCLEOTIDE CATABOLIC PROCESS%GOBP%GO:0030813		20	-0.4293831	-1.2717516	0.1335505	0.76715	1.0	3357	tags=35%, list=14%, signal=41%	
ACTIVATION OF IRF3, IRF7 MEDIATED BY TBK1, IKKΕ (IKBKE)%REACTOME%R-HSA-936964.6	ACTIVATION OF IRF3, IRF7 MEDIATED BY TBK1, IKKΕ (IKBKE)%REACTOME%R-HSA-936964.6		17	-0.45365682	-1.2686105	0.12944984	0.77717245	1.0	2246	tags=29%, list=9%, signal=32%	
CELL DIFFERENTIATION EXPANDED INDEX%WIKIPATHWAYS_20260211%WP2023%HOMO SAPIENS	CELL DIFFERENTIATION EXPANDED INDEX%WIKIPATHWAYS_20260211%WP2023%HOMO SAPIENS		16	-0.45807472	-1.2682822	0.16887417	0.77556205	1.0	3618	tags=31%, list=15%, signal=37%	
RESPONSE TO HEAT%GOBP%GO:0009408	RESPONSE TO HEAT%GOBP%GO:0009408		61	-0.33305553	-1.2659929	0.075	0.7824501	1.0	3441	tags=25%, list=14%, signal=29%	
DEFECTIVE B3GALT6 CAUSES EDSP2 AND SEMDJL1%REACTOME DATABASE ID RELEASE 95%4420332	DEFECTIVE B3GALT6 CAUSES EDSP2 AND SEMDJL1%REACTOME DATABASE ID RELEASE 95%4420332		20	-0.41032434	-1.264839	0.147651	0.78474534	1.0	647	tags=10%, list=3%, signal=10%	
MYD88 DISTINCT INPUT OUTPUT PATHWAY%WIKIPATHWAYS_20260211%WP3877%HOMO SAPIENS	MYD88 DISTINCT INPUT OUTPUT PATHWAY%WIKIPATHWAYS_20260211%WP3877%HOMO SAPIENS		15	-0.47120053	-1.2629563	0.1724138	0.7900142	1.0	622	tags=20%, list=3%, signal=21%	
REGULATION OF PROTEIN PROCESSING%GOBP%GO:0070613	REGULATION OF PROTEIN PROCESSING%GOBP%GO:0070613		42	-0.3711961	-1.2606331	0.12840466	0.79715836	1.0	1648	tags=17%, list=7%, signal=18%	
POSITIVE REGULATION OF PROTEIN MATURATION%GOBP%GO:1903319	POSITIVE REGULATION OF PROTEIN MATURATION%GOBP%GO:1903319		22	-0.4271055	-1.2600527	0.13141026	0.79678607	1.0	1648	tags=18%, list=7%, signal=19%	
MITOCHONDRION LOCALIZATION%GOBP%GO:0051646	MITOCHONDRION LOCALIZATION%GOBP%GO:0051646		44	-0.3587238	-1.2590872	0.12340426	0.7982213	1.0	3402	tags=32%, list=14%, signal=37%	
NEURODEGENERATIVE DISEASES%REACTOME DATABASE ID RELEASE 95%8863678	NEURODEGENERATIVE DISEASES%REACTOME DATABASE ID RELEASE 95%8863678		20	-0.4389015	-1.2590529	0.1590909	0.7954926	1.0	1481	tags=25%, list=6%, signal=27%	
POSITIVE REGULATION OF PROTEIN PROCESSING%GOBP%GO:0010954	POSITIVE REGULATION OF PROTEIN PROCESSING%GOBP%GO:0010954		21	-0.43687817	-1.2578214	0.1554054	0.79770434	1.0	1648	tags=19%, list=7%, signal=20%	
EUKARYOTIC TRANSLATION TERMINATION%REACTOME%R-HSA-72764.6	EUKARYOTIC TRANSLATION TERMINATION%REACTOME%R-HSA-72764.6		92	-0.31701437	-1.2574098	0.0738255	0.796623	1.0	6117	tags=36%, list=25%, signal=48%	
SPOP-MEDIATED PROTEASOMAL DEGRADATION OF PD-L1(CD274)%REACTOME%R-HSA-9929491.1	SPOP-MEDIATED PROTEASOMAL DEGRADATION OF PD-L1(CD274)%REACTOME%R-HSA-9929491.1		46	-0.35519832	-1.2571441	0.0913242	0.79475814	1.0	4658	tags=39%, list=19%, signal=48%	
REGULATION OF UBIQUITIN-PROTEIN TRANSFERASE ACTIVITY%GOBP%GO:0051438	REGULATION OF UBIQUITIN-PROTEIN TRANSFERASE ACTIVITY%GOBP%GO:0051438		16	-0.4515803	-1.2569758	0.19063546	0.7925869	1.0	3772	tags=25%, list=15%, signal=30%	
15Q25 COPY NUMBER VARIATION%WIKIPATHWAYS_20260211%WP5408%HOMO SAPIENS	15Q25 COPY NUMBER VARIATION%WIKIPATHWAYS_20260211%WP5408%HOMO SAPIENS		36	-0.37533823	-1.2564856	0.1092437	0.7918396	1.0	1333	tags=17%, list=5%, signal=18%	
METHYLMALONIC ACIDURIA DUE TO COBALAMIN-RELATED DISORDERS%PATHWHIZ%PW000208	METHYLMALONIC ACIDURIA DUE TO COBALAMIN-RELATED DISORDERS%PATHWHIZ%PW000208		18	-0.43580568	-1.2563894	0.14788732	0.7894812	1.0	840	tags=17%, list=3%, signal=17%	
REGULATION OF CELL-CELL ADHESION MEDIATED BY CADHERIN%GOBP%GO:2000047	REGULATION OF CELL-CELL ADHESION MEDIATED BY CADHERIN%GOBP%GO:2000047		20	-0.4250291	-1.2552145	0.16447368	0.791829	1.0	4002	tags=35%, list=16%, signal=42%	
NEGATIVE REGULATION OF SIGNAL TRANSDUCTION BY P53 CLASS MEDIATOR%GOBP%GO:1901797	NEGATIVE REGULATION OF SIGNAL TRANSDUCTION BY P53 CLASS MEDIATOR%GOBP%GO:1901797		34	-0.3783478	-1.2551558	0.12765957	0.78925705	1.0	6114	tags=53%, list=25%, signal=70%	
FOXO-MEDIATED TRANSCRIPTION OF CELL DEATH GENES%REACTOME%R-HSA-9614657.2	FOXO-MEDIATED TRANSCRIPTION OF CELL DEATH GENES%REACTOME%R-HSA-9614657.2		16	-0.45267898	-1.2548951	0.13813815	0.78754604	1.0	1481	tags=25%, list=6%, signal=27%	
DEGRADATION OF GLI2 BY THE PROTEASOME%REACTOME DATABASE ID RELEASE 95%5610783	DEGRADATION OF GLI2 BY THE PROTEASOME%REACTOME DATABASE ID RELEASE 95%5610783		47	-0.35130423	-1.2542744	0.12719299	0.78731364	1.0	4658	tags=38%, list=19%, signal=47%	
REGULATION OF CARDIAC CONDUCTION%GOBP%GO:1903779	REGULATION OF CARDIAC CONDUCTION%GOBP%GO:1903779		23	-0.40408185	-1.2540544	0.14444445	0.78548217	1.0	598	tags=9%, list=2%, signal=9%	
CTNNB1 S37 MUTANTS AREN'T PHOSPHORYLATED%REACTOME%R-HSA-5358749.4	CTNNB1 S37 MUTANTS AREN'T PHOSPHORYLATED%REACTOME%R-HSA-5358749.4		15	-0.45840812	-1.2540451	0.15857606	0.7827642	1.0	3454	tags=40%, list=14%, signal=47%	
NEGATIVE REGULATION OF INTRACELLULAR PROTEIN TRANSPORT%GOBP%GO:0090317	NEGATIVE REGULATION OF INTRACELLULAR PROTEIN TRANSPORT%GOBP%GO:0090317		27	-0.3916619	-1.2534438	0.11439114	0.78237545	1.0	5329	tags=37%, list=22%, signal=47%	
UBIQUITIN-MEDIATED DEGRADATION OF PHOSPHORYLATED CDC25A%REACTOME%R-HSA-69601.6	UBIQUITIN-MEDIATED DEGRADATION OF PHOSPHORYLATED CDC25A%REACTOME%R-HSA-69601.6		51	-0.3396095	-1.2522655	0.09049774	0.7846095	1.0	5378	tags=39%, list=22%, signal=50%	
NEGATIVE REGULATION OF NEURON APOPTOTIC PROCESS%GOBP%GO:0043524	NEGATIVE REGULATION OF NEURON APOPTOTIC PROCESS%GOBP%GO:0043524		81	-0.31598216	-1.2519988	0.09202454	0.7829847	1.0	3510	tags=23%, list=14%, signal=27%	
MAINTENANCE OF PROTEIN LOCALIZATION IN ORGANELLE%GOBP%GO:0072595	MAINTENANCE OF PROTEIN LOCALIZATION IN ORGANELLE%GOBP%GO:0072595		35	-0.3776896	-1.2519855	0.15352698	0.78034836	1.0	1999	tags=17%, list=8%, signal=19%	
REGULATION OF ENDOPLASMIC RETICULUM UNFOLDED PROTEIN RESPONSE%GOBP%GO:1900101	REGULATION OF ENDOPLASMIC RETICULUM UNFOLDED PROTEIN RESPONSE%GOBP%GO:1900101		31	-0.38574392	-1.2515173	0.14942528	0.7796532	1.0	2397	tags=23%, list=10%, signal=25%	
RIBOSOME-ASSOCIATED QUALITY CONTROL%REACTOME%R-HSA-9948299.2	RIBOSOME-ASSOCIATED QUALITY CONTROL%REACTOME%R-HSA-9948299.2		141	-0.29030666	-1.2510304	0.036036037	0.77908033	1.0	5877	tags=36%, list=24%, signal=47%	
POSITIVE REGULATION OF ERAD PATHWAY%GOBP%GO:1904294	POSITIVE REGULATION OF ERAD PATHWAY%GOBP%GO:1904294		17	-0.4537178	-1.2510087	0.17846154	0.77646434	1.0	4404	tags=35%, list=18%, signal=43%	
SIGNALING BY CTNNB1 PHOSPHO-SITE MUTANTS%REACTOME%R-HSA-4839743.5	SIGNALING BY CTNNB1 PHOSPHO-SITE MUTANTS%REACTOME%R-HSA-4839743.5		15	-0.45840812	-1.2505186	0.18064517	0.7758639	1.0	3454	tags=40%, list=14%, signal=47%	
MATURATION OF LSU-RRNA%GOBP%GO:0000470	MATURATION OF LSU-RRNA%GOBP%GO:0000470		31	-0.38691068	-1.2503703	0.14814815	0.7737776	1.0	2700	tags=26%, list=11%, signal=29%	
NEGATIVE REGULATION OF BONE REMODELING%GOBP%GO:0046851	NEGATIVE REGULATION OF BONE REMODELING%GOBP%GO:0046851		15	-0.47654787	-1.2501482	0.17064847	0.77213275	1.0	1692	tags=33%, list=7%, signal=36%	
PROTEIN ALPHA-1,2-DEMANNOSYLATION%GOBP%GO:0036508	PROTEIN ALPHA-1,2-DEMANNOSYLATION%GOBP%GO:0036508		15	-0.4588092	-1.249942	0.15666667	0.7703943	1.0	4762	tags=47%, list=19%, signal=58%	
HALLMARK_ESTROGEN_RESPONSE_LATE%MSIGDBHALLMARK%HALLMARK_ESTROGEN_RESPONSE_LATE	HALLMARK_ESTROGEN_RESPONSE_LATE%MSIGDBHALLMARK%HALLMARK_ESTROGEN_RESPONSE_LATE		168	-0.28699824	-1.2491587	0.034883723	0.7710775	1.0	2648	tags=19%, list=11%, signal=21%	
PROPANOATE METABOLISM%SMPDB%SMP0000016	PROPANOATE METABOLISM%SMPDB%SMP0000016		18	-0.43580568	-1.2486877	0.12773722	0.77034855	1.0	840	tags=17%, list=3%, signal=17%	
22Q11 2 DISTAL CNV%WIKIPATHWAYS_20260211%WP5546%HOMO SAPIENS	22Q11 2 DISTAL CNV%WIKIPATHWAYS_20260211%WP5546%HOMO SAPIENS		115	-0.3040871	-1.247929	0.045801528	0.7709336	1.0	3043	tags=19%, list=12%, signal=22%	
P38 SIGNALING MEDIATED BY MAPKAP KINASES%PATHWAY INTERACTION DATABASE NCI-NATURE CURATED DATA%P38 SIGNALING MEDIATED BY MAPKAP KINASES	P38 SIGNALING MEDIATED BY MAPKAP KINASES%PATHWAY INTERACTION DATABASE NCI-NATURE CURATED DATA%P38 SIGNALING MEDIATED BY MAPKAP KINASES		21	-0.406371	-1.246876	0.14814815	0.77296066	1.0	1998	tags=19%, list=8%, signal=21%	
CTNNB1 S33 MUTANTS AREN'T PHOSPHORYLATED%REACTOME DATABASE ID RELEASE 95%5358747	CTNNB1 S33 MUTANTS AREN'T PHOSPHORYLATED%REACTOME DATABASE ID RELEASE 95%5358747		15	-0.45840812	-1.2465668	0.17554858	0.7717633	1.0	3454	tags=40%, list=14%, signal=47%	
POSITIVE REGULATION OF GLYCOLYTIC PROCESS%GOBP%GO:0045821	POSITIVE REGULATION OF GLYCOLYTIC PROCESS%GOBP%GO:0045821		20	-0.4293831	-1.2464646	0.17288135	0.76957655	1.0	3357	tags=35%, list=14%, signal=41%	
BIOCARTA_NGF_PATHWAY%MSIGDB_C2%BIOCARTA_NGF_PATHWAY	BIOCARTA_NGF_PATHWAY%MSIGDB_C2%BIOCARTA_NGF_PATHWAY		17	-0.43907377	-1.245918	0.17525773	0.76918036	1.0	1334	tags=18%, list=5%, signal=19%	
CELLULAR RESPONSE TO MISFOLDED PROTEIN%GOBP%GO:0071218	CELLULAR RESPONSE TO MISFOLDED PROTEIN%GOBP%GO:0071218		16	-0.4601977	-1.2452478	0.18705036	0.769271	1.0	4137	tags=44%, list=17%, signal=53%	
REGULATION OF EXPRESSION OF SLITS AND ROBOS%REACTOME%R-HSA-9010553.2	REGULATION OF EXPRESSION OF SLITS AND ROBOS%REACTOME%R-HSA-9010553.2		157	-0.28591433	-1.2447493	0.07317073	0.7689173	1.0	5877	tags=35%, list=24%, signal=46%	
FORMATION OF THE URETERIC BUD%REACTOME DATABASE ID RELEASE 95%9830674	FORMATION OF THE URETERIC BUD%REACTOME DATABASE ID RELEASE 95%9830674		21	-0.40785757	-1.2439464	0.15734266	0.7697725	1.0	3108	tags=24%, list=13%, signal=27%	
P53-INDEPENDENT G1 S DNA DAMAGE CHECKPOINT%REACTOME%R-HSA-69613.5	P53-INDEPENDENT G1 S DNA DAMAGE CHECKPOINT%REACTOME%R-HSA-69613.5		51	-0.3396095	-1.2437128	0.123809524	0.7683117	1.0	5378	tags=39%, list=22%, signal=50%	
SCF(SKP2)-MEDIATED DEGRADATION OF P27 P21%REACTOME%R-HSA-187577.5	SCF(SKP2)-MEDIATED DEGRADATION OF P27 P21%REACTOME%R-HSA-187577.5		50	-0.34442723	-1.2435681	0.11764706	0.76653516	1.0	4658	tags=38%, list=19%, signal=47%	
POSITIVE REGULATION OF PURINE NUCLEOTIDE CATABOLIC PROCESS%GOBP%GO:0033123	POSITIVE REGULATION OF PURINE NUCLEOTIDE CATABOLIC PROCESS%GOBP%GO:0033123		20	-0.4293831	-1.243534	0.1609589	0.7642178	1.0	3357	tags=35%, list=14%, signal=41%	
PROTEIN TARGETING%GOBP%GO:0006605	PROTEIN TARGETING%GOBP%GO:0006605		152	-0.28926876	-1.2434596	0.054054055	0.7621062	1.0	2888	tags=20%, list=12%, signal=23%	
PHENYTOIN (ANTIARRHYTHMIC) ACTION PATHWAY%PATHWHIZ%PW000380	PHENYTOIN (ANTIARRHYTHMIC) ACTION PATHWAY%PATHWHIZ%PW000380		69	-0.3222861	-1.2428294	0.07065217	0.7621882	1.0	2807	tags=20%, list=11%, signal=23%	
REGULATION OF NEURON APOPTOTIC PROCESS%GOBP%GO:0043523	REGULATION OF NEURON APOPTOTIC PROCESS%GOBP%GO:0043523		135	-0.2962296	-1.242699	0.060606062	0.7603134	1.0	3510	tags=23%, list=14%, signal=27%	
RIBOSOME ASSEMBLY%GOBP%GO:0042255	RIBOSOME ASSEMBLY%GOBP%GO:0042255		60	-0.32886022	-1.2398915	0.08152174	0.76937675	1.0	2752	tags=22%, list=11%, signal=24%	
PROTEIN DEMANNOSYLATION%GOBP%GO:0036507	PROTEIN DEMANNOSYLATION%GOBP%GO:0036507		15	-0.4588092	-1.2374548	0.1746988	0.7769367	1.0	4762	tags=47%, list=19%, signal=58%	
NEGATIVE REGULATION OF PROTEASOMAL UBIQUITIN-DEPENDENT PROTEIN CATABOLIC PROCESS%GOBP%GO:0032435	NEGATIVE REGULATION OF PROTEASOMAL UBIQUITIN-DEPENDENT PROTEIN CATABOLIC PROCESS%GOBP%GO:0032435		39	-0.3530012	-1.2373061	0.13304721	0.775092	1.0	6230	tags=44%, list=25%, signal=58%	
ANTIGEN PROCESSING: UB, ATP-INDEPENDENT PROTEASOMAL DEGRADATION%REACTOME DATABASE ID RELEASE 95%9912633	ANTIGEN PROCESSING: UB, ATP-INDEPENDENT PROTEASOMAL DEGRADATION%REACTOME DATABASE ID RELEASE 95%9912633		19	-0.43417433	-1.2360239	0.17391305	0.77788925	1.0	4658	tags=42%, list=19%, signal=52%	
NEGATIVE REGULATION OF RESPONSE TO ENDOPLASMIC RETICULUM STRESS%GOBP%GO:1903573	NEGATIVE REGULATION OF RESPONSE TO ENDOPLASMIC RETICULUM STRESS%GOBP%GO:1903573		43	-0.36473754	-1.2358458	0.13215859	0.7761428	1.0	2397	tags=21%, list=10%, signal=23%	
EXERCISE AND HYPERTROPHY IN SKELETAL MUSCLE%WIKIPATHWAYS_20260211%WP516%HOMO SAPIENS	EXERCISE AND HYPERTROPHY IN SKELETAL MUSCLE%WIKIPATHWAYS_20260211%WP516%HOMO SAPIENS		16	-0.44890058	-1.2351031	0.17263843	0.77690285	1.0	3796	tags=25%, list=15%, signal=30%	
GLI3 IS PROCESSED TO GLI3R BY THE PROTEASOME%REACTOME%R-HSA-5610785.2	GLI3 IS PROCESSED TO GLI3R BY THE PROTEASOME%REACTOME%R-HSA-5610785.2		47	-0.34005594	-1.2333553	0.113300495	0.7818151	1.0	4658	tags=36%, list=19%, signal=45%	
DEGRADATION OF AXIN%REACTOME%R-HSA-4641257.3	DEGRADATION OF AXIN%REACTOME%R-HSA-4641257.3		42	-0.34866187	-1.2318623	0.12451362	0.78553236	1.0	4658	tags=38%, list=19%, signal=47%	
SIGNALING BY GSK3BETA MUTANTS%REACTOME DATABASE ID RELEASE 95%5339716	SIGNALING BY GSK3BETA MUTANTS%REACTOME DATABASE ID RELEASE 95%5339716		15	-0.45840812	-1.2313459	0.18726592	0.78519875	1.0	3454	tags=40%, list=14%, signal=47%	
CTNNB1 S45 MUTANTS AREN'T PHOSPHORYLATED%REACTOME%R-HSA-5358751.4	CTNNB1 S45 MUTANTS AREN'T PHOSPHORYLATED%REACTOME%R-HSA-5358751.4		15	-0.45840812	-1.2301679	0.19756839	0.7876026	1.0	3454	tags=40%, list=14%, signal=47%	
REGULATION OF INTRINSIC APOPTOTIC SIGNALING PATHWAY IN RESPONSE TO DNA DAMAGE BY P53 CLASS MEDIATOR%GOBP%GO:1902165	REGULATION OF INTRINSIC APOPTOTIC SIGNALING PATHWAY IN RESPONSE TO DNA DAMAGE BY P53 CLASS MEDIATOR%GOBP%GO:1902165		15	-0.44909263	-1.229744	0.18404908	0.7870254	1.0	4825	tags=40%, list=20%, signal=50%	
PEPTIDE SECRETION%GOBP%GO:0002790	PEPTIDE SECRETION%GOBP%GO:0002790		31	-0.37577248	-1.2284781	0.14436619	0.7898323	1.0	3654	tags=29%, list=15%, signal=34%	
MALONYL-COA DECARBOXYLASE DEFICIENCY%PATHWHIZ%PW000478	MALONYL-COA DECARBOXYLASE DEFICIENCY%PATHWHIZ%PW000478		18	-0.43580568	-1.2282653	0.19016394	0.7882402	1.0	840	tags=17%, list=3%, signal=17%	
AUTODEGRADATION OF THE E3 UBIQUITIN LIGASE COP1%REACTOME%R-HSA-349425.4	AUTODEGRADATION OF THE E3 UBIQUITIN LIGASE COP1%REACTOME%R-HSA-349425.4		39	-0.35765186	-1.228156	0.13821138	0.786284	1.0	4658	tags=41%, list=19%, signal=51%	
INTRA-GOLGI AND RETROGRADE GOLGI-TO-ER TRAFFIC%REACTOME DATABASE ID RELEASE 95%6811442	INTRA-GOLGI AND RETROGRADE GOLGI-TO-ER TRAFFIC%REACTOME DATABASE ID RELEASE 95%6811442		185	-0.27367932	-1.2280277	0.024691358	0.78438	1.0	3014	tags=23%, list=12%, signal=26%	
NEGATIVE REGULATION OF INTRINSIC APOPTOTIC SIGNALING PATHWAY BY P53 CLASS MEDIATOR%GOBP%GO:1902254	NEGATIVE REGULATION OF INTRINSIC APOPTOTIC SIGNALING PATHWAY BY P53 CLASS MEDIATOR%GOBP%GO:1902254		17	-0.43133557	-1.2262008	0.2	0.7898466	1.0	6114	tags=53%, list=25%, signal=71%	
PEPTIDE HORMONE SECRETION%GOBP%GO:0030072	PEPTIDE HORMONE SECRETION%GOBP%GO:0030072		31	-0.37577248	-1.2252775	0.15884477	0.7911989	1.0	3654	tags=29%, list=15%, signal=34%	
DEFECTIVE B3GAT3 CAUSES JDSSDHD%REACTOME DATABASE ID RELEASE 95%3560801	DEFECTIVE B3GAT3 CAUSES JDSSDHD%REACTOME DATABASE ID RELEASE 95%3560801		20	-0.41060793	-1.2250059	0.18181819	0.78987336	1.0	647	tags=10%, list=3%, signal=10%	
SYNTHESIS OF ACTIVE UBIQUITIN: ROLES OF E1 AND E2 ENZYMES%REACTOME DATABASE ID RELEASE 95%8866652	SYNTHESIS OF ACTIVE UBIQUITIN: ROLES OF E1 AND E2 ENZYMES%REACTOME DATABASE ID RELEASE 95%8866652		30	-0.37613714	-1.2247758	0.15498155	0.7884511	1.0	4816	tags=40%, list=20%, signal=50%	
NOTCH2 ACTIVATION AND TRANSMISSION OF SIGNAL TO THE NUCLEUS%REACTOME%R-HSA-2979096.6	NOTCH2 ACTIVATION AND TRANSMISSION OF SIGNAL TO THE NUCLEUS%REACTOME%R-HSA-2979096.6		25	-0.39633065	-1.2225302	0.16382253	0.7953738	1.0	4743	tags=40%, list=19%, signal=50%	
NOTCH3 ACTIVATION AND TRANSMISSION OF SIGNAL TO THE NUCLEUS%REACTOME DATABASE ID RELEASE 95%9013507	NOTCH3 ACTIVATION AND TRANSMISSION OF SIGNAL TO THE NUCLEUS%REACTOME DATABASE ID RELEASE 95%9013507		25	-0.3923268	-1.2223076	0.18014705	0.7939299	1.0	4743	tags=40%, list=19%, signal=50%	
PLATELET CALCIUM HOMEOSTASIS%REACTOME DATABASE ID RELEASE 95%418360	PLATELET CALCIUM HOMEOSTASIS%REACTOME DATABASE ID RELEASE 95%418360		28	-0.38320005	-1.2221607	0.15613383	0.79216707	1.0	2792	tags=25%, list=11%, signal=28%	
MALONIC ACIDURIA%SMPDB%SMP0000198	MALONIC ACIDURIA%SMPDB%SMP0000198		18	-0.43580568	-1.2213649	0.19426751	0.7931461	1.0	840	tags=17%, list=3%, signal=17%	
SCHWANN CELL DIFFERENTIATION%GOBP%GO:0014037	SCHWANN CELL DIFFERENTIATION%GOBP%GO:0014037		16	-0.43776736	-1.2199421	0.2	0.79689926	1.0	1938	tags=31%, list=8%, signal=34%	
HALLMARK_ANDROGEN_RESPONSE%MSIGDBHALLMARK%HALLMARK_ANDROGEN_RESPONSE	HALLMARK_ANDROGEN_RESPONSE%MSIGDBHALLMARK%HALLMARK_ANDROGEN_RESPONSE		70	-0.31434873	-1.2193621	0.083798885	0.7970598	1.0	2301	tags=21%, list=9%, signal=24%	
HALLMARK OF CANCER METASTASIS AND EPITHELIAL TO MESENCHYMAL TRANSITION%WIKIPATHWAYS_20260211%WP5469%HOMO SAPIENS	HALLMARK OF CANCER METASTASIS AND EPITHELIAL TO MESENCHYMAL TRANSITION%WIKIPATHWAYS_20260211%WP5469%HOMO SAPIENS		20	-0.4211	-1.2190799	0.19935691	0.7958876	1.0	4825	tags=50%, list=20%, signal=62%	
METABOLIC REPROGRAMMING IN PANCREATIC CANCER%WIKIPATHWAYS_20260211%WP5220%HOMO SAPIENS	METABOLIC REPROGRAMMING IN PANCREATIC CANCER%WIKIPATHWAYS_20260211%WP5220%HOMO SAPIENS		27	-0.382707	-1.2178638	0.17982456	0.79858035	1.0	2047	tags=22%, list=8%, signal=24%	
PCNA-DEPENDENT LONG PATCH BASE EXCISION REPAIR%REACTOME DATABASE ID RELEASE 95%5651801	PCNA-DEPENDENT LONG PATCH BASE EXCISION REPAIR%REACTOME DATABASE ID RELEASE 95%5651801		21	-0.4110089	-1.2176949	0.19666667	0.79697806	1.0	6550	tags=52%, list=27%, signal=71%	
NEGATIVE REGULATION OF TISSUE REMODELING%GOBP%GO:0034104	NEGATIVE REGULATION OF TISSUE REMODELING%GOBP%GO:0034104		17	-0.43822986	-1.2176573	0.18892509	0.794802	1.0	1692	tags=29%, list=7%, signal=32%	
REGULATION OF RESPONSE TO ENDOPLASMIC RETICULUM STRESS%GOBP%GO:1905897	REGULATION OF RESPONSE TO ENDOPLASMIC RETICULUM STRESS%GOBP%GO:1905897		81	-0.30867344	-1.2170277	0.084269665	0.79497766	1.0	2397	tags=17%, list=10%, signal=19%	
GAP JUNCTION ASSEMBLY%REACTOME DATABASE ID RELEASE 95%190861	GAP JUNCTION ASSEMBLY%REACTOME DATABASE ID RELEASE 95%190861		19	-0.42176646	-1.2169656	0.16233766	0.7929462	1.0	4776	tags=21%, list=20%, signal=26%	
BIOCARTA_INSULIN_PATHWAY%MSIGDB_C2%BIOCARTA_INSULIN_PATHWAY	BIOCARTA_INSULIN_PATHWAY%MSIGDB_C2%BIOCARTA_INSULIN_PATHWAY		17	-0.4270836	-1.2164842	0.20983607	0.79284114	1.0	1717	tags=24%, list=7%, signal=25%	
ATM PATHWAY%PATHWAY INTERACTION DATABASE NCI-NATURE CURATED DATA%ATM PATHWAY	ATM PATHWAY%PATHWAY INTERACTION DATABASE NCI-NATURE CURATED DATA%ATM PATHWAY		34	-0.36029738	-1.2160151	0.14391144	0.79262704	1.0	357	tags=9%, list=1%, signal=9%	
GLYCOSAMINOGLYCAN-PROTEIN LINKAGE REGION BIOSYNTHESIS%REACTOME%R-HSA-1971475.6	GLYCOSAMINOGLYCAN-PROTEIN LINKAGE REGION BIOSYNTHESIS%REACTOME%R-HSA-1971475.6		29	-0.3789861	-1.215982	0.13909775	0.7904753	1.0	660	tags=10%, list=3%, signal=11%	
P75(NTR)-MEDIATED SIGNALING%PATHWAY INTERACTION DATABASE NCI-NATURE CURATED DATA%P75(NTR)-MEDIATED SIGNALING	P75(NTR)-MEDIATED SIGNALING%PATHWAY INTERACTION DATABASE NCI-NATURE CURATED DATA%P75(NTR)-MEDIATED SIGNALING		68	-0.3183284	-1.2153828	0.09714286	0.790558	1.0	1481	tags=15%, list=6%, signal=16%	
DISEASES ASSOCIATED WITH GLYCOSAMINOGLYCAN METABOLISM%REACTOME%R-HSA-3560782.5	DISEASES ASSOCIATED WITH GLYCOSAMINOGLYCAN METABOLISM%REACTOME%R-HSA-3560782.5		40	-0.3564344	-1.2148281	0.1521739	0.79054016	1.0	1629	tags=18%, list=7%, signal=19%	
PROTEIN SYNTHESIS: ISOLEUCINE%SMPDB%SMP0111872	PROTEIN SYNTHESIS: ISOLEUCINE%SMPDB%SMP0111872		79	-0.30185392	-1.2144641	0.084848486	0.7898251	1.0	6023	tags=35%, list=25%, signal=47%	
CDK-MEDIATED PHOSPHORYLATION AND REMOVAL OF CDC6%REACTOME%R-HSA-69017.4	CDK-MEDIATED PHOSPHORYLATION AND REMOVAL OF CDC6%REACTOME%R-HSA-69017.4		60	-0.3311619	-1.2136341	0.09944751	0.7910069	1.0	4690	tags=42%, list=19%, signal=51%	
SKELETAL SYSTEM MORPHOGENESIS%GOBP%GO:0048705	SKELETAL SYSTEM MORPHOGENESIS%GOBP%GO:0048705		96	-0.3019615	-1.2128158	0.104575165	0.79200864	1.0	3883	tags=21%, list=16%, signal=25%	
REGULATION OF NUCLEAR-TRANSCRIBED MRNA CATABOLIC PROCESS, DEADENYLATION-DEPENDENT DECAY%GOBP%GO:1900151	REGULATION OF NUCLEAR-TRANSCRIBED MRNA CATABOLIC PROCESS, DEADENYLATION-DEPENDENT DECAY%GOBP%GO:1900151		24	-0.3907414	-1.2124766	0.16225165	0.7912384	1.0	3853	tags=33%, list=16%, signal=40%	
PROTEIN SYNTHESIS: METHIONINE%PATHWHIZ%PW112933	PROTEIN SYNTHESIS: METHIONINE%PATHWHIZ%PW112933		79	-0.30728102	-1.2123129	0.0952381	0.7896534	1.0	6023	tags=35%, list=25%, signal=47%	
AUTODEGRADATION OF CDH1 BY CDH1:APC C%REACTOME DATABASE ID RELEASE 95%174084	AUTODEGRADATION OF CDH1 BY CDH1:APC C%REACTOME DATABASE ID RELEASE 95%174084		54	-0.33166564	-1.2119619	0.13978495	0.78884405	1.0	4690	tags=41%, list=19%, signal=50%	
RRNA MODIFICATION IN THE NUCLEUS AND CYTOSOL%REACTOME%R-HSA-6790901.6	RRNA MODIFICATION IN THE NUCLEUS AND CYTOSOL%REACTOME%R-HSA-6790901.6		60	-0.32062525	-1.2118331	0.11518325	0.78711015	1.0	4662	tags=42%, list=19%, signal=51%	
PROTEIN SYNTHESIS: GLUTAMIC ACID%PATHWHIZ%PW112922	PROTEIN SYNTHESIS: GLUTAMIC ACID%PATHWHIZ%PW112922		79	-0.3040437	-1.2101822	0.088757396	0.79150623	1.0	6023	tags=35%, list=25%, signal=47%	
RIBOSOME QUALITY CONTROL (RQC) COMPLEX EXTRACTS AND DEGRADES NASCENT PEPTIDE%REACTOME%R-HSA-9954709.2	RIBOSOME QUALITY CONTROL (RQC) COMPLEX EXTRACTS AND DEGRADES NASCENT PEPTIDE%REACTOME%R-HSA-9954709.2		101	-0.29213804	-1.206417	0.08227848	0.80501056	1.0	4706	tags=29%, list=19%, signal=35%	
POSITIVE REGULATION OF INTRACELLULAR PROTEIN TRANSPORT%GOBP%GO:0090316	POSITIVE REGULATION OF INTRACELLULAR PROTEIN TRANSPORT%GOBP%GO:0090316		79	-0.3042016	-1.2045436	0.10795455	0.8107078	1.0	2857	tags=19%, list=12%, signal=21%	
EARLY SARS-COV-2 INFECTION EVENTS%REACTOME%R-HSA-9772572.4	EARLY SARS-COV-2 INFECTION EVENTS%REACTOME%R-HSA-9772572.4		37	-0.3558727	-1.2044338	0.14440434	0.80886996	1.0	1865	tags=16%, list=8%, signal=18%	
EUKARYOTIC TRANSLATION ELONGATION%REACTOME DATABASE ID RELEASE 95%156842	EUKARYOTIC TRANSLATION ELONGATION%REACTOME DATABASE ID RELEASE 95%156842		93	-0.29982555	-1.2027599	0.08695652	0.81369466	1.0	6117	tags=37%, list=25%, signal=49%	
SEALING OF THE NUCLEAR ENVELOPE (NE) BY ESCRT-III%REACTOME%R-HSA-9668328.2	SEALING OF THE NUCLEAR ENVELOPE (NE) BY ESCRT-III%REACTOME%R-HSA-9668328.2		32	-0.3598517	-1.2018932	0.171875	0.8150644	1.0	4821	tags=28%, list=20%, signal=35%	
AMINO ACID IMPORT ACROSS PLASMA MEMBRANE%GOBP%GO:0089718	AMINO ACID IMPORT ACROSS PLASMA MEMBRANE%GOBP%GO:0089718		38	-0.34192964	-1.2003359	0.15126051	0.8192015	1.0	1702	tags=18%, list=7%, signal=20%	
PROTEIN SYNTHESIS: PROLINE%PATHWHIZ%PW113695	PROTEIN SYNTHESIS: PROLINE%PATHWHIZ%PW113695		79	-0.3040437	-1.1994143	0.13259669	0.8207279	1.0	6023	tags=35%, list=25%, signal=47%	
RESPONSE TO STARVATION%GOBP%GO:0042594	RESPONSE TO STARVATION%GOBP%GO:0042594		170	-0.274666	-1.1974459	0.056818184	0.8267196	1.0	3724	tags=21%, list=15%, signal=24%	
CELLULAR RESPONSE TO HYPOXIA%GOBP%GO:0071456	CELLULAR RESPONSE TO HYPOXIA%GOBP%GO:0071456		77	-0.31039947	-1.1973414	0.0880829	0.8248896	1.0	5051	tags=38%, list=21%, signal=47%	
PROTEIN SYNTHESIS: PHENYLALANINE%PATHWHIZ%PW112934	PROTEIN SYNTHESIS: PHENYLALANINE%PATHWHIZ%PW112934		80	-0.30347407	-1.1969712	0.098265894	0.82426333	1.0	6023	tags=35%, list=25%, signal=46%	
REGULATION OF APOPTOSIS%REACTOME DATABASE ID RELEASE 95%169911	REGULATION OF APOPTOSIS%REACTOME DATABASE ID RELEASE 95%169911		40	-0.34292153	-1.195429	0.1733871	0.82853836	1.0	4658	tags=40%, list=19%, signal=49%	
SIGNALING BY NTRKS%REACTOME DATABASE ID RELEASE 95%166520	SIGNALING BY NTRKS%REACTOME DATABASE ID RELEASE 95%166520		130	-0.27697286	-1.1950146	0.05	0.8280507	1.0	3454	tags=19%, list=14%, signal=22%	
REGULATION OF BONE REMODELING%GOBP%GO:0046850	REGULATION OF BONE REMODELING%GOBP%GO:0046850		42	-0.34739405	-1.1947737	0.16666667	0.82680213	1.0	1692	tags=17%, list=7%, signal=18%	
REGULATION OF ER TO GOLGI VESICLE-MEDIATED TRANSPORT%GOBP%GO:0060628	REGULATION OF ER TO GOLGI VESICLE-MEDIATED TRANSPORT%GOBP%GO:0060628		20	-0.4050842	-1.1925842	0.19387755	0.8340071	1.0	5419	tags=45%, list=22%, signal=58%	
TRNA WOBBLE BASE MODIFICATION%GOBP%GO:0002097	TRNA WOBBLE BASE MODIFICATION%GOBP%GO:0002097		27	-0.3766228	-1.1923804	0.1724138	0.83261955	1.0	2698	tags=33%, list=11%, signal=37%	
OXIDATIVE STRESS RESPONSE%PANTHER PATHWAY%P00046	OXIDATIVE STRESS RESPONSE%PANTHER PATHWAY%P00046		22	-0.39008552	-1.1918448	0.17832167	0.83267444	1.0	863	tags=14%, list=4%, signal=14%	
INTRINSIC APOPTOTIC SIGNALING PATHWAY IN RESPONSE TO ENDOPLASMIC RETICULUM STRESS%GOBP%GO:0070059	INTRINSIC APOPTOTIC SIGNALING PATHWAY IN RESPONSE TO ENDOPLASMIC RETICULUM STRESS%GOBP%GO:0070059		31	-0.3721436	-1.1917746	0.19433199	0.8306961	1.0	2429	tags=19%, list=10%, signal=21%	
ZNF598 AND THE RIBOSOME-ASSOCIATED QUALITY TRIGGER (RQT) COMPLEX DISSOCIATE A RIBOSOME STALLED ON A NO-GO MRNA%REACTOME DATABASE ID RELEASE 95%9954716	ZNF598 AND THE RIBOSOME-ASSOCIATED QUALITY TRIGGER (RQT) COMPLEX DISSOCIATE A RIBOSOME STALLED ON A NO-GO MRNA%REACTOME DATABASE ID RELEASE 95%9954716		95	-0.28847915	-1.1912403	0.07453416	0.830737	1.0	6117	tags=36%, list=25%, signal=48%	
WNT5A-DEPENDENT INTERNALIZATION OF FZD4%REACTOME%R-HSA-5099900.2	WNT5A-DEPENDENT INTERNALIZATION OF FZD4%REACTOME%R-HSA-5099900.2		15	-0.42545888	-1.1909169	0.21649484	0.8298645	1.0	1796	tags=20%, list=7%, signal=22%	
PID_S1P_S1P2_PATHWAY%MSIGDB_C2%PID_S1P_S1P2_PATHWAY	PID_S1P_S1P2_PATHWAY%MSIGDB_C2%PID_S1P_S1P2_PATHWAY		18	-0.41705418	-1.187057	0.20588236	0.8441729	1.0	1334	tags=17%, list=5%, signal=18%	
REGULATION OF DEFENSE RESPONSE TO VIRUS BY HOST%GOBP%GO:0050691	REGULATION OF DEFENSE RESPONSE TO VIRUS BY HOST%GOBP%GO:0050691		36	-0.351877	-1.1868855	0.15677966	0.8426531	1.0	5036	tags=33%, list=21%, signal=42%	
DEFECTIVE INTRINSIC PATHWAY FOR APOPTOSIS%REACTOME DATABASE ID RELEASE 95%9734009	DEFECTIVE INTRINSIC PATHWAY FOR APOPTOSIS%REACTOME DATABASE ID RELEASE 95%9734009		23	-0.3928969	-1.1861535	0.23049645	0.843748	1.0	1481	tags=22%, list=6%, signal=23%	
VALIDATED TRANSCRIPTIONAL TARGETS OF AP1 FAMILY MEMBERS FRA1 AND FRA2%PATHWAY INTERACTION DATABASE NCI-NATURE CURATED DATA%VALIDATED TRANSCRIPTIONAL TARGETS OF AP1 FAMILY MEMBERS FRA1 AND FRA2	VALIDATED TRANSCRIPTIONAL TARGETS OF AP1 FAMILY MEMBERS FRA1 AND FRA2%PATHWAY INTERACTION DATABASE NCI-NATURE CURATED DATA%VALIDATED TRANSCRIPTIONAL TARGETS OF AP1 FAMILY MEMBERS FRA1 AND FRA2		37	-0.34626976	-1.1860495	0.1625	0.84199566	1.0	2429	tags=19%, list=10%, signal=21%	
NEGATIVE REGULATION OF UBIQUITIN-DEPENDENT PROTEIN CATABOLIC PROCESS%GOBP%GO:2000059	NEGATIVE REGULATION OF UBIQUITIN-DEPENDENT PROTEIN CATABOLIC PROCESS%GOBP%GO:2000059		52	-0.32382318	-1.1859779	0.15463917	0.84005594	1.0	5652	tags=37%, list=23%, signal=47%	
P75NTR SIGNALS VIA NF-KB%REACTOME DATABASE ID RELEASE 95%193639	P75NTR SIGNALS VIA NF-KB%REACTOME DATABASE ID RELEASE 95%193639		16	-0.44326097	-1.1857101	0.23202614	0.83910185	1.0	505	tags=19%, list=2%, signal=19%	
REGULATION OF PD-L1(CD274) EXPRESSION%REACTOME%R-HSA-9909648.1	REGULATION OF PD-L1(CD274) EXPRESSION%REACTOME%R-HSA-9909648.1		162	-0.27177867	-1.1843749	0.037037037	0.84256715	1.0	2925	tags=22%, list=12%, signal=24%	
CELLULAR RESPONSE TO DECREASED OXYGEN LEVELS%GOBP%GO:0036294	CELLULAR RESPONSE TO DECREASED OXYGEN LEVELS%GOBP%GO:0036294		80	-0.29922733	-1.1833955	0.099415205	0.8447002	1.0	5051	tags=36%, list=21%, signal=46%	
POSITIVE REGULATION OF TRANSLATIONAL INITIATION%GOBP%GO:0045948	POSITIVE REGULATION OF TRANSLATIONAL INITIATION%GOBP%GO:0045948		32	-0.370404	-1.1820419	0.20300752	0.84842324	1.0	3400	tags=34%, list=14%, signal=40%	
LINOLEIC ACID METABOLIC PROCESS%GOBP%GO:0043651	LINOLEIC ACID METABOLIC PROCESS%GOBP%GO:0043651		19	-0.40769425	-1.181893	0.22929937	0.8468903	1.0	2426	tags=32%, list=10%, signal=35%	
DEGRADATION OF GLI1 BY THE PROTEASOME%REACTOME DATABASE ID RELEASE 95%5610780	DEGRADATION OF GLI1 BY THE PROTEASOME%REACTOME DATABASE ID RELEASE 95%5610780		47	-0.33383814	-1.1816477	0.16746412	0.8457655	1.0	4658	tags=36%, list=19%, signal=45%	
REGULATION OF INTRACELLULAR PROTEIN TRANSPORT%GOBP%GO:0033157	REGULATION OF INTRACELLULAR PROTEIN TRANSPORT%GOBP%GO:0033157		118	-0.28247923	-1.1814797	0.12	0.8442543	1.0	2914	tags=18%, list=12%, signal=20%	
CELLULAR RESPONSE TO STARVATION%GOBP%GO:0009267	CELLULAR RESPONSE TO STARVATION%GOBP%GO:0009267		148	-0.27746505	-1.1812546	0.09174312	0.843039	1.0	2846	tags=16%, list=12%, signal=17%	
PROTEIN SYNTHESIS: ASPARAGINE%SMPDB%SMP0111854	PROTEIN SYNTHESIS: ASPARAGINE%SMPDB%SMP0111854		79	-0.300448	-1.1781852	0.088607594	0.85432565	1.0	6023	tags=35%, list=25%, signal=47%	
REGULATION OF CARDIOCYTE DIFFERENTIATION%GOBP%GO:1905207	REGULATION OF CARDIOCYTE DIFFERENTIATION%GOBP%GO:1905207		21	-0.38843593	-1.1776515	0.22847682	0.85460955	1.0	3757	tags=29%, list=15%, signal=34%	
HAIR FOLLICLE DEVELOPMENT CYTODIFFERENTIATION STAGE 3 OF 3%WIKIPATHWAYS_20260211%WP2840%HOMO SAPIENS	HAIR FOLLICLE DEVELOPMENT CYTODIFFERENTIATION STAGE 3 OF 3%WIKIPATHWAYS_20260211%WP2840%HOMO SAPIENS		78	-0.30161124	-1.1769385	0.14371258	0.8556418	1.0	2593	tags=23%, list=11%, signal=26%	
INTERACTION BETWEEN L1 AND ANKYRINS%REACTOME DATABASE ID RELEASE 95%445095	INTERACTION BETWEEN L1 AND ANKYRINS%REACTOME DATABASE ID RELEASE 95%445095		29	-0.36620477	-1.1763431	0.18532819	0.8560919	1.0	2263	tags=24%, list=9%, signal=27%	
NEUTRAL AMINO ACID TRANSPORT%GOBP%GO:0015804	NEUTRAL AMINO ACID TRANSPORT%GOBP%GO:0015804		43	-0.3347484	-1.1755317	0.18867925	0.85744697	1.0	1702	tags=21%, list=7%, signal=22%	
NEGATIVE REGULATION OF HORMONE SECRETION%GOBP%GO:0046888	NEGATIVE REGULATION OF HORMONE SECRETION%GOBP%GO:0046888		36	-0.3510511	-1.1747252	0.20264317	0.8586769	1.0	3298	tags=28%, list=13%, signal=32%	
N-CADHERIN SIGNALING EVENTS%PATHWAY INTERACTION DATABASE NCI-NATURE CURATED DATA%N-CADHERIN SIGNALING EVENTS	N-CADHERIN SIGNALING EVENTS%PATHWAY INTERACTION DATABASE NCI-NATURE CURATED DATA%N-CADHERIN SIGNALING EVENTS		34	-0.35885188	-1.1746924	0.19465649	0.85665584	1.0	3175	tags=26%, list=13%, signal=30%	
MAGNESIUM ION TRANSPORT%GOBP%GO:0015693	MAGNESIUM ION TRANSPORT%GOBP%GO:0015693		17	-0.413322	-1.1734866	0.24679486	0.85993314	1.0	2947	tags=24%, list=12%, signal=27%	
NEURON CELLULAR HOMEOSTASIS%GOBP%GO:0070050	NEURON CELLULAR HOMEOSTASIS%GOBP%GO:0070050		25	-0.38461718	-1.1731913	0.23684211	0.85900253	1.0	4294	tags=36%, list=18%, signal=44%	
VESICLE TARGETING, TO, FROM OR WITHIN GOLGI%GOBP%GO:0048199	VESICLE TARGETING, TO, FROM OR WITHIN GOLGI%GOBP%GO:0048199		29	-0.37569344	-1.1721392	0.20502092	0.86147445	1.0	912	tags=17%, list=4%, signal=18%	
17P13 3 YWHAE COPY NUMBER VARIATION%WIKIPATHWAYS_20260211%WP5376%HOMO SAPIENS	17P13 3 YWHAE COPY NUMBER VARIATION%WIKIPATHWAYS_20260211%WP5376%HOMO SAPIENS		17	-0.4241154	-1.1698948	0.2429022	0.8689724	1.0	1286	tags=24%, list=5%, signal=25%	
REGULATION OF INTRINSIC APOPTOTIC SIGNALING PATHWAY BY P53 CLASS MEDIATOR%GOBP%GO:1902253	REGULATION OF INTRINSIC APOPTOTIC SIGNALING PATHWAY BY P53 CLASS MEDIATOR%GOBP%GO:1902253		24	-0.3889572	-1.1698251	0.22695035	0.8671103	1.0	6114	tags=46%, list=25%, signal=61%	
NEGATIVE REGULATION OF APOPTOTIC SIGNALING PATHWAY%GOBP%GO:2001234	NEGATIVE REGULATION OF APOPTOTIC SIGNALING PATHWAY%GOBP%GO:2001234		162	-0.27258313	-1.168971	0.10891089	0.86865425	1.0	3087	tags=20%, list=13%, signal=23%	
PROTEIN SYNTHESIS: TYROSINE%PATHWHIZ%PW120527	PROTEIN SYNTHESIS: TYROSINE%PATHWHIZ%PW120527		79	-0.29260603	-1.1688823	0.104395606	0.8668971	1.0	6023	tags=35%, list=25%, signal=47%	
BMP RECEPTOR SIGNALING%PATHWAY INTERACTION DATABASE NCI-NATURE CURATED DATA%BMP RECEPTOR SIGNALING	BMP RECEPTOR SIGNALING%PATHWAY INTERACTION DATABASE NCI-NATURE CURATED DATA%BMP RECEPTOR SIGNALING		41	-0.3460973	-1.1688404	0.23265307	0.8649166	1.0	1097	tags=15%, list=4%, signal=15%	
NEGATIVE REGULATION OF OSSIFICATION%GOBP%GO:0030279	NEGATIVE REGULATION OF OSSIFICATION%GOBP%GO:0030279		34	-0.3509538	-1.1676317	0.18106996	0.8680519	1.0	4636	tags=41%, list=19%, signal=51%	
NUCLEOTIDE-SUGAR BIOSYNTHETIC PROCESS%GOBP%GO:0009226	NUCLEOTIDE-SUGAR BIOSYNTHETIC PROCESS%GOBP%GO:0009226		26	-0.3716203	-1.1668724	0.23943663	0.8692252	1.0	1867	tags=19%, list=8%, signal=21%	
BIOCARTA_TFF_PATHWAY%MSIGDB_C2%BIOCARTA_TFF_PATHWAY	BIOCARTA_TFF_PATHWAY%MSIGDB_C2%BIOCARTA_TFF_PATHWAY		21	-0.38117605	-1.1668085	0.21180555	0.867427	1.0	4429	tags=29%, list=18%, signal=35%	
OLIGODENDROCYTE SPECIFICATION AND DIFFERENTIATION LEADING TO MYELIN COMPONENTS FOR CNS%WIKIPATHWAYS_20260211%WP4304%HOMO SAPIENS	OLIGODENDROCYTE SPECIFICATION AND DIFFERENTIATION LEADING TO MYELIN COMPONENTS FOR CNS%WIKIPATHWAYS_20260211%WP4304%HOMO SAPIENS		26	-0.36519778	-1.1666995	0.19771864	0.8657471	1.0	2040	tags=15%, list=8%, signal=17%	
REGULATION OF RUFFLE ASSEMBLY%GOBP%GO:1900027	REGULATION OF RUFFLE ASSEMBLY%GOBP%GO:1900027		24	-0.38602614	-1.1663677	0.22509225	0.86500853	1.0	2196	tags=17%, list=9%, signal=18%	
PROTEASOMAL UBIQUITIN-INDEPENDENT PROTEIN CATABOLIC PROCESS%GOBP%GO:0010499	PROTEASOMAL UBIQUITIN-INDEPENDENT PROTEIN CATABOLIC PROCESS%GOBP%GO:0010499		19	-0.40581062	-1.1656052	0.21003135	0.866215	1.0	4658	tags=42%, list=19%, signal=52%	
VALIDATED TARGETS OF C-MYC TRANSCRIPTIONAL ACTIVATION%PATHWAY INTERACTION DATABASE NCI-NATURE CURATED DATA%VALIDATED TARGETS OF C-MYC TRANSCRIPTIONAL ACTIVATION	VALIDATED TARGETS OF C-MYC TRANSCRIPTIONAL ACTIVATION%PATHWAY INTERACTION DATABASE NCI-NATURE CURATED DATA%VALIDATED TARGETS OF C-MYC TRANSCRIPTIONAL ACTIVATION		79	-0.296588	-1.1651313	0.17197452	0.86614156	1.0	4959	tags=38%, list=20%, signal=47%	
ENTEROENDOCRINE CELL DIFFERENTIATION%GOBP%GO:0035883	ENTEROENDOCRINE CELL DIFFERENTIATION%GOBP%GO:0035883		16	-0.42966667	-1.164098	0.2369338	0.8686907	1.0	1590	tags=13%, list=6%, signal=13%	
REGULATION OF ERYTHROCYTE DIFFERENTIATION%GOBP%GO:0045646	REGULATION OF ERYTHROCYTE DIFFERENTIATION%GOBP%GO:0045646		38	-0.34424946	-1.1628823	0.21576764	0.87177336	1.0	970	tags=13%, list=4%, signal=14%	
REGULATION OF LYSOSOMAL LUMEN PH%GOBP%GO:0035751	REGULATION OF LYSOSOMAL LUMEN PH%GOBP%GO:0035751		29	-0.36836457	-1.1626211	0.24152543	0.87072134	1.0	3379	tags=34%, list=14%, signal=40%	
PROTEIN SYNTHESIS: LYSINE%SMPDB%SMP0111874	PROTEIN SYNTHESIS: LYSINE%SMPDB%SMP0111874		79	-0.29552537	-1.1619827	0.12068965	0.8715421	1.0	6023	tags=35%, list=25%, signal=47%	
EXPORT ACROSS PLASMA MEMBRANE%GOBP%GO:0140115	EXPORT ACROSS PLASMA MEMBRANE%GOBP%GO:0140115		63	-0.30439934	-1.1618578	0.16759777	0.8700404	1.0	2772	tags=19%, list=11%, signal=21%	
CYTOPLASMIC TRANSLATION%GOBP%GO:0002181	CYTOPLASMIC TRANSLATION%GOBP%GO:0002181		164	-0.2600629	-1.1612316	0.08045977	0.87064874	1.0	5877	tags=34%, list=24%, signal=45%	
APC:CDC20 MEDIATED DEGRADATION OF CELL CYCLE PROTEINS PRIOR TO SATISFATION OF THE CELL CYCLE CHECKPOINT%REACTOME DATABASE ID RELEASE 95%179419	APC:CDC20 MEDIATED DEGRADATION OF CELL CYCLE PROTEINS PRIOR TO SATISFATION OF THE CELL CYCLE CHECKPOINT%REACTOME DATABASE ID RELEASE 95%179419		61	-0.30586505	-1.1611943	0.2	0.8687214	1.0	4690	tags=38%, list=19%, signal=47%	
RRNA PROCESSING IN THE NUCLEUS AND CYTOSOL%REACTOME%R-HSA-8868773.5	RRNA PROCESSING IN THE NUCLEUS AND CYTOSOL%REACTOME%R-HSA-8868773.5		192	-0.25929555	-1.1589826	0.121212125	0.8766047	1.0	5047	tags=31%, list=21%, signal=38%	
DNA IR DAMAGE AND CELLULAR RESPONSE VIA ATR%WIKIPATHWAYS_20260211%WP4016%HOMO SAPIENS	DNA IR DAMAGE AND CELLULAR RESPONSE VIA ATR%WIKIPATHWAYS_20260211%WP4016%HOMO SAPIENS		69	-0.3040656	-1.1589738	0.17857143	0.8745501	1.0	2139	tags=17%, list=9%, signal=19%	
ANDROGENRECEPTOR%IOB%ANDROGENRECEPTOR	ANDROGENRECEPTOR%IOB%ANDROGENRECEPTOR		92	-0.2864514	-1.1589707	0.11111111	0.8724866	1.0	2363	tags=17%, list=10%, signal=19%	
INTEGRATED STRESS RESPONSE SIGNALING%GOBP%GO:0140467	INTEGRATED STRESS RESPONSE SIGNALING%GOBP%GO:0140467		37	-0.33758715	-1.1577369	0.1814346	0.87577	1.0	5312	tags=32%, list=22%, signal=41%	
PROTEIN INSERTION INTO ER MEMBRANE%GOBP%GO:0045048	PROTEIN INSERTION INTO ER MEMBRANE%GOBP%GO:0045048		31	-0.3493186	-1.1564826	0.22569445	0.8791258	1.0	5069	tags=45%, list=21%, signal=57%	
SUPERPATHWAY OF PYRIMIDINE DEOXYRIBONUCLEOSIDE SALVAGE%BIOCYC%PWY-7200	SUPERPATHWAY OF PYRIMIDINE DEOXYRIBONUCLEOSIDE SALVAGE%BIOCYC%PWY-7200		15	-0.42841145	-1.1558694	0.23824452	0.8797269	1.0	2123	tags=20%, list=9%, signal=22%	
PROTEIN SYNTHESIS: THREONINE%PATHWHIZ%PW120525	PROTEIN SYNTHESIS: THREONINE%PATHWHIZ%PW120525		79	-0.2946489	-1.154594	0.13548388	0.88356364	1.0	6023	tags=35%, list=25%, signal=47%	
INTERMEDIATE FILAMENT CYTOSKELETON ORGANIZATION%GOBP%GO:0045104	INTERMEDIATE FILAMENT CYTOSKELETON ORGANIZATION%GOBP%GO:0045104		84	-0.29113203	-1.1537284	0.16770187	0.88536155	1.0	2803	tags=17%, list=11%, signal=19%	
RESPONSE TO ALKALOID%GOBP%GO:0043279	RESPONSE TO ALKALOID%GOBP%GO:0043279		24	-0.37562534	-1.1531271	0.23344947	0.8860833	1.0	938	tags=17%, list=4%, signal=17%	
FORMATION OF PARAXIAL MESODERM%REACTOME%R-HSA-9793380.5	FORMATION OF PARAXIAL MESODERM%REACTOME%R-HSA-9793380.5		59	-0.30723873	-1.1527796	0.15384616	0.8855899	1.0	4409	tags=32%, list=18%, signal=39%	
NUCLEOSOME ASSEMBLY%GOBP%GO:0006334	NUCLEOSOME ASSEMBLY%GOBP%GO:0006334		59	-0.3082209	-1.1522055	0.18867925	0.88614255	1.0	1611	tags=14%, list=7%, signal=14%	
OBSOLETE PROTEIN TARGETING TO MITOCHONDRION%GOBP%GO:0006626	OBSOLETE PROTEIN TARGETING TO MITOCHONDRION%GOBP%GO:0006626		26	-0.37027657	-1.152153	0.23076923	0.8842895	1.0	3030	tags=27%, list=12%, signal=31%	
INTERMEDIATE FILAMENT-BASED PROCESS%GOBP%GO:0045103	INTERMEDIATE FILAMENT-BASED PROCESS%GOBP%GO:0045103		85	-0.2902778	-1.1517419	0.17721519	0.8839941	1.0	2803	tags=16%, list=11%, signal=19%	
CELL DIFFERENTIATION IN SPINAL CORD%GOBP%GO:0021515	CELL DIFFERENTIATION IN SPINAL CORD%GOBP%GO:0021515		15	-0.4232615	-1.1516082	0.2327044	0.8826017	1.0	1294	tags=20%, list=5%, signal=21%	
NEGATIVE REGULATION OF NOTCH SIGNALING PATHWAY%GOBP%GO:0045746	NEGATIVE REGULATION OF NOTCH SIGNALING PATHWAY%GOBP%GO:0045746		29	-0.36584324	-1.1512152	0.24150944	0.8822128	1.0	2396	tags=21%, list=10%, signal=23%	
FORMATION OF TUBULIN FOLDING INTERMEDIATES BY CCT TRIC%REACTOME%R-HSA-389960.4	FORMATION OF TUBULIN FOLDING INTERMEDIATES BY CCT TRIC%REACTOME%R-HSA-389960.4		26	-0.37382922	-1.1483692	0.24696356	0.8928801	1.0	4821	tags=42%, list=20%, signal=53%	
RETICULOPHAGY%GOBP%GO:0061709	RETICULOPHAGY%GOBP%GO:0061709		23	-0.37396204	-1.1481472	0.22068965	0.8918548	1.0	4179	tags=35%, list=17%, signal=42%	
ORGANIC CATION TRANSPORT%GOBP%GO:0015695	ORGANIC CATION TRANSPORT%GOBP%GO:0015695		86	-0.28148314	-1.1479486	0.15753424	0.8906626	1.0	1906	tags=19%, list=8%, signal=20%	
CELLULAR RESPONSE TO HYPOXIA%REACTOME DATABASE ID RELEASE 95%1234174	CELLULAR RESPONSE TO HYPOXIA%REACTOME DATABASE ID RELEASE 95%1234174		62	-0.30536687	-1.1464052	0.16666667	0.89554673	1.0	4690	tags=32%, list=19%, signal=40%	
NUCLEUS LOCALIZATION%GOBP%GO:0051647	NUCLEUS LOCALIZATION%GOBP%GO:0051647		25	-0.37066576	-1.1445369	0.25084746	0.9018342	1.0	2689	tags=20%, list=11%, signal=22%	
TRAF6-MEDIATED INDUCTION OF TAK1 COMPLEX WITHIN TLR4 COMPLEX%REACTOME%R-HSA-937072.4	TRAF6-MEDIATED INDUCTION OF TAK1 COMPLEX WITHIN TLR4 COMPLEX%REACTOME%R-HSA-937072.4		15	-0.42552972	-1.1435841	0.28327644	0.904295	1.0	2246	tags=27%, list=9%, signal=29%	
PROTEIN SYNTHESIS: TRYPTOPHAN%PATHWHIZ%PW120526	PROTEIN SYNTHESIS: TRYPTOPHAN%PATHWHIZ%PW120526		79	-0.29248068	-1.1434548	0.14814815	0.90280944	1.0	6023	tags=35%, list=25%, signal=47%	
CS-GAG BIOSYNTHESIS%REACTOME DATABASE ID RELEASE 95%2022870	CS-GAG BIOSYNTHESIS%REACTOME DATABASE ID RELEASE 95%2022870		20	-0.39543712	-1.143445	0.27364865	0.9008015	1.0	954	tags=15%, list=4%, signal=16%	
POSITIVE REGULATION OF PROTEIN UBIQUITINATION%GOBP%GO:0031398	POSITIVE REGULATION OF PROTEIN UBIQUITINATION%GOBP%GO:0031398		84	-0.28376102	-1.1431515	0.17105263	0.9001135	1.0	5886	tags=40%, list=24%, signal=53%	
IRAK2 MEDIATED ACTIVATION OF TAK1 COMPLEX UPON TLR7 8 OR 9 STIMULATION%REACTOME%R-HSA-975163.3	IRAK2 MEDIATED ACTIVATION OF TAK1 COMPLEX UPON TLR7 8 OR 9 STIMULATION%REACTOME%R-HSA-975163.3		15	-0.42552972	-1.1430045	0.2781457	0.8987674	1.0	2246	tags=27%, list=9%, signal=29%	
PID_ERA_GENOMIC_PATHWAY%MSIGDB_C2%PID_ERA_GENOMIC_PATHWAY	PID_ERA_GENOMIC_PATHWAY%MSIGDB_C2%PID_ERA_GENOMIC_PATHWAY		49	-0.31392467	-1.1418922	0.18867925	0.90192467	1.0	3009	tags=22%, list=12%, signal=26%	
ACTIVATION OF MATRIX METALLOPROTEINASES%REACTOME DATABASE ID RELEASE 95%1592389	ACTIVATION OF MATRIX METALLOPROTEINASES%REACTOME DATABASE ID RELEASE 95%1592389		33	-0.3507115	-1.1418656	0.24596775	0.9000289	1.0	1375	tags=15%, list=6%, signal=16%	
VESICLE COATING%GOBP%GO:0006901	VESICLE COATING%GOBP%GO:0006901		35	-0.3369924	-1.1409554	0.25101215	0.9021576	1.0	2308	tags=20%, list=9%, signal=22%	
REGULATION OF PTEN STABILITY AND ACTIVITY%REACTOME%R-HSA-8948751.3	REGULATION OF PTEN STABILITY AND ACTIVITY%REACTOME%R-HSA-8948751.3		56	-0.30681983	-1.1405928	0.20408164	0.90182483	1.0	4658	tags=32%, list=19%, signal=40%	
CDC20:PHOSPHO-APC C MEDIATED DEGRADATION OF CYCLIN A%REACTOME DATABASE ID RELEASE 95%174184	CDC20:PHOSPHO-APC C MEDIATED DEGRADATION OF CYCLIN A%REACTOME DATABASE ID RELEASE 95%174184		60	-0.30658153	-1.1403557	0.21105528	0.90086806	1.0	4690	tags=38%, list=19%, signal=47%	
AFFECTED PATHWAYS IN DUCHENNE MUSCULAR DYSTROPHY%WIKIPATHWAYS_20260211%WP5356%HOMO SAPIENS	AFFECTED PATHWAYS IN DUCHENNE MUSCULAR DYSTROPHY%WIKIPATHWAYS_20260211%WP5356%HOMO SAPIENS		59	-0.3033656	-1.1402749	0.18085106	0.89925015	1.0	3872	tags=31%, list=16%, signal=36%	
PROTEIN SYNTHESIS: VALINE%PATHWHIZ%PW120528	PROTEIN SYNTHESIS: VALINE%PATHWHIZ%PW120528		79	-0.29333732	-1.1402035	0.1764706	0.89759153	1.0	6023	tags=35%, list=25%, signal=47%	
PCP CE PATHWAY%REACTOME%R-HSA-4086400.4	PCP CE PATHWAY%REACTOME%R-HSA-4086400.4		79	-0.29121587	-1.1398476	0.17261904	0.89713347	1.0	4658	tags=35%, list=19%, signal=44%	
DIENCEPHALON DEVELOPMENT%GOBP%GO:0021536	DIENCEPHALON DEVELOPMENT%GOBP%GO:0021536		21	-0.3762378	-1.1390417	0.23550725	0.8986748	1.0	4315	tags=43%, list=18%, signal=52%	
REGULATION OF HSF1-MEDIATED HEAT SHOCK RESPONSE%REACTOME DATABASE ID RELEASE 95%3371453	REGULATION OF HSF1-MEDIATED HEAT SHOCK RESPONSE%REACTOME DATABASE ID RELEASE 95%3371453		67	-0.2975505	-1.138454	0.20725389	0.8994397	1.0	2157	tags=15%, list=9%, signal=16%	
ENDOPLASMIC RETICULUM TO GOLGI VESICLE-MEDIATED TRANSPORT%GOBP%GO:0006888	ENDOPLASMIC RETICULUM TO GOLGI VESICLE-MEDIATED TRANSPORT%GOBP%GO:0006888		118	-0.27449915	-1.1381586	0.1496063	0.8987745	1.0	2959	tags=24%, list=12%, signal=27%	
BIOCARTA_ATM_PATHWAY%MSIGDB_C2%BIOCARTA_ATM_PATHWAY	BIOCARTA_ATM_PATHWAY%MSIGDB_C2%BIOCARTA_ATM_PATHWAY		17	-0.40094525	-1.1378051	0.23384616	0.8983599	1.0	2737	tags=24%, list=11%, signal=26%	
GLUCOSE CATABOLIC PROCESS TO PYRUVATE%GOBP%GO:0061718	GLUCOSE CATABOLIC PROCESS TO PYRUVATE%GOBP%GO:0061718		18	-0.39020273	-1.1372265	0.25519288	0.89886695	1.0	2052	tags=28%, list=8%, signal=30%	
REGULATION OF NEURAL PRECURSOR CELL PROLIFERATION%GOBP%GO:2000177	REGULATION OF NEURAL PRECURSOR CELL PROLIFERATION%GOBP%GO:2000177		42	-0.32644692	-1.1359566	0.18032786	0.9026118	1.0	3016	tags=26%, list=12%, signal=30%	
POSITIVE REGULATION OF SMOOTHENED SIGNALING PATHWAY%GOBP%GO:0045880	POSITIVE REGULATION OF SMOOTHENED SIGNALING PATHWAY%GOBP%GO:0045880		22	-0.384039	-1.1358216	0.24548736	0.90122247	1.0	4119	tags=36%, list=17%, signal=44%	
CO-INHIBITION BY CTLA4%REACTOME DATABASE ID RELEASE 95%389513	CO-INHIBITION BY CTLA4%REACTOME DATABASE ID RELEASE 95%389513		20	-0.38693193	-1.1341593	0.28947368	0.90678525	1.0	3454	tags=35%, list=14%, signal=41%	
CROSS-PRESENTATION OF SOLUBLE EXOGENOUS ANTIGENS (ENDOSOMES)%REACTOME DATABASE ID RELEASE 95%1236978	CROSS-PRESENTATION OF SOLUBLE EXOGENOUS ANTIGENS (ENDOSOMES)%REACTOME DATABASE ID RELEASE 95%1236978		41	-0.32632732	-1.1331847	0.22115384	0.90930796	1.0	4658	tags=37%, list=19%, signal=45%	
MITOTIC CHROMOSOME CONDENSATION%GOBP%GO:0007076	MITOTIC CHROMOSOME CONDENSATION%GOBP%GO:0007076		16	-0.4170629	-1.1323719	0.26027396	0.91113085	1.0	5631	tags=56%, list=23%, signal=73%	
APC C:CDC20 MEDIATED DEGRADATION OF SECURIN%REACTOME DATABASE ID RELEASE 95%174154	APC C:CDC20 MEDIATED DEGRADATION OF SECURIN%REACTOME DATABASE ID RELEASE 95%174154		55	-0.31056523	-1.1321998	0.22330096	0.90992	1.0	4690	tags=40%, list=19%, signal=49%	
MAPK TARGETS  NUCLEAR EVENTS MEDIATED BY MAP KINASES%REACTOME%R-HSA-450282.3	MAPK TARGETS  NUCLEAR EVENTS MEDIATED BY MAP KINASES%REACTOME%R-HSA-450282.3		30	-0.35012907	-1.1319796	0.2614841	0.9089002	1.0	3454	tags=27%, list=14%, signal=31%	
REGULATION OF CDH1 EXPRESSION AND FUNCTION%REACTOME DATABASE ID RELEASE 95%9764265	REGULATION OF CDH1 EXPRESSION AND FUNCTION%REACTOME DATABASE ID RELEASE 95%9764265		163	-0.25907728	-1.1315973	0.19354838	0.90864235	1.0	2925	tags=21%, list=12%, signal=24%	
HALLMARK_UV_RESPONSE_UP%MSIGDBHALLMARK%HALLMARK_UV_RESPONSE_UP	HALLMARK_UV_RESPONSE_UP%MSIGDBHALLMARK%HALLMARK_UV_RESPONSE_UP		130	-0.26465598	-1.1314994	0.15686275	0.9071295	1.0	4563	tags=25%, list=19%, signal=31%	
REGULATION OF APC C ACTIVATORS BETWEEN G1 S AND EARLY ANAPHASE%REACTOME DATABASE ID RELEASE 95%176408	REGULATION OF APC C ACTIVATORS BETWEEN G1 S AND EARLY ANAPHASE%REACTOME DATABASE ID RELEASE 95%176408		68	-0.29558104	-1.1314982	0.17821783	0.9051928	1.0	4690	tags=35%, list=19%, signal=44%	
ID%IOB%ID	ID%IOB%ID		17	-0.408932	-1.1311034	0.27639753	0.90513664	1.0	4563	tags=35%, list=19%, signal=43%	
GAP-FILLING DNA REPAIR SYNTHESIS AND LIGATION IN GG-NER%REACTOME DATABASE ID RELEASE 95%5696397	GAP-FILLING DNA REPAIR SYNTHESIS AND LIGATION IN GG-NER%REACTOME DATABASE ID RELEASE 95%5696397		25	-0.36495274	-1.1306779	0.24642856	0.90523165	1.0	5676	tags=44%, list=23%, signal=57%	
CEREBELLAR CORTEX DEVELOPMENT%GOBP%GO:0021695	CEREBELLAR CORTEX DEVELOPMENT%GOBP%GO:0021695		19	-0.39671364	-1.1306376	0.27666667	0.9034923	1.0	4315	tags=47%, list=18%, signal=57%	
SELENIUM MICRONUTRIENT NETWORK%WIKIPATHWAYS_20260211%WP15%HOMO SAPIENS	SELENIUM MICRONUTRIENT NETWORK%WIKIPATHWAYS_20260211%WP15%HOMO SAPIENS		63	-0.30682302	-1.1305192	0.22277227	0.90204865	1.0	1982	tags=13%, list=8%, signal=14%	
REGULATION OF EXPRESSION AND FUNCTION OF TYPE I CLASSICAL CADHERINS%REACTOME DATABASE ID RELEASE 95%9764274	REGULATION OF EXPRESSION AND FUNCTION OF TYPE I CLASSICAL CADHERINS%REACTOME DATABASE ID RELEASE 95%9764274		163	-0.25907728	-1.1276345	0.12987013	0.91301227	1.0	2925	tags=21%, list=12%, signal=24%	
AMINOGLYCAN BIOSYNTHETIC PROCESS%GOBP%GO:0006023	AMINOGLYCAN BIOSYNTHETIC PROCESS%GOBP%GO:0006023		29	-0.3474341	-1.1261638	0.2416357	0.91757524	1.0	1980	tags=17%, list=8%, signal=19%	
STABILIZATION OF P53%REACTOME DATABASE ID RELEASE 95%69541	STABILIZATION OF P53%REACTOME DATABASE ID RELEASE 95%69541		44	-0.32214963	-1.1258398	0.23430963	0.91720915	1.0	4658	tags=39%, list=19%, signal=48%	
PID_LYSOPHOSPHOLIPID_PATHWAY%MSIGDB_C2%PID_LYSOPHOSPHOLIPID_PATHWAY	PID_LYSOPHOSPHOLIPID_PATHWAY%MSIGDB_C2%PID_LYSOPHOSPHOLIPID_PATHWAY		50	-0.31038588	-1.1242851	0.21761657	0.92235184	1.0	1396	tags=12%, list=6%, signal=13%	
NOTCH%NETPATH%NOTCH	NOTCH%NETPATH%NOTCH		46	-0.32238647	-1.1224805	0.25373134	0.92849934	1.0	2336	tags=15%, list=10%, signal=17%	
MMR%REACTOME%R-HSA-5358508.3	MMR%REACTOME%R-HSA-5358508.3		15	-0.41387278	-1.1215199	0.3	0.9308988	1.0	2768	tags=33%, list=11%, signal=38%	
PROTEIN SYNTHESIS: ALANINE%PATHWHIZ%PW101384	PROTEIN SYNTHESIS: ALANINE%PATHWHIZ%PW101384		79	-0.28562507	-1.1205724	0.20879121	0.9333878	1.0	6023	tags=34%, list=25%, signal=45%	
DEGRADATION OF CDH1%REACTOME DATABASE ID RELEASE 95%9766229	DEGRADATION OF CDH1%REACTOME DATABASE ID RELEASE 95%9766229		52	-0.305407	-1.1205593	0.2580645	0.9314707	1.0	4658	tags=35%, list=19%, signal=43%	
CELLULAR RESPONSE TO OXYGEN LEVELS%GOBP%GO:0071453	CELLULAR RESPONSE TO OXYGEN LEVELS%GOBP%GO:0071453		90	-0.27849397	-1.1205148	0.1910828	0.92973244	1.0	5051	tags=34%, list=21%, signal=43%	
NEGATIVE REGULATION OF SYNCYTIUM FORMATION BY PLASMA MEMBRANE FUSION%GOBP%GO:0034242	NEGATIVE REGULATION OF SYNCYTIUM FORMATION BY PLASMA MEMBRANE FUSION%GOBP%GO:0034242		47	-0.31566325	-1.1196315	0.22535211	0.93200207	1.0	6023	tags=43%, list=25%, signal=56%	
TIGHT JUNCTION ORGANIZATION%GOBP%GO:0120193	TIGHT JUNCTION ORGANIZATION%GOBP%GO:0120193		40	-0.32042482	-1.1184702	0.2361111	0.9353371	1.0	1086	tags=10%, list=4%, signal=10%	
CELLULAR RESPONSE TO HEAT STRESS%REACTOME DATABASE ID RELEASE 95%3371556	CELLULAR RESPONSE TO HEAT STRESS%REACTOME DATABASE ID RELEASE 95%3371556		87	-0.2736702	-1.1183863	0.19620253	0.9337633	1.0	2956	tags=17%, list=12%, signal=20%	
RRNA TRANSCRIPTION%GOBP%GO:0009303	RRNA TRANSCRIPTION%GOBP%GO:0009303		29	-0.3518579	-1.11661	0.2647059	0.9398919	1.0	6370	tags=45%, list=26%, signal=61%	
PID_RHOA_PATHWAY%MSIGDB_C2%PID_RHOA_PATHWAY	PID_RHOA_PATHWAY%MSIGDB_C2%PID_RHOA_PATHWAY		34	-0.3347068	-1.1157596	0.25984251	0.9418171	1.0	3423	tags=29%, list=14%, signal=34%	
ENDOPLASMIC RETICULUM CALCIUM ION HOMEOSTASIS%GOBP%GO:0032469	ENDOPLASMIC RETICULUM CALCIUM ION HOMEOSTASIS%GOBP%GO:0032469		22	-0.3661003	-1.1148918	0.28158844	0.94381016	1.0	1873	tags=18%, list=8%, signal=20%	
PID_HIF1_TFPATHWAY%MSIGDB_C2%PID_HIF1_TFPATHWAY	PID_HIF1_TFPATHWAY%MSIGDB_C2%PID_HIF1_TFPATHWAY		46	-0.3148889	-1.1146102	0.24752475	0.94313276	1.0	3849	tags=30%, list=16%, signal=36%	
REGULATION OF HORMONE BIOSYNTHETIC PROCESS%GOBP%GO:0046885	REGULATION OF HORMONE BIOSYNTHETIC PROCESS%GOBP%GO:0046885		17	-0.39688107	-1.1140908	0.29765886	0.94347495	1.0	3520	tags=24%, list=14%, signal=27%	
ALPHA6BETA4INTEGRIN%NETPATH%ALPHA6BETA4INTEGRIN	ALPHA6BETA4INTEGRIN%NETPATH%ALPHA6BETA4INTEGRIN		55	-0.29963285	-1.1136992	0.2446352	0.9432901	1.0	2701	tags=18%, list=11%, signal=20%	
ENDOCHONDRAL BONE MORPHOGENESIS%GOBP%GO:0060350	ENDOCHONDRAL BONE MORPHOGENESIS%GOBP%GO:0060350		19	-0.3796738	-1.1136954	0.2736842	0.9413754	1.0	332	tags=11%, list=1%, signal=11%	
DEGRADATION OF BETA-CATENIN BY THE DESTRUCTION COMPLEX%REACTOME%R-HSA-195253.4	DEGRADATION OF BETA-CATENIN BY THE DESTRUCTION COMPLEX%REACTOME%R-HSA-195253.4		70	-0.28290677	-1.1135952	0.21808511	0.93996626	1.0	4409	tags=33%, list=18%, signal=40%	
REGULATION OF HOMOTYPIC CELL-CELL ADHESION%REACTOME DATABASE ID RELEASE 95%9759476	REGULATION OF HOMOTYPIC CELL-CELL ADHESION%REACTOME DATABASE ID RELEASE 95%9759476		178	-0.25606725	-1.1130326	0.17021276	0.9406071	1.0	2925	tags=20%, list=12%, signal=22%	
PEPTIDE CHAIN ELONGATION%REACTOME%R-HSA-156902.4	PEPTIDE CHAIN ELONGATION%REACTOME%R-HSA-156902.4		89	-0.2749691	-1.1129543	0.17575757	0.93903655	1.0	6117	tags=35%, list=25%, signal=46%	
PROTEIN LOCALIZATION TO SITE OF DOUBLE-STRAND BREAK%GOBP%GO:1990166	PROTEIN LOCALIZATION TO SITE OF DOUBLE-STRAND BREAK%GOBP%GO:1990166		15	-0.41058585	-1.1127633	0.2882883	0.93798774	1.0	2061	tags=20%, list=8%, signal=22%	
NEGATIVE REGULATION OF HYDROLASE ACTIVITY%GOBP%GO:0051346	NEGATIVE REGULATION OF HYDROLASE ACTIVITY%GOBP%GO:0051346		30	-0.34805527	-1.1119678	0.29069766	0.9398012	1.0	703	tags=17%, list=3%, signal=17%	
REGULATION OF GLYCOLYTIC PROCESS%GOBP%GO:0006110	REGULATION OF GLYCOLYTIC PROCESS%GOBP%GO:0006110		44	-0.31200424	-1.1117327	0.24644549	0.93889856	1.0	2491	tags=18%, list=10%, signal=20%	
PROTEIN SYNTHESIS: CYSTEINE%PATHWHIZ%PW112918	PROTEIN SYNTHESIS: CYSTEINE%PATHWHIZ%PW112918		79	-0.2849049	-1.1114292	0.23033708	0.93837607	1.0	6023	tags=34%, list=25%, signal=45%	
PID_P75_NTR_PATHWAY%MSIGDB_C2%PID_P75_NTR_PATHWAY	PID_P75_NTR_PATHWAY%MSIGDB_C2%PID_P75_NTR_PATHWAY		55	-0.30349252	-1.1112628	0.20952381	0.93724024	1.0	1481	tags=15%, list=6%, signal=15%	
RESPONSE TO MISFOLDED PROTEIN%GOBP%GO:0051788	RESPONSE TO MISFOLDED PROTEIN%GOBP%GO:0051788		19	-0.38341874	-1.110335	0.29856116	0.9396868	1.0	4137	tags=37%, list=17%, signal=44%	
CYTOPLASMIC TRANSLATIONAL INITIATION%GOBP%GO:0002183	CYTOPLASMIC TRANSLATIONAL INITIATION%GOBP%GO:0002183		37	-0.32636684	-1.1103331	0.25910932	0.9378152	1.0	4713	tags=38%, list=19%, signal=47%	
APC C:CDC20 MEDIATED DEGRADATION OF MITOTIC PROTEINS%REACTOME DATABASE ID RELEASE 95%176409	APC C:CDC20 MEDIATED DEGRADATION OF MITOTIC PROTEINS%REACTOME DATABASE ID RELEASE 95%176409		63	-0.29096824	-1.110144	0.19892474	0.9368251	1.0	4690	tags=37%, list=19%, signal=45%	
PROTEIN HETEROOLIGOMERIZATION%GOBP%GO:0051291	PROTEIN HETEROOLIGOMERIZATION%GOBP%GO:0051291		21	-0.3772235	-1.109096	0.29757786	0.9395672	1.0	2467	tags=33%, list=10%, signal=37%	
REGULATION OF CDH1 FUNCTION%REACTOME%R-HSA-9764561.1	REGULATION OF CDH1 FUNCTION%REACTOME%R-HSA-9764561.1		53	-0.30481538	-1.1089569	0.26431718	0.9383965	1.0	4658	tags=34%, list=19%, signal=42%	
GALANIN RECEPTOR PATHWAY%WIKIPATHWAYS_20260211%WP4970%HOMO SAPIENS	GALANIN RECEPTOR PATHWAY%WIKIPATHWAYS_20260211%WP4970%HOMO SAPIENS		15	-0.3936055	-1.1077373	0.30625	0.9419762	1.0	2737	tags=27%, list=11%, signal=30%	
MATURATION OF LSU-RRNA FROM TRICISTRONIC RRNA TRANSCRIPT (SSU-RRNA, 5.8S RRNA, LSU-RRNA)%GOBP%GO:0000463	MATURATION OF LSU-RRNA FROM TRICISTRONIC RRNA TRANSCRIPT (SSU-RRNA, 5.8S RRNA, LSU-RRNA)%GOBP%GO:0000463		22	-0.37325367	-1.1061976	0.32423207	0.9471314	1.0	2671	tags=23%, list=11%, signal=25%	
REGULATION OF NUCLEOTIDE CATABOLIC PROCESS%GOBP%GO:0030811	REGULATION OF NUCLEOTIDE CATABOLIC PROCESS%GOBP%GO:0030811		44	-0.31200424	-1.1050847	0.24434389	0.95037264	1.0	2491	tags=18%, list=10%, signal=20%	
NEURAL PRECURSOR CELL PROLIFERATION%GOBP%GO:0061351	NEURAL PRECURSOR CELL PROLIFERATION%GOBP%GO:0061351		36	-0.3223348	-1.1035445	0.26609442	0.9557105	1.0	605	tags=8%, list=2%, signal=9%	
GLYCOLYTIC PROCESS THROUGH GLUCOSE-6-PHOSPHATE%GOBP%GO:0061620	GLYCOLYTIC PROCESS THROUGH GLUCOSE-6-PHOSPHATE%GOBP%GO:0061620		19	-0.37774488	-1.1028136	0.28519857	0.95734674	1.0	2052	tags=26%, list=8%, signal=29%	
CELL FATE SPECIFICATION%GOBP%GO:0001708	CELL FATE SPECIFICATION%GOBP%GO:0001708		48	-0.3039142	-1.1027507	0.27027026	0.95574754	1.0	3792	tags=21%, list=15%, signal=25%	
TRANSLESION SYNTHESIS BY REV1%REACTOME%R-HSA-110312.3	TRANSLESION SYNTHESIS BY REV1%REACTOME%R-HSA-110312.3		16	-0.41056743	-1.1026369	0.31506848	0.9544212	1.0	3772	tags=31%, list=15%, signal=37%	
GLYCOLYTIC PROCESS THROUGH FRUCTOSE-6-PHOSPHATE%GOBP%GO:0061615	GLYCOLYTIC PROCESS THROUGH FRUCTOSE-6-PHOSPHATE%GOBP%GO:0061615		19	-0.37774488	-1.1018329	0.31270358	0.95619905	1.0	2052	tags=26%, list=8%, signal=29%	
PROTEIN SYNTHESIS: HISTIDINE%PATHWHIZ%PW112929	PROTEIN SYNTHESIS: HISTIDINE%PATHWHIZ%PW112929		79	-0.28124052	-1.1017565	0.23870967	0.95465755	1.0	6023	tags=34%, list=25%, signal=45%	
REGULATION OF TRIGLYCERIDE BIOSYNTHETIC PROCESS%GOBP%GO:0010866	REGULATION OF TRIGLYCERIDE BIOSYNTHETIC PROCESS%GOBP%GO:0010866		17	-0.3913192	-1.100817	0.30035335	0.95703864	1.0	3558	tags=29%, list=15%, signal=34%	
PRIMARY FOCAL SEGMENTAL GLOMERULOSCLEROSIS FSGS %WIKIPATHWAYS_20260211%WP2572%HOMO SAPIENS	PRIMARY FOCAL SEGMENTAL GLOMERULOSCLEROSIS FSGS %WIKIPATHWAYS_20260211%WP2572%HOMO SAPIENS		60	-0.29969716	-1.0999581	0.2511628	0.9589924	1.0	2805	tags=25%, list=11%, signal=28%	
REGULATION OF RESPONSE TO FOOD%GOBP%GO:0032095	REGULATION OF RESPONSE TO FOOD%GOBP%GO:0032095		19	-0.38540152	-1.0999163	0.32752612	0.95733833	1.0	172	tags=16%, list=1%, signal=16%	
UNFOLDED PROTEIN RESPONSE%WIKIPATHWAYS_20260211%WP4925%HOMO SAPIENS	UNFOLDED PROTEIN RESPONSE%WIKIPATHWAYS_20260211%WP4925%HOMO SAPIENS		18	-0.37155476	-1.0992749	0.33333334	0.95841086	1.0	4818	tags=44%, list=20%, signal=55%	
REGULATION OF HIPPO SIGNALING%GOBP%GO:0035330	REGULATION OF HIPPO SIGNALING%GOBP%GO:0035330		45	-0.30866733	-1.099195	0.29959515	0.9569065	1.0	3454	tags=22%, list=14%, signal=26%	
NEURAL CREST CELL MIGRATION DURING DEVELOPMENT%WIKIPATHWAYS_20260211%WP4564%HOMO SAPIENS	NEURAL CREST CELL MIGRATION DURING DEVELOPMENT%WIKIPATHWAYS_20260211%WP4564%HOMO SAPIENS		28	-0.34124082	-1.0975962	0.28244275	0.96255195	1.0	1488	tags=18%, list=6%, signal=19%	
GENITALIA DEVELOPMENT%GOBP%GO:0048806	GENITALIA DEVELOPMENT%GOBP%GO:0048806		19	-0.38372296	-1.0973365	0.3069307	0.9618892	1.0	4386	tags=32%, list=18%, signal=38%	
ABC-FAMILY PROTEINS MEDIATED TRANSPORT%REACTOME%R-HSA-382556.6	ABC-FAMILY PROTEINS MEDIATED TRANSPORT%REACTOME%R-HSA-382556.6		90	-0.2644787	-1.0973147	0.24444444	0.96014005	1.0	4409	tags=29%, list=18%, signal=35%	
HEDGEHOG 'ON' STATE%REACTOME%R-HSA-5632684.2	HEDGEHOG 'ON' STATE%REACTOME%R-HSA-5632684.2		71	-0.2839239	-1.0973132	0.20212767	0.95829797	1.0	4409	tags=34%, list=18%, signal=41%	
REGULATION OF GRANULOCYTE MACROPHAGE COLONY-STIMULATING FACTOR PRODUCTION%GOBP%GO:0032645	REGULATION OF GRANULOCYTE MACROPHAGE COLONY-STIMULATING FACTOR PRODUCTION%GOBP%GO:0032645		15	-0.40478435	-1.0969429	0.33006537	0.95810753	1.0	622	tags=13%, list=3%, signal=14%	
CANONICAL GLYCOLYSIS%GOBP%GO:0061621	CANONICAL GLYCOLYSIS%GOBP%GO:0061621		18	-0.39020273	-1.0963581	0.31929824	0.959005	1.0	2052	tags=28%, list=8%, signal=30%	
POSITIVE REGULATION OF PROTEOLYSIS%GOBP%GO:0045862	POSITIVE REGULATION OF PROTEOLYSIS%GOBP%GO:0045862		61	-0.29691255	-1.0963223	0.29533678	0.95734376	1.0	2106	tags=18%, list=9%, signal=20%	
NEGATIVE REGULATION OF CELL-SUBSTRATE ADHESION%GOBP%GO:0010812	NEGATIVE REGULATION OF CELL-SUBSTRATE ADHESION%GOBP%GO:0010812		55	-0.29649702	-1.0949926	0.23584905	0.9617135	1.0	2952	tags=22%, list=12%, signal=25%	
SLC-MEDIATED TRANSPORT OF NEUROTRANSMITTERS%REACTOME%R-HSA-442660.4	SLC-MEDIATED TRANSPORT OF NEUROTRANSMITTERS%REACTOME%R-HSA-442660.4		21	-0.3648005	-1.0948101	0.31598514	0.96084744	1.0	3225	tags=19%, list=13%, signal=22%	
CIRCADIAN CLOCK%REACTOME DATABASE ID RELEASE 95%9909396	CIRCADIAN CLOCK%REACTOME DATABASE ID RELEASE 95%9909396		108	-0.2653739	-1.0946709	0.20979021	0.9596631	1.0	5481	tags=36%, list=22%, signal=46%	
REGULATION OF PROTEIN EXIT FROM ENDOPLASMIC RETICULUM%GOBP%GO:0070861	REGULATION OF PROTEIN EXIT FROM ENDOPLASMIC RETICULUM%GOBP%GO:0070861		31	-0.32714447	-1.0935289	0.28278688	0.9630698	1.0	2857	tags=19%, list=12%, signal=22%	
SARCOMERE ORGANIZATION%GOBP%GO:0045214	SARCOMERE ORGANIZATION%GOBP%GO:0045214		36	-0.3277503	-1.0934461	0.25416666	0.96158016	1.0	2110	tags=19%, list=9%, signal=21%	
U12 DEPENDENT SPLICING%REACTOME%R-HSA-72165.3	U12 DEPENDENT SPLICING%REACTOME%R-HSA-72165.3		50	-0.29884705	-1.0927765	0.26180258	0.9629507	1.0	4627	tags=34%, list=19%, signal=42%	
NEGATIVE REGULATION OF DNA-TEMPLATED TRANSCRIPTION, ELONGATION%GOBP%GO:0032785	NEGATIVE REGULATION OF DNA-TEMPLATED TRANSCRIPTION, ELONGATION%GOBP%GO:0032785		23	-0.36049575	-1.0927691	0.29765886	0.9611726	1.0	3599	tags=30%, list=15%, signal=36%	
REGULATION OF MRNA STABILITY BY PROTEINS THAT BIND AU-RICH ELEMENTS%REACTOME%R-HSA-450531.6	REGULATION OF MRNA STABILITY BY PROTEINS THAT BIND AU-RICH ELEMENTS%REACTOME%R-HSA-450531.6		73	-0.2857789	-1.0919948	0.20967741	0.9629611	1.0	5101	tags=38%, list=21%, signal=48%	
TISSUE REMODELING%GOBP%GO:0048771	TISSUE REMODELING%GOBP%GO:0048771		37	-0.32452345	-1.0912274	0.28936172	0.96481675	1.0	2939	tags=24%, list=12%, signal=28%	
PELO:HBS1L AND ABCE1 DISSOCIATE A RIBOSOME ON A NON-STOP MRNA%REACTOME%R-HSA-9954714.2	PELO:HBS1L AND ABCE1 DISSOCIATE A RIBOSOME ON A NON-STOP MRNA%REACTOME%R-HSA-9954714.2		89	-0.27135044	-1.0908346	0.26174498	0.96476847	1.0	6117	tags=35%, list=25%, signal=46%	
PROTEIN SYNTHESIS: GLUTAMINE%SMPDB%SMP0111862	PROTEIN SYNTHESIS: GLUTAMINE%SMPDB%SMP0111862		79	-0.2773974	-1.0906765	0.24242425	0.96366847	1.0	6023	tags=34%, list=25%, signal=45%	
RENAL FILTRATION%GOBP%GO:0097205	RENAL FILTRATION%GOBP%GO:0097205		16	-0.4011878	-1.0901594	0.31962025	0.9643224	1.0	2658	tags=38%, list=11%, signal=42%	
REGULATION OF PURINE NUCLEOTIDE CATABOLIC PROCESS%GOBP%GO:0033121	REGULATION OF PURINE NUCLEOTIDE CATABOLIC PROCESS%GOBP%GO:0033121		44	-0.31200424	-1.0882207	0.28959277	0.9713111	1.0	2491	tags=18%, list=10%, signal=20%	
NEURAL CREST CELL MIGRATION IN CANCER%WIKIPATHWAYS_20260211%WP4565%HOMO SAPIENS	NEURAL CREST CELL MIGRATION IN CANCER%WIKIPATHWAYS_20260211%WP4565%HOMO SAPIENS		31	-0.33146116	-1.086637	0.3245283	0.9769761	1.0	1488	tags=16%, list=6%, signal=17%	
COLLAGEN FORMATION%REACTOME%R-HSA-1474290.5	COLLAGEN FORMATION%REACTOME%R-HSA-1474290.5		89	-0.2734963	-1.0865402	0.26174498	0.9756513	1.0	2652	tags=17%, list=11%, signal=19%	
REGULATION OF BONE RESORPTION%GOBP%GO:0045124	REGULATION OF BONE RESORPTION%GOBP%GO:0045124		35	-0.32577038	-1.0858761	0.2652174	0.97690046	1.0	1692	tags=17%, list=7%, signal=18%	
CIRCADIAN REGULATION OF GENE EXPRESSION%GOBP%GO:0032922	CIRCADIAN REGULATION OF GENE EXPRESSION%GOBP%GO:0032922		65	-0.28848407	-1.0856432	0.296875	0.97619605	1.0	3547	tags=23%, list=14%, signal=27%	
SMITH MAGENIS AND POTOCKI LUPSKI SYNDROME COPY NUMBER VARIATION%WIKIPATHWAYS_20260211%WP5381%HOMO SAPIENS	SMITH MAGENIS AND POTOCKI LUPSKI SYNDROME COPY NUMBER VARIATION%WIKIPATHWAYS_20260211%WP5381%HOMO SAPIENS		126	-0.25711325	-1.0854642	0.21259843	0.97518945	1.0	2275	tags=15%, list=9%, signal=17%	
MITOCHONDRIAL CALCIUM ION HOMEOSTASIS%GOBP%GO:0051560	MITOCHONDRIAL CALCIUM ION HOMEOSTASIS%GOBP%GO:0051560		20	-0.3704677	-1.0854409	0.31785715	0.9734878	1.0	1873	tags=15%, list=8%, signal=16%	
ALPHA-AMINO ACID BIOSYNTHETIC PROCESS%GOBP%GO:1901607	ALPHA-AMINO ACID BIOSYNTHETIC PROCESS%GOBP%GO:1901607		40	-0.3198285	-1.085125	0.30416667	0.9731885	1.0	3892	tags=33%, list=16%, signal=39%	
E-CADHERIN SIGNALING IN THE NASCENT ADHERENS JUNCTION%PATHWAY INTERACTION DATABASE NCI-NATURE CURATED DATA%E-CADHERIN SIGNALING IN THE NASCENT ADHERENS JUNCTION	E-CADHERIN SIGNALING IN THE NASCENT ADHERENS JUNCTION%PATHWAY INTERACTION DATABASE NCI-NATURE CURATED DATA%E-CADHERIN SIGNALING IN THE NASCENT ADHERENS JUNCTION		36	-0.3208207	-1.0842112	0.3	0.9755958	1.0	4758	tags=33%, list=19%, signal=41%	
PID_BMP_PATHWAY%MSIGDB_C2%PID_BMP_PATHWAY	PID_BMP_PATHWAY%MSIGDB_C2%PID_BMP_PATHWAY		31	-0.3380291	-1.0833652	0.30943397	0.97776693	1.0	4184	tags=32%, list=17%, signal=39%	
TRANSLESION SYNTHESIS BY POLK%REACTOME%R-HSA-5655862.2	TRANSLESION SYNTHESIS BY POLK%REACTOME%R-HSA-5655862.2		17	-0.39105818	-1.0830327	0.3451613	0.97748804	1.0	3772	tags=29%, list=15%, signal=35%	
RESPONSE TO HYPOXIA%GOBP%GO:0001666	RESPONSE TO HYPOXIA%GOBP%GO:0001666		136	-0.25234672	-1.0827708	0.21818182	0.9768708	1.0	2802	tags=20%, list=11%, signal=22%	
AUTOPHAGY OF PEROXISOME%GOBP%GO:0030242	AUTOPHAGY OF PEROXISOME%GOBP%GO:0030242		16	-0.3898368	-1.0825495	0.315625	0.9760948	1.0	6033	tags=56%, list=25%, signal=75%	
FGF SIGNALING PATHWAY%PATHWAY INTERACTION DATABASE NCI-NATURE CURATED DATA%FGF SIGNALING PATHWAY	FGF SIGNALING PATHWAY%PATHWAY INTERACTION DATABASE NCI-NATURE CURATED DATA%FGF SIGNALING PATHWAY		46	-0.3055028	-1.082147	0.27826086	0.976046	1.0	1396	tags=15%, list=6%, signal=16%	
DIGESTIVE SYSTEM PROCESS%GOBP%GO:0022600	DIGESTIVE SYSTEM PROCESS%GOBP%GO:0022600		54	-0.289734	-1.0810459	0.22406639	0.97949016	1.0	1810	tags=13%, list=7%, signal=14%	
ESTROGEN-DEPENDENT GENE EXPRESSION%REACTOME DATABASE ID RELEASE 95%9018519	ESTROGEN-DEPENDENT GENE EXPRESSION%REACTOME DATABASE ID RELEASE 95%9018519		116	-0.2579554	-1.080889	0.24166666	0.97844404	1.0	2296	tags=17%, list=9%, signal=19%	
CENTRAL NERVOUS SYSTEM NEURON DIFFERENTIATION%GOBP%GO:0021953	CENTRAL NERVOUS SYSTEM NEURON DIFFERENTIATION%GOBP%GO:0021953		93	-0.26567522	-1.0802861	0.25185186	0.9794336	1.0	3108	tags=19%, list=13%, signal=22%	
POSITIVE REGULATION OF INSULIN SECRETION%GOBP%GO:0032024	POSITIVE REGULATION OF INSULIN SECRETION%GOBP%GO:0032024		49	-0.29340544	-1.079945	0.2851064	0.97927624	1.0	2646	tags=16%, list=11%, signal=18%	
OMEGA 6 FATTY ACIDS IN SENESCENCE%WIKIPATHWAYS_20260211%WP5424%HOMO SAPIENS	OMEGA 6 FATTY ACIDS IN SENESCENCE%WIKIPATHWAYS_20260211%WP5424%HOMO SAPIENS		29	-0.33010036	-1.0798703	0.29850745	0.97782856	1.0	2737	tags=21%, list=11%, signal=23%	
SUBSTANTIA NIGRA DEVELOPMENT%GOBP%GO:0021762	SUBSTANTIA NIGRA DEVELOPMENT%GOBP%GO:0021762		41	-0.30789685	-1.0796797	0.31277534	0.9769472	1.0	2254	tags=17%, list=9%, signal=19%	
ABC TRANSPORTER DISORDERS%REACTOME%R-HSA-5619084.7	ABC TRANSPORTER DISORDERS%REACTOME%R-HSA-5619084.7		65	-0.2835837	-1.0795802	0.26767677	0.9757284	1.0	4409	tags=31%, list=18%, signal=37%	
PHOTOPERIODISM%GOBP%GO:0009648	PHOTOPERIODISM%GOBP%GO:0009648		24	-0.3507894	-1.0790557	0.31578946	0.9764425	1.0	4964	tags=38%, list=20%, signal=47%	
5-HYDROXYTRYPTAMINE DEGREDATION%PANTHER PATHWAY%P04372	5-HYDROXYTRYPTAMINE DEGREDATION%PANTHER PATHWAY%P04372		18	-0.37230793	-1.078993	0.32534248	0.97497976	1.0	2229	tags=28%, list=9%, signal=31%	
KEAP1-NFE2L2 PATHWAY%REACTOME%R-HSA-9755511.5	KEAP1-NFE2L2 PATHWAY%REACTOME%R-HSA-9755511.5		112	-0.2560095	-1.0788658	0.2556391	0.9738503	1.0	5479	tags=34%, list=22%, signal=44%	
BIOCARTA_IGF1_PATHWAY%MSIGDB_C2%BIOCARTA_IGF1_PATHWAY	BIOCARTA_IGF1_PATHWAY%MSIGDB_C2%BIOCARTA_IGF1_PATHWAY		17	-0.37556943	-1.0787426	0.33333334	0.97267824	1.0	1334	tags=18%, list=5%, signal=19%	
HORMONE SECRETION%GOBP%GO:0046879	HORMONE SECRETION%GOBP%GO:0046879		36	-0.32176954	-1.0787194	0.28515625	0.9710563	1.0	3654	tags=25%, list=15%, signal=29%	
PID_NCADHERIN_PATHWAY%MSIGDB_C2%PID_NCADHERIN_PATHWAY	PID_NCADHERIN_PATHWAY%MSIGDB_C2%PID_NCADHERIN_PATHWAY		29	-0.34023836	-1.0785116	0.32051283	0.9702956	1.0	3175	tags=24%, list=13%, signal=28%	
APC C:CDH1 MEDIATED DEGRADATION OF CDC20 AND OTHER APC C:CDH1 TARGETED PROTEINS IN LATE MITOSIS EARLY G1%REACTOME DATABASE ID RELEASE 95%174178	APC C:CDH1 MEDIATED DEGRADATION OF CDC20 AND OTHER APC C:CDH1 TARGETED PROTEINS IN LATE MITOSIS EARLY G1%REACTOME DATABASE ID RELEASE 95%174178		61	-0.28814197	-1.0772866	0.26341462	0.97401726	1.0	4690	tags=36%, list=19%, signal=44%	
ACTIVATION OF APC C AND APC C:CDC20 MEDIATED DEGRADATION OF MITOTIC PROTEINS%REACTOME DATABASE ID RELEASE 95%176814	ACTIVATION OF APC C AND APC C:CDC20 MEDIATED DEGRADATION OF MITOTIC PROTEINS%REACTOME DATABASE ID RELEASE 95%176814		64	-0.28829128	-1.0757194	0.29411766	0.9795784	1.0	4690	tags=36%, list=19%, signal=44%	
LEUCINE ISOLEUCINE AND VALINE METABOLISM%WIKIPATHWAYS_20260211%WP4686%HOMO SAPIENS	LEUCINE ISOLEUCINE AND VALINE METABOLISM%WIKIPATHWAYS_20260211%WP4686%HOMO SAPIENS		16	-0.3933722	-1.0757113	0.35060975	0.9778913	1.0	4260	tags=38%, list=17%, signal=45%	
MAJOR PATHWAY OF RRNA PROCESSING IN THE NUCLEOLUS AND CYTOSOL%REACTOME%R-HSA-6791226.5	MAJOR PATHWAY OF RRNA PROCESSING IN THE NUCLEOLUS AND CYTOSOL%REACTOME%R-HSA-6791226.5		182	-0.24202424	-1.0755572	0.26666668	0.9768367	1.0	5877	tags=37%, list=24%, signal=48%	
G PROTEIN-COUPLED GLUTAMATE RECEPTOR SIGNALING PATHWAY%GOBP%GO:0007216	G PROTEIN-COUPLED GLUTAMATE RECEPTOR SIGNALING PATHWAY%GOBP%GO:0007216		15	-0.39636058	-1.074933	0.35825545	0.9778976	1.0	676	tags=20%, list=3%, signal=21%	
MBDNF AND PROBDNF REGULATION OF GABA NEUROTRANSMISSION%WIKIPATHWAYS_20260211%WP4829%HOMO SAPIENS	MBDNF AND PROBDNF REGULATION OF GABA NEUROTRANSMISSION%WIKIPATHWAYS_20260211%WP4829%HOMO SAPIENS		31	-0.32794338	-1.0742215	0.34082398	0.9793184	1.0	1382	tags=13%, list=6%, signal=14%	
ACTIVATION OF BH3-ONLY PROTEINS%REACTOME DATABASE ID RELEASE 95%114452	ACTIVATION OF BH3-ONLY PROTEINS%REACTOME DATABASE ID RELEASE 95%114452		30	-0.33081242	-1.0734555	0.31640625	0.98115027	1.0	2400	tags=23%, list=10%, signal=26%	
MITOCHONDRIAL CALCIUM ION TRANSPORT%REACTOME DATABASE ID RELEASE 95%8949215	MITOCHONDRIAL CALCIUM ION TRANSPORT%REACTOME DATABASE ID RELEASE 95%8949215		23	-0.35165894	-1.0722334	0.35438597	0.9849721	1.0	1215	tags=9%, list=5%, signal=9%	
PROTEIN LOCALIZATION TO EXTRACELLULAR REGION%GOBP%GO:0071692	PROTEIN LOCALIZATION TO EXTRACELLULAR REGION%GOBP%GO:0071692		70	-0.2748407	-1.071785	0.30246913	0.98519963	1.0	2718	tags=19%, list=11%, signal=21%	
PEPTIDE HORMONE METABOLISM%REACTOME DATABASE ID RELEASE 95%2980736	PEPTIDE HORMONE METABOLISM%REACTOME DATABASE ID RELEASE 95%2980736		85	-0.27331883	-1.0717833	0.28947368	0.98349553	1.0	1380	tags=13%, list=6%, signal=14%	
POSITIVE REGULATION OF RAS PROTEIN SIGNAL TRANSDUCTION%GOBP%GO:0046579	POSITIVE REGULATION OF RAS PROTEIN SIGNAL TRANSDUCTION%GOBP%GO:0046579		20	-0.36742148	-1.0711546	0.3298969	0.984808	1.0	2047	tags=25%, list=8%, signal=27%	
CELLULAR RESPONSE TO NUTRIENT LEVELS%GOBP%GO:0031669	CELLULAR RESPONSE TO NUTRIENT LEVELS%GOBP%GO:0031669		187	-0.23750328	-1.0711222	0.24324325	0.98325217	1.0	3724	tags=18%, list=15%, signal=21%	
VALIDATED NUCLEAR ESTROGEN RECEPTOR ALPHA NETWORK%PATHWAY INTERACTION DATABASE NCI-NATURE CURATED DATA%VALIDATED NUCLEAR ESTROGEN RECEPTOR ALPHA NETWORK	VALIDATED NUCLEAR ESTROGEN RECEPTOR ALPHA NETWORK%PATHWAY INTERACTION DATABASE NCI-NATURE CURATED DATA%VALIDATED NUCLEAR ESTROGEN RECEPTOR ALPHA NETWORK		64	-0.28117222	-1.0710628	0.3043478	0.981815	1.0	3195	tags=20%, list=13%, signal=23%	
PID_SMAD2_3NUCLEAR_PATHWAY%MSIGDB_C2%PID_SMAD2_3NUCLEAR_PATHWAY	PID_SMAD2_3NUCLEAR_PATHWAY%MSIGDB_C2%PID_SMAD2_3NUCLEAR_PATHWAY		66	-0.2858099	-1.0709914	0.2905028	0.9804437	1.0	4733	tags=26%, list=19%, signal=32%	
REGULATION OF SMOOTH MUSCLE CELL APOPTOTIC PROCESS%GOBP%GO:0034391	REGULATION OF SMOOTH MUSCLE CELL APOPTOTIC PROCESS%GOBP%GO:0034391		22	-0.3475444	-1.0707341	0.31506848	0.98005325	1.0	6967	tags=55%, list=28%, signal=76%	
ENERGY RESERVE METABOLIC PROCESS%GOBP%GO:0006112	ENERGY RESERVE METABOLIC PROCESS%GOBP%GO:0006112		42	-0.3126223	-1.0704503	0.3288889	0.9796444	1.0	2884	tags=17%, list=12%, signal=19%	
INTERACTIONS BETWEEN LOXL4 AND OXIDATIVE STRESS PATHWAY%WIKIPATHWAYS_20260211%WP3670%HOMO SAPIENS	INTERACTIONS BETWEEN LOXL4 AND OXIDATIVE STRESS PATHWAY%WIKIPATHWAYS_20260211%WP3670%HOMO SAPIENS		16	-0.3940723	-1.0703235	0.3615635	0.9785233	1.0	2760	tags=19%, list=11%, signal=21%	
DECTIN-1 MEDIATED NONCANONICAL NF-KB SIGNALING%REACTOME DATABASE ID RELEASE 95%5607761	DECTIN-1 MEDIATED NONCANONICAL NF-KB SIGNALING%REACTOME DATABASE ID RELEASE 95%5607761		47	-0.2973259	-1.0698291	0.28292683	0.9790815	1.0	4658	tags=36%, list=19%, signal=45%	
HEMATOPOIETIC PROGENITOR CELL DIFFERENTIATION%GOBP%GO:0002244	HEMATOPOIETIC PROGENITOR CELL DIFFERENTIATION%GOBP%GO:0002244		31	-0.33605236	-1.0693253	0.3602941	0.9798459	1.0	4119	tags=32%, list=17%, signal=39%	
PID_FGF_PATHWAY%MSIGDB_C2%PID_FGF_PATHWAY	PID_FGF_PATHWAY%MSIGDB_C2%PID_FGF_PATHWAY		43	-0.30422089	-1.0681505	0.31904763	0.9837229	1.0	1396	tags=16%, list=6%, signal=17%	
PID_RB_1PATHWAY%MSIGDB_C2%PID_RB_1PATHWAY	PID_RB_1PATHWAY%MSIGDB_C2%PID_RB_1PATHWAY		58	-0.29013845	-1.0680676	0.29245284	0.9824346	1.0	332	tags=9%, list=1%, signal=9%	
RESPONSE TO DECREASED OXYGEN LEVELS%GOBP%GO:0036293	RESPONSE TO DECREASED OXYGEN LEVELS%GOBP%GO:0036293		139	-0.24770644	-1.0671754	0.27272728	0.9848006	1.0	2802	tags=19%, list=11%, signal=22%	
SIGNALING BY NTRK1 (TRKA)%REACTOME%R-HSA-187037.4	SIGNALING BY NTRK1 (TRKA)%REACTOME%R-HSA-187037.4		111	-0.26228786	-1.0670885	0.24806201	0.98352194	1.0	903	tags=8%, list=4%, signal=8%	
PEXOPHAGY%GOBP%GO:0000425	PEXOPHAGY%GOBP%GO:0000425		16	-0.3898368	-1.0665356	0.35494882	0.98442197	1.0	6033	tags=56%, list=25%, signal=75%	
REGULATION OF MITOTIC CELL CYCLE%REACTOME DATABASE ID RELEASE 95%453276	REGULATION OF MITOTIC CELL CYCLE%REACTOME DATABASE ID RELEASE 95%453276		75	-0.26710865	-1.0657825	0.33163264	0.9861422	1.0	4690	tags=32%, list=19%, signal=39%	
NEGATIVE REGULATION OF MUSCLE CELL APOPTOTIC PROCESS%GOBP%GO:0010656	NEGATIVE REGULATION OF MUSCLE CELL APOPTOTIC PROCESS%GOBP%GO:0010656		26	-0.33658648	-1.0656983	0.31985295	0.98485714	1.0	4098	tags=23%, list=17%, signal=28%	
CONSTITUTIVE SIGNALING BY NOTCH1 HD DOMAIN MUTANTS%REACTOME%R-HSA-2691232.3	CONSTITUTIVE SIGNALING BY NOTCH1 HD DOMAIN MUTANTS%REACTOME%R-HSA-2691232.3		15	-0.3898697	-1.06529	0.37142858	0.9850518	1.0	4489	tags=40%, list=18%, signal=49%	
PROTEIN SYNTHESIS: ARGININE%SMPDB%SMP0111853	PROTEIN SYNTHESIS: ARGININE%SMPDB%SMP0111853		79	-0.26772818	-1.0645809	0.28742516	0.98666555	1.0	6023	tags=34%, list=25%, signal=45%	
PROTEIN SYNTHESIS: ASPARTIC ACID%SMPDB%SMP0111858	PROTEIN SYNTHESIS: ASPARTIC ACID%SMPDB%SMP0111858		79	-0.2739708	-1.0640023	0.29341316	0.9876836	1.0	6023	tags=34%, list=25%, signal=45%	
RESOLUTION OF ABASIC SITES (AP SITES)%REACTOME DATABASE ID RELEASE 95%73933	RESOLUTION OF ABASIC SITES (AP SITES)%REACTOME DATABASE ID RELEASE 95%73933		36	-0.3141642	-1.0628452	0.37083334	0.991299	1.0	5908	tags=39%, list=24%, signal=51%	
MIR TARGETED GENES IN LEUKOCYTES%WIKIPATHWAYS_20260211%WP2003%HOMO SAPIENS	MIR TARGETED GENES IN LEUKOCYTES%WIKIPATHWAYS_20260211%WP2003%HOMO SAPIENS		103	-0.25480446	-1.0624548	0.28125	0.9914534	1.0	2305	tags=18%, list=9%, signal=20%	
P53-DEPENDENT G1 DNA DAMAGE RESPONSE%REACTOME%R-HSA-69563.6	P53-DEPENDENT G1 DNA DAMAGE RESPONSE%REACTOME%R-HSA-69563.6		53	-0.28718615	-1.0619878	0.30864197	0.99195135	1.0	4658	tags=38%, list=19%, signal=46%	
NUCLEOTIDE EXCISION REPAIR%WIKIPATHWAYS_20260211%WP4753%HOMO SAPIENS	NUCLEOTIDE EXCISION REPAIR%WIKIPATHWAYS_20260211%WP4753%HOMO SAPIENS		32	-0.32131314	-1.0615124	0.35521236	0.992487	1.0	5676	tags=47%, list=23%, signal=61%	
SPERM AXONEME ASSEMBLY%GOBP%GO:0007288	SPERM AXONEME ASSEMBLY%GOBP%GO:0007288		26	-0.3390324	-1.0611544	0.36594203	0.9925527	1.0	3937	tags=27%, list=16%, signal=32%	
POSITIVE REGULATION OF COLLAGEN METABOLIC PROCESS%GOBP%GO:0010714	POSITIVE REGULATION OF COLLAGEN METABOLIC PROCESS%GOBP%GO:0010714		16	-0.3769628	-1.0608634	0.35109717	0.9922362	1.0	3421	tags=31%, list=14%, signal=36%	
REGULATION OF DNA-TEMPLATED TRANSCRIPTION INITIATION%GOBP%GO:2000142	REGULATION OF DNA-TEMPLATED TRANSCRIPTION INITIATION%GOBP%GO:2000142		82	-0.26532072	-1.0607905	0.284153	0.9909354	1.0	2734	tags=18%, list=11%, signal=21%	
P53-DEPENDENT G1 S DNA DAMAGE CHECKPOINT%REACTOME DATABASE ID RELEASE 95%69580	P53-DEPENDENT G1 S DNA DAMAGE CHECKPOINT%REACTOME DATABASE ID RELEASE 95%69580		53	-0.28718615	-1.0604929	0.2835821	0.99056304	1.0	4658	tags=38%, list=19%, signal=46%	
EPO SIGNALING PATHWAY%PATHWHIZ%PW070692	EPO SIGNALING PATHWAY%PATHWHIZ%PW070692		17	-0.3895271	-1.0602919	0.37261146	0.9898208	1.0	1334	tags=18%, list=5%, signal=19%	
PLATELET SENSITIZATION BY LDL%REACTOME%R-HSA-432142.4	PLATELET SENSITIZATION BY LDL%REACTOME%R-HSA-432142.4		17	-0.37121466	-1.0596627	0.34653464	0.99110764	1.0	3454	tags=35%, list=14%, signal=41%	
ENTRAINMENT OF CIRCADIAN CLOCK BY PHOTOPERIOD%GOBP%GO:0043153	ENTRAINMENT OF CIRCADIAN CLOCK BY PHOTOPERIOD%GOBP%GO:0043153		23	-0.35124305	-1.0591668	0.3478261	0.99174213	1.0	4964	tags=39%, list=20%, signal=49%	
LEUCINE STIMULATION ON INSULIN SIGNALING%SMPDB%SMP0000682	LEUCINE STIMULATION ON INSULIN SIGNALING%SMPDB%SMP0000682		15	-0.39345577	-1.0581911	0.3710692	0.99458295	1.0	3926	tags=27%, list=16%, signal=32%	
VIRAL MRNA TRANSLATION%REACTOME DATABASE ID RELEASE 95%192823	VIRAL MRNA TRANSLATION%REACTOME DATABASE ID RELEASE 95%192823		89	-0.26205453	-1.0557485	0.28313252	1.0	1.0	6117	tags=34%, list=25%, signal=45%	
PROTEIN SECRETION%GOBP%GO:0009306	PROTEIN SECRETION%GOBP%GO:0009306		68	-0.27748516	-1.0552346	0.30601093	1.0	1.0	2718	tags=19%, list=11%, signal=21%	
VASCULAR TRANSPORT%GOBP%GO:0010232	VASCULAR TRANSPORT%GOBP%GO:0010232		88	-0.26312193	-1.0546112	0.30555555	1.0	1.0	2821	tags=20%, list=12%, signal=23%	
POSITIVE REGULATION OF INTRINSIC APOPTOTIC SIGNALING PATHWAY%GOBP%GO:2001244	POSITIVE REGULATION OF INTRINSIC APOPTOTIC SIGNALING PATHWAY%GOBP%GO:2001244		42	-0.30544007	-1.054534	0.33061224	1.0	1.0	1875	tags=14%, list=8%, signal=15%	
NEGATIVE REGULATION OF EPITHELIAL CELL PROLIFERATION%GOBP%GO:0050680	NEGATIVE REGULATION OF EPITHELIAL CELL PROLIFERATION%GOBP%GO:0050680		84	-0.26800486	-1.0545127	0.29813665	1.0	1.0	3082	tags=14%, list=13%, signal=16%	
REGULATION OF SKELETAL MUSCLE CONTRACTION%GOBP%GO:0014819	REGULATION OF SKELETAL MUSCLE CONTRACTION%GOBP%GO:0014819		17	-0.36962274	-1.0544243	0.37091988	1.0	1.0	706	tags=12%, list=3%, signal=12%	
CEREBELLAR CORTEX MORPHOGENESIS%GOBP%GO:0021696	CEREBELLAR CORTEX MORPHOGENESIS%GOBP%GO:0021696		16	-0.39372703	-1.0542567	0.3498452	1.0	1.0	4315	tags=50%, list=18%, signal=61%	
POSITIVE REGULATION OF PROTEIN TRANSPORT%GOBP%GO:0051222	POSITIVE REGULATION OF PROTEIN TRANSPORT%GOBP%GO:0051222		183	-0.23503453	-1.0541787	0.2857143	0.9999851	1.0	2857	tags=16%, list=12%, signal=18%	
REGULATION OF STRIATED MUSCLE CELL DIFFERENTIATION%GOBP%GO:0051153	REGULATION OF STRIATED MUSCLE CELL DIFFERENTIATION%GOBP%GO:0051153		48	-0.3006634	-1.0541558	0.36448598	0.9984562	1.0	2934	tags=25%, list=12%, signal=28%	
POSITIVE REGULATION OF CELL MIGRATION INVOLVED IN SPROUTING ANGIOGENESIS%GOBP%GO:0090050	POSITIVE REGULATION OF CELL MIGRATION INVOLVED IN SPROUTING ANGIOGENESIS%GOBP%GO:0090050		20	-0.36484897	-1.0528253	0.38360655	1.0	1.0	2297	tags=20%, list=9%, signal=22%	
POSITIVE REGULATION OF ERYTHROCYTE DIFFERENTIATION%GOBP%GO:0045648	POSITIVE REGULATION OF ERYTHROCYTE DIFFERENTIATION%GOBP%GO:0045648		27	-0.33128268	-1.0525167	0.32592592	1.0	1.0	970	tags=15%, list=4%, signal=15%	
ORC1 REMOVAL FROM CHROMATIN%REACTOME%R-HSA-68949.5	ORC1 REMOVAL FROM CHROMATIN%REACTOME%R-HSA-68949.5		58	-0.2743988	-1.0523773	0.3043478	1.0	1.0	4658	tags=34%, list=19%, signal=42%	
GENETIC CAUSES OF PORTO SINUSOIDAL VASCULAR DISEASE%WIKIPATHWAYS_20260211%WP5269%HOMO SAPIENS	GENETIC CAUSES OF PORTO SINUSOIDAL VASCULAR DISEASE%WIKIPATHWAYS_20260211%WP5269%HOMO SAPIENS		34	-0.30691996	-1.0523639	0.37860084	1.0	1.0	3121	tags=26%, list=13%, signal=30%	
ACTIVATION OF NF-KAPPAB IN B CELLS%REACTOME DATABASE ID RELEASE 95%1169091	ACTIVATION OF NF-KAPPAB IN B CELLS%REACTOME DATABASE ID RELEASE 95%1169091		54	-0.27971596	-1.0522858	0.32300884	0.9987433	1.0	4658	tags=35%, list=19%, signal=43%	
POSITIVE REGULATION OF TRANSLATION%GOBP%GO:0045727	POSITIVE REGULATION OF TRANSLATION%GOBP%GO:0045727		117	-0.25255102	-1.0515969	0.32307693	1.0	1.0	3958	tags=26%, list=16%, signal=30%	
ESTABLISHMENT OF PROTEIN LOCALIZATION TO EXTRACELLULAR REGION%GOBP%GO:0035592	ESTABLISHMENT OF PROTEIN LOCALIZATION TO EXTRACELLULAR REGION%GOBP%GO:0035592		71	-0.2730637	-1.0509562	0.34545454	1.0	1.0	2718	tags=18%, list=11%, signal=21%	
CLEAR CELL RENAL CELL CARCINOMA PATHWAYS%WIKIPATHWAYS_20260211%WP4018%HOMO SAPIENS	CLEAR CELL RENAL CELL CARCINOMA PATHWAYS%WIKIPATHWAYS_20260211%WP4018%HOMO SAPIENS		60	-0.28588343	-1.0504164	0.3172043	1.0	1.0	2177	tags=17%, list=9%, signal=18%	
APC C-MEDIATED DEGRADATION OF CELL CYCLE PROTEINS%REACTOME DATABASE ID RELEASE 95%174143	APC C-MEDIATED DEGRADATION OF CELL CYCLE PROTEINS%REACTOME DATABASE ID RELEASE 95%174143		75	-0.26710865	-1.0503446	0.33862433	1.0	1.0	4690	tags=32%, list=19%, signal=39%	
BIOCARTA_MTOR_PATHWAY%MSIGDB_C2%BIOCARTA_MTOR_PATHWAY	BIOCARTA_MTOR_PATHWAY%MSIGDB_C2%BIOCARTA_MTOR_PATHWAY		17	-0.3740415	-1.0500054	0.37414965	1.0	1.0	4408	tags=29%, list=18%, signal=36%	
NIK-->NONCANONICAL NF-KB SIGNALING%REACTOME%R-HSA-5676590.3	NIK-->NONCANONICAL NF-KB SIGNALING%REACTOME%R-HSA-5676590.3		46	-0.29830313	-1.0495383	0.3215859	1.0	1.0	4658	tags=37%, list=19%, signal=46%	
PID_DELTA_NP63_PATHWAY%MSIGDB_C2%PID_DELTA_NP63_PATHWAY	PID_DELTA_NP63_PATHWAY%MSIGDB_C2%PID_DELTA_NP63_PATHWAY		39	-0.3014538	-1.0494779	0.32456142	1.0	1.0	36	tags=5%, list=0%, signal=5%	
CELLULAR RESPONSE TO LIPOPOLYSACCHARIDE%GOBP%GO:0071222	CELLULAR RESPONSE TO LIPOPOLYSACCHARIDE%GOBP%GO:0071222		122	-0.24726035	-1.0494276	0.28431374	0.9989855	1.0	2246	tags=15%, list=9%, signal=16%	
PID_P38_ALPHA_BETA_DOWNSTREAM_PATHWAY%MSIGDB_C2%PID_P38_ALPHA_BETA_DOWNSTREAM_PATHWAY	PID_P38_ALPHA_BETA_DOWNSTREAM_PATHWAY%MSIGDB_C2%PID_P38_ALPHA_BETA_DOWNSTREAM_PATHWAY		26	-0.33195272	-1.0488393	0.37728938	1.0	1.0	3849	tags=27%, list=16%, signal=32%	
SIGNALING BY NOTCH1 HD DOMAIN MUTANTS IN CANCER%REACTOME DATABASE ID RELEASE 95%2691230	SIGNALING BY NOTCH1 HD DOMAIN MUTANTS IN CANCER%REACTOME DATABASE ID RELEASE 95%2691230		15	-0.3898697	-1.0487808	0.34726688	0.99865735	1.0	4489	tags=40%, list=18%, signal=49%	
NEGATIVE REGULATION OF FERROPTOSIS%GOBP%GO:0110076	NEGATIVE REGULATION OF FERROPTOSIS%GOBP%GO:0110076		17	-0.3660025	-1.0487001	0.35	0.99742633	1.0	4404	tags=35%, list=18%, signal=43%	
PROTEIN LOCALIZATION TO PHAGOPHORE ASSEMBLY SITE%GOBP%GO:0034497	PROTEIN LOCALIZATION TO PHAGOPHORE ASSEMBLY SITE%GOBP%GO:0034497		16	-0.3846389	-1.0482004	0.378882	0.998243	1.0	6507	tags=50%, list=27%, signal=68%	
HORMONE TRANSPORT%GOBP%GO:0009914	HORMONE TRANSPORT%GOBP%GO:0009914		45	-0.30009612	-1.0479125	0.3422222	0.99806696	1.0	3654	tags=24%, list=15%, signal=29%	
RA BIOSYNTHESIS PATHWAY%REACTOME DATABASE ID RELEASE 95%5365859	RA BIOSYNTHESIS PATHWAY%REACTOME DATABASE ID RELEASE 95%5365859		22	-0.34312958	-1.0478028	0.34375	0.99697983	1.0	654	tags=14%, list=3%, signal=14%	
COLLAGEN BIOSYNTHESIS AND MODIFYING ENZYMES%REACTOME%R-HSA-1650814.6	COLLAGEN BIOSYNTHESIS AND MODIFYING ENZYMES%REACTOME%R-HSA-1650814.6		67	-0.2744679	-1.0477376	0.3187773	0.9957157	1.0	1981	tags=13%, list=8%, signal=15%	
REGULATION OF LIPOPOLYSACCHARIDE-MEDIATED SIGNALING PATHWAY%GOBP%GO:0031664	REGULATION OF LIPOPOLYSACCHARIDE-MEDIATED SIGNALING PATHWAY%GOBP%GO:0031664		29	-0.31988072	-1.0477158	0.40304184	0.99424917	1.0	2246	tags=28%, list=9%, signal=30%	
REGULATION OF CIRCADIAN RHYTHM%GOBP%GO:0042752	REGULATION OF CIRCADIAN RHYTHM%GOBP%GO:0042752		101	-0.25305098	-1.047601	0.37121212	0.9931983	1.0	3654	tags=24%, list=15%, signal=28%	
BIOCARTA_VEGF_PATHWAY%MSIGDB_C2%BIOCARTA_VEGF_PATHWAY	BIOCARTA_VEGF_PATHWAY%MSIGDB_C2%BIOCARTA_VEGF_PATHWAY		22	-0.34498054	-1.0469055	0.38345864	0.99487054	1.0	3070	tags=18%, list=13%, signal=21%	
VIRAL GENE EXPRESSION%GOBP%GO:0019080	VIRAL GENE EXPRESSION%GOBP%GO:0019080		52	-0.2905576	-1.0466372	0.38071066	0.99451786	1.0	1460	tags=13%, list=6%, signal=14%	
PID_FOXO_PATHWAY%MSIGDB_C2%PID_FOXO_PATHWAY	PID_FOXO_PATHWAY%MSIGDB_C2%PID_FOXO_PATHWAY		38	-0.30604053	-1.0464526	0.35135135	0.9937971	1.0	2363	tags=18%, list=10%, signal=20%	
NEGATIVE REGULATION OF GTPASE ACTIVITY%GOBP%GO:0034260	NEGATIVE REGULATION OF GTPASE ACTIVITY%GOBP%GO:0034260		15	-0.38642004	-1.0460806	0.40189874	0.9938797	1.0	693	tags=20%, list=3%, signal=21%	
AZATHIOPRINE ADME%REACTOME DATABASE ID RELEASE 95%9748787	AZATHIOPRINE ADME%REACTOME DATABASE ID RELEASE 95%9748787		23	-0.3434161	-1.0460261	0.39087948	0.9925452	1.0	3434	tags=26%, list=14%, signal=30%	
EMBRYONIC SKELETAL SYSTEM DEVELOPMENT%GOBP%GO:0048706	EMBRYONIC SKELETAL SYSTEM DEVELOPMENT%GOBP%GO:0048706		60	-0.27405772	-1.045214	0.3478261	0.99450654	1.0	3712	tags=23%, list=15%, signal=27%	
ENERGY METABOLISM%WIKIPATHWAYS_20260211%WP1541%HOMO SAPIENS	ENERGY METABOLISM%WIKIPATHWAYS_20260211%WP1541%HOMO SAPIENS		41	-0.30178866	-1.0449774	0.36448598	0.994035	1.0	2491	tags=17%, list=10%, signal=19%	
REGULATION OF MORPHOGENESIS OF A BRANCHING STRUCTURE%GOBP%GO:0060688	REGULATION OF MORPHOGENESIS OF A BRANCHING STRUCTURE%GOBP%GO:0060688		28	-0.32490006	-1.0448823	0.3618677	0.99286574	1.0	1808	tags=14%, list=7%, signal=15%	
RENAL ABSORPTION%GOBP%GO:0070293	RENAL ABSORPTION%GOBP%GO:0070293		27	-0.33488488	-1.0446323	0.3774319	0.9924389	1.0	1982	tags=22%, list=8%, signal=24%	
POSITIVE REGULATION OF DNA-TEMPLATED TRANSCRIPTION INITIATION%GOBP%GO:2000144	POSITIVE REGULATION OF DNA-TEMPLATED TRANSCRIPTION INITIATION%GOBP%GO:2000144		64	-0.27981332	-1.0442381	0.35428572	0.9926839	1.0	2631	tags=19%, list=11%, signal=21%	
PROTEIN SYNTHESIS: LEUCINE%SMPDB%SMP0111873	PROTEIN SYNTHESIS: LEUCINE%SMPDB%SMP0111873		79	-0.26496685	-1.0442314	0.33333334	0.9911787	1.0	6023	tags=34%, list=25%, signal=45%	
NEGATIVE REGULATION OF ACTIN FILAMENT BUNDLE ASSEMBLY%GOBP%GO:0032232	NEGATIVE REGULATION OF ACTIN FILAMENT BUNDLE ASSEMBLY%GOBP%GO:0032232		27	-0.33080977	-1.0441151	0.37209302	0.99013895	1.0	4271	tags=30%, list=17%, signal=36%	
RHO GTPASES ACTIVATE PKNS%REACTOME%R-HSA-5625740.3	RHO GTPASES ACTIVATE PKNS%REACTOME%R-HSA-5625740.3		61	-0.27472562	-1.0439234	0.34634146	0.98950416	1.0	1889	tags=13%, list=8%, signal=14%	
HALLMARK_P53_PATHWAY%MSIGDBHALLMARK%HALLMARK_P53_PATHWAY	HALLMARK_P53_PATHWAY%MSIGDBHALLMARK%HALLMARK_P53_PATHWAY		177	-0.23413746	-1.0428586	0.28	0.99277717	1.0	2760	tags=14%, list=11%, signal=16%	
SUPERPATHWAY OF PYRIMIDINE DEOXYRIBONUCLEOTIDES <I>DE NOVO< I> BIOSYNTHESIS%BIOCYC%PWY-7211	SUPERPATHWAY OF PYRIMIDINE DEOXYRIBONUCLEOTIDES <I>DE NOVO< I> BIOSYNTHESIS%BIOCYC%PWY-7211		21	-0.33629516	-1.0420576	0.3941606	0.99487007	1.0	2123	tags=14%, list=9%, signal=16%	
REGULATION OF NEUROTRANSMITTER SECRETION%GOBP%GO:0046928	REGULATION OF NEUROTRANSMITTER SECRETION%GOBP%GO:0046928		55	-0.285421	-1.0413659	0.352657	0.9964084	1.0	2637	tags=20%, list=11%, signal=22%	
CD8-POSITIVE, ALPHA-BETA T CELL HOMEOSTASIS%GOBP%GO:0160165	CD8-POSITIVE, ALPHA-BETA T CELL HOMEOSTASIS%GOBP%GO:0160165		15	-0.3808277	-1.0409976	0.3672131	0.9965778	1.0	2798	tags=20%, list=11%, signal=23%	
REGULATION OF NEUROTRANSMITTER RECEPTOR ACTIVITY%GOBP%GO:0099601	REGULATION OF NEUROTRANSMITTER RECEPTOR ACTIVITY%GOBP%GO:0099601		18	-0.37486836	-1.0409117	0.38853502	0.9954734	1.0	4223	tags=33%, list=17%, signal=40%	
PID_AP1_PATHWAY%MSIGDB_C2%PID_AP1_PATHWAY	PID_AP1_PATHWAY%MSIGDB_C2%PID_AP1_PATHWAY		59	-0.27350566	-1.040742	0.33668342	0.9947469	1.0	3073	tags=20%, list=13%, signal=23%	
POSITIVE REGULATION OF NUCLEOCYTOPLASMIC TRANSPORT%GOBP%GO:0046824	POSITIVE REGULATION OF NUCLEOCYTOPLASMIC TRANSPORT%GOBP%GO:0046824		46	-0.2825871	-1.0406193	0.36324787	0.9937803	1.0	2760	tags=17%, list=11%, signal=20%	
REGULATION OF UBIQUITIN-DEPENDENT PROTEIN CATABOLIC PROCESS%GOBP%GO:2000058	REGULATION OF UBIQUITIN-DEPENDENT PROTEIN CATABOLIC PROCESS%GOBP%GO:2000058		152	-0.23757905	-1.0398831	0.34065935	0.9955779	1.0	4404	tags=24%, list=18%, signal=29%	
CARBOXYTERMINAL POST-TRANSLATIONAL MODIFICATIONS OF TUBULIN%REACTOME DATABASE ID RELEASE 95%8955332	CARBOXYTERMINAL POST-TRANSLATIONAL MODIFICATIONS OF TUBULIN%REACTOME DATABASE ID RELEASE 95%8955332		42	-0.29739904	-1.0395883	0.3909091	0.9953976	1.0	4821	tags=36%, list=20%, signal=44%	
CHONDROITIN SULFATE PROTEOGLYCAN BIOSYNTHETIC PROCESS%GOBP%GO:0050650	CHONDROITIN SULFATE PROTEOGLYCAN BIOSYNTHETIC PROCESS%GOBP%GO:0050650		24	-0.33589178	-1.0395744	0.34931508	0.9939297	1.0	3874	tags=29%, list=16%, signal=35%	
TRANSPORT ACROSS BLOOD-BRAIN BARRIER%GOBP%GO:0150104	TRANSPORT ACROSS BLOOD-BRAIN BARRIER%GOBP%GO:0150104		88	-0.26312193	-1.0394387	0.36956522	0.9930128	1.0	2821	tags=20%, list=12%, signal=23%	
VIRAL TRANSLATION%GOBP%GO:0019081	VIRAL TRANSLATION%GOBP%GO:0019081		15	-0.3849444	-1.0391427	0.35643566	0.99280024	1.0	5457	tags=33%, list=22%, signal=43%	
REGULATION OF CELLULAR RESPONSE TO HEAT%GOBP%GO:1900034	REGULATION OF CELLULAR RESPONSE TO HEAT%GOBP%GO:1900034		16	-0.37964374	-1.0383487	0.38679245	0.9948789	1.0	1950	tags=19%, list=8%, signal=20%	
CELLULAR RESPONSE TO TYPE I INTERFERON%GOBP%GO:0071357	CELLULAR RESPONSE TO TYPE I INTERFERON%GOBP%GO:0071357		78	-0.25972384	-1.0381492	0.33125	0.994324	1.0	4409	tags=27%, list=18%, signal=33%	
AMINO ACID TRANSMEMBRANE TRANSPORT%GOBP%GO:0003333	AMINO ACID TRANSMEMBRANE TRANSPORT%GOBP%GO:0003333		74	-0.26576433	-1.037492	0.36363637	0.9958539	1.0	1702	tags=15%, list=7%, signal=16%	
MAINTENANCE OF BLOOD-BRAIN BARRIER%GOBP%GO:0035633	MAINTENANCE OF BLOOD-BRAIN BARRIER%GOBP%GO:0035633		32	-0.30973437	-1.037341	0.35655737	0.9950666	1.0	785	tags=9%, list=3%, signal=10%	
NOTCH SIGNALING%WIKIPATHWAYS_20260211%WP61%HOMO SAPIENS	NOTCH SIGNALING%WIKIPATHWAYS_20260211%WP61%HOMO SAPIENS		42	-0.29447424	-1.0362474	0.35159817	0.9985131	1.0	131	tags=7%, list=1%, signal=7%	
NEURODEGENERATION WITH BRAIN IRON ACCUMULATION NBIA SUBTYPES PATHWAY%WIKIPATHWAYS_20260211%WP4577%HOMO SAPIENS	NEURODEGENERATION WITH BRAIN IRON ACCUMULATION NBIA SUBTYPES PATHWAY%WIKIPATHWAYS_20260211%WP4577%HOMO SAPIENS		35	-0.3061801	-1.0358912	0.37275985	0.9986984	1.0	3926	tags=29%, list=16%, signal=34%	
ERBB2 ERBB3 SIGNALING EVENTS%PATHWAY INTERACTION DATABASE NCI-NATURE CURATED DATA%ERBB2 ERBB3 SIGNALING EVENTS	ERBB2 ERBB3 SIGNALING EVENTS%PATHWAY INTERACTION DATABASE NCI-NATURE CURATED DATA%ERBB2 ERBB3 SIGNALING EVENTS		41	-0.29419795	-1.0342582	0.37848607	1.0	1.0	2047	tags=17%, list=8%, signal=19%	
INTERMEDIATE FILAMENT ORGANIZATION%GOBP%GO:0045109	INTERMEDIATE FILAMENT ORGANIZATION%GOBP%GO:0045109		72	-0.26889482	-1.0334655	0.39790577	1.0	1.0	2803	tags=15%, list=11%, signal=17%	
DNA DAMAGE RECOGNITION IN GG-NER%REACTOME%R-HSA-5696394.2	DNA DAMAGE RECOGNITION IN GG-NER%REACTOME%R-HSA-5696394.2		37	-0.3002352	-1.0333198	0.38697317	1.0	1.0	3745	tags=27%, list=15%, signal=32%	
CHONDROITIN SULFATE PROTEOGLYCAN METABOLIC PROCESS%GOBP%GO:0050654	CHONDROITIN SULFATE PROTEOGLYCAN METABOLIC PROCESS%GOBP%GO:0050654		31	-0.3195317	-1.032553	0.38866398	1.0	1.0	1980	tags=16%, list=8%, signal=18%	
INTERFERON TYPE I SIGNALING%WIKIPATHWAYS_20260211%WP585%HOMO SAPIENS	INTERFERON TYPE I SIGNALING%WIKIPATHWAYS_20260211%WP585%HOMO SAPIENS		49	-0.28741193	-1.0324513	0.33490565	1.0	1.0	3423	tags=20%, list=14%, signal=24%	
TP53 REGULATES TRANSCRIPTION OF GENES INVOLVED IN CYTOCHROME C RELEASE%REACTOME%R-HSA-6803204.3	TP53 REGULATES TRANSCRIPTION OF GENES INVOLVED IN CYTOCHROME C RELEASE%REACTOME%R-HSA-6803204.3		20	-0.35289192	-1.0311849	0.40983605	1.0	1.0	4818	tags=40%, list=20%, signal=50%	
REGULATION OF CELL MIGRATION INVOLVED IN SPROUTING ANGIOGENESIS%GOBP%GO:0090049	REGULATION OF CELL MIGRATION INVOLVED IN SPROUTING ANGIOGENESIS%GOBP%GO:0090049		35	-0.3035789	-1.0306344	0.392	1.0	1.0	1168	tags=11%, list=5%, signal=12%	
GLUTATHIONE METABOLIC PROCESS%GOBP%GO:0006749	GLUTATHIONE METABOLIC PROCESS%GOBP%GO:0006749		38	-0.30012444	-1.0301574	0.37903225	1.0	1.0	1671	tags=16%, list=7%, signal=17%	
ATM SIGNALING IN DEVELOPMENT AND DISEASE %WIKIPATHWAYS_20260211%WP3878%HOMO SAPIENS	ATM SIGNALING IN DEVELOPMENT AND DISEASE %WIKIPATHWAYS_20260211%WP3878%HOMO SAPIENS		38	-0.29722157	-1.0299404	0.40079364	1.0	1.0	2296	tags=13%, list=9%, signal=14%	
CANONICAL WNT SIGNALING PATHWAY%PATHWAY INTERACTION DATABASE NCI-NATURE CURATED DATA%CANONICAL WNT SIGNALING PATHWAY	CANONICAL WNT SIGNALING PATHWAY%PATHWAY INTERACTION DATABASE NCI-NATURE CURATED DATA%CANONICAL WNT SIGNALING PATHWAY		20	-0.35018185	-1.029922	0.4129693	1.0	1.0	5230	tags=40%, list=21%, signal=51%	
INNER DYNEIN ARM ASSEMBLY%GOBP%GO:0036159	INNER DYNEIN ARM ASSEMBLY%GOBP%GO:0036159		15	-0.37982544	-1.0294343	0.39384615	1.0	1.0	2281	tags=27%, list=9%, signal=29%	
CORTICOTROPIN RELEASING HORMONE SIGNALING%WIKIPATHWAYS_20260211%WP2355%HOMO SAPIENS	CORTICOTROPIN RELEASING HORMONE SIGNALING%WIKIPATHWAYS_20260211%WP2355%HOMO SAPIENS		72	-0.26537833	-1.0292376	0.36571428	1.0	1.0	5467	tags=33%, list=22%, signal=43%	
AMINO ACID TRANSPORT ACROSS THE PLASMA MEMBRANE%REACTOME%R-HSA-352230.6	AMINO ACID TRANSPORT ACROSS THE PLASMA MEMBRANE%REACTOME%R-HSA-352230.6		31	-0.31217468	-1.028959	0.3956044	1.0	1.0	1702	tags=23%, list=7%, signal=24%	
RECEPTOR-TYPE TYROSINE-PROTEIN PHOSPHATASES%REACTOME%R-HSA-388844.4	RECEPTOR-TYPE TYROSINE-PROTEIN PHOSPHATASES%REACTOME%R-HSA-388844.4		19	-0.3508326	-1.0284835	0.38019168	1.0	1.0	996	tags=16%, list=4%, signal=16%	
NEGATIVE REGULATION OF EPITHELIAL CELL MIGRATION%GOBP%GO:0010633	NEGATIVE REGULATION OF EPITHELIAL CELL MIGRATION%GOBP%GO:0010633		15	-0.37316957	-1.0282775	0.39087948	1.0	1.0	4844	tags=33%, list=20%, signal=42%	
REGULATION OF RETINOBLASTOMA PROTEIN%PATHWAY INTERACTION DATABASE NCI-NATURE CURATED DATA%REGULATION OF RETINOBLASTOMA PROTEIN	REGULATION OF RETINOBLASTOMA PROTEIN%PATHWAY INTERACTION DATABASE NCI-NATURE CURATED DATA%REGULATION OF RETINOBLASTOMA PROTEIN		65	-0.27506447	-1.0277238	0.37278107	1.0	1.0	332	tags=8%, list=1%, signal=8%	
PID_ERBB2_ERBB3_PATHWAY%MSIGDB_C2%PID_ERBB2_ERBB3_PATHWAY	PID_ERBB2_ERBB3_PATHWAY%MSIGDB_C2%PID_ERBB2_ERBB3_PATHWAY		38	-0.3034458	-1.0276796	0.40167364	1.0	1.0	2047	tags=18%, list=8%, signal=20%	
TRANSCRIPTIONAL REGULATION BY RUNX3%REACTOME DATABASE ID RELEASE 95%8878159	TRANSCRIPTIONAL REGULATION BY RUNX3%REACTOME DATABASE ID RELEASE 95%8878159		85	-0.25463888	-1.0269034	0.36296296	1.0	1.0	2925	tags=22%, list=12%, signal=25%	
BONE MINERALIZATION%GOBP%GO:0030282	BONE MINERALIZATION%GOBP%GO:0030282		25	-0.32816455	-1.0255183	0.36933798	1.0	1.0	4168	tags=32%, list=17%, signal=39%	
GLUCOSE CATABOLIC PROCESS%GOBP%GO:0006007	GLUCOSE CATABOLIC PROCESS%GOBP%GO:0006007		20	-0.34542435	-1.0254318	0.39297125	1.0	1.0	2052	tags=25%, list=8%, signal=27%	
RUNX1 REGULATES TRANSCRIPTION OF GENES INVOLVED IN DIFFERENTIATION OF HSCS%REACTOME%R-HSA-8939236.2	RUNX1 REGULATES TRANSCRIPTION OF GENES INVOLVED IN DIFFERENTIATION OF HSCS%REACTOME%R-HSA-8939236.2		84	-0.25717807	-1.0250535	0.38311687	1.0	1.0	2925	tags=20%, list=12%, signal=23%	
SPINAL CORD DEVELOPMENT%GOBP%GO:0021510	SPINAL CORD DEVELOPMENT%GOBP%GO:0021510		35	-0.30378795	-1.0248004	0.3992674	1.0	1.0	1294	tags=14%, list=5%, signal=15%	
REGULATION OF EXECUTION PHASE OF APOPTOSIS%GOBP%GO:1900117	REGULATION OF EXECUTION PHASE OF APOPTOSIS%GOBP%GO:1900117		18	-0.3665052	-1.0246731	0.40963855	1.0	1.0	3358	tags=39%, list=14%, signal=45%	
POSITIVE REGULATION OF NUCLEOTIDE METABOLIC PROCESS%GOBP%GO:0045981	POSITIVE REGULATION OF NUCLEOTIDE METABOLIC PROCESS%GOBP%GO:0045981		30	-0.31534034	-1.0242833	0.39615384	1.0	1.0	2491	tags=23%, list=10%, signal=26%	
CELLULAR RESPONSE TO ALKALOID%GOBP%GO:0071312	CELLULAR RESPONSE TO ALKALOID%GOBP%GO:0071312		19	-0.35612157	-1.0235759	0.3886926	1.0	1.0	938	tags=16%, list=4%, signal=16%	
POSITIVE REGULATION OF PURINE NUCLEOTIDE METABOLIC PROCESS%GOBP%GO:1900544	POSITIVE REGULATION OF PURINE NUCLEOTIDE METABOLIC PROCESS%GOBP%GO:1900544		30	-0.31534034	-1.0232965	0.38333333	1.0	1.0	2491	tags=23%, list=10%, signal=26%	
FRUCTOSE AND MANNOSE DEGRADATION%SMPDB%SMP0087197	FRUCTOSE AND MANNOSE DEGRADATION%SMPDB%SMP0087197		17	-0.36927158	-1.0232342	0.41964287	1.0	1.0	2511	tags=18%, list=10%, signal=20%	
PROTEIN UBIQUITINATION%REACTOME%R-HSA-8852135.4	PROTEIN UBIQUITINATION%REACTOME%R-HSA-8852135.4		75	-0.26108035	-1.0225608	0.41860464	1.0	1.0	2457	tags=17%, list=10%, signal=19%	
INTERLEUKIN-37 SIGNALING%REACTOME DATABASE ID RELEASE 95%9008059	INTERLEUKIN-37 SIGNALING%REACTOME DATABASE ID RELEASE 95%9008059		21	-0.34681457	-1.0222216	0.39568347	1.0	1.0	1152	tags=19%, list=5%, signal=20%	
NEURAL NUCLEUS DEVELOPMENT%GOBP%GO:0048857	NEURAL NUCLEUS DEVELOPMENT%GOBP%GO:0048857		46	-0.2914758	-1.0219514	0.3939394	1.0	1.0	2254	tags=15%, list=9%, signal=17%	
METHIONINE METABOLISM%SMPDB%SMP0000033	METHIONINE METABOLISM%SMPDB%SMP0000033		16	-0.36551157	-1.0210623	0.4174174	1.0	1.0	1600	tags=25%, list=7%, signal=27%	
PID_IL12_STAT4_PATHWAY%MSIGDB_C2%PID_IL12_STAT4_PATHWAY	PID_IL12_STAT4_PATHWAY%MSIGDB_C2%PID_IL12_STAT4_PATHWAY		27	-0.32957605	-1.0208032	0.41391942	1.0	1.0	1334	tags=15%, list=5%, signal=16%	
PD-1 SIGNALING%REACTOME%R-HSA-389948.6	PD-1 SIGNALING%REACTOME%R-HSA-389948.6		185	-0.23153506	-1.0201852	0.4347826	1.0	1.0	2798	tags=19%, list=11%, signal=22%	
EPITHELIAL CELL MIGRATION%GOBP%GO:0010631	EPITHELIAL CELL MIGRATION%GOBP%GO:0010631		20	-0.34756115	-1.0178875	0.4245614	1.0	1.0	625	tags=10%, list=3%, signal=10%	
CLOCK CONTROLLED AUTOPHAGY IN BONE METABOLISM%WIKIPATHWAYS_20260211%WP5205%HOMO SAPIENS	CLOCK CONTROLLED AUTOPHAGY IN BONE METABOLISM%WIKIPATHWAYS_20260211%WP5205%HOMO SAPIENS		63	-0.26777336	-1.0169929	0.41340783	1.0	1.0	3512	tags=21%, list=14%, signal=24%	
GLUTATHIONE CONJUGATION%REACTOME%R-HSA-156590.4	GLUTATHIONE CONJUGATION%REACTOME%R-HSA-156590.4		34	-0.30643308	-1.0169041	0.42635658	1.0	1.0	1671	tags=15%, list=7%, signal=16%	
BDNF SIGNALING IN NEURODEVELOPMENT%WIKIPATHWAYS_20260211%WP5541%HOMO SAPIENS	BDNF SIGNALING IN NEURODEVELOPMENT%WIKIPATHWAYS_20260211%WP5541%HOMO SAPIENS		95	-0.24875854	-1.0165993	0.41916168	1.0	1.0	2806	tags=19%, list=11%, signal=21%	
RAC1 SIGNALING PATHWAY%PATHWAY INTERACTION DATABASE NCI-NATURE CURATED DATA%RAC1 SIGNALING PATHWAY	RAC1 SIGNALING PATHWAY%PATHWAY INTERACTION DATABASE NCI-NATURE CURATED DATA%RAC1 SIGNALING PATHWAY		54	-0.28099698	-1.0164441	0.4064171	1.0	1.0	5113	tags=33%, list=21%, signal=42%	
COPII-MEDIATED VESICLE TRANSPORT%REACTOME%R-HSA-204005.6	COPII-MEDIATED VESICLE TRANSPORT%REACTOME%R-HSA-204005.6		69	-0.26236492	-1.0163562	0.390625	1.0	1.0	2959	tags=25%, list=12%, signal=28%	
EMBRYONIC DIGIT MORPHOGENESIS%GOBP%GO:0042733	EMBRYONIC DIGIT MORPHOGENESIS%GOBP%GO:0042733		18	-0.35765538	-1.0158038	0.39788732	1.0	1.0	3487	tags=28%, list=14%, signal=32%	
CELLULAR RESPONSE TO STARVATION%REACTOME%R-HSA-9711097.5	CELLULAR RESPONSE TO STARVATION%REACTOME%R-HSA-9711097.5		155	-0.23440772	-1.0153829	0.4021739	1.0	1.0	6035	tags=34%, list=25%, signal=44%	
CYSTATHIONINE BETA-SYNTHASE DEFICIENCY%SMPDB%SMP0000177	CYSTATHIONINE BETA-SYNTHASE DEFICIENCY%SMPDB%SMP0000177		16	-0.36551157	-1.0152646	0.41489363	1.0	1.0	1600	tags=25%, list=7%, signal=27%	
P53 PATHWAY%PANTHER PATHWAY%P00059	P53 PATHWAY%PANTHER PATHWAY%P00059		43	-0.28922305	-1.0150057	0.40358743	1.0	1.0	3581	tags=21%, list=15%, signal=24%	
ESR-MEDIATED SIGNALING%REACTOME DATABASE ID RELEASE 95%8939211	ESR-MEDIATED SIGNALING%REACTOME DATABASE ID RELEASE 95%8939211		183	-0.22717084	-1.014986	0.39772728	1.0	1.0	2296	tags=15%, list=9%, signal=16%	
NEGATIVE REGULATION OF PROTEASOMAL PROTEIN CATABOLIC PROCESS%GOBP%GO:1901799	NEGATIVE REGULATION OF PROTEASOMAL PROTEIN CATABOLIC PROCESS%GOBP%GO:1901799		54	-0.27670285	-1.014496	0.4265403	1.0	1.0	4127	tags=20%, list=17%, signal=24%	
HALLMARK_G2M_CHECKPOINT%MSIGDBHALLMARK%HALLMARK_G2M_CHECKPOINT	HALLMARK_G2M_CHECKPOINT%MSIGDBHALLMARK%HALLMARK_G2M_CHECKPOINT		144	-0.23362885	-1.0143735	0.37383178	1.0	1.0	5065	tags=31%, list=21%, signal=39%	
POSITIVE REGULATION OF ATP METABOLIC PROCESS%GOBP%GO:1903580	POSITIVE REGULATION OF ATP METABOLIC PROCESS%GOBP%GO:1903580		29	-0.31534454	-1.0138332	0.41064638	1.0	1.0	2491	tags=24%, list=10%, signal=27%	
REGULATION OF GLUCOSE METABOLIC PROCESS%GOBP%GO:0010906	REGULATION OF GLUCOSE METABOLIC PROCESS%GOBP%GO:0010906		69	-0.26650977	-1.013776	0.4108108	1.0	1.0	2690	tags=20%, list=11%, signal=23%	
TYPE 2 PAPILLARY RENAL CELL CARCINOMA%WIKIPATHWAYS_20260211%WP4241%HOMO SAPIENS	TYPE 2 PAPILLARY RENAL CELL CARCINOMA%WIKIPATHWAYS_20260211%WP4241%HOMO SAPIENS		24	-0.3266807	-1.013607	0.424	1.0	1.0	2760	tags=21%, list=11%, signal=23%	
PROTEIN COMPLEX OLIGOMERIZATION%GOBP%GO:0051259	PROTEIN COMPLEX OLIGOMERIZATION%GOBP%GO:0051259		193	-0.230867	-1.0128021	0.43209878	1.0	1.0	1340	tags=10%, list=5%, signal=10%	
ADRENERGIC RECEPTOR SIGNALING PATHWAY%GOBP%GO:0071875	ADRENERGIC RECEPTOR SIGNALING PATHWAY%GOBP%GO:0071875		19	-0.34348425	-1.0108665	0.42857143	1.0	1.0	2573	tags=32%, list=11%, signal=35%	
ADHERENS JUNCTIONS INTERACTIONS%REACTOME DATABASE ID RELEASE 95%418990	ADHERENS JUNCTIONS INTERACTIONS%REACTOME DATABASE ID RELEASE 95%418990		200	-0.22908938	-1.0107728	0.44642857	1.0	1.0	2925	tags=19%, list=12%, signal=21%	
SELENOCYSTEINE SYNTHESIS%REACTOME DATABASE ID RELEASE 95%2408557	SELENOCYSTEINE SYNTHESIS%REACTOME DATABASE ID RELEASE 95%2408557		93	-0.24838887	-1.0106658	0.43055555	1.0	1.0	6117	tags=32%, list=25%, signal=43%	
REGULATION OF CATECHOLAMINE SECRETION%GOBP%GO:0050433	REGULATION OF CATECHOLAMINE SECRETION%GOBP%GO:0050433		23	-0.32978192	-1.0103494	0.43010753	1.0	1.0	3450	tags=35%, list=14%, signal=40%	
RESPONSE TO TEMPERATURE STIMULUS%GOBP%GO:0009266	RESPONSE TO TEMPERATURE STIMULUS%GOBP%GO:0009266		88	-0.25436848	-1.0102253	0.43949044	1.0	1.0	5011	tags=32%, list=20%, signal=40%	
METHYLENETETRAHYDROFOLATE REDUCTASE DEFICIENCY (MTHFRD)%SMPDB%SMP0000340	METHYLENETETRAHYDROFOLATE REDUCTASE DEFICIENCY (MTHFRD)%SMPDB%SMP0000340		16	-0.36551157	-1.0096612	0.41768292	1.0	1.0	1600	tags=25%, list=7%, signal=27%	
INTRINSIC APOPTOTIC SIGNALING PATHWAY%GOBP%GO:0097193	INTRINSIC APOPTOTIC SIGNALING PATHWAY%GOBP%GO:0097193		137	-0.23995078	-1.0090494	0.3853211	1.0	1.0	3647	tags=21%, list=15%, signal=25%	
FOREBRAIN NEURON DIFFERENTIATION%GOBP%GO:0021879	FOREBRAIN NEURON DIFFERENTIATION%GOBP%GO:0021879		28	-0.31322652	-1.0089628	0.44150943	1.0	1.0	3108	tags=25%, list=13%, signal=29%	
NEGATIVE REGULATION OF STRESS FIBER ASSEMBLY%GOBP%GO:0051497	NEGATIVE REGULATION OF STRESS FIBER ASSEMBLY%GOBP%GO:0051497		23	-0.34180516	-1.0089266	0.4084507	1.0	1.0	4271	tags=30%, list=17%, signal=37%	
RHOA SIGNALING PATHWAY%PATHWAY INTERACTION DATABASE NCI-NATURE CURATED DATA%RHOA SIGNALING PATHWAY	RHOA SIGNALING PATHWAY%PATHWAY INTERACTION DATABASE NCI-NATURE CURATED DATA%RHOA SIGNALING PATHWAY		45	-0.2851183	-1.0085814	0.42857143	1.0	1.0	3423	tags=22%, list=14%, signal=26%	
PROTEIN K48-LINKED DEUBIQUITINATION%GOBP%GO:0071108	PROTEIN K48-LINKED DEUBIQUITINATION%GOBP%GO:0071108		22	-0.33596414	-1.0085601	0.42105263	1.0	1.0	3955	tags=27%, list=16%, signal=32%	
COOPERATION OF PREFOLDIN AND TRIC CCT IN ACTIN AND TUBULIN FOLDING%REACTOME DATABASE ID RELEASE 95%389958	COOPERATION OF PREFOLDIN AND TRIC CCT IN ACTIN AND TUBULIN FOLDING%REACTOME DATABASE ID RELEASE 95%389958		33	-0.31691658	-1.0083425	0.46052632	1.0	1.0	4352	tags=33%, list=18%, signal=40%	
HYPERMETHIONINEMIA%SMPDB%SMP0000341	HYPERMETHIONINEMIA%SMPDB%SMP0000341		16	-0.36551157	-1.0071584	0.42138365	1.0	1.0	1600	tags=25%, list=7%, signal=27%	
HAIR FOLLICLE DEVELOPMENT ORGANOGENESIS STAGE 2 OF 3%WIKIPATHWAYS_20260211%WP2839%HOMO SAPIENS	HAIR FOLLICLE DEVELOPMENT ORGANOGENESIS STAGE 2 OF 3%WIKIPATHWAYS_20260211%WP2839%HOMO SAPIENS		26	-0.32442003	-1.007158	0.42045453	1.0	1.0	2400	tags=23%, list=10%, signal=26%	
NEGATIVE REGULATION OF MYOBLAST FUSION%GOBP%GO:1901740	NEGATIVE REGULATION OF MYOBLAST FUSION%GOBP%GO:1901740		46	-0.28623965	-1.0070405	0.4135021	1.0	1.0	6023	tags=41%, list=25%, signal=55%	
HINDBRAIN MORPHOGENESIS%GOBP%GO:0021575	HINDBRAIN MORPHOGENESIS%GOBP%GO:0021575		18	-0.34820414	-1.0070076	0.4178082	1.0	1.0	4315	tags=44%, list=18%, signal=54%	
PLATELET HOMEOSTASIS%REACTOME%R-HSA-418346.4	PLATELET HOMEOSTASIS%REACTOME%R-HSA-418346.4		85	-0.25291824	-1.0069124	0.41401273	1.0	1.0	3899	tags=28%, list=16%, signal=33%	
DNA REPLICATION PRE-INITIATION%REACTOME%R-HSA-69002.4	DNA REPLICATION PRE-INITIATION%REACTOME%R-HSA-69002.4		117	-0.2405591	-1.0060985	0.39097744	1.0	1.0	4690	tags=32%, list=19%, signal=39%	
RESPONSE TO ARSENIC-CONTAINING SUBSTANCE%GOBP%GO:0046685	RESPONSE TO ARSENIC-CONTAINING SUBSTANCE%GOBP%GO:0046685		18	-0.35217053	-1.0054826	0.40614334	1.0	1.0	3524	tags=28%, list=14%, signal=32%	
SIGNALING BY NOTCH4%REACTOME%R-HSA-9013694.3	SIGNALING BY NOTCH4%REACTOME%R-HSA-9013694.3		71	-0.26105702	-1.0054424	0.44615385	1.0	1.0	2925	tags=20%, list=12%, signal=22%	
L-AMINO ACID BIOSYNTHETIC PROCESS%GOBP%GO:0170034	L-AMINO ACID BIOSYNTHETIC PROCESS%GOBP%GO:0170034		33	-0.3071643	-1.0053014	0.41509435	1.0	1.0	4260	tags=33%, list=17%, signal=40%	
S-ADENOSYLHOMOCYSTEINE (SAH) HYDROLASE DEFICIENCY%PATHWHIZ%PW000102	S-ADENOSYLHOMOCYSTEINE (SAH) HYDROLASE DEFICIENCY%PATHWHIZ%PW000102		16	-0.36551157	-1.0049316	0.42405063	1.0	1.0	1600	tags=25%, list=7%, signal=27%	
NEGATIVE REGULATION OF RHO PROTEIN SIGNAL TRANSDUCTION%GOBP%GO:0035024	NEGATIVE REGULATION OF RHO PROTEIN SIGNAL TRANSDUCTION%GOBP%GO:0035024		17	-0.3624107	-1.0044982	0.43521595	1.0	1.0	71	tags=6%, list=0%, signal=6%	
OBSOLETE PROTEOLYSIS INVOLVED IN PROTEIN CATABOLIC PROCESS%GOBP%GO:0051603	OBSOLETE PROTEOLYSIS INVOLVED IN PROTEIN CATABOLIC PROCESS%GOBP%GO:0051603		30	-0.31874126	-1.0044062	0.43548387	1.0	1.0	1745	tags=17%, list=7%, signal=18%	
REGULATION OF GTPASE ACTIVITY%GOBP%GO:0043087	REGULATION OF GTPASE ACTIVITY%GOBP%GO:0043087		117	-0.23564368	-1.0035751	0.43089432	1.0	1.0	2718	tags=17%, list=11%, signal=19%	
PHOSPHATE ION TRANSPORT%GOBP%GO:0006817	PHOSPHATE ION TRANSPORT%GOBP%GO:0006817		18	-0.34137782	-1.0032425	0.45704466	1.0	1.0	3061	tags=17%, list=12%, signal=19%	
GLYCINE N-METHYLTRANSFERASE DEFICIENCY%SMPDB%SMP0000222	GLYCINE N-METHYLTRANSFERASE DEFICIENCY%SMPDB%SMP0000222		16	-0.36551157	-1.002928	0.453125	1.0	1.0	1600	tags=25%, list=7%, signal=27%	
POSITIVE REGULATION OF NEURON DIFFERENTIATION%GOBP%GO:0045666	POSITIVE REGULATION OF NEURON DIFFERENTIATION%GOBP%GO:0045666		40	-0.2924828	-1.0025668	0.42276424	1.0	1.0	2696	tags=23%, list=11%, signal=25%	
GLUTATHIONE-MEDIATED DETOXIFICATION I%BIOCYC%PWY-4061	GLUTATHIONE-MEDIATED DETOXIFICATION I%BIOCYC%PWY-4061		19	-0.3503802	-1.0021122	0.44516128	1.0	1.0	1671	tags=16%, list=7%, signal=17%	
HALLMARK_TGF_BETA_SIGNALING%MSIGDBHALLMARK%HALLMARK_TGF_BETA_SIGNALING	HALLMARK_TGF_BETA_SIGNALING%MSIGDBHALLMARK%HALLMARK_TGF_BETA_SIGNALING		43	-0.284574	-1.0020504	0.4394619	1.0	1.0	3094	tags=26%, list=13%, signal=29%	
MEMBRANE REPOLARIZATION DURING CARDIAC MUSCLE CELL ACTION POTENTIAL%GOBP%GO:0086013	MEMBRANE REPOLARIZATION DURING CARDIAC MUSCLE CELL ACTION POTENTIAL%GOBP%GO:0086013		17	-0.35335696	-1.0019547	0.4473684	1.0	1.0	1812	tags=18%, list=7%, signal=19%	
PATHOGENIC ESCHERICHIA COLI INFECTION%WIKIPATHWAYS_20260211%WP2272%HOMO SAPIENS	PATHOGENIC ESCHERICHIA COLI INFECTION%WIKIPATHWAYS_20260211%WP2272%HOMO SAPIENS		43	-0.2818183	-1.0018617	0.4489796	1.0	1.0	2902	tags=21%, list=12%, signal=24%	
REGULATION OF TISSUE REMODELING%GOBP%GO:0034103	REGULATION OF TISSUE REMODELING%GOBP%GO:0034103		62	-0.26303384	-1.0016676	0.44221106	1.0	1.0	4193	tags=26%, list=17%, signal=31%	
ACTIVATION OF BAD AND TRANSLOCATION TO MITOCHONDRIA%REACTOME DATABASE ID RELEASE 95%111447	ACTIVATION OF BAD AND TRANSLOCATION TO MITOCHONDRIA%REACTOME DATABASE ID RELEASE 95%111447		15	-0.36722973	-1.0015706	0.4495114	1.0	1.0	899	tags=13%, list=4%, signal=14%	
POSITIVE REGULATION OF PEPTIDE SECRETION%GOBP%GO:0002793	POSITIVE REGULATION OF PEPTIDE SECRETION%GOBP%GO:0002793		69	-0.26139992	-1.0014426	0.42105263	1.0	1.0	2793	tags=16%, list=11%, signal=18%	
KIDNEY DEVELOPMENT%REACTOME DATABASE ID RELEASE 95%9830369	KIDNEY DEVELOPMENT%REACTOME DATABASE ID RELEASE 95%9830369		46	-0.28462705	-1.000838	0.44	1.0	1.0	1808	tags=15%, list=7%, signal=16%	
MITOCHONDRIAL TRANSLATION ELONGATION%REACTOME DATABASE ID RELEASE 95%5389840	MITOCHONDRIAL TRANSLATION ELONGATION%REACTOME DATABASE ID RELEASE 95%5389840		88	-0.24603282	-1.0002002	0.477707	1.0	1.0	5397	tags=39%, list=22%, signal=49%	
STRIATED MUSCLE CELL DEVELOPMENT%GOBP%GO:0055002	STRIATED MUSCLE CELL DEVELOPMENT%GOBP%GO:0055002		92	-0.2488481	-0.9996706	0.3986014	1.0	1.0	2110	tags=13%, list=9%, signal=14%	
VIRAL PROTEIN PROCESSING%GOBP%GO:0019082	VIRAL PROTEIN PROCESSING%GOBP%GO:0019082		31	-0.31614918	-0.99924654	0.44402984	1.0	1.0	1460	tags=16%, list=6%, signal=17%	
METHIONINE ADENOSYLTRANSFERASE DEFICIENCY%SMPDB%SMP0000221	METHIONINE ADENOSYLTRANSFERASE DEFICIENCY%SMPDB%SMP0000221		16	-0.36551157	-0.9992032	0.41095892	1.0	1.0	1600	tags=25%, list=7%, signal=27%	
NEGATIVE REGULATION OF PROTEIN TRANSPORT%GOBP%GO:0051224	NEGATIVE REGULATION OF PROTEIN TRANSPORT%GOBP%GO:0051224		79	-0.25733626	-0.9989256	0.45783132	1.0	1.0	2029	tags=13%, list=8%, signal=14%	
RESPONSE TO PURINE-CONTAINING COMPOUND%GOBP%GO:0014074	RESPONSE TO PURINE-CONTAINING COMPOUND%GOBP%GO:0014074		74	-0.25867626	-0.9989107	0.433526	1.0	1.0	1418	tags=12%, list=6%, signal=13%	
HOMOCYSTINURIA-MEGALOBLASTIC ANEMIA DUE TO DEFECT IN COBALAMIN METABOLISM, CBLG COMPLEMENTATION TYPE%SMPDB%SMP0000570	HOMOCYSTINURIA-MEGALOBLASTIC ANEMIA DUE TO DEFECT IN COBALAMIN METABOLISM, CBLG COMPLEMENTATION TYPE%SMPDB%SMP0000570		16	-0.36551157	-0.9988527	0.44744745	1.0	1.0	1600	tags=25%, list=7%, signal=27%	
B CELL PROLIFERATION%GOBP%GO:0042100	B CELL PROLIFERATION%GOBP%GO:0042100		20	-0.33728737	-0.9987868	0.4552239	1.0	1.0	2021	tags=15%, list=8%, signal=16%	
REGULATION OF HYDROLASE ACTIVITY%GOBP%GO:0051336	REGULATION OF HYDROLASE ACTIVITY%GOBP%GO:0051336		155	-0.2300123	-0.9983329	0.45454547	1.0	1.0	2078	tags=14%, list=8%, signal=15%	
DNA CATABOLIC PROCESS%GOBP%GO:0006308	DNA CATABOLIC PROCESS%GOBP%GO:0006308		24	-0.329857	-0.99832666	0.44802868	1.0	1.0	1905	tags=17%, list=8%, signal=18%	
TRANSCRIPTIONAL REGULATION OF MEMORY B CELL DIFFERENTIATION%WIKIPATHWAYS_20260211%WP5491%HOMO SAPIENS	TRANSCRIPTIONAL REGULATION OF MEMORY B CELL DIFFERENTIATION%WIKIPATHWAYS_20260211%WP5491%HOMO SAPIENS		39	-0.29026532	-0.9982527	0.4408163	1.0	1.0	2737	tags=18%, list=11%, signal=20%	
DENGUE VIRUS ATTACHMENT AND ENTRY%REACTOME DATABASE ID RELEASE 95%9918485	DENGUE VIRUS ATTACHMENT AND ENTRY%REACTOME DATABASE ID RELEASE 95%9918485		44	-0.2807373	-0.99712676	0.4479638	1.0	1.0	2186	tags=14%, list=9%, signal=15%	
REGULATION OF NUCLEAR SMAD2 3 SIGNALING%PATHWAY INTERACTION DATABASE NCI-NATURE CURATED DATA%REGULATION OF NUCLEAR SMAD2 3 SIGNALING	REGULATION OF NUCLEAR SMAD2 3 SIGNALING%PATHWAY INTERACTION DATABASE NCI-NATURE CURATED DATA%REGULATION OF NUCLEAR SMAD2 3 SIGNALING		82	-0.2550502	-0.99678826	0.4710145	1.0	1.0	4733	tags=24%, list=19%, signal=30%	
MALE INFERTILITY%WIKIPATHWAYS_20260211%WP4673%HOMO SAPIENS	MALE INFERTILITY%WIKIPATHWAYS_20260211%WP4673%HOMO SAPIENS		104	-0.24204409	-0.99529904	0.44755244	1.0	1.0	1726	tags=13%, list=7%, signal=13%	
NEUROTROPHIN SIGNALING PATHWAY%GOBP%GO:0038179	NEUROTROPHIN SIGNALING PATHWAY%GOBP%GO:0038179		18	-0.3453434	-0.9944753	0.47924528	1.0	1.0	3408	tags=28%, list=14%, signal=32%	
NEGATIVE REGULATION OF EXTRINSIC APOPTOTIC SIGNALING PATHWAY VIA DEATH DOMAIN RECEPTORS%GOBP%GO:1902042	NEGATIVE REGULATION OF EXTRINSIC APOPTOTIC SIGNALING PATHWAY VIA DEATH DOMAIN RECEPTORS%GOBP%GO:1902042		24	-0.3216529	-0.9938674	0.455516	1.0	1.0	2523	tags=29%, list=10%, signal=32%	
G2 M TRANSITION%REACTOME%R-HSA-69275.7	G2 M TRANSITION%REACTOME%R-HSA-69275.7		173	-0.22342521	-0.99306417	0.46376812	1.0	1.0	4821	tags=28%, list=20%, signal=34%	
ARACHIDONATE METABOLITES BIOSYNTHESIS%BIOCYC%PWY-8397	ARACHIDONATE METABOLITES BIOSYNTHESIS%BIOCYC%PWY-8397		28	-0.32127956	-0.99303013	0.45	1.0	1.0	143	tags=7%, list=1%, signal=7%	
EAR MORPHOGENESIS%GOBP%GO:0042471	EAR MORPHOGENESIS%GOBP%GO:0042471		46	-0.27288774	-0.99283427	0.4587156	1.0	1.0	2177	tags=13%, list=9%, signal=14%	
RESPIRATORY SYNCYTIAL VIRUS INFECTION PATHWAY%REACTOME%R-HSA-9820952.2	RESPIRATORY SYNCYTIAL VIRUS INFECTION PATHWAY%REACTOME%R-HSA-9820952.2		119	-0.23660836	-0.99248946	0.45454547	1.0	1.0	2396	tags=13%, list=10%, signal=15%	
PROTEIN PALMITOYLATION%GOBP%GO:0018345	PROTEIN PALMITOYLATION%GOBP%GO:0018345		22	-0.33596498	-0.9922555	0.4640523	1.0	1.0	1589	tags=14%, list=6%, signal=15%	
INTERLEUKIN-4 AND INTERLEUKIN-13 SIGNALING%REACTOME DATABASE ID RELEASE 95%6785807	INTERLEUKIN-4 AND INTERLEUKIN-13 SIGNALING%REACTOME DATABASE ID RELEASE 95%6785807		111	-0.23863065	-0.9921869	0.5208333	1.0	1.0	1551	tags=11%, list=6%, signal=11%	
SENSORY PROCESSING OF SOUND BY OUTER HAIR CELLS OF THE COCHLEA%REACTOME DATABASE ID RELEASE 95%9662361	SENSORY PROCESSING OF SOUND BY OUTER HAIR CELLS OF THE COCHLEA%REACTOME DATABASE ID RELEASE 95%9662361		51	-0.27201548	-0.9918386	0.5	1.0	1.0	2524	tags=18%, list=10%, signal=20%	
NEGATIVE REGULATION OF EXTRINSIC APOPTOTIC SIGNALING PATHWAY%GOBP%GO:2001237	NEGATIVE REGULATION OF EXTRINSIC APOPTOTIC SIGNALING PATHWAY%GOBP%GO:2001237		71	-0.2541522	-0.99158585	0.45762712	1.0	1.0	3075	tags=20%, list=13%, signal=22%	
CELL-CELL JUNCTION ASSEMBLY%GOBP%GO:0007043	CELL-CELL JUNCTION ASSEMBLY%GOBP%GO:0007043		101	-0.24418809	-0.99112654	0.46825397	1.0	1.0	1808	tags=12%, list=7%, signal=13%	
PROTEINOGENIC AMINO ACID BIOSYNTHETIC PROCESS%GOBP%GO:0170038	PROTEINOGENIC AMINO ACID BIOSYNTHETIC PROCESS%GOBP%GO:0170038		37	-0.2930782	-0.99050725	0.48425198	1.0	1.0	4260	tags=32%, list=17%, signal=39%	
TGF-BETA RECEPTOR SIGNALING IN EMT (EPITHELIAL TO MESENCHYMAL TRANSITION)%REACTOME%R-HSA-2173791.3	TGF-BETA RECEPTOR SIGNALING IN EMT (EPITHELIAL TO MESENCHYMAL TRANSITION)%REACTOME%R-HSA-2173791.3		16	-0.35038662	-0.99050593	0.4892857	1.0	1.0	4512	tags=50%, list=18%, signal=61%	
ATF-2 TRANSCRIPTION FACTOR NETWORK%PATHWAY INTERACTION DATABASE NCI-NATURE CURATED DATA%ATF-2 TRANSCRIPTION FACTOR NETWORK	ATF-2 TRANSCRIPTION FACTOR NETWORK%PATHWAY INTERACTION DATABASE NCI-NATURE CURATED DATA%ATF-2 TRANSCRIPTION FACTOR NETWORK		59	-0.26345402	-0.9897345	0.475	1.0	1.0	4682	tags=31%, list=19%, signal=38%	
NUCLEAR EVENTS MEDIATED BY NFE2L2%REACTOME%R-HSA-9759194.4	NUCLEAR EVENTS MEDIATED BY NFE2L2%REACTOME%R-HSA-9759194.4		86	-0.25409412	-0.9894785	0.4918919	1.0	1.0	5393	tags=33%, list=22%, signal=42%	
PID_MYC_ACTIV_PATHWAY%MSIGDB_C2%PID_MYC_ACTIV_PATHWAY	PID_MYC_ACTIV_PATHWAY%MSIGDB_C2%PID_MYC_ACTIV_PATHWAY		65	-0.25021726	-0.9882447	0.44041452	1.0	1.0	4959	tags=37%, list=20%, signal=46%	
CLASS B 2 (SECRETIN FAMILY RECEPTORS)%REACTOME%R-HSA-373080.4	CLASS B 2 (SECRETIN FAMILY RECEPTORS)%REACTOME%R-HSA-373080.4		93	-0.2398416	-0.9878025	0.49659863	1.0	1.0	3951	tags=26%, list=16%, signal=31%	
POSITIVE REGULATION OF PEPTIDE HORMONE SECRETION%GOBP%GO:0090277	POSITIVE REGULATION OF PEPTIDE HORMONE SECRETION%GOBP%GO:0090277		69	-0.26139992	-0.98778725	0.510101	1.0	1.0	2793	tags=16%, list=11%, signal=18%	
CD8-POSITIVE, ALPHA-BETA T CELL DIFFERENTIATION%GOBP%GO:0043374	CD8-POSITIVE, ALPHA-BETA T CELL DIFFERENTIATION%GOBP%GO:0043374		17	-0.35887694	-0.98745376	0.39285713	1.0	1.0	705	tags=12%, list=3%, signal=12%	
MODIFIED AMINO ACID CATABOLIC PROCESS%GOBP%GO:0042219	MODIFIED AMINO ACID CATABOLIC PROCESS%GOBP%GO:0042219		26	-0.31099275	-0.98744684	0.46503496	1.0	1.0	1195	tags=15%, list=5%, signal=16%	
PID_HEDGEHOG_GLI_PATHWAY%MSIGDB_C2%PID_HEDGEHOG_GLI_PATHWAY	PID_HEDGEHOG_GLI_PATHWAY%MSIGDB_C2%PID_HEDGEHOG_GLI_PATHWAY		37	-0.28621536	-0.98732734	0.48	1.0	1.0	1956	tags=14%, list=8%, signal=15%	
GLYCOSAMINOGLYCAN METABOLISM%REACTOME DATABASE ID RELEASE 95%1630316	GLYCOSAMINOGLYCAN METABOLISM%REACTOME DATABASE ID RELEASE 95%1630316		133	-0.22545774	-0.9868899	0.53333336	1.0	1.0	1980	tags=12%, list=8%, signal=13%	
MATURATION OF SPIKE PROTEIN%REACTOME%R-HSA-9694548.5	MATURATION OF SPIKE PROTEIN%REACTOME%R-HSA-9694548.5		41	-0.28645486	-0.98683226	0.4826087	1.0	1.0	2293	tags=22%, list=9%, signal=24%	
BIOCARTA_IL6_PATHWAY%MSIGDB_C2%BIOCARTA_IL6_PATHWAY	BIOCARTA_IL6_PATHWAY%MSIGDB_C2%BIOCARTA_IL6_PATHWAY		18	-0.3421148	-0.98535883	0.45659164	1.0	1.0	1334	tags=17%, list=5%, signal=18%	
DISEASES OF PROGRAMMED CELL DEATH%REACTOME%R-HSA-9645723.8	DISEASES OF PROGRAMMED CELL DEATH%REACTOME%R-HSA-9645723.8		70	-0.25434324	-0.9852103	0.48087433	1.0	1.0	2424	tags=17%, list=10%, signal=19%	
HALLMARK_NOTCH_SIGNALING%MSIGDBHALLMARK%HALLMARK_NOTCH_SIGNALING	HALLMARK_NOTCH_SIGNALING%MSIGDBHALLMARK%HALLMARK_NOTCH_SIGNALING		23	-0.3278879	-0.98355657	0.5034722	1.0	1.0	1289	tags=13%, list=5%, signal=14%	
ANTIGEN PRESENTATION: FOLDING, ASSEMBLY AND PEPTIDE LOADING OF CLASS I MHC%REACTOME DATABASE ID RELEASE 95%983170	ANTIGEN PRESENTATION: FOLDING, ASSEMBLY AND PEPTIDE LOADING OF CLASS I MHC%REACTOME DATABASE ID RELEASE 95%983170		28	-0.31479284	-0.98346764	0.48854962	1.0	1.0	228	tags=7%, list=1%, signal=7%	
NUCLEOSOME ASSEMBLY%REACTOME DATABASE ID RELEASE 95%774815	NUCLEOSOME ASSEMBLY%REACTOME DATABASE ID RELEASE 95%774815		52	-0.2662257	-0.983198	0.515625	1.0	1.0	1889	tags=13%, list=8%, signal=15%	
TARGETING YAP IN PANCREATIC DUCTAL ADENOCARCINOMA PDAC %WIKIPATHWAYS_20260211%WP5495%HOMO SAPIENS	TARGETING YAP IN PANCREATIC DUCTAL ADENOCARCINOMA PDAC %WIKIPATHWAYS_20260211%WP5495%HOMO SAPIENS		19	-0.3346516	-0.9825486	0.48449612	1.0	1.0	2491	tags=21%, list=10%, signal=23%	
POSITIVE REGULATION OF ATP-DEPENDENT ACTIVITY%GOBP%GO:0032781	POSITIVE REGULATION OF ATP-DEPENDENT ACTIVITY%GOBP%GO:0032781		19	-0.3482082	-0.9822577	0.46341464	1.0	1.0	562	tags=11%, list=2%, signal=11%	
POSITIVE REGULATION OF UBIQUITIN-DEPENDENT PROTEIN CATABOLIC PROCESS%GOBP%GO:2000060	POSITIVE REGULATION OF UBIQUITIN-DEPENDENT PROTEIN CATABOLIC PROCESS%GOBP%GO:2000060		91	-0.24210791	-0.98181385	0.50625	1.0	1.0	1950	tags=13%, list=8%, signal=14%	
SUPERPATHWAY OF PURINE NUCLEOTIDE SALVAGE%BIOCYC%PWY66-409	SUPERPATHWAY OF PURINE NUCLEOTIDE SALVAGE%BIOCYC%PWY66-409		29	-0.30062813	-0.9817275	0.4939759	1.0	1.0	2377	tags=21%, list=10%, signal=23%	
DUAL INCISION IN GG-NER%REACTOME%R-HSA-5696400.3	DUAL INCISION IN GG-NER%REACTOME%R-HSA-5696400.3		40	-0.2825513	-0.9814864	0.5020747	1.0	1.0	5676	tags=40%, list=23%, signal=52%	
CARDIAC MUSCLE CELL MEMBRANE REPOLARIZATION%GOBP%GO:0099622	CARDIAC MUSCLE CELL MEMBRANE REPOLARIZATION%GOBP%GO:0099622		17	-0.35335696	-0.9812014	0.4600639	1.0	1.0	1812	tags=18%, list=7%, signal=19%	
P38 MAPK PATHWAY%PANTHER PATHWAY%P05918	P38 MAPK PATHWAY%PANTHER PATHWAY%P05918		27	-0.31796998	-0.9809696	0.4490566	1.0	1.0	2806	tags=15%, list=11%, signal=17%	
POSITIVE REGULATION OF RESPONSE TO ENDOPLASMIC RETICULUM STRESS%GOBP%GO:1905898	POSITIVE REGULATION OF RESPONSE TO ENDOPLASMIC RETICULUM STRESS%GOBP%GO:1905898		35	-0.29110125	-0.9804317	0.5107296	1.0	1.0	5002	tags=31%, list=20%, signal=39%	
POSITIVE REGULATION OF B CELL PROLIFERATION%GOBP%GO:0030890	POSITIVE REGULATION OF B CELL PROLIFERATION%GOBP%GO:0030890		30	-0.29912215	-0.9803993	0.46071428	1.0	1.0	2562	tags=20%, list=10%, signal=22%	
EPITHELIUM MIGRATION%GOBP%GO:0090132	EPITHELIUM MIGRATION%GOBP%GO:0090132		22	-0.3283957	-0.9803725	0.47666666	1.0	1.0	625	tags=9%, list=3%, signal=9%	
XENOBIOTIC TRANSPORT%GOBP%GO:0042908	XENOBIOTIC TRANSPORT%GOBP%GO:0042908		35	-0.28549987	-0.9802896	0.47328246	1.0	1.0	2381	tags=20%, list=10%, signal=22%	
NONSENSE MEDIATED DECAY (NMD) INDEPENDENT OF THE EXON JUNCTION COMPLEX (EJC)%REACTOME%R-HSA-975956.2	NONSENSE MEDIATED DECAY (NMD) INDEPENDENT OF THE EXON JUNCTION COMPLEX (EJC)%REACTOME%R-HSA-975956.2		95	-0.24011467	-0.98016757	0.5033113	1.0	1.0	6117	tags=34%, list=25%, signal=45%	
SELENOAMINO ACID METABOLISM%REACTOME DATABASE ID RELEASE 95%2408522	SELENOAMINO ACID METABOLISM%REACTOME DATABASE ID RELEASE 95%2408522		116	-0.23449685	-0.97989666	0.5	1.0	1.0	5877	tags=31%, list=24%, signal=41%	
MAINTENANCE OF LOCATION IN CELL%GOBP%GO:0051651	MAINTENANCE OF LOCATION IN CELL%GOBP%GO:0051651		57	-0.2624811	-0.9791309	0.515	1.0	1.0	1999	tags=12%, list=8%, signal=13%	
SWITCHING OF ORIGINS TO A POST-REPLICATIVE STATE%REACTOME%R-HSA-69052.6	SWITCHING OF ORIGINS TO A POST-REPLICATIVE STATE%REACTOME%R-HSA-69052.6		79	-0.24630171	-0.9781415	0.5081967	1.0	1.0	4690	tags=34%, list=19%, signal=42%	
HALLMARK_TNFA_SIGNALING_VIA_NFKB%MSIGDBHALLMARK%HALLMARK_TNFA_SIGNALING_VIA_NFKB	HALLMARK_TNFA_SIGNALING_VIA_NFKB%MSIGDBHALLMARK%HALLMARK_TNFA_SIGNALING_VIA_NFKB		169	-0.21944895	-0.97798425	0.5145631	1.0	1.0	4430	tags=21%, list=18%, signal=25%	
RESOLUTION OF AP SITES VIA THE MULTIPLE-NUCLEOTIDE PATCH REPLACEMENT PATHWAY%REACTOME DATABASE ID RELEASE 95%110373	RESOLUTION OF AP SITES VIA THE MULTIPLE-NUCLEOTIDE PATCH REPLACEMENT PATHWAY%REACTOME DATABASE ID RELEASE 95%110373		25	-0.31598657	-0.9779509	0.49819493	1.0	1.0	6186	tags=40%, list=25%, signal=53%	
RENIN ANGIOTENSIN ALDOSTERONE SYSTEM RAAS %WIKIPATHWAYS_20260211%WP4756%HOMO SAPIENS	RENIN ANGIOTENSIN ALDOSTERONE SYSTEM RAAS %WIKIPATHWAYS_20260211%WP4756%HOMO SAPIENS		34	-0.29640317	-0.9778995	0.4857143	1.0	1.0	2461	tags=18%, list=10%, signal=20%	
MAP KINASE ACTIVATION%REACTOME%R-HSA-450294.5	MAP KINASE ACTIVATION%REACTOME%R-HSA-450294.5		62	-0.257204	-0.9776578	0.4974359	1.0	1.0	1334	tags=13%, list=5%, signal=14%	
REGULATION OF RESPONSE TO NUTRIENT LEVELS%GOBP%GO:0032107	REGULATION OF RESPONSE TO NUTRIENT LEVELS%GOBP%GO:0032107		26	-0.30638996	-0.97737825	0.4686347	1.0	1.0	172	tags=12%, list=1%, signal=12%	
REGULATION OF CARBOHYDRATE CATABOLIC PROCESS%GOBP%GO:0043470	REGULATION OF CARBOHYDRATE CATABOLIC PROCESS%GOBP%GO:0043470		50	-0.26639724	-0.97713214	0.5140187	1.0	1.0	2491	tags=16%, list=10%, signal=18%	
PREFOLDIN MEDIATED TRANSFER OF SUBSTRATE TO CCT TRIC%REACTOME%R-HSA-389957.4	PREFOLDIN MEDIATED TRANSFER OF SUBSTRATE TO CCT TRIC%REACTOME%R-HSA-389957.4		28	-0.30747864	-0.9760086	0.4878049	1.0	1.0	4352	tags=36%, list=18%, signal=43%	
REGULATION OF CELLULAR RESPIRATION%GOBP%GO:0043457	REGULATION OF CELLULAR RESPIRATION%GOBP%GO:0043457		34	-0.2923818	-0.9756978	0.4698795	1.0	1.0	3849	tags=29%, list=16%, signal=35%	
TOLL RECEPTOR SIGNALING PATHWAY%PANTHER PATHWAY%P00054	TOLL RECEPTOR SIGNALING PATHWAY%PANTHER PATHWAY%P00054		37	-0.289448	-0.9756643	0.47058824	1.0	1.0	622	tags=11%, list=3%, signal=11%	
POSITIVE REGULATION OF ERBB SIGNALING PATHWAY%GOBP%GO:1901186	POSITIVE REGULATION OF ERBB SIGNALING PATHWAY%GOBP%GO:1901186		30	-0.29857838	-0.9755776	0.48442906	1.0	1.0	2922	tags=23%, list=12%, signal=26%	
CYTOPLASMIC RIBOSOMAL PROTEINS%WIKIPATHWAYS_20260211%WP477%HOMO SAPIENS	CYTOPLASMIC RIBOSOMAL PROTEINS%WIKIPATHWAYS_20260211%WP477%HOMO SAPIENS		86	-0.2486929	-0.9752125	0.4966443	1.0	1.0	6023	tags=34%, list=25%, signal=45%	
CARGO CONCENTRATION IN THE ER%REACTOME DATABASE ID RELEASE 95%5694530	CARGO CONCENTRATION IN THE ER%REACTOME DATABASE ID RELEASE 95%5694530		33	-0.29706863	-0.97477144	0.4979424	1.0	1.0	912	tags=15%, list=4%, signal=16%	
MAINTENANCE OF LOCATION%GOBP%GO:0051235	MAINTENANCE OF LOCATION%GOBP%GO:0051235		57	-0.2624811	-0.97463506	0.5023474	1.0	1.0	1999	tags=12%, list=8%, signal=13%	
NEGATIVE REGULATION OF ESTABLISHMENT OF PROTEIN LOCALIZATION%GOBP%GO:1904950	NEGATIVE REGULATION OF ESTABLISHMENT OF PROTEIN LOCALIZATION%GOBP%GO:1904950		87	-0.2455312	-0.9743963	0.52287585	1.0	1.0	2914	tags=15%, list=12%, signal=17%	
GLUCAGON-TYPE LIGAND RECEPTORS%REACTOME DATABASE ID RELEASE 95%420092	GLUCAGON-TYPE LIGAND RECEPTORS%REACTOME DATABASE ID RELEASE 95%420092		33	-0.2970613	-0.9742037	0.52589643	1.0	1.0	3899	tags=27%, list=16%, signal=32%	
REGULATION OF HEART GROWTH%GOBP%GO:0060420	REGULATION OF HEART GROWTH%GOBP%GO:0060420		29	-0.31115642	-0.9740396	0.4893617	1.0	1.0	2942	tags=24%, list=12%, signal=27%	
HS-GAG DEGRADATION%REACTOME DATABASE ID RELEASE 95%2024096	HS-GAG DEGRADATION%REACTOME DATABASE ID RELEASE 95%2024096		19	-0.33569604	-0.9737789	0.47368422	1.0	1.0	17	tags=5%, list=0%, signal=5%	
REGULATION OF RAS BY GAPS%REACTOME DATABASE ID RELEASE 95%5658442	REGULATION OF RAS BY GAPS%REACTOME DATABASE ID RELEASE 95%5658442		54	-0.26975492	-0.97366446	0.48039216	1.0	1.0	4658	tags=35%, list=19%, signal=43%	
CELLULAR RESPONSE TO MOLECULE OF BACTERIAL ORIGIN%GOBP%GO:0071219	CELLULAR RESPONSE TO MOLECULE OF BACTERIAL ORIGIN%GOBP%GO:0071219		133	-0.22649279	-0.9732643	0.51086956	1.0	1.0	2246	tags=14%, list=9%, signal=15%	
DEPOSITION OF NEW CENPA-CONTAINING NUCLEOSOMES AT THE CENTROMERE%REACTOME DATABASE ID RELEASE 95%606279	DEPOSITION OF NEW CENPA-CONTAINING NUCLEOSOMES AT THE CENTROMERE%REACTOME DATABASE ID RELEASE 95%606279		52	-0.2662257	-0.9721433	0.49561402	1.0	1.0	1889	tags=13%, list=8%, signal=15%	
RESPONSE OF MTB TO PHAGOCYTOSIS%REACTOME%R-HSA-9637690.3	RESPONSE OF MTB TO PHAGOCYTOSIS%REACTOME%R-HSA-9637690.3		23	-0.31225312	-0.9718967	0.47482014	1.0	1.0	752	tags=13%, list=3%, signal=13%	
LIPOPOLYSACCHARIDE-MEDIATED SIGNALING PATHWAY%GOBP%GO:0031663	LIPOPOLYSACCHARIDE-MEDIATED SIGNALING PATHWAY%GOBP%GO:0031663		19	-0.33692655	-0.97175497	0.4848485	1.0	1.0	923	tags=16%, list=4%, signal=16%	
TRK RECEPTOR SIGNALING MEDIATED BY PI3K AND PLC-GAMMA%PATHWAY INTERACTION DATABASE NCI-NATURE CURATED DATA%TRK RECEPTOR SIGNALING MEDIATED BY PI3K AND PLC-GAMMA	TRK RECEPTOR SIGNALING MEDIATED BY PI3K AND PLC-GAMMA%PATHWAY INTERACTION DATABASE NCI-NATURE CURATED DATA%TRK RECEPTOR SIGNALING MEDIATED BY PI3K AND PLC-GAMMA		36	-0.28746128	-0.971386	0.5060729	1.0	1.0	5599	tags=31%, list=23%, signal=40%	
NRIF SIGNALS CELL DEATH FROM THE NUCLEUS%REACTOME%R-HSA-205043.3	NRIF SIGNALS CELL DEATH FROM THE NUCLEUS%REACTOME%R-HSA-205043.3		16	-0.3440081	-0.9711697	0.47663552	1.0	1.0	1289	tags=19%, list=5%, signal=20%	
NEGATIVE REGULATION OF BLOOD VESSEL ENDOTHELIAL CELL MIGRATION%GOBP%GO:0043537	NEGATIVE REGULATION OF BLOOD VESSEL ENDOTHELIAL CELL MIGRATION%GOBP%GO:0043537		35	-0.28800607	-0.97099614	0.5258621	1.0	1.0	5479	tags=34%, list=22%, signal=44%	
REGULATION OF VASCULAR ENDOTHELIAL CELL PROLIFERATION%GOBP%GO:1905562	REGULATION OF VASCULAR ENDOTHELIAL CELL PROLIFERATION%GOBP%GO:1905562		18	-0.3401952	-0.96993136	0.48895898	1.0	1.0	464	tags=11%, list=2%, signal=11%	
MITOTIC G2-G2 M PHASES%REACTOME%R-HSA-453274.4	MITOTIC G2-G2 M PHASES%REACTOME%R-HSA-453274.4		175	-0.2228336	-0.9695642	0.5531915	1.0	1.0	4821	tags=27%, list=20%, signal=34%	
ANDROGEN RECEPTOR SIGNALING%WIKIPATHWAYS_20260211%WP138%HOMO SAPIENS	ANDROGEN RECEPTOR SIGNALING%WIKIPATHWAYS_20260211%WP138%HOMO SAPIENS		68	-0.2532424	-0.96909314	0.52307695	1.0	1.0	2659	tags=16%, list=11%, signal=18%	
POSITIVE REGULATION OF MIRNA TRANSCRIPTION%GOBP%GO:1902895	POSITIVE REGULATION OF MIRNA TRANSCRIPTION%GOBP%GO:1902895		48	-0.26553273	-0.9689865	0.5068493	1.0	1.0	2802	tags=21%, list=11%, signal=23%	
PID_IL1_PATHWAY%MSIGDB_C2%PID_IL1_PATHWAY	PID_IL1_PATHWAY%MSIGDB_C2%PID_IL1_PATHWAY		27	-0.30857992	-0.9684263	0.46520147	1.0	1.0	422	tags=11%, list=2%, signal=11%	
MAINTENANCE OF PROTEIN LOCATION%GOBP%GO:0045185	MAINTENANCE OF PROTEIN LOCATION%GOBP%GO:0045185		48	-0.26905954	-0.967849	0.5046296	1.0	1.0	1999	tags=13%, list=8%, signal=14%	
CEREBELLUM MORPHOGENESIS%GOBP%GO:0021587	CEREBELLUM MORPHOGENESIS%GOBP%GO:0021587		17	-0.3519358	-0.96768266	0.4968153	1.0	1.0	4315	tags=47%, list=18%, signal=57%	
EMBRYONIC APPENDAGE MORPHOGENESIS%GOBP%GO:0035113	EMBRYONIC APPENDAGE MORPHOGENESIS%GOBP%GO:0035113		37	-0.28321105	-0.9674213	0.53505534	1.0	1.0	3706	tags=27%, list=15%, signal=32%	
DEGRADATION OF THE EXTRACELLULAR MATRIX%REACTOME DATABASE ID RELEASE 95%1474228	DEGRADATION OF THE EXTRACELLULAR MATRIX%REACTOME DATABASE ID RELEASE 95%1474228		110	-0.23579752	-0.96731675	0.51937985	1.0	1.0	1622	tags=10%, list=7%, signal=11%	
NEURON MIGRATION%GOBP%GO:0001764	NEURON MIGRATION%GOBP%GO:0001764		67	-0.25401375	-0.9672456	0.5604396	1.0	1.0	2988	tags=18%, list=12%, signal=20%	
CELL REDOX HOMEOSTASIS%GOBP%GO:0045454	CELL REDOX HOMEOSTASIS%GOBP%GO:0045454		38	-0.2826267	-0.9669109	0.52589643	1.0	1.0	1085	tags=11%, list=4%, signal=11%	
TRAF6 MEDIATED IRF7 ACTIVATION%REACTOME%R-HSA-933541.7	TRAF6 MEDIATED IRF7 ACTIVATION%REACTOME%R-HSA-933541.7		29	-0.31160864	-0.9667336	0.4471831	1.0	1.0	4874	tags=31%, list=20%, signal=39%	
VALIDATED TRANSCRIPTIONAL TARGETS OF DELTANP63 ISOFORMS%PATHWAY INTERACTION DATABASE NCI-NATURE CURATED DATA%VALIDATED TRANSCRIPTIONAL TARGETS OF DELTANP63 ISOFORMS	VALIDATED TRANSCRIPTIONAL TARGETS OF DELTANP63 ISOFORMS%PATHWAY INTERACTION DATABASE NCI-NATURE CURATED DATA%VALIDATED TRANSCRIPTIONAL TARGETS OF DELTANP63 ISOFORMS		47	-0.2715938	-0.9667018	0.539823	1.0	1.0	36	tags=4%, list=0%, signal=4%	
COLLAGEN METABOLIC PROCESS%GOBP%GO:0032963	COLLAGEN METABOLIC PROCESS%GOBP%GO:0032963		52	-0.27114964	-0.96462697	0.53456223	1.0	1.0	1375	tags=12%, list=6%, signal=12%	
PID_ATR_PATHWAY%MSIGDB_C2%PID_ATR_PATHWAY	PID_ATR_PATHWAY%MSIGDB_C2%PID_ATR_PATHWAY		32	-0.2926516	-0.9645799	0.5189394	1.0	1.0	4594	tags=31%, list=19%, signal=38%	
SIGNALING BY NOTCH2%REACTOME%R-HSA-1980145.4	SIGNALING BY NOTCH2%REACTOME%R-HSA-1980145.4		35	-0.2907798	-0.9644971	0.53629035	1.0	1.0	3792	tags=26%, list=15%, signal=30%	
RRNA PROCESSING%GOBP%GO:0006364	RRNA PROCESSING%GOBP%GO:0006364		180	-0.21568964	-0.9643695	0.60493827	1.0	1.0	4545	tags=28%, list=19%, signal=35%	
IL3 SIGNALING%WIKIPATHWAYS_20260211%WP286%HOMO SAPIENS	IL3 SIGNALING%WIKIPATHWAYS_20260211%WP286%HOMO SAPIENS		42	-0.2740243	-0.9642636	0.545045	1.0	1.0	2760	tags=24%, list=11%, signal=27%	
INTERMEMBRANE LIPID TRANSFER%GOBP%GO:0120009	INTERMEMBRANE LIPID TRANSFER%GOBP%GO:0120009		15	-0.34772092	-0.96381325	0.49390244	1.0	1.0	3759	tags=27%, list=15%, signal=31%	
TGF BETA RECEPTOR SIGNALING IN SKELETAL DYSPLASIAS%WIKIPATHWAYS_20260211%WP4816%HOMO SAPIENS	TGF BETA RECEPTOR SIGNALING IN SKELETAL DYSPLASIAS%WIKIPATHWAYS_20260211%WP4816%HOMO SAPIENS		51	-0.26888144	-0.9631241	0.5270936	1.0	1.0	3712	tags=22%, list=15%, signal=25%	
POSITIVE REGULATION OF PROTEIN SECRETION%GOBP%GO:0050714	POSITIVE REGULATION OF PROTEIN SECRETION%GOBP%GO:0050714		95	-0.23745802	-0.96306413	0.540146	1.0	1.0	2802	tags=17%, list=11%, signal=19%	
POSITIVE REGULATION OF PROTEASOMAL PROTEIN CATABOLIC PROCESS%GOBP%GO:1901800	POSITIVE REGULATION OF PROTEASOMAL PROTEIN CATABOLIC PROCESS%GOBP%GO:1901800		103	-0.23504326	-0.9621637	0.5298507	1.0	1.0	2622	tags=13%, list=11%, signal=14%	
TGF-BETA SIGNALING PATHWAY%PANTHER PATHWAY%P00052	TGF-BETA SIGNALING PATHWAY%PANTHER PATHWAY%P00052		85	-0.24354476	-0.96181256	0.53571427	1.0	1.0	4184	tags=27%, list=17%, signal=33%	
DISASSEMBLY OF THE DESTRUCTION COMPLEX AND RECRUITMENT OF AXIN TO THE MEMBRANE%REACTOME%R-HSA-4641262.6	DISASSEMBLY OF THE DESTRUCTION COMPLEX AND RECRUITMENT OF AXIN TO THE MEMBRANE%REACTOME%R-HSA-4641262.6		31	-0.2977074	-0.961364	0.5	1.0	1.0	3951	tags=32%, list=16%, signal=38%	
PID_INTEGRIN3_PATHWAY%MSIGDB_C2%PID_INTEGRIN3_PATHWAY	PID_INTEGRIN3_PATHWAY%MSIGDB_C2%PID_INTEGRIN3_PATHWAY		35	-0.28585914	-0.96099126	0.48175183	1.0	1.0	981	tags=11%, list=4%, signal=12%	
O-LINKED GLYCOSYLATION OF MUCINS%REACTOME DATABASE ID RELEASE 95%913709	O-LINKED GLYCOSYLATION OF MUCINS%REACTOME DATABASE ID RELEASE 95%913709		63	-0.25589463	-0.9603459	0.52747256	1.0	1.0	1208	tags=11%, list=5%, signal=12%	
PID_BETA_CATENIN_DEG_PATHWAY%MSIGDB_C2%PID_BETA_CATENIN_DEG_PATHWAY	PID_BETA_CATENIN_DEG_PATHWAY%MSIGDB_C2%PID_BETA_CATENIN_DEG_PATHWAY		16	-0.35095406	-0.96007913	0.5136054	1.0	1.0	6118	tags=50%, list=25%, signal=67%	
MATURE B CELL DIFFERENTIATION INVOLVED IN IMMUNE RESPONSE%GOBP%GO:0002313	MATURE B CELL DIFFERENTIATION INVOLVED IN IMMUNE RESPONSE%GOBP%GO:0002313		15	-0.35527396	-0.9597962	0.5032467	1.0	1.0	4856	tags=53%, list=20%, signal=66%	
HYPERINSULINISM-HYPERAMMONEMIA SYNDROME%PATHWHIZ%PW000072	HYPERINSULINISM-HYPERAMMONEMIA SYNDROME%PATHWHIZ%PW000072		21	-0.30999961	-0.95975655	0.5218855	1.0	1.0	476	tags=10%, list=2%, signal=10%	
RESPONSE TO TYPE I INTERFERON%GOBP%GO:0034340	RESPONSE TO TYPE I INTERFERON%GOBP%GO:0034340		86	-0.23702821	-0.95924985	0.5822785	1.0	1.0	4658	tags=28%, list=19%, signal=34%	
NEGATIVE REGULATION OF INSULIN SECRETION%GOBP%GO:0046676	NEGATIVE REGULATION OF INSULIN SECRETION%GOBP%GO:0046676		20	-0.33338156	-0.95903665	0.47540984	1.0	1.0	2696	tags=20%, list=11%, signal=22%	
PID_RAC1_PATHWAY%MSIGDB_C2%PID_RAC1_PATHWAY	PID_RAC1_PATHWAY%MSIGDB_C2%PID_RAC1_PATHWAY		42	-0.27422595	-0.95895773	0.52459013	1.0	1.0	4758	tags=31%, list=19%, signal=38%	
AMINO ACID BIOSYNTHETIC PROCESS%GOBP%GO:0008652	AMINO ACID BIOSYNTHETIC PROCESS%GOBP%GO:0008652		46	-0.2703251	-0.9584266	0.50934577	1.0	1.0	3892	tags=30%, list=16%, signal=36%	
EMBRYONIC LIMB MORPHOGENESIS%GOBP%GO:0030326	EMBRYONIC LIMB MORPHOGENESIS%GOBP%GO:0030326		37	-0.28321105	-0.95776695	0.5148148	1.0	1.0	3706	tags=27%, list=15%, signal=32%	
SIGNALING BY NODAL%REACTOME%R-HSA-1181150.3	SIGNALING BY NODAL%REACTOME%R-HSA-1181150.3		22	-0.31658015	-0.95747423	0.51301116	1.0	1.0	878	tags=14%, list=4%, signal=14%	
PTEN REGULATION%REACTOME%R-HSA-6807070.4	PTEN REGULATION%REACTOME%R-HSA-6807070.4		125	-0.222426	-0.95688766	0.64	1.0	1.0	4265	tags=26%, list=17%, signal=31%	
MTOR SIGNALING PATHWAY%PATHWAY INTERACTION DATABASE NCI-NATURE CURATED DATA%MTOR SIGNALING PATHWAY	MTOR SIGNALING PATHWAY%PATHWAY INTERACTION DATABASE NCI-NATURE CURATED DATA%MTOR SIGNALING PATHWAY		66	-0.25190675	-0.95669556	0.575419	1.0	1.0	5109	tags=32%, list=21%, signal=40%	
GLUCOCORTICOID RECEPTOR PATHWAY%WIKIPATHWAYS_20260211%WP2880%HOMO SAPIENS	GLUCOCORTICOID RECEPTOR PATHWAY%WIKIPATHWAYS_20260211%WP2880%HOMO SAPIENS		60	-0.25841904	-0.95668525	0.5027322	1.0	1.0	2072	tags=17%, list=8%, signal=18%	
ARYL HYDROCARBON RECEPTOR PATHWAY%WIKIPATHWAYS_20260211%WP2873%HOMO SAPIENS	ARYL HYDROCARBON RECEPTOR PATHWAY%WIKIPATHWAYS_20260211%WP2873%HOMO SAPIENS		41	-0.28134033	-0.95644623	0.5181818	1.0	1.0	1157	tags=10%, list=5%, signal=10%	
MICROTUBULE DEPOLYMERIZATION%GOBP%GO:0007019	MICROTUBULE DEPOLYMERIZATION%GOBP%GO:0007019		17	-0.34293166	-0.95555824	0.4966443	1.0	1.0	3590	tags=18%, list=15%, signal=21%	
REGULATION OF MUSCLE CELL APOPTOTIC PROCESS%GOBP%GO:0010660	REGULATION OF MUSCLE CELL APOPTOTIC PROCESS%GOBP%GO:0010660		41	-0.27687073	-0.95505196	0.54583335	1.0	1.0	4098	tags=20%, list=17%, signal=23%	
T-HELPER 1 CELL DIFFERENTIATION%GOBP%GO:0045063	T-HELPER 1 CELL DIFFERENTIATION%GOBP%GO:0045063		24	-0.30563986	-0.9549906	0.5410959	1.0	1.0	940	tags=13%, list=4%, signal=13%	
SENSORY PERCEPTION OF SOUND%GOBP%GO:0007605	SENSORY PERCEPTION OF SOUND%GOBP%GO:0007605		112	-0.22568753	-0.95431036	0.6	1.0	1.0	2486	tags=14%, list=10%, signal=16%	
PEPTIDYL-TYROSINE DEPHOSPHORYLATION%GOBP%GO:0035335	PEPTIDYL-TYROSINE DEPHOSPHORYLATION%GOBP%GO:0035335		19	-0.32729048	-0.95381194	0.5122807	1.0	1.0	2074	tags=26%, list=8%, signal=29%	
1P36 COPY NUMBER VARIATION SYNDROME%WIKIPATHWAYS_20260211%WP5345%HOMO SAPIENS	1P36 COPY NUMBER VARIATION SYNDROME%WIKIPATHWAYS_20260211%WP5345%HOMO SAPIENS		87	-0.24284148	-0.9535689	0.5470588	1.0	1.0	5472	tags=33%, list=22%, signal=43%	
MEIOTIC RECOMBINATION%REACTOME DATABASE ID RELEASE 95%912446	MEIOTIC RECOMBINATION%REACTOME DATABASE ID RELEASE 95%912446		56	-0.25887877	-0.9533178	0.5502392	1.0	1.0	1889	tags=14%, list=8%, signal=15%	
GTP METABOLIC PROCESS%GOBP%GO:0046039	GTP METABOLIC PROCESS%GOBP%GO:0046039		16	-0.34792373	-0.9532887	0.53035146	1.0	1.0	2377	tags=38%, list=10%, signal=42%	
NEGATIVE REGULATION OF BIOMINERAL TISSUE DEVELOPMENT%GOBP%GO:0070168	NEGATIVE REGULATION OF BIOMINERAL TISSUE DEVELOPMENT%GOBP%GO:0070168		25	-0.31246677	-0.9530885	0.52272725	1.0	1.0	3854	tags=32%, list=16%, signal=38%	
MAINTENANCE OF PROTEIN LOCATION IN CELL%GOBP%GO:0032507	MAINTENANCE OF PROTEIN LOCATION IN CELL%GOBP%GO:0032507		48	-0.26905954	-0.9526915	0.5330189	1.0	1.0	1999	tags=13%, list=8%, signal=14%	
BASIGIN INTERACTIONS%REACTOME DATABASE ID RELEASE 95%210991	BASIGIN INTERACTIONS%REACTOME DATABASE ID RELEASE 95%210991		25	-0.30270633	-0.9525852	0.5300752	1.0	1.0	1702	tags=20%, list=7%, signal=21%	
SYNAPTIC SIGNALING ASSOCIATED WITH AUTISM SPECTRUM DISORDER%WIKIPATHWAYS_20260211%WP4539%HOMO SAPIENS	SYNAPTIC SIGNALING ASSOCIATED WITH AUTISM SPECTRUM DISORDER%WIKIPATHWAYS_20260211%WP4539%HOMO SAPIENS		42	-0.27415866	-0.9524987	0.5424528	1.0	1.0	2687	tags=19%, list=11%, signal=21%	
REGULATION OF VASCULAR ENDOTHELIAL GROWTH FACTOR SIGNALING PATHWAY%GOBP%GO:1900746	REGULATION OF VASCULAR ENDOTHELIAL GROWTH FACTOR SIGNALING PATHWAY%GOBP%GO:1900746		28	-0.29773572	-0.95239925	0.5494506	1.0	1.0	4102	tags=21%, list=17%, signal=26%	
ERBB1 DOWNSTREAM SIGNALING%PATHWAY INTERACTION DATABASE NCI-NATURE CURATED DATA%ERBB1 DOWNSTREAM SIGNALING	ERBB1 DOWNSTREAM SIGNALING%PATHWAY INTERACTION DATABASE NCI-NATURE CURATED DATA%ERBB1 DOWNSTREAM SIGNALING		103	-0.23529443	-0.95214474	0.5755396	1.0	1.0	3454	tags=21%, list=14%, signal=25%	
RHO PROTEIN SIGNAL TRANSDUCTION%GOBP%GO:0007266	RHO PROTEIN SIGNAL TRANSDUCTION%GOBP%GO:0007266		59	-0.25631863	-0.9521172	0.57281554	1.0	1.0	2659	tags=15%, list=11%, signal=17%	
MATURE B CELL DIFFERENTIATION%GOBP%GO:0002335	MATURE B CELL DIFFERENTIATION%GOBP%GO:0002335		16	-0.3409439	-0.9518045	0.50479233	1.0	1.0	4856	tags=50%, list=20%, signal=62%	
DENGUE VIRUS MODULATES APOPTOSIS%REACTOME%R-HSA-9920951.1	DENGUE VIRUS MODULATES APOPTOSIS%REACTOME%R-HSA-9920951.1		16	-0.3337647	-0.95101136	0.52117264	1.0	1.0	4894	tags=38%, list=20%, signal=47%	
POSITIVE REGULATION OF NOTCH SIGNALING PATHWAY%GOBP%GO:0045747	POSITIVE REGULATION OF NOTCH SIGNALING PATHWAY%GOBP%GO:0045747		34	-0.27734065	-0.95095515	0.54924244	1.0	1.0	3108	tags=21%, list=13%, signal=24%	
SEROTONIN NEUROTRANSMITTER RELEASE CYCLE%REACTOME DATABASE ID RELEASE 95%181429	SEROTONIN NEUROTRANSMITTER RELEASE CYCLE%REACTOME DATABASE ID RELEASE 95%181429		17	-0.3419275	-0.9503529	0.5181518	1.0	1.0	3031	tags=29%, list=12%, signal=34%	
TRAF6 MEDIATED INDUCTION OF NFKB AND MAP KINASES UPON TLR7 8 OR 9 ACTIVATION%REACTOME%R-HSA-975138.5	TRAF6 MEDIATED INDUCTION OF NFKB AND MAP KINASES UPON TLR7 8 OR 9 ACTIVATION%REACTOME%R-HSA-975138.5		99	-0.23167731	-0.950082	0.62204725	1.0	1.0	3794	tags=22%, list=15%, signal=26%	
MITOCHONDRIAL TRANSLATION TERMINATION%REACTOME%R-HSA-5419276.6	MITOCHONDRIAL TRANSLATION TERMINATION%REACTOME%R-HSA-5419276.6		89	-0.23710746	-0.94950944	0.5923567	1.0	1.0	5397	tags=37%, list=22%, signal=47%	
ENDOCHONDRAL OSSIFICATION%WIKIPATHWAYS_20260211%WP474%HOMO SAPIENS	ENDOCHONDRAL OSSIFICATION%WIKIPATHWAYS_20260211%WP474%HOMO SAPIENS		52	-0.2628197	-0.94830334	0.55021834	1.0	1.0	1409	tags=12%, list=6%, signal=12%	
GLYCOSPHINGOLIPID CATABOLISM%REACTOME DATABASE ID RELEASE 95%9840310	GLYCOSPHINGOLIPID CATABOLISM%REACTOME DATABASE ID RELEASE 95%9840310		37	-0.2805983	-0.94812715	0.5472441	1.0	1.0	1240	tags=14%, list=5%, signal=14%	
MATURATION OF SSU-RRNA FROM TRICISTRONIC RRNA TRANSCRIPT (SSU-RRNA, 5.8S RRNA, LSU-RRNA)%GOBP%GO:0000462	MATURATION OF SSU-RRNA FROM TRICISTRONIC RRNA TRANSCRIPT (SSU-RRNA, 5.8S RRNA, LSU-RRNA)%GOBP%GO:0000462		28	-0.30559927	-0.94783247	0.5637066	1.0	1.0	5381	tags=43%, list=22%, signal=55%	
G1 S DNA DAMAGE CHECKPOINTS%REACTOME DATABASE ID RELEASE 95%69615	G1 S DNA DAMAGE CHECKPOINTS%REACTOME DATABASE ID RELEASE 95%69615		67	-0.24884754	-0.9470471	0.5714286	1.0	1.0	4658	tags=31%, list=19%, signal=39%	
BRAIN DERIVED NEUROTROPHIC FACTOR BDNF SIGNALING%WIKIPATHWAYS_20260211%WP2380%HOMO SAPIENS	BRAIN DERIVED NEUROTROPHIC FACTOR BDNF SIGNALING%WIKIPATHWAYS_20260211%WP2380%HOMO SAPIENS		120	-0.22348063	-0.94688636	0.6434783	1.0	1.0	3175	tags=18%, list=13%, signal=21%	
RHOBTB1 GTPASE CYCLE%REACTOME%R-HSA-9013422.4	RHOBTB1 GTPASE CYCLE%REACTOME%R-HSA-9013422.4		23	-0.31221566	-0.9466436	0.52397263	1.0	1.0	5640	tags=52%, list=23%, signal=68%	
MITOCHONDRIAL TRNA PROCESSING%GOBP%GO:0090646	MITOCHONDRIAL TRNA PROCESSING%GOBP%GO:0090646		17	-0.33720225	-0.94597065	0.53571427	1.0	1.0	1892	tags=18%, list=8%, signal=19%	
NEGATIVE REGULATION OF MRNA METABOLIC PROCESS%GOBP%GO:1903312	NEGATIVE REGULATION OF MRNA METABOLIC PROCESS%GOBP%GO:1903312		104	-0.22976524	-0.9457416	0.5652174	1.0	1.0	3909	tags=26%, list=16%, signal=31%	
OLIGODENDROCYTE DIFFERENTIATION%GOBP%GO:0048709	OLIGODENDROCYTE DIFFERENTIATION%GOBP%GO:0048709		31	-0.2862447	-0.9452632	0.5580524	1.0	1.0	105	tags=6%, list=0%, signal=6%	
NUCLEAR MIGRATION%GOBP%GO:0007097	NUCLEAR MIGRATION%GOBP%GO:0007097		21	-0.31920898	-0.945034	0.54195803	1.0	1.0	2343	tags=14%, list=10%, signal=16%	
TOLL LIKE RECEPTOR 9 (TLR9) CASCADE%REACTOME%R-HSA-168138.6	TOLL LIKE RECEPTOR 9 (TLR9) CASCADE%REACTOME%R-HSA-168138.6		107	-0.2248993	-0.94498765	0.6131387	1.0	1.0	3794	tags=21%, list=15%, signal=25%	
REGULATION OF SMAD PROTEIN SIGNAL TRANSDUCTION%GOBP%GO:0060390	REGULATION OF SMAD PROTEIN SIGNAL TRANSDUCTION%GOBP%GO:0060390		60	-0.2526024	-0.9444284	0.58653843	1.0	1.0	3712	tags=25%, list=15%, signal=29%	
CARTILAGE DEVELOPMENT%GOBP%GO:0051216	CARTILAGE DEVELOPMENT%GOBP%GO:0051216		70	-0.23872852	-0.9443271	0.6226415	1.0	1.0	1328	tags=9%, list=5%, signal=9%	
BIOCARTA_EPO_PATHWAY%MSIGDB_C2%BIOCARTA_EPO_PATHWAY	BIOCARTA_EPO_PATHWAY%MSIGDB_C2%BIOCARTA_EPO_PATHWAY		16	-0.35164136	-0.9442796	0.5263158	1.0	1.0	1334	tags=19%, list=5%, signal=20%	
PEPTIDE TRANSPORT%GOBP%GO:0015833	PEPTIDE TRANSPORT%GOBP%GO:0015833		49	-0.25638828	-0.9439868	0.5586854	1.0	1.0	3654	tags=24%, list=15%, signal=29%	
PROTEIN LOCALIZATION TO GOLGI APPARATUS%GOBP%GO:0034067	PROTEIN LOCALIZATION TO GOLGI APPARATUS%GOBP%GO:0034067		31	-0.29252642	-0.9438961	0.55185187	1.0	1.0	3411	tags=26%, list=14%, signal=30%	
STRIATED MUSCLE CELL DIFFERENTIATION%GOBP%GO:0051146	STRIATED MUSCLE CELL DIFFERENTIATION%GOBP%GO:0051146		132	-0.22130653	-0.9438929	0.64	1.0	1.0	2110	tags=11%, list=9%, signal=12%	
REGULATION OF ATP METABOLIC PROCESS%GOBP%GO:1903578	REGULATION OF ATP METABOLIC PROCESS%GOBP%GO:1903578		59	-0.2514166	-0.9434486	0.5990099	1.0	1.0	2491	tags=17%, list=10%, signal=19%	
MAP3K1 ROLE IN PROMOTING AND BLOCKING GONADAL DETERMINATION%WIKIPATHWAYS_20260211%WP4872%HOMO SAPIENS	MAP3K1 ROLE IN PROMOTING AND BLOCKING GONADAL DETERMINATION%WIKIPATHWAYS_20260211%WP4872%HOMO SAPIENS		15	-0.34751138	-0.9429066	0.5576324	1.0	1.0	1968	tags=20%, list=8%, signal=22%	
MYD88 DEPENDENT CASCADE INITIATED ON ENDOSOME%REACTOME%R-HSA-975155.6	MYD88 DEPENDENT CASCADE INITIATED ON ENDOSOME%REACTOME%R-HSA-975155.6		100	-0.22934587	-0.94267523	0.6183206	1.0	1.0	3794	tags=22%, list=15%, signal=26%	
LYSOSOMAL LUMEN ACIDIFICATION%GOBP%GO:0007042	LYSOSOMAL LUMEN ACIDIFICATION%GOBP%GO:0007042		21	-0.31441623	-0.94198686	0.5338346	1.0	1.0	3363	tags=29%, list=14%, signal=33%	
REGULATION OF PYRUVATE METABOLISM%REACTOME DATABASE ID RELEASE 95%9861718	REGULATION OF PYRUVATE METABOLISM%REACTOME DATABASE ID RELEASE 95%9861718		31	-0.2860199	-0.94193757	0.5782609	1.0	1.0	1583	tags=13%, list=6%, signal=14%	
CELLULAR RESPONSE TO BIOTIC STIMULUS%GOBP%GO:0071216	CELLULAR RESPONSE TO BIOTIC STIMULUS%GOBP%GO:0071216		153	-0.21562915	-0.94181395	0.7226891	1.0	1.0	2246	tags=14%, list=9%, signal=15%	
TELOMERE EXTENSION BY TELOMERASE%REACTOME DATABASE ID RELEASE 95%171319	TELOMERE EXTENSION BY TELOMERASE%REACTOME DATABASE ID RELEASE 95%171319		23	-0.30551094	-0.9417331	0.578125	1.0	1.0	5214	tags=43%, list=21%, signal=55%	
REGULATION OF ORGAN GROWTH%GOBP%GO:0046620	REGULATION OF ORGAN GROWTH%GOBP%GO:0046620		36	-0.2794842	-0.9416355	0.556	1.0	1.0	1621	tags=17%, list=7%, signal=18%	
NEGATIVE EPIGENETIC REGULATION OF RRNA EXPRESSION%REACTOME DATABASE ID RELEASE 95%5250941	NEGATIVE EPIGENETIC REGULATION OF RRNA EXPRESSION%REACTOME DATABASE ID RELEASE 95%5250941		76	-0.24300604	-0.9413671	0.6179775	1.0	1.0	4414	tags=26%, list=18%, signal=32%	
TRIF (TICAM1)-MEDIATED TLR4 SIGNALING%REACTOME%R-HSA-937061.5	TRIF (TICAM1)-MEDIATED TLR4 SIGNALING%REACTOME%R-HSA-937061.5		106	-0.2266335	-0.941106	0.6376812	1.0	1.0	3794	tags=21%, list=15%, signal=24%	
REGULATION OF NUCLEOTIDE METABOLIC PROCESS%GOBP%GO:0006140	REGULATION OF NUCLEOTIDE METABOLIC PROCESS%GOBP%GO:0006140		68	-0.24610318	-0.94077504	0.5927835	1.0	1.0	2553	tags=18%, list=10%, signal=20%	
REGULATION OF PURINE NUCLEOTIDE METABOLIC PROCESS%GOBP%GO:1900542	REGULATION OF PURINE NUCLEOTIDE METABOLIC PROCESS%GOBP%GO:1900542		68	-0.24610318	-0.93983287	0.65363127	1.0	1.0	2553	tags=18%, list=10%, signal=20%	
INTRINSIC APOPTOTIC SIGNALING PATHWAY BY P53 CLASS MEDIATOR%GOBP%GO:0072332	INTRINSIC APOPTOTIC SIGNALING PATHWAY BY P53 CLASS MEDIATOR%GOBP%GO:0072332		38	-0.2745425	-0.939353	0.53781515	1.0	1.0	2400	tags=21%, list=10%, signal=23%	
REGULATION OF NOTCH SIGNALING PATHWAY%GOBP%GO:0008593	REGULATION OF NOTCH SIGNALING PATHWAY%GOBP%GO:0008593		77	-0.23771743	-0.9392987	0.6045198	1.0	1.0	2400	tags=14%, list=10%, signal=16%	
REGULATION OF STRIATED MUSCLE CELL APOPTOTIC PROCESS%GOBP%GO:0010662	REGULATION OF STRIATED MUSCLE CELL APOPTOTIC PROCESS%GOBP%GO:0010662		15	-0.34909946	-0.9392374	0.55910546	1.0	1.0	16	tags=7%, list=0%, signal=7%	
ENDOCHONDRAL OSSIFICATION WITH SKELETAL DYSPLASIAS%WIKIPATHWAYS_20260211%WP4808%HOMO SAPIENS	ENDOCHONDRAL OSSIFICATION WITH SKELETAL DYSPLASIAS%WIKIPATHWAYS_20260211%WP4808%HOMO SAPIENS		52	-0.2628197	-0.9391142	0.5848214	1.0	1.0	1409	tags=12%, list=6%, signal=12%	
TOLL-LIKE RECEPTOR PATHWAY 1%PATHWHIZ%PW064909	TOLL-LIKE RECEPTOR PATHWAY 1%PATHWHIZ%PW064909		33	-0.28308424	-0.9388893	0.5652174	1.0	1.0	3794	tags=27%, list=15%, signal=32%	
CEREBELLUM DEVELOPMENT%GOBP%GO:0021549	CEREBELLUM DEVELOPMENT%GOBP%GO:0021549		28	-0.28683093	-0.9385709	0.5787546	1.0	1.0	4315	tags=36%, list=18%, signal=43%	
FOREBRAIN NEURON DEVELOPMENT%GOBP%GO:0021884	FOREBRAIN NEURON DEVELOPMENT%GOBP%GO:0021884		16	-0.3459881	-0.9383326	0.55864197	1.0	1.0	3108	tags=25%, list=13%, signal=29%	
PID_NOTCH_PATHWAY%MSIGDB_C2%PID_NOTCH_PATHWAY	PID_NOTCH_PATHWAY%MSIGDB_C2%PID_NOTCH_PATHWAY		45	-0.26492754	-0.93808347	0.6157407	1.0	1.0	1573	tags=11%, list=6%, signal=12%	
REGULATION OF MIRNA TRANSCRIPTION%GOBP%GO:1902893	REGULATION OF MIRNA TRANSCRIPTION%GOBP%GO:1902893		65	-0.2460542	-0.9380116	0.5940594	1.0	1.0	3195	tags=23%, list=13%, signal=26%	
CHONDROITIN SULFATE DERMATAN SULFATE METABOLISM%REACTOME DATABASE ID RELEASE 95%1793185	CHONDROITIN SULFATE DERMATAN SULFATE METABOLISM%REACTOME DATABASE ID RELEASE 95%1793185		36	-0.27854934	-0.9372499	0.5350877	1.0	1.0	954	tags=11%, list=4%, signal=12%	
REGULATION OF MICROTUBULE NUCLEATION%GOBP%GO:0010968	REGULATION OF MICROTUBULE NUCLEATION%GOBP%GO:0010968		18	-0.32755283	-0.9372239	0.5808581	1.0	1.0	1286	tags=11%, list=5%, signal=12%	
RNA LOCALIZATION%GOBP%GO:0006403	RNA LOCALIZATION%GOBP%GO:0006403		131	-0.21351944	-0.93688154	0.6756757	1.0	1.0	3897	tags=23%, list=16%, signal=27%	
NEGATIVE REGULATION OF OSTEOBLAST DIFFERENTIATION%GOBP%GO:0045668	NEGATIVE REGULATION OF OSTEOBLAST DIFFERENTIATION%GOBP%GO:0045668		36	-0.27873105	-0.9368787	0.59591836	1.0	1.0	1488	tags=11%, list=6%, signal=12%	
BONE DEVELOPMENT%GOBP%GO:0060348	BONE DEVELOPMENT%GOBP%GO:0060348		91	-0.23124345	-0.9362751	0.6219512	1.0	1.0	1980	tags=12%, list=8%, signal=13%	
TRANSLESION SYNTHESIS BY POLI%REACTOME%R-HSA-5656121.2	TRANSLESION SYNTHESIS BY POLI%REACTOME%R-HSA-5656121.2		17	-0.33059385	-0.9360064	0.5394737	1.0	1.0	3772	tags=29%, list=15%, signal=35%	
FOXO-MEDIATED TRANSCRIPTION%REACTOME%R-HSA-9614085.3	FOXO-MEDIATED TRANSCRIPTION%REACTOME%R-HSA-9614085.3		65	-0.24584134	-0.93568575	0.5794392	1.0	1.0	2737	tags=17%, list=11%, signal=19%	
REGULATION OF KIDNEY DEVELOPMENT%GOBP%GO:0090183	REGULATION OF KIDNEY DEVELOPMENT%GOBP%GO:0090183		25	-0.30546468	-0.9356161	0.5209125	1.0	1.0	1294	tags=12%, list=5%, signal=13%	
POSITIVE REGULATION OF TYPE II INTERFERON PRODUCTION%GOBP%GO:0032729	POSITIVE REGULATION OF TYPE II INTERFERON PRODUCTION%GOBP%GO:0032729		69	-0.23646374	-0.9355543	0.6378378	1.0	1.0	2798	tags=16%, list=11%, signal=18%	
PROTEIN DEGLYCOSYLATION%GOBP%GO:0006517	PROTEIN DEGLYCOSYLATION%GOBP%GO:0006517		17	-0.33189815	-0.93555117	0.5555556	1.0	1.0	4762	tags=41%, list=19%, signal=51%	
RESPONSE TO OXYGEN LEVELS%GOBP%GO:0070482	RESPONSE TO OXYGEN LEVELS%GOBP%GO:0070482		152	-0.22079116	-0.93548006	0.7126437	1.0	1.0	3778	tags=23%, list=15%, signal=27%	
PID_ECADHERIN_KERATINOCYTE_PATHWAY%MSIGDB_C2%PID_ECADHERIN_KERATINOCYTE_PATHWAY	PID_ECADHERIN_KERATINOCYTE_PATHWAY%MSIGDB_C2%PID_ECADHERIN_KERATINOCYTE_PATHWAY		17	-0.33603954	-0.93534744	0.50666666	1.0	1.0	2701	tags=24%, list=11%, signal=26%	
CELL FATE COMMITMENT INVOLVED IN FORMATION OF PRIMARY GERM LAYER%GOBP%GO:0060795	CELL FATE COMMITMENT INVOLVED IN FORMATION OF PRIMARY GERM LAYER%GOBP%GO:0060795		16	-0.33540305	-0.93532294	0.55016184	1.0	1.0	147	tags=6%, list=1%, signal=6%	
BETA5 BETA6 BETA7 AND BETA8 INTEGRIN CELL SURFACE INTERACTIONS%PATHWAY INTERACTION DATABASE NCI-NATURE CURATED DATA%BETA5 BETA6 BETA7 AND BETA8 INTEGRIN CELL SURFACE INTERACTIONS	BETA5 BETA6 BETA7 AND BETA8 INTEGRIN CELL SURFACE INTERACTIONS%PATHWAY INTERACTION DATABASE NCI-NATURE CURATED DATA%BETA5 BETA6 BETA7 AND BETA8 INTEGRIN CELL SURFACE INTERACTIONS		17	-0.34059927	-0.93532044	0.54304636	1.0	1.0	17	tags=6%, list=0%, signal=6%	
REGULATION OF PROTEIN IMPORT INTO NUCLEUS%GOBP%GO:0042306	REGULATION OF PROTEIN IMPORT INTO NUCLEUS%GOBP%GO:0042306		41	-0.27212065	-0.93526405	0.57272726	1.0	1.0	2914	tags=17%, list=12%, signal=19%	
ESTABLISHMENT OF MITOCHONDRION LOCALIZATION%GOBP%GO:0051654	ESTABLISHMENT OF MITOCHONDRION LOCALIZATION%GOBP%GO:0051654		26	-0.3042035	-0.9352238	0.5067568	1.0	1.0	3402	tags=38%, list=14%, signal=45%	
PI-3K CASCADE:FGFR1%REACTOME%R-HSA-5654689.4	PI-3K CASCADE:FGFR1%REACTOME%R-HSA-5654689.4		15	-0.34399295	-0.9346072	0.51724136	1.0	1.0	3452	tags=27%, list=14%, signal=31%	
IL6%NETPATH%IL6	IL6%NETPATH%IL6		55	-0.25283742	-0.9341788	0.59799	1.0	1.0	2806	tags=16%, list=11%, signal=18%	
NEGATIVE REGULATION OF SMOOTH MUSCLE CELL PROLIFERATION%GOBP%GO:0048662	NEGATIVE REGULATION OF SMOOTH MUSCLE CELL PROLIFERATION%GOBP%GO:0048662		36	-0.28638545	-0.93385714	0.58928573	1.0	1.0	2737	tags=17%, list=11%, signal=19%	
DNA MISMATCH REPAIR%WIKIPATHWAYS_20260211%WP531%HOMO SAPIENS	DNA MISMATCH REPAIR%WIKIPATHWAYS_20260211%WP531%HOMO SAPIENS		18	-0.33508098	-0.9338183	0.55518395	1.0	1.0	4010	tags=33%, list=16%, signal=40%	
REGULATION OF TELOMERASE%PATHWAY INTERACTION DATABASE NCI-NATURE CURATED DATA%REGULATION OF TELOMERASE	REGULATION OF TELOMERASE%PATHWAY INTERACTION DATABASE NCI-NATURE CURATED DATA%REGULATION OF TELOMERASE		68	-0.24386363	-0.9337481	0.66883117	1.0	1.0	1819	tags=10%, list=7%, signal=11%	
4-HYDROXYBUTYRIC ACIDURIA SUCCINIC SEMIALDEHYDE DEHYDROGENASE DEFICIENCY%SMPDB%SMP0000243	4-HYDROXYBUTYRIC ACIDURIA SUCCINIC SEMIALDEHYDE DEHYDROGENASE DEFICIENCY%SMPDB%SMP0000243		21	-0.30999961	-0.93365103	0.5649351	1.0	1.0	476	tags=10%, list=2%, signal=10%	
SPLICEOSOMAL COMPLEX ASSEMBLY%GOBP%GO:0000245	SPLICEOSOMAL COMPLEX ASSEMBLY%GOBP%GO:0000245		75	-0.23881091	-0.93351364	0.6606061	1.0	1.0	2858	tags=20%, list=12%, signal=23%	
SIGNALING BY HEDGEHOG%REACTOME DATABASE ID RELEASE 95%5358351	SIGNALING BY HEDGEHOG%REACTOME DATABASE ID RELEASE 95%5358351		122	-0.2213525	-0.9334431	0.7017544	1.0	1.0	4658	tags=30%, list=19%, signal=37%	
RAC 1 CELL MOTILITY SIGNALING PATHWAY%SMPDB%SMP0063795	RAC 1 CELL MOTILITY SIGNALING PATHWAY%SMPDB%SMP0063795		22	-0.31042248	-0.9334428	0.5289855	1.0	1.0	4714	tags=32%, list=19%, signal=39%	
TISSUE HOMEOSTASIS%GOBP%GO:0001894	TISSUE HOMEOSTASIS%GOBP%GO:0001894		136	-0.21844146	-0.9330913	0.6615385	1.0	1.0	1769	tags=12%, list=7%, signal=13%	
PROSTAGLANDIN AND LEUKOTRIENE METABOLISM IN SENESCENCE %WIKIPATHWAYS_20260211%WP5122%HOMO SAPIENS	PROSTAGLANDIN AND LEUKOTRIENE METABOLISM IN SENESCENCE %WIKIPATHWAYS_20260211%WP5122%HOMO SAPIENS		26	-0.3011534	-0.93177587	0.5335968	1.0	1.0	2951	tags=27%, list=12%, signal=31%	
CELL RECRUITMENT (PRO-INFLAMMATORY RESPONSE)%REACTOME DATABASE ID RELEASE 95%9664424	CELL RECRUITMENT (PRO-INFLAMMATORY RESPONSE)%REACTOME DATABASE ID RELEASE 95%9664424		25	-0.29911986	-0.93172336	0.56206894	1.0	1.0	2118	tags=16%, list=9%, signal=17%	
NUCLEOTIDE-SUGAR METABOLIC PROCESS%GOBP%GO:0009225	NUCLEOTIDE-SUGAR METABOLIC PROCESS%GOBP%GO:0009225		35	-0.28320196	-0.9316711	0.5615942	1.0	1.0	1867	tags=14%, list=8%, signal=15%	
EMBRYONIC CRANIAL SKELETON MORPHOGENESIS%GOBP%GO:0048701	EMBRYONIC CRANIAL SKELETON MORPHOGENESIS%GOBP%GO:0048701		15	-0.33798358	-0.9313065	0.54867256	1.0	1.0	1488	tags=20%, list=6%, signal=21%	
REGULATION OF RRNA PROCESSING%GOBP%GO:2000232	REGULATION OF RRNA PROCESSING%GOBP%GO:2000232		18	-0.31752163	-0.9309901	0.51155114	1.0	1.0	685	tags=11%, list=3%, signal=11%	
ASSEMBLY OF THE PRE-REPLICATIVE COMPLEX%REACTOME DATABASE ID RELEASE 95%68867	ASSEMBLY OF THE PRE-REPLICATIVE COMPLEX%REACTOME DATABASE ID RELEASE 95%68867		100	-0.22991537	-0.93082845	0.63265306	1.0	1.0	4409	tags=28%, list=18%, signal=34%	
ANATOMICAL STRUCTURE HOMEOSTASIS%GOBP%GO:0060249	ANATOMICAL STRUCTURE HOMEOSTASIS%GOBP%GO:0060249		136	-0.21844146	-0.9306321	0.6528926	1.0	1.0	1769	tags=12%, list=7%, signal=13%	
FOXO FAMILY SIGNALING%PATHWAY INTERACTION DATABASE NCI-NATURE CURATED DATA%FOXO FAMILY SIGNALING	FOXO FAMILY SIGNALING%PATHWAY INTERACTION DATABASE NCI-NATURE CURATED DATA%FOXO FAMILY SIGNALING		48	-0.26308632	-0.9306204	0.5565611	1.0	1.0	2363	tags=19%, list=10%, signal=21%	
BDNF TRKB SIGNALING%WIKIPATHWAYS_20260211%WP3676%HOMO SAPIENS	BDNF TRKB SIGNALING%WIKIPATHWAYS_20260211%WP3676%HOMO SAPIENS		29	-0.2898859	-0.93059003	0.59489053	1.0	1.0	2792	tags=21%, list=11%, signal=23%	
NORC NEGATIVELY REGULATES RRNA EXPRESSION%REACTOME%R-HSA-427413.4	NORC NEGATIVELY REGULATES RRNA EXPRESSION%REACTOME%R-HSA-427413.4		73	-0.23688588	-0.93055534	0.61849713	1.0	1.0	4414	tags=26%, list=18%, signal=32%	
ACTIN FILAMENT SEVERING%GOBP%GO:0051014	ACTIN FILAMENT SEVERING%GOBP%GO:0051014		15	-0.3444451	-0.9304069	0.575	1.0	1.0	2068	tags=20%, list=8%, signal=22%	
HEPATITIS B INFECTION%WIKIPATHWAYS_20260211%WP4666%HOMO SAPIENS	HEPATITIS B INFECTION%WIKIPATHWAYS_20260211%WP4666%HOMO SAPIENS		127	-0.22497582	-0.9292885	0.7244898	1.0	1.0	3712	tags=20%, list=15%, signal=23%	
MYD88-INDEPENDENT TLR4 CASCADE%REACTOME DATABASE ID RELEASE 95%166166	MYD88-INDEPENDENT TLR4 CASCADE%REACTOME DATABASE ID RELEASE 95%166166		106	-0.2266335	-0.92851347	0.6910569	1.0	1.0	3794	tags=21%, list=15%, signal=24%	
MITOCHONDRIAL TRANSLATION INITIATION%REACTOME%R-HSA-5368286.3	MITOCHONDRIAL TRANSLATION INITIATION%REACTOME%R-HSA-5368286.3		88	-0.23430066	-0.92842454	0.63309354	1.0	1.0	5397	tags=38%, list=22%, signal=48%	
TRANSLESION SYNTHESIS BY Y FAMILY DNA POLYMERASES BYPASSES LESIONS ON DNA TEMPLATE%REACTOME DATABASE ID RELEASE 95%110313	TRANSLESION SYNTHESIS BY Y FAMILY DNA POLYMERASES BYPASSES LESIONS ON DNA TEMPLATE%REACTOME DATABASE ID RELEASE 95%110313		38	-0.27456826	-0.9281554	0.59745765	1.0	1.0	4407	tags=29%, list=18%, signal=35%	
REGULATION OF PD-L1(CD274) TRANSCRIPTION%REACTOME%R-HSA-9909649.2	REGULATION OF PD-L1(CD274) TRANSCRIPTION%REACTOME%R-HSA-9909649.2		68	-0.24193472	-0.92760295	0.6069652	1.0	1.0	1889	tags=15%, list=8%, signal=16%	
CHK1 CHK2(CDS1) MEDIATED INACTIVATION OF CYCLIN B:CDK1 COMPLEX%REACTOME%R-HSA-75035.6	CHK1 CHK2(CDS1) MEDIATED INACTIVATION OF CYCLIN B:CDK1 COMPLEX%REACTOME%R-HSA-75035.6		15	-0.33126304	-0.92735606	0.5576923	1.0	1.0	899	tags=13%, list=4%, signal=14%	
PURINERGIC SIGNALING IN LEISHMANIASIS INFECTION%REACTOME DATABASE ID RELEASE 95%9660826	PURINERGIC SIGNALING IN LEISHMANIASIS INFECTION%REACTOME DATABASE ID RELEASE 95%9660826		25	-0.29911986	-0.9273411	0.5895522	1.0	1.0	2118	tags=16%, list=9%, signal=17%	
PID_PRL_SIGNALING_EVENTS_PATHWAY%MSIGDB_C2%PID_PRL_SIGNALING_EVENTS_PATHWAY	PID_PRL_SIGNALING_EVENTS_PATHWAY%MSIGDB_C2%PID_PRL_SIGNALING_EVENTS_PATHWAY		19	-0.32423475	-0.9266349	0.5506757	1.0	1.0	2737	tags=16%, list=11%, signal=18%	
NEGATIVE REGULATION OF MRNA CATABOLIC PROCESS%GOBP%GO:1902373	NEGATIVE REGULATION OF MRNA CATABOLIC PROCESS%GOBP%GO:1902373		77	-0.23182839	-0.92648685	0.6502732	1.0	1.0	3853	tags=27%, list=16%, signal=32%	
POSITIVE REGULATION OF INTRACELLULAR TRANSPORT%GOBP%GO:0032388	POSITIVE REGULATION OF INTRACELLULAR TRANSPORT%GOBP%GO:0032388		130	-0.2201486	-0.9260138	0.70408165	1.0	1.0	2929	tags=15%, list=12%, signal=17%	
HOMOCARNOSINOSIS%SMPDB%SMP0000385	HOMOCARNOSINOSIS%SMPDB%SMP0000385		21	-0.30999961	-0.92568755	0.556314	1.0	1.0	476	tags=10%, list=2%, signal=10%	
NEGATIVE REGULATION OF CELL JUNCTION ASSEMBLY%GOBP%GO:1901889	NEGATIVE REGULATION OF CELL JUNCTION ASSEMBLY%GOBP%GO:1901889		29	-0.288142	-0.9252091	0.56201553	1.0	1.0	3108	tags=24%, list=13%, signal=28%	
PURINE METABOLISM AND RELATED DISORDERS%WIKIPATHWAYS_20260211%WP4224%HOMO SAPIENS	PURINE METABOLISM AND RELATED DISORDERS%WIKIPATHWAYS_20260211%WP4224%HOMO SAPIENS		15	-0.33778653	-0.9250687	0.55271566	1.0	1.0	4908	tags=47%, list=20%, signal=58%	
POLYSACCHARIDE METABOLIC PROCESS%GOBP%GO:0005976	POLYSACCHARIDE METABOLIC PROCESS%GOBP%GO:0005976		44	-0.26394832	-0.9244805	0.5990991	1.0	1.0	5872	tags=36%, list=24%, signal=48%	
SENSORY ORGAN MORPHOGENESIS%GOBP%GO:0090596	SENSORY ORGAN MORPHOGENESIS%GOBP%GO:0090596		129	-0.22049025	-0.9243259	0.63716817	1.0	1.0	2429	tags=14%, list=10%, signal=15%	
FOREBRAIN GENERATION OF NEURONS%GOBP%GO:0021872	FOREBRAIN GENERATION OF NEURONS%GOBP%GO:0021872		32	-0.28416875	-0.9234689	0.6	1.0	1.0	3108	tags=22%, list=13%, signal=25%	
1Q21 1 COPY NUMBER VARIATION SYNDROME%WIKIPATHWAYS_20260211%WP4905%HOMO SAPIENS	1Q21 1 COPY NUMBER VARIATION SYNDROME%WIKIPATHWAYS_20260211%WP4905%HOMO SAPIENS		25	-0.29545444	-0.92341024	0.58928573	1.0	1.0	2491	tags=20%, list=10%, signal=22%	
CIRCADIAN RHYTHM GENES%WIKIPATHWAYS_20260211%WP3594%HOMO SAPIENS	CIRCADIAN RHYTHM GENES%WIKIPATHWAYS_20260211%WP3594%HOMO SAPIENS		164	-0.20821184	-0.9233672	0.7826087	1.0	1.0	3890	tags=22%, list=16%, signal=26%	
PIECEMEAL MICROAUTOPHAGY OF THE NUCLEUS%GOBP%GO:0034727	PIECEMEAL MICROAUTOPHAGY OF THE NUCLEUS%GOBP%GO:0034727		18	-0.31865415	-0.92325574	0.571885	1.0	1.0	91	tags=6%, list=0%, signal=6%	
TOLL LIKE RECEPTOR 7 8 (TLR7 8) CASCADE%REACTOME%R-HSA-168181.9	TOLL LIKE RECEPTOR 7 8 (TLR7 8) CASCADE%REACTOME%R-HSA-168181.9		104	-0.22438098	-0.9231562	0.707483	1.0	1.0	3794	tags=21%, list=15%, signal=25%	
CYCLIN E ASSOCIATED EVENTS DURING G1 S TRANSITION%REACTOME%R-HSA-69202.5	CYCLIN E ASSOCIATED EVENTS DURING G1 S TRANSITION%REACTOME%R-HSA-69202.5		73	-0.23295969	-0.9229441	0.6728395	1.0	1.0	5347	tags=33%, list=22%, signal=42%	
HALLMARK_ESTROGEN_RESPONSE_EARLY%MSIGDBHALLMARK%HALLMARK_ESTROGEN_RESPONSE_EARLY	HALLMARK_ESTROGEN_RESPONSE_EARLY%MSIGDBHALLMARK%HALLMARK_ESTROGEN_RESPONSE_EARLY		174	-0.20897903	-0.92221034	0.7692308	1.0	1.0	2645	tags=17%, list=11%, signal=19%	
PURINERGIC SIGNALING%WIKIPATHWAYS_20260211%WP4900%HOMO SAPIENS	PURINERGIC SIGNALING%WIKIPATHWAYS_20260211%WP4900%HOMO SAPIENS		29	-0.27927893	-0.9220201	0.58113205	1.0	1.0	2252	tags=21%, list=9%, signal=23%	
NEGATIVE REGULATION OF WNT SIGNALING PATHWAY%GOBP%GO:0030178	NEGATIVE REGULATION OF WNT SIGNALING PATHWAY%GOBP%GO:0030178		144	-0.21166629	-0.9211981	0.71568626	1.0	1.0	2904	tags=15%, list=12%, signal=16%	
NEGATIVE REGULATION OF MAPK PATHWAY%REACTOME DATABASE ID RELEASE 95%5675221	NEGATIVE REGULATION OF MAPK PATHWAY%REACTOME DATABASE ID RELEASE 95%5675221		42	-0.26887122	-0.9210787	0.57894737	1.0	1.0	3745	tags=29%, list=15%, signal=34%	
TETRAHYDROFOLATE METABOLIC PROCESS%GOBP%GO:0046653	TETRAHYDROFOLATE METABOLIC PROCESS%GOBP%GO:0046653		15	-0.3346662	-0.92058665	0.5505226	1.0	1.0	3764	tags=33%, list=15%, signal=39%	
SIGNALING BY WNT IN CANCER%REACTOME DATABASE ID RELEASE 95%4791275	SIGNALING BY WNT IN CANCER%REACTOME DATABASE ID RELEASE 95%4791275		34	-0.27495715	-0.9195353	0.58666664	1.0	1.0	3454	tags=26%, list=14%, signal=31%	
PID_TELOMERASE_PATHWAY%MSIGDB_C2%PID_TELOMERASE_PATHWAY	PID_TELOMERASE_PATHWAY%MSIGDB_C2%PID_TELOMERASE_PATHWAY		58	-0.24950361	-0.9192088	0.6368159	1.0	1.0	1819	tags=10%, list=7%, signal=11%	
POSITIVE REGULATION OF HYDROLASE ACTIVITY%GOBP%GO:0051345	POSITIVE REGULATION OF HYDROLASE ACTIVITY%GOBP%GO:0051345		101	-0.22195838	-0.919149	0.6929134	1.0	1.0	2078	tags=14%, list=8%, signal=15%	
REGULATION OF CARDIAC MUSCLE TISSUE GROWTH%GOBP%GO:0055021	REGULATION OF CARDIAC MUSCLE TISSUE GROWTH%GOBP%GO:0055021		25	-0.30140987	-0.9187933	0.60294116	1.0	1.0	2942	tags=24%, list=12%, signal=27%	
INTRINSIC APOPTOTIC SIGNALING PATHWAY IN RESPONSE TO DNA DAMAGE BY P53 CLASS MEDIATOR%GOBP%GO:0042771	INTRINSIC APOPTOTIC SIGNALING PATHWAY IN RESPONSE TO DNA DAMAGE BY P53 CLASS MEDIATOR%GOBP%GO:0042771		22	-0.30007362	-0.9179964	0.6097561	1.0	1.0	4452	tags=41%, list=18%, signal=50%	
CARDIAC MUSCLE CELL DIFFERENTIATION%GOBP%GO:0055007	CARDIAC MUSCLE CELL DIFFERENTIATION%GOBP%GO:0055007		52	-0.2504026	-0.91783595	0.6227273	1.0	1.0	2110	tags=13%, list=9%, signal=15%	
CANONICAL AND NON CANONICAL TGF B SIGNALING%WIKIPATHWAYS_20260211%WP3874%HOMO SAPIENS	CANONICAL AND NON CANONICAL TGF B SIGNALING%WIKIPATHWAYS_20260211%WP3874%HOMO SAPIENS		16	-0.3397867	-0.9173171	0.57755774	1.0	1.0	170	tags=13%, list=1%, signal=13%	
2-HYDROXYGLUTRIC ACIDURIA (D AND L FORM)%SMPDB%SMP0000136	2-HYDROXYGLUTRIC ACIDURIA (D AND L FORM)%SMPDB%SMP0000136		21	-0.30999961	-0.9171082	0.5945122	1.0	1.0	476	tags=10%, list=2%, signal=10%	
P53 TRANSCRIPTIONAL GENE NETWORK%WIKIPATHWAYS_20260211%WP4963%HOMO SAPIENS	P53 TRANSCRIPTIONAL GENE NETWORK%WIKIPATHWAYS_20260211%WP4963%HOMO SAPIENS		78	-0.2284304	-0.9157152	0.71270716	1.0	1.0	5240	tags=37%, list=21%, signal=47%	
DEGRADATION OF BETA CATENIN%PATHWAY INTERACTION DATABASE NCI-NATURE CURATED DATA%DEGRADATION OF BETA CATENIN	DEGRADATION OF BETA CATENIN%PATHWAY INTERACTION DATABASE NCI-NATURE CURATED DATA%DEGRADATION OF BETA CATENIN		18	-0.31938958	-0.9150149	0.61904764	1.0	1.0	6118	tags=44%, list=25%, signal=59%	
TGF BETA RECEPTOR SIGNALING%WIKIPATHWAYS_20260211%WP560%HOMO SAPIENS	TGF BETA RECEPTOR SIGNALING%WIKIPATHWAYS_20260211%WP560%HOMO SAPIENS		49	-0.24992119	-0.91482496	0.6457399	1.0	1.0	3712	tags=20%, list=15%, signal=24%	
MRNA STABILIZATION%GOBP%GO:0048255	MRNA STABILIZATION%GOBP%GO:0048255		63	-0.24170484	-0.91374946	0.6761905	1.0	1.0	3853	tags=29%, list=16%, signal=34%	
TRANSLESION SYNTHESIS%GOBP%GO:0019985	TRANSLESION SYNTHESIS%GOBP%GO:0019985		25	-0.30044165	-0.9128797	0.5591398	1.0	1.0	4340	tags=28%, list=18%, signal=34%	
DOWNSTREAM SIGNALING EVENTS OF B CELL RECEPTOR (BCR)%REACTOME DATABASE ID RELEASE 95%1168372	DOWNSTREAM SIGNALING EVENTS OF B CELL RECEPTOR (BCR)%REACTOME DATABASE ID RELEASE 95%1168372		67	-0.23349659	-0.9124232	0.66887414	1.0	1.0	4409	tags=28%, list=18%, signal=34%	
IL12 SIGNALING MEDIATED BY STAT4%PATHWAY INTERACTION DATABASE NCI-NATURE CURATED DATA%IL12 SIGNALING MEDIATED BY STAT4	IL12 SIGNALING MEDIATED BY STAT4%PATHWAY INTERACTION DATABASE NCI-NATURE CURATED DATA%IL12 SIGNALING MEDIATED BY STAT4		30	-0.29217368	-0.9123387	0.6315789	1.0	1.0	1850	tags=17%, list=8%, signal=18%	
CELLULAR RESPONSE TO VASCULAR ENDOTHELIAL GROWTH FACTOR STIMULUS%GOBP%GO:0035924	CELLULAR RESPONSE TO VASCULAR ENDOTHELIAL GROWTH FACTOR STIMULUS%GOBP%GO:0035924		39	-0.26771355	-0.9122906	0.6103896	1.0	1.0	1677	tags=13%, list=7%, signal=14%	
GLUTAMATE METABOLISM%PATHWHIZ%PW000003	GLUTAMATE METABOLISM%PATHWHIZ%PW000003		21	-0.30999961	-0.9122178	0.605178	1.0	1.0	476	tags=10%, list=2%, signal=10%	
SUCCINIC SEMIALDEHYDE DEHYDROGENASE DEFICIENCY%SMPDB%SMP0000567	SUCCINIC SEMIALDEHYDE DEHYDROGENASE DEFICIENCY%SMPDB%SMP0000567		21	-0.30999961	-0.91220915	0.5672727	1.0	1.0	476	tags=10%, list=2%, signal=10%	
SIGNALING MEDIATED BY P38-ALPHA AND P38-BETA%PATHWAY INTERACTION DATABASE NCI-NATURE CURATED DATA%SIGNALING MEDIATED BY P38-ALPHA AND P38-BETA	SIGNALING MEDIATED BY P38-ALPHA AND P38-BETA%PATHWAY INTERACTION DATABASE NCI-NATURE CURATED DATA%SIGNALING MEDIATED BY P38-ALPHA AND P38-BETA		35	-0.2690005	-0.91201293	0.6456693	1.0	1.0	4157	tags=29%, list=17%, signal=34%	
SLC-MEDIATED TRANSPORT OF AMINO ACIDS%REACTOME%R-HSA-9958863.1	SLC-MEDIATED TRANSPORT OF AMINO ACIDS%REACTOME%R-HSA-9958863.1		36	-0.2746902	-0.91182667	0.60833335	1.0	1.0	1702	tags=19%, list=7%, signal=21%	
TRANSCRIPTION INITIATION AT RNA POLYMERASE III PROMOTER%GOBP%GO:0006384	TRANSCRIPTION INITIATION AT RNA POLYMERASE III PROMOTER%GOBP%GO:0006384		25	-0.29424185	-0.9113326	0.5708955	1.0	1.0	3624	tags=28%, list=15%, signal=33%	
REGULATION OF TRIGLYCERIDE METABOLIC PROCESS%GOBP%GO:0090207	REGULATION OF TRIGLYCERIDE METABOLIC PROCESS%GOBP%GO:0090207		32	-0.27169165	-0.9112179	0.6375	1.0	1.0	1950	tags=16%, list=8%, signal=17%	
ALPHA6BETA4INTEGRIN%IOB%ALPHA6BETA4INTEGRIN	ALPHA6BETA4INTEGRIN%IOB%ALPHA6BETA4INTEGRIN		50	-0.24998946	-0.911023	0.6652893	1.0	1.0	2701	tags=16%, list=11%, signal=18%	
ESTROGEN SIGNALING%WIKIPATHWAYS_20260211%WP712%HOMO SAPIENS	ESTROGEN SIGNALING%WIKIPATHWAYS_20260211%WP712%HOMO SAPIENS		18	-0.32331902	-0.91069835	0.5689655	1.0	1.0	1334	tags=17%, list=5%, signal=18%	
POSITIVE REGULATION OF SYNAPTIC TRANSMISSION%GOBP%GO:0050806	POSITIVE REGULATION OF SYNAPTIC TRANSMISSION%GOBP%GO:0050806		91	-0.22907965	-0.9101747	0.6666667	1.0	1.0	1660	tags=11%, list=7%, signal=12%	
GLOBAL GENOME NUCLEOTIDE EXCISION REPAIR (GG-NER)%REACTOME%R-HSA-5696399.2	GLOBAL GENOME NUCLEOTIDE EXCISION REPAIR (GG-NER)%REACTOME%R-HSA-5696399.2		83	-0.23035255	-0.90986395	0.71257484	1.0	1.0	5676	tags=37%, list=23%, signal=48%	
POSITIVE REGULATION OF EXOSOMAL SECRETION%GOBP%GO:1903543	POSITIVE REGULATION OF EXOSOMAL SECRETION%GOBP%GO:1903543		15	-0.3392091	-0.90943503	0.6182432	1.0	1.0	17	tags=7%, list=0%, signal=7%	
NEGATIVE REGULATION OF CARBOHYDRATE METABOLIC PROCESS%GOBP%GO:0045912	NEGATIVE REGULATION OF CARBOHYDRATE METABOLIC PROCESS%GOBP%GO:0045912		39	-0.26532242	-0.90883654	0.62608695	1.0	1.0	3511	tags=23%, list=14%, signal=27%	
HALLMARK_IL2_STAT5_SIGNALING%MSIGDBHALLMARK%HALLMARK_IL2_STAT5_SIGNALING	HALLMARK_IL2_STAT5_SIGNALING%MSIGDBHALLMARK%HALLMARK_IL2_STAT5_SIGNALING		170	-0.20447256	-0.9083212	0.74157304	1.0	1.0	2591	tags=13%, list=11%, signal=14%	
FORMATION OF THE HIV-1 EARLY ELONGATION COMPLEX%REACTOME DATABASE ID RELEASE 95%167158	FORMATION OF THE HIV-1 EARLY ELONGATION COMPLEX%REACTOME DATABASE ID RELEASE 95%167158		33	-0.27035326	-0.9082403	0.6692607	1.0	1.0	5413	tags=45%, list=22%, signal=58%	
SYNTHESIS OF DNA%REACTOME%R-HSA-69239.5	SYNTHESIS OF DNA%REACTOME%R-HSA-69239.5		108	-0.22007234	-0.90760577	0.7096774	1.0	1.0	4690	tags=31%, list=19%, signal=38%	
LIPID METABOLISM PATHWAY%WIKIPATHWAYS_20260211%WP3965%HOMO SAPIENS	LIPID METABOLISM PATHWAY%WIKIPATHWAYS_20260211%WP3965%HOMO SAPIENS		21	-0.31330615	-0.90748924	0.6103448	1.0	1.0	2491	tags=19%, list=10%, signal=21%	
REGULATION OF MYELINATION%GOBP%GO:0031641	REGULATION OF MYELINATION%GOBP%GO:0031641		27	-0.296929	-0.907285	0.6035714	1.0	1.0	1938	tags=22%, list=8%, signal=24%	
VOLTAGE GATED POTASSIUM CHANNELS%REACTOME%R-HSA-1296072.4	VOLTAGE GATED POTASSIUM CHANNELS%REACTOME%R-HSA-1296072.4		43	-0.25900006	-0.9071788	0.6707317	1.0	1.0	1846	tags=12%, list=8%, signal=13%	
METENCEPHALON DEVELOPMENT%GOBP%GO:0022037	METENCEPHALON DEVELOPMENT%GOBP%GO:0022037		28	-0.28683093	-0.9063173	0.59774435	1.0	1.0	4315	tags=36%, list=18%, signal=43%	
SUMOYLATION OF TRANSCRIPTION COFACTORS%REACTOME%R-HSA-3899300.7	SUMOYLATION OF TRANSCRIPTION COFACTORS%REACTOME%R-HSA-3899300.7		42	-0.2628142	-0.90621656	0.60301507	1.0	1.0	1919	tags=14%, list=8%, signal=15%	
REGULATION OF BMP SIGNALING PATHWAY%GOBP%GO:0030510	REGULATION OF BMP SIGNALING PATHWAY%GOBP%GO:0030510		81	-0.22873303	-0.9061367	0.67701864	1.0	1.0	4695	tags=31%, list=19%, signal=38%	
RNA POLYMERASE II TRANSCRIPTION ELONGATION%REACTOME%R-HSA-75955.4	RNA POLYMERASE II TRANSCRIPTION ELONGATION%REACTOME%R-HSA-75955.4		58	-0.23930201	-0.90601295	0.6600985	1.0	1.0	5965	tags=45%, list=24%, signal=59%	
PSEUDOURIDINE SYNTHESIS%GOBP%GO:0001522	PSEUDOURIDINE SYNTHESIS%GOBP%GO:0001522		18	-0.31751108	-0.9055052	0.62	1.0	1.0	1823	tags=22%, list=7%, signal=24%	
PID_WNT_CANONICAL_PATHWAY%MSIGDB_C2%PID_WNT_CANONICAL_PATHWAY	PID_WNT_CANONICAL_PATHWAY%MSIGDB_C2%PID_WNT_CANONICAL_PATHWAY		16	-0.3259398	-0.9053356	0.58231705	1.0	1.0	1808	tags=19%, list=7%, signal=20%	
PID_CD8_TCR_DOWNSTREAM_PATHWAY%MSIGDB_C2%PID_CD8_TCR_DOWNSTREAM_PATHWAY	PID_CD8_TCR_DOWNSTREAM_PATHWAY%MSIGDB_C2%PID_CD8_TCR_DOWNSTREAM_PATHWAY		56	-0.24071366	-0.90511185	0.684492	1.0	1.0	2047	tags=13%, list=8%, signal=14%	
PARKINSON 39 S DISEASE PATHWAY%WIKIPATHWAYS_20260211%WP2371%HOMO SAPIENS	PARKINSON 39 S DISEASE PATHWAY%WIKIPATHWAYS_20260211%WP2371%HOMO SAPIENS		32	-0.26866606	-0.90497416	0.65400845	1.0	1.0	4429	tags=31%, list=18%, signal=38%	
DNA SYNTHESIS INVOLVED IN DNA REPLICATION%GOBP%GO:0090592	DNA SYNTHESIS INVOLVED IN DNA REPLICATION%GOBP%GO:0090592		26	-0.29112646	-0.90480494	0.6102941	1.0	1.0	4340	tags=27%, list=18%, signal=33%	
REGULATION OF AEROBIC RESPIRATION%GOBP%GO:1903715	REGULATION OF AEROBIC RESPIRATION%GOBP%GO:1903715		23	-0.29602352	-0.90467393	0.61694914	1.0	1.0	3798	tags=26%, list=16%, signal=31%	
DISORDERS OF MITOCHONDRIAL HOMEOSTATIS DYNAMICS PROTEIN IMPORT AND QUALITY CONTROL%WIKIPATHWAYS_20260211%WP5504%HOMO SAPIENS	DISORDERS OF MITOCHONDRIAL HOMEOSTATIS DYNAMICS PROTEIN IMPORT AND QUALITY CONTROL%WIKIPATHWAYS_20260211%WP5504%HOMO SAPIENS		52	-0.24404137	-0.90458286	0.6619718	1.0	1.0	3087	tags=17%, list=13%, signal=20%	
GLOMERULUS DEVELOPMENT%GOBP%GO:0032835	GLOMERULUS DEVELOPMENT%GOBP%GO:0032835		38	-0.2599294	-0.9044513	0.639485	1.0	1.0	611	tags=11%, list=2%, signal=11%	
ANTERIOR/POSTERIOR AXIS SPECIFICATION%GOBP%GO:0009948	ANTERIOR/POSTERIOR AXIS SPECIFICATION%GOBP%GO:0009948		36	-0.26215264	-0.9042032	0.6090909	1.0	1.0	3883	tags=25%, list=16%, signal=30%	
HOST PATHOGEN INTERACTION OF HUMAN CORONAVIRUSES MAPK SIGNALING%WIKIPATHWAYS_20260211%WP4877%HOMO SAPIENS	HOST PATHOGEN INTERACTION OF HUMAN CORONAVIRUSES MAPK SIGNALING%WIKIPATHWAYS_20260211%WP4877%HOMO SAPIENS		33	-0.27596906	-0.9041642	0.61440676	1.0	1.0	3423	tags=21%, list=14%, signal=25%	
NEGATIVE REGULATION OF DOUBLE-STRAND BREAK REPAIR VIA HOMOLOGOUS RECOMBINATION%GOBP%GO:2000042	NEGATIVE REGULATION OF DOUBLE-STRAND BREAK REPAIR VIA HOMOLOGOUS RECOMBINATION%GOBP%GO:2000042		25	-0.2933928	-0.9034526	0.6585366	1.0	1.0	6214	tags=52%, list=25%, signal=70%	
MITOCHONDRIAL RNA PROCESSING%GOBP%GO:0000963	MITOCHONDRIAL RNA PROCESSING%GOBP%GO:0000963		28	-0.28372115	-0.9032559	0.62737644	1.0	1.0	1892	tags=14%, list=8%, signal=15%	
EYE MORPHOGENESIS%GOBP%GO:0048592	EYE MORPHOGENESIS%GOBP%GO:0048592		85	-0.2277185	-0.9029816	0.75	1.0	1.0	2429	tags=16%, list=10%, signal=18%	
REGULATION OF D-GLUCOSE TRANSMEMBRANE TRANSPORT%GOBP%GO:0010827	REGULATION OF D-GLUCOSE TRANSMEMBRANE TRANSPORT%GOBP%GO:0010827		52	-0.25086823	-0.9025909	0.6724891	1.0	1.0	3796	tags=21%, list=15%, signal=25%	
BETA-CATENIN PHOSPHORYLATION CASCADE%REACTOME%R-HSA-196299.3	BETA-CATENIN PHOSPHORYLATION CASCADE%REACTOME%R-HSA-196299.3		17	-0.32495666	-0.90238774	0.61022365	1.0	1.0	3454	tags=35%, list=14%, signal=41%	
REGULATION OF MEMBRANE PROTEIN ECTODOMAIN PROTEOLYSIS%GOBP%GO:0051043	REGULATION OF MEMBRANE PROTEIN ECTODOMAIN PROTEOLYSIS%GOBP%GO:0051043		24	-0.30011764	-0.90198165	0.6275862	1.0	1.0	1898	tags=13%, list=8%, signal=14%	
CHROMOSOME MAINTENANCE%REACTOME DATABASE ID RELEASE 95%73886	CHROMOSOME MAINTENANCE%REACTOME DATABASE ID RELEASE 95%73886		118	-0.21230002	-0.90190303	0.7936508	1.0	1.0	4960	tags=27%, list=20%, signal=34%	
GAP JUNCTION TRAFFICKING%REACTOME DATABASE ID RELEASE 95%190828	GAP JUNCTION TRAFFICKING%REACTOME DATABASE ID RELEASE 95%190828		28	-0.27706847	-0.9015158	0.64	1.0	1.0	1512	tags=11%, list=6%, signal=11%	
HSP90 CHAPERONE CYCLE FOR SHRS%REACTOME DATABASE ID RELEASE 95%3371497	HSP90 CHAPERONE CYCLE FOR SHRS%REACTOME DATABASE ID RELEASE 95%3371497		38	-0.26706907	-0.9015081	0.625	1.0	1.0	2843	tags=18%, list=12%, signal=21%	
TOLL LIKE RECEPTOR SIGNALING RELATED TO MYD88%WIKIPATHWAYS_20260211%WP3858%HOMO SAPIENS	TOLL LIKE RECEPTOR SIGNALING RELATED TO MYD88%WIKIPATHWAYS_20260211%WP3858%HOMO SAPIENS		28	-0.29502434	-0.90013474	0.60240966	1.0	1.0	622	tags=11%, list=3%, signal=11%	
INTERLEUKIN-17 SIGNALING%REACTOME DATABASE ID RELEASE 95%448424	INTERLEUKIN-17 SIGNALING%REACTOME DATABASE ID RELEASE 95%448424		70	-0.2365287	-0.9000666	0.73913044	1.0	1.0	1334	tags=11%, list=5%, signal=12%	
APOPTOSIS%REACTOME DATABASE ID RELEASE 95%109581	APOPTOSIS%REACTOME DATABASE ID RELEASE 95%109581		163	-0.20619552	-0.89948446	0.82474226	1.0	1.0	2925	tags=18%, list=12%, signal=20%	
SPERMATID NUCLEUS DIFFERENTIATION%GOBP%GO:0007289	SPERMATID NUCLEUS DIFFERENTIATION%GOBP%GO:0007289		17	-0.32052854	-0.8989833	0.601476	1.0	1.0	1015	tags=12%, list=4%, signal=12%	
PRC2 METHYLATES HISTONES AND DNA%REACTOME DATABASE ID RELEASE 95%212300	PRC2 METHYLATES HISTONES AND DNA%REACTOME DATABASE ID RELEASE 95%212300		43	-0.25797898	-0.8985149	0.6380091	1.0	1.0	2424	tags=19%, list=10%, signal=21%	
ADIPOGENESIS%WIKIPATHWAYS_20260211%WP236%HOMO SAPIENS	ADIPOGENESIS%WIKIPATHWAYS_20260211%WP236%HOMO SAPIENS		109	-0.21512376	-0.8984874	0.77372265	1.0	1.0	3995	tags=19%, list=16%, signal=23%	
ISOPRENOID METABOLIC PROCESS%GOBP%GO:0006720	ISOPRENOID METABOLIC PROCESS%GOBP%GO:0006720		97	-0.22636907	-0.8984267	0.7027027	1.0	1.0	1535	tags=11%, list=6%, signal=12%	
TIGHT JUNCTION ASSEMBLY%GOBP%GO:0120192	TIGHT JUNCTION ASSEMBLY%GOBP%GO:0120192		38	-0.26970604	-0.89804244	0.6363636	1.0	1.0	1086	tags=8%, list=4%, signal=8%	
CD8-POSITIVE, ALPHA-BETA T CELL ACTIVATION%GOBP%GO:0036037	CD8-POSITIVE, ALPHA-BETA T CELL ACTIVATION%GOBP%GO:0036037		20	-0.30888912	-0.89799654	0.6020067	1.0	1.0	705	tags=10%, list=3%, signal=10%	
NEGATIVE REGULATION OF CARTILAGE DEVELOPMENT%GOBP%GO:0061037	NEGATIVE REGULATION OF CARTILAGE DEVELOPMENT%GOBP%GO:0061037		17	-0.31681326	-0.89667636	0.6041667	1.0	1.0	1061	tags=12%, list=4%, signal=12%	
PROTEIN TETRAMERIZATION%GOBP%GO:0051262	PROTEIN TETRAMERIZATION%GOBP%GO:0051262		84	-0.22579758	-0.8966626	0.7588235	1.0	1.0	2976	tags=17%, list=12%, signal=19%	
PID_ER_NONGENOMIC_PATHWAY%MSIGDB_C2%PID_ER_NONGENOMIC_PATHWAY	PID_ER_NONGENOMIC_PATHWAY%MSIGDB_C2%PID_ER_NONGENOMIC_PATHWAY		31	-0.27438295	-0.8961375	0.6502058	1.0	1.0	2659	tags=16%, list=11%, signal=18%	
RAB GERANYLGERANYLATION%REACTOME%R-HSA-8873719.4	RAB GERANYLGERANYLATION%REACTOME%R-HSA-8873719.4		65	-0.23348837	-0.8959375	0.69953054	1.0	1.0	3569	tags=23%, list=15%, signal=27%	
DICARBOXYLIC ACID CATABOLIC PROCESS%GOBP%GO:0043649	DICARBOXYLIC ACID CATABOLIC PROCESS%GOBP%GO:0043649		15	-0.3293309	-0.895733	0.5736677	1.0	1.0	853	tags=20%, list=3%, signal=21%	
POSITIVE REGULATION OF MIRNA METABOLIC PROCESS%GOBP%GO:2000630	POSITIVE REGULATION OF MIRNA METABOLIC PROCESS%GOBP%GO:2000630		54	-0.2412264	-0.89540285	0.68686867	1.0	1.0	2802	tags=19%, list=11%, signal=21%	
MITOCHONDRIAL PROTEIN DEGRADATION%REACTOME%R-HSA-9837999.2	MITOCHONDRIAL PROTEIN DEGRADATION%REACTOME%R-HSA-9837999.2		90	-0.22313829	-0.8953786	0.75333333	1.0	1.0	3824	tags=20%, list=16%, signal=24%	
ENDOCRINE PANCREAS DEVELOPMENT%GOBP%GO:0031018	ENDOCRINE PANCREAS DEVELOPMENT%GOBP%GO:0031018		20	-0.30973765	-0.89531416	0.62454873	1.0	1.0	3792	tags=20%, list=15%, signal=24%	
RNA STABILIZATION%GOBP%GO:0043489	RNA STABILIZATION%GOBP%GO:0043489		75	-0.23110531	-0.8953031	0.70857143	1.0	1.0	3853	tags=27%, list=16%, signal=32%	
FORMATION OF THE EARLY ELONGATION COMPLEX%REACTOME%R-HSA-113418.5	FORMATION OF THE EARLY ELONGATION COMPLEX%REACTOME%R-HSA-113418.5		33	-0.27035326	-0.8946134	0.65818185	1.0	1.0	5413	tags=45%, list=22%, signal=58%	
IRON UPTAKE AND TRANSPORT%REACTOME DATABASE ID RELEASE 95%917937	IRON UPTAKE AND TRANSPORT%REACTOME DATABASE ID RELEASE 95%917937		57	-0.2402986	-0.89366156	0.7044335	1.0	1.0	4068	tags=26%, list=17%, signal=31%	
REGULATION OF BLOOD VESSEL ENDOTHELIAL CELL MIGRATION%GOBP%GO:0043535	REGULATION OF BLOOD VESSEL ENDOTHELIAL CELL MIGRATION%GOBP%GO:0043535		85	-0.22107023	-0.89363134	0.7635135	1.0	1.0	3818	tags=18%, list=16%, signal=21%	
REGULATION OF LIPID STORAGE%GOBP%GO:0010883	REGULATION OF LIPID STORAGE%GOBP%GO:0010883		37	-0.26157457	-0.89358956	0.699187	1.0	1.0	2381	tags=16%, list=10%, signal=18%	
HEDGEHOG SIGNALING%WIKIPATHWAYS_20260211%WP4249%HOMO SAPIENS	HEDGEHOG SIGNALING%WIKIPATHWAYS_20260211%WP4249%HOMO SAPIENS		34	-0.26981336	-0.89330053	0.65799254	1.0	1.0	4560	tags=29%, list=19%, signal=36%	
REGULATION OF ESTABLISHMENT OF CELL POLARITY%GOBP%GO:2000114	REGULATION OF ESTABLISHMENT OF CELL POLARITY%GOBP%GO:2000114		20	-0.3037776	-0.893128	0.65625	1.0	1.0	1445	tags=15%, list=6%, signal=16%	
NEGATIVE REGULATION OF REGULATORY T CELL DIFFERENTIATION%GOBP%GO:0045590	NEGATIVE REGULATION OF REGULATORY T CELL DIFFERENTIATION%GOBP%GO:0045590		19	-0.3110406	-0.8931006	0.6621622	1.0	1.0	705	tags=11%, list=3%, signal=11%	
XENOBIOTIC EXPORT FROM CELL%GOBP%GO:0046618	XENOBIOTIC EXPORT FROM CELL%GOBP%GO:0046618		15	-0.33205858	-0.8928769	0.6103896	1.0	1.0	2381	tags=27%, list=10%, signal=30%	
POSITIVE REGULATION OF PROTEIN IMPORT INTO NUCLEUS%GOBP%GO:0042307	POSITIVE REGULATION OF PROTEIN IMPORT INTO NUCLEUS%GOBP%GO:0042307		28	-0.28882307	-0.892743	0.63117874	1.0	1.0	2760	tags=18%, list=11%, signal=20%	
CELLULAR RESPONSE TO ATP%GOBP%GO:0071318	CELLULAR RESPONSE TO ATP%GOBP%GO:0071318		15	-0.32897082	-0.8922213	0.6028169	1.0	1.0	1340	tags=20%, list=5%, signal=21%	
POSITIVE REGULATION OF POST-TRANSLATIONAL PROTEIN MODIFICATION%GOBP%GO:1901875	POSITIVE REGULATION OF POST-TRANSLATIONAL PROTEIN MODIFICATION%GOBP%GO:1901875		105	-0.21309826	-0.89176416	0.7986111	1.0	1.0	4379	tags=25%, list=18%, signal=30%	
NEUROGENESIS REGULATION IN THE OLFACTORY EPITHELIUM%WIKIPATHWAYS_20260211%WP5265%HOMO SAPIENS	NEUROGENESIS REGULATION IN THE OLFACTORY EPITHELIUM%WIKIPATHWAYS_20260211%WP5265%HOMO SAPIENS		47	-0.2545139	-0.8917174	0.66210043	1.0	1.0	766	tags=9%, list=3%, signal=9%	
MITOCHONDRIAL RIBOSOME-ASSOCIATED QUALITY CONTROL%REACTOME DATABASE ID RELEASE 95%9937383	MITOCHONDRIAL RIBOSOME-ASSOCIATED QUALITY CONTROL%REACTOME DATABASE ID RELEASE 95%9937383		90	-0.21943104	-0.8916849	0.75595236	1.0	1.0	5397	tags=37%, list=22%, signal=47%	
AMINOGLYCAN METABOLIC PROCESS%GOBP%GO:0006022	AMINOGLYCAN METABOLIC PROCESS%GOBP%GO:0006022		54	-0.24062169	-0.8906778	0.6682927	1.0	1.0	2017	tags=13%, list=8%, signal=14%	
GLYCOGEN METABOLIC PROCESS%GOBP%GO:0005977	GLYCOGEN METABOLIC PROCESS%GOBP%GO:0005977		34	-0.26838693	-0.8903884	0.6666667	1.0	1.0	5872	tags=41%, list=24%, signal=54%	
REGULATION OF PROTEOLYSIS%GOBP%GO:0030162	REGULATION OF PROTEOLYSIS%GOBP%GO:0030162		129	-0.20783061	-0.89013785	0.8220339	1.0	1.0	2106	tags=12%, list=9%, signal=13%	
SULFUR COMPOUND BIOSYNTHETIC PROCESS%GOBP%GO:0044272	SULFUR COMPOUND BIOSYNTHETIC PROCESS%GOBP%GO:0044272		87	-0.22244701	-0.8894289	0.72727275	1.0	1.0	2894	tags=18%, list=12%, signal=21%	
TRANSCRIPTION-COUPLED NUCLEOTIDE EXCISION REPAIR (TC-NER)%REACTOME%R-HSA-6781827.3	TRANSCRIPTION-COUPLED NUCLEOTIDE EXCISION REPAIR (TC-NER)%REACTOME%R-HSA-6781827.3		75	-0.22967637	-0.8893659	0.7006369	1.0	1.0	5676	tags=40%, list=23%, signal=52%	
NEGATIVE REGULATION OF NEURON PROJECTION DEVELOPMENT%GOBP%GO:0010977	NEGATIVE REGULATION OF NEURON PROJECTION DEVELOPMENT%GOBP%GO:0010977		70	-0.22986594	-0.88908446	0.7606383	1.0	1.0	2559	tags=17%, list=10%, signal=19%	
OSSIFICATION%GOBP%GO:0001503	OSSIFICATION%GOBP%GO:0001503		146	-0.2072948	-0.8889276	0.84761906	1.0	1.0	2645	tags=13%, list=11%, signal=15%	
REGULATION OF PROTEIN UBIQUITINATION%GOBP%GO:0031396	REGULATION OF PROTEIN UBIQUITINATION%GOBP%GO:0031396		154	-0.20616771	-0.8886162	0.80733943	1.0	1.0	4964	tags=28%, list=20%, signal=35%	
NEGATIVE REGULATION OF RNA CATABOLIC PROCESS%GOBP%GO:1902369	NEGATIVE REGULATION OF RNA CATABOLIC PROCESS%GOBP%GO:1902369		90	-0.22279088	-0.8881407	0.70987654	1.0	1.0	3853	tags=26%, list=16%, signal=30%	
SYNTHESIS OF PROSTAGLANDINS (PG) AND THROMBOXANES (TX)%REACTOME DATABASE ID RELEASE 95%2162123	SYNTHESIS OF PROSTAGLANDINS (PG) AND THROMBOXANES (TX)%REACTOME DATABASE ID RELEASE 95%2162123		15	-0.33712214	-0.8880147	0.6130952	1.0	1.0	2142	tags=13%, list=9%, signal=15%	
CYCLIN A:CDK2-ASSOCIATED EVENTS AT S PHASE ENTRY%REACTOME%R-HSA-69656.6	CYCLIN A:CDK2-ASSOCIATED EVENTS AT S PHASE ENTRY%REACTOME%R-HSA-69656.6		75	-0.22493804	-0.8876969	0.7058824	1.0	1.0	5347	tags=32%, list=22%, signal=41%	
CELLULAR RESPONSE TO CAMP%GOBP%GO:0071320	CELLULAR RESPONSE TO CAMP%GOBP%GO:0071320		33	-0.2696314	-0.8869603	0.6708861	1.0	1.0	1418	tags=12%, list=6%, signal=13%	
POSITIVE REGULATION OF EPIDERMAL GROWTH FACTOR RECEPTOR SIGNALING PATHWAY%GOBP%GO:0045742	POSITIVE REGULATION OF EPIDERMAL GROWTH FACTOR RECEPTOR SIGNALING PATHWAY%GOBP%GO:0045742		28	-0.28235075	-0.88620824	0.6619217	1.0	1.0	2922	tags=21%, list=12%, signal=24%	
TRANSCRIPTIONAL REGULATION BY RUNX2%REACTOME DATABASE ID RELEASE 95%8878166	TRANSCRIPTIONAL REGULATION BY RUNX2%REACTOME DATABASE ID RELEASE 95%8878166		105	-0.21835704	-0.88619804	0.7647059	1.0	1.0	4409	tags=25%, list=18%, signal=30%	
NOREPINEPHRINE NEUROTRANSMITTER RELEASE CYCLE%REACTOME DATABASE ID RELEASE 95%181430	NOREPINEPHRINE NEUROTRANSMITTER RELEASE CYCLE%REACTOME DATABASE ID RELEASE 95%181430		17	-0.3159693	-0.8856634	0.6474359	1.0	1.0	3031	tags=29%, list=12%, signal=34%	
ACYL-COA BIOSYNTHETIC PROCESS%GOBP%GO:0071616	ACYL-COA BIOSYNTHETIC PROCESS%GOBP%GO:0071616		42	-0.2550757	-0.8852652	0.65966386	1.0	1.0	2468	tags=19%, list=10%, signal=21%	
3'-UTR-MEDIATED MRNA DESTABILIZATION%GOBP%GO:0061158	3'-UTR-MEDIATED MRNA DESTABILIZATION%GOBP%GO:0061158		22	-0.29772007	-0.885148	0.649635	1.0	1.0	2443	tags=18%, list=10%, signal=20%	
REGULATION OF EXOSOMAL SECRETION%GOBP%GO:1903541	REGULATION OF EXOSOMAL SECRETION%GOBP%GO:1903541		17	-0.3139171	-0.8842443	0.64026403	1.0	1.0	17	tags=6%, list=0%, signal=6%	
RAF-INDEPENDENT MAPK1 3 ACTIVATION%REACTOME%R-HSA-112409.5	RAF-INDEPENDENT MAPK1 3 ACTIVATION%REACTOME%R-HSA-112409.5		22	-0.29091617	-0.88424397	0.6423611	1.0	1.0	3082	tags=27%, list=13%, signal=31%	
IL6-MEDIATED SIGNALING EVENTS%PATHWAY INTERACTION DATABASE NCI-NATURE CURATED DATA%IL6-MEDIATED SIGNALING EVENTS	IL6-MEDIATED SIGNALING EVENTS%PATHWAY INTERACTION DATABASE NCI-NATURE CURATED DATA%IL6-MEDIATED SIGNALING EVENTS		47	-0.2470906	-0.88361967	0.7123288	1.0	1.0	1334	tags=11%, list=5%, signal=11%	
LONG-TERM SYNAPTIC POTENTIATION%GOBP%GO:0060291	LONG-TERM SYNAPTIC POTENTIATION%GOBP%GO:0060291		29	-0.2769017	-0.8830112	0.61290324	1.0	1.0	15	tags=7%, list=0%, signal=7%	
MUSCLE TISSUE DEVELOPMENT%GOBP%GO:0060537	MUSCLE TISSUE DEVELOPMENT%GOBP%GO:0060537		179	-0.19882777	-0.88277733	0.8783784	1.0	1.0	3094	tags=15%, list=13%, signal=17%	
REGULATION OF D-GLUCOSE IMPORT ACROSS PLASMA MEMBRANE%GOBP%GO:0046324	REGULATION OF D-GLUCOSE IMPORT ACROSS PLASMA MEMBRANE%GOBP%GO:0046324		37	-0.26251325	-0.88264155	0.6788618	1.0	1.0	2425	tags=16%, list=10%, signal=18%	
ENDOTHELIUM DEVELOPMENT%GOBP%GO:0003158	ENDOTHELIUM DEVELOPMENT%GOBP%GO:0003158		67	-0.22473128	-0.8820365	0.78403753	1.0	1.0	2336	tags=13%, list=10%, signal=15%	
PROTEIN LOCALIZATION TO CHROMOSOME%GOBP%GO:0034502	PROTEIN LOCALIZATION TO CHROMOSOME%GOBP%GO:0034502		78	-0.22499736	-0.8809832	0.77840906	1.0	1.0	2239	tags=12%, list=9%, signal=13%	
APPENDAGE DEVELOPMENT%GOBP%GO:0048736	APPENDAGE DEVELOPMENT%GOBP%GO:0048736		69	-0.23302339	-0.8809037	0.7977528	1.0	1.0	3790	tags=22%, list=15%, signal=26%	
REGULATION OF CELLULAR RESPONSE TO VASCULAR ENDOTHELIAL GROWTH FACTOR STIMULUS%GOBP%GO:1902547	REGULATION OF CELLULAR RESPONSE TO VASCULAR ENDOTHELIAL GROWTH FACTOR STIMULUS%GOBP%GO:1902547		30	-0.27615225	-0.88013244	0.67782426	1.0	1.0	1694	tags=10%, list=7%, signal=11%	
BONE REMODELING%GOBP%GO:0046849	BONE REMODELING%GOBP%GO:0046849		16	-0.32036823	-0.8800252	0.652568	1.0	1.0	2939	tags=25%, list=12%, signal=28%	
HAIR CELL DIFFERENTIATION%GOBP%GO:0035315	HAIR CELL DIFFERENTIATION%GOBP%GO:0035315		22	-0.29433694	-0.8800146	0.60076046	1.0	1.0	1863	tags=23%, list=8%, signal=25%	
INSULIN RECEPTOR RECYCLING%REACTOME DATABASE ID RELEASE 95%77387	INSULIN RECEPTOR RECYCLING%REACTOME DATABASE ID RELEASE 95%77387		30	-0.2678929	-0.87908477	0.65416664	1.0	1.0	3723	tags=23%, list=15%, signal=27%	
SIGNALING BY RETINOIC ACID%REACTOME DATABASE ID RELEASE 95%5362517	SIGNALING BY RETINOIC ACID%REACTOME DATABASE ID RELEASE 95%5362517		41	-0.2537628	-0.8790766	0.71014494	1.0	1.0	2636	tags=17%, list=11%, signal=19%	
TISSUE MIGRATION%GOBP%GO:0090130	TISSUE MIGRATION%GOBP%GO:0090130		26	-0.2801603	-0.878782	0.6290909	1.0	1.0	625	tags=8%, list=3%, signal=8%	
INTRACELLULAR POTASSIUM ION HOMEOSTASIS%GOBP%GO:0030007	INTRACELLULAR POTASSIUM ION HOMEOSTASIS%GOBP%GO:0030007		21	-0.29672554	-0.87876123	0.66323024	1.0	1.0	2772	tags=24%, list=11%, signal=27%	
DNA REPLICATION%WIKIPATHWAYS_20260211%WP466%HOMO SAPIENS	DNA REPLICATION%WIKIPATHWAYS_20260211%WP466%HOMO SAPIENS		33	-0.26412153	-0.87868685	0.67256635	1.0	1.0	1957	tags=21%, list=8%, signal=23%	
MYOBLAST DIFFERENTIATION%GOBP%GO:0045445	MYOBLAST DIFFERENTIATION%GOBP%GO:0045445		23	-0.29486436	-0.8784246	0.6527778	1.0	1.0	2696	tags=17%, list=11%, signal=20%	
EVASION BY RSV OF HOST INTERFERON RESPONSES%REACTOME%R-HSA-9833109.1	EVASION BY RSV OF HOST INTERFERON RESPONSES%REACTOME%R-HSA-9833109.1		33	-0.27209857	-0.8784111	0.6666667	1.0	1.0	4430	tags=24%, list=18%, signal=30%	
RNA 5'-END PROCESSING%GOBP%GO:0000966	RNA 5'-END PROCESSING%GOBP%GO:0000966		38	-0.24986361	-0.8782748	0.708	1.0	1.0	3824	tags=26%, list=16%, signal=31%	
S1P2 PATHWAY%PATHWAY INTERACTION DATABASE NCI-NATURE CURATED DATA%S1P2 PATHWAY	S1P2 PATHWAY%PATHWAY INTERACTION DATABASE NCI-NATURE CURATED DATA%S1P2 PATHWAY		24	-0.2905135	-0.87760884	0.6605166	1.0	1.0	1334	tags=13%, list=5%, signal=13%	
ALPHA ADRENERGIC RECEPTOR SIGNALING PATHWAY%PANTHER PATHWAY%P00002	ALPHA ADRENERGIC RECEPTOR SIGNALING PATHWAY%PANTHER PATHWAY%P00002		16	-0.31686977	-0.87683505	0.62711865	1.0	1.0	2805	tags=25%, list=11%, signal=28%	
POSITIVE REGULATION OF TRANSCRIPTION ELONGATION BY RNA POLYMERASE II%GOBP%GO:0032968	POSITIVE REGULATION OF TRANSCRIPTION ELONGATION BY RNA POLYMERASE II%GOBP%GO:0032968		50	-0.2440861	-0.8762982	0.7095238	1.0	1.0	929	tags=10%, list=4%, signal=10%	
G ALPHA (Z) SIGNALLING EVENTS%REACTOME DATABASE ID RELEASE 95%418597	G ALPHA (Z) SIGNALLING EVENTS%REACTOME DATABASE ID RELEASE 95%418597		48	-0.24407011	-0.8761151	0.74418604	1.0	1.0	3899	tags=23%, list=16%, signal=27%	
THROMBOXANE SIGNALLING THROUGH TP RECEPTOR%REACTOME DATABASE ID RELEASE 95%428930	THROMBOXANE SIGNALLING THROUGH TP RECEPTOR%REACTOME DATABASE ID RELEASE 95%428930		24	-0.27962318	-0.87533355	0.65591395	1.0	1.0	1619	tags=17%, list=7%, signal=18%	
VESICLE BUDDING FROM MEMBRANE%GOBP%GO:0006900	VESICLE BUDDING FROM MEMBRANE%GOBP%GO:0006900		76	-0.2216664	-0.87515986	0.7784431	1.0	1.0	2308	tags=16%, list=9%, signal=17%	
ERK MAPK TARGETS%REACTOME%R-HSA-198753.3	ERK MAPK TARGETS%REACTOME%R-HSA-198753.3		22	-0.28963566	-0.87511295	0.6619217	1.0	1.0	903	tags=14%, list=4%, signal=14%	
PI-3K CASCADE:FGFR4%REACTOME DATABASE ID RELEASE 95%5654720	PI-3K CASCADE:FGFR4%REACTOME DATABASE ID RELEASE 95%5654720		17	-0.311784	-0.8750543	0.6503268	1.0	1.0	3452	tags=29%, list=14%, signal=34%	
SENSORY PERCEPTION OF MECHANICAL STIMULUS%GOBP%GO:0050954	SENSORY PERCEPTION OF MECHANICAL STIMULUS%GOBP%GO:0050954		121	-0.20718615	-0.874582	0.8333333	1.0	1.0	2486	tags=13%, list=10%, signal=15%	
NOTCH%IOB%NOTCH	NOTCH%IOB%NOTCH		53	-0.24110821	-0.87402606	0.7330317	1.0	1.0	2336	tags=13%, list=10%, signal=15%	
MACROPHAGE STIMULATING PROTEIN MSP SIGNALING%WIKIPATHWAYS_20260211%WP5353%HOMO SAPIENS	MACROPHAGE STIMULATING PROTEIN MSP SIGNALING%WIKIPATHWAYS_20260211%WP5353%HOMO SAPIENS		84	-0.21965416	-0.87396914	0.80254775	1.0	1.0	2904	tags=14%, list=12%, signal=16%	
NUCLEOTIDE-EXCISION REPAIR%GOBP%GO:0006289	NUCLEOTIDE-EXCISION REPAIR%GOBP%GO:0006289		59	-0.23474792	-0.8731507	0.7955801	1.0	1.0	3577	tags=24%, list=15%, signal=28%	
PROCESSIVE SYNTHESIS ON THE LAGGING STRAND%REACTOME%R-HSA-69183.4	PROCESSIVE SYNTHESIS ON THE LAGGING STRAND%REACTOME%R-HSA-69183.4		15	-0.32613298	-0.87255216	0.6517572	1.0	1.0	1813	tags=27%, list=7%, signal=29%	
PID_ATF2_PATHWAY%MSIGDB_C2%PID_ATF2_PATHWAY	PID_ATF2_PATHWAY%MSIGDB_C2%PID_ATF2_PATHWAY		54	-0.24283975	-0.8725477	0.75757575	1.0	1.0	4682	tags=28%, list=19%, signal=34%	
LIMB DEVELOPMENT%GOBP%GO:0060173	LIMB DEVELOPMENT%GOBP%GO:0060173		69	-0.23302339	-0.87197345	0.76073617	1.0	1.0	3790	tags=22%, list=15%, signal=26%	
EXTRINSIC APOPTOTIC SIGNALING PATHWAY VIA DEATH DOMAIN RECEPTORS%GOBP%GO:0008625	EXTRINSIC APOPTOTIC SIGNALING PATHWAY VIA DEATH DOMAIN RECEPTORS%GOBP%GO:0008625		38	-0.2553432	-0.87173975	0.73706895	1.0	1.0	1914	tags=13%, list=8%, signal=14%	
RESPONSE TO ATP%GOBP%GO:0033198	RESPONSE TO ATP%GOBP%GO:0033198		20	-0.29581767	-0.8716061	0.6571429	1.0	1.0	1340	tags=15%, list=5%, signal=16%	
REGULATION OF BROWN FAT CELL DIFFERENTIATION%GOBP%GO:0090335	REGULATION OF BROWN FAT CELL DIFFERENTIATION%GOBP%GO:0090335		22	-0.2869438	-0.871361	0.6357143	1.0	1.0	2375	tags=18%, list=10%, signal=20%	
SIGNALING BY SCF-KIT%REACTOME%R-HSA-1433557.6	SIGNALING BY SCF-KIT%REACTOME%R-HSA-1433557.6		39	-0.2524337	-0.87123215	0.7076923	1.0	1.0	2701	tags=21%, list=11%, signal=23%	
BIOCARTA_EIF4_PATHWAY%MSIGDB_C2%BIOCARTA_EIF4_PATHWAY	BIOCARTA_EIF4_PATHWAY%MSIGDB_C2%BIOCARTA_EIF4_PATHWAY		20	-0.30229005	-0.8703418	0.68125	1.0	1.0	3920	tags=20%, list=16%, signal=24%	
LONG-TERM MEMORY%GOBP%GO:0007616	LONG-TERM MEMORY%GOBP%GO:0007616		23	-0.2888747	-0.87017316	0.67315173	1.0	1.0	15	tags=4%, list=0%, signal=4%	
MACROAUTOPHAGY%REACTOME DATABASE ID RELEASE 95%1632852	MACROAUTOPHAGY%REACTOME DATABASE ID RELEASE 95%1632852		122	-0.20589226	-0.8691863	0.87096775	1.0	1.0	2491	tags=11%, list=10%, signal=13%	
MYOMETRIAL RELAXATION AND CONTRACTION PATHWAYS%WIKIPATHWAYS_20260211%WP289%HOMO SAPIENS	MYOMETRIAL RELAXATION AND CONTRACTION PATHWAYS%WIKIPATHWAYS_20260211%WP289%HOMO SAPIENS		119	-0.20589589	-0.8685931	0.86206895	1.0	1.0	1619	tags=10%, list=7%, signal=11%	
PID_BETA_CATENIN_NUC_PATHWAY%MSIGDB_C2%PID_BETA_CATENIN_NUC_PATHWAY	PID_BETA_CATENIN_NUC_PATHWAY%MSIGDB_C2%PID_BETA_CATENIN_NUC_PATHWAY		64	-0.22989601	-0.86799914	0.77956986	1.0	1.0	3016	tags=20%, list=12%, signal=23%	
RESPONSE TO OXYGEN RADICAL%GOBP%GO:0000305	RESPONSE TO OXYGEN RADICAL%GOBP%GO:0000305		15	-0.32538378	-0.8675532	0.61651915	1.0	1.0	5171	tags=33%, list=21%, signal=42%	
POSITIVE REGULATION OF PROTEIN MODIFICATION BY SMALL PROTEIN CONJUGATION OR REMOVAL%GOBP%GO:1903322	POSITIVE REGULATION OF PROTEIN MODIFICATION BY SMALL PROTEIN CONJUGATION OR REMOVAL%GOBP%GO:1903322		104	-0.21427162	-0.8670256	0.8435374	1.0	1.0	4379	tags=25%, list=18%, signal=30%	
PHOSPHORYLATED BMAL1:CLOCK (ARNTL:CLOCK) ACTIVATES EXPRESSION OF CORE CLOCK GENES%REACTOME DATABASE ID RELEASE 95%9931510	PHOSPHORYLATED BMAL1:CLOCK (ARNTL:CLOCK) ACTIVATES EXPRESSION OF CORE CLOCK GENES%REACTOME DATABASE ID RELEASE 95%9931510		20	-0.2952542	-0.8669723	0.6910299	1.0	1.0	3547	tags=25%, list=14%, signal=29%	
FORMATION OF RNA POL II ELONGATION COMPLEX%REACTOME%R-HSA-112382.4	FORMATION OF RNA POL II ELONGATION COMPLEX%REACTOME%R-HSA-112382.4		58	-0.23930201	-0.8667909	0.75	1.0	1.0	5965	tags=45%, list=24%, signal=59%	
PROTON TRANSMEMBRANE TRANSPORT%GOBP%GO:1902600	PROTON TRANSMEMBRANE TRANSPORT%GOBP%GO:1902600		61	-0.23377483	-0.86612785	0.7409639	1.0	1.0	3723	tags=21%, list=15%, signal=25%	
ESTABLISHMENT OF MITOCHONDRION LOCALIZATION, MICROTUBULE-MEDIATED%GOBP%GO:0034643	ESTABLISHMENT OF MITOCHONDRION LOCALIZATION, MICROTUBULE-MEDIATED%GOBP%GO:0034643		22	-0.2833908	-0.86356443	0.6813187	1.0	1.0	3402	tags=36%, list=14%, signal=42%	
POSITIVE REGULATION OF COLLAGEN BIOSYNTHETIC PROCESS%GOBP%GO:0032967	POSITIVE REGULATION OF COLLAGEN BIOSYNTHETIC PROCESS%GOBP%GO:0032967		15	-0.32085714	-0.863472	0.64285713	1.0	1.0	3421	tags=27%, list=14%, signal=31%	
NEGATIVE REGULATION OF CD4-POSITIVE, ALPHA-BETA T CELL ACTIVATION%GOBP%GO:2000515	NEGATIVE REGULATION OF CD4-POSITIVE, ALPHA-BETA T CELL ACTIVATION%GOBP%GO:2000515		26	-0.28588358	-0.86346585	0.68613136	1.0	1.0	4136	tags=23%, list=17%, signal=28%	
GLYCOSAMINOGLYCAN SYNTHESIS IN FIBROBLASTS%WIKIPATHWAYS_20260211%WP5395%HOMO SAPIENS	GLYCOSAMINOGLYCAN SYNTHESIS IN FIBROBLASTS%WIKIPATHWAYS_20260211%WP5395%HOMO SAPIENS		34	-0.25949118	-0.86282164	0.73493975	1.0	1.0	3874	tags=21%, list=16%, signal=24%	
MRNA 3'-END PROCESSING%GOBP%GO:0031124	MRNA 3'-END PROCESSING%GOBP%GO:0031124		33	-0.2601323	-0.8621697	0.73977697	1.0	1.0	2876	tags=21%, list=12%, signal=24%	
PYRIDINE-CONTAINING COMPOUND BIOSYNTHETIC PROCESS%GOBP%GO:0072525	PYRIDINE-CONTAINING COMPOUND BIOSYNTHETIC PROCESS%GOBP%GO:0072525		17	-0.30987892	-0.8621415	0.6745763	1.0	1.0	3405	tags=29%, list=14%, signal=34%	
POSITIVE REGULATION OF CARTILAGE DEVELOPMENT%GOBP%GO:0061036	POSITIVE REGULATION OF CARTILAGE DEVELOPMENT%GOBP%GO:0061036		18	-0.30388272	-0.86209136	0.68338555	1.0	1.0	2652	tags=17%, list=11%, signal=19%	
AUTOPHAGY%REACTOME DATABASE ID RELEASE 95%9612973	AUTOPHAGY%REACTOME DATABASE ID RELEASE 95%9612973		137	-0.20280239	-0.86206174	0.9074074	1.0	1.0	3030	tags=14%, list=12%, signal=16%	
POSITIVE REGULATION OF TELOMERE MAINTENANCE VIA TELOMERE LENGTHENING%GOBP%GO:1904358	POSITIVE REGULATION OF TELOMERE MAINTENANCE VIA TELOMERE LENGTHENING%GOBP%GO:1904358		26	-0.2742408	-0.86193126	0.7124183	1.0	1.0	3583	tags=31%, list=15%, signal=36%	
DNA REPLICATION%REACTOME%R-HSA-69306.9	DNA REPLICATION%REACTOME%R-HSA-69306.9		151	-0.20016243	-0.861888	0.8817204	1.0	1.0	2082	tags=13%, list=9%, signal=14%	
NEGATIVE REGULATION OF TOLL-LIKE RECEPTOR SIGNALING PATHWAY%GOBP%GO:0034122	NEGATIVE REGULATION OF TOLL-LIKE RECEPTOR SIGNALING PATHWAY%GOBP%GO:0034122		15	-0.32079715	-0.86186117	0.6456456	1.0	1.0	899	tags=13%, list=4%, signal=14%	
SKELETAL MUSCLE TISSUE DEVELOPMENT%GOBP%GO:0007519	SKELETAL MUSCLE TISSUE DEVELOPMENT%GOBP%GO:0007519		50	-0.23746586	-0.8616742	0.78995436	1.0	1.0	1922	tags=12%, list=8%, signal=13%	
REMOVAL OF THE FLAP INTERMEDIATE FROM THE C-STRAND%REACTOME DATABASE ID RELEASE 95%174437	REMOVAL OF THE FLAP INTERMEDIATE FROM THE C-STRAND%REACTOME DATABASE ID RELEASE 95%174437		17	-0.30993518	-0.8615768	0.6677741	1.0	1.0	1813	tags=18%, list=7%, signal=19%	
NEGATIVE REGULATION OF CANONICAL NF-KAPPAB SIGNAL TRANSDUCTION%GOBP%GO:0043124	NEGATIVE REGULATION OF CANONICAL NF-KAPPAB SIGNAL TRANSDUCTION%GOBP%GO:0043124		78	-0.21721278	-0.86132157	0.7839506	1.0	1.0	1950	tags=13%, list=8%, signal=14%	
NEGATIVE REGULATION OF INTERLEUKIN-2 PRODUCTION%GOBP%GO:0032703	NEGATIVE REGULATION OF INTERLEUKIN-2 PRODUCTION%GOBP%GO:0032703		22	-0.2902216	-0.86054856	0.66541356	1.0	1.0	1955	tags=23%, list=8%, signal=25%	
SMAD PROTEIN SIGNAL TRANSDUCTION%GOBP%GO:0060395	SMAD PROTEIN SIGNAL TRANSDUCTION%GOBP%GO:0060395		17	-0.31197524	-0.8605149	0.67540985	1.0	1.0	1789	tags=18%, list=7%, signal=19%	
REGULATION OF T-HELPER 17 CELL DIFFERENTIATION%GOBP%GO:2000319	REGULATION OF T-HELPER 17 CELL DIFFERENTIATION%GOBP%GO:2000319		24	-0.28841674	-0.86034113	0.70383275	1.0	1.0	5954	tags=50%, list=24%, signal=66%	
REGULATION OF LAMELLIPODIUM ORGANIZATION%GOBP%GO:1902743	REGULATION OF LAMELLIPODIUM ORGANIZATION%GOBP%GO:1902743		47	-0.24265614	-0.8600293	0.74178404	1.0	1.0	1005	tags=9%, list=4%, signal=9%	
STEROID HORMONE BIOSYNTHETIC PROCESS%GOBP%GO:0120178	STEROID HORMONE BIOSYNTHETIC PROCESS%GOBP%GO:0120178		27	-0.2703158	-0.85923064	0.64285713	1.0	1.0	942	tags=11%, list=4%, signal=12%	
DEREGULATING CELLULAR METABOLISM THROUGH NON GENOTOXIC CARCINOGENS%WIKIPATHWAYS_20260211%WP5571%HOMO SAPIENS	DEREGULATING CELLULAR METABOLISM THROUGH NON GENOTOXIC CARCINOGENS%WIKIPATHWAYS_20260211%WP5571%HOMO SAPIENS		18	-0.3000717	-0.8590195	0.6722408	1.0	1.0	2429	tags=22%, list=10%, signal=25%	
HIGH-DENSITY LIPOPROTEIN PARTICLE REMODELING%GOBP%GO:0034375	HIGH-DENSITY LIPOPROTEIN PARTICLE REMODELING%GOBP%GO:0034375		20	-0.29356617	-0.8589935	0.69520545	1.0	1.0	2381	tags=20%, list=10%, signal=22%	
REGULATION OF CARBOHYDRATE METABOLIC PROCESS%GOBP%GO:0006109	REGULATION OF CARBOHYDRATE METABOLIC PROCESS%GOBP%GO:0006109		130	-0.20232685	-0.85876095	0.8857143	1.0	1.0	3601	tags=22%, list=15%, signal=25%	
REGULATION OF CENTROSOME CYCLE%GOBP%GO:0046605	REGULATION OF CENTROSOME CYCLE%GOBP%GO:0046605		54	-0.23320353	-0.85804063	0.8	1.0	1.0	3088	tags=19%, list=13%, signal=21%	
ENTRAINMENT OF CIRCADIAN CLOCK%GOBP%GO:0009649	ENTRAINMENT OF CIRCADIAN CLOCK%GOBP%GO:0009649		26	-0.26932877	-0.8574745	0.6891386	1.0	1.0	4964	tags=35%, list=20%, signal=43%	
LPA RECEPTOR MEDIATED EVENTS%PATHWAY INTERACTION DATABASE NCI-NATURE CURATED DATA%LPA RECEPTOR MEDIATED EVENTS	LPA RECEPTOR MEDIATED EVENTS%PATHWAY INTERACTION DATABASE NCI-NATURE CURATED DATA%LPA RECEPTOR MEDIATED EVENTS		64	-0.21964248	-0.8573431	0.765	1.0	1.0	1396	tags=9%, list=6%, signal=10%	
REGULATION OF CHONDROCYTE DIFFERENTIATION%GOBP%GO:0032330	REGULATION OF CHONDROCYTE DIFFERENTIATION%GOBP%GO:0032330		29	-0.2650925	-0.85701746	0.75686276	1.0	1.0	2904	tags=21%, list=12%, signal=23%	
HOST-MEDIATED ACTIVATION OF VIRAL PROCESS%GOBP%GO:0044794	HOST-MEDIATED ACTIVATION OF VIRAL PROCESS%GOBP%GO:0044794		34	-0.25892758	-0.8569928	0.7547893	1.0	1.0	5061	tags=35%, list=21%, signal=44%	
SIGNALING BY PDGFR IN DISEASE%REACTOME%R-HSA-9671555.4	SIGNALING BY PDGFR IN DISEASE%REACTOME%R-HSA-9671555.4		18	-0.3035504	-0.85685945	0.675	1.0	1.0	71	tags=6%, list=0%, signal=6%	
NEGATIVE REGULATION OF TUMOR NECROSIS FACTOR PRODUCTION%GOBP%GO:0032720	NEGATIVE REGULATION OF TUMOR NECROSIS FACTOR PRODUCTION%GOBP%GO:0032720		48	-0.2389024	-0.85680366	0.77459013	1.0	1.0	1692	tags=17%, list=7%, signal=18%	
RETINA MORPHOGENESIS IN CAMERA-TYPE EYE%GOBP%GO:0060042	RETINA MORPHOGENESIS IN CAMERA-TYPE EYE%GOBP%GO:0060042		33	-0.25372863	-0.8567606	0.751938	1.0	1.0	1646	tags=12%, list=7%, signal=13%	
LDL INFLUENCE ON CD14 AND TLR4%WIKIPATHWAYS_20260211%WP5272%HOMO SAPIENS	LDL INFLUENCE ON CD14 AND TLR4%WIKIPATHWAYS_20260211%WP5272%HOMO SAPIENS		22	-0.2806501	-0.8560805	0.71428573	1.0	1.0	40	tags=5%, list=0%, signal=5%	
RELAXATION OF MUSCLE%GOBP%GO:0090075	RELAXATION OF MUSCLE%GOBP%GO:0090075		17	-0.3114992	-0.8558972	0.66	1.0	1.0	1621	tags=24%, list=7%, signal=25%	
AUTOPHAGY OF MITOCHONDRION%GOBP%GO:0000422	AUTOPHAGY OF MITOCHONDRION%GOBP%GO:0000422		66	-0.21795386	-0.85545826	0.8068182	1.0	1.0	6033	tags=35%, list=25%, signal=46%	
MITOCHONDRION TRANSPORT ALONG MICROTUBULE%GOBP%GO:0047497	MITOCHONDRION TRANSPORT ALONG MICROTUBULE%GOBP%GO:0047497		22	-0.2833908	-0.8553502	0.72425246	1.0	1.0	3402	tags=36%, list=14%, signal=42%	
GAP JUNCTION TRAFFICKING AND REGULATION%REACTOME DATABASE ID RELEASE 95%157858	GAP JUNCTION TRAFFICKING AND REGULATION%REACTOME DATABASE ID RELEASE 95%157858		29	-0.2616962	-0.85534513	0.7218045	1.0	1.0	1512	tags=10%, list=6%, signal=11%	
NLS-BEARING PROTEIN IMPORT INTO NUCLEUS%GOBP%GO:0006607	NLS-BEARING PROTEIN IMPORT INTO NUCLEUS%GOBP%GO:0006607		19	-0.29729593	-0.8551428	0.6548043	1.0	1.0	53	tags=5%, list=0%, signal=5%	
PID_UPA_UPAR_PATHWAY%MSIGDB_C2%PID_UPA_UPAR_PATHWAY	PID_UPA_UPAR_PATHWAY%MSIGDB_C2%PID_UPA_UPAR_PATHWAY		29	-0.27039626	-0.8551183	0.72	1.0	1.0	572	tags=7%, list=2%, signal=7%	
ABORTIVE ELONGATION OF HIV-1 TRANSCRIPT IN THE ABSENCE OF TAT%REACTOME DATABASE ID RELEASE 95%167242	ABORTIVE ELONGATION OF HIV-1 TRANSCRIPT IN THE ABSENCE OF TAT%REACTOME DATABASE ID RELEASE 95%167242		23	-0.2827172	-0.8544017	0.68646866	1.0	1.0	5048	tags=43%, list=21%, signal=55%	
SULFUR AMINO ACID METABOLISM%REACTOME DATABASE ID RELEASE 95%1614635	SULFUR AMINO ACID METABOLISM%REACTOME DATABASE ID RELEASE 95%1614635		28	-0.26668715	-0.85425156	0.6911765	1.0	1.0	4078	tags=21%, list=17%, signal=26%	
REGULATION OF HOMOTYPIC CELL-CELL ADHESION%GOBP%GO:0034110	REGULATION OF HOMOTYPIC CELL-CELL ADHESION%GOBP%GO:0034110		35	-0.24685413	-0.85243505	0.74615383	1.0	1.0	1808	tags=14%, list=7%, signal=15%	
REGULATION OF POST-TRANSLATIONAL PROTEIN MODIFICATION%GOBP%GO:1901873	REGULATION OF POST-TRANSLATIONAL PROTEIN MODIFICATION%GOBP%GO:1901873		194	-0.19313653	-0.85237336	0.95714283	1.0	1.0	5230	tags=29%, list=21%, signal=37%	
APOPTOTIC NUCLEAR CHANGES%GOBP%GO:0030262	APOPTOTIC NUCLEAR CHANGES%GOBP%GO:0030262		18	-0.30257136	-0.8519818	0.6757679	1.0	1.0	768	tags=11%, list=3%, signal=11%	
MEMBRANE REPOLARIZATION%GOBP%GO:0086009	MEMBRANE REPOLARIZATION%GOBP%GO:0086009		28	-0.2638128	-0.85196155	0.7338403	1.0	1.0	4756	tags=29%, list=19%, signal=35%	
VITAMIN CATABOLIC PROCESS%GOBP%GO:0009111	VITAMIN CATABOLIC PROCESS%GOBP%GO:0009111		15	-0.317367	-0.8518954	0.6826347	1.0	1.0	1131	tags=13%, list=5%, signal=14%	
RESPONSE TO ELEVATED PLATELET CYTOSOLIC CA2+%REACTOME DATABASE ID RELEASE 95%76005	RESPONSE TO ELEVATED PLATELET CYTOSOLIC CA2+%REACTOME DATABASE ID RELEASE 95%76005		131	-0.19800961	-0.851728	0.925	1.0	1.0	3514	tags=18%, list=14%, signal=21%	
NEGATIVE REGULATION OF OSTEOCLAST DIFFERENTIATION%GOBP%GO:0045671	NEGATIVE REGULATION OF OSTEOCLAST DIFFERENTIATION%GOBP%GO:0045671		25	-0.28075615	-0.85161614	0.71280277	1.0	1.0	833	tags=12%, list=3%, signal=12%	
TP53 NETWORK%WIKIPATHWAYS_20260211%WP1742%HOMO SAPIENS	TP53 NETWORK%WIKIPATHWAYS_20260211%WP1742%HOMO SAPIENS		16	-0.3055617	-0.851315	0.70261437	1.0	1.0	5998	tags=50%, list=24%, signal=66%	
NEGATIVE REGULATION OF MRNA SPLICING, VIA SPLICEOSOME%GOBP%GO:0048025	NEGATIVE REGULATION OF MRNA SPLICING, VIA SPLICEOSOME%GOBP%GO:0048025		26	-0.2731065	-0.85076654	0.69741696	1.0	1.0	4627	tags=31%, list=19%, signal=38%	
CELLULAR COMPONENT DISASSEMBLY INVOLVED IN EXECUTION PHASE OF APOPTOSIS%GOBP%GO:0006921	CELLULAR COMPONENT DISASSEMBLY INVOLVED IN EXECUTION PHASE OF APOPTOSIS%GOBP%GO:0006921		20	-0.29244474	-0.8503956	0.69009584	1.0	1.0	768	tags=10%, list=3%, signal=10%	
NEGATIVE REGULATION OF CHONDROCYTE DIFFERENTIATION%GOBP%GO:0032331	NEGATIVE REGULATION OF CHONDROCYTE DIFFERENTIATION%GOBP%GO:0032331		16	-0.31681502	-0.85019195	0.6905537	1.0	1.0	1061	tags=13%, list=4%, signal=13%	
GLUCAN METABOLIC PROCESS%GOBP%GO:0044042	GLUCAN METABOLIC PROCESS%GOBP%GO:0044042		35	-0.2582846	-0.8501575	0.748062	1.0	1.0	5872	tags=40%, list=24%, signal=53%	
BIOCARTA_ALK_PATHWAY%MSIGDB_C2%BIOCARTA_ALK_PATHWAY	BIOCARTA_ALK_PATHWAY%MSIGDB_C2%BIOCARTA_ALK_PATHWAY		32	-0.26424322	-0.8499824	0.7164179	1.0	1.0	5230	tags=38%, list=21%, signal=48%	
REGULATION OF MIRNA METABOLIC PROCESS%GOBP%GO:2000628	REGULATION OF MIRNA METABOLIC PROCESS%GOBP%GO:2000628		74	-0.21561821	-0.8493734	0.88135594	1.0	1.0	3195	tags=20%, list=13%, signal=23%	
PHYSICO CHEMICAL FEATURES AND TOXICITY ASSOCIATED PATHWAYS%WIKIPATHWAYS_20260211%WP3680%HOMO SAPIENS	PHYSICO CHEMICAL FEATURES AND TOXICITY ASSOCIATED PATHWAYS%WIKIPATHWAYS_20260211%WP3680%HOMO SAPIENS		52	-0.2311143	-0.84921926	0.76635516	1.0	1.0	5541	tags=44%, list=23%, signal=57%	
10Q22Q23 COPY NUMBER VARIATION%WIKIPATHWAYS_20260211%WP5402%HOMO SAPIENS	10Q22Q23 COPY NUMBER VARIATION%WIKIPATHWAYS_20260211%WP5402%HOMO SAPIENS		56	-0.22406392	-0.8491933	0.79591835	1.0	1.0	628	tags=5%, list=3%, signal=5%	
REGULATION OF PROTEASOMAL UBIQUITIN-DEPENDENT PROTEIN CATABOLIC PROCESS%GOBP%GO:0032434	REGULATION OF PROTEASOMAL UBIQUITIN-DEPENDENT PROTEIN CATABOLIC PROCESS%GOBP%GO:0032434		119	-0.20291442	-0.8486981	0.859375	1.0	1.0	5757	tags=33%, list=24%, signal=43%	
REGULATION OF MIRNA-MEDIATED GENE SILENCING%GOBP%GO:0060964	REGULATION OF MIRNA-MEDIATED GENE SILENCING%GOBP%GO:0060964		28	-0.26309288	-0.8480337	0.7266667	1.0	1.0	2760	tags=21%, list=11%, signal=24%	
HALLMARK_EPITHELIAL_MESENCHYMAL_TRANSITION%MSIGDBHALLMARK%HALLMARK_EPITHELIAL_MESENCHYMAL_TRANSITION	HALLMARK_EPITHELIAL_MESENCHYMAL_TRANSITION%MSIGDBHALLMARK%HALLMARK_EPITHELIAL_MESENCHYMAL_TRANSITION		158	-0.19709466	-0.84769946	0.9791667	1.0	1.0	3066	tags=15%, list=13%, signal=17%	
REGULATION OF PLATELET AGGREGATION%GOBP%GO:0090330	REGULATION OF PLATELET AGGREGATION%GOBP%GO:0090330		27	-0.2670387	-0.84716165	0.71428573	1.0	1.0	1694	tags=15%, list=7%, signal=16%	
REGULATION OF GLUCONEOGENESIS%GOBP%GO:0006111	REGULATION OF GLUCONEOGENESIS%GOBP%GO:0006111		38	-0.2464877	-0.8468883	0.71428573	1.0	1.0	3511	tags=24%, list=14%, signal=28%	
REGULATION OF AMINE TRANSPORT%GOBP%GO:0051952	REGULATION OF AMINE TRANSPORT%GOBP%GO:0051952		39	-0.24848637	-0.8466071	0.7748092	1.0	1.0	3943	tags=31%, list=16%, signal=37%	
RESPONSE TO ORGANOPHOSPHORUS%GOBP%GO:0046683	RESPONSE TO ORGANOPHOSPHORUS%GOBP%GO:0046683		62	-0.23188181	-0.846364	0.8429319	1.0	1.0	1418	tags=11%, list=6%, signal=12%	
REGULATION OF MUSCLE ORGAN DEVELOPMENT%GOBP%GO:0048634	REGULATION OF MUSCLE ORGAN DEVELOPMENT%GOBP%GO:0048634		23	-0.28599095	-0.8463203	0.6853933	1.0	1.0	3792	tags=26%, list=15%, signal=31%	
ELEVATION OF CYTOSOLIC CA2+ LEVELS%REACTOME DATABASE ID RELEASE 95%139853	ELEVATION OF CYTOSOLIC CA2+ LEVELS%REACTOME DATABASE ID RELEASE 95%139853		16	-0.2984784	-0.8461017	0.6875	1.0	1.0	2792	tags=31%, list=11%, signal=35%	
REGULATION OF ACUTE INFLAMMATORY RESPONSE%GOBP%GO:0002673	REGULATION OF ACUTE INFLAMMATORY RESPONSE%GOBP%GO:0002673		33	-0.25370276	-0.84565306	0.73790324	1.0	1.0	3095	tags=15%, list=13%, signal=17%	
REGULATION OF POST-TRANSCRIPTIONAL GENE SILENCING BY REGULATORY NCRNA%GOBP%GO:1900368	REGULATION OF POST-TRANSCRIPTIONAL GENE SILENCING BY REGULATORY NCRNA%GOBP%GO:1900368		28	-0.26309288	-0.84539026	0.71031743	1.0	1.0	2760	tags=21%, list=11%, signal=24%	
REGULATION OF POST-TRANSCRIPTIONAL GENE SILENCING%GOBP%GO:0060147	REGULATION OF POST-TRANSCRIPTIONAL GENE SILENCING%GOBP%GO:0060147		28	-0.26309288	-0.8449652	0.7472119	1.0	1.0	2760	tags=21%, list=11%, signal=24%	
G2 M CHECKPOINTS%REACTOME%R-HSA-69481.5	G2 M CHECKPOINTS%REACTOME%R-HSA-69481.5		139	-0.19864543	-0.84468997	0.9191919	1.0	1.0	2082	tags=12%, list=9%, signal=13%	
UROTENSIN II MEDIATED SIGNALING%WIKIPATHWAYS_20260211%WP5158%HOMO SAPIENS	UROTENSIN II MEDIATED SIGNALING%WIKIPATHWAYS_20260211%WP5158%HOMO SAPIENS		60	-0.22458357	-0.8442315	0.8177083	1.0	1.0	2975	tags=18%, list=12%, signal=21%	
RUFFLE ORGANIZATION%GOBP%GO:0031529	RUFFLE ORGANIZATION%GOBP%GO:0031529		17	-0.30143464	-0.8439525	0.6850649	1.0	1.0	4486	tags=29%, list=18%, signal=36%	
BIOCARTA_MET_PATHWAY%MSIGDB_C2%BIOCARTA_MET_PATHWAY	BIOCARTA_MET_PATHWAY%MSIGDB_C2%BIOCARTA_MET_PATHWAY		28	-0.2653398	-0.84383374	0.7248062	1.0	1.0	1396	tags=14%, list=6%, signal=15%	
NEGATIVE REGULATION OF MEIOTIC CELL CYCLE%GOBP%GO:0051447	NEGATIVE REGULATION OF MEIOTIC CELL CYCLE%GOBP%GO:0051447		16	-0.30719435	-0.8435363	0.7111111	1.0	1.0	2134	tags=19%, list=9%, signal=21%	
REGULATION OF ESTABLISHMENT OR MAINTENANCE OF CELL POLARITY%GOBP%GO:0032878	REGULATION OF ESTABLISHMENT OR MAINTENANCE OF CELL POLARITY%GOBP%GO:0032878		23	-0.2814721	-0.8433689	0.7172414	1.0	1.0	1445	tags=13%, list=6%, signal=14%	
REGULATION OF SMOOTH MUSCLE CELL PROLIFERATION%GOBP%GO:0048660	REGULATION OF SMOOTH MUSCLE CELL PROLIFERATION%GOBP%GO:0048660		85	-0.20898288	-0.84320235	0.8064516	1.0	1.0	3016	tags=15%, list=12%, signal=17%	
REGULATION OF GENERATION OF PRECURSOR METABOLITES AND ENERGY%GOBP%GO:0043467	REGULATION OF GENERATION OF PRECURSOR METABOLITES AND ENERGY%GOBP%GO:0043467		105	-0.20251775	-0.8428196	0.8984375	1.0	1.0	3849	tags=21%, list=16%, signal=25%	
AUTOPHAGOSOME ASSEMBLY%GOBP%GO:0000045	AUTOPHAGOSOME ASSEMBLY%GOBP%GO:0000045		71	-0.21077155	-0.8424485	0.852459	1.0	1.0	2884	tags=14%, list=12%, signal=16%	
MITOCHONDRIAL CALCIUM ION TRANSMEMBRANE TRANSPORT%GOBP%GO:0006851	MITOCHONDRIAL CALCIUM ION TRANSMEMBRANE TRANSPORT%GOBP%GO:0006851		20	-0.2935066	-0.84235877	0.7105263	1.0	1.0	1215	tags=10%, list=5%, signal=11%	
REGULATION OF SIGNAL TRANSDUCTION BY P53 CLASS MEDIATOR%GOBP%GO:1901796	REGULATION OF SIGNAL TRANSDUCTION BY P53 CLASS MEDIATOR%GOBP%GO:1901796		101	-0.20694338	-0.84220773	0.89928055	1.0	1.0	2397	tags=17%, list=10%, signal=19%	
REGULATION OF STRIATED MUSCLE TISSUE DEVELOPMENT%GOBP%GO:0016202	REGULATION OF STRIATED MUSCLE TISSUE DEVELOPMENT%GOBP%GO:0016202		18	-0.28646195	-0.8413043	0.7055016	1.0	1.0	2760	tags=22%, list=11%, signal=25%	
STRESS GRANULE ASSEMBLY%GOBP%GO:0034063	STRESS GRANULE ASSEMBLY%GOBP%GO:0034063		27	-0.26287508	-0.8410949	0.71972317	1.0	1.0	4132	tags=33%, list=17%, signal=40%	
SEMA3A PAK DEPENDENT AXON REPULSION%REACTOME%R-HSA-399954.4	SEMA3A PAK DEPENDENT AXON REPULSION%REACTOME%R-HSA-399954.4		16	-0.30386475	-0.8408527	0.69018406	1.0	1.0	5331	tags=38%, list=22%, signal=48%	
POSITIVE REGULATION OF BMP SIGNALING PATHWAY%GOBP%GO:0030513	POSITIVE REGULATION OF BMP SIGNALING PATHWAY%GOBP%GO:0030513		24	-0.27481627	-0.8406778	0.71378094	1.0	1.0	4695	tags=42%, list=19%, signal=51%	
REGULATION OF ENDOTHELIAL CELL PROLIFERATION%GOBP%GO:0001936	REGULATION OF ENDOTHELIAL CELL PROLIFERATION%GOBP%GO:0001936		108	-0.20668232	-0.84061474	0.8851351	1.0	1.0	2412	tags=12%, list=10%, signal=13%	
RNA POLYMERASE III TRANSCRIPTION INITIATION%REACTOME%R-HSA-76046.4	RNA POLYMERASE III TRANSCRIPTION INITIATION%REACTOME%R-HSA-76046.4		36	-0.25085306	-0.8405039	0.765625	1.0	1.0	3624	tags=25%, list=15%, signal=29%	
HEDGEHOG 'OFF' STATE%REACTOME DATABASE ID RELEASE 95%5610787	HEDGEHOG 'OFF' STATE%REACTOME DATABASE ID RELEASE 95%5610787		87	-0.20865062	-0.84046733	0.8580247	1.0	1.0	4658	tags=28%, list=19%, signal=34%	
CALCIUM REGULATION IN CARDIAC CELLS%WIKIPATHWAYS_20260211%WP536%HOMO SAPIENS	CALCIUM REGULATION IN CARDIAC CELLS%WIKIPATHWAYS_20260211%WP536%HOMO SAPIENS		119	-0.19800946	-0.8399263	0.9145299	1.0	1.0	1619	tags=10%, list=7%, signal=11%	
AP-1 TRANSCRIPTION FACTOR NETWORK%PATHWAY INTERACTION DATABASE NCI-NATURE CURATED DATA%AP-1 TRANSCRIPTION FACTOR NETWORK	AP-1 TRANSCRIPTION FACTOR NETWORK%PATHWAY INTERACTION DATABASE NCI-NATURE CURATED DATA%AP-1 TRANSCRIPTION FACTOR NETWORK		70	-0.21292055	-0.8398615	0.77894735	1.0	1.0	3195	tags=19%, list=13%, signal=21%	
TRNA 5'-END PROCESSING%GOBP%GO:0099116	TRNA 5'-END PROCESSING%GOBP%GO:0099116		15	-0.31135234	-0.83954436	0.69131833	1.0	1.0	3824	tags=33%, list=16%, signal=39%	
GLUTAMATE BINDING, ACTIVATION OF AMPA RECEPTORS AND SYNAPTIC PLASTICITY%REACTOME%R-HSA-399721.5	GLUTAMATE BINDING, ACTIVATION OF AMPA RECEPTORS AND SYNAPTIC PLASTICITY%REACTOME%R-HSA-399721.5		27	-0.2632668	-0.8395244	0.76811594	1.0	1.0	3175	tags=19%, list=13%, signal=21%	
INTRACELLULAR SIGNALLING THROUGH ADENOSINE RECEPTOR A2A AND ADENOSINE%SMPDB%SMP0000320	INTRACELLULAR SIGNALLING THROUGH ADENOSINE RECEPTOR A2A AND ADENOSINE%SMPDB%SMP0000320		37	-0.24973029	-0.838336	0.8032129	1.0	1.0	2395	tags=16%, list=10%, signal=18%	
TERPENOID METABOLIC PROCESS%GOBP%GO:0006721	TERPENOID METABOLIC PROCESS%GOBP%GO:0006721		85	-0.21340899	-0.83820003	0.88372093	1.0	1.0	1535	tags=11%, list=6%, signal=11%	
TRNA METHYLATION%GOBP%GO:0030488	TRNA METHYLATION%GOBP%GO:0030488		38	-0.24864873	-0.8379724	0.78205127	1.0	1.0	1892	tags=13%, list=8%, signal=14%	
CRANIAL SKELETAL SYSTEM DEVELOPMENT%GOBP%GO:1904888	CRANIAL SKELETAL SYSTEM DEVELOPMENT%GOBP%GO:1904888		26	-0.27427268	-0.83795696	0.73260075	1.0	1.0	3907	tags=23%, list=16%, signal=27%	
INTERCONVERSION OF NUCLEOTIDE DI- AND TRIPHOSPHATES%REACTOME DATABASE ID RELEASE 95%499943	INTERCONVERSION OF NUCLEOTIDE DI- AND TRIPHOSPHATES%REACTOME DATABASE ID RELEASE 95%499943		27	-0.2681797	-0.8369459	0.7275862	1.0	1.0	2469	tags=19%, list=10%, signal=21%	
REGULATION OF COLLAGEN METABOLIC PROCESS%GOBP%GO:0010712	REGULATION OF COLLAGEN METABOLIC PROCESS%GOBP%GO:0010712		23	-0.26929066	-0.8362764	0.74390244	1.0	1.0	3421	tags=26%, list=14%, signal=30%	
NEGATIVE REGULATION OF T CELL MEDIATED IMMUNITY%GOBP%GO:0002710	NEGATIVE REGULATION OF T CELL MEDIATED IMMUNITY%GOBP%GO:0002710		28	-0.25938943	-0.8361202	0.75769234	1.0	1.0	4034	tags=29%, list=16%, signal=34%	
REGULATION OF TRANSLATION IN RESPONSE TO STRESS%GOBP%GO:0043555	REGULATION OF TRANSLATION IN RESPONSE TO STRESS%GOBP%GO:0043555		17	-0.30051634	-0.83590364	0.703125	1.0	1.0	3341	tags=29%, list=14%, signal=34%	
ATR SIGNALING PATHWAY%PATHWAY INTERACTION DATABASE NCI-NATURE CURATED DATA%ATR SIGNALING PATHWAY	ATR SIGNALING PATHWAY%PATHWAY INTERACTION DATABASE NCI-NATURE CURATED DATA%ATR SIGNALING PATHWAY		39	-0.2459573	-0.835742	0.79116464	1.0	1.0	2058	tags=15%, list=8%, signal=17%	
PID_AVB3_INTEGRIN_PATHWAY%MSIGDB_C2%PID_AVB3_INTEGRIN_PATHWAY	PID_AVB3_INTEGRIN_PATHWAY%MSIGDB_C2%PID_AVB3_INTEGRIN_PATHWAY		58	-0.22337833	-0.835141	0.8484849	1.0	1.0	1396	tags=9%, list=6%, signal=9%	
INTRACELLULAR SIGNALLING THROUGH ADENOSINE RECEPTOR A2B AND ADENOSINE%SMPDB%SMP0000321	INTRACELLULAR SIGNALLING THROUGH ADENOSINE RECEPTOR A2B AND ADENOSINE%SMPDB%SMP0000321		38	-0.2412761	-0.83405405	0.8086957	1.0	1.0	2395	tags=16%, list=10%, signal=17%	
POSITIVE REGULATION OF LEUKOCYTE APOPTOTIC PROCESS%GOBP%GO:2000108	POSITIVE REGULATION OF LEUKOCYTE APOPTOTIC PROCESS%GOBP%GO:2000108		20	-0.29515213	-0.83403504	0.74358976	1.0	1.0	332	tags=10%, list=1%, signal=10%	
PROTEIN LOCALIZATION TO CHROMATIN%GOBP%GO:0071168	PROTEIN LOCALIZATION TO CHROMATIN%GOBP%GO:0071168		33	-0.2524733	-0.8332887	0.7826087	1.0	1.0	2239	tags=15%, list=9%, signal=17%	
POSITIVE REGULATION OF MORPHOGENESIS OF AN EPITHELIUM%GOBP%GO:1905332	POSITIVE REGULATION OF MORPHOGENESIS OF AN EPITHELIUM%GOBP%GO:1905332		26	-0.2697337	-0.83230907	0.72202164	1.0	1.0	1808	tags=15%, list=7%, signal=17%	
REGULATION OF CELL FATE COMMITMENT%GOBP%GO:0010453	REGULATION OF CELL FATE COMMITMENT%GOBP%GO:0010453		35	-0.2509311	-0.8322854	0.76447874	1.0	1.0	2314	tags=17%, list=9%, signal=19%	
CELLULAR RESPONSE TO CHEMICAL STRESS%REACTOME DATABASE ID RELEASE 95%9711123	CELLULAR RESPONSE TO CHEMICAL STRESS%REACTOME DATABASE ID RELEASE 95%9711123		188	-0.18676649	-0.83209664	0.9577465	1.0	1.0	5522	tags=30%, list=23%, signal=38%	
PROTEIN K63-LINKED DEUBIQUITINATION%GOBP%GO:0070536	PROTEIN K63-LINKED DEUBIQUITINATION%GOBP%GO:0070536		24	-0.26789278	-0.8315889	0.75174826	1.0	1.0	2976	tags=21%, list=12%, signal=24%	
TRNA CHARGING%BIOCYC%TRNA-CHARGING-PWY	TRNA CHARGING%BIOCYC%TRNA-CHARGING-PWY		38	-0.24236415	-0.8302929	0.7977528	1.0	1.0	2747	tags=18%, list=11%, signal=21%	
REGULATION OF MITOCHONDRIAL MEMBRANE POTENTIAL%GOBP%GO:0051881	REGULATION OF MITOCHONDRIAL MEMBRANE POTENTIAL%GOBP%GO:0051881		42	-0.23820482	-0.829219	0.77682406	1.0	1.0	1865	tags=14%, list=8%, signal=15%	
VIRION ASSEMBLY%GOBP%GO:0019068	VIRION ASSEMBLY%GOBP%GO:0019068		34	-0.24202883	-0.82920873	0.8	1.0	1.0	2881	tags=21%, list=12%, signal=23%	
G1 S TRANSITION%REACTOME DATABASE ID RELEASE 95%69206	G1 S TRANSITION%REACTOME DATABASE ID RELEASE 95%69206		121	-0.19941327	-0.8285401	0.90625	1.0	1.0	4658	tags=27%, list=19%, signal=34%	
COPII-COATED VESICLE BUDDING%GOBP%GO:0090114	COPII-COATED VESICLE BUDDING%GOBP%GO:0090114		39	-0.24173734	-0.82688063	0.79752064	1.0	1.0	2308	tags=18%, list=9%, signal=20%	
POSITIVE REGULATION OF DNA-TEMPLATED TRANSCRIPTION, ELONGATION%GOBP%GO:0032786	POSITIVE REGULATION OF DNA-TEMPLATED TRANSCRIPTION, ELONGATION%GOBP%GO:0032786		58	-0.21717373	-0.8266842	0.8756757	1.0	1.0	929	tags=9%, list=4%, signal=9%	
POSTTRANSLATIONAL REGULATION OF ADHERENS JUNCTION STABILITY AND DISSASSEMBLY%PATHWAY INTERACTION DATABASE NCI-NATURE CURATED DATA%POSTTRANSLATIONAL REGULATION OF ADHERENS JUNCTION STABILITY AND DISSASSEMBLY	POSTTRANSLATIONAL REGULATION OF ADHERENS JUNCTION STABILITY AND DISSASSEMBLY%PATHWAY INTERACTION DATABASE NCI-NATURE CURATED DATA%POSTTRANSLATIONAL REGULATION OF ADHERENS JUNCTION STABILITY AND DISSASSEMBLY		48	-0.23490311	-0.82611746	0.8185654	1.0	1.0	2701	tags=17%, list=11%, signal=19%	
NEGATIVE REGULATION OF CYTOKINE PRODUCTION INVOLVED IN IMMUNE RESPONSE%GOBP%GO:0002719	NEGATIVE REGULATION OF CYTOKINE PRODUCTION INVOLVED IN IMMUNE RESPONSE%GOBP%GO:0002719		23	-0.27361515	-0.8260807	0.7474049	1.0	1.0	4604	tags=35%, list=19%, signal=43%	
INSULIN PROCESSING%REACTOME DATABASE ID RELEASE 95%264876	INSULIN PROCESSING%REACTOME DATABASE ID RELEASE 95%264876		25	-0.26610485	-0.8252959	0.7765958	1.0	1.0	3360	tags=20%, list=14%, signal=23%	
CENTRAL NERVOUS SYSTEM NEURON DEVELOPMENT%GOBP%GO:0021954	CENTRAL NERVOUS SYSTEM NEURON DEVELOPMENT%GOBP%GO:0021954		43	-0.23205326	-0.82366437	0.8185654	1.0	1.0	145	tags=5%, list=1%, signal=5%	
FORMATION OF THE DYSTROPHIN-GLYCOPROTEIN COMPLEX (DGC)%REACTOME DATABASE ID RELEASE 95%9913351	FORMATION OF THE DYSTROPHIN-GLYCOPROTEIN COMPLEX (DGC)%REACTOME DATABASE ID RELEASE 95%9913351		30	-0.2549103	-0.8236598	0.77254903	1.0	1.0	2648	tags=17%, list=11%, signal=19%	
RNA POLYMERASE II TRANSCRIPTION TERMINATION%REACTOME%R-HSA-73856.6	RNA POLYMERASE II TRANSCRIPTION TERMINATION%REACTOME%R-HSA-73856.6		66	-0.2172124	-0.82329816	0.8606965	1.0	1.0	4143	tags=26%, list=17%, signal=31%	
IMP METABOLIC PROCESS%GOBP%GO:0046040	IMP METABOLIC PROCESS%GOBP%GO:0046040		15	-0.30653945	-0.82302946	0.7056856	1.0	1.0	2482	tags=33%, list=10%, signal=37%	
MEMBRANE REPOLARIZATION DURING ACTION POTENTIAL%GOBP%GO:0086011	MEMBRANE REPOLARIZATION DURING ACTION POTENTIAL%GOBP%GO:0086011		22	-0.2769794	-0.82285905	0.760274	1.0	1.0	4756	tags=32%, list=19%, signal=39%	
NEUROINFLAMMATION AND GLUTAMATERGIC SIGNALING%WIKIPATHWAYS_20260211%WP5083%HOMO SAPIENS	NEUROINFLAMMATION AND GLUTAMATERGIC SIGNALING%WIKIPATHWAYS_20260211%WP5083%HOMO SAPIENS		108	-0.20031324	-0.82243794	0.8819444	1.0	1.0	3175	tags=15%, list=13%, signal=17%	
GAP-FILLING DNA REPAIR SYNTHESIS AND LIGATION IN TC-NER%REACTOME%R-HSA-6782210.3	GAP-FILLING DNA REPAIR SYNTHESIS AND LIGATION IN TC-NER%REACTOME%R-HSA-6782210.3		61	-0.22204295	-0.82194334	0.8795181	1.0	1.0	5478	tags=36%, list=22%, signal=46%	
EPITHELIAL TO MESENCHYMAL TRANSITION%GOBP%GO:0001837	EPITHELIAL TO MESENCHYMAL TRANSITION%GOBP%GO:0001837		67	-0.215392	-0.82172215	0.9065934	1.0	1.0	2904	tags=19%, list=12%, signal=22%	
NEGATIVE REGULATION OF PROTEIN PROCESSING%GOBP%GO:0010955	NEGATIVE REGULATION OF PROTEIN PROCESSING%GOBP%GO:0010955		16	-0.28746215	-0.82125604	0.737013	1.0	1.0	1383	tags=13%, list=6%, signal=13%	
ECM PROTEOGLYCANS%REACTOME DATABASE ID RELEASE 95%3000178	ECM PROTEOGLYCANS%REACTOME DATABASE ID RELEASE 95%3000178		56	-0.2249613	-0.8207649	0.8494624	1.0	1.0	720	tags=9%, list=3%, signal=9%	
PROTEIN DEPOLYMERIZATION%GOBP%GO:0051261	PROTEIN DEPOLYMERIZATION%GOBP%GO:0051261		35	-0.24650489	-0.82069707	0.7733333	1.0	1.0	1584	tags=11%, list=6%, signal=12%	
NEGATIVE REGULATION OF AXONOGENESIS%GOBP%GO:0050771	NEGATIVE REGULATION OF AXONOGENESIS%GOBP%GO:0050771		24	-0.26826257	-0.8204529	0.7635135	1.0	1.0	2479	tags=17%, list=10%, signal=19%	
REGULATION OF MITF-M-DEPENDENT GENES INVOLVED IN PIGMENTATION%REACTOME DATABASE ID RELEASE 95%9824585	REGULATION OF MITF-M-DEPENDENT GENES INVOLVED IN PIGMENTATION%REACTOME DATABASE ID RELEASE 95%9824585		40	-0.23790574	-0.8199704	0.79916316	1.0	1.0	1808	tags=13%, list=7%, signal=13%	
SYNDECAN INTERACTIONS%REACTOME%R-HSA-3000170.4	SYNDECAN INTERACTIONS%REACTOME%R-HSA-3000170.4		20	-0.2789177	-0.81980866	0.75570035	1.0	1.0	17	tags=5%, list=0%, signal=5%	
NEGATIVE REGULATION OF MUSCLE CELL DIFFERENTIATION%GOBP%GO:0051148	NEGATIVE REGULATION OF MUSCLE CELL DIFFERENTIATION%GOBP%GO:0051148		34	-0.24813105	-0.819388	0.79924244	1.0	1.0	3757	tags=26%, list=15%, signal=31%	
PID_IL6_7_PATHWAY%MSIGDB_C2%PID_IL6_7_PATHWAY	PID_IL6_7_PATHWAY%MSIGDB_C2%PID_IL6_7_PATHWAY		38	-0.2395873	-0.81913674	0.7871486	1.0	1.0	2806	tags=16%, list=11%, signal=18%	
FACE DEVELOPMENT%GOBP%GO:0060324	FACE DEVELOPMENT%GOBP%GO:0060324		17	-0.29519114	-0.81835896	0.7631579	1.0	1.0	3094	tags=29%, list=13%, signal=34%	
WNT%NETPATH%WNT	WNT%NETPATH%WNT		46	-0.23481323	-0.81773734	0.84821427	1.0	1.0	1735	tags=13%, list=7%, signal=14%	
PROSTANOID BIOSYNTHETIC PROCESS%GOBP%GO:0046457	PROSTANOID BIOSYNTHETIC PROCESS%GOBP%GO:0046457		17	-0.28751254	-0.81669277	0.75333333	1.0	1.0	2142	tags=12%, list=9%, signal=13%	
PID_TRKR_PATHWAY%MSIGDB_C2%PID_TRKR_PATHWAY	PID_TRKR_PATHWAY%MSIGDB_C2%PID_TRKR_PATHWAY		49	-0.22527368	-0.81568384	0.85714287	1.0	1.0	3408	tags=18%, list=14%, signal=21%	
RRNA METHYLATION%GOBP%GO:0031167	RRNA METHYLATION%GOBP%GO:0031167		25	-0.25954646	-0.8156823	0.7938144	1.0	1.0	2295	tags=20%, list=9%, signal=22%	
NOTCH SIGNALING PATHWAY%PATHWAY INTERACTION DATABASE NCI-NATURE CURATED DATA%NOTCH SIGNALING PATHWAY	NOTCH SIGNALING PATHWAY%PATHWAY INTERACTION DATABASE NCI-NATURE CURATED DATA%NOTCH SIGNALING PATHWAY		58	-0.2183279	-0.8155605	0.8711111	1.0	1.0	2895	tags=14%, list=12%, signal=16%	
TRANSCRIPTIONAL REGULATION BY THE AP-2 (TFAP2) FAMILY OF TRANSCRIPTION FACTORS%REACTOME%R-HSA-8864260.5	TRANSCRIPTIONAL REGULATION BY THE AP-2 (TFAP2) FAMILY OF TRANSCRIPTION FACTORS%REACTOME%R-HSA-8864260.5		36	-0.24318247	-0.8154848	0.81092435	1.0	1.0	3778	tags=25%, list=15%, signal=30%	
DUAL INCISION IN TC-NER%REACTOME%R-HSA-6782135.4	DUAL INCISION IN TC-NER%REACTOME%R-HSA-6782135.4		62	-0.2149979	-0.815442	0.87362635	1.0	1.0	5676	tags=39%, list=23%, signal=50%	
ACTION POTENTIAL%GOBP%GO:0001508	ACTION POTENTIAL%GOBP%GO:0001508		100	-0.19845189	-0.81513816	0.9457364	1.0	1.0	1913	tags=11%, list=8%, signal=12%	
TP53 REGULATES TRANSCRIPTION OF DNA REPAIR GENES%REACTOME%R-HSA-6796648.5	TP53 REGULATES TRANSCRIPTION OF DNA REPAIR GENES%REACTOME%R-HSA-6796648.5		62	-0.215478	-0.8147605	0.90686274	1.0	1.0	5185	tags=34%, list=21%, signal=43%	
REGULATION OF RESPIRATORY BURST%GOBP%GO:0060263	REGULATION OF RESPIRATORY BURST%GOBP%GO:0060263		16	-0.2896295	-0.8145587	0.748366	1.0	1.0	1961	tags=25%, list=8%, signal=27%	
TRAFFICKING OF AMPA RECEPTORS%REACTOME%R-HSA-399719.3	TRAFFICKING OF AMPA RECEPTORS%REACTOME%R-HSA-399719.3		27	-0.2632668	-0.81434083	0.77692306	1.0	1.0	3175	tags=19%, list=13%, signal=21%	
NUCLEOLAR LARGE RRNA TRANSCRIPTION BY RNA POLYMERASE I%GOBP%GO:0042790	NUCLEOLAR LARGE RRNA TRANSCRIPTION BY RNA POLYMERASE I%GOBP%GO:0042790		15	-0.30236548	-0.8131421	0.72483224	1.0	1.0	17092	tags=100%, list=70%, signal=331%	
REGULATION OF NUCLEAR BETA CATENIN SIGNALING AND TARGET GENE TRANSCRIPTION%PATHWAY INTERACTION DATABASE NCI-NATURE CURATED DATA%REGULATION OF NUCLEAR BETA CATENIN SIGNALING AND TARGET GENE TRANSCRIPTION	REGULATION OF NUCLEAR BETA CATENIN SIGNALING AND TARGET GENE TRANSCRIPTION%PATHWAY INTERACTION DATABASE NCI-NATURE CURATED DATA%REGULATION OF NUCLEAR BETA CATENIN SIGNALING AND TARGET GENE TRANSCRIPTION		79	-0.2071403	-0.81266403	0.90604025	1.0	1.0	3016	tags=18%, list=12%, signal=20%	
WHITE FAT CELL DIFFERENTIATION%WIKIPATHWAYS_20260211%WP4149%HOMO SAPIENS	WHITE FAT CELL DIFFERENTIATION%WIKIPATHWAYS_20260211%WP4149%HOMO SAPIENS		28	-0.25480628	-0.811891	0.80514705	1.0	1.0	3852	tags=25%, list=16%, signal=30%	
GASTRIN SIGNALING%WIKIPATHWAYS_20260211%WP4659%HOMO SAPIENS	GASTRIN SIGNALING%WIKIPATHWAYS_20260211%WP4659%HOMO SAPIENS		96	-0.19886017	-0.81148714	0.91925466	1.0	1.0	2737	tags=13%, list=11%, signal=14%	
INHIBITION OF VOLTAGE GATED CA2+ CHANNELS VIA GBETA GAMMA SUBUNITS%REACTOME%R-HSA-997272.3	INHIBITION OF VOLTAGE GATED CA2+ CHANNELS VIA GBETA GAMMA SUBUNITS%REACTOME%R-HSA-997272.3		29	-0.25315925	-0.81136817	0.8	1.0	1.0	1619	tags=14%, list=7%, signal=15%	
SIGNALING EVENTS MEDIATED BY PRL%PATHWAY INTERACTION DATABASE NCI-NATURE CURATED DATA%SIGNALING EVENTS MEDIATED BY PRL	SIGNALING EVENTS MEDIATED BY PRL%PATHWAY INTERACTION DATABASE NCI-NATURE CURATED DATA%SIGNALING EVENTS MEDIATED BY PRL		23	-0.2760755	-0.8112108	0.75609756	1.0	1.0	4594	tags=26%, list=19%, signal=32%	
NONSENSE MEDIATED DECAY (NMD) ENHANCED BY THE EXON JUNCTION COMPLEX (EJC)%REACTOME DATABASE ID RELEASE 95%975957	NONSENSE MEDIATED DECAY (NMD) ENHANCED BY THE EXON JUNCTION COMPLEX (EJC)%REACTOME DATABASE ID RELEASE 95%975957		115	-0.19449139	-0.81115913	0.964539	1.0	1.0	5877	tags=33%, list=24%, signal=43%	
ENDOSOME TO LYSOSOME TRANSPORT%GOBP%GO:0008333	ENDOSOME TO LYSOSOME TRANSPORT%GOBP%GO:0008333		64	-0.21352392	-0.81113297	0.90909094	1.0	1.0	2651	tags=14%, list=11%, signal=16%	
RNA POLYMERASE III TRANSCRIPTION INITIATION FROM TYPE 2 PROMOTER%REACTOME DATABASE ID RELEASE 95%76066	RNA POLYMERASE III TRANSCRIPTION INITIATION FROM TYPE 2 PROMOTER%REACTOME DATABASE ID RELEASE 95%76066		27	-0.2590583	-0.8110365	0.79182154	1.0	1.0	3624	tags=26%, list=15%, signal=30%	
REGULATION OF MUSCLE TISSUE DEVELOPMENT%GOBP%GO:1901861	REGULATION OF MUSCLE TISSUE DEVELOPMENT%GOBP%GO:1901861		18	-0.28646195	-0.81090146	0.7749196	1.0	1.0	2760	tags=22%, list=11%, signal=25%	
PROCESSIVE SYNTHESIS ON THE C-STRAND OF THE TELOMERE%REACTOME DATABASE ID RELEASE 95%174414	PROCESSIVE SYNTHESIS ON THE C-STRAND OF THE TELOMERE%REACTOME DATABASE ID RELEASE 95%174414		19	-0.28638428	-0.81074846	0.75086504	1.0	1.0	1813	tags=16%, list=7%, signal=17%	
ACTIVATION OF G PROTEIN GATED POTASSIUM CHANNELS%REACTOME%R-HSA-1296041.4	ACTIVATION OF G PROTEIN GATED POTASSIUM CHANNELS%REACTOME%R-HSA-1296041.4		29	-0.25315925	-0.8104358	0.8	1.0	1.0	1619	tags=14%, list=7%, signal=15%	
REGULATION OF ENDOTHELIAL CELL MIGRATION%GOBP%GO:0010594	REGULATION OF ENDOTHELIAL CELL MIGRATION%GOBP%GO:0010594		156	-0.18648638	-0.8095122	1.0	1.0	1.0	2968	tags=13%, list=12%, signal=14%	
PID_AVB3_OPN_PATHWAY%MSIGDB_C2%PID_AVB3_OPN_PATHWAY	PID_AVB3_OPN_PATHWAY%MSIGDB_C2%PID_AVB3_OPN_PATHWAY		26	-0.24693748	-0.8094426	0.8088235	1.0	1.0	2659	tags=23%, list=11%, signal=26%	
ATTACHMENT AND ENTRY%REACTOME DATABASE ID RELEASE 95%9694614	ATTACHMENT AND ENTRY%REACTOME DATABASE ID RELEASE 95%9694614		19	-0.27684796	-0.80922014	0.78896105	1.0	1.0	17	tags=5%, list=0%, signal=5%	
POSITIVE REGULATION OF D-GLUCOSE IMPORT ACROSS PLASMA MEMBRANE%GOBP%GO:0046326	POSITIVE REGULATION OF D-GLUCOSE IMPORT ACROSS PLASMA MEMBRANE%GOBP%GO:0046326		26	-0.2565015	-0.8090265	0.78909093	1.0	1.0	1717	tags=12%, list=7%, signal=12%	
REGULATION OF PEPTIDE HORMONE SECRETION%GOBP%GO:0090276	REGULATION OF PEPTIDE HORMONE SECRETION%GOBP%GO:0090276		136	-0.19097199	-0.80883723	0.9611651	1.0	1.0	2793	tags=13%, list=11%, signal=15%	
TRNA AMINOACYLATION FOR PROTEIN TRANSLATION%GOBP%GO:0006418	TRNA AMINOACYLATION FOR PROTEIN TRANSLATION%GOBP%GO:0006418		41	-0.23291741	-0.80827826	0.84322035	1.0	1.0	2747	tags=17%, list=11%, signal=19%	
RESPONSE TO ACETYLCHOLINE%GOBP%GO:1905144	RESPONSE TO ACETYLCHOLINE%GOBP%GO:1905144		43	-0.2294692	-0.80826247	0.82272726	1.0	1.0	2757	tags=19%, list=11%, signal=21%	
TRP CHANNELS%REACTOME%R-HSA-3295583.4	TRP CHANNELS%REACTOME%R-HSA-3295583.4		25	-0.26580748	-0.807807	0.79636365	1.0	1.0	2792	tags=16%, list=11%, signal=18%	
PID_CMYB_PATHWAY%MSIGDB_C2%PID_CMYB_PATHWAY	PID_CMYB_PATHWAY%MSIGDB_C2%PID_CMYB_PATHWAY		68	-0.20950179	-0.8078066	0.8882353	1.0	1.0	4161	tags=21%, list=17%, signal=25%	
BASE EXCISION REPAIR%REACTOME DATABASE ID RELEASE 95%73884	BASE EXCISION REPAIR%REACTOME DATABASE ID RELEASE 95%73884		68	-0.21199016	-0.8077517	0.9072165	1.0	1.0	2413	tags=12%, list=10%, signal=13%	
NONSENSE-MEDIATED DECAY (NMD)%REACTOME%R-HSA-927802.4	NONSENSE-MEDIATED DECAY (NMD)%REACTOME%R-HSA-927802.4		115	-0.19449139	-0.80729777	0.9583333	1.0	1.0	5877	tags=33%, list=24%, signal=43%	
REGULATION OF TP53 ACTIVITY THROUGH METHYLATION%REACTOME%R-HSA-6804760.3	REGULATION OF TP53 ACTIVITY THROUGH METHYLATION%REACTOME%R-HSA-6804760.3		19	-0.28240928	-0.8070946	0.7482993	1.0	1.0	1599	tags=16%, list=7%, signal=17%	
EXTRINSIC APOPTOTIC SIGNALING PATHWAY%GOBP%GO:0097191	EXTRINSIC APOPTOTIC SIGNALING PATHWAY%GOBP%GO:0097191		77	-0.2076409	-0.8069128	0.9166667	1.0	1.0	2039	tags=12%, list=8%, signal=13%	
REGULATION OF CELL-SUBSTRATE JUNCTION ORGANIZATION%GOBP%GO:0150116	REGULATION OF CELL-SUBSTRATE JUNCTION ORGANIZATION%GOBP%GO:0150116		65	-0.2097316	-0.80684084	0.8923077	1.0	1.0	5647	tags=32%, list=23%, signal=42%	
INOSITOL PHOSPHATE METABOLIC PROCESS%GOBP%GO:0043647	INOSITOL PHOSPHATE METABOLIC PROCESS%GOBP%GO:0043647		24	-0.2630948	-0.8066957	0.80144405	1.0	1.0	3170	tags=21%, list=13%, signal=24%	
CENTRAL NERVOUS SYSTEM NEURON AXONOGENESIS%GOBP%GO:0021955	CENTRAL NERVOUS SYSTEM NEURON AXONOGENESIS%GOBP%GO:0021955		20	-0.27801988	-0.80634016	0.7483871	1.0	1.0	145	tags=5%, list=1%, signal=5%	
POSITIVE REGULATION OF T-HELPER CELL DIFFERENTIATION%GOBP%GO:0045624	POSITIVE REGULATION OF T-HELPER CELL DIFFERENTIATION%GOBP%GO:0045624		22	-0.27359563	-0.806302	0.7892857	1.0	1.0	5209	tags=36%, list=21%, signal=46%	
VEGFR2 MEDIATED VASCULAR PERMEABILITY%REACTOME%R-HSA-5218920.4	VEGFR2 MEDIATED VASCULAR PERMEABILITY%REACTOME%R-HSA-5218920.4		27	-0.2579949	-0.8057289	0.7753623	1.0	1.0	5826	tags=37%, list=24%, signal=49%	
REGULATION OF TP53 DEGRADATION%REACTOME%R-HSA-6804757.3	REGULATION OF TP53 DEGRADATION%REACTOME%R-HSA-6804757.3		36	-0.24118437	-0.80570143	0.8300395	1.0	1.0	4894	tags=33%, list=20%, signal=42%	
CS DS DEGRADATION%REACTOME%R-HSA-2024101.6	CS DS DEGRADATION%REACTOME%R-HSA-2024101.6		20	-0.2745295	-0.8056192	0.7719298	1.0	1.0	647	tags=10%, list=3%, signal=10%	
PID_E2F_PATHWAY%MSIGDB_C2%PID_E2F_PATHWAY	PID_E2F_PATHWAY%MSIGDB_C2%PID_E2F_PATHWAY		57	-0.21715124	-0.80537635	0.88709676	1.0	1.0	1950	tags=12%, list=8%, signal=13%	
G PROTEIN GATED POTASSIUM CHANNELS%REACTOME%R-HSA-1296059.4	G PROTEIN GATED POTASSIUM CHANNELS%REACTOME%R-HSA-1296059.4		29	-0.25315925	-0.8048072	0.7900763	1.0	1.0	1619	tags=14%, list=7%, signal=15%	
G BETA:GAMMA SIGNALLING THROUGH BTK%REACTOME DATABASE ID RELEASE 95%8964315	G BETA:GAMMA SIGNALLING THROUGH BTK%REACTOME DATABASE ID RELEASE 95%8964315		18	-0.28408137	-0.8035639	0.75517243	1.0	1.0	4306	tags=33%, list=18%, signal=40%	
EXTRACELLULAR MATRIX DISASSEMBLY%GOBP%GO:0022617	EXTRACELLULAR MATRIX DISASSEMBLY%GOBP%GO:0022617		42	-0.23068577	-0.8035509	0.8181818	1.0	1.0	1375	tags=10%, list=6%, signal=10%	
WNT%IOB%WNT	WNT%IOB%WNT		61	-0.21500948	-0.80301774	0.90425533	1.0	1.0	1808	tags=13%, list=7%, signal=14%	
RRNA CATABOLIC PROCESS%GOBP%GO:0016075	RRNA CATABOLIC PROCESS%GOBP%GO:0016075		18	-0.28949943	-0.802749	0.7353952	1.0	1.0	5971	tags=44%, list=24%, signal=59%	
SARS-COV-1 TARGETS HOST INTRACELLULAR SIGNALLING AND REGULATORY PATHWAYS%REACTOME%R-HSA-9735871.2	SARS-COV-1 TARGETS HOST INTRACELLULAR SIGNALLING AND REGULATORY PATHWAYS%REACTOME%R-HSA-9735871.2		15	-0.3041922	-0.8026736	0.7378049	1.0	1.0	899	tags=13%, list=4%, signal=14%	
MITOTIC G1 PHASE AND G1 S TRANSITION%REACTOME DATABASE ID RELEASE 95%453279	MITOTIC G1 PHASE AND G1 S TRANSITION%REACTOME DATABASE ID RELEASE 95%453279		138	-0.1871622	-0.8025847	0.9626168	1.0	1.0	5393	tags=30%, list=22%, signal=39%	
REGULATION OF ANDROGEN RECEPTOR ACTIVITY%PATHWAY INTERACTION DATABASE NCI-NATURE CURATED DATA%REGULATION OF ANDROGEN RECEPTOR ACTIVITY	REGULATION OF ANDROGEN RECEPTOR ACTIVITY%PATHWAY INTERACTION DATABASE NCI-NATURE CURATED DATA%REGULATION OF ANDROGEN RECEPTOR ACTIVITY		53	-0.21997957	-0.80189294	0.87142855	1.0	1.0	1968	tags=15%, list=8%, signal=16%	
PID_VEGFR1_2_PATHWAY%MSIGDB_C2%PID_VEGFR1_2_PATHWAY	PID_VEGFR1_2_PATHWAY%MSIGDB_C2%PID_VEGFR1_2_PATHWAY		53	-0.21527782	-0.80088896	0.89756095	1.0	1.0	2701	tags=19%, list=11%, signal=21%	
NEGATIVE REGULATION OF INTERLEUKIN-6 PRODUCTION%GOBP%GO:0032715	NEGATIVE REGULATION OF INTERLEUKIN-6 PRODUCTION%GOBP%GO:0032715		33	-0.23962161	-0.8006582	0.78210115	1.0	1.0	2442	tags=18%, list=10%, signal=20%	
PID_ILK_PATHWAY%MSIGDB_C2%PID_ILK_PATHWAY	PID_ILK_PATHWAY%MSIGDB_C2%PID_ILK_PATHWAY		34	-0.23735735	-0.80032694	0.8	1.0	1.0	2100	tags=15%, list=9%, signal=16%	
CENTROSOME MATURATION%REACTOME DATABASE ID RELEASE 95%380287	CENTROSOME MATURATION%REACTOME DATABASE ID RELEASE 95%380287		79	-0.20052515	-0.799344	0.9467456	1.0	1.0	4821	tags=27%, list=20%, signal=33%	
BIOCARTA_ARENRF2_PATHWAY%MSIGDB_C2%BIOCARTA_ARENRF2_PATHWAY	BIOCARTA_ARENRF2_PATHWAY%MSIGDB_C2%BIOCARTA_ARENRF2_PATHWAY		17	-0.28764144	-0.7989939	0.7641196	1.0	1.0	1334	tags=12%, list=5%, signal=12%	
PID_ERBB1_DOWNSTREAM_PATHWAY%MSIGDB_C2%PID_ERBB1_DOWNSTREAM_PATHWAY	PID_ERBB1_DOWNSTREAM_PATHWAY%MSIGDB_C2%PID_ERBB1_DOWNSTREAM_PATHWAY		85	-0.19930404	-0.798598	0.8993711	1.0	1.0	3454	tags=21%, list=14%, signal=25%	
CELLULAR RESPONSE TO ACETYLCHOLINE%GOBP%GO:1905145	CELLULAR RESPONSE TO ACETYLCHOLINE%GOBP%GO:1905145		43	-0.2294692	-0.7980292	0.82758623	1.0	1.0	2757	tags=19%, list=11%, signal=21%	
RNA POLYMERASE III TRANSCRIPTION INITIATION FROM TYPE 1 PROMOTER%REACTOME DATABASE ID RELEASE 95%76061	RNA POLYMERASE III TRANSCRIPTION INITIATION FROM TYPE 1 PROMOTER%REACTOME DATABASE ID RELEASE 95%76061		28	-0.2553197	-0.79798317	0.796875	1.0	1.0	3624	tags=25%, list=15%, signal=29%	
NUCLEOTIDE EXCISION REPAIR%REACTOME%R-HSA-5696398.4	NUCLEOTIDE EXCISION REPAIR%REACTOME%R-HSA-5696398.4		107	-0.19647883	-0.7977927	0.9461538	1.0	1.0	5676	tags=36%, list=23%, signal=46%	
NEGATIVE REGULATION OF MRNA PROCESSING%GOBP%GO:0050686	NEGATIVE REGULATION OF MRNA PROCESSING%GOBP%GO:0050686		27	-0.253881	-0.79749256	0.7808765	1.0	1.0	4627	tags=30%, list=19%, signal=36%	
FATTY ACID DERIVATIVE BIOSYNTHETIC PROCESS%GOBP%GO:1901570	FATTY ACID DERIVATIVE BIOSYNTHETIC PROCESS%GOBP%GO:1901570		48	-0.2216626	-0.7973926	0.91284406	1.0	1.0	2894	tags=19%, list=12%, signal=21%	
TRNA AMINOACYLATION%REACTOME%R-HSA-379724.3	TRNA AMINOACYLATION%REACTOME%R-HSA-379724.3		41	-0.23083021	-0.79642665	0.87083334	1.0	1.0	2747	tags=17%, list=11%, signal=19%	
INTRINSIC PATHWAY FOR APOPTOSIS%REACTOME DATABASE ID RELEASE 95%109606	INTRINSIC PATHWAY FOR APOPTOSIS%REACTOME DATABASE ID RELEASE 95%109606		54	-0.21773243	-0.79636234	0.8682927	1.0	1.0	2400	tags=17%, list=10%, signal=18%	
RHO GTPASES ACTIVATE ROCKS%REACTOME%R-HSA-5627117.5	RHO GTPASES ACTIVATE ROCKS%REACTOME%R-HSA-5627117.5		19	-0.27931893	-0.7948169	0.77591974	1.0	1.0	2785	tags=16%, list=11%, signal=18%	
GOLGI ASSOCIATED VESICLE BIOGENESIS%REACTOME%R-HSA-432722.5	GOLGI ASSOCIATED VESICLE BIOGENESIS%REACTOME%R-HSA-432722.5		54	-0.21580268	-0.79433596	0.8797814	1.0	1.0	2431	tags=15%, list=10%, signal=16%	
RNA POL II CTD PHOSPHORYLATION AND INTERACTION WITH CE%REACTOME%R-HSA-77075.4	RNA POL II CTD PHOSPHORYLATION AND INTERACTION WITH CE%REACTOME%R-HSA-77075.4		27	-0.2422156	-0.7940451	0.8164794	1.0	1.0	6111	tags=44%, list=25%, signal=59%	
RESPONSE TO ESTRADIOL%GOBP%GO:0032355	RESPONSE TO ESTRADIOL%GOBP%GO:0032355		31	-0.24492279	-0.7937139	0.8047809	1.0	1.0	4119	tags=26%, list=17%, signal=31%	
WNT BETA CATENIN SIGNALING IN LEUKEMIA%WIKIPATHWAYS_20260211%WP3658%HOMO SAPIENS	WNT BETA CATENIN SIGNALING IN LEUKEMIA%WIKIPATHWAYS_20260211%WP3658%HOMO SAPIENS		23	-0.26794356	-0.79335624	0.79477614	1.0	1.0	3713	tags=26%, list=15%, signal=31%	
ARP2/3 COMPLEX-MEDIATED ACTIN NUCLEATION%GOBP%GO:0034314	ARP2/3 COMPLEX-MEDIATED ACTIN NUCLEATION%GOBP%GO:0034314		16	-0.28834298	-0.7921078	0.7622378	1.0	1.0	3106	tags=25%, list=13%, signal=29%	
REGULATION OF PEPTIDE SECRETION%GOBP%GO:0002791	REGULATION OF PEPTIDE SECRETION%GOBP%GO:0002791		138	-0.18595682	-0.7920563	0.9896907	1.0	1.0	2793	tags=13%, list=11%, signal=15%	
LENS DEVELOPMENT IN CAMERA-TYPE EYE%GOBP%GO:0002088	LENS DEVELOPMENT IN CAMERA-TYPE EYE%GOBP%GO:0002088		41	-0.22715071	-0.7917394	0.86403507	1.0	1.0	5128	tags=34%, list=21%, signal=43%	
REGULATION OF INTERLEUKIN-4 PRODUCTION%GOBP%GO:0032673	REGULATION OF INTERLEUKIN-4 PRODUCTION%GOBP%GO:0032673		25	-0.26120758	-0.79163903	0.79044116	1.0	1.0	3852	tags=28%, list=16%, signal=33%	
GLYCOSAMINOGLYCAN BIOSYNTHETIC PROCESS%GOBP%GO:0006024	GLYCOSAMINOGLYCAN BIOSYNTHETIC PROCESS%GOBP%GO:0006024		23	-0.25999594	-0.79137826	0.8201439	1.0	1.0	1980	tags=13%, list=8%, signal=14%	
SENESCENCE AND AUTOPHAGY IN CANCER%WIKIPATHWAYS_20260211%WP615%HOMO SAPIENS	SENESCENCE AND AUTOPHAGY IN CANCER%WIKIPATHWAYS_20260211%WP615%HOMO SAPIENS		86	-0.2009389	-0.7912207	0.9347826	1.0	1.0	1467	tags=5%, list=6%, signal=5%	
NEGATIVE REGULATION OF PROTEIN MATURATION%GOBP%GO:1903318	NEGATIVE REGULATION OF PROTEIN MATURATION%GOBP%GO:1903318		17	-0.2848725	-0.79089177	0.7574751	1.0	1.0	1383	tags=12%, list=6%, signal=12%	
REGULATION OF TP53 EXPRESSION AND DEGRADATION%REACTOME%R-HSA-6806003.4	REGULATION OF TP53 EXPRESSION AND DEGRADATION%REACTOME%R-HSA-6806003.4		37	-0.2306176	-0.79074323	0.86147183	1.0	1.0	4894	tags=32%, list=20%, signal=40%	
ACETYLCHOLINE RECEPTOR SIGNALING PATHWAY%GOBP%GO:0095500	ACETYLCHOLINE RECEPTOR SIGNALING PATHWAY%GOBP%GO:0095500		41	-0.22453408	-0.7902365	0.8786611	1.0	1.0	1263	tags=12%, list=5%, signal=13%	
REGULATION OF DEFENSE RESPONSE TO VIRUS%GOBP%GO:0050688	REGULATION OF DEFENSE RESPONSE TO VIRUS%GOBP%GO:0050688		50	-0.21784075	-0.79000473	0.8894009	1.0	1.0	2356	tags=14%, list=10%, signal=15%	
PID_AMB2_NEUTROPHILS_PATHWAY%MSIGDB_C2%PID_AMB2_NEUTROPHILS_PATHWAY	PID_AMB2_NEUTROPHILS_PATHWAY%MSIGDB_C2%PID_AMB2_NEUTROPHILS_PATHWAY		30	-0.24063109	-0.78937113	0.87258685	1.0	1.0	2701	tags=13%, list=11%, signal=15%	
APICAL JUNCTION ASSEMBLY%GOBP%GO:0043297	APICAL JUNCTION ASSEMBLY%GOBP%GO:0043297		37	-0.23445588	-0.789314	0.86904764	1.0	1.0	435	tags=5%, list=2%, signal=5%	
PROTEIN QUALITY CONTROL FOR MISFOLDED OR INCOMPLETELY SYNTHESIZED PROTEINS%GOBP%GO:0006515	PROTEIN QUALITY CONTROL FOR MISFOLDED OR INCOMPLETELY SYNTHESIZED PROTEINS%GOBP%GO:0006515		30	-0.24475482	-0.7886321	0.82656825	1.0	1.0	2322	tags=17%, list=9%, signal=18%	
POSITIVE REGULATION OF FOCAL ADHESION ASSEMBLY%GOBP%GO:0051894	POSITIVE REGULATION OF FOCAL ADHESION ASSEMBLY%GOBP%GO:0051894		19	-0.2765768	-0.78832823	0.80071175	1.0	1.0	5575	tags=42%, list=23%, signal=54%	
FRUCTOSE INTOLERANCE, HEREDITARY%PATHWHIZ%PW000702	FRUCTOSE INTOLERANCE, HEREDITARY%PATHWHIZ%PW000702		18	-0.27502576	-0.7881591	0.75789475	1.0	1.0	109	tags=6%, list=0%, signal=6%	
PROTEIN TRANSPORT ALONG MICROTUBULE%GOBP%GO:0098840	PROTEIN TRANSPORT ALONG MICROTUBULE%GOBP%GO:0098840		19	-0.27357456	-0.7879026	0.75757575	1.0	1.0	3360	tags=21%, list=14%, signal=24%	
ENDOTHELIAL CELL DIFFERENTIATION%GOBP%GO:0045446	ENDOTHELIAL CELL DIFFERENTIATION%GOBP%GO:0045446		57	-0.21542874	-0.78744173	0.8955224	1.0	1.0	2336	tags=12%, list=10%, signal=14%	
EXTRA-NUCLEAR ESTROGEN SIGNALING%REACTOME DATABASE ID RELEASE 95%9009391	EXTRA-NUCLEAR ESTROGEN SIGNALING%REACTOME DATABASE ID RELEASE 95%9009391		71	-0.20530571	-0.78726536	0.93010753	1.0	1.0	1619	tags=11%, list=7%, signal=12%	
AMB2 INTEGRIN SIGNALING%PATHWAY INTERACTION DATABASE NCI-NATURE CURATED DATA%AMB2 INTEGRIN SIGNALING	AMB2 INTEGRIN SIGNALING%PATHWAY INTERACTION DATABASE NCI-NATURE CURATED DATA%AMB2 INTEGRIN SIGNALING		32	-0.23605315	-0.78709084	0.8259109	1.0	1.0	572	tags=6%, list=2%, signal=6%	
RETINOIC ACID METABOLIC PROCESS%GOBP%GO:0042573	RETINOIC ACID METABOLIC PROCESS%GOBP%GO:0042573		26	-0.25724608	-0.78699213	0.8169014	1.0	1.0	2229	tags=15%, list=9%, signal=17%	
SKELETAL MUSCLE ORGAN DEVELOPMENT%GOBP%GO:0060538	SKELETAL MUSCLE ORGAN DEVELOPMENT%GOBP%GO:0060538		59	-0.2089363	-0.7869564	0.9144385	1.0	1.0	4004	tags=19%, list=16%, signal=22%	
REGULATION OF PTEN GENE TRANSCRIPTION%REACTOME%R-HSA-8943724.2	REGULATION OF PTEN GENE TRANSCRIPTION%REACTOME%R-HSA-8943724.2		59	-0.20910053	-0.7868765	0.9037433	1.0	1.0	3926	tags=22%, list=16%, signal=26%	
POSITIVE REGULATION OF BLOOD CIRCULATION%GOBP%GO:1903524	POSITIVE REGULATION OF BLOOD CIRCULATION%GOBP%GO:1903524		25	-0.25725642	-0.7864578	0.8035714	1.0	1.0	1394	tags=12%, list=6%, signal=13%	
REGULATION OF CARTILAGE DEVELOPMENT%GOBP%GO:0061035	REGULATION OF CARTILAGE DEVELOPMENT%GOBP%GO:0061035		37	-0.23529772	-0.7861173	0.8558952	1.0	1.0	2904	tags=16%, list=12%, signal=18%	
LAGGING STRAND SYNTHESIS%REACTOME%R-HSA-69186.4	LAGGING STRAND SYNTHESIS%REACTOME%R-HSA-69186.4		20	-0.27739123	-0.7857975	0.7972028	1.0	1.0	1813	tags=20%, list=7%, signal=22%	
G PROTEIN SIGNALING%WIKIPATHWAYS_20260211%WP35%HOMO SAPIENS	G PROTEIN SIGNALING%WIKIPATHWAYS_20260211%WP35%HOMO SAPIENS		70	-0.20291516	-0.785237	0.9424084	1.0	1.0	3899	tags=19%, list=16%, signal=22%	
POSITIVE REGULATION OF HEART CONTRACTION%GOBP%GO:0045823	POSITIVE REGULATION OF HEART CONTRACTION%GOBP%GO:0045823		25	-0.25725642	-0.78464454	0.8426573	1.0	1.0	1394	tags=12%, list=6%, signal=13%	
REGULATION OF NUCLEAR-TRANSCRIBED MRNA CATABOLIC PROCESS, NONSENSE-MEDIATED DECAY%GOBP%GO:2000622	REGULATION OF NUCLEAR-TRANSCRIBED MRNA CATABOLIC PROCESS, NONSENSE-MEDIATED DECAY%GOBP%GO:2000622		15	-0.28564763	-0.7846025	0.7614379	1.0	1.0	2276	tags=27%, list=9%, signal=29%	
MULTICELLULAR ORGANISMAL-LEVEL IRON ION HOMEOSTASIS%GOBP%GO:0060586	MULTICELLULAR ORGANISMAL-LEVEL IRON ION HOMEOSTASIS%GOBP%GO:0060586		16	-0.2878534	-0.7845675	0.775641	1.0	1.0	2686	tags=19%, list=11%, signal=21%	
INTRACELLULAR SODIUM ION HOMEOSTASIS%GOBP%GO:0006883	INTRACELLULAR SODIUM ION HOMEOSTASIS%GOBP%GO:0006883		28	-0.24484137	-0.7842667	0.80071175	1.0	1.0	2772	tags=21%, list=11%, signal=24%	
CELLULAR RESPONSE TO CORTICOSTEROID STIMULUS%GOBP%GO:0071384	CELLULAR RESPONSE TO CORTICOSTEROID STIMULUS%GOBP%GO:0071384		33	-0.2382086	-0.7842438	0.85227275	1.0	1.0	2795	tags=18%, list=11%, signal=20%	
NEGATIVE REGULATION OF BMP SIGNALING PATHWAY%GOBP%GO:0030514	NEGATIVE REGULATION OF BMP SIGNALING PATHWAY%GOBP%GO:0030514		44	-0.22192869	-0.78392804	0.9166667	1.0	1.0	2126	tags=16%, list=9%, signal=17%	
POSITIVE REGULATION OF LONG-TERM SYNAPTIC POTENTIATION%GOBP%GO:1900273	POSITIVE REGULATION OF LONG-TERM SYNAPTIC POTENTIATION%GOBP%GO:1900273		15	-0.29261768	-0.7831592	0.7598784	1.0	1.0	249	tags=7%, list=1%, signal=7%	
TRNA AMINOACYLATION%GOBP%GO:0043039	TRNA AMINOACYLATION%GOBP%GO:0043039		44	-0.22002366	-0.78233415	0.88839287	1.0	1.0	2747	tags=16%, list=11%, signal=18%	
FRUCTOSURIA%SMPDB%SMP0000561	FRUCTOSURIA%SMPDB%SMP0000561		18	-0.27502576	-0.78230613	0.7689394	1.0	1.0	109	tags=6%, list=0%, signal=6%	
BIOCARTA_EGF_PATHWAY%MSIGDB_C2%BIOCARTA_EGF_PATHWAY	BIOCARTA_EGF_PATHWAY%MSIGDB_C2%BIOCARTA_EGF_PATHWAY		23	-0.25860542	-0.782017	0.8267717	1.0	1.0	6528	tags=48%, list=27%, signal=65%	
REGULATION OF OSTEOBLAST PROLIFERATION%GOBP%GO:0033688	REGULATION OF OSTEOBLAST PROLIFERATION%GOBP%GO:0033688		16	-0.2834016	-0.7815519	0.7749196	1.0	1.0	88	tags=6%, list=0%, signal=6%	
PI3K CASCADE%REACTOME DATABASE ID RELEASE 95%109704	PI3K CASCADE%REACTOME DATABASE ID RELEASE 95%109704		36	-0.23411874	-0.7815431	0.8661088	1.0	1.0	3452	tags=19%, list=14%, signal=23%	
LENS FIBER CELL DIFFERENTIATION%GOBP%GO:0070306	LENS FIBER CELL DIFFERENTIATION%GOBP%GO:0070306		16	-0.28303385	-0.78122985	0.78546715	1.0	1.0	3639	tags=25%, list=15%, signal=29%	
PID_MYC_PATHWAY%MSIGDB_C2%PID_MYC_PATHWAY	PID_MYC_PATHWAY%MSIGDB_C2%PID_MYC_PATHWAY		21	-0.26274532	-0.7804915	0.8105263	1.0	1.0	5393	tags=43%, list=22%, signal=55%	
REGULATION OF T-HELPER CELL DIFFERENTIATION%GOBP%GO:0045622	REGULATION OF T-HELPER CELL DIFFERENTIATION%GOBP%GO:0045622		39	-0.22101259	-0.7792957	0.88596493	1.0	1.0	5954	tags=44%, list=24%, signal=57%	
INTRINSIC APOPTOTIC SIGNALING PATHWAY IN RESPONSE TO DNA DAMAGE%GOBP%GO:0008630	INTRINSIC APOPTOTIC SIGNALING PATHWAY IN RESPONSE TO DNA DAMAGE%GOBP%GO:0008630		59	-0.20497596	-0.7786716	0.89805824	1.0	1.0	3353	tags=20%, list=14%, signal=24%	
BIOCARTA_AT1R_PATHWAY%MSIGDB_C2%BIOCARTA_AT1R_PATHWAY	BIOCARTA_AT1R_PATHWAY%MSIGDB_C2%BIOCARTA_AT1R_PATHWAY		22	-0.26297542	-0.77867156	0.8296296	1.0	1.0	2806	tags=18%, list=11%, signal=21%	
FORMATION OF HIV ELONGATION COMPLEX IN THE ABSENCE OF HIV TAT%REACTOME%R-HSA-167152.5	FORMATION OF HIV ELONGATION COMPLEX IN THE ABSENCE OF HIV TAT%REACTOME%R-HSA-167152.5		45	-0.21794237	-0.7781815	0.89912283	1.0	1.0	5413	tags=40%, list=22%, signal=51%	
VITAMIN METABOLIC PROCESS%GOBP%GO:0006766	VITAMIN METABOLIC PROCESS%GOBP%GO:0006766		25	-0.24484503	-0.77776974	0.8187919	1.0	1.0	1943	tags=16%, list=8%, signal=17%	
REGULATION OF DNA DAMAGE RESPONSE, SIGNAL TRANSDUCTION BY P53 CLASS MEDIATOR%GOBP%GO:0043516	REGULATION OF DNA DAMAGE RESPONSE, SIGNAL TRANSDUCTION BY P53 CLASS MEDIATOR%GOBP%GO:0043516		34	-0.23626332	-0.7770847	0.87890625	1.0	1.0	2904	tags=21%, list=12%, signal=23%	
A6B1 AND A6B4 INTEGRIN SIGNALING%PATHWAY INTERACTION DATABASE NCI-NATURE CURATED DATA%A6B1 AND A6B4 INTEGRIN SIGNALING	A6B1 AND A6B4 INTEGRIN SIGNALING%PATHWAY INTERACTION DATABASE NCI-NATURE CURATED DATA%A6B1 AND A6B4 INTEGRIN SIGNALING		45	-0.21848084	-0.77693814	0.897541	1.0	1.0	1336	tags=9%, list=5%, signal=9%	
POSTSYNAPTIC SIGNAL TRANSDUCTION%GOBP%GO:0098926	POSTSYNAPTIC SIGNAL TRANSDUCTION%GOBP%GO:0098926		44	-0.220527	-0.77660745	0.87931037	1.0	1.0	1263	tags=11%, list=5%, signal=12%	
REGULATION OF PEPTIDE TRANSPORT%GOBP%GO:0090087	REGULATION OF PEPTIDE TRANSPORT%GOBP%GO:0090087		140	-0.18234427	-0.7760923	1.0	1.0	1.0	2793	tags=13%, list=11%, signal=14%	
ATP BIOSYNTHESIS%BIOCYC%PWY-7980	ATP BIOSYNTHESIS%BIOCYC%PWY-7980		31	-0.23357433	-0.7757731	0.8326693	1.0	1.0	3723	tags=16%, list=15%, signal=19%	
AMINO ACID ACTIVATION%GOBP%GO:0043038	AMINO ACID ACTIVATION%GOBP%GO:0043038		44	-0.22002366	-0.7745353	0.8826087	1.0	1.0	2747	tags=16%, list=11%, signal=18%	
BONE MORPHOGENESIS%GOBP%GO:0060349	BONE MORPHOGENESIS%GOBP%GO:0060349		39	-0.22475697	-0.77430904	0.85531914	1.0	1.0	1488	tags=8%, list=6%, signal=8%	
REGULATION OF CELL-SUBSTRATE JUNCTION ASSEMBLY%GOBP%GO:0090109	REGULATION OF CELL-SUBSTRATE JUNCTION ASSEMBLY%GOBP%GO:0090109		57	-0.20870057	-0.77424616	0.93333334	1.0	1.0	5647	tags=32%, list=23%, signal=41%	
NEGATIVE REGULATION OF NUCLEOTIDE METABOLIC PROCESS%GOBP%GO:0045980	NEGATIVE REGULATION OF NUCLEOTIDE METABOLIC PROCESS%GOBP%GO:0045980		19	-0.26433402	-0.7736379	0.8026756	1.0	1.0	1100	tags=11%, list=4%, signal=11%	
ENDOSOME TO LYSOSOME TRANSPORT VIA MULTIVESICULAR BODY SORTING PATHWAY%GOBP%GO:0032510	ENDOSOME TO LYSOSOME TRANSPORT VIA MULTIVESICULAR BODY SORTING PATHWAY%GOBP%GO:0032510		19	-0.26523647	-0.7733061	0.8296296	1.0	1.0	5883	tags=37%, list=24%, signal=48%	
NCRNAS IN WNT SIGNALING IN HEPATOCELLULAR CARCINOMA%WIKIPATHWAYS_20260211%WP4336%HOMO SAPIENS	NCRNAS IN WNT SIGNALING IN HEPATOCELLULAR CARCINOMA%WIKIPATHWAYS_20260211%WP4336%HOMO SAPIENS		76	-0.1981337	-0.77313054	0.96	1.0	1.0	4288	tags=28%, list=18%, signal=33%	
NEGATIVE REGULATION OF PURINE NUCLEOTIDE METABOLIC PROCESS%GOBP%GO:1900543	NEGATIVE REGULATION OF PURINE NUCLEOTIDE METABOLIC PROCESS%GOBP%GO:1900543		19	-0.26433402	-0.7731158	0.82258064	1.0	1.0	1100	tags=11%, list=4%, signal=11%	
E-CADHERIN SIGNALING IN KERATINOCYTES%PATHWAY INTERACTION DATABASE NCI-NATURE CURATED DATA%E-CADHERIN SIGNALING IN KERATINOCYTES	E-CADHERIN SIGNALING IN KERATINOCYTES%PATHWAY INTERACTION DATABASE NCI-NATURE CURATED DATA%E-CADHERIN SIGNALING IN KERATINOCYTES		21	-0.26156273	-0.7730079	0.84249085	1.0	1.0	2701	tags=19%, list=11%, signal=21%	
REGULATION OF PLK1 ACTIVITY AT G2 M TRANSITION%REACTOME DATABASE ID RELEASE 95%2565942	REGULATION OF PLK1 ACTIVITY AT G2 M TRANSITION%REACTOME DATABASE ID RELEASE 95%2565942		84	-0.19814235	-0.7724378	0.9324324	1.0	1.0	4821	tags=25%, list=20%, signal=31%	
SEX-CHROMOSOME DOSAGE COMPENSATION%GOBP%GO:0007549	SEX-CHROMOSOME DOSAGE COMPENSATION%GOBP%GO:0007549		15	-0.28416663	-0.7721279	0.7863777	1.0	1.0	2770	tags=20%, list=11%, signal=23%	
REGULATION OF EXTRINSIC APOPTOTIC SIGNALING PATHWAY VIA DEATH DOMAIN RECEPTORS%GOBP%GO:1902041	REGULATION OF EXTRINSIC APOPTOTIC SIGNALING PATHWAY VIA DEATH DOMAIN RECEPTORS%GOBP%GO:1902041		34	-0.23679467	-0.77201086	0.8827839	1.0	1.0	2523	tags=21%, list=10%, signal=23%	
REGULATION OF CAMP/PKA SIGNAL TRANSDUCTION%GOBP%GO:0141161	REGULATION OF CAMP/PKA SIGNAL TRANSDUCTION%GOBP%GO:0141161		43	-0.22350141	-0.7718208	0.8684211	1.0	1.0	4209	tags=26%, list=17%, signal=31%	
REGULATION OF BICELLULAR TIGHT JUNCTION ASSEMBLY%GOBP%GO:2000810	REGULATION OF BICELLULAR TIGHT JUNCTION ASSEMBLY%GOBP%GO:2000810		19	-0.26400658	-0.77139014	0.82222223	1.0	1.0	2904	tags=26%, list=12%, signal=30%	
NEGATIVE REGULATION OF VASCULAR ASSOCIATED SMOOTH MUSCLE CELL PROLIFERATION%GOBP%GO:1904706	NEGATIVE REGULATION OF VASCULAR ASSOCIATED SMOOTH MUSCLE CELL PROLIFERATION%GOBP%GO:1904706		17	-0.27722988	-0.77126217	0.8150685	1.0	1.0	2737	tags=18%, list=11%, signal=20%	
GDNF%IOB%GDNF	GDNF%IOB%GDNF		15	-0.27931407	-0.7712504	0.8292683	1.0	1.0	5109	tags=40%, list=21%, signal=51%	
BMP SIGNALING PATHWAY%GOBP%GO:0030509	BMP SIGNALING PATHWAY%GOBP%GO:0030509		53	-0.20901644	-0.7711801	0.921659	1.0	1.0	415	tags=6%, list=2%, signal=6%	
DOSAGE COMPENSATION BY INACTIVATION OF X CHROMOSOME%GOBP%GO:0009048	DOSAGE COMPENSATION BY INACTIVATION OF X CHROMOSOME%GOBP%GO:0009048		15	-0.28416663	-0.77100134	0.78548896	1.0	1.0	2770	tags=20%, list=11%, signal=23%	
MICROTUBULE-BASED PROTEIN TRANSPORT%GOBP%GO:0099118	MICROTUBULE-BASED PROTEIN TRANSPORT%GOBP%GO:0099118		19	-0.27357456	-0.77081764	0.8019481	1.0	1.0	3360	tags=21%, list=14%, signal=24%	
FRUCTOSE AND MANNOSE DEGRADATION%SMPDB%SMP0000064	FRUCTOSE AND MANNOSE DEGRADATION%SMPDB%SMP0000064		18	-0.27502576	-0.7705928	0.8433333	1.0	1.0	109	tags=6%, list=0%, signal=6%	
NEGATIVE REGULATION OF DNA REPAIR%GOBP%GO:0045738	NEGATIVE REGULATION OF DNA REPAIR%GOBP%GO:0045738		39	-0.22272258	-0.7704658	0.8427948	1.0	1.0	3855	tags=23%, list=16%, signal=27%	
POSITIVE REGULATION OF LIPID CATABOLIC PROCESS%GOBP%GO:0050996	POSITIVE REGULATION OF LIPID CATABOLIC PROCESS%GOBP%GO:0050996		22	-0.25659037	-0.77022827	0.82903224	1.0	1.0	1488	tags=14%, list=6%, signal=15%	
RECRUITMENT OF MITOTIC CENTROSOME PROTEINS AND COMPLEXES%REACTOME DATABASE ID RELEASE 95%380270	RECRUITMENT OF MITOTIC CENTROSOME PROTEINS AND COMPLEXES%REACTOME DATABASE ID RELEASE 95%380270		79	-0.20052515	-0.769876	0.95238096	1.0	1.0	4821	tags=27%, list=20%, signal=33%	
REGULATION OF STRESS FIBER ASSEMBLY%GOBP%GO:0051492	REGULATION OF STRESS FIBER ASSEMBLY%GOBP%GO:0051492		72	-0.19644788	-0.7694097	0.9520958	1.0	1.0	4518	tags=25%, list=18%, signal=31%	
POSITIVE REGULATION OF ANGIOGENESIS%GOBP%GO:0045766	POSITIVE REGULATION OF ANGIOGENESIS%GOBP%GO:0045766		122	-0.18618113	-0.76931214	0.96428573	1.0	1.0	2142	tags=13%, list=9%, signal=14%	
POSITIVE REGULATION OF ALPHA-BETA T CELL DIFFERENTIATION%GOBP%GO:0046638	POSITIVE REGULATION OF ALPHA-BETA T CELL DIFFERENTIATION%GOBP%GO:0046638		39	-0.22705697	-0.7692752	0.904	1.0	1.0	5209	tags=33%, list=21%, signal=42%	
INSULIN SECRETION%GOBP%GO:0030073	INSULIN SECRETION%GOBP%GO:0030073		19	-0.26767918	-0.7689407	0.8428571	1.0	1.0	3419	tags=21%, list=14%, signal=24%	
REGULATION OF SMOOTHENED SIGNALING PATHWAY%GOBP%GO:0008589	REGULATION OF SMOOTHENED SIGNALING PATHWAY%GOBP%GO:0008589		56	-0.21294214	-0.76757574	0.8923077	1.0	1.0	1865	tags=13%, list=8%, signal=13%	
REGULATION OF FOCAL ADHESION ASSEMBLY%GOBP%GO:0051893	REGULATION OF FOCAL ADHESION ASSEMBLY%GOBP%GO:0051893		57	-0.20870057	-0.76743233	0.95609754	1.0	1.0	5647	tags=32%, list=23%, signal=41%	
NEF-MEDIATES DOWN MODULATION OF CELL SURFACE RECEPTORS BY RECRUITING THEM TO CLATHRIN ADAPTERS%REACTOME%R-HSA-164938.5	NEF-MEDIATES DOWN MODULATION OF CELL SURFACE RECEPTORS BY RECRUITING THEM TO CLATHRIN ADAPTERS%REACTOME%R-HSA-164938.5		21	-0.25078103	-0.76718956	0.8697183	1.0	1.0	3691	tags=19%, list=15%, signal=22%	
DNA IR DOUBLE STRAND BREAKS AND CELLULAR RESPONSE VIA ATM%WIKIPATHWAYS_20260211%WP3959%HOMO SAPIENS	DNA IR DOUBLE STRAND BREAKS AND CELLULAR RESPONSE VIA ATM%WIKIPATHWAYS_20260211%WP3959%HOMO SAPIENS		45	-0.21793954	-0.76611805	0.88461536	1.0	1.0	1478	tags=9%, list=6%, signal=9%	
THE ROLE OF NEF IN HIV-1 REPLICATION AND DISEASE PATHOGENESIS%REACTOME%R-HSA-164952.3	THE ROLE OF NEF IN HIV-1 REPLICATION AND DISEASE PATHOGENESIS%REACTOME%R-HSA-164952.3		27	-0.23369291	-0.7659486	0.8544061	1.0	1.0	3691	tags=19%, list=15%, signal=22%	
TRANSLATIONAL ELONGATION%GOBP%GO:0006414	TRANSLATIONAL ELONGATION%GOBP%GO:0006414		60	-0.2049827	-0.7659024	0.92537314	1.0	1.0	2121	tags=12%, list=9%, signal=13%	
POSITIVE REGULATION OF CARDIAC MUSCLE TISSUE GROWTH%GOBP%GO:0055023	POSITIVE REGULATION OF CARDIAC MUSCLE TISSUE GROWTH%GOBP%GO:0055023		17	-0.26873228	-0.7657791	0.7861842	1.0	1.0	2942	tags=24%, list=12%, signal=27%	
NEGATIVE REGULATION OF DOUBLE-STRAND BREAK REPAIR%GOBP%GO:2000780	NEGATIVE REGULATION OF DOUBLE-STRAND BREAK REPAIR%GOBP%GO:2000780		37	-0.22886997	-0.7656085	0.9057377	1.0	1.0	3855	tags=24%, list=16%, signal=29%	
REGULATION OF RELEASE OF CYTOCHROME C FROM MITOCHONDRIA%GOBP%GO:0090199	REGULATION OF RELEASE OF CYTOCHROME C FROM MITOCHONDRIA%GOBP%GO:0090199		38	-0.22447422	-0.76514703	0.9059829	1.0	1.0	3647	tags=21%, list=15%, signal=25%	
MIRNA REGULATION OF P53 PATHWAY IN PROSTATE CANCER%WIKIPATHWAYS_20260211%WP3982%HOMO SAPIENS	MIRNA REGULATION OF P53 PATHWAY IN PROSTATE CANCER%WIKIPATHWAYS_20260211%WP3982%HOMO SAPIENS		21	-0.25419563	-0.7646972	0.82867134	1.0	1.0	5002	tags=33%, list=20%, signal=42%	
T-HELPER 17 CELL DIFFERENTIATION%GOBP%GO:0072539	T-HELPER 17 CELL DIFFERENTIATION%GOBP%GO:0072539		24	-0.2542911	-0.7645628	0.8652482	1.0	1.0	5347	tags=29%, list=22%, signal=37%	
NEGATIVE REGULATION OF CELL CYCLE G2/M PHASE TRANSITION%GOBP%GO:1902750	NEGATIVE REGULATION OF CELL CYCLE G2/M PHASE TRANSITION%GOBP%GO:1902750		68	-0.19886449	-0.76429147	0.9775281	1.0	1.0	2172	tags=13%, list=9%, signal=14%	
ACETYL-COA METABOLIC PROCESS%GOBP%GO:0006084	ACETYL-COA METABOLIC PROCESS%GOBP%GO:0006084		25	-0.24480668	-0.76361424	0.84158415	1.0	1.0	768	tags=8%, list=3%, signal=8%	
TAT-MEDIATED ELONGATION OF THE HIV-1 TRANSCRIPT%REACTOME DATABASE ID RELEASE 95%167246	TAT-MEDIATED ELONGATION OF THE HIV-1 TRANSCRIPT%REACTOME DATABASE ID RELEASE 95%167246		43	-0.21783051	-0.76305234	0.9027778	1.0	1.0	5413	tags=40%, list=22%, signal=51%	
RECRUITMENT OF NUMA TO MITOTIC CENTROSOMES%REACTOME DATABASE ID RELEASE 95%380320	RECRUITMENT OF NUMA TO MITOTIC CENTROSOMES%REACTOME DATABASE ID RELEASE 95%380320		78	-0.19888908	-0.7629891	0.95151514	1.0	1.0	4821	tags=27%, list=20%, signal=33%	
POSITIVE REGULATION OF TELOMERE MAINTENANCE VIA TELOMERASE%GOBP%GO:0032212	POSITIVE REGULATION OF TELOMERE MAINTENANCE VIA TELOMERASE%GOBP%GO:0032212		23	-0.2483262	-0.7627509	0.85559565	1.0	1.0	3583	tags=30%, list=15%, signal=36%	
ALPHA 6 BETA 4 SIGNALING%WIKIPATHWAYS_20260211%WP244%HOMO SAPIENS	ALPHA 6 BETA 4 SIGNALING%WIKIPATHWAYS_20260211%WP244%HOMO SAPIENS		26	-0.24770825	-0.7626829	0.8841699	1.0	1.0	2687	tags=15%, list=11%, signal=17%	
PHOTODYNAMIC THERAPY INDUCED NFE2L2 NRF2 SURVIVAL SIGNALING%WIKIPATHWAYS_20260211%WP3612%HOMO SAPIENS	PHOTODYNAMIC THERAPY INDUCED NFE2L2 NRF2 SURVIVAL SIGNALING%WIKIPATHWAYS_20260211%WP3612%HOMO SAPIENS		21	-0.2563145	-0.7615385	0.80338985	1.0	1.0	1334	tags=10%, list=5%, signal=10%	
TNF STRESS RELATED SIGNALING%PATHWHIZ%PW064784	TNF STRESS RELATED SIGNALING%PATHWHIZ%PW064784		22	-0.25776803	-0.76063025	0.8349835	1.0	1.0	4186	tags=32%, list=17%, signal=38%	
NEGATIVE REGULATION OF HIPPO SIGNALING%GOBP%GO:0035331	NEGATIVE REGULATION OF HIPPO SIGNALING%GOBP%GO:0035331		25	-0.25158405	-0.7604291	0.8786765	1.0	1.0	3454	tags=24%, list=14%, signal=28%	
GLYCOLYSIS%PANTHER PATHWAY%P00024	GLYCOLYSIS%PANTHER PATHWAY%P00024		17	-0.2723089	-0.7602834	0.8281787	1.0	1.0	1999	tags=18%, list=8%, signal=19%	
PROLACTIN SIGNALING%WIKIPATHWAYS_20260211%WP2037%HOMO SAPIENS	PROLACTIN SIGNALING%WIKIPATHWAYS_20260211%WP2037%HOMO SAPIENS		63	-0.20168613	-0.76018023	0.9310345	1.0	1.0	2859	tags=16%, list=12%, signal=18%	
PROSTACYCLIN SIGNALLING THROUGH PROSTACYCLIN RECEPTOR%REACTOME DATABASE ID RELEASE 95%392851	PROSTACYCLIN SIGNALLING THROUGH PROSTACYCLIN RECEPTOR%REACTOME DATABASE ID RELEASE 95%392851		19	-0.26737222	-0.7601731	0.8064516	1.0	1.0	3899	tags=26%, list=16%, signal=31%	
POSITIVE REGULATION OF BLOOD VESSEL ENDOTHELIAL CELL MIGRATION%GOBP%GO:0043536	POSITIVE REGULATION OF BLOOD VESSEL ENDOTHELIAL CELL MIGRATION%GOBP%GO:0043536		51	-0.21189855	-0.75985736	0.92537314	1.0	1.0	3452	tags=18%, list=14%, signal=20%	
PHOTODYNAMIC THERAPY INDUCED HIF 1 SURVIVAL SIGNALING%WIKIPATHWAYS_20260211%WP3614%HOMO SAPIENS	PHOTODYNAMIC THERAPY INDUCED HIF 1 SURVIVAL SIGNALING%WIKIPATHWAYS_20260211%WP3614%HOMO SAPIENS		25	-0.24836725	-0.7596244	0.8695652	1.0	1.0	3849	tags=20%, list=16%, signal=24%	
REGULATION OF STEM CELL DIFFERENTIATION%GOBP%GO:2000736	REGULATION OF STEM CELL DIFFERENTIATION%GOBP%GO:2000736		63	-0.20691597	-0.7594921	0.9444444	1.0	1.0	4132	tags=22%, list=17%, signal=27%	
HIV TRANSCRIPTION ELONGATION%REACTOME DATABASE ID RELEASE 95%167169	HIV TRANSCRIPTION ELONGATION%REACTOME DATABASE ID RELEASE 95%167169		43	-0.21783051	-0.7590189	0.9369369	1.0	1.0	5413	tags=40%, list=22%, signal=51%	
SARS-COV-1 MODULATES HOST TRANSLATION MACHINERY%REACTOME DATABASE ID RELEASE 95%9735869	SARS-COV-1 MODULATES HOST TRANSLATION MACHINERY%REACTOME DATABASE ID RELEASE 95%9735869		37	-0.21939252	-0.75891674	0.9047619	1.0	1.0	7586	tags=51%, list=31%, signal=74%	
INTRACELLULAR GLUCOSE HOMEOSTASIS%GOBP%GO:0001678	INTRACELLULAR GLUCOSE HOMEOSTASIS%GOBP%GO:0001678		61	-0.20340289	-0.7588737	0.9479167	1.0	1.0	3667	tags=23%, list=15%, signal=27%	
PID_MTOR_4PATHWAY%MSIGDB_C2%PID_MTOR_4PATHWAY	PID_MTOR_4PATHWAY%MSIGDB_C2%PID_MTOR_4PATHWAY		57	-0.20462383	-0.7584145	0.9483568	1.0	1.0	5109	tags=30%, list=21%, signal=38%	
RIBOSOME-ASSOCIATED UBIQUITIN-DEPENDENT PROTEIN CATABOLIC PROCESS%GOBP%GO:1990116	RIBOSOME-ASSOCIATED UBIQUITIN-DEPENDENT PROTEIN CATABOLIC PROCESS%GOBP%GO:1990116		17	-0.27308744	-0.7568042	0.8422619	1.0	1.0	2027	tags=18%, list=8%, signal=19%	
RNA POL II CTD PHOSPHORYLATION AND INTERACTION WITH CE DURING HIV INFECTION%REACTOME%R-HSA-167160.4	RNA POL II CTD PHOSPHORYLATION AND INTERACTION WITH CE DURING HIV INFECTION%REACTOME%R-HSA-167160.4		27	-0.2422156	-0.75664496	0.85409254	1.0	1.0	6111	tags=44%, list=25%, signal=59%	
NEURONAL ACTION POTENTIAL%GOBP%GO:0019228	NEURONAL ACTION POTENTIAL%GOBP%GO:0019228		15	-0.28288674	-0.7564126	0.7987013	1.0	1.0	2263	tags=27%, list=9%, signal=29%	
TGF-BETA RECEPTOR SIGNALING ACTIVATES SMADS%REACTOME%R-HSA-2173789.6	TGF-BETA RECEPTOR SIGNALING ACTIVATES SMADS%REACTOME%R-HSA-2173789.6		44	-0.21393533	-0.7563759	0.89837396	1.0	1.0	4104	tags=30%, list=17%, signal=35%	
REGULATION OF MYOBLAST FUSION%GOBP%GO:1901739	REGULATION OF MYOBLAST FUSION%GOBP%GO:1901739		56	-0.20358086	-0.7554033	0.9575472	1.0	1.0	6023	tags=36%, list=25%, signal=47%	
GPCRS CLASS B SECRETIN LIKE%WIKIPATHWAYS_20260211%WP334%HOMO SAPIENS	GPCRS CLASS B SECRETIN LIKE%WIKIPATHWAYS_20260211%WP334%HOMO SAPIENS		19	-0.26267228	-0.7546359	0.8243243	1.0	1.0	3045	tags=21%, list=12%, signal=24%	
TRANSFORMING GROWTH FACTOR BETA RECEPTOR SUPERFAMILY SIGNALING PATHWAY%GOBP%GO:0141091	TRANSFORMING GROWTH FACTOR BETA RECEPTOR SUPERFAMILY SIGNALING PATHWAY%GOBP%GO:0141091		125	-0.17655142	-0.7545985	1.0	1.0	1.0	4372	tags=22%, list=18%, signal=26%	
CRISTAE FORMATION%REACTOME%R-HSA-8949613.3	CRISTAE FORMATION%REACTOME%R-HSA-8949613.3		31	-0.22841732	-0.7544701	0.8973384	1.0	1.0	4834	tags=23%, list=20%, signal=28%	
POTASSIUM ION HOMEOSTASIS%GOBP%GO:0055075	POTASSIUM ION HOMEOSTASIS%GOBP%GO:0055075		31	-0.23707518	-0.7537691	0.9028777	1.0	1.0	2772	tags=19%, list=11%, signal=22%	
POSITIVE REGULATION OF ENDOTHELIAL CELL MIGRATION%GOBP%GO:0010595	POSITIVE REGULATION OF ENDOTHELIAL CELL MIGRATION%GOBP%GO:0010595		100	-0.18495114	-0.7528961	0.9929078	1.0	1.0	3452	tags=16%, list=14%, signal=19%	
MYOTUBE DIFFERENTIATION%GOBP%GO:0014902	MYOTUBE DIFFERENTIATION%GOBP%GO:0014902		38	-0.22528575	-0.7526741	0.8959276	1.0	1.0	5039	tags=26%, list=21%, signal=33%	
FORMATION OF HIV-1 ELONGATION COMPLEX CONTAINING HIV-1 TAT%REACTOME%R-HSA-167200.5	FORMATION OF HIV-1 ELONGATION COMPLEX CONTAINING HIV-1 TAT%REACTOME%R-HSA-167200.5		43	-0.21783051	-0.7526138	0.9295154	1.0	1.0	5413	tags=40%, list=22%, signal=51%	
C-MYC PATHWAY%PATHWAY INTERACTION DATABASE NCI-NATURE CURATED DATA%C-MYC PATHWAY	C-MYC PATHWAY%PATHWAY INTERACTION DATABASE NCI-NATURE CURATED DATA%C-MYC PATHWAY		25	-0.24128874	-0.75240505	0.8857143	1.0	1.0	5629	tags=44%, list=23%, signal=57%	
PID_HES_HEY_PATHWAY%MSIGDB_C2%PID_HES_HEY_PATHWAY	PID_HES_HEY_PATHWAY%MSIGDB_C2%PID_HES_HEY_PATHWAY		41	-0.21425588	-0.7521258	0.9194915	1.0	1.0	2336	tags=12%, list=10%, signal=13%	
PAUSING AND RECOVERY OF TAT-MEDIATED HIV ELONGATION%REACTOME DATABASE ID RELEASE 95%167238	PAUSING AND RECOVERY OF TAT-MEDIATED HIV ELONGATION%REACTOME DATABASE ID RELEASE 95%167238		31	-0.22846045	-0.7519683	0.88191885	1.0	1.0	5048	tags=35%, list=21%, signal=45%	
MICROAUTOPHAGY%GOBP%GO:0016237	MICROAUTOPHAGY%GOBP%GO:0016237		21	-0.25018552	-0.7511754	0.8448276	1.0	1.0	91	tags=5%, list=0%, signal=5%	
PROTEIN-CONTAINING COMPLEX REMODELING%GOBP%GO:0034367	PROTEIN-CONTAINING COMPLEX REMODELING%GOBP%GO:0034367		34	-0.22291183	-0.7505123	0.9094488	1.0	1.0	2381	tags=15%, list=10%, signal=16%	
MESODERMAL CELL DIFFERENTIATION%GOBP%GO:0048333	MESODERMAL CELL DIFFERENTIATION%GOBP%GO:0048333		15	-0.28244546	-0.7501903	0.8338658	1.0	1.0	1729	tags=13%, list=7%, signal=14%	
PAUSING AND RECOVERY OF HIV ELONGATION%REACTOME DATABASE ID RELEASE 95%167290	PAUSING AND RECOVERY OF HIV ELONGATION%REACTOME DATABASE ID RELEASE 95%167290		33	-0.22881214	-0.7499921	0.9	1.0	1.0	5048	tags=36%, list=21%, signal=46%	
METABOLIC EPILEPTIC DISORDERS%WIKIPATHWAYS_20260211%WP5355%HOMO SAPIENS	METABOLIC EPILEPTIC DISORDERS%WIKIPATHWAYS_20260211%WP5355%HOMO SAPIENS		68	-0.19432594	-0.7495397	0.97183096	1.0	1.0	4213	tags=22%, list=17%, signal=27%	
PLASMA LIPOPROTEIN PARTICLE REMODELING%GOBP%GO:0034369	PLASMA LIPOPROTEIN PARTICLE REMODELING%GOBP%GO:0034369		33	-0.22442026	-0.74911195	0.89915967	1.0	1.0	2381	tags=15%, list=10%, signal=17%	
CARBOHYDRATE CATABOLIC PROCESS%GOBP%GO:0016052	CARBOHYDRATE CATABOLIC PROCESS%GOBP%GO:0016052		98	-0.18414655	-0.7483393	0.97931033	1.0	1.0	2383	tags=12%, list=10%, signal=14%	
PID_FOXM1_PATHWAY%MSIGDB_C2%PID_FOXM1_PATHWAY	PID_FOXM1_PATHWAY%MSIGDB_C2%PID_FOXM1_PATHWAY		37	-0.21847296	-0.74765337	0.94468087	1.0	1.0	1383	tags=8%, list=6%, signal=9%	
REGULATION OF FERROPTOSIS%GOBP%GO:0110075	REGULATION OF FERROPTOSIS%GOBP%GO:0110075		27	-0.23657303	-0.7473215	0.90225565	1.0	1.0	2262	tags=19%, list=9%, signal=20%	
PID_HIF2PATHWAY%MSIGDB_C2%PID_HIF2PATHWAY	PID_HIF2PATHWAY%MSIGDB_C2%PID_HIF2PATHWAY		25	-0.24801794	-0.7470191	0.8419118	1.0	1.0	2686	tags=20%, list=11%, signal=22%	
NEGATIVE REGULATION OF CELL MIGRATION INVOLVED IN SPROUTING ANGIOGENESIS%GOBP%GO:0090051	NEGATIVE REGULATION OF CELL MIGRATION INVOLVED IN SPROUTING ANGIOGENESIS%GOBP%GO:0090051		15	-0.27441958	-0.74647075	0.8141026	1.0	1.0	131	tags=7%, list=1%, signal=7%	
SEMI-LUNAR VALVE DEVELOPMENT%GOBP%GO:1905314	SEMI-LUNAR VALVE DEVELOPMENT%GOBP%GO:1905314		48	-0.20877373	-0.7462658	0.94545454	1.0	1.0	3108	tags=21%, list=13%, signal=24%	
REGULATION OF ERAD PATHWAY%GOBP%GO:1904292	REGULATION OF ERAD PATHWAY%GOBP%GO:1904292		24	-0.24275868	-0.7461902	0.8686131	1.0	1.0	4404	tags=25%, list=18%, signal=30%	
REGULATION OF CELL CYCLE G2/M PHASE TRANSITION%GOBP%GO:1902749	REGULATION OF CELL CYCLE G2/M PHASE TRANSITION%GOBP%GO:1902749		100	-0.18374573	-0.7457878	0.99224806	1.0	1.0	3482	tags=17%, list=14%, signal=20%	
CHROMOSOME CONDENSATION%GOBP%GO:0030261	CHROMOSOME CONDENSATION%GOBP%GO:0030261		33	-0.22651877	-0.74496526	0.89912283	1.0	1.0	4324	tags=27%, list=18%, signal=33%	
POSITIVE REGULATION OF MITOCHONDRIAL MEMBRANE PERMEABILITY%GOBP%GO:0035794	POSITIVE REGULATION OF MITOCHONDRIAL MEMBRANE PERMEABILITY%GOBP%GO:0035794		18	-0.2625196	-0.7435544	0.8469055	1.0	1.0	5230	tags=33%, list=21%, signal=42%	
REGULATION OF FEEDING BEHAVIOR%GOBP%GO:0060259	REGULATION OF FEEDING BEHAVIOR%GOBP%GO:0060259		20	-0.24699607	-0.7435269	0.8603896	1.0	1.0	1713	tags=10%, list=7%, signal=11%	
POSITIVE REGULATION OF TELOMERE MAINTENANCE%GOBP%GO:0032206	POSITIVE REGULATION OF TELOMERE MAINTENANCE%GOBP%GO:0032206		58	-0.19916381	-0.7433348	0.93877554	1.0	1.0	5856	tags=38%, list=24%, signal=50%	
NEGATIVE REGULATION OF DNA REPLICATION%GOBP%GO:0008156	NEGATIVE REGULATION OF DNA REPLICATION%GOBP%GO:0008156		26	-0.23627788	-0.7424513	0.896679	1.0	1.0	5214	tags=42%, list=21%, signal=54%	
REGULATION OF HAIR CYCLE%GOBP%GO:0042634	REGULATION OF HAIR CYCLE%GOBP%GO:0042634		15	-0.2783898	-0.7424121	0.8140244	1.0	1.0	3419	tags=20%, list=14%, signal=23%	
PKC GAMMA CALCIUM SIGNALING IN ATAXIA%WIKIPATHWAYS_20260211%WP4760%HOMO SAPIENS	PKC GAMMA CALCIUM SIGNALING IN ATAXIA%WIKIPATHWAYS_20260211%WP4760%HOMO SAPIENS		16	-0.2691544	-0.7422057	0.84827584	1.0	1.0	197	tags=6%, list=1%, signal=6%	
RESPONSE TO CAMP%GOBP%GO:0051591	RESPONSE TO CAMP%GOBP%GO:0051591		39	-0.21625961	-0.74218744	0.90234375	1.0	1.0	1418	tags=10%, list=6%, signal=11%	
TAT-MEDIATED HIV ELONGATION ARREST AND RECOVERY%REACTOME DATABASE ID RELEASE 95%167243	TAT-MEDIATED HIV ELONGATION ARREST AND RECOVERY%REACTOME DATABASE ID RELEASE 95%167243		31	-0.22846045	-0.7415608	0.908	1.0	1.0	5048	tags=35%, list=21%, signal=45%	
CELLULAR RESPONSE TO ESTRADIOL STIMULUS%GOBP%GO:0071392	CELLULAR RESPONSE TO ESTRADIOL STIMULUS%GOBP%GO:0071392		20	-0.25871584	-0.7414619	0.8938907	1.0	1.0	603	tags=10%, list=2%, signal=10%	
PDGF PATHWAY%WIKIPATHWAYS_20260211%WP2526%HOMO SAPIENS	PDGF PATHWAY%WIKIPATHWAYS_20260211%WP2526%HOMO SAPIENS		32	-0.22629037	-0.7410921	0.88235295	1.0	1.0	2806	tags=16%, list=11%, signal=18%	
PID_IL12_2PATHWAY%MSIGDB_C2%PID_IL12_2PATHWAY	PID_IL12_2PATHWAY%MSIGDB_C2%PID_IL12_2PATHWAY		51	-0.20202503	-0.7405229	0.9708738	1.0	1.0	4045	tags=18%, list=17%, signal=21%	
PHOTORECEPTOR CELL DIFFERENTIATION%GOBP%GO:0046530	PHOTORECEPTOR CELL DIFFERENTIATION%GOBP%GO:0046530		38	-0.21403457	-0.740369	0.9143969	1.0	1.0	2177	tags=13%, list=9%, signal=14%	
NEUROTROPHIC FACTOR-MEDIATED TRK RECEPTOR SIGNALING%PATHWAY INTERACTION DATABASE NCI-NATURE CURATED DATA%NEUROTROPHIC FACTOR-MEDIATED TRK RECEPTOR SIGNALING	NEUROTROPHIC FACTOR-MEDIATED TRK RECEPTOR SIGNALING%PATHWAY INTERACTION DATABASE NCI-NATURE CURATED DATA%NEUROTROPHIC FACTOR-MEDIATED TRK RECEPTOR SIGNALING		61	-0.20117632	-0.74012136	0.95522386	1.0	1.0	3452	tags=18%, list=14%, signal=21%	
PI5P, PP2A AND IER3 REGULATE PI3K AKT SIGNALING%REACTOME%R-HSA-6811558.5	PI5P, PP2A AND IER3 REGULATE PI3K AKT SIGNALING%REACTOME%R-HSA-6811558.5		100	-0.18231316	-0.7400336	0.98571426	1.0	1.0	3454	tags=17%, list=14%, signal=20%	
BIOCARTA_PDGF_PATHWAY%MSIGDB_C2%BIOCARTA_PDGF_PATHWAY	BIOCARTA_PDGF_PATHWAY%MSIGDB_C2%BIOCARTA_PDGF_PATHWAY		23	-0.23983324	-0.7392075	0.8873239	1.0	1.0	2806	tags=13%, list=11%, signal=15%	
HIV ELONGATION ARREST AND RECOVERY%REACTOME DATABASE ID RELEASE 95%167287	HIV ELONGATION ARREST AND RECOVERY%REACTOME DATABASE ID RELEASE 95%167287		33	-0.22881214	-0.738855	0.89686096	1.0	1.0	5048	tags=36%, list=21%, signal=46%	
10Q11 21Q11 23 COPY NUMBER VARIATION SYNDROME%WIKIPATHWAYS_20260211%WP5352%HOMO SAPIENS	10Q11 21Q11 23 COPY NUMBER VARIATION SYNDROME%WIKIPATHWAYS_20260211%WP5352%HOMO SAPIENS		47	-0.20943424	-0.73846537	0.9375	1.0	1.0	4457	tags=26%, list=18%, signal=31%	
REGULATION OF COLLAGEN BIOSYNTHETIC PROCESS%GOBP%GO:0032965	REGULATION OF COLLAGEN BIOSYNTHETIC PROCESS%GOBP%GO:0032965		18	-0.25260884	-0.7381763	0.86551726	1.0	1.0	3421	tags=22%, list=14%, signal=26%	
CELLULAR RESPONSE TO PEPTIDE HORMONE STIMULUS%GOBP%GO:0071375	CELLULAR RESPONSE TO PEPTIDE HORMONE STIMULUS%GOBP%GO:0071375		174	-0.16608839	-0.7380453	0.9879518	1.0	1.0	3941	tags=17%, list=16%, signal=20%	
CLASS I PI3K SIGNALING EVENTS MEDIATED BY AKT%PATHWAY INTERACTION DATABASE NCI-NATURE CURATED DATA%CLASS I PI3K SIGNALING EVENTS MEDIATED BY AKT	CLASS I PI3K SIGNALING EVENTS MEDIATED BY AKT%PATHWAY INTERACTION DATABASE NCI-NATURE CURATED DATA%CLASS I PI3K SIGNALING EVENTS MEDIATED BY AKT		35	-0.22063254	-0.7378239	0.9285714	1.0	1.0	899	tags=9%, list=4%, signal=9%	
C-MYB TRANSCRIPTION FACTOR NETWORK%PATHWAY INTERACTION DATABASE NCI-NATURE CURATED DATA%C-MYB TRANSCRIPTION FACTOR NETWORK	C-MYB TRANSCRIPTION FACTOR NETWORK%PATHWAY INTERACTION DATABASE NCI-NATURE CURATED DATA%C-MYB TRANSCRIPTION FACTOR NETWORK		84	-0.18267371	-0.73766154	0.9691358	1.0	1.0	2047	tags=11%, list=8%, signal=12%	
ENDONUCLEOLYTIC CLEAVAGE OF TRICISTRONIC RRNA TRANSCRIPT (SSU-RRNA, 5.8S RRNA, LSU-RRNA)%GOBP%GO:0000479	ENDONUCLEOLYTIC CLEAVAGE OF TRICISTRONIC RRNA TRANSCRIPT (SSU-RRNA, 5.8S RRNA, LSU-RRNA)%GOBP%GO:0000479		20	-0.25459155	-0.7376073	0.8770764	1.0	1.0	4662	tags=35%, list=19%, signal=43%	
REGULATION OF CD4-POSITIVE, ALPHA-BETA T CELL ACTIVATION%GOBP%GO:2000514	REGULATION OF CD4-POSITIVE, ALPHA-BETA T CELL ACTIVATION%GOBP%GO:2000514		63	-0.19275466	-0.7368127	0.9653465	1.0	1.0	5312	tags=30%, list=22%, signal=38%	
IL26 SIGNALING%WIKIPATHWAYS_20260211%WP5347%HOMO SAPIENS	IL26 SIGNALING%WIKIPATHWAYS_20260211%WP5347%HOMO SAPIENS		40	-0.21486153	-0.7364715	0.90909094	1.0	1.0	863	tags=8%, list=4%, signal=8%	
SIGNALING BY NON-RECEPTOR TYROSINE KINASES%REACTOME DATABASE ID RELEASE 95%9006927	SIGNALING BY NON-RECEPTOR TYROSINE KINASES%REACTOME DATABASE ID RELEASE 95%9006927		51	-0.19764633	-0.7359409	0.959276	1.0	1.0	4645	tags=18%, list=19%, signal=22%	
MESONEPHROS DEVELOPMENT%GOBP%GO:0001823	MESONEPHROS DEVELOPMENT%GOBP%GO:0001823		37	-0.21284625	-0.735276	0.91266376	1.0	1.0	4345	tags=24%, list=18%, signal=30%	
EGF SIGNALLING PATHWAY%SMPDB%SMP0063810	EGF SIGNALLING PATHWAY%SMPDB%SMP0063810		26	-0.23599865	-0.7352171	0.91698116	1.0	1.0	2823	tags=15%, list=12%, signal=17%	
IRS-MEDIATED SIGNALLING%REACTOME DATABASE ID RELEASE 95%112399	IRS-MEDIATED SIGNALLING%REACTOME DATABASE ID RELEASE 95%112399		39	-0.21117204	-0.73518825	0.91056913	1.0	1.0	3452	tags=18%, list=14%, signal=21%	
THE NLRP3 INFLAMMASOME%REACTOME%R-HSA-844456.10	THE NLRP3 INFLAMMASOME%REACTOME%R-HSA-844456.10		16	-0.26780748	-0.73377746	0.85139316	1.0	1.0	2118	tags=19%, list=9%, signal=21%	
ACETYLCHOLINE NEUROTRANSMITTER RELEASE CYCLE%REACTOME%R-HSA-264642.6	ACETYLCHOLINE NEUROTRANSMITTER RELEASE CYCLE%REACTOME%R-HSA-264642.6		16	-0.2656937	-0.73362374	0.82200646	1.0	1.0	4327	tags=38%, list=18%, signal=46%	
REGULATION OF ACTIN FILAMENT BUNDLE ASSEMBLY%GOBP%GO:0032231	REGULATION OF ACTIN FILAMENT BUNDLE ASSEMBLY%GOBP%GO:0032231		84	-0.18501754	-0.7333019	0.9726776	1.0	1.0	4518	tags=24%, list=18%, signal=29%	
REGULATION OF ALPHA-BETA T CELL DIFFERENTIATION%GOBP%GO:0046637	REGULATION OF ALPHA-BETA T CELL DIFFERENTIATION%GOBP%GO:0046637		59	-0.19830582	-0.7332621	0.97927463	1.0	1.0	5954	tags=39%, list=24%, signal=51%	
NUCLEAR SIGNALING BY ERBB4%REACTOME%R-HSA-1251985.7	NUCLEAR SIGNALING BY ERBB4%REACTOME%R-HSA-1251985.7		31	-0.2260576	-0.73203075	0.91093117	1.0	1.0	3195	tags=19%, list=13%, signal=22%	
APPENDAGE MORPHOGENESIS%GOBP%GO:0035107	APPENDAGE MORPHOGENESIS%GOBP%GO:0035107		44	-0.2036686	-0.73151964	0.9506173	1.0	1.0	3706	tags=23%, list=15%, signal=27%	
PROTEIN-LIPID COMPLEX REMODELING%GOBP%GO:0034368	PROTEIN-LIPID COMPLEX REMODELING%GOBP%GO:0034368		33	-0.22442026	-0.731438	0.9264706	1.0	1.0	2381	tags=15%, list=10%, signal=17%	
ROS AND RNS PRODUCTION IN PHAGOCYTES%REACTOME%R-HSA-1222556.11	ROS AND RNS PRODUCTION IN PHAGOCYTES%REACTOME%R-HSA-1222556.11		36	-0.21349974	-0.7312661	0.9288703	1.0	1.0	3872	tags=28%, list=16%, signal=33%	
REGULATION OF HORMONE METABOLIC PROCESS%GOBP%GO:0032350	REGULATION OF HORMONE METABOLIC PROCESS%GOBP%GO:0032350		30	-0.232485	-0.731055	0.8964286	1.0	1.0	3520	tags=23%, list=14%, signal=27%	
NEGATIVE REGULATION OF SMOOTHENED SIGNALING PATHWAY%GOBP%GO:0045879	NEGATIVE REGULATION OF SMOOTHENED SIGNALING PATHWAY%GOBP%GO:0045879		24	-0.2430839	-0.73054636	0.8876405	1.0	1.0	1865	tags=13%, list=8%, signal=14%	
ACTIVATED NOTCH1 TRANSMITS SIGNAL TO THE NUCLEUS%REACTOME DATABASE ID RELEASE 95%2122948	ACTIVATED NOTCH1 TRANSMITS SIGNAL TO THE NUCLEUS%REACTOME DATABASE ID RELEASE 95%2122948		31	-0.22554515	-0.7301773	0.9243028	1.0	1.0	3792	tags=23%, list=15%, signal=27%	
CELL SURFACE RECEPTOR PROTEIN SERINE/THREONINE KINASE SIGNALING PATHWAY%GOBP%GO:0007178	CELL SURFACE RECEPTOR PROTEIN SERINE/THREONINE KINASE SIGNALING PATHWAY%GOBP%GO:0007178		139	-0.172965	-0.7298491	1.0	1.0	1.0	4372	tags=22%, list=18%, signal=26%	
PID_ARF6_PATHWAY%MSIGDB_C2%PID_ARF6_PATHWAY	PID_ARF6_PATHWAY%MSIGDB_C2%PID_ARF6_PATHWAY		29	-0.23076382	-0.7292012	0.91780823	1.0	1.0	5326	tags=34%, list=22%, signal=44%	
POSITIVE REGULATION OF T-HELPER 17 TYPE IMMUNE RESPONSE%GOBP%GO:2000318	POSITIVE REGULATION OF T-HELPER 17 TYPE IMMUNE RESPONSE%GOBP%GO:2000318		16	-0.27072278	-0.7291998	0.8427673	1.0	1.0	1298	tags=13%, list=5%, signal=13%	
REGULATION OF VASCULAR ASSOCIATED SMOOTH MUSCLE CELL PROLIFERATION%GOBP%GO:1904705	REGULATION OF VASCULAR ASSOCIATED SMOOTH MUSCLE CELL PROLIFERATION%GOBP%GO:1904705		38	-0.21228962	-0.7291595	0.9113924	1.0	1.0	2737	tags=16%, list=11%, signal=18%	
LOSS OF PROTEINS REQUIRED FOR INTERPHASE MICROTUBULE ORGANIZATION FROM THE CENTROSOME%REACTOME DATABASE ID RELEASE 95%380284	LOSS OF PROTEINS REQUIRED FOR INTERPHASE MICROTUBULE ORGANIZATION FROM THE CENTROSOME%REACTOME DATABASE ID RELEASE 95%380284		67	-0.19220003	-0.7291132	0.98895025	1.0	1.0	4821	tags=27%, list=20%, signal=33%	
FOXO-MEDIATED TRANSCRIPTION OF OXIDATIVE STRESS, METABOLIC AND NEURONAL GENES%REACTOME DATABASE ID RELEASE 95%9615017	FOXO-MEDIATED TRANSCRIPTION OF OXIDATIVE STRESS, METABOLIC AND NEURONAL GENES%REACTOME DATABASE ID RELEASE 95%9615017		29	-0.23476192	-0.7290874	0.87857145	1.0	1.0	2322	tags=14%, list=9%, signal=15%	
AORTIC VALVE DEVELOPMENT%GOBP%GO:0003176	AORTIC VALVE DEVELOPMENT%GOBP%GO:0003176		44	-0.20683296	-0.727714	0.9198312	1.0	1.0	4699	tags=30%, list=19%, signal=36%	
REGULATION OF T-HELPER 17 TYPE IMMUNE RESPONSE%GOBP%GO:2000316	REGULATION OF T-HELPER 17 TYPE IMMUNE RESPONSE%GOBP%GO:2000316		29	-0.2278639	-0.7276558	0.8932806	1.0	1.0	1298	tags=10%, list=5%, signal=11%	
PID_EPHRINB_REV_PATHWAY%MSIGDB_C2%PID_EPHRINB_REV_PATHWAY	PID_EPHRINB_REV_PATHWAY%MSIGDB_C2%PID_EPHRINB_REV_PATHWAY		24	-0.23784184	-0.7276051	0.8996139	1.0	1.0	2958	tags=21%, list=12%, signal=24%	
BIOCARTA_CDMAC_PATHWAY%MSIGDB_C2%BIOCARTA_CDMAC_PATHWAY	BIOCARTA_CDMAC_PATHWAY%MSIGDB_C2%BIOCARTA_CDMAC_PATHWAY		16	-0.26128066	-0.72729474	0.86378735	1.0	1.0	1334	tags=13%, list=5%, signal=13%	
PID_ECADHERIN_NASCENT_AJ_PATHWAY%MSIGDB_C2%PID_ECADHERIN_NASCENT_AJ_PATHWAY	PID_ECADHERIN_NASCENT_AJ_PATHWAY%MSIGDB_C2%PID_ECADHERIN_NASCENT_AJ_PATHWAY		29	-0.22321129	-0.72727567	0.92156863	1.0	1.0	5479	tags=34%, list=22%, signal=44%	
PYRIMIDINE METABOLISM%WIKIPATHWAYS_20260211%WP4022%HOMO SAPIENS	PYRIMIDINE METABOLISM%WIKIPATHWAYS_20260211%WP4022%HOMO SAPIENS		71	-0.19057783	-0.72706926	0.9881657	1.0	1.0	4020	tags=21%, list=16%, signal=25%	
AORTIC VALVE MORPHOGENESIS%GOBP%GO:0003180	AORTIC VALVE MORPHOGENESIS%GOBP%GO:0003180		39	-0.21129918	-0.7268961	0.9372385	1.0	1.0	3108	tags=21%, list=13%, signal=23%	
LOSS OF NLP FROM MITOTIC CENTROSOMES%REACTOME DATABASE ID RELEASE 95%380259	LOSS OF NLP FROM MITOTIC CENTROSOMES%REACTOME DATABASE ID RELEASE 95%380259		67	-0.19220003	-0.72678816	0.95811516	1.0	1.0	4821	tags=27%, list=20%, signal=33%	
BIOCARTA_HDAC_PATHWAY%MSIGDB_C2%BIOCARTA_HDAC_PATHWAY	BIOCARTA_HDAC_PATHWAY%MSIGDB_C2%BIOCARTA_HDAC_PATHWAY		19	-0.2524315	-0.72648555	0.86715865	1.0	1.0	1717	tags=11%, list=7%, signal=11%	
NADPH REGENERATION%GOBP%GO:0006740	NADPH REGENERATION%GOBP%GO:0006740		15	-0.2646384	-0.724945	0.8548387	1.0	1.0	853	tags=13%, list=3%, signal=14%	
PROTEIN HOMOTETRAMERIZATION%GOBP%GO:0051289	PROTEIN HOMOTETRAMERIZATION%GOBP%GO:0051289		61	-0.19414851	-0.724803	0.9752475	1.0	1.0	678	tags=7%, list=3%, signal=7%	
PID_AJDISS_2PATHWAY%MSIGDB_C2%PID_AJDISS_2PATHWAY	PID_AJDISS_2PATHWAY%MSIGDB_C2%PID_AJDISS_2PATHWAY		39	-0.21493998	-0.72433686	0.9308943	1.0	1.0	3337	tags=21%, list=14%, signal=24%	
CELLULAR RESPONSE TO NERVE GROWTH FACTOR STIMULUS%GOBP%GO:1990090	CELLULAR RESPONSE TO NERVE GROWTH FACTOR STIMULUS%GOBP%GO:1990090		23	-0.23785563	-0.72379565	0.9044118	1.0	1.0	3590	tags=17%, list=15%, signal=20%	
TRANSFERRIN ENDOCYTOSIS AND RECYCLING%REACTOME%R-HSA-917977.3	TRANSFERRIN ENDOCYTOSIS AND RECYCLING%REACTOME%R-HSA-917977.3		31	-0.22418322	-0.72352916	0.9117647	1.0	1.0	3723	tags=23%, list=15%, signal=27%	
PHOTODYNAMIC THERAPY INDUCED AP 1 SURVIVAL SIGNALING%WIKIPATHWAYS_20260211%WP3611%HOMO SAPIENS	PHOTODYNAMIC THERAPY INDUCED AP 1 SURVIVAL SIGNALING%WIKIPATHWAYS_20260211%WP3611%HOMO SAPIENS		42	-0.20480242	-0.72333807	0.9411765	1.0	1.0	3423	tags=19%, list=14%, signal=22%	
POSITIVE REGULATION OF NEURAL PRECURSOR CELL PROLIFERATION%GOBP%GO:2000179	POSITIVE REGULATION OF NEURAL PRECURSOR CELL PROLIFERATION%GOBP%GO:2000179		24	-0.24321873	-0.72312737	0.9189189	1.0	1.0	1808	tags=13%, list=7%, signal=13%	
REGULATION OF INTERFERON-ALPHA PRODUCTION%GOBP%GO:0032647	REGULATION OF INTERFERON-ALPHA PRODUCTION%GOBP%GO:0032647		27	-0.23243143	-0.7223075	0.89347076	1.0	1.0	1816	tags=11%, list=7%, signal=12%	
MITOTIC CELL CYCLE PHASE TRANSITION%GOBP%GO:0044772	MITOTIC CELL CYCLE PHASE TRANSITION%GOBP%GO:0044772		117	-0.17105414	-0.7213674	0.984	1.0	1.0	4835	tags=26%, list=20%, signal=32%	
DOWNSTREAM SIGNALING OF ACTIVATED FGFR1%REACTOME DATABASE ID RELEASE 95%5654687	DOWNSTREAM SIGNALING OF ACTIVATED FGFR1%REACTOME DATABASE ID RELEASE 95%5654687		23	-0.24047326	-0.7202376	0.8888889	1.0	1.0	3452	tags=22%, list=14%, signal=25%	
PID_MET_PATHWAY%MSIGDB_C2%PID_MET_PATHWAY	PID_MET_PATHWAY%MSIGDB_C2%PID_MET_PATHWAY		64	-0.18885879	-0.7201029	0.9855769	1.0	1.0	3357	tags=20%, list=14%, signal=23%	
METALLO-SULFUR CLUSTER ASSEMBLY%GOBP%GO:0031163	METALLO-SULFUR CLUSTER ASSEMBLY%GOBP%GO:0031163		26	-0.22677095	-0.7199422	0.9251968	1.0	1.0	2010	tags=12%, list=8%, signal=13%	
RETROGRADE AXONAL TRANSPORT%GOBP%GO:0008090	RETROGRADE AXONAL TRANSPORT%GOBP%GO:0008090		17	-0.25971258	-0.7198904	0.877193	1.0	1.0	2664	tags=18%, list=11%, signal=20%	
LIPID DROPLET ORGANIZATION%GOBP%GO:0034389	LIPID DROPLET ORGANIZATION%GOBP%GO:0034389		37	-0.21130621	-0.71977466	0.92	1.0	1.0	2491	tags=16%, list=10%, signal=18%	
RESPONSE TO NERVE GROWTH FACTOR%GOBP%GO:1990089	RESPONSE TO NERVE GROWTH FACTOR%GOBP%GO:1990089		23	-0.23785563	-0.7192109	0.9047619	1.0	1.0	3590	tags=17%, list=15%, signal=20%	
NOTCH-MEDIATED HES HEY NETWORK%PATHWAY INTERACTION DATABASE NCI-NATURE CURATED DATA%NOTCH-MEDIATED HES HEY NETWORK	NOTCH-MEDIATED HES HEY NETWORK%PATHWAY INTERACTION DATABASE NCI-NATURE CURATED DATA%NOTCH-MEDIATED HES HEY NETWORK		47	-0.19875233	-0.718964	0.9574468	1.0	1.0	2336	tags=11%, list=10%, signal=12%	
LIMB MORPHOGENESIS%GOBP%GO:0035108	LIMB MORPHOGENESIS%GOBP%GO:0035108		44	-0.2036686	-0.7189202	0.94274807	1.0	1.0	3706	tags=23%, list=15%, signal=27%	
REGULATION OF MORPHOGENESIS OF AN EPITHELIUM%GOBP%GO:1905330	REGULATION OF MORPHOGENESIS OF AN EPITHELIUM%GOBP%GO:1905330		40	-0.21043463	-0.71820426	0.9414414	1.0	1.0	2927	tags=15%, list=12%, signal=17%	
SLC25A46 PATHWAY%WIKIPATHWAYS_20260211%WP5521%HOMO SAPIENS	SLC25A46 PATHWAY%WIKIPATHWAYS_20260211%WP5521%HOMO SAPIENS		17	-0.25610682	-0.7179685	0.88178915	1.0	1.0	2678	tags=24%, list=11%, signal=26%	
LATE ENDOSOMAL MICROAUTOPHAGY%REACTOME DATABASE ID RELEASE 95%9615710	LATE ENDOSOMAL MICROAUTOPHAGY%REACTOME DATABASE ID RELEASE 95%9615710		33	-0.2162112	-0.71791637	0.9142857	1.0	1.0	2651	tags=15%, list=11%, signal=17%	
NANOMATERIAL INDUCED APOPTOSIS%WIKIPATHWAYS_20260211%WP2507%HOMO SAPIENS	NANOMATERIAL INDUCED APOPTOSIS%WIKIPATHWAYS_20260211%WP2507%HOMO SAPIENS		15	-0.27107733	-0.71747196	0.8719512	1.0	1.0	4429	tags=33%, list=18%, signal=41%	
UROKINASE-TYPE PLASMINOGEN ACTIVATOR (UPA) AND UPAR-MEDIATED SIGNALING%PATHWAY INTERACTION DATABASE NCI-NATURE CURATED DATA%UROKINASE-TYPE PLASMINOGEN ACTIVATOR (UPA) AND UPAR-MEDIATED SIGNALING	UROKINASE-TYPE PLASMINOGEN ACTIVATOR (UPA) AND UPAR-MEDIATED SIGNALING%PATHWAY INTERACTION DATABASE NCI-NATURE CURATED DATA%UROKINASE-TYPE PLASMINOGEN ACTIVATOR (UPA) AND UPAR-MEDIATED SIGNALING		42	-0.20420608	-0.71657515	0.95154184	1.0	1.0	2973	tags=12%, list=12%, signal=14%	
EMBRYONIC HEMOPOIESIS%GOBP%GO:0035162	EMBRYONIC HEMOPOIESIS%GOBP%GO:0035162		16	-0.2623659	-0.71573627	0.8788927	1.0	1.0	3897	tags=31%, list=16%, signal=37%	
REVERSE CHOLESTEROL TRANSPORT%GOBP%GO:0043691	REVERSE CHOLESTEROL TRANSPORT%GOBP%GO:0043691		17	-0.24746175	-0.71519	0.8657244	1.0	1.0	2381	tags=18%, list=10%, signal=20%	
CONSTITUTIVE SIGNALING BY AKT1 E17K IN CANCER%REACTOME DATABASE ID RELEASE 95%5674400	CONSTITUTIVE SIGNALING BY AKT1 E17K IN CANCER%REACTOME DATABASE ID RELEASE 95%5674400		25	-0.23345718	-0.7146001	0.89891696	1.0	1.0	5998	tags=28%, list=24%, signal=37%	
ACTIVATION OF GTPASE ACTIVITY%GOBP%GO:0090630	ACTIVATION OF GTPASE ACTIVITY%GOBP%GO:0090630		22	-0.23558193	-0.71455795	0.9125	1.0	1.0	1835	tags=14%, list=7%, signal=15%	
NEGATIVE REGULATION OF ENDOTHELIAL CELL MIGRATION%GOBP%GO:0010596	NEGATIVE REGULATION OF ENDOTHELIAL CELL MIGRATION%GOBP%GO:0010596		51	-0.1926752	-0.7145519	0.98	1.0	1.0	5480	tags=31%, list=22%, signal=40%	
HOST-MEDIATED PERTURBATION OF VIRAL TRANSCRIPTION%GOBP%GO:0043921	HOST-MEDIATED PERTURBATION OF VIRAL TRANSCRIPTION%GOBP%GO:0043921		27	-0.22229634	-0.7138285	0.9175627	1.0	1.0	2696	tags=19%, list=11%, signal=21%	
POSITIVE REGULATION OF CELL-SUBSTRATE JUNCTION ORGANIZATION%GOBP%GO:0150117	POSITIVE REGULATION OF CELL-SUBSTRATE JUNCTION ORGANIZATION%GOBP%GO:0150117		26	-0.22681148	-0.7135459	0.9137931	1.0	1.0	5575	tags=35%, list=23%, signal=45%	
CALCIUM-INDEPENDENT CELL-CELL ADHESION%GOBP%GO:0016338	CALCIUM-INDEPENDENT CELL-CELL ADHESION%GOBP%GO:0016338		20	-0.24231263	-0.7112809	0.8881579	1.0	1.0	785	tags=10%, list=3%, signal=10%	
SIGNALING BY PTK6%REACTOME DATABASE ID RELEASE 95%8848021	SIGNALING BY PTK6%REACTOME DATABASE ID RELEASE 95%8848021		51	-0.19764633	-0.7096649	0.9707113	1.0	1.0	4645	tags=18%, list=19%, signal=22%	
REGULATION OF CALCIUM ION-DEPENDENT EXOCYTOSIS%GOBP%GO:0017158	REGULATION OF CALCIUM ION-DEPENDENT EXOCYTOSIS%GOBP%GO:0017158		36	-0.21245399	-0.7089648	0.96330273	1.0	1.0	2696	tags=19%, list=11%, signal=22%	
HEAD AND NECK SQUAMOUS CELL CARCINOMA%WIKIPATHWAYS_20260211%WP4674%HOMO SAPIENS	HEAD AND NECK SQUAMOUS CELL CARCINOMA%WIKIPATHWAYS_20260211%WP4674%HOMO SAPIENS		65	-0.1892219	-0.7088058	0.9846154	1.0	1.0	5704	tags=32%, list=23%, signal=42%	
SIGNALING BY TYPE 1 INSULIN-LIKE GROWTH FACTOR 1 RECEPTOR (IGF1R)%REACTOME DATABASE ID RELEASE 95%2404192	SIGNALING BY TYPE 1 INSULIN-LIKE GROWTH FACTOR 1 RECEPTOR (IGF1R)%REACTOME DATABASE ID RELEASE 95%2404192		44	-0.20473592	-0.7087556	0.9411765	1.0	1.0	3452	tags=18%, list=14%, signal=21%	
SIGNALING EVENTS MEDIATED BY THE HEDGEHOG FAMILY%PATHWAY INTERACTION DATABASE NCI-NATURE CURATED DATA%SIGNALING EVENTS MEDIATED BY THE HEDGEHOG FAMILY	SIGNALING EVENTS MEDIATED BY THE HEDGEHOG FAMILY%PATHWAY INTERACTION DATABASE NCI-NATURE CURATED DATA%SIGNALING EVENTS MEDIATED BY THE HEDGEHOG FAMILY		22	-0.23768516	-0.7083642	0.92068964	1.0	1.0	4315	tags=32%, list=18%, signal=39%	
FOXM1 TRANSCRIPTION FACTOR NETWORK%PATHWAY INTERACTION DATABASE NCI-NATURE CURATED DATA%FOXM1 TRANSCRIPTION FACTOR NETWORK	FOXM1 TRANSCRIPTION FACTOR NETWORK%PATHWAY INTERACTION DATABASE NCI-NATURE CURATED DATA%FOXM1 TRANSCRIPTION FACTOR NETWORK		41	-0.19959943	-0.70756257	0.9641256	1.0	1.0	1383	tags=7%, list=6%, signal=8%	
MRNA CAPPING%REACTOME DATABASE ID RELEASE 95%72086	MRNA CAPPING%REACTOME DATABASE ID RELEASE 95%72086		29	-0.21986428	-0.70732033	0.92248064	1.0	1.0	6111	tags=45%, list=25%, signal=60%	
PROTEIN LIPIDATION%GOBP%GO:0006497	PROTEIN LIPIDATION%GOBP%GO:0006497		34	-0.20848571	-0.7067151	0.9437751	1.0	1.0	1589	tags=9%, list=6%, signal=9%	
TERMINATION OF TRANSLESION DNA SYNTHESIS%REACTOME DATABASE ID RELEASE 95%5656169	TERMINATION OF TRANSLESION DNA SYNTHESIS%REACTOME DATABASE ID RELEASE 95%5656169		32	-0.21629658	-0.7059281	0.9576923	1.0	1.0	5676	tags=38%, list=23%, signal=49%	
REGULATION OF SYNCYTIUM FORMATION BY PLASMA MEMBRANE FUSION%GOBP%GO:0060142	REGULATION OF SYNCYTIUM FORMATION BY PLASMA MEMBRANE FUSION%GOBP%GO:0060142		62	-0.18458869	-0.70590264	0.97029704	1.0	1.0	6023	tags=34%, list=25%, signal=45%	
RESPIRATORY SYNCYTIAL VIRUS (RSV) ATTACHMENT AND ENTRY%REACTOME%R-HSA-9820960.2	RESPIRATORY SYNCYTIAL VIRUS (RSV) ATTACHMENT AND ENTRY%REACTOME%R-HSA-9820960.2		23	-0.23642372	-0.7054783	0.90759075	1.0	1.0	17	tags=4%, list=0%, signal=4%	
SIGNALING BY NOTCH3%REACTOME%R-HSA-9012852.3	SIGNALING BY NOTCH3%REACTOME%R-HSA-9012852.3		48	-0.19773024	-0.7042108	0.98253274	1.0	1.0	3792	tags=19%, list=15%, signal=22%	
BIOCARTA_BCR_PATHWAY%MSIGDB_C2%BIOCARTA_BCR_PATHWAY	BIOCARTA_BCR_PATHWAY%MSIGDB_C2%BIOCARTA_BCR_PATHWAY		29	-0.2161877	-0.70383704	0.94736844	1.0	1.0	1334	tags=10%, list=5%, signal=11%	
GLIAL CELL MIGRATION%GOBP%GO:0008347	GLIAL CELL MIGRATION%GOBP%GO:0008347		18	-0.251157	-0.70373195	0.912892	1.0	1.0	4843	tags=33%, list=20%, signal=42%	
RESPONSE TO BMP%GOBP%GO:0071772	RESPONSE TO BMP%GOBP%GO:0071772		60	-0.18810429	-0.7037096	0.97927463	1.0	1.0	415	tags=5%, list=2%, signal=5%	
REGULATION OF ACTIN NUCLEATION%GOBP%GO:0051125	REGULATION OF ACTIN NUCLEATION%GOBP%GO:0051125		33	-0.21121807	-0.7034586	0.95815897	1.0	1.0	4271	tags=24%, list=17%, signal=29%	
PROSTAGLANDIN METABOLIC PROCESS%GOBP%GO:0006693	PROSTAGLANDIN METABOLIC PROCESS%GOBP%GO:0006693		29	-0.21939638	-0.70341825	0.9206349	1.0	1.0	2142	tags=10%, list=9%, signal=11%	
PHOSPHATIDYLINOSITOL 3-KINASE/PROTEIN KINASE B SIGNAL TRANSDUCTION%GOBP%GO:0043491	PHOSPHATIDYLINOSITOL 3-KINASE/PROTEIN KINASE B SIGNAL TRANSDUCTION%GOBP%GO:0043491		43	-0.20135227	-0.7010432	0.94222224	1.0	1.0	2433	tags=12%, list=10%, signal=13%	
INTRACELLULAR IRON ION HOMEOSTASIS%GOBP%GO:0006879	INTRACELLULAR IRON ION HOMEOSTASIS%GOBP%GO:0006879		64	-0.18865214	-0.70090336	0.9840425	1.0	1.0	3877	tags=19%, list=16%, signal=22%	
IRON-SULFUR CLUSTER ASSEMBLY%GOBP%GO:0016226	IRON-SULFUR CLUSTER ASSEMBLY%GOBP%GO:0016226		26	-0.22677095	-0.7008705	0.9517241	1.0	1.0	2010	tags=12%, list=8%, signal=13%	
PID_P73PATHWAY%MSIGDB_C2%PID_P73PATHWAY	PID_P73PATHWAY%MSIGDB_C2%PID_P73PATHWAY		65	-0.1842032	-0.70051503	0.99509805	1.0	1.0	4818	tags=26%, list=20%, signal=32%	
CELLULAR RESPONSE TO BMP STIMULUS%GOBP%GO:0071773	CELLULAR RESPONSE TO BMP STIMULUS%GOBP%GO:0071773		60	-0.18810429	-0.699095	0.98421055	1.0	1.0	415	tags=5%, list=2%, signal=5%	
RHOBTB GTPASE CYCLE%REACTOME%R-HSA-9706574.4	RHOBTB GTPASE CYCLE%REACTOME%R-HSA-9706574.4		35	-0.209485	-0.6985122	0.9527559	1.0	1.0	4585	tags=29%, list=19%, signal=35%	
FGFR2 ALTERNATIVE SPLICING%REACTOME%R-HSA-6803529.3	FGFR2 ALTERNATIVE SPLICING%REACTOME%R-HSA-6803529.3		26	-0.22368746	-0.6983289	0.9411765	1.0	1.0	5957	tags=42%, list=24%, signal=56%	
SULFUR AMINO ACID METABOLIC PROCESS%GOBP%GO:0000096	SULFUR AMINO ACID METABOLIC PROCESS%GOBP%GO:0000096		32	-0.20693916	-0.6979127	0.94331986	1.0	1.0	1600	tags=9%, list=7%, signal=10%	
MITOPHAGY%GOBP%GO:0000423	MITOPHAGY%GOBP%GO:0000423		50	-0.19323629	-0.6978227	0.96803653	1.0	1.0	543	tags=4%, list=2%, signal=4%	
REGULATION OF DNA STRAND ELONGATION%GOBP%GO:0060382	REGULATION OF DNA STRAND ELONGATION%GOBP%GO:0060382		17	-0.24400558	-0.69750553	0.89067525	1.0	1.0	3021	tags=24%, list=12%, signal=27%	
EYE PHOTORECEPTOR CELL DIFFERENTIATION%GOBP%GO:0001754	EYE PHOTORECEPTOR CELL DIFFERENTIATION%GOBP%GO:0001754		28	-0.21872212	-0.6971443	0.9464286	1.0	1.0	2177	tags=14%, list=9%, signal=16%	
TELOMERE MAINTENANCE IN RESPONSE TO DNA DAMAGE%GOBP%GO:0043247	TELOMERE MAINTENANCE IN RESPONSE TO DNA DAMAGE%GOBP%GO:0043247		15	-0.25367147	-0.6956371	0.88145894	1.0	1.0	4563	tags=33%, list=19%, signal=41%	
TERMINATION OF RNA POLYMERASE I TRANSCRIPTION%GOBP%GO:0006363	TERMINATION OF RNA POLYMERASE I TRANSCRIPTION%GOBP%GO:0006363		15	-0.25738755	-0.69561386	0.88	1.0	1.0	5728	tags=47%, list=23%, signal=61%	
SPROUTING ANGIOGENESIS%GOBP%GO:0002040	SPROUTING ANGIOGENESIS%GOBP%GO:0002040		54	-0.1888053	-0.6954534	0.9852217	1.0	1.0	2760	tags=13%, list=11%, signal=15%	
EGF RECEPTOR (ERBB1) SIGNALING PATHWAY%PATHWAY INTERACTION DATABASE NCI-NATURE CURATED DATA%EGF RECEPTOR (ERBB1) SIGNALING PATHWAY	EGF RECEPTOR (ERBB1) SIGNALING PATHWAY%PATHWAY INTERACTION DATABASE NCI-NATURE CURATED DATA%EGF RECEPTOR (ERBB1) SIGNALING PATHWAY		32	-0.2134848	-0.6944732	0.95366794	1.0	1.0	3452	tags=19%, list=14%, signal=22%	
INFLUENZA INFECTION%REACTOME%R-HSA-168255.6	INFLUENZA INFECTION%REACTOME%R-HSA-168255.6		155	-0.15992163	-0.69365096	1.0	1.0	1.0	6023	tags=31%, list=25%, signal=41%	
UPTAKE AND ACTIONS OF BACTERIAL TOXINS%REACTOME%R-HSA-5339562.5	UPTAKE AND ACTIONS OF BACTERIAL TOXINS%REACTOME%R-HSA-5339562.5		25	-0.22482517	-0.6935073	0.93793106	1.0	1.0	2806	tags=20%, list=11%, signal=23%	
CANCER IMMUNOTHERAPY BY PD 1 BLOCKADE%WIKIPATHWAYS_20260211%WP4585%HOMO SAPIENS	CANCER IMMUNOTHERAPY BY PD 1 BLOCKADE%WIKIPATHWAYS_20260211%WP4585%HOMO SAPIENS		21	-0.22881357	-0.69307745	0.9241877	1.0	1.0	1061	tags=10%, list=4%, signal=10%	
UBIQUITIN-DEPENDENT PROTEIN CATABOLIC PROCESS VIA THE C-END DEGRON RULE PATHWAY%GOBP%GO:0140627	UBIQUITIN-DEPENDENT PROTEIN CATABOLIC PROCESS VIA THE C-END DEGRON RULE PATHWAY%GOBP%GO:0140627		16	-0.24933691	-0.6926858	0.89759034	1.0	1.0	2654	tags=19%, list=11%, signal=21%	
UNSATURATED FATTY ACID BIOSYNTHETIC PROCESS%GOBP%GO:0006636	UNSATURATED FATTY ACID BIOSYNTHETIC PROCESS%GOBP%GO:0006636		27	-0.22293745	-0.69249547	0.96842104	1.0	1.0	2814	tags=11%, list=11%, signal=13%	
PI-3K CASCADE:FGFR2%REACTOME DATABASE ID RELEASE 95%5654695	PI-3K CASCADE:FGFR2%REACTOME DATABASE ID RELEASE 95%5654695		18	-0.23906691	-0.6924295	0.88967973	1.0	1.0	3452	tags=22%, list=14%, signal=26%	
LIPOPROTEIN BIOSYNTHETIC PROCESS%GOBP%GO:0042158	LIPOPROTEIN BIOSYNTHETIC PROCESS%GOBP%GO:0042158		35	-0.2065588	-0.6922128	0.95726496	1.0	1.0	1589	tags=9%, list=6%, signal=9%	
DOPAMINE NEUROTRANSMITTER RELEASE CYCLE%REACTOME%R-HSA-212676.5	DOPAMINE NEUROTRANSMITTER RELEASE CYCLE%REACTOME%R-HSA-212676.5		22	-0.23140854	-0.6908035	0.9194631	1.0	1.0	3031	tags=23%, list=12%, signal=26%	
CORTICAL CYTOSKELETON ORGANIZATION%GOBP%GO:0030865	CORTICAL CYTOSKELETON ORGANIZATION%GOBP%GO:0030865		41	-0.19626054	-0.6901863	0.94468087	1.0	1.0	4851	tags=22%, list=20%, signal=27%	
TRAIL%IOB%TRAIL	TRAIL%IOB%TRAIL		43	-0.19950694	-0.6895397	0.95111114	1.0	1.0	4429	tags=26%, list=18%, signal=31%	
NEURON MATURATION%GOBP%GO:0042551	NEURON MATURATION%GOBP%GO:0042551		27	-0.22006604	-0.68950516	0.93939394	1.0	1.0	1475	tags=7%, list=6%, signal=8%	
ALPHA-BETA T CELL ACTIVATION INVOLVED IN IMMUNE RESPONSE%GOBP%GO:0002287	ALPHA-BETA T CELL ACTIVATION INVOLVED IN IMMUNE RESPONSE%GOBP%GO:0002287		39	-0.20166914	-0.6884027	0.9543379	1.0	1.0	940	tags=8%, list=4%, signal=8%	
DOWNSTREAM SIGNALING OF ACTIVATED FGFR4%REACTOME DATABASE ID RELEASE 95%5654716	DOWNSTREAM SIGNALING OF ACTIVATED FGFR4%REACTOME DATABASE ID RELEASE 95%5654716		22	-0.23146893	-0.6882066	0.9215017	1.0	1.0	3452	tags=23%, list=14%, signal=26%	
PDGFR BETA PATHWAY%WIKIPATHWAYS_20260211%WP3972%HOMO SAPIENS	PDGFR BETA PATHWAY%WIKIPATHWAYS_20260211%WP3972%HOMO SAPIENS		22	-0.22997405	-0.6877864	0.9039735	1.0	1.0	1334	tags=9%, list=5%, signal=10%	
INFLUENZA VIRAL RNA TRANSCRIPTION AND REPLICATION%REACTOME DATABASE ID RELEASE 95%168273	INFLUENZA VIRAL RNA TRANSCRIPTION AND REPLICATION%REACTOME DATABASE ID RELEASE 95%168273		133	-0.16315167	-0.6871051	1.0	1.0	1.0	6023	tags=30%, list=25%, signal=40%	
BASE EXCISION REPAIR%WIKIPATHWAYS_20260211%WP4752%HOMO SAPIENS	BASE EXCISION REPAIR%WIKIPATHWAYS_20260211%WP4752%HOMO SAPIENS		27	-0.2215734	-0.68640375	0.9625468	1.0	1.0	4010	tags=22%, list=16%, signal=27%	
HEXOSE CATABOLIC PROCESS%GOBP%GO:0019320	HEXOSE CATABOLIC PROCESS%GOBP%GO:0019320		40	-0.1987172	-0.68498933	0.98237884	1.0	1.0	2052	tags=13%, list=8%, signal=14%	
CELLULAR RESPONSE TO EPIDERMAL GROWTH FACTOR STIMULUS%GOBP%GO:0071364	CELLULAR RESPONSE TO EPIDERMAL GROWTH FACTOR STIMULUS%GOBP%GO:0071364		29	-0.21446478	-0.6839024	0.9739777	1.0	1.0	2904	tags=17%, list=12%, signal=20%	
POLYMERASE SWITCHING ON THE C-STRAND OF THE TELOMERE%REACTOME DATABASE ID RELEASE 95%174411	POLYMERASE SWITCHING ON THE C-STRAND OF THE TELOMERE%REACTOME DATABASE ID RELEASE 95%174411		26	-0.21803021	-0.68284494	0.9533074	1.0	1.0	1521	tags=12%, list=6%, signal=12%	
NUCLEOSIDE DIPHOSPHATE METABOLIC PROCESS%GOBP%GO:0009132	NUCLEOSIDE DIPHOSPHATE METABOLIC PROCESS%GOBP%GO:0009132		59	-0.1820885	-0.68256605	0.9910714	1.0	1.0	2614	tags=15%, list=11%, signal=17%	
BMAL1:CLOCK,NPAS2 ACTIVATES CIRCADIAN EXPRESSION%REACTOME%R-HSA-1368108.9	BMAL1:CLOCK,NPAS2 ACTIVATES CIRCADIAN EXPRESSION%REACTOME%R-HSA-1368108.9		26	-0.21756724	-0.68235487	0.95348835	1.0	1.0	19170	tags=100%, list=78%, signal=460%	
U2-TYPE PRESPLICEOSOME ASSEMBLY%GOBP%GO:1903241	U2-TYPE PRESPLICEOSOME ASSEMBLY%GOBP%GO:1903241		25	-0.21853013	-0.6821486	0.9259259	1.0	1.0	2858	tags=16%, list=12%, signal=18%	
HEMATOPOIETIC STEM CELL GENE REGULATION BY GABP ALPHA BETA COMPLEX%WIKIPATHWAYS_20260211%WP3657%HOMO SAPIENS	HEMATOPOIETIC STEM CELL GENE REGULATION BY GABP ALPHA BETA COMPLEX%WIKIPATHWAYS_20260211%WP3657%HOMO SAPIENS		16	-0.2420006	-0.6820583	0.9194631	1.0	1.0	4624	tags=25%, list=19%, signal=31%	
REGULATION OF PROTEIN DEACETYLATION%GOBP%GO:0090311	REGULATION OF PROTEIN DEACETYLATION%GOBP%GO:0090311		16	-0.24918376	-0.6805176	0.8978979	1.0	1.0	5563	tags=38%, list=23%, signal=48%	
PHOSPHOLIPID DEPHOSPHORYLATION%GOBP%GO:0046839	PHOSPHOLIPID DEPHOSPHORYLATION%GOBP%GO:0046839		32	-0.20790642	-0.67745143	0.9632653	1.0	1.0	3861	tags=25%, list=16%, signal=30%	
SARS-COV-2 MODULATES HOST TRANSLATION MACHINERY%REACTOME DATABASE ID RELEASE 95%9754678	SARS-COV-2 MODULATES HOST TRANSLATION MACHINERY%REACTOME DATABASE ID RELEASE 95%9754678		49	-0.19041112	-0.67742354	0.97630334	1.0	1.0	5381	tags=27%, list=22%, signal=34%	
SYNAPTIC_VESICLE_TRAFFICKING%PANTHER PATHWAY%P05734	SYNAPTIC_VESICLE_TRAFFICKING%PANTHER PATHWAY%P05734		20	-0.2298762	-0.67711765	0.9322034	1.0	1.0	2738	tags=20%, list=11%, signal=22%	
SARS-COV-1 INFECTION%REACTOME%R-HSA-9678108.8	SARS-COV-1 INFECTION%REACTOME%R-HSA-9678108.8		140	-0.15430161	-0.6763358	1.0	1.0	1.0	4588	tags=19%, list=19%, signal=24%	
POSITIVE REGULATION OF HOMOTYPIC CELL-CELL ADHESION%GOBP%GO:0034112	POSITIVE REGULATION OF HOMOTYPIC CELL-CELL ADHESION%GOBP%GO:0034112		17	-0.23756564	-0.676295	0.9220779	1.0	1.0	1808	tags=12%, list=7%, signal=13%	
POSITIVE REGULATION OF HEART GROWTH%GOBP%GO:0060421	POSITIVE REGULATION OF HEART GROWTH%GOBP%GO:0060421		20	-0.23022968	-0.6749657	0.9293286	1.0	1.0	4639	tags=35%, list=19%, signal=43%	
BMP SIGNALING IN EYELID DEVELOPMENT%WIKIPATHWAYS_20260211%WP3927%HOMO SAPIENS	BMP SIGNALING IN EYELID DEVELOPMENT%WIKIPATHWAYS_20260211%WP3927%HOMO SAPIENS		19	-0.2315747	-0.67424476	0.9183006	1.0	1.0	4119	tags=21%, list=17%, signal=25%	
INSERTION OF TAIL-ANCHORED PROTEINS INTO THE ENDOPLASMIC RETICULUM MEMBRANE%REACTOME%R-HSA-9609523.4	INSERTION OF TAIL-ANCHORED PROTEINS INTO THE ENDOPLASMIC RETICULUM MEMBRANE%REACTOME%R-HSA-9609523.4		19	-0.23324369	-0.67331576	0.94392526	1.0	1.0	4616	tags=32%, list=19%, signal=39%	
HEPARAN SULFATE PROTEOGLYCAN BIOSYNTHETIC PROCESS%GOBP%GO:0015012	HEPARAN SULFATE PROTEOGLYCAN BIOSYNTHETIC PROCESS%GOBP%GO:0015012		27	-0.21241401	-0.67285335	0.9520548	1.0	1.0	1980	tags=11%, list=8%, signal=12%	
WARBURG EFFECT MODULATED BY DEUBIQUITINATING ENZYMES AND THEIR SUBSTRATES%WIKIPATHWAYS_20260211%WP5216%HOMO SAPIENS	WARBURG EFFECT MODULATED BY DEUBIQUITINATING ENZYMES AND THEIR SUBSTRATES%WIKIPATHWAYS_20260211%WP5216%HOMO SAPIENS		21	-0.2262487	-0.6726438	0.953405	1.0	1.0	1999	tags=14%, list=8%, signal=16%	
AGGREPHAGY%REACTOME DATABASE ID RELEASE 95%9646399	AGGREPHAGY%REACTOME DATABASE ID RELEASE 95%9646399		24	-0.21691579	-0.66994625	0.9583333	1.0	1.0	2254	tags=13%, list=9%, signal=14%	
REGULATION OF GENE SILENCING BY REGULATORY NCRNA%GOBP%GO:0060966	REGULATION OF GENE SILENCING BY REGULATORY NCRNA%GOBP%GO:0060966		33	-0.20340231	-0.6694871	0.96336997	1.0	1.0	2760	tags=18%, list=11%, signal=20%	
NATURAL KILLER CELL ACTIVATION INVOLVED IN IMMUNE RESPONSE%GOBP%GO:0002323	NATURAL KILLER CELL ACTIVATION INVOLVED IN IMMUNE RESPONSE%GOBP%GO:0002323		21	-0.22589625	-0.66906226	0.9498208	1.0	1.0	1911	tags=10%, list=8%, signal=10%	
NAD METABOLISM IN ONCOGENE INDUCED SENESCENCE AND MITOCHONDRIAL DYSFUNCTION ASSOCIATED SENESCENCE%WIKIPATHWAYS_20260211%WP5046%HOMO SAPIENS	NAD METABOLISM IN ONCOGENE INDUCED SENESCENCE AND MITOCHONDRIAL DYSFUNCTION ASSOCIATED SENESCENCE%WIKIPATHWAYS_20260211%WP5046%HOMO SAPIENS		17	-0.2353281	-0.6683045	0.92628205	1.0	1.0	2129	tags=18%, list=9%, signal=19%	
DEVELOPMENT OF URETERIC DERIVED COLLECTING SYSTEM%WIKIPATHWAYS_20260211%WP5053%HOMO SAPIENS	DEVELOPMENT OF URETERIC DERIVED COLLECTING SYSTEM%WIKIPATHWAYS_20260211%WP5053%HOMO SAPIENS		39	-0.1934906	-0.6679805	0.9802371	1.0	1.0	4831	tags=28%, list=20%, signal=35%	
INTERFERON ALPHA BETA SIGNALING%REACTOME DATABASE ID RELEASE 95%909733	INTERFERON ALPHA BETA SIGNALING%REACTOME DATABASE ID RELEASE 95%909733		75	-0.17266008	-0.66754216	1.0	1.0	1.0	3852	tags=15%, list=16%, signal=17%	
GLUTAMATE NEUROTRANSMITTER RELEASE CYCLE%REACTOME%R-HSA-210500.6	GLUTAMATE NEUROTRANSMITTER RELEASE CYCLE%REACTOME%R-HSA-210500.6		23	-0.22496478	-0.6674505	0.9457627	1.0	1.0	3031	tags=22%, list=12%, signal=25%	
EXTENSION OF TELOMERES%REACTOME%R-HSA-180786.4	EXTENSION OF TELOMERES%REACTOME%R-HSA-180786.4		51	-0.17964225	-0.6671049	0.9906103	1.0	1.0	5214	tags=31%, list=21%, signal=40%	
REGULATION OF PYRUVATE DEHYDROGENASE (PDH) COMPLEX%REACTOME%R-HSA-204174.5	REGULATION OF PYRUVATE DEHYDROGENASE (PDH) COMPLEX%REACTOME%R-HSA-204174.5		15	-0.2517789	-0.6660342	0.9314642	1.0	1.0	1583	tags=13%, list=6%, signal=14%	
POSITIVE REGULATION OF ACTIVATED T CELL PROLIFERATION%GOBP%GO:0042104	POSITIVE REGULATION OF ACTIVATED T CELL PROLIFERATION%GOBP%GO:0042104		19	-0.22892442	-0.66531205	0.9391892	1.0	1.0	1298	tags=11%, list=5%, signal=11%	
NEPHRIN NEPH1 SIGNALING IN THE KIDNEY PODOCYTE%PATHWAY INTERACTION DATABASE NCI-NATURE CURATED DATA%NEPHRIN NEPH1 SIGNALING IN THE KIDNEY PODOCYTE	NEPHRIN NEPH1 SIGNALING IN THE KIDNEY PODOCYTE%PATHWAY INTERACTION DATABASE NCI-NATURE CURATED DATA%NEPHRIN NEPH1 SIGNALING IN THE KIDNEY PODOCYTE		28	-0.21338838	-0.6647548	0.9548872	1.0	1.0	2806	tags=18%, list=11%, signal=20%	
BIOCARTA_CELLCYCLE_PATHWAY%MSIGDB_C2%BIOCARTA_CELLCYCLE_PATHWAY	BIOCARTA_CELLCYCLE_PATHWAY%MSIGDB_C2%BIOCARTA_CELLCYCLE_PATHWAY		19	-0.23164302	-0.6642348	0.959375	1.0	1.0	18824	tags=100%, list=77%, signal=432%	
POSITIVE REGULATION OF D-GLUCOSE TRANSMEMBRANE TRANSPORT%GOBP%GO:0010828	POSITIVE REGULATION OF D-GLUCOSE TRANSMEMBRANE TRANSPORT%GOBP%GO:0010828		34	-0.1988535	-0.66386324	0.9717742	1.0	1.0	3796	tags=18%, list=15%, signal=21%	
BUDDING AND MATURATION OF HIV VIRION%REACTOME DATABASE ID RELEASE 95%162588	BUDDING AND MATURATION OF HIV VIRION%REACTOME DATABASE ID RELEASE 95%162588		28	-0.20554283	-0.66345215	0.96153843	1.0	1.0	2651	tags=14%, list=11%, signal=16%	
URETERIC BUD DEVELOPMENT%GOBP%GO:0001657	URETERIC BUD DEVELOPMENT%GOBP%GO:0001657		32	-0.19993713	-0.6630749	0.9578544	1.0	1.0	4345	tags=25%, list=18%, signal=30%	
RHO GTPASES ACTIVATE CIT%REACTOME%R-HSA-5625900.4	RHO GTPASES ACTIVATE CIT%REACTOME%R-HSA-5625900.4		19	-0.22721791	-0.66259366	0.9597315	1.0	1.0	2785	tags=16%, list=11%, signal=18%	
G1/S TRANSITION OF MITOTIC CELL CYCLE%GOBP%GO:0000082	G1/S TRANSITION OF MITOTIC CELL CYCLE%GOBP%GO:0000082		68	-0.17390954	-0.6624487	0.9943182	1.0	1.0	4835	tags=28%, list=20%, signal=35%	
PROTEIN HOMOTRIMERIZATION%GOBP%GO:0070207	PROTEIN HOMOTRIMERIZATION%GOBP%GO:0070207		15	-0.24281849	-0.6621154	0.926045	1.0	1.0	1340	tags=13%, list=5%, signal=14%	
WATER TRANSPORT%GOBP%GO:0006833	WATER TRANSPORT%GOBP%GO:0006833		21	-0.21862613	-0.661675	0.94014084	1.0	1.0	19143	tags=100%, list=78%, signal=457%	
CELLULAR RESPONSE TO UV%GOBP%GO:0034644	CELLULAR RESPONSE TO UV%GOBP%GO:0034644		74	-0.17681685	-0.66136605	0.99382716	1.0	1.0	5561	tags=32%, list=23%, signal=42%	
POSITIVE REGULATION OF MICROTUBULE POLYMERIZATION OR DEPOLYMERIZATION%GOBP%GO:0031112	POSITIVE REGULATION OF MICROTUBULE POLYMERIZATION OR DEPOLYMERIZATION%GOBP%GO:0031112		32	-0.2001739	-0.6611025	0.9527559	1.0	1.0	1372	tags=9%, list=6%, signal=10%	
BIOCARTA_TCR_PATHWAY%MSIGDB_C2%BIOCARTA_TCR_PATHWAY	BIOCARTA_TCR_PATHWAY%MSIGDB_C2%BIOCARTA_TCR_PATHWAY		36	-0.1923169	-0.66098124	0.97692305	1.0	1.0	6528	tags=44%, list=27%, signal=61%	
GAB1 SIGNALOSOME%REACTOME%R-HSA-180292.5	GAB1 SIGNALOSOME%REACTOME%R-HSA-180292.5		16	-0.24530932	-0.6586501	0.928125	1.0	1.0	5178	tags=25%, list=21%, signal=32%	
HOST-MEDIATED ACTIVATION OF VIRAL TRANSCRIPTION%GOBP%GO:0043923	HOST-MEDIATED ACTIVATION OF VIRAL TRANSCRIPTION%GOBP%GO:0043923		17	-0.23185118	-0.65537214	0.9490446	1.0	1.0	267	tags=6%, list=1%, signal=6%	
DEVELOPMENTAL CELL LINEAGES%REACTOME DATABASE ID RELEASE 95%9734767	DEVELOPMENTAL CELL LINEAGES%REACTOME DATABASE ID RELEASE 95%9734767		21	-0.22030349	-0.65525925	0.95373666	1.0	1.0	224	tags=5%, list=1%, signal=5%	
BIOCARTA_VIP_PATHWAY%MSIGDB_C2%BIOCARTA_VIP_PATHWAY	BIOCARTA_VIP_PATHWAY%MSIGDB_C2%BIOCARTA_VIP_PATHWAY		18	-0.23868273	-0.6548826	0.9274448	1.0	1.0	6040	tags=44%, list=25%, signal=59%	
T-HELPER CELL DIFFERENTIATION%GOBP%GO:0042093	T-HELPER CELL DIFFERENTIATION%GOBP%GO:0042093		50	-0.18211307	-0.654332	0.9677419	1.0	1.0	4201	tags=18%, list=17%, signal=22%	
POSITIVE REGULATION OF ORGAN GROWTH%GOBP%GO:0046622	POSITIVE REGULATION OF ORGAN GROWTH%GOBP%GO:0046622		20	-0.23022968	-0.6540514	0.9583333	1.0	1.0	4639	tags=35%, list=19%, signal=43%	
BACTERIAL INFECTION PATHWAYS%REACTOME DATABASE ID RELEASE 95%9824439	BACTERIAL INFECTION PATHWAYS%REACTOME DATABASE ID RELEASE 95%9824439		78	-0.1682705	-0.6537234	0.99404764	1.0	1.0	5032	tags=26%, list=21%, signal=32%	
PROSTANOID METABOLIC PROCESS%GOBP%GO:0006692	PROSTANOID METABOLIC PROCESS%GOBP%GO:0006692		32	-0.19988759	-0.65327895	0.9588015	1.0	1.0	2142	tags=9%, list=9%, signal=10%	
MESODERM FORMATION%GOBP%GO:0001707	MESODERM FORMATION%GOBP%GO:0001707		29	-0.20276429	-0.6527929	0.96503496	1.0	1.0	4717	tags=24%, list=19%, signal=30%	
NEGATIVE REGULATION OF TCF-DEPENDENT SIGNALING BY WNT LIGAND ANTAGONISTS%REACTOME DATABASE ID RELEASE 95%3772470	NEGATIVE REGULATION OF TCF-DEPENDENT SIGNALING BY WNT LIGAND ANTAGONISTS%REACTOME DATABASE ID RELEASE 95%3772470		15	-0.24004376	-0.6523478	0.91233766	1.0	1.0	2309	tags=20%, list=9%, signal=22%	
BIOCARTA_RAC1_PATHWAY%MSIGDB_C2%BIOCARTA_RAC1_PATHWAY	BIOCARTA_RAC1_PATHWAY%MSIGDB_C2%BIOCARTA_RAC1_PATHWAY		18	-0.23355007	-0.65178543	0.92391306	1.0	1.0	1906	tags=11%, list=8%, signal=12%	
NONCANONICAL WNT SIGNALING PATHWAY%PATHWAY INTERACTION DATABASE NCI-NATURE CURATED DATA%NONCANONICAL WNT SIGNALING PATHWAY	NONCANONICAL WNT SIGNALING PATHWAY%PATHWAY INTERACTION DATABASE NCI-NATURE CURATED DATA%NONCANONICAL WNT SIGNALING PATHWAY		32	-0.1939551	-0.65101784	0.9830508	1.0	1.0	4976	tags=28%, list=20%, signal=35%	
REGULATION OF MUSCLE ADAPTATION%GOBP%GO:0043502	REGULATION OF MUSCLE ADAPTATION%GOBP%GO:0043502		47	-0.18284923	-0.6506782	0.9766355	1.0	1.0	4608	tags=21%, list=19%, signal=26%	
SYNTHESIS OF PIPS AT THE GOLGI MEMBRANE%REACTOME%R-HSA-1660514.5	SYNTHESIS OF PIPS AT THE GOLGI MEMBRANE%REACTOME%R-HSA-1660514.5		18	-0.22845101	-0.6474954	0.9438944	1.0	1.0	4657	tags=28%, list=19%, signal=34%	
REGULATION OF EPITHELIAL CELL APOPTOTIC PROCESS%GOBP%GO:1904035	REGULATION OF EPITHELIAL CELL APOPTOTIC PROCESS%GOBP%GO:1904035		23	-0.20876965	-0.6465626	0.94756556	1.0	1.0	2491	tags=17%, list=10%, signal=19%	
BIOCARTA_GLEEVEC_PATHWAY%MSIGDB_C2%BIOCARTA_GLEEVEC_PATHWAY	BIOCARTA_GLEEVEC_PATHWAY%MSIGDB_C2%BIOCARTA_GLEEVEC_PATHWAY		19	-0.22808436	-0.64578277	0.93630576	1.0	1.0	1334	tags=11%, list=5%, signal=11%	
THYMIC STROMAL LYMPHOPOIETIN TSLP SIGNALING%WIKIPATHWAYS_20260211%WP2203%HOMO SAPIENS	THYMIC STROMAL LYMPHOPOIETIN TSLP SIGNALING%WIKIPATHWAYS_20260211%WP2203%HOMO SAPIENS		32	-0.19980727	-0.64457643	0.98455596	1.0	1.0	4306	tags=25%, list=18%, signal=30%	
MESONEPHRIC EPITHELIUM DEVELOPMENT%GOBP%GO:0072163	MESONEPHRIC EPITHELIUM DEVELOPMENT%GOBP%GO:0072163		33	-0.19775337	-0.64387774	0.98245615	1.0	1.0	4345	tags=24%, list=18%, signal=29%	
LYMPHOCYTE COSTIMULATION%GOBP%GO:0031294	LYMPHOCYTE COSTIMULATION%GOBP%GO:0031294		37	-0.19073696	-0.6429924	0.9876033	1.0	1.0	2701	tags=14%, list=11%, signal=15%	
MESONEPHRIC TUBULE DEVELOPMENT%GOBP%GO:0072164	MESONEPHRIC TUBULE DEVELOPMENT%GOBP%GO:0072164		33	-0.19775337	-0.6422657	0.96511626	1.0	1.0	4345	tags=24%, list=18%, signal=29%	
PROTEIN TRIMERIZATION%GOBP%GO:0070206	PROTEIN TRIMERIZATION%GOBP%GO:0070206		15	-0.24281849	-0.64068	0.9387097	1.0	1.0	1340	tags=13%, list=5%, signal=14%	
IRON METABOLISM DISORDERS%WIKIPATHWAYS_20260211%WP5172%HOMO SAPIENS	IRON METABOLISM DISORDERS%WIKIPATHWAYS_20260211%WP5172%HOMO SAPIENS		15	-0.23253347	-0.6391282	0.953125	1.0	1.0	4840	tags=33%, list=20%, signal=42%	
SYNAPTIC TRANSMISSION, CHOLINERGIC%GOBP%GO:0007271	SYNAPTIC TRANSMISSION, CHOLINERGIC%GOBP%GO:0007271		20	-0.22110406	-0.6380128	0.95	1.0	1.0	1263	tags=10%, list=5%, signal=11%	
CONSTITUTIVE SIGNALING BY LIGAND-RESPONSIVE EGFR CANCER VARIANTS%REACTOME%R-HSA-1236382.3	CONSTITUTIVE SIGNALING BY LIGAND-RESPONSIVE EGFR CANCER VARIANTS%REACTOME%R-HSA-1236382.3		17	-0.22959642	-0.6372562	0.9556213	1.0	1.0	5178	tags=29%, list=21%, signal=37%	
REGULATION OF T CELL MEDIATED IMMUNE RESPONSE TO TUMOR CELL%GOBP%GO:0002840	REGULATION OF T CELL MEDIATED IMMUNE RESPONSE TO TUMOR CELL%GOBP%GO:0002840		19	-0.22012427	-0.63651764	0.9470199	1.0	1.0	3831	tags=26%, list=16%, signal=31%	
PLASMINOGEN ACTIVATING CASCADE%PANTHER PATHWAY%P00050	PLASMINOGEN ACTIVATING CASCADE%PANTHER PATHWAY%P00050		15	-0.23245236	-0.63550425	0.96463025	1.0	1.0	2523	tags=13%, list=10%, signal=15%	
NRF2 ARE REGULATION%WIKIPATHWAYS_20260211%WP4357%HOMO SAPIENS	NRF2 ARE REGULATION%WIKIPATHWAYS_20260211%WP4357%HOMO SAPIENS		21	-0.21580805	-0.6350247	0.9556314	1.0	1.0	5230	tags=33%, list=21%, signal=42%	
G BETA:GAMMA SIGNALLING THROUGH PI3KGAMMA%REACTOME DATABASE ID RELEASE 95%392451	G BETA:GAMMA SIGNALLING THROUGH PI3KGAMMA%REACTOME DATABASE ID RELEASE 95%392451		25	-0.19974396	-0.6334407	0.96466434	1.0	1.0	1619	tags=12%, list=7%, signal=13%	
GROWTH HORMONE RECEPTOR SIGNALING%REACTOME DATABASE ID RELEASE 95%982772	GROWTH HORMONE RECEPTOR SIGNALING%REACTOME DATABASE ID RELEASE 95%982772		23	-0.205457	-0.6330089	0.96633	1.0	1.0	4640	tags=30%, list=19%, signal=38%	
7Q11 23 DISTAL COPY NUMBER VARIATION%WIKIPATHWAYS_20260211%WP5401%HOMO SAPIENS	7Q11 23 DISTAL COPY NUMBER VARIATION%WIKIPATHWAYS_20260211%WP5401%HOMO SAPIENS		18	-0.21828978	-0.632599	0.9528302	1.0	1.0	2680	tags=17%, list=11%, signal=19%	
T CELL RECEPTOR AND CO STIMULATORY SIGNALING%WIKIPATHWAYS_20260211%WP2583%HOMO SAPIENS	T CELL RECEPTOR AND CO STIMULATORY SIGNALING%WIKIPATHWAYS_20260211%WP2583%HOMO SAPIENS		22	-0.20632991	-0.63126045	0.95272726	1.0	1.0	6196	tags=36%, list=25%, signal=49%	
TIGHT JUNCTION INTERACTIONS%REACTOME DATABASE ID RELEASE 95%420029	TIGHT JUNCTION INTERACTIONS%REACTOME DATABASE ID RELEASE 95%420029		30	-0.19677967	-0.6307339	0.984127	1.0	1.0	4233	tags=23%, list=17%, signal=28%	
SIGNALING BY FGFR2 IIIA TM%REACTOME%R-HSA-8851708.2	SIGNALING BY FGFR2 IIIA TM%REACTOME%R-HSA-8851708.2		19	-0.22196181	-0.63007104	0.95167285	1.0	1.0	4960	tags=37%, list=20%, signal=46%	
MONOCYTE DIFFERENTIATION%GOBP%GO:0030224	MONOCYTE DIFFERENTIATION%GOBP%GO:0030224		16	-0.23082548	-0.6300603	0.95302016	1.0	1.0	4209	tags=25%, list=17%, signal=30%	
SIGNALING BY LIGAND-RESPONSIVE EGFR VARIANTS IN CANCER%REACTOME%R-HSA-5637815.3	SIGNALING BY LIGAND-RESPONSIVE EGFR VARIANTS IN CANCER%REACTOME%R-HSA-5637815.3		17	-0.22959642	-0.63000005	0.9641694	1.0	1.0	5178	tags=29%, list=21%, signal=37%	
13Q12 12 COPY NUMBER VARIATION%WIKIPATHWAYS_20260211%WP5406%HOMO SAPIENS	13Q12 12 COPY NUMBER VARIATION%WIKIPATHWAYS_20260211%WP5406%HOMO SAPIENS		27	-0.20045365	-0.6296717	0.96644294	1.0	1.0	3353	tags=19%, list=14%, signal=21%	
TELOMERE C-STRAND (LAGGING STRAND) SYNTHESIS%REACTOME DATABASE ID RELEASE 95%174417	TELOMERE C-STRAND (LAGGING STRAND) SYNTHESIS%REACTOME DATABASE ID RELEASE 95%174417		34	-0.18584886	-0.62827694	0.9788136	1.0	1.0	1813	tags=12%, list=7%, signal=13%	
MECHANOREGULATION AND PATHOLOGY OF YAP TAZ VIA HIPPO AND NON HIPPO MECHANISMS%WIKIPATHWAYS_20260211%WP4534%HOMO SAPIENS	MECHANOREGULATION AND PATHOLOGY OF YAP TAZ VIA HIPPO AND NON HIPPO MECHANISMS%WIKIPATHWAYS_20260211%WP4534%HOMO SAPIENS		33	-0.19332409	-0.62677956	0.9844358	1.0	1.0	3073	tags=15%, list=13%, signal=17%	
G BETA:GAMMA SIGNALLING THROUGH PLC BETA%REACTOME%R-HSA-418217.5	G BETA:GAMMA SIGNALLING THROUGH PLC BETA%REACTOME%R-HSA-418217.5		20	-0.21126747	-0.62629986	0.971519	1.0	1.0	1619	tags=15%, list=7%, signal=16%	
INFECTION WITH ENTEROBACTERIA%REACTOME%R-HSA-9640148.3	INFECTION WITH ENTEROBACTERIA%REACTOME%R-HSA-9640148.3		17	-0.22082198	-0.62429154	0.95683455	1.0	1.0	1982	tags=12%, list=8%, signal=13%	
BIOCARTA_GPCR_PATHWAY%MSIGDB_C2%BIOCARTA_GPCR_PATHWAY	BIOCARTA_GPCR_PATHWAY%MSIGDB_C2%BIOCARTA_GPCR_PATHWAY		22	-0.21274571	-0.6232661	0.9614148	1.0	1.0	5109	tags=32%, list=21%, signal=40%	
NUCLEOTIDE-BINDING DOMAIN, LEUCINE RICH REPEAT CONTAINING RECEPTOR SIGNALING PATHWAY%GOBP%GO:0035872	NUCLEOTIDE-BINDING DOMAIN, LEUCINE RICH REPEAT CONTAINING RECEPTOR SIGNALING PATHWAY%GOBP%GO:0035872		16	-0.2264862	-0.621511	0.9612676	1.0	1.0	1692	tags=13%, list=7%, signal=13%	
NEGATIVE REGULATION OF PROTEIN LOCALIZATION TO NUCLEUS%GOBP%GO:1900181	NEGATIVE REGULATION OF PROTEIN LOCALIZATION TO NUCLEUS%GOBP%GO:1900181		27	-0.20225911	-0.6212877	0.9581749	1.0	1.0	5329	tags=30%, list=22%, signal=38%	
ANGIOTENSIN II RECEPTOR TYPE 1 PATHWAY%WIKIPATHWAYS_20260211%WP5036%HOMO SAPIENS	ANGIOTENSIN II RECEPTOR TYPE 1 PATHWAY%WIKIPATHWAYS_20260211%WP5036%HOMO SAPIENS		22	-0.2038419	-0.6207741	0.98392284	1.0	1.0	3712	tags=18%, list=15%, signal=21%	
REGULATION OF FERTILIZATION%GOBP%GO:0080154	REGULATION OF FERTILIZATION%GOBP%GO:0080154		16	-0.22198334	-0.6207433	0.9672727	1.0	1.0	5435	tags=38%, list=22%, signal=48%	
DOWNREGULATION OF ERBB2 SIGNALING%REACTOME%R-HSA-8863795.3	DOWNREGULATION OF ERBB2 SIGNALING%REACTOME%R-HSA-8863795.3		27	-0.19713432	-0.61974233	0.9794521	1.0	1.0	5178	tags=26%, list=21%, signal=33%	
EMBRYONIC DIGESTIVE TRACT DEVELOPMENT%GOBP%GO:0048566	EMBRYONIC DIGESTIVE TRACT DEVELOPMENT%GOBP%GO:0048566		20	-0.20950474	-0.6184314	0.9685315	1.0	1.0	19366	tags=100%, list=79%, signal=477%	
REGULATION OF INFLAMMATORY RESPONSE TO ANTIGENIC STIMULUS%GOBP%GO:0002861	REGULATION OF INFLAMMATORY RESPONSE TO ANTIGENIC STIMULUS%GOBP%GO:0002861		29	-0.19623609	-0.6176593	0.97769517	1.0	1.0	3095	tags=17%, list=13%, signal=20%	
TRANSCRIPTION FACTOR REGULATION IN ADIPOGENESIS%WIKIPATHWAYS_20260211%WP3599%HOMO SAPIENS	TRANSCRIPTION FACTOR REGULATION IN ADIPOGENESIS%WIKIPATHWAYS_20260211%WP3599%HOMO SAPIENS		19	-0.2129078	-0.6153315	0.96	1.0	1.0	1717	tags=11%, list=7%, signal=11%	
VASOPRESSIN REGULATED WATER REABSORPTION%WIKIPATHWAYS_20260211%WP5085%HOMO SAPIENS	VASOPRESSIN REGULATED WATER REABSORPTION%WIKIPATHWAYS_20260211%WP5085%HOMO SAPIENS		35	-0.18398145	-0.6144009	0.9885496	1.0	1.0	1286	tags=6%, list=5%, signal=6%	
APOPTOSIS%WIKIPATHWAYS_20260211%WP254%HOMO SAPIENS	APOPTOSIS%WIKIPATHWAYS_20260211%WP254%HOMO SAPIENS		74	-0.15788256	-0.61092424	1.0	1.0	1.0	4818	tags=23%, list=20%, signal=29%	
PERTURBATIONS TO HOST CELL AUTOPHAGY INDUCED BY SARS COV 2 PROTEINS%WIKIPATHWAYS_20260211%WP4936%HOMO SAPIENS	PERTURBATIONS TO HOST CELL AUTOPHAGY INDUCED BY SARS COV 2 PROTEINS%WIKIPATHWAYS_20260211%WP4936%HOMO SAPIENS		37	-0.18020092	-0.6100871	0.9848485	1.0	1.0	4088	tags=22%, list=17%, signal=26%	
PID_PTP1B_PATHWAY%MSIGDB_C2%PID_PTP1B_PATHWAY	PID_PTP1B_PATHWAY%MSIGDB_C2%PID_PTP1B_PATHWAY		41	-0.1764158	-0.60966754	0.991342	1.0	1.0	2958	tags=12%, list=12%, signal=14%	
CHAPERONE MEDIATED AUTOPHAGY%REACTOME DATABASE ID RELEASE 95%9613829	CHAPERONE MEDIATED AUTOPHAGY%REACTOME DATABASE ID RELEASE 95%9613829		21	-0.20149648	-0.60555124	0.9784173	1.0	1.0	5412	tags=29%, list=22%, signal=37%	
PROCESSING OF SMDT1%REACTOME%R-HSA-8949664.2	PROCESSING OF SMDT1%REACTOME%R-HSA-8949664.2		16	-0.22262625	-0.6054265	0.965625	1.0	1.0	19044	tags=100%, list=78%, signal=449%	
PI3K AKT SIGNALING IN CANCER%REACTOME DATABASE ID RELEASE 95%2219528	PI3K AKT SIGNALING IN CANCER%REACTOME DATABASE ID RELEASE 95%2219528		99	-0.14824048	-0.6038728	1.0	1.0	1.0	3452	tags=13%, list=14%, signal=15%	
METABOLIC REPROGRAMMING IN COLON CANCER%WIKIPATHWAYS_20260211%WP4290%HOMO SAPIENS	METABOLIC REPROGRAMMING IN COLON CANCER%WIKIPATHWAYS_20260211%WP4290%HOMO SAPIENS		23	-0.2030627	-0.60311145	0.97818184	1.0	1.0	5194	tags=35%, list=21%, signal=44%	
FORMATION OF ATP BY CHEMIOSMOTIC COUPLING%REACTOME DATABASE ID RELEASE 95%163210	FORMATION OF ATP BY CHEMIOSMOTIC COUPLING%REACTOME DATABASE ID RELEASE 95%163210		18	-0.21083264	-0.60260105	0.97619045	1.0	1.0	1203	tags=6%, list=5%, signal=6%	
TNFR1-INDUCED PROAPOPTOTIC SIGNALING%REACTOME%R-HSA-5357786.6	TNFR1-INDUCED PROAPOPTOTIC SIGNALING%REACTOME%R-HSA-5357786.6		25	-0.19635025	-0.6016023	0.98841697	1.0	1.0	1692	tags=8%, list=7%, signal=9%	
CD4-POSITIVE OR CD8-POSITIVE, ALPHA-BETA T CELL LINEAGE COMMITMENT%GOBP%GO:0043369	CD4-POSITIVE OR CD8-POSITIVE, ALPHA-BETA T CELL LINEAGE COMMITMENT%GOBP%GO:0043369		16	-0.21796265	-0.6014987	0.9607843	1.0	1.0	3852	tags=25%, list=16%, signal=30%	
WOUND HEALING, SPREADING OF CELLS%GOBP%GO:0044319	WOUND HEALING, SPREADING OF CELLS%GOBP%GO:0044319		27	-0.18868266	-0.60092515	0.9885496	1.0	1.0	2335	tags=15%, list=10%, signal=16%	
T-HELPER 17 TYPE IMMUNE RESPONSE%GOBP%GO:0072538	T-HELPER 17 TYPE IMMUNE RESPONSE%GOBP%GO:0072538		35	-0.17518206	-0.60057527	0.9918699	1.0	1.0	705	tags=6%, list=3%, signal=6%	
PID_EPHA2_FWD_PATHWAY%MSIGDB_C2%PID_EPHA2_FWD_PATHWAY	PID_EPHA2_FWD_PATHWAY%MSIGDB_C2%PID_EPHA2_FWD_PATHWAY		15	-0.22433305	-0.60000914	0.971875	1.0	1.0	19002	tags=100%, list=78%, signal=446%	
MOLECULES ASSOCIATED WITH ELASTIC FIBRES%REACTOME%R-HSA-2129379.3	MOLECULES ASSOCIATED WITH ELASTIC FIBRES%REACTOME%R-HSA-2129379.3		28	-0.184327	-0.5978944	0.9851852	1.0	1.0	2802	tags=18%, list=11%, signal=20%	
HSF1-DEPENDENT TRANSACTIVATION%REACTOME%R-HSA-3371571.3	HSF1-DEPENDENT TRANSACTIVATION%REACTOME%R-HSA-3371571.3		24	-0.19225621	-0.59511083	0.9815498	1.0	1.0	4738	tags=21%, list=19%, signal=26%	
EPIBOLY INVOLVED IN WOUND HEALING%GOBP%GO:0090505	EPIBOLY INVOLVED IN WOUND HEALING%GOBP%GO:0090505		27	-0.18868266	-0.59474415	0.99270076	1.0	1.0	2335	tags=15%, list=10%, signal=16%	
PID_AURORA_A_PATHWAY%MSIGDB_C2%PID_AURORA_A_PATHWAY	PID_AURORA_A_PATHWAY%MSIGDB_C2%PID_AURORA_A_PATHWAY		24	-0.19073583	-0.5930744	0.9716312	1.0	1.0	6058	tags=38%, list=25%, signal=50%	
REGULATION OF CD8-POSITIVE, ALPHA-BETA T CELL ACTIVATION%GOBP%GO:2001185	REGULATION OF CD8-POSITIVE, ALPHA-BETA T CELL ACTIVATION%GOBP%GO:2001185		20	-0.1976916	-0.58806574	0.9833887	1.0	1.0	4640	tags=30%, list=19%, signal=37%	
POSITIVE REGULATION OF PROTEIN EXIT FROM ENDOPLASMIC RETICULUM%GOBP%GO:0070863	POSITIVE REGULATION OF PROTEIN EXIT FROM ENDOPLASMIC RETICULUM%GOBP%GO:0070863		19	-0.19823352	-0.5863953	0.9892473	1.0	1.0	2857	tags=16%, list=12%, signal=18%	
EXTRACELLULAR MATRIX ASSEMBLY%GOBP%GO:0085029	EXTRACELLULAR MATRIX ASSEMBLY%GOBP%GO:0085029		20	-0.1996725	-0.5830017	0.9681979	1.0	1.0	3348	tags=20%, list=14%, signal=23%	
INTERLEUKIN-12 SIGNALING%REACTOME%R-HSA-9020591.3	INTERLEUKIN-12 SIGNALING%REACTOME%R-HSA-9020591.3		44	-0.16655678	-0.5816915	1.0	1.0	1.0	4650	tags=20%, list=19%, signal=25%	
CORTICAL ACTIN CYTOSKELETON ORGANIZATION%GOBP%GO:0030866	CORTICAL ACTIN CYTOSKELETON ORGANIZATION%GOBP%GO:0030866		25	-0.19099195	-0.5787256	0.9826389	1.0	1.0	19820	tags=100%, list=81%, signal=524%	
LISTERIA MONOCYTOGENES ENTRY INTO HOST CELLS%REACTOME%R-HSA-8876384.4	LISTERIA MONOCYTOGENES ENTRY INTO HOST CELLS%REACTOME%R-HSA-8876384.4		19	-0.1940376	-0.56966895	0.9933993	1.0	1.0	3745	tags=21%, list=15%, signal=25%	
SCAVENGING BY CLASS A RECEPTORS%REACTOME%R-HSA-3000480.2	SCAVENGING BY CLASS A RECEPTORS%REACTOME%R-HSA-3000480.2		19	-0.1983089	-0.56371486	0.9925926	1.0	1.0	420	tags=5%, list=2%, signal=5%	
COPPER ION HOMEOSTASIS%GOBP%GO:0055070	COPPER ION HOMEOSTASIS%GOBP%GO:0055070		15	-0.20824935	-0.562164	0.9778481	1.0	1.0	1627	tags=13%, list=7%, signal=14%	
NEGATIVE REGULATION OF ATP METABOLIC PROCESS%GOBP%GO:1903579	NEGATIVE REGULATION OF ATP METABOLIC PROCESS%GOBP%GO:1903579		16	-0.19978657	-0.55860066	0.97568387	1.0	1.0	753	tags=6%, list=3%, signal=6%	
NEGATIVE REGULATION OF CAMP/PKA SIGNAL TRANSDUCTION%GOBP%GO:0141162	NEGATIVE REGULATION OF CAMP/PKA SIGNAL TRANSDUCTION%GOBP%GO:0141162		27	-0.17491926	-0.5556987	1.0	1.0	1.0	4209	tags=22%, list=17%, signal=27%	
NUCLEOTIDE SALVAGE%REACTOME%R-HSA-8956321.3	NUCLEOTIDE SALVAGE%REACTOME%R-HSA-8956321.3		22	-0.18171589	-0.554433	0.9927798	1.0	1.0	5114	tags=32%, list=21%, signal=40%	
NFE2L2 REGULATING ANTI-OXIDANT DETOXIFICATION ENZYMES%REACTOME%R-HSA-9818027.3	NFE2L2 REGULATING ANTI-OXIDANT DETOXIFICATION ENZYMES%REACTOME%R-HSA-9818027.3		19	-0.19095731	-0.55336803	0.9856115	1.0	1.0	5171	tags=32%, list=21%, signal=40%	
PID_TAP63_PATHWAY%MSIGDB_C2%PID_TAP63_PATHWAY	PID_TAP63_PATHWAY%MSIGDB_C2%PID_TAP63_PATHWAY		44	-0.15897855	-0.55324197	1.0	1.0	1.0	5631	tags=36%, list=23%, signal=47%	
POSITIVE REGULATION OF RELEASE OF CYTOCHROME C FROM MITOCHONDRIA%GOBP%GO:0090200	POSITIVE REGULATION OF RELEASE OF CYTOCHROME C FROM MITOCHONDRIA%GOBP%GO:0090200		22	-0.18238614	-0.5513195	1.0	1.0	1.0	4818	tags=27%, list=20%, signal=34%	
NEGATIVE REGULATION OF NUCLEOCYTOPLASMIC TRANSPORT%GOBP%GO:0046823	NEGATIVE REGULATION OF NUCLEOCYTOPLASMIC TRANSPORT%GOBP%GO:0046823		20	-0.18866459	-0.55102503	0.9894366	1.0	1.0	19876	tags=100%, list=81%, signal=530%	
POSITIVE REGULATION OF LEUKOCYTE ADHESION TO VASCULAR ENDOTHELIAL CELL%GOBP%GO:1904996	POSITIVE REGULATION OF LEUKOCYTE ADHESION TO VASCULAR ENDOTHELIAL CELL%GOBP%GO:1904996		20	-0.19118688	-0.54967797	0.99376947	1.0	1.0	422	tags=5%, list=2%, signal=5%	
REGULATION OF WNT B CATENIN SIGNALING BY SMALL MOLECULE COMPOUNDS%WIKIPATHWAYS_20260211%WP3664%HOMO SAPIENS	REGULATION OF WNT B CATENIN SIGNALING BY SMALL MOLECULE COMPOUNDS%WIKIPATHWAYS_20260211%WP3664%HOMO SAPIENS		16	-0.19463761	-0.5434548	0.9932886	1.0	1.0	5230	tags=38%, list=21%, signal=48%	
LYSOSOMAL MEMBRANE ORGANIZATION%GOBP%GO:0097212	LYSOSOMAL MEMBRANE ORGANIZATION%GOBP%GO:0097212		18	-0.19155844	-0.5415094	0.990099	1.0	1.0	1612	tags=11%, list=7%, signal=12%	
PID_WNT_NONCANONICAL_PATHWAY%MSIGDB_C2%PID_WNT_NONCANONICAL_PATHWAY	PID_WNT_NONCANONICAL_PATHWAY%MSIGDB_C2%PID_WNT_NONCANONICAL_PATHWAY		26	-0.17586899	-0.5401425	1.0	1.0	1.0	4976	tags=27%, list=20%, signal=34%	
IFN-ALPHA%IOB%IFN-ALPHA	IFN-ALPHA%IOB%IFN-ALPHA		29	-0.16256034	-0.52595514	0.99610895	1.0	1.0	4088	tags=21%, list=17%, signal=25%	
SIGNALING BY EGFR IN CANCER%REACTOME%R-HSA-1643713.4	SIGNALING BY EGFR IN CANCER%REACTOME%R-HSA-1643713.4		23	-0.17535222	-0.5192687	0.99649125	1.0	1.0	5178	tags=26%, list=21%, signal=33%	
BIOCARTA_IGF1MTOR_PATHWAY%MSIGDB_C2%BIOCARTA_IGF1MTOR_PATHWAY	BIOCARTA_IGF1MTOR_PATHWAY%MSIGDB_C2%BIOCARTA_IGF1MTOR_PATHWAY		18	-0.18233599	-0.51923007	0.99671054	1.0	1.0	6139	tags=39%, list=25%, signal=52%	
BIOCARTA_MITOCHONDRIA_PATHWAY%MSIGDB_C2%BIOCARTA_MITOCHONDRIA_PATHWAY	BIOCARTA_MITOCHONDRIA_PATHWAY%MSIGDB_C2%BIOCARTA_MITOCHONDRIA_PATHWAY		15	-0.1829468	-0.49430576	1.0	1.0	1.0	2782	tags=13%, list=11%, signal=15%	
POSITIVE REGULATION OF ACUTE INFLAMMATORY RESPONSE%GOBP%GO:0002675	POSITIVE REGULATION OF ACUTE INFLAMMATORY RESPONSE%GOBP%GO:0002675		20	-0.16286373	-0.47375393	0.99674267	1.0	1.0	2680	tags=10%, list=11%, signal=11%	
HOST PATHOGEN INTERACTION OF HUMAN CORONAVIRUSES APOPTOSIS%WIKIPATHWAYS_20260211%WP4864%HOMO SAPIENS	HOST PATHOGEN INTERACTION OF HUMAN CORONAVIRUSES APOPTOSIS%WIKIPATHWAYS_20260211%WP4864%HOMO SAPIENS		17	-0.16163047	-0.4521528	1.0	1.0	1.0	4818	tags=24%, list=20%, signal=29%	
DEVELOPMENT AND HETEROGENEITY OF THE ILC FAMILY%WIKIPATHWAYS_20260211%WP3893%HOMO SAPIENS	DEVELOPMENT AND HETEROGENEITY OF THE ILC FAMILY%WIKIPATHWAYS_20260211%WP3893%HOMO SAPIENS		31	-0.1345624	-0.4369802	1.0	1.0	1.0	3016	tags=10%, list=12%, signal=11%	
TRANSCRIPTION BY RNA POLYMERASE I%GOBP%GO:0006360	TRANSCRIPTION BY RNA POLYMERASE I%GOBP%GO:0006360		25	-0.14064904	-0.42600432	1.0	1.0	1.0	5728	tags=32%, list=23%, signal=42%	
REGULATION OF T CELL DIFFERENTIATION IN THYMUS%GOBP%GO:0033081	REGULATION OF T CELL DIFFERENTIATION IN THYMUS%GOBP%GO:0033081		15	-0.15884237	-0.42548215	1.0	0.9998518	1.0	4315	tags=20%, list=18%, signal=24%	
