NAME	GS<br> follow link to MSigDB	GS DETAILS	SIZE	ES	NES	NOM p-val	FDR q-val	FWER p-val	RANK AT MAX	LEADING EDGE	
HALLMARK_UNFOLDED_PROTEIN_RESPONSE%MSIGDBHALLMARK%HALLMARK_UNFOLDED_PROTEIN_RESPONSE	HALLMARK_UNFOLDED_PROTEIN_RESPONSE%MSIGDBHALLMARK%HALLMARK_UNFOLDED_PROTEIN_RESPONSE	Details ...	94	-0.56693727	-2.3413491	0.0	0.0033982533	0.003	4584	tags=56%, list=19%, signal=69%	
IRE1ALPHA ACTIVATES CHAPERONES%REACTOME%R-HSA-381070.3	IRE1ALPHA ACTIVATES CHAPERONES%REACTOME%R-HSA-381070.3	Details ...	49	-0.62483513	-2.2477915	0.0	0.009104853	0.015	3723	tags=49%, list=15%, signal=58%	
ENDOPLASMIC RETICULUM TO CYTOSOL TRANSPORT%GOBP%GO:1903513	ENDOPLASMIC RETICULUM TO CYTOSOL TRANSPORT%GOBP%GO:1903513	Details ...	19	-0.7711783	-2.237515	0.0	0.007625519	0.019	2353	tags=58%, list=10%, signal=64%	
RETROGRADE PROTEIN TRANSPORT, ER TO CYTOSOL%GOBP%GO:0030970	RETROGRADE PROTEIN TRANSPORT, ER TO CYTOSOL%GOBP%GO:0030970	Details ...	19	-0.7711783	-2.1924374	0.0	0.010879989	0.037	2353	tags=58%, list=10%, signal=64%	
XBP1(S) ACTIVATES CHAPERONE GENES%REACTOME%R-HSA-381038.5	XBP1(S) ACTIVATES CHAPERONE GENES%REACTOME%R-HSA-381038.5	Details ...	47	-0.6098359	-2.1562197	0.0	0.013765283	0.059	3723	tags=49%, list=15%, signal=58%	
UNFOLDED PROTEIN RESPONSE (UPR)%REACTOME%R-HSA-381119.4	UNFOLDED PROTEIN RESPONSE (UPR)%REACTOME%R-HSA-381119.4	Details ...	92	-0.5333073	-2.155075	0.0	0.011854744	0.061	3723	tags=39%, list=15%, signal=46%	
MORPHINE METABOLISM PATHWAY%SMPDB%SMP0000622	MORPHINE METABOLISM PATHWAY%SMPDB%SMP0000622	Details ...	16	-0.77495456	-2.1404104	0.0	0.012448446	0.075	1216	tags=44%, list=5%, signal=46%	
DISEASES ASSOCIATED WITH GLYCOSYLATION PRECURSOR BIOSYNTHESIS%REACTOME DATABASE ID RELEASE 95%5609975	DISEASES ASSOCIATED WITH GLYCOSYLATION PRECURSOR BIOSYNTHESIS%REACTOME DATABASE ID RELEASE 95%5609975	Details ...	16	-0.78509057	-2.1199393	0.0033557047	0.014873753	0.1	3629	tags=50%, list=15%, signal=59%	
DENGUE VIRUS GENOME TRANSLATION AND REPLICATION%REACTOME%R-HSA-9918487.1	DENGUE VIRUS GENOME TRANSLATION AND REPLICATION%REACTOME%R-HSA-9918487.1	Details ...	80	-0.5399991	-2.1088982	0.0	0.015505702	0.117	1865	tags=30%, list=8%, signal=32%	
CLASSICAL ANTIBODY-MEDIATED COMPLEMENT ACTIVATION%REACTOME%R-HSA-173623.4	CLASSICAL ANTIBODY-MEDIATED COMPLEMENT ACTIVATION%REACTOME%R-HSA-173623.4	Details ...	69	-0.54194367	-2.0878017	0.0	0.018653043	0.151	5078	tags=58%, list=21%, signal=73%	
PROTEIN EXIT FROM ENDOPLASMIC RETICULUM%GOBP%GO:0032527	PROTEIN EXIT FROM ENDOPLASMIC RETICULUM%GOBP%GO:0032527	Details ...	25	-0.66780347	-2.0807335	0.0	0.018730314	0.167	2685	tags=52%, list=11%, signal=58%	
ETOPOSIDE METABOLISM PATHWAY%PATHWHIZ%PW000577	ETOPOSIDE METABOLISM PATHWAY%PATHWHIZ%PW000577	Details ...	20	-0.7067363	-2.060253	0.0	0.021646302	0.204	1216	tags=35%, list=5%, signal=37%	
ETOPOSIDE ACTION PATHWAY%SMPDB%SMP0000442	ETOPOSIDE ACTION PATHWAY%SMPDB%SMP0000442	Details ...	20	-0.7067363	-2.0523283	0.0	0.022192964	0.225	1216	tags=35%, list=5%, signal=37%	
ANDROSTENEDIONE METABOLISM%SMPDB%SMP0030406	ANDROSTENEDIONE METABOLISM%SMPDB%SMP0030406	Details ...	18	-0.745122	-2.0468793	0.0	0.02248886	0.241	1216	tags=39%, list=5%, signal=41%	
SORAFENIB METABOLISM PATHWAY%PATHWHIZ%PW000624	SORAFENIB METABOLISM PATHWAY%PATHWHIZ%PW000624	Details ...	16	-0.73851115	-2.0361855	0.0	0.024571469	0.277	1216	tags=44%, list=5%, signal=46%	
IMMUNOGLOBULIN MEDIATED IMMUNE RESPONSE%GOBP%GO:0016064	IMMUNOGLOBULIN MEDIATED IMMUNE RESPONSE%GOBP%GO:0016064	Details ...	114	-0.4892525	-2.0334148	0.0	0.023961606	0.285	3946	tags=42%, list=16%, signal=50%	
CD22 MEDIATED BCR REGULATION%REACTOME DATABASE ID RELEASE 95%5690714	CD22 MEDIATED BCR REGULATION%REACTOME DATABASE ID RELEASE 95%5690714	Details ...	66	-0.52405155	-2.0098615	0.0	0.029750984	0.355	4814	tags=55%, list=20%, signal=68%	
IBUPROFEN METABOLISM PATHWAY%PATHWHIZ%PW000566	IBUPROFEN METABOLISM PATHWAY%PATHWHIZ%PW000566	Details ...	23	-0.6578359	-1.9999003	0.003322259	0.032699082	0.41	1705	tags=35%, list=7%, signal=37%	
RETINOL METABOLISM%SMPDB%SMP0000074	RETINOL METABOLISM%SMPDB%SMP0000074	Details ...	37	-0.58314687	-1.9888401	0.0	0.03650989	0.461	1363	tags=30%, list=6%, signal=31%	
B CELL MEDIATED IMMUNITY%GOBP%GO:0019724	B CELL MEDIATED IMMUNITY%GOBP%GO:0019724	Details ...	118	-0.47227025	-1.9857202	0.0	0.036004443	0.472	3946	tags=41%, list=16%, signal=48%	
NEURON FATE COMMITMENT%GOBP%GO:0048663	NEURON FATE COMMITMENT%GOBP%GO:0048663		22	-0.65830564	-1.9736491	0.0	0.039320156	0.52	4106	tags=45%, list=17%, signal=55%	
NGF-STIMULATED TRANSCRIPTION%REACTOME DATABASE ID RELEASE 95%9031628	NGF-STIMULATED TRANSCRIPTION%REACTOME DATABASE ID RELEASE 95%9031628		38	-0.5649459	-1.9631885	0.0	0.042269886	0.565	3016	tags=29%, list=12%, signal=33%	
REGULATION OF CDH1 POSTTRANSLATIONAL PROCESSING AND TRAFFICKING TO PLASMA MEMBRANE%REACTOME DATABASE ID RELEASE 95%9768727	REGULATION OF CDH1 POSTTRANSLATIONAL PROCESSING AND TRAFFICKING TO PLASMA MEMBRANE%REACTOME DATABASE ID RELEASE 95%9768727		32	-0.60256106	-1.9479756	0.0	0.047902226	0.62	2176	tags=34%, list=9%, signal=38%	
REGULATION OF OXIDATIVE STRESS-INDUCED INTRINSIC APOPTOTIC SIGNALING PATHWAY%GOBP%GO:1902175	REGULATION OF OXIDATIVE STRESS-INDUCED INTRINSIC APOPTOTIC SIGNALING PATHWAY%GOBP%GO:1902175		32	-0.581095	-1.9467993	0.0	0.04676912	0.626	4645	tags=44%, list=19%, signal=54%	
SYNTHESIS, SECRETION, AND INACTIVATION OF GLUCAGON-LIKE PEPTIDE-1 (GLP-1)%REACTOME%R-HSA-381771.6	SYNTHESIS, SECRETION, AND INACTIVATION OF GLUCAGON-LIKE PEPTIDE-1 (GLP-1)%REACTOME%R-HSA-381771.6		21	-0.6572457	-1.9403394	0.0	0.04865527	0.654	1808	tags=33%, list=7%, signal=36%	
ESTABLISHMENT OF PROTEIN LOCALIZATION TO ENDOPLASMIC RETICULUM%GOBP%GO:0072599	ESTABLISHMENT OF PROTEIN LOCALIZATION TO ENDOPLASMIC RETICULUM%GOBP%GO:0072599		36	-0.5694872	-1.9402854	0.0	0.046827007	0.654	2888	tags=47%, list=12%, signal=53%	
PHOTODYNAMIC THERAPY INDUCED UNFOLDED PROTEIN RESPONSE%WIKIPATHWAYS_20260211%WP3613%HOMO SAPIENS	PHOTODYNAMIC THERAPY INDUCED UNFOLDED PROTEIN RESPONSE%WIKIPATHWAYS_20260211%WP3613%HOMO SAPIENS		20	-0.659862	-1.9376671	0.0	0.046529014	0.666	3341	tags=60%, list=14%, signal=69%	
FCGR ACTIVATION%REACTOME%R-HSA-2029481.3	FCGR ACTIVATION%REACTOME%R-HSA-2029481.3		73	-0.49430388	-1.9345179	0.0	0.04671368	0.678	4649	tags=52%, list=19%, signal=64%	
GLYCOSYLATION AND RELATED CONGENITAL DEFECTS%WIKIPATHWAYS_20260211%WP4521%HOMO SAPIENS	GLYCOSYLATION AND RELATED CONGENITAL DEFECTS%WIKIPATHWAYS_20260211%WP4521%HOMO SAPIENS		22	-0.64253306	-1.9180007	0.006430868	0.053966906	0.746	2293	tags=50%, list=9%, signal=55%	
DEFECTIVE GALNT3 CAUSES HFTC%REACTOME DATABASE ID RELEASE 95%5083625	DEFECTIVE GALNT3 CAUSES HFTC%REACTOME DATABASE ID RELEASE 95%5083625		18	-0.6559093	-1.9065574	0.0	0.058459967	0.792	1060	tags=28%, list=4%, signal=29%	
VITAMIN A DEFICIENCY%SMPDB%SMP0000336	VITAMIN A DEFICIENCY%SMPDB%SMP0000336		37	-0.58314687	-1.9045333	0.0	0.057785697	0.795	1363	tags=30%, list=6%, signal=31%	
MATURATION OF DENV PROTEINS%REACTOME%R-HSA-9918432.1	MATURATION OF DENV PROTEINS%REACTOME%R-HSA-9918432.1		51	-0.51986736	-1.9038292	0.0	0.056625146	0.8	1608	tags=29%, list=7%, signal=31%	
CREATION OF C4 AND C2 ACTIVATORS%REACTOME%R-HSA-166786.4	CREATION OF C4 AND C2 ACTIVATORS%REACTOME%R-HSA-166786.4		76	-0.47890714	-1.9004575	0.0	0.057039753	0.812	4649	tags=49%, list=19%, signal=60%	
ESTRONE METABOLISM%SMPDB%SMP0030880	ESTRONE METABOLISM%SMPDB%SMP0030880		16	-0.68856525	-1.8934709	0.009966778	0.05917637	0.831	1216	tags=44%, list=5%, signal=46%	
ROLE OF LAT2 NTAL LAB ON CALCIUM MOBILIZATION%REACTOME DATABASE ID RELEASE 95%2730905	ROLE OF LAT2 NTAL LAB ON CALCIUM MOBILIZATION%REACTOME DATABASE ID RELEASE 95%2730905		71	-0.49295557	-1.893455	0.0	0.057485614	0.831	4649	tags=51%, list=19%, signal=62%	
ENDOPLASMIC RETICULUM UNFOLDED PROTEIN RESPONSE%GOBP%GO:0030968	ENDOPLASMIC RETICULUM UNFOLDED PROTEIN RESPONSE%GOBP%GO:0030968		54	-0.525479	-1.8904864	0.0	0.057669688	0.842	2429	tags=31%, list=10%, signal=35%	
RESPONSE TO UNFOLDED PROTEIN%GOBP%GO:0006986	RESPONSE TO UNFOLDED PROTEIN%GOBP%GO:0006986		94	-0.4668367	-1.8702596	0.0	0.06934441	0.901	2092	tags=23%, list=9%, signal=25%	
MAINTENANCE OF GASTROINTESTINAL EPITHELIUM%GOBP%GO:0030277	MAINTENANCE OF GASTROINTESTINAL EPITHELIUM%GOBP%GO:0030277		21	-0.61841106	-1.8624802	0.0	0.073162	0.915	1677	tags=29%, list=7%, signal=31%	
SELENIUM METABOLISM AND SELENOPROTEINS%WIKIPATHWAYS_20260211%WP28%HOMO SAPIENS	SELENIUM METABOLISM AND SELENOPROTEINS%WIKIPATHWAYS_20260211%WP28%HOMO SAPIENS		39	-0.53889453	-1.8596294	0.0	0.07370138	0.919	1922	tags=26%, list=8%, signal=28%	
PROTEIN TARGETING TO ER%GOBP%GO:0045047	PROTEIN TARGETING TO ER%GOBP%GO:0045047		33	-0.5606772	-1.8583385	0.0	0.0728603	0.919	2888	tags=45%, list=12%, signal=51%	
INITIAL TRIGGERING OF COMPLEMENT%REACTOME%R-HSA-166663.4	INITIAL TRIGGERING OF COMPLEMENT%REACTOME%R-HSA-166663.4		82	-0.46874025	-1.8522043	0.0	0.075509004	0.933	4649	tags=46%, list=19%, signal=57%	
IRINOTECAN ACTION PATHWAY%PATHWHIZ%PW000238	IRINOTECAN ACTION PATHWAY%PATHWHIZ%PW000238		24	-0.58399254	-1.8423777	0.0036363637	0.08048132	0.95	1216	tags=29%, list=5%, signal=31%	
CELLULAR RESPONSE TO UNFOLDED PROTEIN%GOBP%GO:0034620	CELLULAR RESPONSE TO UNFOLDED PROTEIN%GOBP%GO:0034620		69	-0.48107597	-1.8423395	0.0	0.0786613	0.95	2429	tags=26%, list=10%, signal=29%	
RESPONSE TO TOPOLOGICALLY INCORRECT PROTEIN%GOBP%GO:0035966	RESPONSE TO TOPOLOGICALLY INCORRECT PROTEIN%GOBP%GO:0035966		111	-0.43343353	-1.8393103	0.0	0.07932001	0.954	2429	tags=23%, list=10%, signal=25%	
INCRETIN SYNTHESIS, SECRETION, AND INACTIVATION%REACTOME%R-HSA-400508.4	INCRETIN SYNTHESIS, SECRETION, AND INACTIVATION%REACTOME%R-HSA-400508.4		24	-0.6110604	-1.8332042	0.010169491	0.08261364	0.96	1808	tags=29%, list=7%, signal=31%	
FCERI MEDIATED MAPK ACTIVATION%REACTOME DATABASE ID RELEASE 95%2871796	FCERI MEDIATED MAPK ACTIVATION%REACTOME DATABASE ID RELEASE 95%2871796		85	-0.45687994	-1.8260765	0.006993007	0.08597109	0.967	4649	tags=46%, list=19%, signal=56%	
RIBOSOMAL SCANNING AND START CODON RECOGNITION%REACTOME%R-HSA-72702.5	RIBOSOMAL SCANNING AND START CODON RECOGNITION%REACTOME%R-HSA-72702.5		59	-0.48346087	-1.820022	0.0	0.0886954	0.975	5797	tags=41%, list=24%, signal=53%	
PROTEIN N-LINKED GLYCOSYLATION%GOBP%GO:0006487	PROTEIN N-LINKED GLYCOSYLATION%GOBP%GO:0006487		83	-0.45818388	-1.8152459	0.0	0.09085468	0.978	2790	tags=34%, list=11%, signal=38%	
SCAVENGING OF HEME FROM PLASMA%REACTOME%R-HSA-2168880.3	SCAVENGING OF HEME FROM PLASMA%REACTOME%R-HSA-2168880.3		73	-0.46697873	-1.8131347	0.0	0.09056077	0.98	4649	tags=51%, list=19%, signal=62%	
COPI-MEDIATED ANTEROGRADE TRANSPORT%REACTOME DATABASE ID RELEASE 95%6807878	COPI-MEDIATED ANTEROGRADE TRANSPORT%REACTOME DATABASE ID RELEASE 95%6807878		83	-0.45233098	-1.8122956	0.0	0.08930097	0.98	2959	tags=37%, list=12%, signal=42%	
N-GLYCAN TRIMMING IN THE ER AND CALNEXIN CALRETICULIN CYCLE%REACTOME%R-HSA-532668.4	N-GLYCAN TRIMMING IN THE ER AND CALNEXIN CALRETICULIN CYCLE%REACTOME%R-HSA-532668.4		35	-0.5468188	-1.8102471	0.0	0.08916819	0.981	4284	tags=51%, list=17%, signal=62%	
ANTIGEN ACTIVATES B CELL RECEPTOR (BCR) LEADING TO GENERATION OF SECOND MESSENGERS%REACTOME DATABASE ID RELEASE 95%983695	ANTIGEN ACTIVATES B CELL RECEPTOR (BCR) LEADING TO GENERATION OF SECOND MESSENGERS%REACTOME DATABASE ID RELEASE 95%983695		90	-0.44408017	-1.8012362	0.0	0.095318906	0.984	4649	tags=46%, list=19%, signal=56%	
N GLYCAN BIOSYNTHESIS%WIKIPATHWAYS_20260211%WP5153%HOMO SAPIENS	N GLYCAN BIOSYNTHESIS%WIKIPATHWAYS_20260211%WP5153%HOMO SAPIENS		49	-0.50341463	-1.7991098	0.0	0.09509636	0.984	2272	tags=35%, list=9%, signal=38%	
PROTEIN REFOLDING%GOBP%GO:0042026	PROTEIN REFOLDING%GOBP%GO:0042026		24	-0.5962513	-1.7940848	0.0097402595	0.09736698	0.985	4738	tags=29%, list=19%, signal=36%	
PROTEIN HYDROXYLATION%GOBP%GO:0018126	PROTEIN HYDROXYLATION%GOBP%GO:0018126		15	-0.6552722	-1.7817163	0.00952381	0.10618999	0.994	3787	tags=53%, list=15%, signal=63%	
DEFECTIVE GALNT12 CAUSES CRCS1%REACTOME%R-HSA-5083636.4	DEFECTIVE GALNT12 CAUSES CRCS1%REACTOME%R-HSA-5083636.4		18	-0.6129603	-1.7803782	0.012121212	0.1054	0.994	1060	tags=28%, list=4%, signal=29%	
CELLULAR RESPONSE TO GLUCOSE STARVATION%GOBP%GO:0042149	CELLULAR RESPONSE TO GLUCOSE STARVATION%GOBP%GO:0042149		43	-0.5173585	-1.7795826	0.0	0.104213744	0.994	2491	tags=26%, list=10%, signal=28%	
COTRANSLATIONAL PROTEIN TARGETING TO MEMBRANE%GOBP%GO:0006613	COTRANSLATIONAL PROTEIN TARGETING TO MEMBRANE%GOBP%GO:0006613		20	-0.6171117	-1.7791564	0.0035842294	0.102810554	0.994	2888	tags=50%, list=12%, signal=57%	
IRINOTECAN METABOLISM PATHWAY%SMPDB%SMP0000600	IRINOTECAN METABOLISM PATHWAY%SMPDB%SMP0000600		24	-0.58399254	-1.7790282	0.0035587188	0.101165034	0.994	1216	tags=29%, list=5%, signal=31%	
ROLE OF PHOSPHOLIPIDS IN PHAGOCYTOSIS%REACTOME DATABASE ID RELEASE 95%2029485	ROLE OF PHOSPHOLIPIDS IN PHAGOCYTOSIS%REACTOME DATABASE ID RELEASE 95%2029485		87	-0.43435535	-1.7723695	0.0	0.105171144	0.997	4649	tags=44%, list=19%, signal=54%	
CELLULAR RESPONSE TO TOPOLOGICALLY INCORRECT PROTEIN%GOBP%GO:0035967	CELLULAR RESPONSE TO TOPOLOGICALLY INCORRECT PROTEIN%GOBP%GO:0035967		84	-0.44335595	-1.7717141	0.0	0.103840224	0.997	2674	tags=25%, list=11%, signal=28%	
ACETAMINOPHEN METABOLISM PATHWAY%PATHWHIZ%PW000616	ACETAMINOPHEN METABOLISM PATHWAY%PATHWHIZ%PW000616		29	-0.5523866	-1.768049	0.0073260074	0.10553614	0.998	1671	tags=28%, list=7%, signal=30%	
IBUPROFEN ACTION PATHWAY%SMPDB%SMP0000086	IBUPROFEN ACTION PATHWAY%SMPDB%SMP0000086		48	-0.48676297	-1.7631811	0.0	0.10850767	0.998	2807	tags=29%, list=11%, signal=33%	
NEGATIVE REGULATION OF OXIDATIVE STRESS-INDUCED INTRINSIC APOPTOTIC SIGNALING PATHWAY%GOBP%GO:1902176	NEGATIVE REGULATION OF OXIDATIVE STRESS-INDUCED INTRINSIC APOPTOTIC SIGNALING PATHWAY%GOBP%GO:1902176		23	-0.5720374	-1.7442958	0.0035460992	0.12618561	1.0	4404	tags=43%, list=18%, signal=53%	
CALNEXIN CALRETICULIN CYCLE%REACTOME%R-HSA-901042.5	CALNEXIN CALRETICULIN CYCLE%REACTOME%R-HSA-901042.5		26	-0.5510504	-1.73537	0.0	0.13425744	1.0	4762	tags=54%, list=19%, signal=67%	
DEFECTIVE C1GALT1C1 CAUSES TNPS%REACTOME%R-HSA-5083632.4	DEFECTIVE C1GALT1C1 CAUSES TNPS%REACTOME%R-HSA-5083632.4		19	-0.6070842	-1.7214637	0.017921148	0.1478087	1.0	1060	tags=26%, list=4%, signal=27%	
FCERI MEDIATED NF-KB ACTIVATION%REACTOME DATABASE ID RELEASE 95%2871837	FCERI MEDIATED NF-KB ACTIVATION%REACTOME DATABASE ID RELEASE 95%2871837		125	-0.41965985	-1.7199107	0.0	0.1474301	1.0	4690	tags=44%, list=19%, signal=54%	
PROTEASOME DEGRADATION%WIKIPATHWAYS_20260211%WP183%HOMO SAPIENS	PROTEASOME DEGRADATION%WIKIPATHWAYS_20260211%WP183%HOMO SAPIENS		42	-0.4990162	-1.7184464	0.0	0.14749706	1.0	4690	tags=45%, list=19%, signal=56%	
PARKIN UBIQUITIN PROTEASOMAL SYSTEM PATHWAY%WIKIPATHWAYS_20260211%WP2359%HOMO SAPIENS	PARKIN UBIQUITIN PROTEASOMAL SYSTEM PATHWAY%WIKIPATHWAYS_20260211%WP2359%HOMO SAPIENS		50	-0.48256502	-1.7038496	0.0	0.16411906	1.0	4409	tags=42%, list=18%, signal=51%	
SRP-DEPENDENT COTRANSLATIONAL PROTEIN TARGETING TO MEMBRANE%REACTOME DATABASE ID RELEASE 95%1799339	SRP-DEPENDENT COTRANSLATIONAL PROTEIN TARGETING TO MEMBRANE%REACTOME DATABASE ID RELEASE 95%1799339		112	-0.4119356	-1.6989515	0.0	0.1679273	1.0	5877	tags=38%, list=24%, signal=50%	
RESPONSE OF EIF2AK1 (HRI) TO HEME DEFICIENCY%REACTOME DATABASE ID RELEASE 95%9648895	RESPONSE OF EIF2AK1 (HRI) TO HEME DEFICIENCY%REACTOME DATABASE ID RELEASE 95%9648895		15	-0.6345428	-1.6718427	0.015479876	0.2055793	1.0	3070	tags=47%, list=13%, signal=53%	
GTP HYDROLYSIS AND JOINING OF THE 60S RIBOSOMAL SUBUNIT%REACTOME%R-HSA-72706.4	GTP HYDROLYSIS AND JOINING OF THE 60S RIBOSOMAL SUBUNIT%REACTOME%R-HSA-72706.4		112	-0.4056626	-1.6668313	0.0	0.21077946	1.0	5877	tags=39%, list=24%, signal=51%	
BIOSYNTHESIS OF THE N-GLYCAN PRECURSOR (DOLICHOL LIPID-LINKED OLIGOSACCHARIDE, LLO) AND TRANSFER TO A NASCENT PROTEIN%REACTOME DATABASE ID RELEASE 95%446193	BIOSYNTHESIS OF THE N-GLYCAN PRECURSOR (DOLICHOL LIPID-LINKED OLIGOSACCHARIDE, LLO) AND TRANSFER TO A NASCENT PROTEIN%REACTOME DATABASE ID RELEASE 95%446193		80	-0.4164492	-1.6662536	0.0	0.20874119	1.0	1867	tags=24%, list=8%, signal=26%	
ACTIVATION OF THE MRNA UPON BINDING OF THE CAP-BINDING COMPLEX AND EIFS, AND SUBSEQUENT BINDING TO 43S%REACTOME%R-HSA-72662.5	ACTIVATION OF THE MRNA UPON BINDING OF THE CAP-BINDING COMPLEX AND EIFS, AND SUBSEQUENT BINDING TO 43S%REACTOME%R-HSA-72662.5		60	-0.4518504	-1.6657742	0.010869565	0.20679034	1.0	5797	tags=40%, list=24%, signal=52%	
NUCLEAR EVENTS (KINASE AND TRANSCRIPTION FACTOR ACTIVATION)%REACTOME%R-HSA-198725.4	NUCLEAR EVENTS (KINASE AND TRANSCRIPTION FACTOR ACTIVATION)%REACTOME%R-HSA-198725.4		60	-0.4506815	-1.6636844	0.0	0.20762624	1.0	3016	tags=25%, list=12%, signal=28%	
B CELL RECEPTOR SIGNALING PATHWAY%GOBP%GO:0050853	B CELL RECEPTOR SIGNALING PATHWAY%GOBP%GO:0050853		47	-0.46270812	-1.6607314	0.0099502485	0.20983945	1.0	2883	tags=36%, list=12%, signal=41%	
HALLMARK_MTORC1_SIGNALING%MSIGDBHALLMARK%HALLMARK_MTORC1_SIGNALING	HALLMARK_MTORC1_SIGNALING%MSIGDBHALLMARK%HALLMARK_MTORC1_SIGNALING		149	-0.3794113	-1.6452854	0.0	0.23345841	1.0	3532	tags=32%, list=14%, signal=37%	
EUKARYOTIC TRANSLATION INITIATION%REACTOME%R-HSA-72613.5	EUKARYOTIC TRANSLATION INITIATION%REACTOME%R-HSA-72613.5		119	-0.38840526	-1.6451852	0.0	0.2306413	1.0	5877	tags=40%, list=24%, signal=53%	
PERK REGULATES GENE EXPRESSION%REACTOME%R-HSA-381042.3	PERK REGULATES GENE EXPRESSION%REACTOME%R-HSA-381042.3		32	-0.5155328	-1.6422733	0.020408163	0.23285371	1.0	4826	tags=47%, list=20%, signal=58%	
POST-TRANSLATIONAL PROTEIN TARGETING TO ENDOPLASMIC RETICULUM MEMBRANE%GOBP%GO:0006620	POST-TRANSLATIONAL PROTEIN TARGETING TO ENDOPLASMIC RETICULUM MEMBRANE%GOBP%GO:0006620		18	-0.58119637	-1.6386755	0.013559322	0.23618525	1.0	4759	tags=61%, list=19%, signal=76%	
FCGR3A-MEDIATED IL10 SYNTHESIS%REACTOME%R-HSA-9664323.3	FCGR3A-MEDIATED IL10 SYNTHESIS%REACTOME%R-HSA-9664323.3		98	-0.39872682	-1.6335481	0.0	0.24282213	1.0	4649	tags=41%, list=19%, signal=50%	
HH MUTANTS ARE DEGRADED BY ERAD%REACTOME DATABASE ID RELEASE 95%5362768	HH MUTANTS ARE DEGRADED BY ERAD%REACTOME DATABASE ID RELEASE 95%5362768		43	-0.47512704	-1.6330562	0.008928572	0.24065451	1.0	4658	tags=49%, list=19%, signal=60%	
CAP-DEPENDENT TRANSLATION INITIATION%REACTOME%R-HSA-72737.4	CAP-DEPENDENT TRANSLATION INITIATION%REACTOME%R-HSA-72737.4		119	-0.38840526	-1.6295183	0.0	0.24440038	1.0	5877	tags=40%, list=24%, signal=53%	
DISEASES ASSOCIATED WITH N-GLYCOSYLATION OF PROTEINS%REACTOME DATABASE ID RELEASE 95%3781860	DISEASES ASSOCIATED WITH N-GLYCOSYLATION OF PROTEINS%REACTOME DATABASE ID RELEASE 95%3781860		20	-0.5451634	-1.6269319	0.02027027	0.24642968	1.0	1805	tags=35%, list=7%, signal=38%	
TRANSLATION INITIATION COMPLEX FORMATION%REACTOME%R-HSA-72649.4	TRANSLATION INITIATION COMPLEX FORMATION%REACTOME%R-HSA-72649.4		59	-0.4424084	-1.6230357	0.0	0.2507089	1.0	5797	tags=39%, list=24%, signal=51%	
ER QUALITY CONTROL COMPARTMENT (ERQC)%REACTOME%R-HSA-901032.7	ER QUALITY CONTROL COMPARTMENT (ERQC)%REACTOME%R-HSA-901032.7		21	-0.5355802	-1.6200622	0.014084507	0.2534521	1.0	5193	tags=57%, list=21%, signal=72%	
B CELL ACTIVATION%REACTOME DATABASE ID RELEASE 95%983705	B CELL ACTIVATION%REACTOME DATABASE ID RELEASE 95%983705		156	-0.362771	-1.6187418	0.0	0.25306582	1.0	4658	tags=39%, list=19%, signal=48%	
BINDING AND UPTAKE OF LIGANDS BY SCAVENGER RECEPTORS%REACTOME%R-HSA-2173782.3	BINDING AND UPTAKE OF LIGANDS BY SCAVENGER RECEPTORS%REACTOME%R-HSA-2173782.3		105	-0.39442933	-1.6170493	0.0	0.25354105	1.0	4649	tags=41%, list=19%, signal=50%	
SYNTHESIS OF SUBSTRATES IN N-GLYCAN BIOSYTHESIS%REACTOME%R-HSA-446219.4	SYNTHESIS OF SUBSTRATES IN N-GLYCAN BIOSYTHESIS%REACTOME%R-HSA-446219.4		65	-0.41741815	-1.6102986	0.004761905	0.26342782	1.0	1867	tags=22%, list=8%, signal=23%	
AMPK-INDUCED ERAD AND LYSOSOME MEDIATED DEGRADATION OF PD-L1(CD274)%REACTOME DATABASE ID RELEASE 95%9931269	AMPK-INDUCED ERAD AND LYSOSOME MEDIATED DEGRADATION OF PD-L1(CD274)%REACTOME DATABASE ID RELEASE 95%9931269		55	-0.43516454	-1.6061196	0.005	0.26851174	1.0	4409	tags=44%, list=18%, signal=53%	
HEDGEHOG%NETPATH%HEDGEHOG	HEDGEHOG%NETPATH%HEDGEHOG		20	-0.5498173	-1.6012796	0.03180212	0.27472255	1.0	1871	tags=30%, list=8%, signal=32%	
NEGATIVE REGULATION OF SMAD PROTEIN SIGNAL TRANSDUCTION%GOBP%GO:0060392	NEGATIVE REGULATION OF SMAD PROTEIN SIGNAL TRANSDUCTION%GOBP%GO:0060392		21	-0.5509312	-1.5990973	0.02846975	0.2759299	1.0	3703	tags=43%, list=15%, signal=50%	
TRANSLATION FACTORS%WIKIPATHWAYS_20260211%WP107%HOMO SAPIENS	TRANSLATION FACTORS%WIKIPATHWAYS_20260211%WP107%HOMO SAPIENS		43	-0.45877603	-1.595165	0.016597511	0.2808212	1.0	3070	tags=35%, list=13%, signal=40%	
REGULATION OF IFNA IFNB SIGNALING%REACTOME DATABASE ID RELEASE 95%912694	REGULATION OF IFNA IFNB SIGNALING%REACTOME DATABASE ID RELEASE 95%912694		23	-0.51881063	-1.5893625	0.014925373	0.28919238	1.0	1911	tags=22%, list=8%, signal=24%	
DOLICHOL-LINKED OLIGOSACCHARIDE BIOSYNTHETIC PROCESS%GOBP%GO:0006488	DOLICHOL-LINKED OLIGOSACCHARIDE BIOSYNTHETIC PROCESS%GOBP%GO:0006488		18	-0.5744264	-1.5866274	0.033783782	0.2918046	1.0	2669	tags=50%, list=11%, signal=56%	
COPI-DEPENDENT GOLGI-TO-ER RETROGRADE TRAFFIC%REACTOME DATABASE ID RELEASE 95%6811434	COPI-DEPENDENT GOLGI-TO-ER RETROGRADE TRAFFIC%REACTOME DATABASE ID RELEASE 95%6811434		82	-0.38930294	-1.575665	0.00591716	0.3119102	1.0	3014	tags=28%, list=12%, signal=32%	
UBIQUITIN–PROTEASOME PATHWAY%SMPDB%SMP0063816	UBIQUITIN–PROTEASOME PATHWAY%SMPDB%SMP0063816		28	-0.4961184	-1.5739995	0.021978023	0.31220204	1.0	4658	tags=43%, list=19%, signal=53%	
LEISHMANIA PHAGOCYTOSIS%REACTOME DATABASE ID RELEASE 95%9664417	LEISHMANIA PHAGOCYTOSIS%REACTOME DATABASE ID RELEASE 95%9664417		119	-0.37055004	-1.5734868	0.0	0.31024402	1.0	4649	tags=39%, list=19%, signal=47%	
FCGR3A-MEDIATED PHAGOCYTOSIS%REACTOME DATABASE ID RELEASE 95%9664422	FCGR3A-MEDIATED PHAGOCYTOSIS%REACTOME DATABASE ID RELEASE 95%9664422		119	-0.37055004	-1.5734469	0.0	0.3072034	1.0	4649	tags=39%, list=19%, signal=47%	
PARASITE INFECTION%REACTOME%R-HSA-9664407.3	PARASITE INFECTION%REACTOME%R-HSA-9664407.3		119	-0.37055004	-1.5727301	0.0	0.3057463	1.0	4649	tags=39%, list=19%, signal=47%	
ALANINE TRANSPORT%GOBP%GO:0032328	ALANINE TRANSPORT%GOBP%GO:0032328		17	-0.55927515	-1.5652733	0.032258064	0.31954426	1.0	2368	tags=47%, list=10%, signal=52%	
REGULATION OF TRANSLATIONAL INITIATION%GOBP%GO:0006446	REGULATION OF TRANSLATIONAL INITIATION%GOBP%GO:0006446		86	-0.38753328	-1.5639902	0.010416667	0.31959543	1.0	4612	tags=43%, list=19%, signal=53%	
HALLMARK_GLYCOLYSIS%MSIGDBHALLMARK%HALLMARK_GLYCOLYSIS	HALLMARK_GLYCOLYSIS%MSIGDBHALLMARK%HALLMARK_GLYCOLYSIS		153	-0.35815492	-1.5631893	0.0	0.31830144	1.0	2017	tags=16%, list=8%, signal=17%	
LYMPHOCYTE MEDIATED IMMUNITY%GOBP%GO:0002449	LYMPHOCYTE MEDIATED IMMUNITY%GOBP%GO:0002449		174	-0.36225095	-1.5627276	0.0	0.31624344	1.0	3830	tags=31%, list=16%, signal=37%	
HH MUTANTS ABROGATE LIGAND SECRETION%REACTOME DATABASE ID RELEASE 95%5387390	HH MUTANTS ABROGATE LIGAND SECRETION%REACTOME DATABASE ID RELEASE 95%5387390		46	-0.43688345	-1.5615298	0.0049261083	0.3158694	1.0	4658	tags=46%, list=19%, signal=56%	
SARCOSINEMIA%SMPDB%SMP0000244	SARCOSINEMIA%SMPDB%SMP0000244		24	-0.49879098	-1.5568507	0.025477707	0.32366407	1.0	2976	tags=50%, list=12%, signal=57%	
DIMETHYLGLYCINE DEHYDROGENASE DEFICIENCY%SMPDB%SMP0000242	DIMETHYLGLYCINE DEHYDROGENASE DEFICIENCY%SMPDB%SMP0000242		24	-0.49879098	-1.5496595	0.025270758	0.33795753	1.0	2976	tags=50%, list=12%, signal=57%	
ERAD PATHWAY%GOBP%GO:0036503	ERAD PATHWAY%GOBP%GO:0036503		92	-0.3849243	-1.5481572	0.0	0.33828953	1.0	2353	tags=22%, list=10%, signal=24%	
L13A-MEDIATED TRANSLATIONAL SILENCING OF CERULOPLASMIN EXPRESSION%REACTOME%R-HSA-156827.5	L13A-MEDIATED TRANSLATIONAL SILENCING OF CERULOPLASMIN EXPRESSION%REACTOME%R-HSA-156827.5		111	-0.36663762	-1.5429351	0.0	0.34747958	1.0	5877	tags=38%, list=24%, signal=50%	
REGULATION OF ACTIN DYNAMICS FOR PHAGOCYTIC CUP FORMATION%REACTOME DATABASE ID RELEASE 95%2029482	REGULATION OF ACTIN DYNAMICS FOR PHAGOCYTIC CUP FORMATION%REACTOME DATABASE ID RELEASE 95%2029482		122	-0.36318102	-1.5422249	0.0	0.34602675	1.0	4649	tags=38%, list=19%, signal=46%	
ADAPTIVE IMMUNE RESPONSE BASED ON SOMATIC RECOMBINATION OF IMMUNE RECEPTORS BUILT FROM IMMUNOGLOBULIN SUPERFAMILY DOMAINS%GOBP%GO:0002460	ADAPTIVE IMMUNE RESPONSE BASED ON SOMATIC RECOMBINATION OF IMMUNE RECEPTORS BUILT FROM IMMUNOGLOBULIN SUPERFAMILY DOMAINS%GOBP%GO:0002460		194	-0.3517132	-1.5410563	0.0	0.34564355	1.0	3852	tags=28%, list=16%, signal=33%	
RESPIRATORY SYNCYTIAL VIRUS (RSV) GENOME REPLICATION, TRANSCRIPTION AND TRANSLATION%REACTOME%R-HSA-9820965.1	RESPIRATORY SYNCYTIAL VIRUS (RSV) GENOME REPLICATION, TRANSCRIPTION AND TRANSLATION%REACTOME%R-HSA-9820965.1		17	-0.56416386	-1.5403224	0.023890786	0.34429985	1.0	1303	tags=29%, list=5%, signal=31%	
PROTEIN TRANSMEMBRANE TRANSPORT%GOBP%GO:0071806	PROTEIN TRANSMEMBRANE TRANSPORT%GOBP%GO:0071806		59	-0.41306326	-1.5362874	0.004761905	0.3507631	1.0	4759	tags=44%, list=19%, signal=55%	
HYPERGLYCINEMIA, NON-KETOTIC%SMPDB%SMP0000485	HYPERGLYCINEMIA, NON-KETOTIC%SMPDB%SMP0000485		24	-0.49879098	-1.5314866	0.05597015	0.35918155	1.0	2976	tags=50%, list=12%, signal=57%	
DISEASES OF GLYCOSYLATION%REACTOME DATABASE ID RELEASE 95%3781865	DISEASES OF GLYCOSYLATION%REACTOME DATABASE ID RELEASE 95%3781865		145	-0.35010967	-1.5304583	0.0	0.35878408	1.0	1805	tags=19%, list=7%, signal=20%	
DIMETHYLGLYCINE DEHYDROGENASE DEFICIENCY%SMPDB%SMP0000484	DIMETHYLGLYCINE DEHYDROGENASE DEFICIENCY%SMPDB%SMP0000484		24	-0.49879098	-1.529576	0.029411765	0.3579513	1.0	2976	tags=50%, list=12%, signal=57%	
FCERI MEDIATED CA+2 MOBILIZATION%REACTOME DATABASE ID RELEASE 95%2871809	FCERI MEDIATED CA+2 MOBILIZATION%REACTOME DATABASE ID RELEASE 95%2871809		85	-0.38708988	-1.5268604	0.00625	0.36142987	1.0	4837	tags=46%, list=20%, signal=57%	
ER TO GOLGI ANTEROGRADE TRANSPORT%REACTOME%R-HSA-199977.6	ER TO GOLGI ANTEROGRADE TRANSPORT%REACTOME%R-HSA-199977.6		137	-0.3503777	-1.5265002	0.0	0.35928172	1.0	2959	tags=28%, list=12%, signal=32%	
POTENTIAL THERAPEUTICS FOR SARS%REACTOME%R-HSA-9679191.5	POTENTIAL THERAPEUTICS FOR SARS%REACTOME%R-HSA-9679191.5		156	-0.3463608	-1.5206716	0.0	0.37034374	1.0	4825	tags=37%, list=20%, signal=45%	
DIHYDROPYRIMIDINE DEHYDROGENASE DEFICIENCY (DHPD)%SMPDB%SMP0000179	DIHYDROPYRIMIDINE DEHYDROGENASE DEFICIENCY (DHPD)%SMPDB%SMP0000179		24	-0.49879098	-1.5176157	0.041044775	0.37488666	1.0	2976	tags=50%, list=12%, signal=57%	
ANK2 PATHWAY IN EPILEPSY DEVELOPMENT%WIKIPATHWAYS_20260211%WP5557%HOMO SAPIENS	ANK2 PATHWAY IN EPILEPSY DEVELOPMENT%WIKIPATHWAYS_20260211%WP5557%HOMO SAPIENS		17	-0.5323636	-1.5154593	0.03257329	0.3768894	1.0	2738	tags=47%, list=11%, signal=53%	
3-PHOSPHOGLYCERATE DEHYDROGENASE DEFICIENCY%SMPDB%SMP0000721	3-PHOSPHOGLYCERATE DEHYDROGENASE DEFICIENCY%SMPDB%SMP0000721		24	-0.49879098	-1.5144622	0.046357617	0.376123	1.0	2976	tags=50%, list=12%, signal=57%	
NEGATIVE REGULATION OF INTRINSIC APOPTOTIC SIGNALING PATHWAY%GOBP%GO:2001243	NEGATIVE REGULATION OF INTRINSIC APOPTOTIC SIGNALING PATHWAY%GOBP%GO:2001243		77	-0.38782907	-1.5112586	0.012269938	0.38132632	1.0	3087	tags=26%, list=13%, signal=30%	
CYTOSOLIC TRNA AMINOACYLATION%REACTOME DATABASE ID RELEASE 95%379716	CYTOSOLIC TRNA AMINOACYLATION%REACTOME DATABASE ID RELEASE 95%379716		23	-0.5011464	-1.5080665	0.02341137	0.38647276	1.0	2747	tags=30%, list=11%, signal=34%	
NON-KETOTIC HYPERGLYCINEMIA%PATHWHIZ%PW000209	NON-KETOTIC HYPERGLYCINEMIA%PATHWHIZ%PW000209		24	-0.49879098	-1.5079532	0.038314175	0.38356403	1.0	2976	tags=50%, list=12%, signal=57%	
RETROGRADE VESICLE-MEDIATED TRANSPORT, GOLGI TO ENDOPLASMIC RETICULUM%GOBP%GO:0006890	RETROGRADE VESICLE-MEDIATED TRANSPORT, GOLGI TO ENDOPLASMIC RETICULUM%GOBP%GO:0006890		51	-0.40881175	-1.5038993	0.020618556	0.39062053	1.0	3738	tags=35%, list=15%, signal=42%	
TRANSMISSION OF NERVE IMPULSE%GOBP%GO:0019226	TRANSMISSION OF NERVE IMPULSE%GOBP%GO:0019226		28	-0.46708867	-1.4926417	0.018518519	0.41865516	1.0	2263	tags=29%, list=9%, signal=31%	
HEDGEHOG%IOB%HEDGEHOG	HEDGEHOG%IOB%HEDGEHOG		23	-0.48663518	-1.4894538	0.046875	0.42389765	1.0	1871	tags=26%, list=8%, signal=28%	
DEGRADATION OF CRY AND PER PROTEINS%REACTOME DATABASE ID RELEASE 95%9932298	DEGRADATION OF CRY AND PER PROTEINS%REACTOME DATABASE ID RELEASE 95%9932298		48	-0.41580614	-1.489039	0.018181818	0.42189184	1.0	4964	tags=44%, list=20%, signal=55%	
HEDGEHOG LIGAND BIOGENESIS%REACTOME%R-HSA-5358346.2	HEDGEHOG LIGAND BIOGENESIS%REACTOME%R-HSA-5358346.2		52	-0.41080463	-1.4874554	0.015075377	0.4230595	1.0	4658	tags=44%, list=19%, signal=55%	
REGULATION OF BLOOD VESSEL ENDOTHELIAL CELL PROLIFERATION INVOLVED IN SPROUTING ANGIOGENESIS%GOBP%GO:1903587	REGULATION OF BLOOD VESSEL ENDOTHELIAL CELL PROLIFERATION INVOLVED IN SPROUTING ANGIOGENESIS%GOBP%GO:1903587		18	-0.51559705	-1.4864756	0.0477707	0.42289197	1.0	1168	tags=22%, list=5%, signal=23%	
HALLMARK_MYC_TARGETS_V2%MSIGDBHALLMARK%HALLMARK_MYC_TARGETS_V2	HALLMARK_MYC_TARGETS_V2%MSIGDBHALLMARK%HALLMARK_MYC_TARGETS_V2		47	-0.41742665	-1.4835728	0.013333334	0.4279994	1.0	3023	tags=32%, list=12%, signal=36%	
SUPERPATHWAY OF METHIONINE DEGRADATION%BIOCYC%PWY-5328	SUPERPATHWAY OF METHIONINE DEGRADATION%BIOCYC%PWY-5328		20	-0.50272167	-1.4803215	0.032258064	0.43365365	1.0	1040	tags=30%, list=4%, signal=31%	
FORMATION OF THE TERNARY COMPLEX, AND SUBSEQUENTLY, THE 43S COMPLEX%REACTOME%R-HSA-72695.4	FORMATION OF THE TERNARY COMPLEX, AND SUBSEQUENTLY, THE 43S COMPLEX%REACTOME%R-HSA-72695.4		52	-0.41473413	-1.4771813	0.017391304	0.4393827	1.0	5797	tags=37%, list=24%, signal=48%	
GLYCINE AND SERINE METABOLISM%SMPDB%SMP0000004	GLYCINE AND SERINE METABOLISM%SMPDB%SMP0000004		24	-0.49879098	-1.47706	0.04676259	0.43648562	1.0	2976	tags=50%, list=12%, signal=57%	
SYNDECAN-3-MEDIATED SIGNALING EVENTS%PATHWAY INTERACTION DATABASE NCI-NATURE CURATED DATA%SYNDECAN-3-MEDIATED SIGNALING EVENTS	SYNDECAN-3-MEDIATED SIGNALING EVENTS%PATHWAY INTERACTION DATABASE NCI-NATURE CURATED DATA%SYNDECAN-3-MEDIATED SIGNALING EVENTS		21	-0.49128637	-1.4765917	0.054151624	0.43466777	1.0	3178	tags=33%, list=13%, signal=38%	
FC EPSILON RECEPTOR (FCERI) SIGNALING%REACTOME DATABASE ID RELEASE 95%2454202	FC EPSILON RECEPTOR (FCERI) SIGNALING%REACTOME DATABASE ID RELEASE 95%2454202		174	-0.3360724	-1.47538	0.0	0.4348709	1.0	4690	tags=37%, list=19%, signal=46%	
KINETOCHORE ASSEMBLY%GOBP%GO:0051382	KINETOCHORE ASSEMBLY%GOBP%GO:0051382		22	-0.4992558	-1.4728489	0.056737587	0.4385375	1.0	1930	tags=27%, list=8%, signal=30%	
REGULATION OF KETONE BIOSYNTHETIC PROCESS%GOBP%GO:0010566	REGULATION OF KETONE BIOSYNTHETIC PROCESS%GOBP%GO:0010566		19	-0.50712365	-1.4722941	0.046511628	0.43707255	1.0	558	tags=16%, list=2%, signal=16%	
INTRACELLULAR PROTEIN TRANSMEMBRANE TRANSPORT%GOBP%GO:0065002	INTRACELLULAR PROTEIN TRANSMEMBRANE TRANSPORT%GOBP%GO:0065002		29	-0.46652696	-1.4714465	0.03137255	0.43640622	1.0	1230	tags=24%, list=5%, signal=25%	
REGULATION OF ORNITHINE DECARBOXYLASE (ODC)%REACTOME%R-HSA-350562.6	REGULATION OF ORNITHINE DECARBOXYLASE (ODC)%REACTOME%R-HSA-350562.6		38	-0.4340076	-1.4697495	0.030534351	0.4382786	1.0	4658	tags=39%, list=19%, signal=49%	
HUMORAL IMMUNE RESPONSE MEDIATED BY CIRCULATING IMMUNOGLOBULIN%GOBP%GO:0002455	HUMORAL IMMUNE RESPONSE MEDIATED BY CIRCULATING IMMUNOGLOBULIN%GOBP%GO:0002455		17	-0.5307846	-1.4678615	0.058064517	0.4406361	1.0	3473	tags=47%, list=14%, signal=55%	
ESTABLISHMENT OF ENDOTHELIAL BARRIER%GOBP%GO:0061028	ESTABLISHMENT OF ENDOTHELIAL BARRIER%GOBP%GO:0061028		25	-0.47320306	-1.4654666	0.02962963	0.44458973	1.0	1418	tags=20%, list=6%, signal=21%	
TERMINATION OF O-GLYCAN BIOSYNTHESIS%REACTOME DATABASE ID RELEASE 95%977068	TERMINATION OF O-GLYCAN BIOSYNTHESIS%REACTOME DATABASE ID RELEASE 95%977068		25	-0.46360135	-1.4641609	0.032967035	0.44545555	1.0	1060	tags=20%, list=4%, signal=21%	
ATF4 ACTIVATES GENES IN RESPONSE TO ENDOPLASMIC RETICULUM STRESS%REACTOME%R-HSA-380994.5	ATF4 ACTIVATES GENES IN RESPONSE TO ENDOPLASMIC RETICULUM STRESS%REACTOME%R-HSA-380994.5		27	-0.45879415	-1.4568869	0.026217228	0.463987	1.0	3489	tags=33%, list=14%, signal=39%	
CELLULAR RESPONSE TO HEAT%GOBP%GO:0034605	CELLULAR RESPONSE TO HEAT%GOBP%GO:0034605		38	-0.42563012	-1.4538254	0.03076923	0.47007886	1.0	3441	tags=26%, list=14%, signal=31%	
GOLGI-TO-ER RETROGRADE TRANSPORT%REACTOME DATABASE ID RELEASE 95%8856688	GOLGI-TO-ER RETROGRADE TRANSPORT%REACTOME DATABASE ID RELEASE 95%8856688		116	-0.34617567	-1.4503868	0.0	0.47694767	1.0	3014	tags=27%, list=12%, signal=30%	
DEFECTIVE CFTR CAUSES CYSTIC FIBROSIS%REACTOME%R-HSA-5678895.5	DEFECTIVE CFTR CAUSES CYSTIC FIBROSIS%REACTOME%R-HSA-5678895.5		48	-0.40684396	-1.4502712	0.024193548	0.47408321	1.0	4658	tags=44%, list=19%, signal=54%	
REGULATION OF PD-L1(CD274) POST-TRANSLATIONAL MODIFICATION%REACTOME DATABASE ID RELEASE 95%9909615	REGULATION OF PD-L1(CD274) POST-TRANSLATIONAL MODIFICATION%REACTOME DATABASE ID RELEASE 95%9909615		86	-0.37193748	-1.4483542	0.006329114	0.47674716	1.0	4688	tags=38%, list=19%, signal=47%	
EPITHELIAL STRUCTURE MAINTENANCE%GOBP%GO:0010669	EPITHELIAL STRUCTURE MAINTENANCE%GOBP%GO:0010669		33	-0.4374128	-1.4477262	0.041198503	0.47554874	1.0	1677	tags=18%, list=7%, signal=19%	
PID_FRA_PATHWAY%MSIGDB_C2%PID_FRA_PATHWAY	PID_FRA_PATHWAY%MSIGDB_C2%PID_FRA_PATHWAY		33	-0.43587083	-1.4464773	0.026923077	0.47605783	1.0	2429	tags=21%, list=10%, signal=24%	
REGULATION OF INTRINSIC APOPTOTIC SIGNALING PATHWAY%GOBP%GO:2001242	REGULATION OF INTRINSIC APOPTOTIC SIGNALING PATHWAY%GOBP%GO:2001242		129	-0.33591586	-1.4420304	0.0	0.48630887	1.0	3196	tags=22%, list=13%, signal=25%	
PROTEIN TARGETING TO MEMBRANE%GOBP%GO:0006612	PROTEIN TARGETING TO MEMBRANE%GOBP%GO:0006612		81	-0.3635303	-1.4411297	0.0116959065	0.48603448	1.0	3344	tags=26%, list=14%, signal=30%	
HINDBRAIN DEVELOPMENT%GOBP%GO:0030902	HINDBRAIN DEVELOPMENT%GOBP%GO:0030902		43	-0.40655455	-1.4392498	0.020833334	0.48889127	1.0	4315	tags=37%, list=18%, signal=45%	
GAMMA CARBOXYLATION, HYPUSINYLATION, HYDROXYLATION, AND ARYLSULFATASE ACTIVATION%REACTOME DATABASE ID RELEASE 95%163841	GAMMA CARBOXYLATION, HYPUSINYLATION, HYDROXYLATION, AND ARYLSULFATASE ACTIVATION%REACTOME DATABASE ID RELEASE 95%163841		61	-0.39033434	-1.4392496	0.022222223	0.48573712	1.0	2164	tags=21%, list=9%, signal=23%	
RETINA LAYER FORMATION%GOBP%GO:0010842	RETINA LAYER FORMATION%GOBP%GO:0010842		15	-0.52240545	-1.4339097	0.06818182	0.49904475	1.0	1294	tags=20%, list=5%, signal=21%	
ANTI-INFLAMMATORY RESPONSE FAVOURING LEISHMANIA PARASITE INFECTION%REACTOME%R-HSA-9662851.3	ANTI-INFLAMMATORY RESPONSE FAVOURING LEISHMANIA PARASITE INFECTION%REACTOME%R-HSA-9662851.3		136	-0.3339747	-1.4321359	0.0	0.5013306	1.0	4649	tags=35%, list=19%, signal=43%	
DEGRADATION OF DVL%REACTOME%R-HSA-4641258.3	DEGRADATION OF DVL%REACTOME%R-HSA-4641258.3		44	-0.40649235	-1.4315748	0.03125	0.49997678	1.0	4976	tags=45%, list=20%, signal=57%	
LEISHMANIA PARASITE GROWTH AND SURVIVAL%REACTOME DATABASE ID RELEASE 95%9664433	LEISHMANIA PARASITE GROWTH AND SURVIVAL%REACTOME DATABASE ID RELEASE 95%9664433		136	-0.3339747	-1.4310639	0.0	0.49844748	1.0	4649	tags=35%, list=19%, signal=43%	
OSTEOARTHRITIC CHONDROCYTE HYPERTROPHY%WIKIPATHWAYS_20260211%WP5373%HOMO SAPIENS	OSTEOARTHRITIC CHONDROCYTE HYPERTROPHY%WIKIPATHWAYS_20260211%WP5373%HOMO SAPIENS		42	-0.41228247	-1.4297996	0.03508772	0.49924117	1.0	1334	tags=17%, list=5%, signal=18%	
REGULATION OF NEURON MIGRATION%GOBP%GO:2001222	REGULATION OF NEURON MIGRATION%GOBP%GO:2001222		33	-0.43859136	-1.4267534	0.038610037	0.5054553	1.0	3537	tags=27%, list=14%, signal=32%	
REGULATION OF COMPLEMENT CASCADE%REACTOME%R-HSA-977606.8	REGULATION OF COMPLEMENT CASCADE%REACTOME%R-HSA-977606.8		107	-0.3453445	-1.4254656	0.0125	0.50620043	1.0	4649	tags=39%, list=19%, signal=48%	
METABOLISM OF POLYAMINES%REACTOME%R-HSA-351202.7	METABOLISM OF POLYAMINES%REACTOME%R-HSA-351202.7		45	-0.40289786	-1.4225781	0.044444446	0.5121857	1.0	4658	tags=42%, list=19%, signal=52%	
REGULATION OF PROTEIN EXPORT FROM NUCLEUS%GOBP%GO:0046825	REGULATION OF PROTEIN EXPORT FROM NUCLEUS%GOBP%GO:0046825		24	-0.46236172	-1.4224105	0.07063197	0.5095801	1.0	1885	tags=21%, list=8%, signal=23%	
DEFECTIVE B4GALT7 CAUSES EDS, PROGEROID TYPE%REACTOME DATABASE ID RELEASE 95%3560783	DEFECTIVE B4GALT7 CAUSES EDS, PROGEROID TYPE%REACTOME DATABASE ID RELEASE 95%3560783		20	-0.4789705	-1.4219424	0.05743243	0.50804436	1.0	660	tags=15%, list=3%, signal=15%	
REGULATION OF ENDOPLASMIC RETICULUM STRESS-INDUCED INTRINSIC APOPTOTIC SIGNALING PATHWAY%GOBP%GO:1902235	REGULATION OF ENDOPLASMIC RETICULUM STRESS-INDUCED INTRINSIC APOPTOTIC SIGNALING PATHWAY%GOBP%GO:1902235		25	-0.45412806	-1.4216019	0.053497944	0.5061479	1.0	3095	tags=28%, list=13%, signal=32%	
HALLMARK_HYPOXIA%MSIGDBHALLMARK%HALLMARK_HYPOXIA	HALLMARK_HYPOXIA%MSIGDBHALLMARK%HALLMARK_HYPOXIA		141	-0.3272973	-1.4179431	0.0	0.5148545	1.0	2397	tags=19%, list=10%, signal=21%	
ANTERIOR/POSTERIOR PATTERN SPECIFICATION%GOBP%GO:0009952	ANTERIOR/POSTERIOR PATTERN SPECIFICATION%GOBP%GO:0009952		92	-0.3530581	-1.4179081	0.006451613	0.5118447	1.0	3883	tags=29%, list=16%, signal=35%	
PID_ATM_PATHWAY%MSIGDB_C2%PID_ATM_PATHWAY	PID_ATM_PATHWAY%MSIGDB_C2%PID_ATM_PATHWAY		24	-0.46432477	-1.4170877	0.0569395	0.511435	1.0	357	tags=13%, list=1%, signal=13%	
EMBRYONIC SKELETAL SYSTEM MORPHOGENESIS%GOBP%GO:0048704	EMBRYONIC SKELETAL SYSTEM MORPHOGENESIS%GOBP%GO:0048704		40	-0.39524198	-1.4109193	0.033816423	0.52846223	1.0	4903	tags=35%, list=20%, signal=44%	
PROTEIN LOCALIZATION TO ENDOPLASMIC RETICULUM%GOBP%GO:0070972	PROTEIN LOCALIZATION TO ENDOPLASMIC RETICULUM%GOBP%GO:0070972		26	-0.44162205	-1.4091094	0.06545454	0.53072023	1.0	2397	tags=23%, list=10%, signal=26%	
HINT1 PATHWAY%WIKIPATHWAYS_20260211%WP5523%HOMO SAPIENS	HINT1 PATHWAY%WIKIPATHWAYS_20260211%WP5523%HOMO SAPIENS		20	-0.4848736	-1.4079425	0.060790274	0.5312288	1.0	5628	tags=70%, list=23%, signal=91%	
REGULATION OF ACTIVATED PAK-2P34 BY PROTEASOME MEDIATED DEGRADATION%REACTOME DATABASE ID RELEASE 95%211733	REGULATION OF ACTIVATED PAK-2P34 BY PROTEASOME MEDIATED DEGRADATION%REACTOME DATABASE ID RELEASE 95%211733		37	-0.41263247	-1.4042611	0.058333334	0.54059035	1.0	4658	tags=43%, list=19%, signal=53%	
FORMATION OF A POOL OF FREE 40S SUBUNITS%REACTOME%R-HSA-72689.3	FORMATION OF A POOL OF FREE 40S SUBUNITS%REACTOME%R-HSA-72689.3		101	-0.33482718	-1.4033955	0.017857144	0.5403433	1.0	6117	tags=38%, list=25%, signal=50%	
ISOPRENOID BIOSYNTHETIC PROCESS%GOBP%GO:0008299	ISOPRENOID BIOSYNTHETIC PROCESS%GOBP%GO:0008299		22	-0.46547154	-1.4024523	0.060714286	0.5403454	1.0	3567	tags=32%, list=15%, signal=37%	
THE CANONICAL RETINOID CYCLE IN RODS (TWILIGHT VISION)%REACTOME%R-HSA-2453902.7	THE CANONICAL RETINOID CYCLE IN RODS (TWILIGHT VISION)%REACTOME%R-HSA-2453902.7		22	-0.4694025	-1.4000075	0.06498195	0.5454519	1.0	1709	tags=18%, list=7%, signal=20%	
AUF1 (HNRNP D0) BINDS AND DESTABILIZES MRNA%REACTOME DATABASE ID RELEASE 95%450408	AUF1 (HNRNP D0) BINDS AND DESTABILIZES MRNA%REACTOME DATABASE ID RELEASE 95%450408		41	-0.4009172	-1.3999879	0.03846154	0.54244727	1.0	4658	tags=41%, list=19%, signal=51%	
POST-CHAPERONIN TUBULIN FOLDING PATHWAY%REACTOME DATABASE ID RELEASE 95%389977	POST-CHAPERONIN TUBULIN FOLDING PATHWAY%REACTOME DATABASE ID RELEASE 95%389977		23	-0.4612206	-1.399722	0.08098592	0.54028106	1.0	1937	tags=22%, list=8%, signal=24%	
VISUAL CYCLE%WIKIPATHWAYS_20260211%WP5534%HOMO SAPIENS	VISUAL CYCLE%WIKIPATHWAYS_20260211%WP5534%HOMO SAPIENS		15	-0.5086266	-1.3910819	0.07166124	0.5659982	1.0	1363	tags=13%, list=6%, signal=14%	
GDNF RET SIGNALING AXIS%WIKIPATHWAYS_20260211%WP4830%HOMO SAPIENS	GDNF RET SIGNALING AXIS%WIKIPATHWAYS_20260211%WP4830%HOMO SAPIENS		29	-0.42581338	-1.3851597	0.061068702	0.5828755	1.0	4718	tags=34%, list=19%, signal=43%	
GSK3B AND BTRC:CUL1-MEDIATED-DEGRADATION OF NFE2L2%REACTOME DATABASE ID RELEASE 95%9762114	GSK3B AND BTRC:CUL1-MEDIATED-DEGRADATION OF NFE2L2%REACTOME DATABASE ID RELEASE 95%9762114		42	-0.396796	-1.3825535	0.05	0.58895236	1.0	4658	tags=40%, list=19%, signal=50%	
TRANSPORT TO THE GOLGI AND SUBSEQUENT MODIFICATION%REACTOME%R-HSA-948021.4	TRANSPORT TO THE GOLGI AND SUBSEQUENT MODIFICATION%REACTOME%R-HSA-948021.4		168	-0.31665435	-1.3785967	0.0	0.60004187	1.0	2959	tags=26%, list=12%, signal=30%	
CHONDROCYTE DIFFERENTIATION%GOBP%GO:0002062	CHONDROCYTE DIFFERENTIATION%GOBP%GO:0002062		36	-0.41001737	-1.3776628	0.05882353	0.6000207	1.0	818	tags=14%, list=3%, signal=14%	
NEGATIVE REGULATION OF STRIATED MUSCLE CELL DIFFERENTIATION%GOBP%GO:0051154	NEGATIVE REGULATION OF STRIATED MUSCLE CELL DIFFERENTIATION%GOBP%GO:0051154		17	-0.49898753	-1.3764906	0.1086262	0.60102975	1.0	3757	tags=41%, list=15%, signal=49%	
METABOLIC PATHWAYS OF FIBROBLASTS%WIKIPATHWAYS_20260211%WP5312%HOMO SAPIENS	METABOLIC PATHWAYS OF FIBROBLASTS%WIKIPATHWAYS_20260211%WP5312%HOMO SAPIENS		22	-0.46224278	-1.3757437	0.0777027	0.6006131	1.0	2652	tags=23%, list=11%, signal=25%	
PID_HNF3A_PATHWAY%MSIGDB_C2%PID_HNF3A_PATHWAY	PID_HNF3A_PATHWAY%MSIGDB_C2%PID_HNF3A_PATHWAY		37	-0.3898556	-1.3746314	0.03524229	0.6013595	1.0	1551	tags=22%, list=6%, signal=23%	
PROTEIN HYDROXYLATION%REACTOME DATABASE ID RELEASE 95%9629569	PROTEIN HYDROXYLATION%REACTOME DATABASE ID RELEASE 95%9629569		20	-0.4749514	-1.3707095	0.097222224	0.61152107	1.0	4651	tags=45%, list=19%, signal=56%	
PID_SYNDECAN_1_PATHWAY%MSIGDB_C2%PID_SYNDECAN_1_PATHWAY	PID_SYNDECAN_1_PATHWAY%MSIGDB_C2%PID_SYNDECAN_1_PATHWAY		37	-0.39066753	-1.3706936	0.038297873	0.608317	1.0	1375	tags=19%, list=6%, signal=20%	
TRANSLATIONAL INITIATION%GOBP%GO:0006413	TRANSLATIONAL INITIATION%GOBP%GO:0006413		59	-0.37009543	-1.3704581	0.02970297	0.6059167	1.0	4713	tags=39%, list=19%, signal=48%	
NEGATIVE REGULATION OF FOCAL ADHESION ASSEMBLY%GOBP%GO:0051895	NEGATIVE REGULATION OF FOCAL ADHESION ASSEMBLY%GOBP%GO:0051895		18	-0.48255998	-1.3666192	0.10526316	0.6166363	1.0	2795	tags=28%, list=11%, signal=31%	
FOXA1 TRANSCRIPTION FACTOR NETWORK%PATHWAY INTERACTION DATABASE NCI-NATURE CURATED DATA%FOXA1 TRANSCRIPTION FACTOR NETWORK	FOXA1 TRANSCRIPTION FACTOR NETWORK%PATHWAY INTERACTION DATABASE NCI-NATURE CURATED DATA%FOXA1 TRANSCRIPTION FACTOR NETWORK		44	-0.37786365	-1.3639562	0.05263158	0.6233897	1.0	3487	tags=30%, list=14%, signal=34%	
SOMITOGENESIS%REACTOME DATABASE ID RELEASE 95%9824272	SOMITOGENESIS%REACTOME DATABASE ID RELEASE 95%9824272		45	-0.38119814	-1.3635317	0.05909091	0.62173	1.0	4658	tags=42%, list=19%, signal=52%	
HALLMARK_MYC_TARGETS_V1%MSIGDBHALLMARK%HALLMARK_MYC_TARGETS_V1	HALLMARK_MYC_TARGETS_V1%MSIGDBHALLMARK%HALLMARK_MYC_TARGETS_V1		150	-0.31287506	-1.3619833	0.011235955	0.62449145	1.0	4681	tags=37%, list=19%, signal=45%	
FBXL7 DOWN-REGULATES AURKA DURING MITOTIC ENTRY AND IN EARLY MITOSIS%REACTOME DATABASE ID RELEASE 95%8854050	FBXL7 DOWN-REGULATES AURKA DURING MITOTIC ENTRY AND IN EARLY MITOSIS%REACTOME DATABASE ID RELEASE 95%8854050		42	-0.39258948	-1.3594316	0.060344826	0.6305323	1.0	4658	tags=40%, list=19%, signal=50%	
NEGATIVE REGULATION OF CELL-MATRIX ADHESION%GOBP%GO:0001953	NEGATIVE REGULATION OF CELL-MATRIX ADHESION%GOBP%GO:0001953		34	-0.39876434	-1.3589617	0.08015267	0.6290843	1.0	2952	tags=26%, list=12%, signal=30%	
BIOCARTA_IL12_PATHWAY%MSIGDB_C2%BIOCARTA_IL12_PATHWAY	BIOCARTA_IL12_PATHWAY%MSIGDB_C2%BIOCARTA_IL12_PATHWAY		16	-0.48282424	-1.3586489	0.11940298	0.6271068	1.0	1298	tags=19%, list=5%, signal=20%	
KINETOCHORE ORGANIZATION%GOBP%GO:0051383	KINETOCHORE ORGANIZATION%GOBP%GO:0051383		24	-0.4433803	-1.3585532	0.0859375	0.6242656	1.0	1930	tags=25%, list=8%, signal=27%	
REGULATION OF IRE1-MEDIATED UNFOLDED PROTEIN RESPONSE%GOBP%GO:1903894	REGULATION OF IRE1-MEDIATED UNFOLDED PROTEIN RESPONSE%GOBP%GO:1903894		15	-0.49283433	-1.3584988	0.1323077	0.62133336	1.0	2121	tags=33%, list=9%, signal=36%	
GLYCOGEN CATABOLIC PROCESS%GOBP%GO:0005980	GLYCOGEN CATABOLIC PROCESS%GOBP%GO:0005980		21	-0.45970765	-1.3584511	0.10508475	0.6184378	1.0	5872	tags=52%, list=24%, signal=69%	
PROTEIN SYNTHESIS: SERINE%PATHWHIZ%PW120517	PROTEIN SYNTHESIS: SERINE%PATHWHIZ%PW120517		79	-0.34420264	-1.3559804	0.031847134	0.62437296	1.0	6023	tags=35%, list=25%, signal=47%	
VIF-MEDIATED DEGRADATION OF APOBEC3G%REACTOME DATABASE ID RELEASE 95%180585	VIF-MEDIATED DEGRADATION OF APOBEC3G%REACTOME DATABASE ID RELEASE 95%180585		40	-0.39689088	-1.3545084	0.06198347	0.6267949	1.0	4658	tags=43%, list=19%, signal=52%	
MYOGENESIS%REACTOME DATABASE ID RELEASE 95%525793	MYOGENESIS%REACTOME DATABASE ID RELEASE 95%525793		27	-0.42768374	-1.3534538	0.07986111	0.6276905	1.0	4693	tags=33%, list=19%, signal=41%	
MITOCHONDRIAL UNFOLDED PROTEIN RESPONSE (UPRMT)%REACTOME%R-HSA-9841251.1	MITOCHONDRIAL UNFOLDED PROTEIN RESPONSE (UPRMT)%REACTOME%R-HSA-9841251.1		17	-0.4803682	-1.3526747	0.11343284	0.62764424	1.0	3195	tags=29%, list=13%, signal=34%	
TRANSLESION SYNTHESIS BY POLH%REACTOME DATABASE ID RELEASE 95%110320	TRANSLESION SYNTHESIS BY POLH%REACTOME DATABASE ID RELEASE 95%110320		18	-0.47862726	-1.3512497	0.11956522	0.62979305	1.0	1865	tags=28%, list=8%, signal=30%	
NEGATIVE REGULATION OF ENDOPLASMIC RETICULUM STRESS-INDUCED INTRINSIC APOPTOTIC SIGNALING PATHWAY%GOBP%GO:1902236	NEGATIVE REGULATION OF ENDOPLASMIC RETICULUM STRESS-INDUCED INTRINSIC APOPTOTIC SIGNALING PATHWAY%GOBP%GO:1902236		16	-0.47997287	-1.347073	0.123809524	0.64220214	1.0	2353	tags=25%, list=10%, signal=28%	
NEGATIVE REGULATION OF CELL-SUBSTRATE JUNCTION ORGANIZATION%GOBP%GO:0150118	NEGATIVE REGULATION OF CELL-SUBSTRATE JUNCTION ORGANIZATION%GOBP%GO:0150118		19	-0.46586785	-1.3463919	0.125	0.6417636	1.0	2795	tags=26%, list=11%, signal=30%	
POSITIVE REGULATION OF CYTOPLASMIC TRANSLATION%GOBP%GO:2000767	POSITIVE REGULATION OF CYTOPLASMIC TRANSLATION%GOBP%GO:2000767		17	-0.48385078	-1.3440304	0.103125	0.6477417	1.0	3853	tags=41%, list=16%, signal=49%	
RIBOSOMAL LARGE SUBUNIT BIOGENESIS%GOBP%GO:0042273	RIBOSOMAL LARGE SUBUNIT BIOGENESIS%GOBP%GO:0042273		77	-0.33654797	-1.3439159	0.042168673	0.64506876	1.0	2972	tags=26%, list=12%, signal=29%	
MORPHINE ACTION PATHWAY%PATHWHIZ%PW000412	MORPHINE ACTION PATHWAY%PATHWHIZ%PW000412		45	-0.37119463	-1.3424896	0.072072074	0.64750415	1.0	2807	tags=27%, list=11%, signal=30%	
DECTIN-2 FAMILY%REACTOME DATABASE ID RELEASE 95%5621480	DECTIN-2 FAMILY%REACTOME DATABASE ID RELEASE 95%5621480		28	-0.41435108	-1.3406311	0.06666667	0.65175426	1.0	1060	tags=18%, list=4%, signal=19%	
UCH PROTEINASES%REACTOME DATABASE ID RELEASE 95%5689603	UCH PROTEINASES%REACTOME DATABASE ID RELEASE 95%5689603		81	-0.34014186	-1.3399459	0.024096385	0.6512179	1.0	4898	tags=41%, list=20%, signal=51%	
GLUCAN CATABOLIC PROCESS%GOBP%GO:0009251	GLUCAN CATABOLIC PROCESS%GOBP%GO:0009251		22	-0.4387342	-1.3381834	0.08304498	0.6548672	1.0	5872	tags=50%, list=24%, signal=66%	
DEGRADATION OF CYSTEINE AND HOMOCYSTEINE%REACTOME DATABASE ID RELEASE 95%1614558	DEGRADATION OF CYSTEINE AND HOMOCYSTEINE%REACTOME DATABASE ID RELEASE 95%1614558		15	-0.48477504	-1.3380182	0.12703583	0.65245366	1.0	678	tags=13%, list=3%, signal=14%	
NEGATIVE REGULATION OF STEM CELL POPULATION MAINTENANCE%GOBP%GO:1902455	NEGATIVE REGULATION OF STEM CELL POPULATION MAINTENANCE%GOBP%GO:1902455		21	-0.45581317	-1.3358369	0.11805555	0.65776896	1.0	3725	tags=29%, list=15%, signal=34%	
FCGAMMA RECEPTOR (FCGR) DEPENDENT PHAGOCYTOSIS%REACTOME DATABASE ID RELEASE 95%2029480	FCGAMMA RECEPTOR (FCGR) DEPENDENT PHAGOCYTOSIS%REACTOME DATABASE ID RELEASE 95%2029480		146	-0.30853146	-1.3350236	0.009433962	0.65772235	1.0	4649	tags=33%, list=19%, signal=40%	
RESPONSE TO ISCHEMIA%GOBP%GO:0002931	RESPONSE TO ISCHEMIA%GOBP%GO:0002931		26	-0.4186334	-1.3317454	0.09259259	0.6674761	1.0	4965	tags=42%, list=20%, signal=53%	
PROTEIN FOLDING%GOBP%GO:0006457	PROTEIN FOLDING%GOBP%GO:0006457		176	-0.30676854	-1.3314409	0.0	0.66569096	1.0	4052	tags=26%, list=17%, signal=30%	
RESPONSE OF EIF2AK4 (GCN2) TO AMINO ACID DEFICIENCY%REACTOME%R-HSA-9633012.4	RESPONSE OF EIF2AK4 (GCN2) TO AMINO ACID DEFICIENCY%REACTOME%R-HSA-9633012.4		101	-0.327218	-1.3291401	0.021582734	0.6714289	1.0	6117	tags=37%, list=25%, signal=49%	
SCF-BETA-TRCP MEDIATED DEGRADATION OF EMI1%REACTOME DATABASE ID RELEASE 95%174113	SCF-BETA-TRCP MEDIATED DEGRADATION OF EMI1%REACTOME DATABASE ID RELEASE 95%174113		42	-0.37562707	-1.3250058	0.05479452	0.6846622	1.0	4658	tags=38%, list=19%, signal=47%	
AUTOPHAGY%WIKIPATHWAYS_20260211%WP4923%HOMO SAPIENS	AUTOPHAGY%WIKIPATHWAYS_20260211%WP4923%HOMO SAPIENS		25	-0.42246598	-1.3231013	0.09893993	0.6892704	1.0	3724	tags=28%, list=15%, signal=33%	
NEGATIVE REGULATION OF TRANSCRIPTION ELONGATION BY RNA POLYMERASE II%GOBP%GO:0034244	NEGATIVE REGULATION OF TRANSCRIPTION ELONGATION BY RNA POLYMERASE II%GOBP%GO:0034244		17	-0.46953362	-1.3225526	0.122112215	0.68827504	1.0	3599	tags=41%, list=15%, signal=48%	
AMPK REGULATION OF MAMMARY MILK PROTEIN SYNTHESIS%WIKIPATHWAYS_20260211%WP5492%HOMO SAPIENS	AMPK REGULATION OF MAMMARY MILK PROTEIN SYNTHESIS%WIKIPATHWAYS_20260211%WP5492%HOMO SAPIENS		20	-0.45821846	-1.3224803	0.12341772	0.68546313	1.0	3357	tags=30%, list=14%, signal=35%	
MYD88 DISTINCT INPUT OUTPUT PATHWAY%WIKIPATHWAYS_20260211%WP3877%HOMO SAPIENS	MYD88 DISTINCT INPUT OUTPUT PATHWAY%WIKIPATHWAYS_20260211%WP3877%HOMO SAPIENS		15	-0.47120053	-1.3221349	0.14285715	0.6837758	1.0	622	tags=20%, list=3%, signal=21%	
NEGATIVE REGULATION OF ENDOPLASMIC RETICULUM UNFOLDED PROTEIN RESPONSE%GOBP%GO:1900102	NEGATIVE REGULATION OF ENDOPLASMIC RETICULUM UNFOLDED PROTEIN RESPONSE%GOBP%GO:1900102		17	-0.4753584	-1.3207242	0.11148649	0.68641555	1.0	2397	tags=29%, list=10%, signal=33%	
PRE-NOTCH PROCESSING IN GOLGI%REACTOME DATABASE ID RELEASE 95%1912420	PRE-NOTCH PROCESSING IN GOLGI%REACTOME DATABASE ID RELEASE 95%1912420		18	-0.4627547	-1.3202245	0.114379086	0.6852624	1.0	693	tags=28%, list=3%, signal=29%	
DORSAL/VENTRAL PATTERN FORMATION%GOBP%GO:0009953	DORSAL/VENTRAL PATTERN FORMATION%GOBP%GO:0009953		37	-0.38544157	-1.3187466	0.07359307	0.68856776	1.0	4345	tags=38%, list=18%, signal=46%	
POSITIVE REGULATION OF PROTEIN PROCESSING%GOBP%GO:0010954	POSITIVE REGULATION OF PROTEIN PROCESSING%GOBP%GO:0010954		21	-0.43687817	-1.3177577	0.092857145	0.6895146	1.0	1648	tags=19%, list=7%, signal=20%	
TRNA WOBBLE URIDINE MODIFICATION%GOBP%GO:0002098	TRNA WOBBLE URIDINE MODIFICATION%GOBP%GO:0002098		19	-0.4670418	-1.3153304	0.13455658	0.6959414	1.0	2634	tags=37%, list=11%, signal=41%	
NEGATIVE REGULATION OF PEPTIDE SECRETION%GOBP%GO:0002792	NEGATIVE REGULATION OF PEPTIDE SECRETION%GOBP%GO:0002792		24	-0.42036143	-1.314518	0.094736844	0.6961756	1.0	3298	tags=29%, list=13%, signal=34%	
EXERCISE INDUCED CIRCADIAN REGULATION%WIKIPATHWAYS_20260211%WP410%HOMO SAPIENS	EXERCISE INDUCED CIRCADIAN REGULATION%WIKIPATHWAYS_20260211%WP410%HOMO SAPIENS		32	-0.4011167	-1.3136687	0.08108108	0.69631696	1.0	3974	tags=31%, list=16%, signal=37%	
POSITIVE REGULATION OF HIPPO SIGNALING%GOBP%GO:0035332	POSITIVE REGULATION OF HIPPO SIGNALING%GOBP%GO:0035332		16	-0.48935306	-1.3135484	0.14237288	0.69378364	1.0	2751	tags=25%, list=11%, signal=28%	
PERIPHERAL NERVOUS SYSTEM DEVELOPMENT%GOBP%GO:0007422	PERIPHERAL NERVOUS SYSTEM DEVELOPMENT%GOBP%GO:0007422		37	-0.3842619	-1.3132087	0.086792454	0.6922046	1.0	1938	tags=19%, list=8%, signal=21%	
POLYSACCHARIDE CATABOLIC PROCESS%GOBP%GO:0000272	POLYSACCHARIDE CATABOLIC PROCESS%GOBP%GO:0000272		22	-0.4387342	-1.3115298	0.14444445	0.69599134	1.0	5872	tags=50%, list=24%, signal=66%	
CELL SURFACE INTERACTIONS AT THE VASCULAR WALL%REACTOME%R-HSA-202733.7	CELL SURFACE INTERACTIONS AT THE VASCULAR WALL%REACTOME%R-HSA-202733.7		194	-0.28700557	-1.3070061	0.013157895	0.71097106	1.0	2883	tags=20%, list=12%, signal=22%	
NEGATIVE REGULATION OF NOTCH4 SIGNALING%REACTOME DATABASE ID RELEASE 95%9604323	NEGATIVE REGULATION OF NOTCH4 SIGNALING%REACTOME DATABASE ID RELEASE 95%9604323		43	-0.376492	-1.3067286	0.09565217	0.7089941	1.0	4658	tags=37%, list=19%, signal=46%	
VPU MEDIATED DEGRADATION OF CD4%REACTOME DATABASE ID RELEASE 95%180534	VPU MEDIATED DEGRADATION OF CD4%REACTOME DATABASE ID RELEASE 95%180534		39	-0.384438	-1.3065485	0.082987554	0.70674276	1.0	4658	tags=41%, list=19%, signal=51%	
REGULATION OF PROTEIN PROCESSING%GOBP%GO:0070613	REGULATION OF PROTEIN PROCESSING%GOBP%GO:0070613		42	-0.3711961	-1.3029498	0.089361705	0.71826726	1.0	1648	tags=17%, list=7%, signal=18%	
SYNTHESIS, SECRETION, AND DEACYLATION OF GHRELIN%REACTOME%R-HSA-422085.5	SYNTHESIS, SECRETION, AND DEACYLATION OF GHRELIN%REACTOME%R-HSA-422085.5		18	-0.46759537	-1.301291	0.115625	0.7219307	1.0	1303	tags=22%, list=5%, signal=23%	
COMPLEMENT CASCADE%REACTOME%R-HSA-166658.6	COMPLEMENT CASCADE%REACTOME%R-HSA-166658.6		117	-0.31113476	-1.3010948	0.03846154	0.7197213	1.0	4649	tags=36%, list=19%, signal=44%	
UBIQUITIN-DEPENDENT DEGRADATION OF CYCLIN D%REACTOME DATABASE ID RELEASE 95%75815	UBIQUITIN-DEPENDENT DEGRADATION OF CYCLIN D%REACTOME DATABASE ID RELEASE 95%75815		39	-0.38120323	-1.3009614	0.087866105	0.71725166	1.0	4658	tags=41%, list=19%, signal=51%	
PROTEASOME ASSEMBLY%REACTOME%R-HSA-9907900.1	PROTEASOME ASSEMBLY%REACTOME%R-HSA-9907900.1		52	-0.36802843	-1.300688	0.07929515	0.71540767	1.0	4658	tags=37%, list=19%, signal=45%	
REGULATION OF LONG-TERM SYNAPTIC POTENTIATION%GOBP%GO:1900271	REGULATION OF LONG-TERM SYNAPTIC POTENTIATION%GOBP%GO:1900271		30	-0.39424357	-1.3005631	0.097826086	0.7130389	1.0	879	tags=13%, list=4%, signal=14%	
SYNDECAN-1-MEDIATED SIGNALING EVENTS%PATHWAY INTERACTION DATABASE NCI-NATURE CURATED DATA%SYNDECAN-1-MEDIATED SIGNALING EVENTS	SYNDECAN-1-MEDIATED SIGNALING EVENTS%PATHWAY INTERACTION DATABASE NCI-NATURE CURATED DATA%SYNDECAN-1-MEDIATED SIGNALING EVENTS		38	-0.38322154	-1.2976773	0.09561753	0.72166306	1.0	1375	tags=21%, list=6%, signal=22%	
REGULATION OF RUNX2 EXPRESSION AND ACTIVITY%REACTOME DATABASE ID RELEASE 95%8939902	REGULATION OF RUNX2 EXPRESSION AND ACTIVITY%REACTOME DATABASE ID RELEASE 95%8939902		58	-0.34859946	-1.2976743	0.08219178	0.7187148	1.0	4658	tags=36%, list=19%, signal=45%	
CTNNB1 S37 MUTANTS AREN'T PHOSPHORYLATED%REACTOME%R-HSA-5358749.4	CTNNB1 S37 MUTANTS AREN'T PHOSPHORYLATED%REACTOME%R-HSA-5358749.4		15	-0.45840812	-1.2973307	0.13538462	0.71729535	1.0	3454	tags=40%, list=14%, signal=47%	
CELLULAR RESPONSE TO ESTROGEN STIMULUS%GOBP%GO:0071391	CELLULAR RESPONSE TO ESTROGEN STIMULUS%GOBP%GO:0071391		16	-0.47387707	-1.2958574	0.13099042	0.72017556	1.0	4119	tags=50%, list=17%, signal=60%	
AGE RELATED MACULAR DEGENERATION%WIKIPATHWAYS_20260211%WP5526%HOMO SAPIENS	AGE RELATED MACULAR DEGENERATION%WIKIPATHWAYS_20260211%WP5526%HOMO SAPIENS		16	-0.47203606	-1.2952842	0.13522013	0.7196418	1.0	5240	tags=44%, list=21%, signal=56%	
NEGATIVE REGULATION OF PEPTIDE HORMONE SECRETION%GOBP%GO:0090278	NEGATIVE REGULATION OF PEPTIDE HORMONE SECRETION%GOBP%GO:0090278		23	-0.42249224	-1.2949923	0.12328767	0.7178482	1.0	3298	tags=30%, list=13%, signal=35%	
PD-L1(CD274) GLYCOSYLATION AND TRANSLOCATION TO PLASMA MEMBRANE%REACTOME DATABASE ID RELEASE 95%9931295	PD-L1(CD274) GLYCOSYLATION AND TRANSLOCATION TO PLASMA MEMBRANE%REACTOME DATABASE ID RELEASE 95%9931295		17	-0.4628088	-1.2949827	0.12738854	0.7150203	1.0	4688	tags=47%, list=19%, signal=58%	
PROTEIN SYNTHESIS: GLYCINE%PATHWHIZ%PW112928	PROTEIN SYNTHESIS: GLYCINE%PATHWHIZ%PW112928		79	-0.3243875	-1.2948799	0.040935673	0.71259075	1.0	6023	tags=35%, list=25%, signal=47%	
SPOP-MEDIATED PROTEASOMAL DEGRADATION OF PD-L1(CD274)%REACTOME%R-HSA-9929491.1	SPOP-MEDIATED PROTEASOMAL DEGRADATION OF PD-L1(CD274)%REACTOME%R-HSA-9929491.1		46	-0.35519832	-1.2936151	0.08256881	0.71478623	1.0	4658	tags=39%, list=19%, signal=48%	
OXYGEN-DEPENDENT PROLINE HYDROXYLATION OF HYPOXIA-INDUCIBLE FACTOR ALPHA%REACTOME DATABASE ID RELEASE 95%1234176	OXYGEN-DEPENDENT PROLINE HYDROXYLATION OF HYPOXIA-INDUCIBLE FACTOR ALPHA%REACTOME DATABASE ID RELEASE 95%1234176		53	-0.3488236	-1.2929435	0.08675799	0.7146817	1.0	4690	tags=36%, list=19%, signal=44%	
MATURATION OF LSU-RRNA%GOBP%GO:0000470	MATURATION OF LSU-RRNA%GOBP%GO:0000470		31	-0.38691068	-1.2925081	0.104477614	0.7134706	1.0	2700	tags=26%, list=11%, signal=29%	
NEGATIVE REGULATION OF ENDOTHELIAL CELL PROLIFERATION%GOBP%GO:0001937	NEGATIVE REGULATION OF ENDOTHELIAL CELL PROLIFERATION%GOBP%GO:0001937		37	-0.37332642	-1.2916973	0.11811024	0.71374696	1.0	464	tags=11%, list=2%, signal=11%	
POSITIVE REGULATION OF DEFENSE RESPONSE TO VIRUS BY HOST%GOBP%GO:0002230	POSITIVE REGULATION OF DEFENSE RESPONSE TO VIRUS BY HOST%GOBP%GO:0002230		27	-0.41303745	-1.2901335	0.11885246	0.717547	1.0	5036	tags=37%, list=21%, signal=47%	
GSK3B-MEDIATED PROTEASOMAL DEGRADATION OF PD-L1(CD274)%REACTOME DATABASE ID RELEASE 95%9929356	GSK3B-MEDIATED PROTEASOMAL DEGRADATION OF PD-L1(CD274)%REACTOME DATABASE ID RELEASE 95%9929356		44	-0.3637816	-1.2899728	0.08108108	0.71542925	1.0	4658	tags=39%, list=19%, signal=48%	
NEURODEGENERATIVE DISEASES%REACTOME DATABASE ID RELEASE 95%8863678	NEURODEGENERATIVE DISEASES%REACTOME DATABASE ID RELEASE 95%8863678		20	-0.4389015	-1.288766	0.12944984	0.71751904	1.0	1481	tags=25%, list=6%, signal=27%	
REGULATION OF RUNX3 EXPRESSION AND ACTIVITY%REACTOME DATABASE ID RELEASE 95%8941858	REGULATION OF RUNX3 EXPRESSION AND ACTIVITY%REACTOME DATABASE ID RELEASE 95%8941858		45	-0.36653626	-1.2883056	0.08943089	0.7166662	1.0	4658	tags=40%, list=19%, signal=49%	
POSITIVE REGULATION OF ERAD PATHWAY%GOBP%GO:1904294	POSITIVE REGULATION OF ERAD PATHWAY%GOBP%GO:1904294		17	-0.4537178	-1.2861518	0.15666667	0.722501	1.0	4404	tags=35%, list=18%, signal=43%	
REGULATION OF PROTEIN MATURATION%GOBP%GO:1903317	REGULATION OF PROTEIN MATURATION%GOBP%GO:1903317		44	-0.36628586	-1.2859707	0.10344828	0.72046703	1.0	1648	tags=16%, list=7%, signal=17%	
NEGATIVE REGULATION OF RESPONSE TO ENDOPLASMIC RETICULUM STRESS%GOBP%GO:1903573	NEGATIVE REGULATION OF RESPONSE TO ENDOPLASMIC RETICULUM STRESS%GOBP%GO:1903573		43	-0.36473754	-1.2850522	0.105932206	0.72147363	1.0	2397	tags=21%, list=10%, signal=23%	
ENDOTHELIAL CELL DEVELOPMENT%GOBP%GO:0001885	ENDOTHELIAL CELL DEVELOPMENT%GOBP%GO:0001885		32	-0.3874922	-1.2845906	0.11151079	0.7207205	1.0	1418	tags=16%, list=6%, signal=17%	
MIR TARGETED GENES IN SQUAMOUS CELL%WIKIPATHWAYS_20260211%WP2006%HOMO SAPIENS	MIR TARGETED GENES IN SQUAMOUS CELL%WIKIPATHWAYS_20260211%WP2006%HOMO SAPIENS		105	-0.31039134	-1.284447	0.034965035	0.71862817	1.0	3017	tags=22%, list=12%, signal=25%	
NEGATIVE REGULATION OF BONE REMODELING%GOBP%GO:0046851	NEGATIVE REGULATION OF BONE REMODELING%GOBP%GO:0046851		15	-0.47654787	-1.2837635	0.15789473	0.7186561	1.0	1692	tags=33%, list=7%, signal=36%	
NUCLEOPHAGY%GOBP%GO:0044804	NUCLEOPHAGY%GOBP%GO:0044804		23	-0.4213915	-1.2806289	0.13780919	0.7284876	1.0	5929	tags=48%, list=24%, signal=63%	
15Q25 COPY NUMBER VARIATION%WIKIPATHWAYS_20260211%WP5408%HOMO SAPIENS	15Q25 COPY NUMBER VARIATION%WIKIPATHWAYS_20260211%WP5408%HOMO SAPIENS		36	-0.37533823	-1.2795223	0.11344538	0.7301836	1.0	1333	tags=17%, list=5%, signal=18%	
POSITIVE REGULATION OF PROTEIN MATURATION%GOBP%GO:1903319	POSITIVE REGULATION OF PROTEIN MATURATION%GOBP%GO:1903319		22	-0.4271055	-1.2792206	0.1360294	0.7286593	1.0	1648	tags=18%, list=7%, signal=19%	
22Q11 2 DISTAL CNV%WIKIPATHWAYS_20260211%WP5546%HOMO SAPIENS	22Q11 2 DISTAL CNV%WIKIPATHWAYS_20260211%WP5546%HOMO SAPIENS		115	-0.3040871	-1.2776304	0.024390243	0.73228985	1.0	3043	tags=19%, list=12%, signal=22%	
TYPE I COLLAGEN SYNTHESIS IN THE CONTEXT OF OSTEOGENESIS IMPERFECTA%WIKIPATHWAYS_20260211%WP4786%HOMO SAPIENS	TYPE I COLLAGEN SYNTHESIS IN THE CONTEXT OF OSTEOGENESIS IMPERFECTA%WIKIPATHWAYS_20260211%WP4786%HOMO SAPIENS		27	-0.40652224	-1.2766021	0.16974169	0.73378175	1.0	2093	tags=19%, list=9%, signal=20%	
THE ROLE OF GTSE1 IN G2 M PROGRESSION AFTER G2 CHECKPOINT%REACTOME DATABASE ID RELEASE 95%8852276	THE ROLE OF GTSE1 IN G2 M PROGRESSION AFTER G2 CHECKPOINT%REACTOME DATABASE ID RELEASE 95%8852276		47	-0.36371055	-1.2764962	0.06666667	0.73149186	1.0	4658	tags=40%, list=19%, signal=50%	
NEGATIVE REGULATION OF NEURON APOPTOTIC PROCESS%GOBP%GO:0043524	NEGATIVE REGULATION OF NEURON APOPTOTIC PROCESS%GOBP%GO:0043524		81	-0.31598216	-1.2738187	0.044585988	0.73973227	1.0	3510	tags=23%, list=14%, signal=27%	
DEREGULATED CDK5 TRIGGERS MULTIPLE NEURODEGENERATIVE PATHWAYS IN ALZHEIMER'S DISEASE MODELS%REACTOME DATABASE ID RELEASE 95%8862803	DEREGULATED CDK5 TRIGGERS MULTIPLE NEURODEGENERATIVE PATHWAYS IN ALZHEIMER'S DISEASE MODELS%REACTOME DATABASE ID RELEASE 95%8862803		20	-0.4389015	-1.2685288	0.14539006	0.75899494	1.0	1481	tags=25%, list=6%, signal=27%	
MAINTENANCE OF PROTEIN LOCALIZATION IN ORGANELLE%GOBP%GO:0072595	MAINTENANCE OF PROTEIN LOCALIZATION IN ORGANELLE%GOBP%GO:0072595		35	-0.3776896	-1.2678142	0.104761906	0.7592705	1.0	1999	tags=17%, list=8%, signal=19%	
CTNNB1 S45 MUTANTS AREN'T PHOSPHORYLATED%REACTOME%R-HSA-5358751.4	CTNNB1 S45 MUTANTS AREN'T PHOSPHORYLATED%REACTOME%R-HSA-5358751.4		15	-0.45840812	-1.2665399	0.15662651	0.7618579	1.0	3454	tags=40%, list=14%, signal=47%	
ASYMMETRIC LOCALIZATION OF PCP PROTEINS%REACTOME%R-HSA-4608870.3	ASYMMETRIC LOCALIZATION OF PCP PROTEINS%REACTOME%R-HSA-4608870.3		51	-0.3466921	-1.2661669	0.09045226	0.76061153	1.0	4409	tags=45%, list=18%, signal=55%	
REGULATION OF ENDOPLASMIC RETICULUM UNFOLDED PROTEIN RESPONSE%GOBP%GO:1900101	REGULATION OF ENDOPLASMIC RETICULUM UNFOLDED PROTEIN RESPONSE%GOBP%GO:1900101		31	-0.38574392	-1.2641009	0.12781955	0.76666015	1.0	2397	tags=23%, list=10%, signal=25%	
CTNNB1 T41 MUTANTS AREN'T PHOSPHORYLATED%REACTOME DATABASE ID RELEASE 95%5358752	CTNNB1 T41 MUTANTS AREN'T PHOSPHORYLATED%REACTOME DATABASE ID RELEASE 95%5358752		15	-0.45840812	-1.2640235	0.14826499	0.76420206	1.0	3454	tags=40%, list=14%, signal=47%	
PEPTIDE HORMONE SECRETION%GOBP%GO:0030072	PEPTIDE HORMONE SECRETION%GOBP%GO:0030072		31	-0.37577248	-1.2624683	0.1300813	0.76802385	1.0	3654	tags=29%, list=15%, signal=34%	
PROTEIN IMPORT INTO MITOCHONDRIAL MATRIX%GOBP%GO:0030150	PROTEIN IMPORT INTO MITOCHONDRIAL MATRIX%GOBP%GO:0030150		24	-0.40824938	-1.2602984	0.12313433	0.7743203	1.0	4585	tags=54%, list=19%, signal=67%	
EUKARYOTIC TRANSLATION TERMINATION%REACTOME%R-HSA-72764.6	EUKARYOTIC TRANSLATION TERMINATION%REACTOME%R-HSA-72764.6		92	-0.31701437	-1.2591693	0.054054055	0.7761613	1.0	6117	tags=36%, list=25%, signal=48%	
PROTEIN TARGETING%GOBP%GO:0006605	PROTEIN TARGETING%GOBP%GO:0006605		152	-0.28926876	-1.2585198	0.045045044	0.7762955	1.0	2888	tags=20%, list=12%, signal=23%	
SIGNALING BY GSK3BETA MUTANTS%REACTOME DATABASE ID RELEASE 95%5339716	SIGNALING BY GSK3BETA MUTANTS%REACTOME DATABASE ID RELEASE 95%5339716		15	-0.45840812	-1.2566538	0.16403785	0.7814963	1.0	3454	tags=40%, list=14%, signal=47%	
P53 PATHWAY BY GLUCOSE DEPRIVATION%PANTHER PATHWAY%P04397	P53 PATHWAY BY GLUCOSE DEPRIVATION%PANTHER PATHWAY%P04397		20	-0.43526348	-1.2553898	0.17153284	0.78407294	1.0	2839	tags=35%, list=12%, signal=40%	
REGULATION OF NEURON APOPTOTIC PROCESS%GOBP%GO:0043523	REGULATION OF NEURON APOPTOTIC PROCESS%GOBP%GO:0043523		135	-0.2962296	-1.254765	0.030927835	0.7841471	1.0	3510	tags=23%, list=14%, signal=27%	
MALONIC ACIDURIA%SMPDB%SMP0000198	MALONIC ACIDURIA%SMPDB%SMP0000198		18	-0.43580568	-1.2545276	0.18543047	0.7822941	1.0	840	tags=17%, list=3%, signal=17%	
REGULATION OF CELL-CELL ADHESION MEDIATED BY CADHERIN%GOBP%GO:2000047	REGULATION OF CELL-CELL ADHESION MEDIATED BY CADHERIN%GOBP%GO:2000047		20	-0.4250291	-1.2537446	0.16491228	0.7830534	1.0	4002	tags=35%, list=16%, signal=42%	
HALLMARK_ESTROGEN_RESPONSE_LATE%MSIGDBHALLMARK%HALLMARK_ESTROGEN_RESPONSE_LATE	HALLMARK_ESTROGEN_RESPONSE_LATE%MSIGDBHALLMARK%HALLMARK_ESTROGEN_RESPONSE_LATE		168	-0.28699824	-1.2533027	0.025	0.7822046	1.0	2648	tags=19%, list=11%, signal=21%	
PROTEIN DEMANNOSYLATION%GOBP%GO:0036507	PROTEIN DEMANNOSYLATION%GOBP%GO:0036507		15	-0.4588092	-1.2526575	0.17302053	0.78234136	1.0	4762	tags=47%, list=19%, signal=58%	
AUTODEGRADATION OF CDH1 BY CDH1:APC C%REACTOME DATABASE ID RELEASE 95%174084	AUTODEGRADATION OF CDH1 BY CDH1:APC C%REACTOME DATABASE ID RELEASE 95%174084		54	-0.33166564	-1.2521801	0.06153846	0.781816	1.0	4690	tags=41%, list=19%, signal=50%	
RESPONSE TO HEAT%GOBP%GO:0009408	RESPONSE TO HEAT%GOBP%GO:0009408		61	-0.33305553	-1.2514759	0.1005291	0.7819692	1.0	3441	tags=25%, list=14%, signal=29%	
POSITIVE REGULATION OF PURINE NUCLEOTIDE CATABOLIC PROCESS%GOBP%GO:0033123	POSITIVE REGULATION OF PURINE NUCLEOTIDE CATABOLIC PROCESS%GOBP%GO:0033123		20	-0.4293831	-1.2511942	0.16370107	0.7804779	1.0	3357	tags=35%, list=14%, signal=41%	
MITOCHONDRION LOCALIZATION%GOBP%GO:0051646	MITOCHONDRION LOCALIZATION%GOBP%GO:0051646		44	-0.3587238	-1.2505324	0.1040724	0.7805563	1.0	3402	tags=32%, list=14%, signal=37%	
SCF(SKP2)-MEDIATED DEGRADATION OF P27 P21%REACTOME%R-HSA-187577.5	SCF(SKP2)-MEDIATED DEGRADATION OF P27 P21%REACTOME%R-HSA-187577.5		50	-0.34442723	-1.2504745	0.087866105	0.7781388	1.0	4658	tags=38%, list=19%, signal=47%	
SURFACTANT METABOLISM%REACTOME DATABASE ID RELEASE 95%5683826	SURFACTANT METABOLISM%REACTOME DATABASE ID RELEASE 95%5683826		29	-0.3994866	-1.250133	0.16731517	0.7769271	1.0	4692	tags=34%, list=19%, signal=43%	
CELL DIFFERENTIATION EXPANDED INDEX%WIKIPATHWAYS_20260211%WP2023%HOMO SAPIENS	CELL DIFFERENTIATION EXPANDED INDEX%WIKIPATHWAYS_20260211%WP2023%HOMO SAPIENS		16	-0.45807472	-1.2491622	0.2	0.77817553	1.0	3618	tags=31%, list=15%, signal=37%	
AUTODEGRADATION OF THE E3 UBIQUITIN LIGASE COP1%REACTOME%R-HSA-349425.4	AUTODEGRADATION OF THE E3 UBIQUITIN LIGASE COP1%REACTOME%R-HSA-349425.4		39	-0.35765186	-1.2482871	0.14227642	0.7793399	1.0	4658	tags=41%, list=19%, signal=51%	
REGULATION OF UBIQUITIN-PROTEIN TRANSFERASE ACTIVITY%GOBP%GO:0051438	REGULATION OF UBIQUITIN-PROTEIN TRANSFERASE ACTIVITY%GOBP%GO:0051438		16	-0.4515803	-1.2472321	0.178125	0.7810399	1.0	3772	tags=25%, list=15%, signal=30%	
REGULATION OF RESPONSE TO ENDOPLASMIC RETICULUM STRESS%GOBP%GO:1905897	REGULATION OF RESPONSE TO ENDOPLASMIC RETICULUM STRESS%GOBP%GO:1905897		81	-0.30867344	-1.2470512	0.04918033	0.77919006	1.0	2397	tags=17%, list=10%, signal=19%	
ACTIVATION OF IRF3, IRF7 MEDIATED BY TBK1, IKKΕ (IKBKE)%REACTOME%R-HSA-936964.6	ACTIVATION OF IRF3, IRF7 MEDIATED BY TBK1, IKKΕ (IKBKE)%REACTOME%R-HSA-936964.6		17	-0.45365682	-1.2454127	0.16262975	0.7836745	1.0	2246	tags=29%, list=9%, signal=32%	
CELLULAR RESPONSE TO MISFOLDED PROTEIN%GOBP%GO:0071218	CELLULAR RESPONSE TO MISFOLDED PROTEIN%GOBP%GO:0071218		16	-0.4601977	-1.2445816	0.18787879	0.7845277	1.0	4137	tags=44%, list=17%, signal=53%	
PHENYTOIN (ANTIARRHYTHMIC) ACTION PATHWAY%PATHWHIZ%PW000380	PHENYTOIN (ANTIARRHYTHMIC) ACTION PATHWAY%PATHWHIZ%PW000380		69	-0.3222861	-1.2434723	0.13043478	0.7866486	1.0	2807	tags=20%, list=11%, signal=23%	
MALONYL-COA DECARBOXYLASE DEFICIENCY%PATHWHIZ%PW000478	MALONYL-COA DECARBOXYLASE DEFICIENCY%PATHWHIZ%PW000478		18	-0.43580568	-1.2430669	0.15436241	0.7856597	1.0	840	tags=17%, list=3%, signal=17%	
HALLMARK OF CANCER METASTASIS AND EPITHELIAL TO MESENCHYMAL TRANSITION%WIKIPATHWAYS_20260211%WP5469%HOMO SAPIENS	HALLMARK OF CANCER METASTASIS AND EPITHELIAL TO MESENCHYMAL TRANSITION%WIKIPATHWAYS_20260211%WP5469%HOMO SAPIENS		20	-0.4211	-1.242686	0.14035088	0.78470594	1.0	4825	tags=50%, list=20%, signal=62%	
POSITIVE REGULATION OF GLYCOLYTIC PROCESS%GOBP%GO:0045821	POSITIVE REGULATION OF GLYCOLYTIC PROCESS%GOBP%GO:0045821		20	-0.4293831	-1.2418389	0.16917293	0.7857994	1.0	3357	tags=35%, list=14%, signal=41%	
EXERCISE AND HYPERTROPHY IN SKELETAL MUSCLE%WIKIPATHWAYS_20260211%WP516%HOMO SAPIENS	EXERCISE AND HYPERTROPHY IN SKELETAL MUSCLE%WIKIPATHWAYS_20260211%WP516%HOMO SAPIENS		16	-0.44890058	-1.2417171	0.19242902	0.7837115	1.0	3796	tags=25%, list=15%, signal=30%	
METHYLMALONIC ACIDURIA DUE TO COBALAMIN-RELATED DISORDERS%PATHWHIZ%PW000208	METHYLMALONIC ACIDURIA DUE TO COBALAMIN-RELATED DISORDERS%PATHWHIZ%PW000208		18	-0.43580568	-1.241106	0.18149467	0.78365207	1.0	840	tags=17%, list=3%, signal=17%	
ANTIGEN PROCESSING: UB, ATP-INDEPENDENT PROTEASOMAL DEGRADATION%REACTOME DATABASE ID RELEASE 95%9912633	ANTIGEN PROCESSING: UB, ATP-INDEPENDENT PROTEASOMAL DEGRADATION%REACTOME DATABASE ID RELEASE 95%9912633		19	-0.43417433	-1.2405787	0.16722408	0.78330976	1.0	4658	tags=42%, list=19%, signal=52%	
P75NTR SIGNALS VIA NF-KB%REACTOME DATABASE ID RELEASE 95%193639	P75NTR SIGNALS VIA NF-KB%REACTOME DATABASE ID RELEASE 95%193639		16	-0.44326097	-1.2397654	0.19281046	0.7841133	1.0	505	tags=19%, list=2%, signal=19%	
RIBOSOME-ASSOCIATED QUALITY CONTROL%REACTOME%R-HSA-9948299.2	RIBOSOME-ASSOCIATED QUALITY CONTROL%REACTOME%R-HSA-9948299.2		141	-0.29030666	-1.239742	0.03846154	0.781661	1.0	5877	tags=36%, list=24%, signal=47%	
SYNTHESIS OF ACTIVE UBIQUITIN: ROLES OF E1 AND E2 ENZYMES%REACTOME DATABASE ID RELEASE 95%8866652	SYNTHESIS OF ACTIVE UBIQUITIN: ROLES OF E1 AND E2 ENZYMES%REACTOME DATABASE ID RELEASE 95%8866652		30	-0.37613714	-1.2384583	0.13688213	0.78454643	1.0	4816	tags=40%, list=20%, signal=50%	
PROPANOATE METABOLISM%SMPDB%SMP0000016	PROPANOATE METABOLISM%SMPDB%SMP0000016		18	-0.43580568	-1.2375789	0.21376811	0.7856098	1.0	840	tags=17%, list=3%, signal=17%	
METABOLIC REPROGRAMMING IN PANCREATIC CANCER%WIKIPATHWAYS_20260211%WP5220%HOMO SAPIENS	METABOLIC REPROGRAMMING IN PANCREATIC CANCER%WIKIPATHWAYS_20260211%WP5220%HOMO SAPIENS		27	-0.382707	-1.2375287	0.14901961	0.7833592	1.0	2047	tags=22%, list=8%, signal=24%	
REGULATION OF BONE REMODELING%GOBP%GO:0046850	REGULATION OF BONE REMODELING%GOBP%GO:0046850		42	-0.34739405	-1.236962	0.13127413	0.78320944	1.0	1692	tags=17%, list=7%, signal=18%	
FOXO-MEDIATED TRANSCRIPTION OF CELL DEATH GENES%REACTOME%R-HSA-9614657.2	FOXO-MEDIATED TRANSCRIPTION OF CELL DEATH GENES%REACTOME%R-HSA-9614657.2		16	-0.45267898	-1.236698	0.17747441	0.7817636	1.0	1481	tags=25%, list=6%, signal=27%	
CTNNB1 S33 MUTANTS AREN'T PHOSPHORYLATED%REACTOME DATABASE ID RELEASE 95%5358747	CTNNB1 S33 MUTANTS AREN'T PHOSPHORYLATED%REACTOME DATABASE ID RELEASE 95%5358747		15	-0.45840812	-1.2343141	0.19571866	0.7896536	1.0	3454	tags=40%, list=14%, signal=47%	
NEGATIVE REGULATION OF SIGNAL TRANSDUCTION BY P53 CLASS MEDIATOR%GOBP%GO:1901797	NEGATIVE REGULATION OF SIGNAL TRANSDUCTION BY P53 CLASS MEDIATOR%GOBP%GO:1901797		34	-0.3783478	-1.2338943	0.12145749	0.7889449	1.0	6114	tags=53%, list=25%, signal=70%	
POSITIVE REGULATION OF NUCLEOTIDE CATABOLIC PROCESS%GOBP%GO:0030813	POSITIVE REGULATION OF NUCLEOTIDE CATABOLIC PROCESS%GOBP%GO:0030813		20	-0.4293831	-1.2335232	0.16027875	0.7880024	1.0	3357	tags=35%, list=14%, signal=41%	
SKELETAL SYSTEM MORPHOGENESIS%GOBP%GO:0048705	SKELETAL SYSTEM MORPHOGENESIS%GOBP%GO:0048705		96	-0.3019615	-1.2327993	0.08108108	0.7885786	1.0	3883	tags=21%, list=16%, signal=25%	
INTRA-GOLGI AND RETROGRADE GOLGI-TO-ER TRAFFIC%REACTOME DATABASE ID RELEASE 95%6811442	INTRA-GOLGI AND RETROGRADE GOLGI-TO-ER TRAFFIC%REACTOME DATABASE ID RELEASE 95%6811442		185	-0.27367932	-1.2323459	0.023809524	0.78790617	1.0	3014	tags=23%, list=12%, signal=26%	
RIBOSOME ASSEMBLY%GOBP%GO:0042255	RIBOSOME ASSEMBLY%GOBP%GO:0042255		60	-0.32886022	-1.2321701	0.10810811	0.78621	1.0	2752	tags=22%, list=11%, signal=24%	
INTRINSIC APOPTOTIC SIGNALING PATHWAY IN RESPONSE TO ENDOPLASMIC RETICULUM STRESS%GOBP%GO:0070059	INTRINSIC APOPTOTIC SIGNALING PATHWAY IN RESPONSE TO ENDOPLASMIC RETICULUM STRESS%GOBP%GO:0070059		31	-0.3721436	-1.231425	0.14338236	0.7867983	1.0	2429	tags=19%, list=10%, signal=21%	
PROTEIN SYNTHESIS: METHIONINE%PATHWHIZ%PW112933	PROTEIN SYNTHESIS: METHIONINE%PATHWHIZ%PW112933		79	-0.30728102	-1.2313071	0.0855615	0.78482944	1.0	6023	tags=35%, list=25%, signal=47%	
PEPTIDE SECRETION%GOBP%GO:0002790	PEPTIDE SECRETION%GOBP%GO:0002790		31	-0.37577248	-1.2309825	0.16923077	0.783848	1.0	3654	tags=29%, list=15%, signal=34%	
DEGRADATION OF GLI2 BY THE PROTEASOME%REACTOME DATABASE ID RELEASE 95%5610783	DEGRADATION OF GLI2 BY THE PROTEASOME%REACTOME DATABASE ID RELEASE 95%5610783		47	-0.35130423	-1.2308489	0.1324201	0.78198326	1.0	4658	tags=38%, list=19%, signal=47%	
P53-INDEPENDENT G1 S DNA DAMAGE CHECKPOINT%REACTOME%R-HSA-69613.5	P53-INDEPENDENT G1 S DNA DAMAGE CHECKPOINT%REACTOME%R-HSA-69613.5		51	-0.3396095	-1.2303302	0.114832535	0.78166205	1.0	5378	tags=39%, list=22%, signal=50%	
DEFECTIVE B3GAT3 CAUSES JDSSDHD%REACTOME DATABASE ID RELEASE 95%3560801	DEFECTIVE B3GAT3 CAUSES JDSSDHD%REACTOME DATABASE ID RELEASE 95%3560801		20	-0.41060793	-1.2297399	0.1747212	0.78160316	1.0	647	tags=10%, list=3%, signal=10%	
NOTCH3 ACTIVATION AND TRANSMISSION OF SIGNAL TO THE NUCLEUS%REACTOME DATABASE ID RELEASE 95%9013507	NOTCH3 ACTIVATION AND TRANSMISSION OF SIGNAL TO THE NUCLEUS%REACTOME DATABASE ID RELEASE 95%9013507		25	-0.3923268	-1.2280289	0.18661971	0.786254	1.0	4743	tags=40%, list=19%, signal=50%	
UBIQUITIN-MEDIATED DEGRADATION OF PHOSPHORYLATED CDC25A%REACTOME%R-HSA-69601.6	UBIQUITIN-MEDIATED DEGRADATION OF PHOSPHORYLATED CDC25A%REACTOME%R-HSA-69601.6		51	-0.3396095	-1.2277616	0.1036036	0.78498656	1.0	5378	tags=39%, list=22%, signal=50%	
REGULATION OF EXPRESSION OF SLITS AND ROBOS%REACTOME%R-HSA-9010553.2	REGULATION OF EXPRESSION OF SLITS AND ROBOS%REACTOME%R-HSA-9010553.2		157	-0.28591433	-1.2266055	0.05882353	0.7873377	1.0	5877	tags=35%, list=24%, signal=46%	
GLYCOSAMINOGLYCAN-PROTEIN LINKAGE REGION BIOSYNTHESIS%REACTOME%R-HSA-1971475.6	GLYCOSAMINOGLYCAN-PROTEIN LINKAGE REGION BIOSYNTHESIS%REACTOME%R-HSA-1971475.6		29	-0.3789861	-1.2248635	0.16981132	0.79226094	1.0	660	tags=10%, list=3%, signal=11%	
NEGATIVE REGULATION OF TISSUE REMODELING%GOBP%GO:0034104	NEGATIVE REGULATION OF TISSUE REMODELING%GOBP%GO:0034104		17	-0.43822986	-1.2242796	0.18327974	0.79228723	1.0	1692	tags=29%, list=7%, signal=32%	
NEGATIVE REGULATION OF INTRACELLULAR PROTEIN TRANSPORT%GOBP%GO:0090317	NEGATIVE REGULATION OF INTRACELLULAR PROTEIN TRANSPORT%GOBP%GO:0090317		27	-0.3916619	-1.2238382	0.15140845	0.79180276	1.0	5329	tags=37%, list=22%, signal=47%	
RESPONSE TO STARVATION%GOBP%GO:0042594	RESPONSE TO STARVATION%GOBP%GO:0042594		170	-0.274666	-1.2222443	0.025974026	0.79630065	1.0	3724	tags=21%, list=15%, signal=24%	
DEGRADATION OF AXIN%REACTOME%R-HSA-4641257.3	DEGRADATION OF AXIN%REACTOME%R-HSA-4641257.3		42	-0.34866187	-1.2220587	0.14655173	0.79473025	1.0	4658	tags=38%, list=19%, signal=47%	
REGULATION OF INTRINSIC APOPTOTIC SIGNALING PATHWAY IN RESPONSE TO DNA DAMAGE BY P53 CLASS MEDIATOR%GOBP%GO:1902165	REGULATION OF INTRINSIC APOPTOTIC SIGNALING PATHWAY IN RESPONSE TO DNA DAMAGE BY P53 CLASS MEDIATOR%GOBP%GO:1902165		15	-0.44909263	-1.2203054	0.21515152	0.7995221	1.0	4825	tags=40%, list=20%, signal=50%	
REGULATION OF CARDIAC CONDUCTION%GOBP%GO:1903779	REGULATION OF CARDIAC CONDUCTION%GOBP%GO:1903779		23	-0.40408185	-1.2193508	0.16197184	0.8010902	1.0	598	tags=9%, list=2%, signal=9%	
PLATELET CALCIUM HOMEOSTASIS%REACTOME DATABASE ID RELEASE 95%418360	PLATELET CALCIUM HOMEOSTASIS%REACTOME DATABASE ID RELEASE 95%418360		28	-0.38320005	-1.2189763	0.19665273	0.8002808	1.0	2792	tags=25%, list=11%, signal=28%	
PROTEIN ALPHA-1,2-DEMANNOSYLATION%GOBP%GO:0036508	PROTEIN ALPHA-1,2-DEMANNOSYLATION%GOBP%GO:0036508		15	-0.4588092	-1.2188419	0.17378049	0.7985726	1.0	4762	tags=47%, list=19%, signal=58%	
CDK-MEDIATED PHOSPHORYLATION AND REMOVAL OF CDC6%REACTOME%R-HSA-69017.4	CDK-MEDIATED PHOSPHORYLATION AND REMOVAL OF CDC6%REACTOME%R-HSA-69017.4		60	-0.3311619	-1.2184378	0.0964467	0.7979486	1.0	4690	tags=42%, list=19%, signal=51%	
NOTCH2 ACTIVATION AND TRANSMISSION OF SIGNAL TO THE NUCLEUS%REACTOME%R-HSA-2979096.6	NOTCH2 ACTIVATION AND TRANSMISSION OF SIGNAL TO THE NUCLEUS%REACTOME%R-HSA-2979096.6		25	-0.39633065	-1.2180079	0.14946619	0.7974087	1.0	4743	tags=40%, list=19%, signal=50%	
BIOCARTA_NGF_PATHWAY%MSIGDB_C2%BIOCARTA_NGF_PATHWAY	BIOCARTA_NGF_PATHWAY%MSIGDB_C2%BIOCARTA_NGF_PATHWAY		17	-0.43907377	-1.2177544	0.18950437	0.796178	1.0	1334	tags=18%, list=5%, signal=19%	
EARLY SARS-COV-2 INFECTION EVENTS%REACTOME%R-HSA-9772572.4	EARLY SARS-COV-2 INFECTION EVENTS%REACTOME%R-HSA-9772572.4		37	-0.3558727	-1.217259	0.15416667	0.7958927	1.0	1865	tags=16%, list=8%, signal=18%	
DISEASES ASSOCIATED WITH GLYCOSAMINOGLYCAN METABOLISM%REACTOME%R-HSA-3560782.5	DISEASES ASSOCIATED WITH GLYCOSAMINOGLYCAN METABOLISM%REACTOME%R-HSA-3560782.5		40	-0.3564344	-1.2171369	0.14285715	0.7940877	1.0	1629	tags=18%, list=7%, signal=19%	
NEGATIVE REGULATION OF INTRINSIC APOPTOTIC SIGNALING PATHWAY BY P53 CLASS MEDIATOR%GOBP%GO:1902254	NEGATIVE REGULATION OF INTRINSIC APOPTOTIC SIGNALING PATHWAY BY P53 CLASS MEDIATOR%GOBP%GO:1902254		17	-0.43133557	-1.2163604	0.18481848	0.79481095	1.0	6114	tags=53%, list=25%, signal=71%	
GAP JUNCTION ASSEMBLY%REACTOME DATABASE ID RELEASE 95%190861	GAP JUNCTION ASSEMBLY%REACTOME DATABASE ID RELEASE 95%190861		19	-0.42176646	-1.2145582	0.19488817	0.8001944	1.0	4776	tags=21%, list=20%, signal=26%	
SCHWANN CELL DIFFERENTIATION%GOBP%GO:0014037	SCHWANN CELL DIFFERENTIATION%GOBP%GO:0014037		16	-0.43776736	-1.2138845	0.16768293	0.8006217	1.0	1938	tags=31%, list=8%, signal=34%	
HALLMARK_ANDROGEN_RESPONSE%MSIGDBHALLMARK%HALLMARK_ANDROGEN_RESPONSE	HALLMARK_ANDROGEN_RESPONSE%MSIGDBHALLMARK%HALLMARK_ANDROGEN_RESPONSE		70	-0.31434873	-1.2127069	0.104166664	0.80315554	1.0	2301	tags=21%, list=9%, signal=24%	
SIGNALING BY CTNNB1 PHOSPHO-SITE MUTANTS%REACTOME%R-HSA-4839743.5	SIGNALING BY CTNNB1 PHOSPHO-SITE MUTANTS%REACTOME%R-HSA-4839743.5		15	-0.45840812	-1.210256	0.1955836	0.8114205	1.0	3454	tags=40%, list=14%, signal=47%	
P38 SIGNALING MEDIATED BY MAPKAP KINASES%PATHWAY INTERACTION DATABASE NCI-NATURE CURATED DATA%P38 SIGNALING MEDIATED BY MAPKAP KINASES	P38 SIGNALING MEDIATED BY MAPKAP KINASES%PATHWAY INTERACTION DATABASE NCI-NATURE CURATED DATA%P38 SIGNALING MEDIATED BY MAPKAP KINASES		21	-0.406371	-1.2101076	0.16791044	0.8097908	1.0	1998	tags=19%, list=8%, signal=21%	
EUKARYOTIC TRANSLATION ELONGATION%REACTOME DATABASE ID RELEASE 95%156842	EUKARYOTIC TRANSLATION ELONGATION%REACTOME DATABASE ID RELEASE 95%156842		93	-0.29982555	-1.208657	0.06338028	0.8134142	1.0	6117	tags=37%, list=25%, signal=49%	
NEGATIVE REGULATION OF HORMONE SECRETION%GOBP%GO:0046888	NEGATIVE REGULATION OF HORMONE SECRETION%GOBP%GO:0046888		36	-0.3510511	-1.2084892	0.16049382	0.8118066	1.0	3298	tags=28%, list=13%, signal=32%	
BIOCARTA_CARDIACEGF_PATHWAY%MSIGDB_C2%BIOCARTA_CARDIACEGF_PATHWAY	BIOCARTA_CARDIACEGF_PATHWAY%MSIGDB_C2%BIOCARTA_CARDIACEGF_PATHWAY		16	-0.45866117	-1.2084844	0.17924528	0.8095164	1.0	1334	tags=13%, list=5%, signal=13%	
PCNA-DEPENDENT LONG PATCH BASE EXCISION REPAIR%REACTOME DATABASE ID RELEASE 95%5651801	PCNA-DEPENDENT LONG PATCH BASE EXCISION REPAIR%REACTOME DATABASE ID RELEASE 95%5651801		21	-0.4110089	-1.2078155	0.17391305	0.8098917	1.0	6550	tags=52%, list=27%, signal=71%	
P75(NTR)-MEDIATED SIGNALING%PATHWAY INTERACTION DATABASE NCI-NATURE CURATED DATA%P75(NTR)-MEDIATED SIGNALING	P75(NTR)-MEDIATED SIGNALING%PATHWAY INTERACTION DATABASE NCI-NATURE CURATED DATA%P75(NTR)-MEDIATED SIGNALING		68	-0.3183284	-1.2077167	0.12972973	0.807974	1.0	1481	tags=15%, list=6%, signal=16%	
N-CADHERIN SIGNALING EVENTS%PATHWAY INTERACTION DATABASE NCI-NATURE CURATED DATA%N-CADHERIN SIGNALING EVENTS	N-CADHERIN SIGNALING EVENTS%PATHWAY INTERACTION DATABASE NCI-NATURE CURATED DATA%N-CADHERIN SIGNALING EVENTS		34	-0.35885188	-1.2060169	0.16935484	0.8128169	1.0	3175	tags=26%, list=13%, signal=30%	
CELLULAR RESPONSE TO HYPOXIA%GOBP%GO:0071456	CELLULAR RESPONSE TO HYPOXIA%GOBP%GO:0071456		77	-0.31039947	-1.2054864	0.11333334	0.81270075	1.0	5051	tags=38%, list=21%, signal=47%	
REGULATION OF INTRACELLULAR PROTEIN TRANSPORT%GOBP%GO:0033157	REGULATION OF INTRACELLULAR PROTEIN TRANSPORT%GOBP%GO:0033157		118	-0.28247923	-1.2050017	0.05882353	0.81254166	1.0	2914	tags=18%, list=12%, signal=20%	
PROTEIN SYNTHESIS: ISOLEUCINE%SMPDB%SMP0111872	PROTEIN SYNTHESIS: ISOLEUCINE%SMPDB%SMP0111872		79	-0.30185392	-1.2041352	0.112426035	0.81393987	1.0	6023	tags=35%, list=25%, signal=47%	
VESICLE TARGETING, TO, FROM OR WITHIN GOLGI%GOBP%GO:0048199	VESICLE TARGETING, TO, FROM OR WITHIN GOLGI%GOBP%GO:0048199		29	-0.37569344	-1.2038429	0.17204301	0.81289685	1.0	912	tags=17%, list=4%, signal=18%	
DEFECTIVE B3GALT6 CAUSES EDSP2 AND SEMDJL1%REACTOME DATABASE ID RELEASE 95%4420332	DEFECTIVE B3GALT6 CAUSES EDSP2 AND SEMDJL1%REACTOME DATABASE ID RELEASE 95%4420332		20	-0.41032434	-1.2031934	0.2038835	0.81353396	1.0	647	tags=10%, list=3%, signal=10%	
ATM PATHWAY%PATHWAY INTERACTION DATABASE NCI-NATURE CURATED DATA%ATM PATHWAY	ATM PATHWAY%PATHWAY INTERACTION DATABASE NCI-NATURE CURATED DATA%ATM PATHWAY		34	-0.36029738	-1.2021223	0.16444445	0.8157265	1.0	357	tags=9%, list=1%, signal=9%	
PID_S1P_S1P2_PATHWAY%MSIGDB_C2%PID_S1P_S1P2_PATHWAY	PID_S1P_S1P2_PATHWAY%MSIGDB_C2%PID_S1P_S1P2_PATHWAY		18	-0.41705418	-1.2020799	0.2012987	0.81366897	1.0	1334	tags=17%, list=5%, signal=18%	
RRNA MODIFICATION IN THE NUCLEUS AND CYTOSOL%REACTOME%R-HSA-6790901.6	RRNA MODIFICATION IN THE NUCLEUS AND CYTOSOL%REACTOME%R-HSA-6790901.6		60	-0.32062525	-1.2017132	0.110526316	0.81301886	1.0	4662	tags=42%, list=19%, signal=51%	
CELLULAR RESPONSE TO STARVATION%GOBP%GO:0009267	CELLULAR RESPONSE TO STARVATION%GOBP%GO:0009267		148	-0.27746505	-1.2000186	0.077586204	0.81801057	1.0	2846	tags=16%, list=12%, signal=17%	
BIOCARTA_INSULIN_PATHWAY%MSIGDB_C2%BIOCARTA_INSULIN_PATHWAY	BIOCARTA_INSULIN_PATHWAY%MSIGDB_C2%BIOCARTA_INSULIN_PATHWAY		17	-0.4270836	-1.199641	0.22006473	0.8174329	1.0	1717	tags=24%, list=7%, signal=25%	
NEGATIVE REGULATION OF APOPTOTIC SIGNALING PATHWAY%GOBP%GO:2001234	NEGATIVE REGULATION OF APOPTOTIC SIGNALING PATHWAY%GOBP%GO:2001234		162	-0.27258313	-1.1993401	0.034883723	0.8165935	1.0	3087	tags=20%, list=13%, signal=23%	
PROTEIN SYNTHESIS: GLUTAMIC ACID%PATHWHIZ%PW112922	PROTEIN SYNTHESIS: GLUTAMIC ACID%PATHWHIZ%PW112922		79	-0.3040437	-1.1990169	0.11891892	0.8156893	1.0	6023	tags=35%, list=25%, signal=47%	
REGULATION OF DEFENSE RESPONSE TO VIRUS BY HOST%GOBP%GO:0050691	REGULATION OF DEFENSE RESPONSE TO VIRUS BY HOST%GOBP%GO:0050691		36	-0.351877	-1.1976218	0.16911764	0.81945235	1.0	5036	tags=33%, list=21%, signal=42%	
POSITIVE REGULATION OF TRANSLATIONAL INITIATION%GOBP%GO:0045948	POSITIVE REGULATION OF TRANSLATIONAL INITIATION%GOBP%GO:0045948		32	-0.370404	-1.1971217	0.19259259	0.819253	1.0	3400	tags=34%, list=14%, signal=40%	
DEGRADATION OF GLI1 BY THE PROTEASOME%REACTOME DATABASE ID RELEASE 95%5610780	DEGRADATION OF GLI1 BY THE PROTEASOME%REACTOME DATABASE ID RELEASE 95%5610780		47	-0.33383814	-1.196436	0.14473684	0.81991655	1.0	4658	tags=36%, list=19%, signal=45%	
ENTEROENDOCRINE CELL DIFFERENTIATION%GOBP%GO:0035883	ENTEROENDOCRINE CELL DIFFERENTIATION%GOBP%GO:0035883		16	-0.42966667	-1.1959575	0.189441	0.81974214	1.0	1590	tags=13%, list=6%, signal=13%	
PROTEIN SYNTHESIS: PHENYLALANINE%PATHWHIZ%PW112934	PROTEIN SYNTHESIS: PHENYLALANINE%PATHWHIZ%PW112934		80	-0.30347407	-1.1949502	0.116959065	0.8218135	1.0	6023	tags=35%, list=25%, signal=46%	
LINOLEIC ACID METABOLIC PROCESS%GOBP%GO:0043651	LINOLEIC ACID METABOLIC PROCESS%GOBP%GO:0043651		19	-0.40769425	-1.1948109	0.20588236	0.8202119	1.0	2426	tags=32%, list=10%, signal=35%	
NEUTRAL AMINO ACID TRANSPORT%GOBP%GO:0015804	NEUTRAL AMINO ACID TRANSPORT%GOBP%GO:0015804		43	-0.3347484	-1.1935574	0.18777293	0.8235498	1.0	1702	tags=21%, list=7%, signal=22%	
REGULATION OF PD-L1(CD274) EXPRESSION%REACTOME%R-HSA-9909648.1	REGULATION OF PD-L1(CD274) EXPRESSION%REACTOME%R-HSA-9909648.1		162	-0.27177867	-1.1933763	0.072289154	0.8221333	1.0	2925	tags=22%, list=12%, signal=24%	
REGULATION OF ER TO GOLGI VESICLE-MEDIATED TRANSPORT%GOBP%GO:0060628	REGULATION OF ER TO GOLGI VESICLE-MEDIATED TRANSPORT%GOBP%GO:0060628		20	-0.4050842	-1.1931705	0.20875421	0.8208221	1.0	5419	tags=45%, list=22%, signal=58%	
17P13 3 YWHAE COPY NUMBER VARIATION%WIKIPATHWAYS_20260211%WP5376%HOMO SAPIENS	17P13 3 YWHAE COPY NUMBER VARIATION%WIKIPATHWAYS_20260211%WP5376%HOMO SAPIENS		17	-0.4241154	-1.1928642	0.21682848	0.81989944	1.0	1286	tags=24%, list=5%, signal=25%	
PROTEIN SYNTHESIS: PROLINE%PATHWHIZ%PW113695	PROTEIN SYNTHESIS: PROLINE%PATHWHIZ%PW113695		79	-0.3040437	-1.1911882	0.13939394	0.82460016	1.0	6023	tags=35%, list=25%, signal=47%	
PROTEIN SYNTHESIS: ASPARAGINE%SMPDB%SMP0111854	PROTEIN SYNTHESIS: ASPARAGINE%SMPDB%SMP0111854		79	-0.300448	-1.1897739	0.122340426	0.8285668	1.0	6023	tags=35%, list=25%, signal=47%	
GLI3 IS PROCESSED TO GLI3R BY THE PROTEASOME%REACTOME%R-HSA-5610785.2	GLI3 IS PROCESSED TO GLI3R BY THE PROTEASOME%REACTOME%R-HSA-5610785.2		47	-0.34005594	-1.1896598	0.15813954	0.8268134	1.0	4658	tags=36%, list=19%, signal=45%	
REGULATION OF INTRINSIC APOPTOTIC SIGNALING PATHWAY BY P53 CLASS MEDIATOR%GOBP%GO:1902253	REGULATION OF INTRINSIC APOPTOTIC SIGNALING PATHWAY BY P53 CLASS MEDIATOR%GOBP%GO:1902253		24	-0.3889572	-1.1890372	0.20905924	0.8272264	1.0	6114	tags=46%, list=25%, signal=61%	
REGULATION OF LYSOSOMAL LUMEN PH%GOBP%GO:0035751	REGULATION OF LYSOSOMAL LUMEN PH%GOBP%GO:0035751		29	-0.36836457	-1.1889344	0.16030534	0.8254765	1.0	3379	tags=34%, list=14%, signal=40%	
RRNA PROCESSING IN THE NUCLEUS AND CYTOSOL%REACTOME%R-HSA-8868773.5	RRNA PROCESSING IN THE NUCLEUS AND CYTOSOL%REACTOME%R-HSA-8868773.5		192	-0.25929555	-1.1884518	0.0125	0.8252844	1.0	5047	tags=31%, list=21%, signal=38%	
REGULATION OF RUFFLE ASSEMBLY%GOBP%GO:1900027	REGULATION OF RUFFLE ASSEMBLY%GOBP%GO:1900027		24	-0.38602614	-1.1882454	0.21348314	0.82398826	1.0	2196	tags=17%, list=9%, signal=18%	
DEFECTIVE INTRINSIC PATHWAY FOR APOPTOSIS%REACTOME DATABASE ID RELEASE 95%9734009	DEFECTIVE INTRINSIC PATHWAY FOR APOPTOSIS%REACTOME DATABASE ID RELEASE 95%9734009		23	-0.3928969	-1.1866602	0.21481481	0.82839745	1.0	1481	tags=22%, list=6%, signal=23%	
PROTEIN SYNTHESIS: THREONINE%PATHWHIZ%PW120525	PROTEIN SYNTHESIS: THREONINE%PATHWHIZ%PW120525		79	-0.2946489	-1.1861055	0.12101911	0.8285374	1.0	6023	tags=35%, list=25%, signal=47%	
SUPERPATHWAY OF PYRIMIDINE DEOXYRIBONUCLEOSIDE SALVAGE%BIOCYC%PWY-7200	SUPERPATHWAY OF PYRIMIDINE DEOXYRIBONUCLEOSIDE SALVAGE%BIOCYC%PWY-7200		15	-0.42841145	-1.1857116	0.251634	0.8281867	1.0	2123	tags=20%, list=9%, signal=22%	
RESPONSE TO ALKALOID%GOBP%GO:0043279	RESPONSE TO ALKALOID%GOBP%GO:0043279		24	-0.37562534	-1.1852579	0.20754717	0.82805085	1.0	938	tags=17%, list=4%, signal=17%	
NEURON CELLULAR HOMEOSTASIS%GOBP%GO:0070050	NEURON CELLULAR HOMEOSTASIS%GOBP%GO:0070050		25	-0.38461718	-1.185113	0.19615385	0.8264796	1.0	4294	tags=36%, list=18%, signal=44%	
BMP RECEPTOR SIGNALING%PATHWAY INTERACTION DATABASE NCI-NATURE CURATED DATA%BMP RECEPTOR SIGNALING	BMP RECEPTOR SIGNALING%PATHWAY INTERACTION DATABASE NCI-NATURE CURATED DATA%BMP RECEPTOR SIGNALING		41	-0.3460973	-1.184568	0.17061612	0.8266151	1.0	1097	tags=15%, list=4%, signal=15%	
INTERACTION BETWEEN L1 AND ANKYRINS%REACTOME DATABASE ID RELEASE 95%445095	INTERACTION BETWEEN L1 AND ANKYRINS%REACTOME DATABASE ID RELEASE 95%445095		29	-0.36620477	-1.1845578	0.18214285	0.8245387	1.0	2263	tags=24%, list=9%, signal=27%	
REGULATION OF NUCLEAR-TRANSCRIBED MRNA CATABOLIC PROCESS, DEADENYLATION-DEPENDENT DECAY%GOBP%GO:1900151	REGULATION OF NUCLEAR-TRANSCRIBED MRNA CATABOLIC PROCESS, DEADENYLATION-DEPENDENT DECAY%GOBP%GO:1900151		24	-0.3907414	-1.1833725	0.20152092	0.82749087	1.0	3853	tags=33%, list=16%, signal=40%	
POSITIVE REGULATION OF INTRACELLULAR PROTEIN TRANSPORT%GOBP%GO:0090316	POSITIVE REGULATION OF INTRACELLULAR PROTEIN TRANSPORT%GOBP%GO:0090316		79	-0.3042016	-1.1829398	0.1446541	0.8272127	1.0	2857	tags=19%, list=12%, signal=21%	
FORMATION OF THE URETERIC BUD%REACTOME DATABASE ID RELEASE 95%9830674	FORMATION OF THE URETERIC BUD%REACTOME DATABASE ID RELEASE 95%9830674		21	-0.40785757	-1.1805633	0.20666666	0.8354377	1.0	3108	tags=24%, list=13%, signal=27%	
NUCLEOTIDE-SUGAR BIOSYNTHETIC PROCESS%GOBP%GO:0009226	NUCLEOTIDE-SUGAR BIOSYNTHETIC PROCESS%GOBP%GO:0009226		26	-0.3716203	-1.1779567	0.20437956	0.84468085	1.0	1867	tags=19%, list=8%, signal=21%	
RIBOSOME QUALITY CONTROL (RQC) COMPLEX EXTRACTS AND DEGRADES NASCENT PEPTIDE%REACTOME%R-HSA-9954709.2	RIBOSOME QUALITY CONTROL (RQC) COMPLEX EXTRACTS AND DEGRADES NASCENT PEPTIDE%REACTOME%R-HSA-9954709.2		101	-0.29213804	-1.1772048	0.12328767	0.8456585	1.0	4706	tags=29%, list=19%, signal=35%	
NEGATIVE REGULATION OF UBIQUITIN-DEPENDENT PROTEIN CATABOLIC PROCESS%GOBP%GO:2000059	NEGATIVE REGULATION OF UBIQUITIN-DEPENDENT PROTEIN CATABOLIC PROCESS%GOBP%GO:2000059		52	-0.32382318	-1.1766071	0.16509435	0.8462792	1.0	5652	tags=37%, list=23%, signal=47%	
AMINO ACID IMPORT ACROSS PLASMA MEMBRANE%GOBP%GO:0089718	AMINO ACID IMPORT ACROSS PLASMA MEMBRANE%GOBP%GO:0089718		38	-0.34192964	-1.1758491	0.1694215	0.8474081	1.0	1702	tags=18%, list=7%, signal=20%	
INTERMEDIATE FILAMENT CYTOSKELETON ORGANIZATION%GOBP%GO:0045104	INTERMEDIATE FILAMENT CYTOSKELETON ORGANIZATION%GOBP%GO:0045104		84	-0.29113203	-1.1750736	0.16774194	0.8485531	1.0	2803	tags=17%, list=11%, signal=19%	
SEALING OF THE NUCLEAR ENVELOPE (NE) BY ESCRT-III%REACTOME%R-HSA-9668328.2	SEALING OF THE NUCLEAR ENVELOPE (NE) BY ESCRT-III%REACTOME%R-HSA-9668328.2		32	-0.3598517	-1.1742676	0.18081181	0.8498255	1.0	4821	tags=28%, list=20%, signal=35%	
PROTEASOMAL UBIQUITIN-INDEPENDENT PROTEIN CATABOLIC PROCESS%GOBP%GO:0010499	PROTEASOMAL UBIQUITIN-INDEPENDENT PROTEIN CATABOLIC PROCESS%GOBP%GO:0010499		19	-0.40581062	-1.1734161	0.22996515	0.8514675	1.0	4658	tags=42%, list=19%, signal=52%	
DNA IR DAMAGE AND CELLULAR RESPONSE VIA ATR%WIKIPATHWAYS_20260211%WP4016%HOMO SAPIENS	DNA IR DAMAGE AND CELLULAR RESPONSE VIA ATR%WIKIPATHWAYS_20260211%WP4016%HOMO SAPIENS		69	-0.3040656	-1.1719524	0.14102565	0.8556054	1.0	2139	tags=17%, list=9%, signal=19%	
HAIR FOLLICLE DEVELOPMENT CYTODIFFERENTIATION STAGE 3 OF 3%WIKIPATHWAYS_20260211%WP2840%HOMO SAPIENS	HAIR FOLLICLE DEVELOPMENT CYTODIFFERENTIATION STAGE 3 OF 3%WIKIPATHWAYS_20260211%WP2840%HOMO SAPIENS		78	-0.30161124	-1.1713946	0.14583333	0.8559012	1.0	2593	tags=23%, list=11%, signal=26%	
VALIDATED TRANSCRIPTIONAL TARGETS OF AP1 FAMILY MEMBERS FRA1 AND FRA2%PATHWAY INTERACTION DATABASE NCI-NATURE CURATED DATA%VALIDATED TRANSCRIPTIONAL TARGETS OF AP1 FAMILY MEMBERS FRA1 AND FRA2	VALIDATED TRANSCRIPTIONAL TARGETS OF AP1 FAMILY MEMBERS FRA1 AND FRA2%PATHWAY INTERACTION DATABASE NCI-NATURE CURATED DATA%VALIDATED TRANSCRIPTIONAL TARGETS OF AP1 FAMILY MEMBERS FRA1 AND FRA2		37	-0.34626976	-1.1707785	0.18779343	0.856532	1.0	2429	tags=19%, list=10%, signal=21%	
TRNA WOBBLE BASE MODIFICATION%GOBP%GO:0002097	TRNA WOBBLE BASE MODIFICATION%GOBP%GO:0002097		27	-0.3766228	-1.1698953	0.22183098	0.8583656	1.0	2698	tags=33%, list=11%, signal=37%	
FORMATION OF TUBULIN FOLDING INTERMEDIATES BY CCT TRIC%REACTOME%R-HSA-389960.4	FORMATION OF TUBULIN FOLDING INTERMEDIATES BY CCT TRIC%REACTOME%R-HSA-389960.4		26	-0.37382922	-1.1697099	0.20446096	0.8571087	1.0	4821	tags=42%, list=20%, signal=53%	
NEGATIVE REGULATION OF OSSIFICATION%GOBP%GO:0030279	NEGATIVE REGULATION OF OSSIFICATION%GOBP%GO:0030279		34	-0.3509538	-1.1689162	0.16791044	0.8585668	1.0	4636	tags=41%, list=19%, signal=51%	
OXIDATIVE STRESS RESPONSE%PANTHER PATHWAY%P00046	OXIDATIVE STRESS RESPONSE%PANTHER PATHWAY%P00046		22	-0.39008552	-1.1682576	0.207483	0.8595294	1.0	863	tags=14%, list=4%, signal=14%	
SIGNALING BY NTRKS%REACTOME DATABASE ID RELEASE 95%166520	SIGNALING BY NTRKS%REACTOME DATABASE ID RELEASE 95%166520		130	-0.27697286	-1.1666759	0.13265306	0.8643731	1.0	3454	tags=19%, list=14%, signal=22%	
CELLULAR RESPONSE TO DECREASED OXYGEN LEVELS%GOBP%GO:0036294	CELLULAR RESPONSE TO DECREASED OXYGEN LEVELS%GOBP%GO:0036294		80	-0.29922733	-1.16658	0.1590909	0.8626679	1.0	5051	tags=36%, list=21%, signal=46%	
INTERMEDIATE FILAMENT-BASED PROCESS%GOBP%GO:0045103	INTERMEDIATE FILAMENT-BASED PROCESS%GOBP%GO:0045103		85	-0.2902778	-1.1665491	0.12738854	0.86068916	1.0	2803	tags=16%, list=11%, signal=19%	
REGULATION OF APOPTOSIS%REACTOME DATABASE ID RELEASE 95%169911	REGULATION OF APOPTOSIS%REACTOME DATABASE ID RELEASE 95%169911		40	-0.34292153	-1.1659011	0.16862746	0.8615435	1.0	4658	tags=40%, list=19%, signal=49%	
NEGATIVE REGULATION OF PROTEASOMAL UBIQUITIN-DEPENDENT PROTEIN CATABOLIC PROCESS%GOBP%GO:0032435	NEGATIVE REGULATION OF PROTEASOMAL UBIQUITIN-DEPENDENT PROTEIN CATABOLIC PROCESS%GOBP%GO:0032435		39	-0.3530012	-1.1655309	0.21991701	0.8611461	1.0	6230	tags=44%, list=25%, signal=58%	
CS-GAG BIOSYNTHESIS%REACTOME DATABASE ID RELEASE 95%2022870	CS-GAG BIOSYNTHESIS%REACTOME DATABASE ID RELEASE 95%2022870		20	-0.39543712	-1.1645571	0.21985815	0.86336064	1.0	954	tags=15%, list=4%, signal=16%	
SELENIUM MICRONUTRIENT NETWORK%WIKIPATHWAYS_20260211%WP15%HOMO SAPIENS	SELENIUM MICRONUTRIENT NETWORK%WIKIPATHWAYS_20260211%WP15%HOMO SAPIENS		63	-0.30682302	-1.1641498	0.16	0.86301094	1.0	1982	tags=13%, list=8%, signal=14%	
VALIDATED TARGETS OF C-MYC TRANSCRIPTIONAL ACTIVATION%PATHWAY INTERACTION DATABASE NCI-NATURE CURATED DATA%VALIDATED TARGETS OF C-MYC TRANSCRIPTIONAL ACTIVATION	VALIDATED TARGETS OF C-MYC TRANSCRIPTIONAL ACTIVATION%PATHWAY INTERACTION DATABASE NCI-NATURE CURATED DATA%VALIDATED TARGETS OF C-MYC TRANSCRIPTIONAL ACTIVATION		79	-0.296588	-1.1634116	0.1626506	0.8643607	1.0	4959	tags=38%, list=20%, signal=47%	
REGULATION OF CARDIOCYTE DIFFERENTIATION%GOBP%GO:1905207	REGULATION OF CARDIOCYTE DIFFERENTIATION%GOBP%GO:1905207		21	-0.38843593	-1.1617012	0.23684211	0.8698371	1.0	3757	tags=29%, list=15%, signal=34%	
REGULATION OF ERYTHROCYTE DIFFERENTIATION%GOBP%GO:0045646	REGULATION OF ERYTHROCYTE DIFFERENTIATION%GOBP%GO:0045646		38	-0.34424946	-1.1608317	0.18636364	0.87148106	1.0	970	tags=13%, list=4%, signal=14%	
NUCLEUS LOCALIZATION%GOBP%GO:0051647	NUCLEUS LOCALIZATION%GOBP%GO:0051647		25	-0.37066576	-1.1595762	0.2112676	0.8749192	1.0	2689	tags=20%, list=11%, signal=22%	
NEGATIVE REGULATION OF NOTCH SIGNALING PATHWAY%GOBP%GO:0045746	NEGATIVE REGULATION OF NOTCH SIGNALING PATHWAY%GOBP%GO:0045746		29	-0.36584324	-1.1585371	0.23381294	0.87755287	1.0	2396	tags=21%, list=10%, signal=23%	
INTEGRATED STRESS RESPONSE SIGNALING%GOBP%GO:0140467	INTEGRATED STRESS RESPONSE SIGNALING%GOBP%GO:0140467		37	-0.33758715	-1.1578735	0.20238096	0.8783274	1.0	5312	tags=32%, list=22%, signal=41%	
PROTEIN SYNTHESIS: TYROSINE%PATHWHIZ%PW120527	PROTEIN SYNTHESIS: TYROSINE%PATHWHIZ%PW120527		79	-0.29260603	-1.1577624	0.15028901	0.8767638	1.0	6023	tags=35%, list=25%, signal=47%	
ZNF598 AND THE RIBOSOME-ASSOCIATED QUALITY TRIGGER (RQT) COMPLEX DISSOCIATE A RIBOSOME STALLED ON A NO-GO MRNA%REACTOME DATABASE ID RELEASE 95%9954716	ZNF598 AND THE RIBOSOME-ASSOCIATED QUALITY TRIGGER (RQT) COMPLEX DISSOCIATE A RIBOSOME STALLED ON A NO-GO MRNA%REACTOME DATABASE ID RELEASE 95%9954716		95	-0.28847915	-1.1574243	0.1589404	0.87621546	1.0	6117	tags=36%, list=25%, signal=48%	
RRNA TRANSCRIPTION%GOBP%GO:0009303	RRNA TRANSCRIPTION%GOBP%GO:0009303		29	-0.3518579	-1.1569399	0.23825504	0.87628835	1.0	6370	tags=45%, list=26%, signal=61%	
CELLULAR RESPONSE TO HYPOXIA%REACTOME DATABASE ID RELEASE 95%1234174	CELLULAR RESPONSE TO HYPOXIA%REACTOME DATABASE ID RELEASE 95%1234174		62	-0.30536687	-1.1567434	0.11956522	0.8750978	1.0	4690	tags=32%, list=19%, signal=40%	
ACTIVATION OF MATRIX METALLOPROTEINASES%REACTOME DATABASE ID RELEASE 95%1592389	ACTIVATION OF MATRIX METALLOPROTEINASES%REACTOME DATABASE ID RELEASE 95%1592389		33	-0.3507115	-1.1561592	0.20306513	0.87571293	1.0	1375	tags=15%, list=6%, signal=16%	
WNT5A-DEPENDENT INTERNALIZATION OF FZD4%REACTOME%R-HSA-5099900.2	WNT5A-DEPENDENT INTERNALIZATION OF FZD4%REACTOME%R-HSA-5099900.2		15	-0.42545888	-1.1554976	0.25786164	0.8764283	1.0	1796	tags=20%, list=7%, signal=22%	
ID%IOB%ID	ID%IOB%ID		17	-0.408932	-1.1550506	0.2611465	0.8764361	1.0	4563	tags=35%, list=19%, signal=43%	
CELL DIFFERENTIATION IN SPINAL CORD%GOBP%GO:0021515	CELL DIFFERENTIATION IN SPINAL CORD%GOBP%GO:0021515		15	-0.4232615	-1.1545802	0.26268658	0.8764595	1.0	1294	tags=20%, list=5%, signal=21%	
EXPORT ACROSS PLASMA MEMBRANE%GOBP%GO:0140115	EXPORT ACROSS PLASMA MEMBRANE%GOBP%GO:0140115		63	-0.30439934	-1.1530637	0.18905473	0.88107944	1.0	2772	tags=19%, list=11%, signal=21%	
PCP CE PATHWAY%REACTOME%R-HSA-4086400.4	PCP CE PATHWAY%REACTOME%R-HSA-4086400.4		79	-0.29121587	-1.1522683	0.15923567	0.8826026	1.0	4658	tags=35%, list=19%, signal=44%	
VESICLE COATING%GOBP%GO:0006901	VESICLE COATING%GOBP%GO:0006901		35	-0.3369924	-1.1520463	0.20816326	0.881525	1.0	2308	tags=20%, list=9%, signal=22%	
MAGNESIUM ION TRANSPORT%GOBP%GO:0015693	MAGNESIUM ION TRANSPORT%GOBP%GO:0015693		17	-0.413322	-1.150069	0.26578072	0.88808155	1.0	2947	tags=24%, list=12%, signal=27%	
PROTEIN INSERTION INTO ER MEMBRANE%GOBP%GO:0045048	PROTEIN INSERTION INTO ER MEMBRANE%GOBP%GO:0045048		31	-0.3493186	-1.1492382	0.22556391	0.8897954	1.0	5069	tags=45%, list=21%, signal=57%	
CEREBELLAR CORTEX DEVELOPMENT%GOBP%GO:0021695	CEREBELLAR CORTEX DEVELOPMENT%GOBP%GO:0021695		19	-0.39671364	-1.1486006	0.26143792	0.89061135	1.0	4315	tags=47%, list=18%, signal=57%	
REGULATION OF APC C ACTIVATORS BETWEEN G1 S AND EARLY ANAPHASE%REACTOME DATABASE ID RELEASE 95%176408	REGULATION OF APC C ACTIVATORS BETWEEN G1 S AND EARLY ANAPHASE%REACTOME DATABASE ID RELEASE 95%176408		68	-0.29558104	-1.1484616	0.17514125	0.8892118	1.0	4690	tags=35%, list=19%, signal=44%	
OBSOLETE PROTEIN TARGETING TO MITOCHONDRION%GOBP%GO:0006626	OBSOLETE PROTEIN TARGETING TO MITOCHONDRION%GOBP%GO:0006626		26	-0.37027657	-1.147122	0.24632353	0.8932447	1.0	3030	tags=27%, list=12%, signal=31%	
MITOTIC CHROMOSOME CONDENSATION%GOBP%GO:0007076	MITOTIC CHROMOSOME CONDENSATION%GOBP%GO:0007076		16	-0.4170629	-1.1467633	0.2862069	0.89293444	1.0	5631	tags=56%, list=23%, signal=73%	
OLIGODENDROCYTE SPECIFICATION AND DIFFERENTIATION LEADING TO MYELIN COMPONENTS FOR CNS%WIKIPATHWAYS_20260211%WP4304%HOMO SAPIENS	OLIGODENDROCYTE SPECIFICATION AND DIFFERENTIATION LEADING TO MYELIN COMPONENTS FOR CNS%WIKIPATHWAYS_20260211%WP4304%HOMO SAPIENS		26	-0.36519778	-1.1458362	0.21317829	0.89508855	1.0	2040	tags=15%, list=8%, signal=17%	
AFFECTED PATHWAYS IN DUCHENNE MUSCULAR DYSTROPHY%WIKIPATHWAYS_20260211%WP5356%HOMO SAPIENS	AFFECTED PATHWAYS IN DUCHENNE MUSCULAR DYSTROPHY%WIKIPATHWAYS_20260211%WP5356%HOMO SAPIENS		59	-0.3033656	-1.1449394	0.19251336	0.89709306	1.0	3872	tags=31%, list=16%, signal=36%	
APC:CDC20 MEDIATED DEGRADATION OF CELL CYCLE PROTEINS PRIOR TO SATISFATION OF THE CELL CYCLE CHECKPOINT%REACTOME DATABASE ID RELEASE 95%179419	APC:CDC20 MEDIATED DEGRADATION OF CELL CYCLE PROTEINS PRIOR TO SATISFATION OF THE CELL CYCLE CHECKPOINT%REACTOME DATABASE ID RELEASE 95%179419		61	-0.30586505	-1.1448328	0.17307693	0.89554745	1.0	4690	tags=38%, list=19%, signal=47%	
PROTEIN SYNTHESIS: LYSINE%SMPDB%SMP0111874	PROTEIN SYNTHESIS: LYSINE%SMPDB%SMP0111874		79	-0.29552537	-1.1439872	0.14285715	0.8973461	1.0	6023	tags=35%, list=25%, signal=47%	
IRAK2 MEDIATED ACTIVATION OF TAK1 COMPLEX UPON TLR7 8 OR 9 STIMULATION%REACTOME%R-HSA-975163.3	IRAK2 MEDIATED ACTIVATION OF TAK1 COMPLEX UPON TLR7 8 OR 9 STIMULATION%REACTOME%R-HSA-975163.3		15	-0.42552972	-1.143934	0.3	0.8955693	1.0	2246	tags=27%, list=9%, signal=29%	
REGULATION OF NEURAL PRECURSOR CELL PROLIFERATION%GOBP%GO:2000177	REGULATION OF NEURAL PRECURSOR CELL PROLIFERATION%GOBP%GO:2000177		42	-0.32644692	-1.1436538	0.21929824	0.8948148	1.0	3016	tags=26%, list=12%, signal=30%	
FORMATION OF PARAXIAL MESODERM%REACTOME%R-HSA-9793380.5	FORMATION OF PARAXIAL MESODERM%REACTOME%R-HSA-9793380.5		59	-0.30723873	-1.1423832	0.21081081	0.89859027	1.0	4409	tags=32%, list=18%, signal=39%	
MATURATION OF LSU-RRNA FROM TRICISTRONIC RRNA TRANSCRIPT (SSU-RRNA, 5.8S RRNA, LSU-RRNA)%GOBP%GO:0000463	MATURATION OF LSU-RRNA FROM TRICISTRONIC RRNA TRANSCRIPT (SSU-RRNA, 5.8S RRNA, LSU-RRNA)%GOBP%GO:0000463		22	-0.37325367	-1.1421392	0.23648648	0.8976095	1.0	2671	tags=23%, list=11%, signal=25%	
NEGATIVE REGULATION OF HYDROLASE ACTIVITY%GOBP%GO:0051346	NEGATIVE REGULATION OF HYDROLASE ACTIVITY%GOBP%GO:0051346		30	-0.34805527	-1.140511	0.20769231	0.902947	1.0	703	tags=17%, list=3%, signal=17%	
REGULATION OF PTEN STABILITY AND ACTIVITY%REACTOME%R-HSA-8948751.3	REGULATION OF PTEN STABILITY AND ACTIVITY%REACTOME%R-HSA-8948751.3		56	-0.30681983	-1.1399066	0.203125	0.903618	1.0	4658	tags=32%, list=19%, signal=40%	
POSITIVE REGULATION OF PROTEOLYSIS%GOBP%GO:0045862	POSITIVE REGULATION OF PROTEOLYSIS%GOBP%GO:0045862		61	-0.29691255	-1.1393421	0.17553191	0.9040835	1.0	2106	tags=18%, list=9%, signal=20%	
BIOCARTA_TFF_PATHWAY%MSIGDB_C2%BIOCARTA_TFF_PATHWAY	BIOCARTA_TFF_PATHWAY%MSIGDB_C2%BIOCARTA_TFF_PATHWAY		21	-0.38117605	-1.1388594	0.2508711	0.9042059	1.0	4429	tags=29%, list=18%, signal=35%	
ANDROGENRECEPTOR%IOB%ANDROGENRECEPTOR	ANDROGENRECEPTOR%IOB%ANDROGENRECEPTOR		92	-0.2864514	-1.1383417	0.16363636	0.9044377	1.0	2363	tags=17%, list=10%, signal=19%	
CO-INHIBITION BY CTLA4%REACTOME DATABASE ID RELEASE 95%389513	CO-INHIBITION BY CTLA4%REACTOME DATABASE ID RELEASE 95%389513		20	-0.38693193	-1.137732	0.26821193	0.9052952	1.0	3454	tags=35%, list=14%, signal=41%	
PROTEIN SYNTHESIS: CYSTEINE%PATHWHIZ%PW112918	PROTEIN SYNTHESIS: CYSTEINE%PATHWHIZ%PW112918		79	-0.2849049	-1.1377103	0.17159763	0.90339285	1.0	6023	tags=34%, list=25%, signal=45%	
POSITIVE REGULATION OF PROTEIN UBIQUITINATION%GOBP%GO:0031398	POSITIVE REGULATION OF PROTEIN UBIQUITINATION%GOBP%GO:0031398		84	-0.28376102	-1.1376575	0.15204678	0.90164757	1.0	5886	tags=40%, list=24%, signal=53%	
NOTCH%NETPATH%NOTCH	NOTCH%NETPATH%NOTCH		46	-0.32238647	-1.1367465	0.20762712	0.9036494	1.0	2336	tags=15%, list=10%, signal=17%	
CDC20:PHOSPHO-APC C MEDIATED DEGRADATION OF CYCLIN A%REACTOME DATABASE ID RELEASE 95%174184	CDC20:PHOSPHO-APC C MEDIATED DEGRADATION OF CYCLIN A%REACTOME DATABASE ID RELEASE 95%174184		60	-0.30658153	-1.1363657	0.1928934	0.9034798	1.0	4690	tags=38%, list=19%, signal=47%	
RETICULOPHAGY%GOBP%GO:0061709	RETICULOPHAGY%GOBP%GO:0061709		23	-0.37396204	-1.1360558	0.2536232	0.90290695	1.0	4179	tags=35%, list=17%, signal=42%	
STABILIZATION OF P53%REACTOME DATABASE ID RELEASE 95%69541	STABILIZATION OF P53%REACTOME DATABASE ID RELEASE 95%69541		44	-0.32214963	-1.1357757	0.21576764	0.9022291	1.0	4658	tags=39%, list=19%, signal=48%	
TRAF6-MEDIATED INDUCTION OF TAK1 COMPLEX WITHIN TLR4 COMPLEX%REACTOME%R-HSA-937072.4	TRAF6-MEDIATED INDUCTION OF TAK1 COMPLEX WITHIN TLR4 COMPLEX%REACTOME%R-HSA-937072.4		15	-0.42552972	-1.1356641	0.27018633	0.90070313	1.0	2246	tags=27%, list=9%, signal=29%	
CROSS-PRESENTATION OF SOLUBLE EXOGENOUS ANTIGENS (ENDOSOMES)%REACTOME DATABASE ID RELEASE 95%1236978	CROSS-PRESENTATION OF SOLUBLE EXOGENOUS ANTIGENS (ENDOSOMES)%REACTOME DATABASE ID RELEASE 95%1236978		41	-0.32632732	-1.135631	0.20535715	0.898884	1.0	4658	tags=37%, list=19%, signal=45%	
NUCLEOSOME ASSEMBLY%GOBP%GO:0006334	NUCLEOSOME ASSEMBLY%GOBP%GO:0006334		59	-0.3082209	-1.1350242	0.22099447	0.8996852	1.0	1611	tags=14%, list=7%, signal=14%	
PROTEIN SYNTHESIS: VALINE%PATHWHIZ%PW120528	PROTEIN SYNTHESIS: VALINE%PATHWHIZ%PW120528		79	-0.29333732	-1.1344362	0.1693989	0.90039444	1.0	6023	tags=35%, list=25%, signal=47%	
CYTOPLASMIC TRANSLATION%GOBP%GO:0002181	CYTOPLASMIC TRANSLATION%GOBP%GO:0002181		164	-0.2600629	-1.1331855	0.13333334	0.90409386	1.0	5877	tags=34%, list=24%, signal=45%	
PRIMARY FOCAL SEGMENTAL GLOMERULOSCLEROSIS FSGS %WIKIPATHWAYS_20260211%WP2572%HOMO SAPIENS	PRIMARY FOCAL SEGMENTAL GLOMERULOSCLEROSIS FSGS %WIKIPATHWAYS_20260211%WP2572%HOMO SAPIENS		60	-0.29969716	-1.1318674	0.16216215	0.90813863	1.0	2805	tags=25%, list=11%, signal=28%	
APC C:CDC20 MEDIATED DEGRADATION OF SECURIN%REACTOME DATABASE ID RELEASE 95%174154	APC C:CDC20 MEDIATED DEGRADATION OF SECURIN%REACTOME DATABASE ID RELEASE 95%174154		55	-0.31056523	-1.1314869	0.21287128	0.90784544	1.0	4690	tags=40%, list=19%, signal=49%	
POSITIVE REGULATION OF SMOOTHENED SIGNALING PATHWAY%GOBP%GO:0045880	POSITIVE REGULATION OF SMOOTHENED SIGNALING PATHWAY%GOBP%GO:0045880		22	-0.384039	-1.1310122	0.26996198	0.9080167	1.0	4119	tags=36%, list=17%, signal=44%	
ENDOPLASMIC RETICULUM TO GOLGI VESICLE-MEDIATED TRANSPORT%GOBP%GO:0006888	ENDOPLASMIC RETICULUM TO GOLGI VESICLE-MEDIATED TRANSPORT%GOBP%GO:0006888		118	-0.27449915	-1.1267484	0.16666667	0.9253542	1.0	2959	tags=24%, list=12%, signal=27%	
PID_ERA_GENOMIC_PATHWAY%MSIGDB_C2%PID_ERA_GENOMIC_PATHWAY	PID_ERA_GENOMIC_PATHWAY%MSIGDB_C2%PID_ERA_GENOMIC_PATHWAY		49	-0.31392467	-1.125455	0.24770643	0.9294598	1.0	3009	tags=22%, list=12%, signal=26%	
CELLULAR RESPONSE TO OXYGEN LEVELS%GOBP%GO:0071453	CELLULAR RESPONSE TO OXYGEN LEVELS%GOBP%GO:0071453		90	-0.27849397	-1.1252488	0.19480519	0.9283881	1.0	5051	tags=34%, list=21%, signal=43%	
REGULATION OF HSF1-MEDIATED HEAT SHOCK RESPONSE%REACTOME DATABASE ID RELEASE 95%3371453	REGULATION OF HSF1-MEDIATED HEAT SHOCK RESPONSE%REACTOME DATABASE ID RELEASE 95%3371453		67	-0.2975505	-1.123846	0.2263158	0.9328498	1.0	2157	tags=15%, list=9%, signal=16%	
MAPK TARGETS  NUCLEAR EVENTS MEDIATED BY MAP KINASES%REACTOME%R-HSA-450282.3	MAPK TARGETS  NUCLEAR EVENTS MEDIATED BY MAP KINASES%REACTOME%R-HSA-450282.3		30	-0.35012907	-1.1233141	0.27272728	0.93323	1.0	3454	tags=27%, list=14%, signal=31%	
ORGANIC CATION TRANSPORT%GOBP%GO:0015695	ORGANIC CATION TRANSPORT%GOBP%GO:0015695		86	-0.28148314	-1.1224076	0.17791411	0.93540126	1.0	1906	tags=19%, list=8%, signal=20%	
NEGATIVE REGULATION OF SYNCYTIUM FORMATION BY PLASMA MEMBRANE FUSION%GOBP%GO:0034242	NEGATIVE REGULATION OF SYNCYTIUM FORMATION BY PLASMA MEMBRANE FUSION%GOBP%GO:0034242		47	-0.31566325	-1.1222632	0.20465116	0.93411523	1.0	6023	tags=43%, list=25%, signal=56%	
INTERACTIONS BETWEEN LOXL4 AND OXIDATIVE STRESS PATHWAY%WIKIPATHWAYS_20260211%WP3670%HOMO SAPIENS	INTERACTIONS BETWEEN LOXL4 AND OXIDATIVE STRESS PATHWAY%WIKIPATHWAYS_20260211%WP3670%HOMO SAPIENS		16	-0.3940723	-1.1220942	0.27361563	0.93293184	1.0	2760	tags=19%, list=11%, signal=21%	
GENITALIA DEVELOPMENT%GOBP%GO:0048806	GENITALIA DEVELOPMENT%GOBP%GO:0048806		19	-0.38372296	-1.1219598	0.27361563	0.93158513	1.0	4386	tags=32%, list=18%, signal=38%	
PID_RHOA_PATHWAY%MSIGDB_C2%PID_RHOA_PATHWAY	PID_RHOA_PATHWAY%MSIGDB_C2%PID_RHOA_PATHWAY		34	-0.3347068	-1.1210222	0.25925925	0.9338595	1.0	3423	tags=29%, list=14%, signal=34%	
REGULATION OF CDH1 EXPRESSION AND FUNCTION%REACTOME DATABASE ID RELEASE 95%9764265	REGULATION OF CDH1 EXPRESSION AND FUNCTION%REACTOME DATABASE ID RELEASE 95%9764265		163	-0.25907728	-1.1206461	0.14736842	0.9336729	1.0	2925	tags=21%, list=12%, signal=24%	
DIENCEPHALON DEVELOPMENT%GOBP%GO:0021536	DIENCEPHALON DEVELOPMENT%GOBP%GO:0021536		21	-0.3762378	-1.1200259	0.28666666	0.9345567	1.0	4315	tags=43%, list=18%, signal=52%	
HALLMARK_UV_RESPONSE_UP%MSIGDBHALLMARK%HALLMARK_UV_RESPONSE_UP	HALLMARK_UV_RESPONSE_UP%MSIGDBHALLMARK%HALLMARK_UV_RESPONSE_UP		130	-0.26465598	-1.119877	0.15625	0.93333274	1.0	4563	tags=25%, list=19%, signal=31%	
PID_HIF1_TFPATHWAY%MSIGDB_C2%PID_HIF1_TFPATHWAY	PID_HIF1_TFPATHWAY%MSIGDB_C2%PID_HIF1_TFPATHWAY		46	-0.3148889	-1.1179554	0.2532751	0.94027483	1.0	3849	tags=30%, list=16%, signal=36%	
PROTEIN SYNTHESIS: ALANINE%PATHWHIZ%PW101384	PROTEIN SYNTHESIS: ALANINE%PATHWHIZ%PW101384		79	-0.28562507	-1.1176773	0.15568863	0.9395072	1.0	6023	tags=34%, list=25%, signal=45%	
PID_LYSOPHOSPHOLIPID_PATHWAY%MSIGDB_C2%PID_LYSOPHOSPHOLIPID_PATHWAY	PID_LYSOPHOSPHOLIPID_PATHWAY%MSIGDB_C2%PID_LYSOPHOSPHOLIPID_PATHWAY		50	-0.31038588	-1.1171888	0.23788546	0.9398785	1.0	1396	tags=12%, list=6%, signal=13%	
REGULATION OF EXPRESSION AND FUNCTION OF TYPE I CLASSICAL CADHERINS%REACTOME DATABASE ID RELEASE 95%9764274	REGULATION OF EXPRESSION AND FUNCTION OF TYPE I CLASSICAL CADHERINS%REACTOME DATABASE ID RELEASE 95%9764274		163	-0.25907728	-1.1171553	0.17977528	0.93808186	1.0	2925	tags=21%, list=12%, signal=24%	
PELO:HBS1L AND ABCE1 DISSOCIATE A RIBOSOME ON A NON-STOP MRNA%REACTOME%R-HSA-9954714.2	PELO:HBS1L AND ABCE1 DISSOCIATE A RIBOSOME ON A NON-STOP MRNA%REACTOME%R-HSA-9954714.2		89	-0.27135044	-1.1165137	0.19021739	0.9392116	1.0	6117	tags=35%, list=25%, signal=46%	
PROTEIN SYNTHESIS: TRYPTOPHAN%PATHWHIZ%PW120526	PROTEIN SYNTHESIS: TRYPTOPHAN%PATHWHIZ%PW120526		79	-0.29248068	-1.1158979	0.23243243	0.9401666	1.0	6023	tags=35%, list=25%, signal=47%	
REGULATION OF CDH1 FUNCTION%REACTOME%R-HSA-9764561.1	REGULATION OF CDH1 FUNCTION%REACTOME%R-HSA-9764561.1		53	-0.30481538	-1.1152376	0.2184466	0.94110185	1.0	4658	tags=34%, list=19%, signal=42%	
RESPONSE TO MISFOLDED PROTEIN%GOBP%GO:0051788	RESPONSE TO MISFOLDED PROTEIN%GOBP%GO:0051788		19	-0.38341874	-1.1152096	0.2825397	0.9393199	1.0	4137	tags=37%, list=17%, signal=44%	
GLUCOSE CATABOLIC PROCESS TO PYRUVATE%GOBP%GO:0061718	GLUCOSE CATABOLIC PROCESS TO PYRUVATE%GOBP%GO:0061718		18	-0.39020273	-1.1142461	0.3024911	0.94167453	1.0	2052	tags=28%, list=8%, signal=30%	
PROTEIN SYNTHESIS: HISTIDINE%PATHWHIZ%PW112929	PROTEIN SYNTHESIS: HISTIDINE%PATHWHIZ%PW112929		79	-0.28124052	-1.1135077	0.20496894	0.94327855	1.0	6023	tags=34%, list=25%, signal=45%	
REGULATION OF MRNA STABILITY BY PROTEINS THAT BIND AU-RICH ELEMENTS%REACTOME%R-HSA-450531.6	REGULATION OF MRNA STABILITY BY PROTEINS THAT BIND AU-RICH ELEMENTS%REACTOME%R-HSA-450531.6		73	-0.2857789	-1.1133791	0.24074075	0.9419685	1.0	5101	tags=38%, list=21%, signal=48%	
PID_P75_NTR_PATHWAY%MSIGDB_C2%PID_P75_NTR_PATHWAY	PID_P75_NTR_PATHWAY%MSIGDB_C2%PID_P75_NTR_PATHWAY		55	-0.30349252	-1.1123326	0.2451923	0.94474566	1.0	1481	tags=15%, list=6%, signal=15%	
PROTEIN LOCALIZATION TO SITE OF DOUBLE-STRAND BREAK%GOBP%GO:1990166	PROTEIN LOCALIZATION TO SITE OF DOUBLE-STRAND BREAK%GOBP%GO:1990166		15	-0.41058585	-1.1120615	0.31045753	0.9440552	1.0	2061	tags=20%, list=8%, signal=22%	
GAP-FILLING DNA REPAIR SYNTHESIS AND LIGATION IN GG-NER%REACTOME DATABASE ID RELEASE 95%5696397	GAP-FILLING DNA REPAIR SYNTHESIS AND LIGATION IN GG-NER%REACTOME DATABASE ID RELEASE 95%5696397		25	-0.36495274	-1.1119976	0.25632912	0.9424707	1.0	5676	tags=44%, list=23%, signal=57%	
REGULATION OF BONE RESORPTION%GOBP%GO:0045124	REGULATION OF BONE RESORPTION%GOBP%GO:0045124		35	-0.32577038	-1.1118279	0.251938	0.9412882	1.0	1692	tags=17%, list=7%, signal=18%	
ALPHA-AMINO ACID BIOSYNTHETIC PROCESS%GOBP%GO:1901607	ALPHA-AMINO ACID BIOSYNTHETIC PROCESS%GOBP%GO:1901607		40	-0.3198285	-1.1106741	0.25714287	0.94470793	1.0	3892	tags=33%, list=16%, signal=39%	
HEDGEHOG 'ON' STATE%REACTOME%R-HSA-5632684.2	HEDGEHOG 'ON' STATE%REACTOME%R-HSA-5632684.2		71	-0.2839239	-1.1103432	0.2259887	0.9442978	1.0	4409	tags=34%, list=18%, signal=41%	
PROTEIN HETEROOLIGOMERIZATION%GOBP%GO:0051291	PROTEIN HETEROOLIGOMERIZATION%GOBP%GO:0051291		21	-0.3772235	-1.1098201	0.28623188	0.94470894	1.0	2467	tags=33%, list=10%, signal=37%	
SARCOMERE ORGANIZATION%GOBP%GO:0045214	SARCOMERE ORGANIZATION%GOBP%GO:0045214		36	-0.3277503	-1.1096512	0.28308824	0.94355893	1.0	2110	tags=19%, list=9%, signal=21%	
GLYCOLYTIC PROCESS THROUGH GLUCOSE-6-PHOSPHATE%GOBP%GO:0061620	GLYCOLYTIC PROCESS THROUGH GLUCOSE-6-PHOSPHATE%GOBP%GO:0061620		19	-0.37774488	-1.1088078	0.30392158	0.94548273	1.0	2052	tags=26%, list=8%, signal=29%	
MMR%REACTOME%R-HSA-5358508.3	MMR%REACTOME%R-HSA-5358508.3		15	-0.41387278	-1.1087976	0.32537314	0.94363296	1.0	2768	tags=33%, list=11%, signal=38%	
CANONICAL GLYCOLYSIS%GOBP%GO:0061621	CANONICAL GLYCOLYSIS%GOBP%GO:0061621		18	-0.39020273	-1.1080896	0.28723404	0.94486415	1.0	2052	tags=28%, list=8%, signal=30%	
COLLAGEN FORMATION%REACTOME%R-HSA-1474290.5	COLLAGEN FORMATION%REACTOME%R-HSA-1474290.5		89	-0.2734963	-1.1068138	0.22758621	0.9488015	1.0	2652	tags=17%, list=11%, signal=19%	
ENERGY RESERVE METABOLIC PROCESS%GOBP%GO:0006112	ENERGY RESERVE METABOLIC PROCESS%GOBP%GO:0006112		42	-0.3126223	-1.106092	0.27510917	0.9502613	1.0	2884	tags=17%, list=12%, signal=19%	
TRANSLESION SYNTHESIS BY REV1%REACTOME%R-HSA-110312.3	TRANSLESION SYNTHESIS BY REV1%REACTOME%R-HSA-110312.3		16	-0.41056743	-1.1049968	0.28617364	0.95324457	1.0	3772	tags=31%, list=15%, signal=37%	
CYTOPLASMIC TRANSLATIONAL INITIATION%GOBP%GO:0002183	CYTOPLASMIC TRANSLATIONAL INITIATION%GOBP%GO:0002183		37	-0.32636684	-1.1048594	0.27149323	0.9519907	1.0	4713	tags=38%, list=19%, signal=47%	
REGULATION OF NUCLEOTIDE CATABOLIC PROCESS%GOBP%GO:0030811	REGULATION OF NUCLEOTIDE CATABOLIC PROCESS%GOBP%GO:0030811		44	-0.31200424	-1.1047486	0.2749004	0.95061743	1.0	2491	tags=18%, list=10%, signal=20%	
ENDOCHONDRAL BONE MORPHOGENESIS%GOBP%GO:0060350	ENDOCHONDRAL BONE MORPHOGENESIS%GOBP%GO:0060350		19	-0.3796738	-1.1045407	0.30555555	0.9496714	1.0	332	tags=11%, list=1%, signal=11%	
APC C:CDH1 MEDIATED DEGRADATION OF CDC20 AND OTHER APC C:CDH1 TARGETED PROTEINS IN LATE MITOSIS EARLY G1%REACTOME DATABASE ID RELEASE 95%174178	APC C:CDH1 MEDIATED DEGRADATION OF CDC20 AND OTHER APC C:CDH1 TARGETED PROTEINS IN LATE MITOSIS EARLY G1%REACTOME DATABASE ID RELEASE 95%174178		61	-0.28814197	-1.1031575	0.22916667	0.9543063	1.0	4690	tags=36%, list=19%, signal=44%	
APC C:CDC20 MEDIATED DEGRADATION OF MITOTIC PROTEINS%REACTOME DATABASE ID RELEASE 95%176409	APC C:CDC20 MEDIATED DEGRADATION OF MITOTIC PROTEINS%REACTOME DATABASE ID RELEASE 95%176409		63	-0.29096824	-1.1029081	0.23267327	0.95356214	1.0	4690	tags=37%, list=19%, signal=45%	
PID_BMP_PATHWAY%MSIGDB_C2%PID_BMP_PATHWAY	PID_BMP_PATHWAY%MSIGDB_C2%PID_BMP_PATHWAY		31	-0.3380291	-1.1027058	0.30769232	0.9526272	1.0	4184	tags=32%, list=17%, signal=39%	
DEGRADATION OF CDH1%REACTOME DATABASE ID RELEASE 95%9766229	DEGRADATION OF CDH1%REACTOME DATABASE ID RELEASE 95%9766229		52	-0.305407	-1.1026247	0.23474178	0.95116585	1.0	4658	tags=35%, list=19%, signal=43%	
TRANSLESION SYNTHESIS BY POLK%REACTOME%R-HSA-5655862.2	TRANSLESION SYNTHESIS BY POLK%REACTOME%R-HSA-5655862.2		17	-0.39105818	-1.1022545	0.3188406	0.9510452	1.0	3772	tags=29%, list=15%, signal=35%	
MITOCHONDRIAL CALCIUM ION HOMEOSTASIS%GOBP%GO:0051560	MITOCHONDRIAL CALCIUM ION HOMEOSTASIS%GOBP%GO:0051560		20	-0.3704677	-1.1012031	0.30526316	0.9540466	1.0	1873	tags=15%, list=8%, signal=16%	
REGULATION OF RESPONSE TO FOOD%GOBP%GO:0032095	REGULATION OF RESPONSE TO FOOD%GOBP%GO:0032095		19	-0.38540152	-1.1009688	0.31391585	0.95335776	1.0	172	tags=16%, list=1%, signal=16%	
REGULATION OF TRIGLYCERIDE BIOSYNTHETIC PROCESS%GOBP%GO:0010866	REGULATION OF TRIGLYCERIDE BIOSYNTHETIC PROCESS%GOBP%GO:0010866		17	-0.3913192	-1.100855	0.29022083	0.9519724	1.0	3558	tags=29%, list=15%, signal=34%	
NEGATIVE REGULATION OF DNA-TEMPLATED TRANSCRIPTION, ELONGATION%GOBP%GO:0032785	NEGATIVE REGULATION OF DNA-TEMPLATED TRANSCRIPTION, ELONGATION%GOBP%GO:0032785		23	-0.36049575	-1.0983787	0.29856116	0.9616804	1.0	3599	tags=30%, list=15%, signal=36%	
ENDOPLASMIC RETICULUM CALCIUM ION HOMEOSTASIS%GOBP%GO:0032469	ENDOPLASMIC RETICULUM CALCIUM ION HOMEOSTASIS%GOBP%GO:0032469		22	-0.3661003	-1.0982952	0.30258304	0.96017885	1.0	1873	tags=18%, list=8%, signal=20%	
TIGHT JUNCTION ORGANIZATION%GOBP%GO:0120193	TIGHT JUNCTION ORGANIZATION%GOBP%GO:0120193		40	-0.32042482	-1.0981919	0.30508474	0.9588116	1.0	1086	tags=10%, list=4%, signal=10%	
REGULATION OF HIPPO SIGNALING%GOBP%GO:0035330	REGULATION OF HIPPO SIGNALING%GOBP%GO:0035330		45	-0.30866733	-1.096506	0.26126125	0.964695	1.0	3454	tags=22%, list=14%, signal=26%	
REGULATION OF HOMOTYPIC CELL-CELL ADHESION%REACTOME DATABASE ID RELEASE 95%9759476	REGULATION OF HOMOTYPIC CELL-CELL ADHESION%REACTOME DATABASE ID RELEASE 95%9759476		178	-0.25606725	-1.0961726	0.1891892	0.9644293	1.0	2925	tags=20%, list=12%, signal=22%	
RENAL FILTRATION%GOBP%GO:0097205	RENAL FILTRATION%GOBP%GO:0097205		16	-0.4011878	-1.0958238	0.31309903	0.9642173	1.0	2658	tags=38%, list=11%, signal=42%	
BIOCARTA_ATM_PATHWAY%MSIGDB_C2%BIOCARTA_ATM_PATHWAY	BIOCARTA_ATM_PATHWAY%MSIGDB_C2%BIOCARTA_ATM_PATHWAY		17	-0.40094525	-1.0952294	0.3322034	0.9650573	1.0	2737	tags=24%, list=11%, signal=26%	
PEPTIDE HORMONE METABOLISM%REACTOME DATABASE ID RELEASE 95%2980736	PEPTIDE HORMONE METABOLISM%REACTOME DATABASE ID RELEASE 95%2980736		85	-0.27331883	-1.0950806	0.22695035	0.9638752	1.0	1380	tags=13%, list=6%, signal=14%	
HORMONE SECRETION%GOBP%GO:0046879	HORMONE SECRETION%GOBP%GO:0046879		36	-0.32176954	-1.0947667	0.27530363	0.9635785	1.0	3654	tags=25%, list=15%, signal=29%	
PEPTIDE CHAIN ELONGATION%REACTOME%R-HSA-156902.4	PEPTIDE CHAIN ELONGATION%REACTOME%R-HSA-156902.4		89	-0.2749691	-1.0944359	0.24375	0.96327066	1.0	6117	tags=35%, list=25%, signal=46%	
REGULATION OF HORMONE BIOSYNTHETIC PROCESS%GOBP%GO:0046885	REGULATION OF HORMONE BIOSYNTHETIC PROCESS%GOBP%GO:0046885		17	-0.39688107	-1.0935001	0.32	0.96586215	1.0	3520	tags=24%, list=14%, signal=27%	
AMINOGLYCAN BIOSYNTHETIC PROCESS%GOBP%GO:0006023	AMINOGLYCAN BIOSYNTHETIC PROCESS%GOBP%GO:0006023		29	-0.3474341	-1.0920724	0.29482073	0.97066504	1.0	1980	tags=17%, list=8%, signal=19%	
CIRCADIAN REGULATION OF GENE EXPRESSION%GOBP%GO:0032922	CIRCADIAN REGULATION OF GENE EXPRESSION%GOBP%GO:0032922		65	-0.28848407	-1.0917283	0.29032257	0.97038317	1.0	3547	tags=23%, list=14%, signal=27%	
NEGATIVE REGULATION OF CELL-SUBSTRATE ADHESION%GOBP%GO:0010812	NEGATIVE REGULATION OF CELL-SUBSTRATE ADHESION%GOBP%GO:0010812		55	-0.29649702	-1.0915035	0.2580645	0.9695311	1.0	2952	tags=22%, list=12%, signal=25%	
CELLULAR RESPONSE TO HEAT STRESS%REACTOME DATABASE ID RELEASE 95%3371556	CELLULAR RESPONSE TO HEAT STRESS%REACTOME DATABASE ID RELEASE 95%3371556		87	-0.2736702	-1.0912639	0.2601156	0.96876925	1.0	2956	tags=17%, list=12%, signal=20%	
PROTEIN SYNTHESIS: GLUTAMINE%SMPDB%SMP0111862	PROTEIN SYNTHESIS: GLUTAMINE%SMPDB%SMP0111862		79	-0.2773974	-1.0912421	0.2857143	0.9670506	1.0	6023	tags=34%, list=25%, signal=45%	
NEURAL CREST CELL MIGRATION DURING DEVELOPMENT%WIKIPATHWAYS_20260211%WP4564%HOMO SAPIENS	NEURAL CREST CELL MIGRATION DURING DEVELOPMENT%WIKIPATHWAYS_20260211%WP4564%HOMO SAPIENS		28	-0.34124082	-1.0900655	0.30526316	0.9707567	1.0	1488	tags=18%, list=6%, signal=19%	
TISSUE REMODELING%GOBP%GO:0048771	TISSUE REMODELING%GOBP%GO:0048771		37	-0.32452345	-1.0893095	0.28070176	0.9722825	1.0	2939	tags=24%, list=12%, signal=28%	
ACTIVATION OF APC C AND APC C:CDC20 MEDIATED DEGRADATION OF MITOTIC PROTEINS%REACTOME DATABASE ID RELEASE 95%176814	ACTIVATION OF APC C AND APC C:CDC20 MEDIATED DEGRADATION OF MITOTIC PROTEINS%REACTOME DATABASE ID RELEASE 95%176814		64	-0.28829128	-1.0892048	0.27979276	0.971004	1.0	4690	tags=36%, list=19%, signal=44%	
LEUCINE ISOLEUCINE AND VALINE METABOLISM%WIKIPATHWAYS_20260211%WP4686%HOMO SAPIENS	LEUCINE ISOLEUCINE AND VALINE METABOLISM%WIKIPATHWAYS_20260211%WP4686%HOMO SAPIENS		16	-0.3933722	-1.0881299	0.32142857	0.9742304	1.0	4260	tags=38%, list=17%, signal=45%	
ABC-FAMILY PROTEINS MEDIATED TRANSPORT%REACTOME%R-HSA-382556.6	ABC-FAMILY PROTEINS MEDIATED TRANSPORT%REACTOME%R-HSA-382556.6		90	-0.2644787	-1.086548	0.24358974	0.97984767	1.0	4409	tags=29%, list=18%, signal=35%	
PID_NCADHERIN_PATHWAY%MSIGDB_C2%PID_NCADHERIN_PATHWAY	PID_NCADHERIN_PATHWAY%MSIGDB_C2%PID_NCADHERIN_PATHWAY		29	-0.34023836	-1.0864892	0.30855018	0.9782927	1.0	3175	tags=24%, list=13%, signal=28%	
E-CADHERIN SIGNALING IN THE NASCENT ADHERENS JUNCTION%PATHWAY INTERACTION DATABASE NCI-NATURE CURATED DATA%E-CADHERIN SIGNALING IN THE NASCENT ADHERENS JUNCTION	E-CADHERIN SIGNALING IN THE NASCENT ADHERENS JUNCTION%PATHWAY INTERACTION DATABASE NCI-NATURE CURATED DATA%E-CADHERIN SIGNALING IN THE NASCENT ADHERENS JUNCTION		36	-0.3208207	-1.0863186	0.30795848	0.9772806	1.0	4758	tags=33%, list=19%, signal=41%	
CENTRAL NERVOUS SYSTEM NEURON DIFFERENTIATION%GOBP%GO:0021953	CENTRAL NERVOUS SYSTEM NEURON DIFFERENTIATION%GOBP%GO:0021953		93	-0.26567522	-1.0858352	0.25827813	0.977765	1.0	3108	tags=19%, list=13%, signal=22%	
CLEAR CELL RENAL CELL CARCINOMA PATHWAYS%WIKIPATHWAYS_20260211%WP4018%HOMO SAPIENS	CLEAR CELL RENAL CELL CARCINOMA PATHWAYS%WIKIPATHWAYS_20260211%WP4018%HOMO SAPIENS		60	-0.28588343	-1.0854073	0.2769231	0.9779609	1.0	2177	tags=17%, list=9%, signal=18%	
RESPONSE TO HYPOXIA%GOBP%GO:0001666	RESPONSE TO HYPOXIA%GOBP%GO:0001666		136	-0.25234672	-1.0852731	0.24778761	0.97676855	1.0	2802	tags=20%, list=11%, signal=22%	
EPO SIGNALING PATHWAY%PATHWHIZ%PW070692	EPO SIGNALING PATHWAY%PATHWHIZ%PW070692		17	-0.3895271	-1.0851216	0.32098764	0.97569793	1.0	1334	tags=18%, list=5%, signal=19%	
FGF SIGNALING PATHWAY%PATHWAY INTERACTION DATABASE NCI-NATURE CURATED DATA%FGF SIGNALING PATHWAY	FGF SIGNALING PATHWAY%PATHWAY INTERACTION DATABASE NCI-NATURE CURATED DATA%FGF SIGNALING PATHWAY		46	-0.3055028	-1.085112	0.28870293	0.97394943	1.0	1396	tags=15%, list=6%, signal=16%	
DEGRADATION OF BETA-CATENIN BY THE DESTRUCTION COMPLEX%REACTOME%R-HSA-195253.4	DEGRADATION OF BETA-CATENIN BY THE DESTRUCTION COMPLEX%REACTOME%R-HSA-195253.4		70	-0.28290677	-1.083864	0.2857143	0.97784215	1.0	4409	tags=33%, list=18%, signal=40%	
PID_SMAD2_3NUCLEAR_PATHWAY%MSIGDB_C2%PID_SMAD2_3NUCLEAR_PATHWAY	PID_SMAD2_3NUCLEAR_PATHWAY%MSIGDB_C2%PID_SMAD2_3NUCLEAR_PATHWAY		66	-0.2858099	-1.0838494	0.26347306	0.97613585	1.0	4733	tags=26%, list=19%, signal=32%	
SMITH MAGENIS AND POTOCKI LUPSKI SYNDROME COPY NUMBER VARIATION%WIKIPATHWAYS_20260211%WP5381%HOMO SAPIENS	SMITH MAGENIS AND POTOCKI LUPSKI SYNDROME COPY NUMBER VARIATION%WIKIPATHWAYS_20260211%WP5381%HOMO SAPIENS		126	-0.25711325	-1.083378	0.22727273	0.97649837	1.0	2275	tags=15%, list=9%, signal=17%	
HEMATOPOIETIC PROGENITOR CELL DIFFERENTIATION%GOBP%GO:0002244	HEMATOPOIETIC PROGENITOR CELL DIFFERENTIATION%GOBP%GO:0002244		31	-0.33605236	-1.082884	0.29501915	0.9770779	1.0	4119	tags=32%, list=17%, signal=39%	
SIGNALING BY NTRK1 (TRKA)%REACTOME%R-HSA-187037.4	SIGNALING BY NTRK1 (TRKA)%REACTOME%R-HSA-187037.4		111	-0.26228786	-1.0825285	0.20967741	0.97693634	1.0	903	tags=8%, list=4%, signal=8%	
REGULATION OF GLYCOLYTIC PROCESS%GOBP%GO:0006110	REGULATION OF GLYCOLYTIC PROCESS%GOBP%GO:0006110		44	-0.31200424	-1.082483	0.30603448	0.9753917	1.0	2491	tags=18%, list=10%, signal=20%	
GLYCOLYTIC PROCESS THROUGH FRUCTOSE-6-PHOSPHATE%GOBP%GO:0061615	GLYCOLYTIC PROCESS THROUGH FRUCTOSE-6-PHOSPHATE%GOBP%GO:0061615		19	-0.37774488	-1.0819409	0.32817337	0.97611153	1.0	2052	tags=26%, list=8%, signal=29%	
REGULATION OF GRANULOCYTE MACROPHAGE COLONY-STIMULATING FACTOR PRODUCTION%GOBP%GO:0032645	REGULATION OF GRANULOCYTE MACROPHAGE COLONY-STIMULATING FACTOR PRODUCTION%GOBP%GO:0032645		15	-0.40478435	-1.080999	0.34210527	0.9786449	1.0	622	tags=13%, list=3%, signal=14%	
ALPHA6BETA4INTEGRIN%NETPATH%ALPHA6BETA4INTEGRIN	ALPHA6BETA4INTEGRIN%NETPATH%ALPHA6BETA4INTEGRIN		55	-0.29963285	-1.0805895	0.27142859	0.9788307	1.0	2701	tags=18%, list=11%, signal=20%	
SIGNALING BY NOTCH1 HD DOMAIN MUTANTS IN CANCER%REACTOME DATABASE ID RELEASE 95%2691230	SIGNALING BY NOTCH1 HD DOMAIN MUTANTS IN CANCER%REACTOME DATABASE ID RELEASE 95%2691230		15	-0.3898697	-1.0797552	0.34834835	0.98090994	1.0	4489	tags=40%, list=18%, signal=49%	
SLC-MEDIATED TRANSPORT OF NEUROTRANSMITTERS%REACTOME%R-HSA-442660.4	SLC-MEDIATED TRANSPORT OF NEUROTRANSMITTERS%REACTOME%R-HSA-442660.4		21	-0.3648005	-1.0794209	0.33333334	0.98065174	1.0	3225	tags=19%, list=13%, signal=22%	
U12 DEPENDENT SPLICING%REACTOME%R-HSA-72165.3	U12 DEPENDENT SPLICING%REACTOME%R-HSA-72165.3		50	-0.29884705	-1.079279	0.2761905	0.97957194	1.0	4627	tags=34%, list=19%, signal=42%	
REGULATION OF PURINE NUCLEOTIDE CATABOLIC PROCESS%GOBP%GO:0033121	REGULATION OF PURINE NUCLEOTIDE CATABOLIC PROCESS%GOBP%GO:0033121		44	-0.31200424	-1.0791233	0.31390134	0.97856045	1.0	2491	tags=18%, list=10%, signal=20%	
CELL FATE SPECIFICATION%GOBP%GO:0001708	CELL FATE SPECIFICATION%GOBP%GO:0001708		48	-0.3039142	-1.078596	0.3051643	0.9793806	1.0	3792	tags=21%, list=15%, signal=25%	
POSITIVE REGULATION OF INTRINSIC APOPTOTIC SIGNALING PATHWAY%GOBP%GO:2001244	POSITIVE REGULATION OF INTRINSIC APOPTOTIC SIGNALING PATHWAY%GOBP%GO:2001244		42	-0.30544007	-1.077881	0.30941704	0.9810387	1.0	1875	tags=14%, list=8%, signal=15%	
CEREBELLAR CORTEX MORPHOGENESIS%GOBP%GO:0021696	CEREBELLAR CORTEX MORPHOGENESIS%GOBP%GO:0021696		16	-0.39372703	-1.0776058	0.34405145	0.9805676	1.0	4315	tags=50%, list=18%, signal=61%	
DECTIN-1 MEDIATED NONCANONICAL NF-KB SIGNALING%REACTOME DATABASE ID RELEASE 95%5607761	DECTIN-1 MEDIATED NONCANONICAL NF-KB SIGNALING%REACTOME DATABASE ID RELEASE 95%5607761		47	-0.2973259	-1.077102	0.29268292	0.98113936	1.0	4658	tags=36%, list=19%, signal=45%	
POSITIVE REGULATION OF CELL MIGRATION INVOLVED IN SPROUTING ANGIOGENESIS%GOBP%GO:0090050	POSITIVE REGULATION OF CELL MIGRATION INVOLVED IN SPROUTING ANGIOGENESIS%GOBP%GO:0090050		20	-0.36484897	-1.0760888	0.38541666	0.98387444	1.0	2297	tags=20%, list=9%, signal=22%	
ESTROGEN-DEPENDENT GENE EXPRESSION%REACTOME DATABASE ID RELEASE 95%9018519	ESTROGEN-DEPENDENT GENE EXPRESSION%REACTOME DATABASE ID RELEASE 95%9018519		116	-0.2579554	-1.0752401	0.22950819	0.986163	1.0	2296	tags=17%, list=9%, signal=19%	
NEGATIVE REGULATION OF EPITHELIAL CELL PROLIFERATION%GOBP%GO:0050680	NEGATIVE REGULATION OF EPITHELIAL CELL PROLIFERATION%GOBP%GO:0050680		84	-0.26800486	-1.0747148	0.27741936	0.98678327	1.0	3082	tags=14%, list=13%, signal=16%	
REGULATION OF STRIATED MUSCLE CELL DIFFERENTIATION%GOBP%GO:0051153	REGULATION OF STRIATED MUSCLE CELL DIFFERENTIATION%GOBP%GO:0051153		48	-0.3006634	-1.0742486	0.32	0.9871483	1.0	2934	tags=25%, list=12%, signal=28%	
PHOTOPERIODISM%GOBP%GO:0009648	PHOTOPERIODISM%GOBP%GO:0009648		24	-0.3507894	-1.0739769	0.36363637	0.98674643	1.0	4964	tags=38%, list=20%, signal=47%	
ENERGY METABOLISM%WIKIPATHWAYS_20260211%WP1541%HOMO SAPIENS	ENERGY METABOLISM%WIKIPATHWAYS_20260211%WP1541%HOMO SAPIENS		41	-0.30178866	-1.0739696	0.31304348	0.98502725	1.0	2491	tags=17%, list=10%, signal=19%	
NEURAL PRECURSOR CELL PROLIFERATION%GOBP%GO:0061351	NEURAL PRECURSOR CELL PROLIFERATION%GOBP%GO:0061351		36	-0.3223348	-1.0739608	0.3053435	0.9833262	1.0	605	tags=8%, list=2%, signal=9%	
BIOCARTA_IGF1_PATHWAY%MSIGDB_C2%BIOCARTA_IGF1_PATHWAY	BIOCARTA_IGF1_PATHWAY%MSIGDB_C2%BIOCARTA_IGF1_PATHWAY		17	-0.37556943	-1.0735682	0.34169278	0.9833337	1.0	1334	tags=18%, list=5%, signal=19%	
ACTIVATION OF BH3-ONLY PROTEINS%REACTOME DATABASE ID RELEASE 95%114452	ACTIVATION OF BH3-ONLY PROTEINS%REACTOME DATABASE ID RELEASE 95%114452		30	-0.33081242	-1.0728806	0.32677165	0.9846316	1.0	2400	tags=23%, list=10%, signal=26%	
ABC TRANSPORTER DISORDERS%REACTOME%R-HSA-5619084.7	ABC TRANSPORTER DISORDERS%REACTOME%R-HSA-5619084.7		65	-0.2835837	-1.0726875	0.30097088	0.9838435	1.0	4409	tags=31%, list=18%, signal=37%	
RESPONSE TO DECREASED OXYGEN LEVELS%GOBP%GO:0036293	RESPONSE TO DECREASED OXYGEN LEVELS%GOBP%GO:0036293		139	-0.24770644	-1.0726321	0.20754717	0.9824226	1.0	2802	tags=19%, list=11%, signal=22%	
AUTOPHAGY OF PEROXISOME%GOBP%GO:0030242	AUTOPHAGY OF PEROXISOME%GOBP%GO:0030242		16	-0.3898368	-1.0724748	0.32923076	0.98140985	1.0	6033	tags=56%, list=25%, signal=75%	
PID_RB_1PATHWAY%MSIGDB_C2%PID_RB_1PATHWAY	PID_RB_1PATHWAY%MSIGDB_C2%PID_RB_1PATHWAY		58	-0.29013845	-1.0724677	0.29245284	0.97973055	1.0	332	tags=9%, list=1%, signal=9%	
KEAP1-NFE2L2 PATHWAY%REACTOME%R-HSA-9755511.5	KEAP1-NFE2L2 PATHWAY%REACTOME%R-HSA-9755511.5		112	-0.2560095	-1.0722903	0.2983871	0.9788631	1.0	5479	tags=34%, list=22%, signal=44%	
PROTEIN LOCALIZATION TO EXTRACELLULAR REGION%GOBP%GO:0071692	PROTEIN LOCALIZATION TO EXTRACELLULAR REGION%GOBP%GO:0071692		70	-0.2748407	-1.0719227	0.2781065	0.9789389	1.0	2718	tags=19%, list=11%, signal=21%	
VIRAL GENE EXPRESSION%GOBP%GO:0019080	VIRAL GENE EXPRESSION%GOBP%GO:0019080		52	-0.2905576	-1.0707086	0.29545453	0.9828791	1.0	1460	tags=13%, list=6%, signal=14%	
PROTEIN SYNTHESIS: ASPARTIC ACID%SMPDB%SMP0111858	PROTEIN SYNTHESIS: ASPARTIC ACID%SMPDB%SMP0111858		79	-0.2739708	-1.0704497	0.2777778	0.9823316	1.0	6023	tags=34%, list=25%, signal=45%	
HORMONE TRANSPORT%GOBP%GO:0009914	HORMONE TRANSPORT%GOBP%GO:0009914		45	-0.30009612	-1.0700461	0.2905983	0.98235434	1.0	3654	tags=24%, list=15%, signal=29%	
MAJOR PATHWAY OF RRNA PROCESSING IN THE NUCLEOLUS AND CYTOSOL%REACTOME%R-HSA-6791226.5	MAJOR PATHWAY OF RRNA PROCESSING IN THE NUCLEOLUS AND CYTOSOL%REACTOME%R-HSA-6791226.5		182	-0.24202424	-1.0698746	0.20833333	0.9814098	1.0	5877	tags=37%, list=24%, signal=48%	
PID_FGF_PATHWAY%MSIGDB_C2%PID_FGF_PATHWAY	PID_FGF_PATHWAY%MSIGDB_C2%PID_FGF_PATHWAY		43	-0.30422089	-1.0692787	0.33486238	0.98249626	1.0	1396	tags=16%, list=6%, signal=17%	
REGULATION OF NEUROTRANSMITTER RECEPTOR ACTIVITY%GOBP%GO:0099601	REGULATION OF NEUROTRANSMITTER RECEPTOR ACTIVITY%GOBP%GO:0099601		18	-0.37486836	-1.0680122	0.35714287	0.9866104	1.0	4223	tags=33%, list=17%, signal=40%	
POSITIVE REGULATION OF RAS PROTEIN SIGNAL TRANSDUCTION%GOBP%GO:0046579	POSITIVE REGULATION OF RAS PROTEIN SIGNAL TRANSDUCTION%GOBP%GO:0046579		20	-0.36742148	-1.067141	0.3245283	0.98881084	1.0	2047	tags=25%, list=8%, signal=27%	
OMEGA 6 FATTY ACIDS IN SENESCENCE%WIKIPATHWAYS_20260211%WP5424%HOMO SAPIENS	OMEGA 6 FATTY ACIDS IN SENESCENCE%WIKIPATHWAYS_20260211%WP5424%HOMO SAPIENS		29	-0.33010036	-1.0669442	0.3372093	0.98801315	1.0	2737	tags=21%, list=11%, signal=23%	
COLLAGEN BIOSYNTHESIS AND MODIFYING ENZYMES%REACTOME%R-HSA-1650814.6	COLLAGEN BIOSYNTHESIS AND MODIFYING ENZYMES%REACTOME%R-HSA-1650814.6		67	-0.2744679	-1.0664296	0.31937173	0.98866844	1.0	1981	tags=13%, list=8%, signal=15%	
DIGESTIVE SYSTEM PROCESS%GOBP%GO:0022600	DIGESTIVE SYSTEM PROCESS%GOBP%GO:0022600		54	-0.289734	-1.0661286	0.32692307	0.98832583	1.0	1810	tags=13%, list=7%, signal=14%	
PID_IL12_STAT4_PATHWAY%MSIGDB_C2%PID_IL12_STAT4_PATHWAY	PID_IL12_STAT4_PATHWAY%MSIGDB_C2%PID_IL12_STAT4_PATHWAY		27	-0.32957605	-1.0654027	0.3074074	0.9900058	1.0	1334	tags=15%, list=5%, signal=16%	
CHONDROITIN SULFATE PROTEOGLYCAN BIOSYNTHETIC PROCESS%GOBP%GO:0050650	CHONDROITIN SULFATE PROTEOGLYCAN BIOSYNTHETIC PROCESS%GOBP%GO:0050650		24	-0.33589178	-1.0651798	0.3125	0.9893102	1.0	3874	tags=29%, list=16%, signal=35%	
PEXOPHAGY%GOBP%GO:0000425	PEXOPHAGY%GOBP%GO:0000425		16	-0.3898368	-1.0649284	0.3275862	0.9887824	1.0	6033	tags=56%, list=25%, signal=75%	
LEUCINE STIMULATION ON INSULIN SIGNALING%SMPDB%SMP0000682	LEUCINE STIMULATION ON INSULIN SIGNALING%SMPDB%SMP0000682		15	-0.39345577	-1.0642526	0.35928145	0.9900749	1.0	3926	tags=27%, list=16%, signal=32%	
G PROTEIN-COUPLED GLUTAMATE RECEPTOR SIGNALING PATHWAY%GOBP%GO:0007216	G PROTEIN-COUPLED GLUTAMATE RECEPTOR SIGNALING PATHWAY%GOBP%GO:0007216		15	-0.39636058	-1.0640651	0.366782	0.98921764	1.0	676	tags=20%, list=3%, signal=21%	
NUCLEOTIDE EXCISION REPAIR%WIKIPATHWAYS_20260211%WP4753%HOMO SAPIENS	NUCLEOTIDE EXCISION REPAIR%WIKIPATHWAYS_20260211%WP4753%HOMO SAPIENS		32	-0.32131314	-1.0640217	0.34200743	0.9877393	1.0	5676	tags=47%, list=23%, signal=61%	
VALIDATED NUCLEAR ESTROGEN RECEPTOR ALPHA NETWORK%PATHWAY INTERACTION DATABASE NCI-NATURE CURATED DATA%VALIDATED NUCLEAR ESTROGEN RECEPTOR ALPHA NETWORK	VALIDATED NUCLEAR ESTROGEN RECEPTOR ALPHA NETWORK%PATHWAY INTERACTION DATABASE NCI-NATURE CURATED DATA%VALIDATED NUCLEAR ESTROGEN RECEPTOR ALPHA NETWORK		64	-0.28117222	-1.0631621	0.2735849	0.99003917	1.0	3195	tags=20%, list=13%, signal=23%	
PROTEIN SECRETION%GOBP%GO:0009306	PROTEIN SECRETION%GOBP%GO:0009306		68	-0.27748516	-1.063099	0.31937173	0.98865515	1.0	2718	tags=19%, list=11%, signal=21%	
SUBSTANTIA NIGRA DEVELOPMENT%GOBP%GO:0021762	SUBSTANTIA NIGRA DEVELOPMENT%GOBP%GO:0021762		41	-0.30789685	-1.0627155	0.3114754	0.98864806	1.0	2254	tags=17%, list=9%, signal=19%	
REGULATION OF DNA-TEMPLATED TRANSCRIPTION INITIATION%GOBP%GO:2000142	REGULATION OF DNA-TEMPLATED TRANSCRIPTION INITIATION%GOBP%GO:2000142		82	-0.26532072	-1.0624908	0.28282827	0.988048	1.0	2734	tags=18%, list=11%, signal=21%	
CARBOXYTERMINAL POST-TRANSLATIONAL MODIFICATIONS OF TUBULIN%REACTOME DATABASE ID RELEASE 95%8955332	CARBOXYTERMINAL POST-TRANSLATIONAL MODIFICATIONS OF TUBULIN%REACTOME DATABASE ID RELEASE 95%8955332		42	-0.29739904	-1.0624411	0.32512316	0.986611	1.0	4821	tags=36%, list=20%, signal=44%	
MITOCHONDRIAL CALCIUM ION TRANSPORT%REACTOME DATABASE ID RELEASE 95%8949215	MITOCHONDRIAL CALCIUM ION TRANSPORT%REACTOME DATABASE ID RELEASE 95%8949215		23	-0.35165894	-1.0617454	0.37979093	0.98825485	1.0	1215	tags=9%, list=5%, signal=9%	
CIRCADIAN CLOCK%REACTOME DATABASE ID RELEASE 95%9909396	CIRCADIAN CLOCK%REACTOME DATABASE ID RELEASE 95%9909396		108	-0.2653739	-1.060173	0.3305785	0.993921	1.0	5481	tags=36%, list=22%, signal=46%	
P53-DEPENDENT G1 S DNA DAMAGE CHECKPOINT%REACTOME DATABASE ID RELEASE 95%69580	P53-DEPENDENT G1 S DNA DAMAGE CHECKPOINT%REACTOME DATABASE ID RELEASE 95%69580		53	-0.28718615	-1.059993	0.3222749	0.99312395	1.0	4658	tags=38%, list=19%, signal=46%	
NEGATIVE REGULATION OF MUSCLE CELL APOPTOTIC PROCESS%GOBP%GO:0010656	NEGATIVE REGULATION OF MUSCLE CELL APOPTOTIC PROCESS%GOBP%GO:0010656		26	-0.33658648	-1.0596981	0.3539519	0.992763	1.0	4098	tags=23%, list=17%, signal=28%	
REGULATION OF SMOOTH MUSCLE CELL APOPTOTIC PROCESS%GOBP%GO:0034391	REGULATION OF SMOOTH MUSCLE CELL APOPTOTIC PROCESS%GOBP%GO:0034391		22	-0.3475444	-1.0595709	0.37192982	0.99170893	1.0	6967	tags=55%, list=28%, signal=76%	
TP53 REGULATES TRANSCRIPTION OF GENES INVOLVED IN CYTOCHROME C RELEASE%REACTOME%R-HSA-6803204.3	TP53 REGULATES TRANSCRIPTION OF GENES INVOLVED IN CYTOCHROME C RELEASE%REACTOME%R-HSA-6803204.3		20	-0.35289192	-1.0591441	0.35494882	0.99189895	1.0	4818	tags=40%, list=20%, signal=50%	
VASCULAR TRANSPORT%GOBP%GO:0010232	VASCULAR TRANSPORT%GOBP%GO:0010232		88	-0.26312193	-1.0585577	0.3243243	0.99288744	1.0	2821	tags=20%, list=12%, signal=23%	
POSITIVE REGULATION OF PROTEIN TRANSPORT%GOBP%GO:0051222	POSITIVE REGULATION OF PROTEIN TRANSPORT%GOBP%GO:0051222		183	-0.23503453	-1.0570176	0.275	0.9983801	1.0	2857	tags=16%, list=12%, signal=18%	
POSITIVE REGULATION OF TRANSLATION%GOBP%GO:0045727	POSITIVE REGULATION OF TRANSLATION%GOBP%GO:0045727		117	-0.25255102	-1.0569274	0.2888889	0.9971875	1.0	3958	tags=26%, list=16%, signal=30%	
BIOCARTA_MTOR_PATHWAY%MSIGDB_C2%BIOCARTA_MTOR_PATHWAY	BIOCARTA_MTOR_PATHWAY%MSIGDB_C2%BIOCARTA_MTOR_PATHWAY		17	-0.3740415	-1.0568962	0.3657718	0.99566066	1.0	4408	tags=29%, list=18%, signal=36%	
REGULATION OF RETINOBLASTOMA PROTEIN%PATHWAY INTERACTION DATABASE NCI-NATURE CURATED DATA%REGULATION OF RETINOBLASTOMA PROTEIN	REGULATION OF RETINOBLASTOMA PROTEIN%PATHWAY INTERACTION DATABASE NCI-NATURE CURATED DATA%REGULATION OF RETINOBLASTOMA PROTEIN		65	-0.27506447	-1.0563937	0.3043478	0.99633795	1.0	332	tags=8%, list=1%, signal=8%	
NEURAL NUCLEUS DEVELOPMENT%GOBP%GO:0048857	NEURAL NUCLEUS DEVELOPMENT%GOBP%GO:0048857		46	-0.2914758	-1.05508	0.36086956	1.0	1.0	2254	tags=15%, list=9%, signal=17%	
VIRAL MRNA TRANSLATION%REACTOME DATABASE ID RELEASE 95%192823	VIRAL MRNA TRANSLATION%REACTOME DATABASE ID RELEASE 95%192823		89	-0.26205453	-1.0548956	0.29285714	0.9998641	1.0	6117	tags=34%, list=25%, signal=45%	
CELLULAR RESPONSE TO NUTRIENT LEVELS%GOBP%GO:0031669	CELLULAR RESPONSE TO NUTRIENT LEVELS%GOBP%GO:0031669		187	-0.23750328	-1.0538559	0.35135135	1.0	1.0	3724	tags=18%, list=15%, signal=21%	
POSITIVE REGULATION OF INSULIN SECRETION%GOBP%GO:0032024	POSITIVE REGULATION OF INSULIN SECRETION%GOBP%GO:0032024		49	-0.29340544	-1.0530926	0.38495576	1.0	1.0	2646	tags=16%, list=11%, signal=18%	
PROTEIN SYNTHESIS: ARGININE%SMPDB%SMP0111853	PROTEIN SYNTHESIS: ARGININE%SMPDB%SMP0111853		79	-0.26772818	-1.0528857	0.31736526	1.0	1.0	6023	tags=34%, list=25%, signal=45%	
NEURAL CREST CELL MIGRATION IN CANCER%WIKIPATHWAYS_20260211%WP4565%HOMO SAPIENS	NEURAL CREST CELL MIGRATION IN CANCER%WIKIPATHWAYS_20260211%WP4565%HOMO SAPIENS		31	-0.33146116	-1.0525161	0.33076924	1.0	1.0	1488	tags=16%, list=6%, signal=17%	
POSITIVE REGULATION OF DNA-TEMPLATED TRANSCRIPTION INITIATION%GOBP%GO:2000144	POSITIVE REGULATION OF DNA-TEMPLATED TRANSCRIPTION INITIATION%GOBP%GO:2000144		64	-0.27981332	-1.0520471	0.34042552	1.0	1.0	2631	tags=19%, list=11%, signal=21%	
COOPERATION OF PREFOLDIN AND TRIC CCT IN ACTIN AND TUBULIN FOLDING%REACTOME DATABASE ID RELEASE 95%389958	COOPERATION OF PREFOLDIN AND TRIC CCT IN ACTIN AND TUBULIN FOLDING%REACTOME DATABASE ID RELEASE 95%389958		33	-0.31691658	-1.0517324	0.34979424	1.0	1.0	4352	tags=33%, list=18%, signal=40%	
AZATHIOPRINE ADME%REACTOME DATABASE ID RELEASE 95%9748787	AZATHIOPRINE ADME%REACTOME DATABASE ID RELEASE 95%9748787		23	-0.3434161	-1.0516342	0.3463035	1.0	1.0	3434	tags=26%, list=14%, signal=30%	
MIR TARGETED GENES IN LEUKOCYTES%WIKIPATHWAYS_20260211%WP2003%HOMO SAPIENS	MIR TARGETED GENES IN LEUKOCYTES%WIKIPATHWAYS_20260211%WP2003%HOMO SAPIENS		103	-0.25480446	-1.0513054	0.3309859	1.0	1.0	2305	tags=18%, list=9%, signal=20%	
5-HYDROXYTRYPTAMINE DEGREDATION%PANTHER PATHWAY%P04372	5-HYDROXYTRYPTAMINE DEGREDATION%PANTHER PATHWAY%P04372		18	-0.37230793	-1.050175	0.35986158	1.0	1.0	2229	tags=28%, list=9%, signal=31%	
BIOCARTA_VEGF_PATHWAY%MSIGDB_C2%BIOCARTA_VEGF_PATHWAY	BIOCARTA_VEGF_PATHWAY%MSIGDB_C2%BIOCARTA_VEGF_PATHWAY		22	-0.34498054	-1.0490204	0.34948096	1.0	1.0	3070	tags=18%, list=13%, signal=21%	
AMINO ACID TRANSMEMBRANE TRANSPORT%GOBP%GO:0003333	AMINO ACID TRANSMEMBRANE TRANSPORT%GOBP%GO:0003333		74	-0.26576433	-1.0486751	0.33918127	1.0	1.0	1702	tags=15%, list=7%, signal=16%	
CONSTITUTIVE SIGNALING BY NOTCH1 HD DOMAIN MUTANTS%REACTOME%R-HSA-2691232.3	CONSTITUTIVE SIGNALING BY NOTCH1 HD DOMAIN MUTANTS%REACTOME%R-HSA-2691232.3		15	-0.3898697	-1.048101	0.37699682	1.0	1.0	4489	tags=40%, list=18%, signal=49%	
REGULATION OF EXECUTION PHASE OF APOPTOSIS%GOBP%GO:1900117	REGULATION OF EXECUTION PHASE OF APOPTOSIS%GOBP%GO:1900117		18	-0.3665052	-1.0475476	0.36363637	1.0	1.0	3358	tags=39%, list=14%, signal=45%	
ENTRAINMENT OF CIRCADIAN CLOCK BY PHOTOPERIOD%GOBP%GO:0043153	ENTRAINMENT OF CIRCADIAN CLOCK BY PHOTOPERIOD%GOBP%GO:0043153		23	-0.35124305	-1.04712	0.3696498	1.0	1.0	4964	tags=39%, list=20%, signal=49%	
TRANSPORT ACROSS BLOOD-BRAIN BARRIER%GOBP%GO:0150104	TRANSPORT ACROSS BLOOD-BRAIN BARRIER%GOBP%GO:0150104		88	-0.26312193	-1.0469335	0.30718955	1.0	1.0	2821	tags=20%, list=12%, signal=23%	
RESOLUTION OF ABASIC SITES (AP SITES)%REACTOME DATABASE ID RELEASE 95%73933	RESOLUTION OF ABASIC SITES (AP SITES)%REACTOME DATABASE ID RELEASE 95%73933		36	-0.3141642	-1.0458037	0.37391305	1.0	1.0	5908	tags=39%, list=24%, signal=51%	
GALANIN RECEPTOR PATHWAY%WIKIPATHWAYS_20260211%WP4970%HOMO SAPIENS	GALANIN RECEPTOR PATHWAY%WIKIPATHWAYS_20260211%WP4970%HOMO SAPIENS		15	-0.3936055	-1.0455472	0.38390094	1.0	1.0	2737	tags=27%, list=11%, signal=30%	
SPERM AXONEME ASSEMBLY%GOBP%GO:0007288	SPERM AXONEME ASSEMBLY%GOBP%GO:0007288		26	-0.3390324	-1.0455226	0.3927273	1.0	1.0	3937	tags=27%, list=16%, signal=32%	
NEGATIVE REGULATION OF ACTIN FILAMENT BUNDLE ASSEMBLY%GOBP%GO:0032232	NEGATIVE REGULATION OF ACTIN FILAMENT BUNDLE ASSEMBLY%GOBP%GO:0032232		27	-0.33080977	-1.0450821	0.39748955	1.0	1.0	4271	tags=30%, list=17%, signal=36%	
PID_DELTA_NP63_PATHWAY%MSIGDB_C2%PID_DELTA_NP63_PATHWAY	PID_DELTA_NP63_PATHWAY%MSIGDB_C2%PID_DELTA_NP63_PATHWAY		39	-0.3014538	-1.0450425	0.3647541	1.0	1.0	36	tags=5%, list=0%, signal=5%	
NIK-->NONCANONICAL NF-KB SIGNALING%REACTOME%R-HSA-5676590.3	NIK-->NONCANONICAL NF-KB SIGNALING%REACTOME%R-HSA-5676590.3		46	-0.29830313	-1.0450375	0.3556701	1.0	1.0	4658	tags=37%, list=19%, signal=46%	
MBDNF AND PROBDNF REGULATION OF GABA NEUROTRANSMISSION%WIKIPATHWAYS_20260211%WP4829%HOMO SAPIENS	MBDNF AND PROBDNF REGULATION OF GABA NEUROTRANSMISSION%WIKIPATHWAYS_20260211%WP4829%HOMO SAPIENS		31	-0.32794338	-1.0447757	0.35531136	1.0	1.0	1382	tags=13%, list=6%, signal=14%	
PROTEIN COMPLEX OLIGOMERIZATION%GOBP%GO:0051259	PROTEIN COMPLEX OLIGOMERIZATION%GOBP%GO:0051259		193	-0.230867	-1.0446568	0.27586207	1.0	1.0	1340	tags=10%, list=5%, signal=10%	
NUCLEAR EVENTS MEDIATED BY NFE2L2%REACTOME%R-HSA-9759194.4	NUCLEAR EVENTS MEDIATED BY NFE2L2%REACTOME%R-HSA-9759194.4		86	-0.25409412	-1.044615	0.37333333	1.0	1.0	5393	tags=33%, list=22%, signal=42%	
PID_FOXO_PATHWAY%MSIGDB_C2%PID_FOXO_PATHWAY	PID_FOXO_PATHWAY%MSIGDB_C2%PID_FOXO_PATHWAY		38	-0.30604053	-1.0442581	0.3516949	1.0	1.0	2363	tags=18%, list=10%, signal=20%	
REGULATION OF NEUROTRANSMITTER SECRETION%GOBP%GO:0046928	REGULATION OF NEUROTRANSMITTER SECRETION%GOBP%GO:0046928		55	-0.285421	-1.0440584	0.39285713	1.0	1.0	2637	tags=20%, list=11%, signal=22%	
PROTEIN LOCALIZATION TO PHAGOPHORE ASSEMBLY SITE%GOBP%GO:0034497	PROTEIN LOCALIZATION TO PHAGOPHORE ASSEMBLY SITE%GOBP%GO:0034497		16	-0.3846389	-1.043791	0.37248322	1.0	1.0	6507	tags=50%, list=27%, signal=68%	
PROTEIN SYNTHESIS: LEUCINE%SMPDB%SMP0111873	PROTEIN SYNTHESIS: LEUCINE%SMPDB%SMP0111873		79	-0.26496685	-1.043786	0.36571428	1.0	1.0	6023	tags=34%, list=25%, signal=45%	
EMBRYONIC SKELETAL SYSTEM DEVELOPMENT%GOBP%GO:0048706	EMBRYONIC SKELETAL SYSTEM DEVELOPMENT%GOBP%GO:0048706		60	-0.27405772	-1.0424206	0.36723164	1.0	1.0	3712	tags=23%, list=15%, signal=27%	
UNFOLDED PROTEIN RESPONSE%WIKIPATHWAYS_20260211%WP4925%HOMO SAPIENS	UNFOLDED PROTEIN RESPONSE%WIKIPATHWAYS_20260211%WP4925%HOMO SAPIENS		18	-0.37155476	-1.0423815	0.40666667	1.0	1.0	4818	tags=44%, list=20%, signal=55%	
INTERLEUKIN-37 SIGNALING%REACTOME DATABASE ID RELEASE 95%9008059	INTERLEUKIN-37 SIGNALING%REACTOME DATABASE ID RELEASE 95%9008059		21	-0.34681457	-1.0419894	0.3881119	1.0	1.0	1152	tags=19%, list=5%, signal=20%	
PID_P38_ALPHA_BETA_DOWNSTREAM_PATHWAY%MSIGDB_C2%PID_P38_ALPHA_BETA_DOWNSTREAM_PATHWAY	PID_P38_ALPHA_BETA_DOWNSTREAM_PATHWAY%MSIGDB_C2%PID_P38_ALPHA_BETA_DOWNSTREAM_PATHWAY		26	-0.33195272	-1.0410811	0.38831615	1.0	1.0	3849	tags=27%, list=16%, signal=32%	
NOTCH SIGNALING%WIKIPATHWAYS_20260211%WP61%HOMO SAPIENS	NOTCH SIGNALING%WIKIPATHWAYS_20260211%WP61%HOMO SAPIENS		42	-0.29447424	-1.0405878	0.35856575	1.0	1.0	131	tags=7%, list=1%, signal=7%	
P53-DEPENDENT G1 DNA DAMAGE RESPONSE%REACTOME%R-HSA-69563.6	P53-DEPENDENT G1 DNA DAMAGE RESPONSE%REACTOME%R-HSA-69563.6		53	-0.28718615	-1.0402151	0.37799042	1.0	1.0	4658	tags=38%, list=19%, signal=46%	
APC C-MEDIATED DEGRADATION OF CELL CYCLE PROTEINS%REACTOME DATABASE ID RELEASE 95%174143	APC C-MEDIATED DEGRADATION OF CELL CYCLE PROTEINS%REACTOME DATABASE ID RELEASE 95%174143		75	-0.26710865	-1.0394727	0.37209302	1.0	1.0	4690	tags=32%, list=19%, signal=39%	
POSITIVE REGULATION OF ERYTHROCYTE DIFFERENTIATION%GOBP%GO:0045648	POSITIVE REGULATION OF ERYTHROCYTE DIFFERENTIATION%GOBP%GO:0045648		27	-0.33128268	-1.039326	0.3927273	1.0	1.0	970	tags=15%, list=4%, signal=15%	
REGULATION OF CELLULAR RESPONSE TO HEAT%GOBP%GO:1900034	REGULATION OF CELLULAR RESPONSE TO HEAT%GOBP%GO:1900034		16	-0.37964374	-1.0386745	0.415625	1.0	1.0	1950	tags=19%, list=8%, signal=20%	
CHONDROITIN SULFATE PROTEOGLYCAN METABOLIC PROCESS%GOBP%GO:0050654	CHONDROITIN SULFATE PROTEOGLYCAN METABOLIC PROCESS%GOBP%GO:0050654		31	-0.3195317	-1.0384243	0.38492063	1.0	1.0	1980	tags=16%, list=8%, signal=18%	
POSITIVE REGULATION OF NUCLEOTIDE METABOLIC PROCESS%GOBP%GO:0045981	POSITIVE REGULATION OF NUCLEOTIDE METABOLIC PROCESS%GOBP%GO:0045981		30	-0.31534034	-1.0369612	0.38148147	1.0	1.0	2491	tags=23%, list=10%, signal=26%	
ESTABLISHMENT OF PROTEIN LOCALIZATION TO EXTRACELLULAR REGION%GOBP%GO:0035592	ESTABLISHMENT OF PROTEIN LOCALIZATION TO EXTRACELLULAR REGION%GOBP%GO:0035592		71	-0.2730637	-1.0368197	0.3488372	1.0	1.0	2718	tags=18%, list=11%, signal=21%	
METHIONINE ADENOSYLTRANSFERASE DEFICIENCY%SMPDB%SMP0000221	METHIONINE ADENOSYLTRANSFERASE DEFICIENCY%SMPDB%SMP0000221		16	-0.36551157	-1.036318	0.42628205	1.0	1.0	1600	tags=25%, list=7%, signal=27%	
REGULATION OF SKELETAL MUSCLE CONTRACTION%GOBP%GO:0014819	REGULATION OF SKELETAL MUSCLE CONTRACTION%GOBP%GO:0014819		17	-0.36962274	-1.0355461	0.38175675	1.0	1.0	706	tags=12%, list=3%, signal=12%	
INTERMEDIATE FILAMENT ORGANIZATION%GOBP%GO:0045109	INTERMEDIATE FILAMENT ORGANIZATION%GOBP%GO:0045109		72	-0.26889482	-1.0354719	0.37704918	1.0	1.0	2803	tags=15%, list=11%, signal=17%	
REGULATION OF CIRCADIAN RHYTHM%GOBP%GO:0042752	REGULATION OF CIRCADIAN RHYTHM%GOBP%GO:0042752		101	-0.25305098	-1.035439	0.36363637	1.0	1.0	3654	tags=24%, list=15%, signal=28%	
INTERFERON TYPE I SIGNALING%WIKIPATHWAYS_20260211%WP585%HOMO SAPIENS	INTERFERON TYPE I SIGNALING%WIKIPATHWAYS_20260211%WP585%HOMO SAPIENS		49	-0.28741193	-1.0350034	0.3598131	1.0	1.0	3423	tags=20%, list=14%, signal=24%	
REGULATION OF PROTEIN EXIT FROM ENDOPLASMIC RETICULUM%GOBP%GO:0070861	REGULATION OF PROTEIN EXIT FROM ENDOPLASMIC RETICULUM%GOBP%GO:0070861		31	-0.32714447	-1.0348161	0.3628692	1.0	1.0	2857	tags=19%, list=12%, signal=22%	
PD-1 SIGNALING%REACTOME%R-HSA-389948.6	PD-1 SIGNALING%REACTOME%R-HSA-389948.6		185	-0.23153506	-1.0346069	0.32894737	1.0	1.0	2798	tags=19%, list=11%, signal=22%	
RAC1 SIGNALING PATHWAY%PATHWAY INTERACTION DATABASE NCI-NATURE CURATED DATA%RAC1 SIGNALING PATHWAY	RAC1 SIGNALING PATHWAY%PATHWAY INTERACTION DATABASE NCI-NATURE CURATED DATA%RAC1 SIGNALING PATHWAY		54	-0.28099698	-1.034544	0.3860465	1.0	1.0	5113	tags=33%, list=21%, signal=42%	
CELLULAR RESPONSE TO TYPE I INTERFERON%GOBP%GO:0071357	CELLULAR RESPONSE TO TYPE I INTERFERON%GOBP%GO:0071357		78	-0.25972384	-1.034477	0.34020618	1.0	1.0	4409	tags=27%, list=18%, signal=33%	
P38 MAPK PATHWAY%PANTHER PATHWAY%P05918	P38 MAPK PATHWAY%PANTHER PATHWAY%P05918		27	-0.31796998	-1.0336235	0.4068441	1.0	1.0	2806	tags=15%, list=11%, signal=17%	
RENAL ABSORPTION%GOBP%GO:0070293	RENAL ABSORPTION%GOBP%GO:0070293		27	-0.33488488	-1.0336013	0.37931034	1.0	1.0	1982	tags=22%, list=8%, signal=24%	
NEGATIVE REGULATION OF GTPASE ACTIVITY%GOBP%GO:0034260	NEGATIVE REGULATION OF GTPASE ACTIVITY%GOBP%GO:0034260		15	-0.38642004	-1.0328223	0.37867647	1.0	1.0	693	tags=20%, list=3%, signal=21%	
ARACHIDONATE METABOLITES BIOSYNTHESIS%BIOCYC%PWY-8397	ARACHIDONATE METABOLITES BIOSYNTHESIS%BIOCYC%PWY-8397		28	-0.32127956	-1.0323802	0.38432837	1.0	1.0	143	tags=7%, list=1%, signal=7%	
HALLMARK_P53_PATHWAY%MSIGDBHALLMARK%HALLMARK_P53_PATHWAY	HALLMARK_P53_PATHWAY%MSIGDBHALLMARK%HALLMARK_P53_PATHWAY		177	-0.23413746	-1.0307174	0.3529412	1.0	1.0	2760	tags=14%, list=11%, signal=16%	
REGULATION OF MITOTIC CELL CYCLE%REACTOME DATABASE ID RELEASE 95%453276	REGULATION OF MITOTIC CELL CYCLE%REACTOME DATABASE ID RELEASE 95%453276		75	-0.26710865	-1.0307125	0.41954023	1.0	1.0	4690	tags=32%, list=19%, signal=39%	
CD8-POSITIVE, ALPHA-BETA T CELL HOMEOSTASIS%GOBP%GO:0160165	CD8-POSITIVE, ALPHA-BETA T CELL HOMEOSTASIS%GOBP%GO:0160165		15	-0.3808277	-1.0303808	0.4031746	1.0	1.0	2798	tags=20%, list=11%, signal=23%	
HALLMARK_TGF_BETA_SIGNALING%MSIGDBHALLMARK%HALLMARK_TGF_BETA_SIGNALING	HALLMARK_TGF_BETA_SIGNALING%MSIGDBHALLMARK%HALLMARK_TGF_BETA_SIGNALING		43	-0.284574	-1.0296888	0.4173913	1.0	1.0	3094	tags=26%, list=13%, signal=29%	
GLUTATHIONE CONJUGATION%REACTOME%R-HSA-156590.4	GLUTATHIONE CONJUGATION%REACTOME%R-HSA-156590.4		34	-0.30643308	-1.0296084	0.38073394	1.0	1.0	1671	tags=15%, list=7%, signal=16%	
POSITIVE REGULATION OF NUCLEOCYTOPLASMIC TRANSPORT%GOBP%GO:0046824	POSITIVE REGULATION OF NUCLEOCYTOPLASMIC TRANSPORT%GOBP%GO:0046824		46	-0.2825871	-1.0294192	0.33913043	1.0	1.0	2760	tags=17%, list=11%, signal=20%	
HAIR FOLLICLE DEVELOPMENT ORGANOGENESIS STAGE 2 OF 3%WIKIPATHWAYS_20260211%WP2839%HOMO SAPIENS	HAIR FOLLICLE DEVELOPMENT ORGANOGENESIS STAGE 2 OF 3%WIKIPATHWAYS_20260211%WP2839%HOMO SAPIENS		26	-0.32442003	-1.0284314	0.39929327	1.0	1.0	2400	tags=23%, list=10%, signal=26%	
CELLULAR RESPONSE TO LIPOPOLYSACCHARIDE%GOBP%GO:0071222	CELLULAR RESPONSE TO LIPOPOLYSACCHARIDE%GOBP%GO:0071222		122	-0.24726035	-1.028391	0.33846155	1.0	1.0	2246	tags=15%, list=9%, signal=16%	
VIRAL PROTEIN PROCESSING%GOBP%GO:0019082	VIRAL PROTEIN PROCESSING%GOBP%GO:0019082		31	-0.31614918	-1.0279032	0.3852459	1.0	1.0	1460	tags=16%, list=6%, signal=17%	
GENETIC CAUSES OF PORTO SINUSOIDAL VASCULAR DISEASE%WIKIPATHWAYS_20260211%WP5269%HOMO SAPIENS	GENETIC CAUSES OF PORTO SINUSOIDAL VASCULAR DISEASE%WIKIPATHWAYS_20260211%WP5269%HOMO SAPIENS		34	-0.30691996	-1.0277555	0.40458015	1.0	1.0	3121	tags=26%, list=13%, signal=30%	
POSITIVE REGULATION OF COLLAGEN METABOLIC PROCESS%GOBP%GO:0010714	POSITIVE REGULATION OF COLLAGEN METABOLIC PROCESS%GOBP%GO:0010714		16	-0.3769628	-1.0271729	0.42295083	1.0	1.0	3421	tags=31%, list=14%, signal=36%	
ERBB2 ERBB3 SIGNALING EVENTS%PATHWAY INTERACTION DATABASE NCI-NATURE CURATED DATA%ERBB2 ERBB3 SIGNALING EVENTS	ERBB2 ERBB3 SIGNALING EVENTS%PATHWAY INTERACTION DATABASE NCI-NATURE CURATED DATA%ERBB2 ERBB3 SIGNALING EVENTS		41	-0.29419795	-1.0269566	0.39910313	1.0	1.0	2047	tags=17%, list=8%, signal=19%	
POSITIVE REGULATION OF ATP METABOLIC PROCESS%GOBP%GO:1903580	POSITIVE REGULATION OF ATP METABOLIC PROCESS%GOBP%GO:1903580		29	-0.31534454	-1.0264053	0.4110672	1.0	1.0	2491	tags=24%, list=10%, signal=27%	
BONE MINERALIZATION%GOBP%GO:0030282	BONE MINERALIZATION%GOBP%GO:0030282		25	-0.32816455	-1.0259389	0.37102473	1.0	1.0	4168	tags=32%, list=17%, signal=39%	
NEGATIVE REGULATION OF RHO PROTEIN SIGNAL TRANSDUCTION%GOBP%GO:0035024	NEGATIVE REGULATION OF RHO PROTEIN SIGNAL TRANSDUCTION%GOBP%GO:0035024		17	-0.3624107	-1.02588	0.4037855	1.0	1.0	71	tags=6%, list=0%, signal=6%	
FRUCTOSE AND MANNOSE DEGRADATION%SMPDB%SMP0087197	FRUCTOSE AND MANNOSE DEGRADATION%SMPDB%SMP0087197		17	-0.36927158	-1.0245811	0.4	1.0	1.0	2511	tags=18%, list=10%, signal=20%	
PID_AP1_PATHWAY%MSIGDB_C2%PID_AP1_PATHWAY	PID_AP1_PATHWAY%MSIGDB_C2%PID_AP1_PATHWAY		59	-0.27350566	-1.0244265	0.42528737	1.0	1.0	3073	tags=20%, list=13%, signal=23%	
REGULATION OF GLUCOSE METABOLIC PROCESS%GOBP%GO:0010906	REGULATION OF GLUCOSE METABOLIC PROCESS%GOBP%GO:0010906		69	-0.26650977	-1.0239453	0.38333333	1.0	1.0	2690	tags=20%, list=11%, signal=23%	
EPITHELIAL CELL MIGRATION%GOBP%GO:0010631	EPITHELIAL CELL MIGRATION%GOBP%GO:0010631		20	-0.34756115	-1.0236087	0.39405206	1.0	1.0	625	tags=10%, list=3%, signal=10%	
PID_ERBB2_ERBB3_PATHWAY%MSIGDB_C2%PID_ERBB2_ERBB3_PATHWAY	PID_ERBB2_ERBB3_PATHWAY%MSIGDB_C2%PID_ERBB2_ERBB3_PATHWAY		38	-0.3034458	-1.0233332	0.40756303	1.0	1.0	2047	tags=18%, list=8%, signal=20%	
ADHERENS JUNCTIONS INTERACTIONS%REACTOME DATABASE ID RELEASE 95%418990	ADHERENS JUNCTIONS INTERACTIONS%REACTOME DATABASE ID RELEASE 95%418990		200	-0.22908938	-1.0230925	0.34666666	1.0	1.0	2925	tags=19%, list=12%, signal=21%	
PROTEIN PALMITOYLATION%GOBP%GO:0018345	PROTEIN PALMITOYLATION%GOBP%GO:0018345		22	-0.33596498	-1.0230911	0.41666666	1.0	1.0	1589	tags=14%, list=6%, signal=15%	
ORC1 REMOVAL FROM CHROMATIN%REACTOME%R-HSA-68949.5	ORC1 REMOVAL FROM CHROMATIN%REACTOME%R-HSA-68949.5		58	-0.2743988	-1.0230584	0.37914693	1.0	1.0	4658	tags=34%, list=19%, signal=42%	
CYSTATHIONINE BETA-SYNTHASE DEFICIENCY%SMPDB%SMP0000177	CYSTATHIONINE BETA-SYNTHASE DEFICIENCY%SMPDB%SMP0000177		16	-0.36551157	-1.0229375	0.39928058	1.0	1.0	1600	tags=25%, list=7%, signal=27%	
ACTIVATION OF NF-KAPPAB IN B CELLS%REACTOME DATABASE ID RELEASE 95%1169091	ACTIVATION OF NF-KAPPAB IN B CELLS%REACTOME DATABASE ID RELEASE 95%1169091		54	-0.27971596	-1.0229	0.4120603	1.0	1.0	4658	tags=35%, list=19%, signal=43%	
VIRAL TRANSLATION%GOBP%GO:0019081	VIRAL TRANSLATION%GOBP%GO:0019081		15	-0.3849444	-1.0228035	0.41830066	1.0	1.0	5457	tags=33%, list=22%, signal=43%	
INTRINSIC APOPTOTIC SIGNALING PATHWAY%GOBP%GO:0097193	INTRINSIC APOPTOTIC SIGNALING PATHWAY%GOBP%GO:0097193		137	-0.23995078	-1.0227786	0.33333334	1.0	1.0	3647	tags=21%, list=15%, signal=25%	
NEGATIVE REGULATION OF STRESS FIBER ASSEMBLY%GOBP%GO:0051497	NEGATIVE REGULATION OF STRESS FIBER ASSEMBLY%GOBP%GO:0051497		23	-0.34180516	-1.0222156	0.43462896	1.0	1.0	4271	tags=30%, list=17%, signal=37%	
GLUTATHIONE METABOLIC PROCESS%GOBP%GO:0006749	GLUTATHIONE METABOLIC PROCESS%GOBP%GO:0006749		38	-0.30012444	-1.0214404	0.39662448	1.0	1.0	1671	tags=16%, list=7%, signal=17%	
REGULATION OF MORPHOGENESIS OF A BRANCHING STRUCTURE%GOBP%GO:0060688	REGULATION OF MORPHOGENESIS OF A BRANCHING STRUCTURE%GOBP%GO:0060688		28	-0.32490006	-1.0211957	0.4117647	1.0	1.0	1808	tags=14%, list=7%, signal=15%	
ANTIGEN PRESENTATION: FOLDING, ASSEMBLY AND PEPTIDE LOADING OF CLASS I MHC%REACTOME DATABASE ID RELEASE 95%983170	ANTIGEN PRESENTATION: FOLDING, ASSEMBLY AND PEPTIDE LOADING OF CLASS I MHC%REACTOME DATABASE ID RELEASE 95%983170		28	-0.31479284	-1.0207677	0.411985	1.0	1.0	228	tags=7%, list=1%, signal=7%	
L-AMINO ACID BIOSYNTHETIC PROCESS%GOBP%GO:0170034	L-AMINO ACID BIOSYNTHETIC PROCESS%GOBP%GO:0170034		33	-0.3071643	-1.0204467	0.38626608	1.0	1.0	4260	tags=33%, list=17%, signal=40%	
POSITIVE REGULATION OF PURINE NUCLEOTIDE METABOLIC PROCESS%GOBP%GO:1900544	POSITIVE REGULATION OF PURINE NUCLEOTIDE METABOLIC PROCESS%GOBP%GO:1900544		30	-0.31534034	-1.0203671	0.42045453	1.0	1.0	2491	tags=23%, list=10%, signal=26%	
RA BIOSYNTHESIS PATHWAY%REACTOME DATABASE ID RELEASE 95%5365859	RA BIOSYNTHESIS PATHWAY%REACTOME DATABASE ID RELEASE 95%5365859		22	-0.34312958	-1.0201874	0.4280443	1.0	1.0	654	tags=14%, list=3%, signal=14%	
NEGATIVE REGULATION OF PROTEASOMAL PROTEIN CATABOLIC PROCESS%GOBP%GO:1901799	NEGATIVE REGULATION OF PROTEASOMAL PROTEIN CATABOLIC PROCESS%GOBP%GO:1901799		54	-0.27670285	-1.0199686	0.36407766	1.0	1.0	4127	tags=20%, list=17%, signal=24%	
CELLULAR RESPONSE TO ALKALOID%GOBP%GO:0071312	CELLULAR RESPONSE TO ALKALOID%GOBP%GO:0071312		19	-0.35612157	-1.0196687	0.41100323	1.0	1.0	938	tags=16%, list=4%, signal=16%	
POSITIVE REGULATION OF ATP-DEPENDENT ACTIVITY%GOBP%GO:0032781	POSITIVE REGULATION OF ATP-DEPENDENT ACTIVITY%GOBP%GO:0032781		19	-0.3482082	-1.0195347	0.3967213	1.0	1.0	562	tags=11%, list=2%, signal=11%	
TRAF6 MEDIATED IRF7 ACTIVATION%REACTOME%R-HSA-933541.7	TRAF6 MEDIATED IRF7 ACTIVATION%REACTOME%R-HSA-933541.7		29	-0.31160864	-1.0193536	0.3976834	1.0	1.0	4874	tags=31%, list=20%, signal=39%	
METHYLENETETRAHYDROFOLATE REDUCTASE DEFICIENCY (MTHFRD)%SMPDB%SMP0000340	METHYLENETETRAHYDROFOLATE REDUCTASE DEFICIENCY (MTHFRD)%SMPDB%SMP0000340		16	-0.36551157	-1.0190524	0.39240506	1.0	1.0	1600	tags=25%, list=7%, signal=27%	
PROTEIN UBIQUITINATION%REACTOME%R-HSA-8852135.4	PROTEIN UBIQUITINATION%REACTOME%R-HSA-8852135.4		75	-0.26108035	-1.0183417	0.4108108	1.0	1.0	2457	tags=17%, list=10%, signal=19%	
CELLULAR RESPONSE TO STARVATION%REACTOME%R-HSA-9711097.5	CELLULAR RESPONSE TO STARVATION%REACTOME%R-HSA-9711097.5		155	-0.23440772	-1.0178709	0.37078652	1.0	1.0	6035	tags=34%, list=25%, signal=44%	
RECEPTOR-TYPE TYROSINE-PROTEIN PHOSPHATASES%REACTOME%R-HSA-388844.4	RECEPTOR-TYPE TYROSINE-PROTEIN PHOSPHATASES%REACTOME%R-HSA-388844.4		19	-0.3508326	-1.0177802	0.4338983	1.0	1.0	996	tags=16%, list=4%, signal=16%	
DNA DAMAGE RECOGNITION IN GG-NER%REACTOME%R-HSA-5696394.2	DNA DAMAGE RECOGNITION IN GG-NER%REACTOME%R-HSA-5696394.2		37	-0.3002352	-1.0169408	0.37719297	1.0	1.0	3745	tags=27%, list=15%, signal=32%	
NEGATIVE REGULATION OF MYOBLAST FUSION%GOBP%GO:1901740	NEGATIVE REGULATION OF MYOBLAST FUSION%GOBP%GO:1901740		46	-0.28623965	-1.0165826	0.41666666	1.0	1.0	6023	tags=41%, list=25%, signal=55%	
INNER DYNEIN ARM ASSEMBLY%GOBP%GO:0036159	INNER DYNEIN ARM ASSEMBLY%GOBP%GO:0036159		15	-0.37982544	-1.0154333	0.40184048	1.0	1.0	2281	tags=27%, list=9%, signal=29%	
HYPERMETHIONINEMIA%SMPDB%SMP0000341	HYPERMETHIONINEMIA%SMPDB%SMP0000341		16	-0.36551157	-1.0149841	0.40836012	1.0	1.0	1600	tags=25%, list=7%, signal=27%	
RUNX1 REGULATES TRANSCRIPTION OF GENES INVOLVED IN DIFFERENTIATION OF HSCS%REACTOME%R-HSA-8939236.2	RUNX1 REGULATES TRANSCRIPTION OF GENES INVOLVED IN DIFFERENTIATION OF HSCS%REACTOME%R-HSA-8939236.2		84	-0.25717807	-1.0149136	0.41317365	1.0	1.0	2925	tags=20%, list=12%, signal=23%	
POSITIVE REGULATION OF PEPTIDE SECRETION%GOBP%GO:0002793	POSITIVE REGULATION OF PEPTIDE SECRETION%GOBP%GO:0002793		69	-0.26139992	-1.0146139	0.44495413	1.0	1.0	2793	tags=16%, list=11%, signal=18%	
TRANSCRIPTIONAL REGULATION BY RUNX3%REACTOME DATABASE ID RELEASE 95%8878159	TRANSCRIPTIONAL REGULATION BY RUNX3%REACTOME DATABASE ID RELEASE 95%8878159		85	-0.25463888	-1.0144199	0.41358024	1.0	1.0	2925	tags=22%, list=12%, signal=25%	
CORTICOTROPIN RELEASING HORMONE SIGNALING%WIKIPATHWAYS_20260211%WP2355%HOMO SAPIENS	CORTICOTROPIN RELEASING HORMONE SIGNALING%WIKIPATHWAYS_20260211%WP2355%HOMO SAPIENS		72	-0.26537833	-1.0143716	0.424581	1.0	1.0	5467	tags=33%, list=22%, signal=43%	
GLUTATHIONE-MEDIATED DETOXIFICATION I%BIOCYC%PWY-4061	GLUTATHIONE-MEDIATED DETOXIFICATION I%BIOCYC%PWY-4061		19	-0.3503802	-1.0141852	0.42348754	1.0	1.0	1671	tags=16%, list=7%, signal=17%	
RHO GTPASES ACTIVATE PKNS%REACTOME%R-HSA-5625740.3	RHO GTPASES ACTIVATE PKNS%REACTOME%R-HSA-5625740.3		61	-0.27472562	-1.0135022	0.421875	1.0	1.0	1889	tags=13%, list=8%, signal=14%	
REGULATION OF NUCLEAR SMAD2 3 SIGNALING%PATHWAY INTERACTION DATABASE NCI-NATURE CURATED DATA%REGULATION OF NUCLEAR SMAD2 3 SIGNALING	REGULATION OF NUCLEAR SMAD2 3 SIGNALING%PATHWAY INTERACTION DATABASE NCI-NATURE CURATED DATA%REGULATION OF NUCLEAR SMAD2 3 SIGNALING		82	-0.2550502	-1.0134877	0.42528737	1.0	1.0	4733	tags=24%, list=19%, signal=30%	
CLOCK CONTROLLED AUTOPHAGY IN BONE METABOLISM%WIKIPATHWAYS_20260211%WP5205%HOMO SAPIENS	CLOCK CONTROLLED AUTOPHAGY IN BONE METABOLISM%WIKIPATHWAYS_20260211%WP5205%HOMO SAPIENS		63	-0.26777336	-1.013214	0.43589744	1.0	1.0	3512	tags=21%, list=14%, signal=24%	
NEGATIVE REGULATION OF FERROPTOSIS%GOBP%GO:0110076	NEGATIVE REGULATION OF FERROPTOSIS%GOBP%GO:0110076		17	-0.3660025	-1.0131282	0.41639343	1.0	1.0	4404	tags=35%, list=18%, signal=43%	
NEURODEGENERATION WITH BRAIN IRON ACCUMULATION NBIA SUBTYPES PATHWAY%WIKIPATHWAYS_20260211%WP4577%HOMO SAPIENS	NEURODEGENERATION WITH BRAIN IRON ACCUMULATION NBIA SUBTYPES PATHWAY%WIKIPATHWAYS_20260211%WP4577%HOMO SAPIENS		35	-0.3061801	-1.0126891	0.42035398	1.0	1.0	3926	tags=29%, list=16%, signal=34%	
REGULATION OF UBIQUITIN-DEPENDENT PROTEIN CATABOLIC PROCESS%GOBP%GO:2000058	REGULATION OF UBIQUITIN-DEPENDENT PROTEIN CATABOLIC PROCESS%GOBP%GO:2000058		152	-0.23757905	-1.0124247	0.40625	1.0	1.0	4404	tags=24%, list=18%, signal=29%	
RESPONSE TO PURINE-CONTAINING COMPOUND%GOBP%GO:0014074	RESPONSE TO PURINE-CONTAINING COMPOUND%GOBP%GO:0014074		74	-0.25867626	-1.011974	0.39306358	1.0	1.0	1418	tags=12%, list=6%, signal=13%	
PLATELET HOMEOSTASIS%REACTOME%R-HSA-418346.4	PLATELET HOMEOSTASIS%REACTOME%R-HSA-418346.4		85	-0.25291824	-1.0118479	0.41721854	1.0	1.0	3899	tags=28%, list=16%, signal=33%	
AMINO ACID TRANSPORT ACROSS THE PLASMA MEMBRANE%REACTOME%R-HSA-352230.6	AMINO ACID TRANSPORT ACROSS THE PLASMA MEMBRANE%REACTOME%R-HSA-352230.6		31	-0.31217468	-1.0117557	0.44802868	1.0	1.0	1702	tags=23%, list=7%, signal=24%	
NEGATIVE REGULATION OF PROTEIN TRANSPORT%GOBP%GO:0051224	NEGATIVE REGULATION OF PROTEIN TRANSPORT%GOBP%GO:0051224		79	-0.25733626	-1.0115559	0.45517242	1.0	1.0	2029	tags=13%, list=8%, signal=14%	
PROTEIN K48-LINKED DEUBIQUITINATION%GOBP%GO:0071108	PROTEIN K48-LINKED DEUBIQUITINATION%GOBP%GO:0071108		22	-0.33596414	-1.0115467	0.42181817	1.0	1.0	3955	tags=27%, list=16%, signal=32%	
NEGATIVE REGULATION OF EPITHELIAL CELL MIGRATION%GOBP%GO:0010633	NEGATIVE REGULATION OF EPITHELIAL CELL MIGRATION%GOBP%GO:0010633		15	-0.37316957	-1.0114129	0.41744548	1.0	1.0	4844	tags=33%, list=20%, signal=42%	
PLATELET SENSITIZATION BY LDL%REACTOME%R-HSA-432142.4	PLATELET SENSITIZATION BY LDL%REACTOME%R-HSA-432142.4		17	-0.37121466	-1.0108625	0.44027305	1.0	1.0	3454	tags=35%, list=14%, signal=41%	
SPINAL CORD DEVELOPMENT%GOBP%GO:0021510	SPINAL CORD DEVELOPMENT%GOBP%GO:0021510		35	-0.30378795	-1.0108416	0.44715446	1.0	1.0	1294	tags=14%, list=5%, signal=15%	
P53 PATHWAY%PANTHER PATHWAY%P00059	P53 PATHWAY%PANTHER PATHWAY%P00059		43	-0.28922305	-1.0107026	0.42201835	1.0	1.0	3581	tags=21%, list=15%, signal=24%	
HALLMARK_G2M_CHECKPOINT%MSIGDBHALLMARK%HALLMARK_G2M_CHECKPOINT	HALLMARK_G2M_CHECKPOINT%MSIGDBHALLMARK%HALLMARK_G2M_CHECKPOINT		144	-0.23362885	-1.0100164	0.4021739	1.0	1.0	5065	tags=31%, list=21%, signal=39%	
ESR-MEDIATED SIGNALING%REACTOME DATABASE ID RELEASE 95%8939211	ESR-MEDIATED SIGNALING%REACTOME DATABASE ID RELEASE 95%8939211		183	-0.22717084	-1.0097082	0.36	1.0	1.0	2296	tags=15%, list=9%, signal=16%	
GLYCINE N-METHYLTRANSFERASE DEFICIENCY%SMPDB%SMP0000222	GLYCINE N-METHYLTRANSFERASE DEFICIENCY%SMPDB%SMP0000222		16	-0.36551157	-1.0096755	0.37459284	1.0	1.0	1600	tags=25%, list=7%, signal=27%	
INTERLEUKIN-4 AND INTERLEUKIN-13 SIGNALING%REACTOME DATABASE ID RELEASE 95%6785807	INTERLEUKIN-4 AND INTERLEUKIN-13 SIGNALING%REACTOME DATABASE ID RELEASE 95%6785807		111	-0.23863065	-1.0095972	0.42331287	1.0	1.0	1551	tags=11%, list=6%, signal=11%	
POSITIVE REGULATION OF NEURON DIFFERENTIATION%GOBP%GO:0045666	POSITIVE REGULATION OF NEURON DIFFERENTIATION%GOBP%GO:0045666		40	-0.2924828	-1.0081612	0.43255815	1.0	1.0	2696	tags=23%, list=11%, signal=25%	
KIDNEY DEVELOPMENT%REACTOME DATABASE ID RELEASE 95%9830369	KIDNEY DEVELOPMENT%REACTOME DATABASE ID RELEASE 95%9830369		46	-0.28462705	-1.0080737	0.43414634	1.0	1.0	1808	tags=15%, list=7%, signal=16%	
REGULATION OF HEART GROWTH%GOBP%GO:0060420	REGULATION OF HEART GROWTH%GOBP%GO:0060420		29	-0.31115642	-1.0077232	0.43727598	1.0	1.0	2942	tags=24%, list=12%, signal=27%	
TYPE 2 PAPILLARY RENAL CELL CARCINOMA%WIKIPATHWAYS_20260211%WP4241%HOMO SAPIENS	TYPE 2 PAPILLARY RENAL CELL CARCINOMA%WIKIPATHWAYS_20260211%WP4241%HOMO SAPIENS		24	-0.3266807	-1.0073545	0.40418118	1.0	1.0	2760	tags=21%, list=11%, signal=23%	
MAINTENANCE OF BLOOD-BRAIN BARRIER%GOBP%GO:0035633	MAINTENANCE OF BLOOD-BRAIN BARRIER%GOBP%GO:0035633		32	-0.30973437	-1.0062797	0.45318353	1.0	1.0	785	tags=9%, list=3%, signal=10%	
CELL-CELL JUNCTION ASSEMBLY%GOBP%GO:0007043	CELL-CELL JUNCTION ASSEMBLY%GOBP%GO:0007043		101	-0.24418809	-1.0058484	0.46715328	1.0	1.0	1808	tags=12%, list=7%, signal=13%	
REGULATION OF LIPOPOLYSACCHARIDE-MEDIATED SIGNALING PATHWAY%GOBP%GO:0031664	REGULATION OF LIPOPOLYSACCHARIDE-MEDIATED SIGNALING PATHWAY%GOBP%GO:0031664		29	-0.31988072	-1.0058185	0.4375	1.0	1.0	2246	tags=28%, list=9%, signal=30%	
SELENOCYSTEINE SYNTHESIS%REACTOME DATABASE ID RELEASE 95%2408557	SELENOCYSTEINE SYNTHESIS%REACTOME DATABASE ID RELEASE 95%2408557		93	-0.24838887	-1.0057726	0.4513889	1.0	1.0	6117	tags=32%, list=25%, signal=43%	
SELENOAMINO ACID METABOLISM%REACTOME DATABASE ID RELEASE 95%2408522	SELENOAMINO ACID METABOLISM%REACTOME DATABASE ID RELEASE 95%2408522		116	-0.23449685	-1.0053055	0.511811	1.0	1.0	5877	tags=31%, list=24%, signal=41%	
SIGNALING BY NOTCH4%REACTOME%R-HSA-9013694.3	SIGNALING BY NOTCH4%REACTOME%R-HSA-9013694.3		71	-0.26105702	-1.0052307	0.43502825	1.0	1.0	2925	tags=20%, list=12%, signal=22%	
S-ADENOSYLHOMOCYSTEINE (SAH) HYDROLASE DEFICIENCY%PATHWHIZ%PW000102	S-ADENOSYLHOMOCYSTEINE (SAH) HYDROLASE DEFICIENCY%PATHWHIZ%PW000102		16	-0.36551157	-1.0048035	0.425	1.0	1.0	1600	tags=25%, list=7%, signal=27%	
REGULATION OF GTPASE ACTIVITY%GOBP%GO:0043087	REGULATION OF GTPASE ACTIVITY%GOBP%GO:0043087		117	-0.23564368	-1.0046244	0.42857143	1.0	1.0	2718	tags=17%, list=11%, signal=19%	
STRIATED MUSCLE CELL DEVELOPMENT%GOBP%GO:0055002	STRIATED MUSCLE CELL DEVELOPMENT%GOBP%GO:0055002		92	-0.2488481	-1.0037122	0.4909091	1.0	1.0	2110	tags=13%, list=9%, signal=14%	
MEMBRANE REPOLARIZATION DURING CARDIAC MUSCLE CELL ACTION POTENTIAL%GOBP%GO:0086013	MEMBRANE REPOLARIZATION DURING CARDIAC MUSCLE CELL ACTION POTENTIAL%GOBP%GO:0086013		17	-0.35335696	-1.0033085	0.4723127	1.0	1.0	1812	tags=18%, list=7%, signal=19%	
PHOSPHATE ION TRANSPORT%GOBP%GO:0006817	PHOSPHATE ION TRANSPORT%GOBP%GO:0006817		18	-0.34137782	-1.0029655	0.43537414	1.0	1.0	3061	tags=17%, list=12%, signal=19%	
CANONICAL WNT SIGNALING PATHWAY%PATHWAY INTERACTION DATABASE NCI-NATURE CURATED DATA%CANONICAL WNT SIGNALING PATHWAY	CANONICAL WNT SIGNALING PATHWAY%PATHWAY INTERACTION DATABASE NCI-NATURE CURATED DATA%CANONICAL WNT SIGNALING PATHWAY		20	-0.35018185	-1.0029476	0.41414142	1.0	1.0	5230	tags=40%, list=21%, signal=51%	
EMBRYONIC DIGIT MORPHOGENESIS%GOBP%GO:0042733	EMBRYONIC DIGIT MORPHOGENESIS%GOBP%GO:0042733		18	-0.35765538	-1.002945	0.42704627	1.0	1.0	3487	tags=28%, list=14%, signal=32%	
HALLMARK_NOTCH_SIGNALING%MSIGDBHALLMARK%HALLMARK_NOTCH_SIGNALING	HALLMARK_NOTCH_SIGNALING%MSIGDBHALLMARK%HALLMARK_NOTCH_SIGNALING		23	-0.3278879	-1.0017211	0.44224423	1.0	1.0	1289	tags=13%, list=5%, signal=14%	
REGULATION OF TISSUE REMODELING%GOBP%GO:0034103	REGULATION OF TISSUE REMODELING%GOBP%GO:0034103		62	-0.26303384	-1.0013065	0.41436464	1.0	1.0	4193	tags=26%, list=17%, signal=31%	
MALE INFERTILITY%WIKIPATHWAYS_20260211%WP4673%HOMO SAPIENS	MALE INFERTILITY%WIKIPATHWAYS_20260211%WP4673%HOMO SAPIENS		104	-0.24204409	-1.001296	0.4918033	1.0	1.0	1726	tags=13%, list=7%, signal=13%	
DNA REPLICATION PRE-INITIATION%REACTOME%R-HSA-69002.4	DNA REPLICATION PRE-INITIATION%REACTOME%R-HSA-69002.4		117	-0.2405591	-1.0012826	0.43589744	1.0	1.0	4690	tags=32%, list=19%, signal=39%	
POSITIVE REGULATION OF PEPTIDE HORMONE SECRETION%GOBP%GO:0090277	POSITIVE REGULATION OF PEPTIDE HORMONE SECRETION%GOBP%GO:0090277		69	-0.26139992	-1.0012455	0.4108108	1.0	1.0	2793	tags=16%, list=11%, signal=18%	
RENIN ANGIOTENSIN ALDOSTERONE SYSTEM RAAS %WIKIPATHWAYS_20260211%WP4756%HOMO SAPIENS	RENIN ANGIOTENSIN ALDOSTERONE SYSTEM RAAS %WIKIPATHWAYS_20260211%WP4756%HOMO SAPIENS		34	-0.29640317	-1.0006751	0.41825095	1.0	1.0	2461	tags=18%, list=10%, signal=20%	
ACTIVATION OF BAD AND TRANSLOCATION TO MITOCHONDRIA%REACTOME DATABASE ID RELEASE 95%111447	ACTIVATION OF BAD AND TRANSLOCATION TO MITOCHONDRIA%REACTOME DATABASE ID RELEASE 95%111447		15	-0.36722973	-1.0004992	0.45614034	1.0	1.0	899	tags=13%, list=4%, signal=14%	
SUPERPATHWAY OF PYRIMIDINE DEOXYRIBONUCLEOTIDES <I>DE NOVO< I> BIOSYNTHESIS%BIOCYC%PWY-7211	SUPERPATHWAY OF PYRIMIDINE DEOXYRIBONUCLEOTIDES <I>DE NOVO< I> BIOSYNTHESIS%BIOCYC%PWY-7211		21	-0.33629516	-1.0004413	0.39333335	1.0	1.0	2123	tags=14%, list=9%, signal=16%	
ATM SIGNALING IN DEVELOPMENT AND DISEASE %WIKIPATHWAYS_20260211%WP3878%HOMO SAPIENS	ATM SIGNALING IN DEVELOPMENT AND DISEASE %WIKIPATHWAYS_20260211%WP3878%HOMO SAPIENS		38	-0.29722157	-1.0003818	0.45726496	1.0	1.0	2296	tags=13%, list=9%, signal=14%	
CARDIAC MUSCLE CELL MEMBRANE REPOLARIZATION%GOBP%GO:0099622	CARDIAC MUSCLE CELL MEMBRANE REPOLARIZATION%GOBP%GO:0099622		17	-0.35335696	-0.9994817	0.41666666	1.0	1.0	1812	tags=18%, list=7%, signal=19%	
METHIONINE METABOLISM%SMPDB%SMP0000033	METHIONINE METABOLISM%SMPDB%SMP0000033		16	-0.36551157	-0.9986979	0.45962733	1.0	1.0	1600	tags=25%, list=7%, signal=27%	
HS-GAG DEGRADATION%REACTOME DATABASE ID RELEASE 95%2024096	HS-GAG DEGRADATION%REACTOME DATABASE ID RELEASE 95%2024096		19	-0.33569604	-0.99804187	0.48096886	1.0	1.0	17	tags=5%, list=0%, signal=5%	
COLLAGEN METABOLIC PROCESS%GOBP%GO:0032963	COLLAGEN METABOLIC PROCESS%GOBP%GO:0032963		52	-0.27114964	-0.99780023	0.44298247	1.0	1.0	1375	tags=12%, list=6%, signal=12%	
REGULATION OF CELL MIGRATION INVOLVED IN SPROUTING ANGIOGENESIS%GOBP%GO:0090049	REGULATION OF CELL MIGRATION INVOLVED IN SPROUTING ANGIOGENESIS%GOBP%GO:0090049		35	-0.3035789	-0.9975924	0.46370968	1.0	1.0	1168	tags=11%, list=5%, signal=12%	
BDNF SIGNALING IN NEURODEVELOPMENT%WIKIPATHWAYS_20260211%WP5541%HOMO SAPIENS	BDNF SIGNALING IN NEURODEVELOPMENT%WIKIPATHWAYS_20260211%WP5541%HOMO SAPIENS		95	-0.24875854	-0.9971576	0.4125874	1.0	1.0	2806	tags=19%, list=11%, signal=21%	
PATHOGENIC ESCHERICHIA COLI INFECTION%WIKIPATHWAYS_20260211%WP2272%HOMO SAPIENS	PATHOGENIC ESCHERICHIA COLI INFECTION%WIKIPATHWAYS_20260211%WP2272%HOMO SAPIENS		43	-0.2818183	-0.99679804	0.443038	1.0	1.0	2902	tags=21%, list=12%, signal=24%	
REGULATION OF HYDROLASE ACTIVITY%GOBP%GO:0051336	REGULATION OF HYDROLASE ACTIVITY%GOBP%GO:0051336		155	-0.2300123	-0.9962429	0.46875	1.0	1.0	2078	tags=14%, list=8%, signal=15%	
HOMOCYSTINURIA-MEGALOBLASTIC ANEMIA DUE TO DEFECT IN COBALAMIN METABOLISM, CBLG COMPLEMENTATION TYPE%SMPDB%SMP0000570	HOMOCYSTINURIA-MEGALOBLASTIC ANEMIA DUE TO DEFECT IN COBALAMIN METABOLISM, CBLG COMPLEMENTATION TYPE%SMPDB%SMP0000570		16	-0.36551157	-0.9961958	0.45117846	1.0	1.0	1600	tags=25%, list=7%, signal=27%	
GLUCOSE CATABOLIC PROCESS%GOBP%GO:0006007	GLUCOSE CATABOLIC PROCESS%GOBP%GO:0006007		20	-0.34542435	-0.99520093	0.45818183	1.0	1.0	2052	tags=25%, list=8%, signal=27%	
FOREBRAIN NEURON DIFFERENTIATION%GOBP%GO:0021879	FOREBRAIN NEURON DIFFERENTIATION%GOBP%GO:0021879		28	-0.31322652	-0.99515545	0.4903475	1.0	1.0	3108	tags=25%, list=13%, signal=29%	
REGULATION OF RESPONSE TO NUTRIENT LEVELS%GOBP%GO:0032107	REGULATION OF RESPONSE TO NUTRIENT LEVELS%GOBP%GO:0032107		26	-0.30638996	-0.99408704	0.45490196	1.0	1.0	172	tags=12%, list=1%, signal=12%	
CD8-POSITIVE, ALPHA-BETA T CELL DIFFERENTIATION%GOBP%GO:0043374	CD8-POSITIVE, ALPHA-BETA T CELL DIFFERENTIATION%GOBP%GO:0043374		17	-0.35887694	-0.994023	0.43769968	1.0	1.0	705	tags=12%, list=3%, signal=12%	
BETA5 BETA6 BETA7 AND BETA8 INTEGRIN CELL SURFACE INTERACTIONS%PATHWAY INTERACTION DATABASE NCI-NATURE CURATED DATA%BETA5 BETA6 BETA7 AND BETA8 INTEGRIN CELL SURFACE INTERACTIONS	BETA5 BETA6 BETA7 AND BETA8 INTEGRIN CELL SURFACE INTERACTIONS%PATHWAY INTERACTION DATABASE NCI-NATURE CURATED DATA%BETA5 BETA6 BETA7 AND BETA8 INTEGRIN CELL SURFACE INTERACTIONS		17	-0.34059927	-0.9931577	0.45016077	1.0	1.0	17	tags=6%, list=0%, signal=6%	
RESPONSE TO ARSENIC-CONTAINING SUBSTANCE%GOBP%GO:0046685	RESPONSE TO ARSENIC-CONTAINING SUBSTANCE%GOBP%GO:0046685		18	-0.35217053	-0.9931096	0.45104894	1.0	1.0	3524	tags=28%, list=14%, signal=32%	
POSITIVE REGULATION OF RESPONSE TO ENDOPLASMIC RETICULUM STRESS%GOBP%GO:1905898	POSITIVE REGULATION OF RESPONSE TO ENDOPLASMIC RETICULUM STRESS%GOBP%GO:1905898		35	-0.29110125	-0.9924419	0.48221344	1.0	1.0	5002	tags=31%, list=20%, signal=39%	
COPII-MEDIATED VESICLE TRANSPORT%REACTOME%R-HSA-204005.6	COPII-MEDIATED VESICLE TRANSPORT%REACTOME%R-HSA-204005.6		69	-0.26236492	-0.9922527	0.47741935	1.0	1.0	2959	tags=25%, list=12%, signal=28%	
RESPONSE TO TEMPERATURE STIMULUS%GOBP%GO:0009266	RESPONSE TO TEMPERATURE STIMULUS%GOBP%GO:0009266		88	-0.25436848	-0.99210423	0.44827586	1.0	1.0	5011	tags=32%, list=20%, signal=40%	
MITOTIC G2-G2 M PHASES%REACTOME%R-HSA-453274.4	MITOTIC G2-G2 M PHASES%REACTOME%R-HSA-453274.4		175	-0.2228336	-0.99196655	0.48051947	1.0	1.0	4821	tags=27%, list=20%, signal=34%	
RHOA SIGNALING PATHWAY%PATHWAY INTERACTION DATABASE NCI-NATURE CURATED DATA%RHOA SIGNALING PATHWAY	RHOA SIGNALING PATHWAY%PATHWAY INTERACTION DATABASE NCI-NATURE CURATED DATA%RHOA SIGNALING PATHWAY		45	-0.2851183	-0.9916308	0.48559672	1.0	1.0	3423	tags=22%, list=14%, signal=26%	
BIOCARTA_IL6_PATHWAY%MSIGDB_C2%BIOCARTA_IL6_PATHWAY	BIOCARTA_IL6_PATHWAY%MSIGDB_C2%BIOCARTA_IL6_PATHWAY		18	-0.3421148	-0.9913376	0.446875	1.0	1.0	1334	tags=17%, list=5%, signal=18%	
POSITIVE REGULATION OF B CELL PROLIFERATION%GOBP%GO:0030890	POSITIVE REGULATION OF B CELL PROLIFERATION%GOBP%GO:0030890		30	-0.29912215	-0.9911338	0.45228216	1.0	1.0	2562	tags=20%, list=10%, signal=22%	
ARYL HYDROCARBON RECEPTOR PATHWAY%WIKIPATHWAYS_20260211%WP2873%HOMO SAPIENS	ARYL HYDROCARBON RECEPTOR PATHWAY%WIKIPATHWAYS_20260211%WP2873%HOMO SAPIENS		41	-0.28134033	-0.9910964	0.43137255	1.0	1.0	1157	tags=10%, list=5%, signal=10%	
OBSOLETE PROTEOLYSIS INVOLVED IN PROTEIN CATABOLIC PROCESS%GOBP%GO:0051603	OBSOLETE PROTEOLYSIS INVOLVED IN PROTEIN CATABOLIC PROCESS%GOBP%GO:0051603		30	-0.31874126	-0.99099594	0.45714286	1.0	1.0	1745	tags=17%, list=7%, signal=18%	
TRK RECEPTOR SIGNALING MEDIATED BY PI3K AND PLC-GAMMA%PATHWAY INTERACTION DATABASE NCI-NATURE CURATED DATA%TRK RECEPTOR SIGNALING MEDIATED BY PI3K AND PLC-GAMMA	TRK RECEPTOR SIGNALING MEDIATED BY PI3K AND PLC-GAMMA%PATHWAY INTERACTION DATABASE NCI-NATURE CURATED DATA%TRK RECEPTOR SIGNALING MEDIATED BY PI3K AND PLC-GAMMA		36	-0.28746128	-0.9907465	0.44140625	1.0	1.0	5599	tags=31%, list=23%, signal=40%	
NEUROTROPHIN SIGNALING PATHWAY%GOBP%GO:0038179	NEUROTROPHIN SIGNALING PATHWAY%GOBP%GO:0038179		18	-0.3453434	-0.99054766	0.43537414	1.0	1.0	3408	tags=28%, list=14%, signal=32%	
MITOCHONDRIAL TRANSLATION ELONGATION%REACTOME DATABASE ID RELEASE 95%5389840	MITOCHONDRIAL TRANSLATION ELONGATION%REACTOME DATABASE ID RELEASE 95%5389840		88	-0.24603282	-0.989867	0.4522293	1.0	1.0	5397	tags=39%, list=22%, signal=49%	
DENGUE VIRUS ATTACHMENT AND ENTRY%REACTOME DATABASE ID RELEASE 95%9918485	DENGUE VIRUS ATTACHMENT AND ENTRY%REACTOME DATABASE ID RELEASE 95%9918485		44	-0.2807373	-0.9897792	0.45762712	1.0	1.0	2186	tags=14%, list=9%, signal=15%	
NEGATIVE REGULATION OF ESTABLISHMENT OF PROTEIN LOCALIZATION%GOBP%GO:1904950	NEGATIVE REGULATION OF ESTABLISHMENT OF PROTEIN LOCALIZATION%GOBP%GO:1904950		87	-0.2455312	-0.9896428	0.46753246	1.0	1.0	2914	tags=15%, list=12%, signal=17%	
DNA CATABOLIC PROCESS%GOBP%GO:0006308	DNA CATABOLIC PROCESS%GOBP%GO:0006308		24	-0.329857	-0.98937017	0.45692885	1.0	1.0	1905	tags=17%, list=8%, signal=18%	
PROTEINOGENIC AMINO ACID BIOSYNTHETIC PROCESS%GOBP%GO:0170038	PROTEINOGENIC AMINO ACID BIOSYNTHETIC PROCESS%GOBP%GO:0170038		37	-0.2930782	-0.9890038	0.46218488	1.0	1.0	4260	tags=32%, list=17%, signal=39%	
GLUCOCORTICOID RECEPTOR PATHWAY%WIKIPATHWAYS_20260211%WP2880%HOMO SAPIENS	GLUCOCORTICOID RECEPTOR PATHWAY%WIKIPATHWAYS_20260211%WP2880%HOMO SAPIENS		60	-0.25841904	-0.9886917	0.47486034	1.0	1.0	2072	tags=17%, list=8%, signal=18%	
POSITIVE REGULATION OF UBIQUITIN-DEPENDENT PROTEIN CATABOLIC PROCESS%GOBP%GO:2000060	POSITIVE REGULATION OF UBIQUITIN-DEPENDENT PROTEIN CATABOLIC PROCESS%GOBP%GO:2000060		91	-0.24210791	-0.98801434	0.5065789	1.0	1.0	1950	tags=13%, list=8%, signal=14%	
DISEASES OF PROGRAMMED CELL DEATH%REACTOME%R-HSA-9645723.8	DISEASES OF PROGRAMMED CELL DEATH%REACTOME%R-HSA-9645723.8		70	-0.25434324	-0.9878528	0.4863388	1.0	1.0	2424	tags=17%, list=10%, signal=19%	
RESOLUTION OF AP SITES VIA THE MULTIPLE-NUCLEOTIDE PATCH REPLACEMENT PATHWAY%REACTOME DATABASE ID RELEASE 95%110373	RESOLUTION OF AP SITES VIA THE MULTIPLE-NUCLEOTIDE PATCH REPLACEMENT PATHWAY%REACTOME DATABASE ID RELEASE 95%110373		25	-0.31598657	-0.9874357	0.4483986	1.0	1.0	6186	tags=40%, list=25%, signal=53%	
CELL REDOX HOMEOSTASIS%GOBP%GO:0045454	CELL REDOX HOMEOSTASIS%GOBP%GO:0045454		38	-0.2826267	-0.9873601	0.44528303	1.0	1.0	1085	tags=11%, list=4%, signal=11%	
DEPOSITION OF NEW CENPA-CONTAINING NUCLEOSOMES AT THE CENTROMERE%REACTOME DATABASE ID RELEASE 95%606279	DEPOSITION OF NEW CENPA-CONTAINING NUCLEOSOMES AT THE CENTROMERE%REACTOME DATABASE ID RELEASE 95%606279		52	-0.2662257	-0.98721546	0.46994534	1.0	1.0	1889	tags=13%, list=8%, signal=15%	
G2 M TRANSITION%REACTOME%R-HSA-69275.7	G2 M TRANSITION%REACTOME%R-HSA-69275.7		173	-0.22342521	-0.9868815	0.53409094	1.0	1.0	4821	tags=28%, list=20%, signal=34%	
MAINTENANCE OF LOCATION%GOBP%GO:0051235	MAINTENANCE OF LOCATION%GOBP%GO:0051235		57	-0.2624811	-0.9856314	0.5147059	1.0	1.0	1999	tags=12%, list=8%, signal=13%	
TGF-BETA RECEPTOR SIGNALING IN EMT (EPITHELIAL TO MESENCHYMAL TRANSITION)%REACTOME%R-HSA-2173791.3	TGF-BETA RECEPTOR SIGNALING IN EMT (EPITHELIAL TO MESENCHYMAL TRANSITION)%REACTOME%R-HSA-2173791.3		16	-0.35038662	-0.9854704	0.4716981	1.0	1.0	4512	tags=50%, list=18%, signal=61%	
REGULATION OF RAS BY GAPS%REACTOME DATABASE ID RELEASE 95%5658442	REGULATION OF RAS BY GAPS%REACTOME DATABASE ID RELEASE 95%5658442		54	-0.26975492	-0.985094	0.47619048	1.0	1.0	4658	tags=35%, list=19%, signal=43%	
NEGATIVE REGULATION OF EXTRINSIC APOPTOTIC SIGNALING PATHWAY%GOBP%GO:2001237	NEGATIVE REGULATION OF EXTRINSIC APOPTOTIC SIGNALING PATHWAY%GOBP%GO:2001237		71	-0.2541522	-0.9842244	0.49710983	1.0	1.0	3075	tags=20%, list=13%, signal=22%	
SYNAPTIC SIGNALING ASSOCIATED WITH AUTISM SPECTRUM DISORDER%WIKIPATHWAYS_20260211%WP4539%HOMO SAPIENS	SYNAPTIC SIGNALING ASSOCIATED WITH AUTISM SPECTRUM DISORDER%WIKIPATHWAYS_20260211%WP4539%HOMO SAPIENS		42	-0.27415866	-0.98377156	0.48117155	1.0	1.0	2687	tags=19%, list=11%, signal=21%	
O-LINKED GLYCOSYLATION OF MUCINS%REACTOME DATABASE ID RELEASE 95%913709	O-LINKED GLYCOSYLATION OF MUCINS%REACTOME DATABASE ID RELEASE 95%913709		63	-0.25589463	-0.98371434	0.45930234	1.0	1.0	1208	tags=11%, list=5%, signal=12%	
DNA MISMATCH REPAIR%WIKIPATHWAYS_20260211%WP531%HOMO SAPIENS	DNA MISMATCH REPAIR%WIKIPATHWAYS_20260211%WP531%HOMO SAPIENS		18	-0.33508098	-0.98260176	0.46232876	1.0	1.0	4010	tags=33%, list=16%, signal=40%	
NUCLEOSOME ASSEMBLY%REACTOME DATABASE ID RELEASE 95%774815	NUCLEOSOME ASSEMBLY%REACTOME DATABASE ID RELEASE 95%774815		52	-0.2662257	-0.982571	0.46666667	1.0	1.0	1889	tags=13%, list=8%, signal=15%	
PID_IL1_PATHWAY%MSIGDB_C2%PID_IL1_PATHWAY	PID_IL1_PATHWAY%MSIGDB_C2%PID_IL1_PATHWAY		27	-0.30857992	-0.98237383	0.48897058	1.0	1.0	422	tags=11%, list=2%, signal=11%	
NEGATIVE REGULATION OF BIOMINERAL TISSUE DEVELOPMENT%GOBP%GO:0070168	NEGATIVE REGULATION OF BIOMINERAL TISSUE DEVELOPMENT%GOBP%GO:0070168		25	-0.31246677	-0.98213804	0.4931973	1.0	1.0	3854	tags=32%, list=16%, signal=38%	
RESPIRATORY SYNCYTIAL VIRUS INFECTION PATHWAY%REACTOME%R-HSA-9820952.2	RESPIRATORY SYNCYTIAL VIRUS INFECTION PATHWAY%REACTOME%R-HSA-9820952.2		119	-0.23660836	-0.9814545	0.5132743	1.0	1.0	2396	tags=13%, list=10%, signal=15%	
CEREBELLUM MORPHOGENESIS%GOBP%GO:0021587	CEREBELLUM MORPHOGENESIS%GOBP%GO:0021587		17	-0.3519358	-0.9811671	0.49386504	1.0	1.0	4315	tags=47%, list=18%, signal=57%	
CYTOPLASMIC RIBOSOMAL PROTEINS%WIKIPATHWAYS_20260211%WP477%HOMO SAPIENS	CYTOPLASMIC RIBOSOMAL PROTEINS%WIKIPATHWAYS_20260211%WP477%HOMO SAPIENS		86	-0.2486929	-0.9806334	0.4899329	1.0	1.0	6023	tags=34%, list=25%, signal=45%	
ADRENERGIC RECEPTOR SIGNALING PATHWAY%GOBP%GO:0071875	ADRENERGIC RECEPTOR SIGNALING PATHWAY%GOBP%GO:0071875		19	-0.34348425	-0.9797652	0.475	1.0	1.0	2573	tags=32%, list=11%, signal=35%	
NEGATIVE REGULATION OF INSULIN SECRETION%GOBP%GO:0046676	NEGATIVE REGULATION OF INSULIN SECRETION%GOBP%GO:0046676		20	-0.33338156	-0.9796863	0.43928573	1.0	1.0	2696	tags=20%, list=11%, signal=22%	
TRANSCRIPTIONAL REGULATION OF MEMORY B CELL DIFFERENTIATION%WIKIPATHWAYS_20260211%WP5491%HOMO SAPIENS	TRANSCRIPTIONAL REGULATION OF MEMORY B CELL DIFFERENTIATION%WIKIPATHWAYS_20260211%WP5491%HOMO SAPIENS		39	-0.29026532	-0.97834235	0.4678899	1.0	1.0	2737	tags=18%, list=11%, signal=20%	
REGULATION OF CELLULAR RESPIRATION%GOBP%GO:0043457	REGULATION OF CELLULAR RESPIRATION%GOBP%GO:0043457		34	-0.2923818	-0.97790486	0.44758064	1.0	1.0	3849	tags=29%, list=16%, signal=35%	
EPITHELIUM MIGRATION%GOBP%GO:0090132	EPITHELIUM MIGRATION%GOBP%GO:0090132		22	-0.3283957	-0.9777624	0.46268657	1.0	1.0	625	tags=9%, list=3%, signal=9%	
PREFOLDIN MEDIATED TRANSFER OF SUBSTRATE TO CCT TRIC%REACTOME%R-HSA-389957.4	PREFOLDIN MEDIATED TRANSFER OF SUBSTRATE TO CCT TRIC%REACTOME%R-HSA-389957.4		28	-0.30747864	-0.9774362	0.49425286	1.0	1.0	4352	tags=36%, list=18%, signal=43%	
REGULATION OF CATECHOLAMINE SECRETION%GOBP%GO:0050433	REGULATION OF CATECHOLAMINE SECRETION%GOBP%GO:0050433		23	-0.32978192	-0.97724015	0.50865054	1.0	1.0	3450	tags=35%, list=14%, signal=40%	
TGF BETA RECEPTOR SIGNALING IN SKELETAL DYSPLASIAS%WIKIPATHWAYS_20260211%WP4816%HOMO SAPIENS	TGF BETA RECEPTOR SIGNALING IN SKELETAL DYSPLASIAS%WIKIPATHWAYS_20260211%WP4816%HOMO SAPIENS		51	-0.26888144	-0.9769215	0.46766168	1.0	1.0	3712	tags=22%, list=15%, signal=25%	
HINDBRAIN MORPHOGENESIS%GOBP%GO:0021575	HINDBRAIN MORPHOGENESIS%GOBP%GO:0021575		18	-0.34820414	-0.97635096	0.4604811	1.0	1.0	4315	tags=44%, list=18%, signal=54%	
DISASSEMBLY OF THE DESTRUCTION COMPLEX AND RECRUITMENT OF AXIN TO THE MEMBRANE%REACTOME%R-HSA-4641262.6	DISASSEMBLY OF THE DESTRUCTION COMPLEX AND RECRUITMENT OF AXIN TO THE MEMBRANE%REACTOME%R-HSA-4641262.6		31	-0.2977074	-0.9750276	0.5	1.0	1.0	3951	tags=32%, list=16%, signal=38%	
CELLULAR RESPONSE TO MOLECULE OF BACTERIAL ORIGIN%GOBP%GO:0071219	CELLULAR RESPONSE TO MOLECULE OF BACTERIAL ORIGIN%GOBP%GO:0071219		133	-0.22649279	-0.9744897	0.5565217	1.0	1.0	2246	tags=14%, list=9%, signal=15%	
MATURATION OF SPIKE PROTEIN%REACTOME%R-HSA-9694548.5	MATURATION OF SPIKE PROTEIN%REACTOME%R-HSA-9694548.5		41	-0.28645486	-0.97410333	0.50446427	1.0	1.0	2293	tags=22%, list=9%, signal=24%	
NONSENSE MEDIATED DECAY (NMD) INDEPENDENT OF THE EXON JUNCTION COMPLEX (EJC)%REACTOME%R-HSA-975956.2	NONSENSE MEDIATED DECAY (NMD) INDEPENDENT OF THE EXON JUNCTION COMPLEX (EJC)%REACTOME%R-HSA-975956.2		95	-0.24011467	-0.9726444	0.48550725	1.0	1.0	6117	tags=34%, list=25%, signal=45%	
ATF-2 TRANSCRIPTION FACTOR NETWORK%PATHWAY INTERACTION DATABASE NCI-NATURE CURATED DATA%ATF-2 TRANSCRIPTION FACTOR NETWORK	ATF-2 TRANSCRIPTION FACTOR NETWORK%PATHWAY INTERACTION DATABASE NCI-NATURE CURATED DATA%ATF-2 TRANSCRIPTION FACTOR NETWORK		59	-0.26345402	-0.9724679	0.5464481	1.0	1.0	4682	tags=31%, list=19%, signal=38%	
GLUCAGON-TYPE LIGAND RECEPTORS%REACTOME DATABASE ID RELEASE 95%420092	GLUCAGON-TYPE LIGAND RECEPTORS%REACTOME DATABASE ID RELEASE 95%420092		33	-0.2970613	-0.9723756	0.5131086	1.0	1.0	3899	tags=27%, list=16%, signal=32%	
MAINTENANCE OF PROTEIN LOCATION%GOBP%GO:0045185	MAINTENANCE OF PROTEIN LOCATION%GOBP%GO:0045185		48	-0.26905954	-0.9720749	0.5198238	1.0	1.0	1999	tags=13%, list=8%, signal=14%	
REGULATION OF VASCULAR ENDOTHELIAL CELL PROLIFERATION%GOBP%GO:1905562	REGULATION OF VASCULAR ENDOTHELIAL CELL PROLIFERATION%GOBP%GO:1905562		18	-0.3401952	-0.97172123	0.47987616	1.0	1.0	464	tags=11%, list=2%, signal=11%	
ENDOCHONDRAL OSSIFICATION%WIKIPATHWAYS_20260211%WP474%HOMO SAPIENS	ENDOCHONDRAL OSSIFICATION%WIKIPATHWAYS_20260211%WP474%HOMO SAPIENS		52	-0.2628197	-0.97159183	0.52238804	1.0	1.0	1409	tags=12%, list=6%, signal=12%	
1P36 COPY NUMBER VARIATION SYNDROME%WIKIPATHWAYS_20260211%WP5345%HOMO SAPIENS	1P36 COPY NUMBER VARIATION SYNDROME%WIKIPATHWAYS_20260211%WP5345%HOMO SAPIENS		87	-0.24284148	-0.97138935	0.49685535	1.0	1.0	5472	tags=33%, list=22%, signal=43%	
SENSORY PROCESSING OF SOUND BY OUTER HAIR CELLS OF THE COCHLEA%REACTOME DATABASE ID RELEASE 95%9662361	SENSORY PROCESSING OF SOUND BY OUTER HAIR CELLS OF THE COCHLEA%REACTOME DATABASE ID RELEASE 95%9662361		51	-0.27201548	-0.97075576	0.51724136	1.0	1.0	2524	tags=18%, list=10%, signal=20%	
REGULATION OF CARBOHYDRATE CATABOLIC PROCESS%GOBP%GO:0043470	REGULATION OF CARBOHYDRATE CATABOLIC PROCESS%GOBP%GO:0043470		50	-0.26639724	-0.9702429	0.50209206	1.0	1.0	2491	tags=16%, list=10%, signal=18%	
DEGRADATION OF THE EXTRACELLULAR MATRIX%REACTOME DATABASE ID RELEASE 95%1474228	DEGRADATION OF THE EXTRACELLULAR MATRIX%REACTOME DATABASE ID RELEASE 95%1474228		110	-0.23579752	-0.9696673	0.51492536	1.0	1.0	1622	tags=10%, list=7%, signal=11%	
EMBRYONIC LIMB MORPHOGENESIS%GOBP%GO:0030326	EMBRYONIC LIMB MORPHOGENESIS%GOBP%GO:0030326		37	-0.28321105	-0.96963775	0.48290598	1.0	1.0	3706	tags=27%, list=15%, signal=32%	
IL3 SIGNALING%WIKIPATHWAYS_20260211%WP286%HOMO SAPIENS	IL3 SIGNALING%WIKIPATHWAYS_20260211%WP286%HOMO SAPIENS		42	-0.2740243	-0.9683715	0.5275229	1.0	1.0	2760	tags=24%, list=11%, signal=27%	
RESPONSE TO OXYGEN LEVELS%GOBP%GO:0070482	RESPONSE TO OXYGEN LEVELS%GOBP%GO:0070482		152	-0.22079116	-0.9681366	0.5981308	1.0	1.0	3778	tags=23%, list=15%, signal=27%	
CARGO CONCENTRATION IN THE ER%REACTOME DATABASE ID RELEASE 95%5694530	CARGO CONCENTRATION IN THE ER%REACTOME DATABASE ID RELEASE 95%5694530		33	-0.29706863	-0.9680983	0.49621212	1.0	1.0	912	tags=15%, list=4%, signal=16%	
NEGATIVE REGULATION OF EXTRINSIC APOPTOTIC SIGNALING PATHWAY VIA DEATH DOMAIN RECEPTORS%GOBP%GO:1902042	NEGATIVE REGULATION OF EXTRINSIC APOPTOTIC SIGNALING PATHWAY VIA DEATH DOMAIN RECEPTORS%GOBP%GO:1902042		24	-0.3216529	-0.9680499	0.51079136	1.0	1.0	2523	tags=29%, list=10%, signal=32%	
TARGETING YAP IN PANCREATIC DUCTAL ADENOCARCINOMA PDAC %WIKIPATHWAYS_20260211%WP5495%HOMO SAPIENS	TARGETING YAP IN PANCREATIC DUCTAL ADENOCARCINOMA PDAC %WIKIPATHWAYS_20260211%WP5495%HOMO SAPIENS		19	-0.3346516	-0.96799845	0.50357145	1.0	1.0	2491	tags=21%, list=10%, signal=23%	
NEGATIVE REGULATION OF BLOOD VESSEL ENDOTHELIAL CELL MIGRATION%GOBP%GO:0043537	NEGATIVE REGULATION OF BLOOD VESSEL ENDOTHELIAL CELL MIGRATION%GOBP%GO:0043537		35	-0.28800607	-0.9675157	0.54339623	1.0	1.0	5479	tags=34%, list=22%, signal=44%	
PID_INTEGRIN3_PATHWAY%MSIGDB_C2%PID_INTEGRIN3_PATHWAY	PID_INTEGRIN3_PATHWAY%MSIGDB_C2%PID_INTEGRIN3_PATHWAY		35	-0.28585914	-0.96744335	0.5192308	1.0	1.0	981	tags=11%, list=4%, signal=12%	
NEGATIVE REGULATION OF SMOOTH MUSCLE CELL PROLIFERATION%GOBP%GO:0048662	NEGATIVE REGULATION OF SMOOTH MUSCLE CELL PROLIFERATION%GOBP%GO:0048662		36	-0.28638545	-0.9669867	0.49433962	1.0	1.0	2737	tags=17%, list=11%, signal=19%	
BIOCARTA_EPO_PATHWAY%MSIGDB_C2%BIOCARTA_EPO_PATHWAY	BIOCARTA_EPO_PATHWAY%MSIGDB_C2%BIOCARTA_EPO_PATHWAY		16	-0.35164136	-0.9663088	0.4918033	1.0	1.0	1334	tags=19%, list=5%, signal=20%	
B CELL PROLIFERATION%GOBP%GO:0042100	B CELL PROLIFERATION%GOBP%GO:0042100		20	-0.33728737	-0.9661471	0.4871795	1.0	1.0	2021	tags=15%, list=8%, signal=16%	
LIPOPOLYSACCHARIDE-MEDIATED SIGNALING PATHWAY%GOBP%GO:0031663	LIPOPOLYSACCHARIDE-MEDIATED SIGNALING PATHWAY%GOBP%GO:0031663		19	-0.33692655	-0.96610576	0.47986576	1.0	1.0	923	tags=16%, list=4%, signal=16%	
ANDROGEN RECEPTOR SIGNALING%WIKIPATHWAYS_20260211%WP138%HOMO SAPIENS	ANDROGEN RECEPTOR SIGNALING%WIKIPATHWAYS_20260211%WP138%HOMO SAPIENS		68	-0.2532424	-0.965768	0.52459013	1.0	1.0	2659	tags=16%, list=11%, signal=18%	
REGULATION OF MUSCLE CELL APOPTOTIC PROCESS%GOBP%GO:0010660	REGULATION OF MUSCLE CELL APOPTOTIC PROCESS%GOBP%GO:0010660		41	-0.27687073	-0.96568245	0.5241935	1.0	1.0	4098	tags=20%, list=17%, signal=23%	
EAR MORPHOGENESIS%GOBP%GO:0042471	EAR MORPHOGENESIS%GOBP%GO:0042471		46	-0.27288774	-0.96549934	0.5786802	1.0	1.0	2177	tags=13%, list=9%, signal=14%	
GTP METABOLIC PROCESS%GOBP%GO:0046039	GTP METABOLIC PROCESS%GOBP%GO:0046039		16	-0.34792373	-0.9651733	0.50773996	1.0	1.0	2377	tags=38%, list=10%, signal=42%	
PID_ATR_PATHWAY%MSIGDB_C2%PID_ATR_PATHWAY	PID_ATR_PATHWAY%MSIGDB_C2%PID_ATR_PATHWAY		32	-0.2926516	-0.964739	0.4963768	1.0	1.0	4594	tags=31%, list=19%, signal=38%	
RHOBTB1 GTPASE CYCLE%REACTOME%R-HSA-9013422.4	RHOBTB1 GTPASE CYCLE%REACTOME%R-HSA-9013422.4		23	-0.31221566	-0.9641531	0.5	1.0	1.0	5640	tags=52%, list=23%, signal=68%	
MATURATION OF SSU-RRNA FROM TRICISTRONIC RRNA TRANSCRIPT (SSU-RRNA, 5.8S RRNA, LSU-RRNA)%GOBP%GO:0000462	MATURATION OF SSU-RRNA FROM TRICISTRONIC RRNA TRANSCRIPT (SSU-RRNA, 5.8S RRNA, LSU-RRNA)%GOBP%GO:0000462		28	-0.30559927	-0.96333945	0.49270073	1.0	1.0	5381	tags=43%, list=22%, signal=55%	
CLASS B 2 (SECRETIN FAMILY RECEPTORS)%REACTOME%R-HSA-373080.4	CLASS B 2 (SECRETIN FAMILY RECEPTORS)%REACTOME%R-HSA-373080.4		93	-0.2398416	-0.9627245	0.52840906	1.0	1.0	3951	tags=26%, list=16%, signal=31%	
G1 S DNA DAMAGE CHECKPOINTS%REACTOME DATABASE ID RELEASE 95%69615	G1 S DNA DAMAGE CHECKPOINTS%REACTOME DATABASE ID RELEASE 95%69615		67	-0.24884754	-0.96256274	0.5527638	1.0	1.0	4658	tags=31%, list=19%, signal=39%	
MAINTENANCE OF LOCATION IN CELL%GOBP%GO:0051651	MAINTENANCE OF LOCATION IN CELL%GOBP%GO:0051651		57	-0.2624811	-0.96210533	0.52577317	1.0	1.0	1999	tags=12%, list=8%, signal=13%	
NEURON MIGRATION%GOBP%GO:0001764	NEURON MIGRATION%GOBP%GO:0001764		67	-0.25401375	-0.9620229	0.5625	1.0	1.0	2988	tags=18%, list=12%, signal=20%	
SWITCHING OF ORIGINS TO A POST-REPLICATIVE STATE%REACTOME%R-HSA-69052.6	SWITCHING OF ORIGINS TO A POST-REPLICATIVE STATE%REACTOME%R-HSA-69052.6		79	-0.24630171	-0.96154636	0.5632184	1.0	1.0	4690	tags=34%, list=19%, signal=42%	
MODIFIED AMINO ACID CATABOLIC PROCESS%GOBP%GO:0042219	MODIFIED AMINO ACID CATABOLIC PROCESS%GOBP%GO:0042219		26	-0.31099275	-0.9615163	0.492126	1.0	1.0	1195	tags=15%, list=5%, signal=16%	
REGULATION OF NUCLEOTIDE METABOLIC PROCESS%GOBP%GO:0006140	REGULATION OF NUCLEOTIDE METABOLIC PROCESS%GOBP%GO:0006140		68	-0.24610318	-0.96097535	0.59444445	1.0	1.0	2553	tags=18%, list=10%, signal=20%	
PID_BETA_CATENIN_DEG_PATHWAY%MSIGDB_C2%PID_BETA_CATENIN_DEG_PATHWAY	PID_BETA_CATENIN_DEG_PATHWAY%MSIGDB_C2%PID_BETA_CATENIN_DEG_PATHWAY		16	-0.35095406	-0.96083	0.5392157	1.0	1.0	6118	tags=50%, list=25%, signal=67%	
ESTABLISHMENT OF MITOCHONDRION LOCALIZATION%GOBP%GO:0051654	ESTABLISHMENT OF MITOCHONDRION LOCALIZATION%GOBP%GO:0051654		26	-0.3042035	-0.9605546	0.5387454	1.0	1.0	3402	tags=38%, list=14%, signal=45%	
DUAL INCISION IN GG-NER%REACTOME%R-HSA-5696400.3	DUAL INCISION IN GG-NER%REACTOME%R-HSA-5696400.3		40	-0.2825513	-0.96019953	0.52916664	1.0	1.0	5676	tags=40%, list=23%, signal=52%	
LYSOSOMAL LUMEN ACIDIFICATION%GOBP%GO:0007042	LYSOSOMAL LUMEN ACIDIFICATION%GOBP%GO:0007042		21	-0.31441623	-0.9601713	0.5205479	1.0	1.0	3363	tags=29%, list=14%, signal=33%	
REGULATION OF ORGAN GROWTH%GOBP%GO:0046620	REGULATION OF ORGAN GROWTH%GOBP%GO:0046620		36	-0.2794842	-0.9599596	0.55458516	1.0	1.0	1621	tags=17%, list=7%, signal=18%	
NUCLEAR MIGRATION%GOBP%GO:0007097	NUCLEAR MIGRATION%GOBP%GO:0007097		21	-0.31920898	-0.9598887	0.5087108	1.0	1.0	2343	tags=14%, list=10%, signal=16%	
REGULATION OF VASCULAR ENDOTHELIAL GROWTH FACTOR SIGNALING PATHWAY%GOBP%GO:1900746	REGULATION OF VASCULAR ENDOTHELIAL GROWTH FACTOR SIGNALING PATHWAY%GOBP%GO:1900746		28	-0.29773572	-0.9597353	0.5148936	1.0	1.0	4102	tags=21%, list=17%, signal=26%	
TOLL RECEPTOR SIGNALING PATHWAY%PANTHER PATHWAY%P00054	TOLL RECEPTOR SIGNALING PATHWAY%PANTHER PATHWAY%P00054		37	-0.289448	-0.9596282	0.50212765	1.0	1.0	622	tags=11%, list=3%, signal=11%	
REGULATION OF PROTEIN IMPORT INTO NUCLEUS%GOBP%GO:0042306	REGULATION OF PROTEIN IMPORT INTO NUCLEUS%GOBP%GO:0042306		41	-0.27212065	-0.95929545	0.51666665	1.0	1.0	2914	tags=17%, list=12%, signal=19%	
PID_RAC1_PATHWAY%MSIGDB_C2%PID_RAC1_PATHWAY	PID_RAC1_PATHWAY%MSIGDB_C2%PID_RAC1_PATHWAY		42	-0.27422595	-0.958424	0.54587156	1.0	1.0	4758	tags=31%, list=19%, signal=38%	
TGF-BETA SIGNALING PATHWAY%PANTHER PATHWAY%P00052	TGF-BETA SIGNALING PATHWAY%PANTHER PATHWAY%P00052		85	-0.24354476	-0.95835644	0.5477707	1.0	1.0	4184	tags=27%, list=17%, signal=33%	
MAINTENANCE OF PROTEIN LOCATION IN CELL%GOBP%GO:0032507	MAINTENANCE OF PROTEIN LOCATION IN CELL%GOBP%GO:0032507		48	-0.26905954	-0.9579434	0.49763033	1.0	1.0	1999	tags=13%, list=8%, signal=14%	
VALIDATED TRANSCRIPTIONAL TARGETS OF DELTANP63 ISOFORMS%PATHWAY INTERACTION DATABASE NCI-NATURE CURATED DATA%VALIDATED TRANSCRIPTIONAL TARGETS OF DELTANP63 ISOFORMS	VALIDATED TRANSCRIPTIONAL TARGETS OF DELTANP63 ISOFORMS%PATHWAY INTERACTION DATABASE NCI-NATURE CURATED DATA%VALIDATED TRANSCRIPTIONAL TARGETS OF DELTANP63 ISOFORMS		47	-0.2715938	-0.9574019	0.4909091	1.0	1.0	36	tags=4%, list=0%, signal=4%	
MATURE B CELL DIFFERENTIATION INVOLVED IN IMMUNE RESPONSE%GOBP%GO:0002313	MATURE B CELL DIFFERENTIATION INVOLVED IN IMMUNE RESPONSE%GOBP%GO:0002313		15	-0.35527396	-0.9566075	0.53015876	1.0	1.0	4856	tags=53%, list=20%, signal=66%	
SUPERPATHWAY OF PURINE NUCLEOTIDE SALVAGE%BIOCYC%PWY66-409	SUPERPATHWAY OF PURINE NUCLEOTIDE SALVAGE%BIOCYC%PWY66-409		29	-0.30062813	-0.95653737	0.50549453	1.0	1.0	2377	tags=21%, list=10%, signal=23%	
TRANSLESION SYNTHESIS BY Y FAMILY DNA POLYMERASES BYPASSES LESIONS ON DNA TEMPLATE%REACTOME DATABASE ID RELEASE 95%110313	TRANSLESION SYNTHESIS BY Y FAMILY DNA POLYMERASES BYPASSES LESIONS ON DNA TEMPLATE%REACTOME DATABASE ID RELEASE 95%110313		38	-0.27456826	-0.9547565	0.5059761	1.0	1.0	4407	tags=29%, list=18%, signal=35%	
TOLL LIKE RECEPTOR SIGNALING RELATED TO MYD88%WIKIPATHWAYS_20260211%WP3858%HOMO SAPIENS	TOLL LIKE RECEPTOR SIGNALING RELATED TO MYD88%WIKIPATHWAYS_20260211%WP3858%HOMO SAPIENS		28	-0.29502434	-0.9547208	0.54285717	1.0	1.0	622	tags=11%, list=3%, signal=11%	
PID_HEDGEHOG_GLI_PATHWAY%MSIGDB_C2%PID_HEDGEHOG_GLI_PATHWAY	PID_HEDGEHOG_GLI_PATHWAY%MSIGDB_C2%PID_HEDGEHOG_GLI_PATHWAY		37	-0.28621536	-0.9545561	0.55839413	1.0	1.0	1956	tags=14%, list=8%, signal=15%	
SIGNALING BY NOTCH2%REACTOME%R-HSA-1980145.4	SIGNALING BY NOTCH2%REACTOME%R-HSA-1980145.4		35	-0.2907798	-0.9542137	0.54850745	1.0	1.0	3792	tags=26%, list=15%, signal=30%	
HALLMARK_TNFA_SIGNALING_VIA_NFKB%MSIGDBHALLMARK%HALLMARK_TNFA_SIGNALING_VIA_NFKB	HALLMARK_TNFA_SIGNALING_VIA_NFKB%MSIGDBHALLMARK%HALLMARK_TNFA_SIGNALING_VIA_NFKB		169	-0.21944895	-0.95419747	0.6329114	1.0	1.0	4430	tags=21%, list=18%, signal=25%	
SEROTONIN NEUROTRANSMITTER RELEASE CYCLE%REACTOME DATABASE ID RELEASE 95%181429	SEROTONIN NEUROTRANSMITTER RELEASE CYCLE%REACTOME DATABASE ID RELEASE 95%181429		17	-0.3419275	-0.95400846	0.49828178	1.0	1.0	3031	tags=29%, list=12%, signal=34%	
IL12 SIGNALING MEDIATED BY STAT4%PATHWAY INTERACTION DATABASE NCI-NATURE CURATED DATA%IL12 SIGNALING MEDIATED BY STAT4	IL12 SIGNALING MEDIATED BY STAT4%PATHWAY INTERACTION DATABASE NCI-NATURE CURATED DATA%IL12 SIGNALING MEDIATED BY STAT4		30	-0.29217368	-0.9539773	0.52991456	1.0	1.0	1850	tags=17%, list=8%, signal=18%	
GLYCOSAMINOGLYCAN METABOLISM%REACTOME DATABASE ID RELEASE 95%1630316	GLYCOSAMINOGLYCAN METABOLISM%REACTOME DATABASE ID RELEASE 95%1630316		133	-0.22545774	-0.9539334	0.65217394	1.0	1.0	1980	tags=12%, list=8%, signal=13%	
NRIF SIGNALS CELL DEATH FROM THE NUCLEUS%REACTOME%R-HSA-205043.3	NRIF SIGNALS CELL DEATH FROM THE NUCLEUS%REACTOME%R-HSA-205043.3		16	-0.3440081	-0.953648	0.5251572	1.0	1.0	1289	tags=19%, list=5%, signal=20%	
SIGNALING BY NODAL%REACTOME%R-HSA-1181150.3	SIGNALING BY NODAL%REACTOME%R-HSA-1181150.3		22	-0.31658015	-0.9535549	0.53094465	1.0	1.0	878	tags=14%, list=4%, signal=14%	
CELLULAR RESPONSE TO BIOTIC STIMULUS%GOBP%GO:0071216	CELLULAR RESPONSE TO BIOTIC STIMULUS%GOBP%GO:0071216		153	-0.21562915	-0.9535142	0.63829786	1.0	1.0	2246	tags=14%, list=9%, signal=15%	
REGULATION OF SMAD PROTEIN SIGNAL TRANSDUCTION%GOBP%GO:0060390	REGULATION OF SMAD PROTEIN SIGNAL TRANSDUCTION%GOBP%GO:0060390		60	-0.2526024	-0.9530068	0.58638746	1.0	1.0	3712	tags=25%, list=15%, signal=29%	
SIGNALING BY HEDGEHOG%REACTOME DATABASE ID RELEASE 95%5358351	SIGNALING BY HEDGEHOG%REACTOME DATABASE ID RELEASE 95%5358351		122	-0.2213525	-0.9529911	0.6814815	1.0	1.0	4658	tags=30%, list=19%, signal=37%	
RAC 1 CELL MOTILITY SIGNALING PATHWAY%SMPDB%SMP0063795	RAC 1 CELL MOTILITY SIGNALING PATHWAY%SMPDB%SMP0063795		22	-0.31042248	-0.9520479	0.53515625	1.0	1.0	4714	tags=32%, list=19%, signal=39%	
RRNA PROCESSING%GOBP%GO:0006364	RRNA PROCESSING%GOBP%GO:0006364		180	-0.21568964	-0.9503781	0.6923077	1.0	1.0	4545	tags=28%, list=19%, signal=35%	
MAP KINASE ACTIVATION%REACTOME%R-HSA-450294.5	MAP KINASE ACTIVATION%REACTOME%R-HSA-450294.5		62	-0.257204	-0.95022625	0.5445026	1.0	1.0	1334	tags=13%, list=5%, signal=14%	
PROTEIN LOCALIZATION TO GOLGI APPARATUS%GOBP%GO:0034067	PROTEIN LOCALIZATION TO GOLGI APPARATUS%GOBP%GO:0034067		31	-0.29252642	-0.949941	0.52263373	1.0	1.0	3411	tags=26%, list=14%, signal=30%	
REGULATION OF PD-L1(CD274) TRANSCRIPTION%REACTOME%R-HSA-9909649.2	REGULATION OF PD-L1(CD274) TRANSCRIPTION%REACTOME%R-HSA-9909649.2		68	-0.24193472	-0.9497781	0.61728394	1.0	1.0	1889	tags=15%, list=8%, signal=16%	
XENOBIOTIC TRANSPORT%GOBP%GO:0042908	XENOBIOTIC TRANSPORT%GOBP%GO:0042908		35	-0.28549987	-0.9485998	0.55060726	1.0	1.0	2381	tags=20%, list=10%, signal=22%	
ERBB1 DOWNSTREAM SIGNALING%PATHWAY INTERACTION DATABASE NCI-NATURE CURATED DATA%ERBB1 DOWNSTREAM SIGNALING	ERBB1 DOWNSTREAM SIGNALING%PATHWAY INTERACTION DATABASE NCI-NATURE CURATED DATA%ERBB1 DOWNSTREAM SIGNALING		103	-0.23529443	-0.9483626	0.576	1.0	1.0	3454	tags=21%, list=14%, signal=25%	
STRIATED MUSCLE CELL DIFFERENTIATION%GOBP%GO:0051146	STRIATED MUSCLE CELL DIFFERENTIATION%GOBP%GO:0051146		132	-0.22130653	-0.9481991	0.6216216	1.0	1.0	2110	tags=11%, list=9%, signal=12%	
MTOR SIGNALING PATHWAY%PATHWAY INTERACTION DATABASE NCI-NATURE CURATED DATA%MTOR SIGNALING PATHWAY	MTOR SIGNALING PATHWAY%PATHWAY INTERACTION DATABASE NCI-NATURE CURATED DATA%MTOR SIGNALING PATHWAY		66	-0.25190675	-0.94817483	0.54787236	1.0	1.0	5109	tags=32%, list=21%, signal=40%	
REGULATION OF PURINE NUCLEOTIDE METABOLIC PROCESS%GOBP%GO:1900542	REGULATION OF PURINE NUCLEOTIDE METABOLIC PROCESS%GOBP%GO:1900542		68	-0.24610318	-0.9481687	0.55191255	1.0	1.0	2553	tags=18%, list=10%, signal=20%	
NEGATIVE REGULATION OF MRNA METABOLIC PROCESS%GOBP%GO:1903312	NEGATIVE REGULATION OF MRNA METABOLIC PROCESS%GOBP%GO:1903312		104	-0.22976524	-0.9477801	0.6197183	1.0	1.0	3909	tags=26%, list=16%, signal=31%	
CHONDROITIN SULFATE DERMATAN SULFATE METABOLISM%REACTOME DATABASE ID RELEASE 95%1793185	CHONDROITIN SULFATE DERMATAN SULFATE METABOLISM%REACTOME DATABASE ID RELEASE 95%1793185		36	-0.27854934	-0.947222	0.5755102	1.0	1.0	954	tags=11%, list=4%, signal=12%	
MEIOTIC RECOMBINATION%REACTOME DATABASE ID RELEASE 95%912446	MEIOTIC RECOMBINATION%REACTOME DATABASE ID RELEASE 95%912446		56	-0.25887877	-0.9472029	0.5251142	1.0	1.0	1889	tags=14%, list=8%, signal=15%	
RHO PROTEIN SIGNAL TRANSDUCTION%GOBP%GO:0007266	RHO PROTEIN SIGNAL TRANSDUCTION%GOBP%GO:0007266		59	-0.25631863	-0.9469506	0.5925926	1.0	1.0	2659	tags=15%, list=11%, signal=17%	
POSITIVE REGULATION OF PROTEASOMAL PROTEIN CATABOLIC PROCESS%GOBP%GO:1901800	POSITIVE REGULATION OF PROTEASOMAL PROTEIN CATABOLIC PROCESS%GOBP%GO:1901800		103	-0.23504326	-0.94686234	0.6	1.0	1.0	2622	tags=13%, list=11%, signal=14%	
TOLL-LIKE RECEPTOR PATHWAY 1%PATHWHIZ%PW064909	TOLL-LIKE RECEPTOR PATHWAY 1%PATHWHIZ%PW064909		33	-0.28308424	-0.946734	0.5510204	1.0	1.0	3794	tags=27%, list=15%, signal=32%	
MICROTUBULE DEPOLYMERIZATION%GOBP%GO:0007019	MICROTUBULE DEPOLYMERIZATION%GOBP%GO:0007019		17	-0.34293166	-0.9466259	0.50461537	1.0	1.0	3590	tags=18%, list=15%, signal=21%	
MAP3K1 ROLE IN PROMOTING AND BLOCKING GONADAL DETERMINATION%WIKIPATHWAYS_20260211%WP4872%HOMO SAPIENS	MAP3K1 ROLE IN PROMOTING AND BLOCKING GONADAL DETERMINATION%WIKIPATHWAYS_20260211%WP4872%HOMO SAPIENS		15	-0.34751138	-0.94611496	0.51757187	1.0	1.0	1968	tags=20%, list=8%, signal=22%	
PID_NOTCH_PATHWAY%MSIGDB_C2%PID_NOTCH_PATHWAY	PID_NOTCH_PATHWAY%MSIGDB_C2%PID_NOTCH_PATHWAY		45	-0.26492754	-0.94545287	0.5726872	1.0	1.0	1573	tags=11%, list=6%, signal=12%	
POSITIVE REGULATION OF ERBB SIGNALING PATHWAY%GOBP%GO:1901186	POSITIVE REGULATION OF ERBB SIGNALING PATHWAY%GOBP%GO:1901186		30	-0.29857838	-0.9449744	0.5647059	1.0	1.0	2922	tags=23%, list=12%, signal=26%	
LIPID METABOLISM PATHWAY%WIKIPATHWAYS_20260211%WP3965%HOMO SAPIENS	LIPID METABOLISM PATHWAY%WIKIPATHWAYS_20260211%WP3965%HOMO SAPIENS		21	-0.31330615	-0.94496006	0.55514705	1.0	1.0	2491	tags=19%, list=10%, signal=21%	
OLIGODENDROCYTE DIFFERENTIATION%GOBP%GO:0048709	OLIGODENDROCYTE DIFFERENTIATION%GOBP%GO:0048709		31	-0.2862447	-0.94449717	0.5390625	1.0	1.0	105	tags=6%, list=0%, signal=6%	
PEPTIDYL-TYROSINE DEPHOSPHORYLATION%GOBP%GO:0035335	PEPTIDYL-TYROSINE DEPHOSPHORYLATION%GOBP%GO:0035335		19	-0.32729048	-0.94427305	0.50830567	1.0	1.0	2074	tags=26%, list=8%, signal=29%	
NEGATIVE EPIGENETIC REGULATION OF RRNA EXPRESSION%REACTOME DATABASE ID RELEASE 95%5250941	NEGATIVE EPIGENETIC REGULATION OF RRNA EXPRESSION%REACTOME DATABASE ID RELEASE 95%5250941		76	-0.24300604	-0.9438334	0.5618557	1.0	1.0	4414	tags=26%, list=18%, signal=32%	
BRAIN DERIVED NEUROTROPHIC FACTOR BDNF SIGNALING%WIKIPATHWAYS_20260211%WP2380%HOMO SAPIENS	BRAIN DERIVED NEUROTROPHIC FACTOR BDNF SIGNALING%WIKIPATHWAYS_20260211%WP2380%HOMO SAPIENS		120	-0.22348063	-0.943739	0.6557377	1.0	1.0	3175	tags=18%, list=13%, signal=21%	
REGULATION OF MIRNA TRANSCRIPTION%GOBP%GO:1902893	REGULATION OF MIRNA TRANSCRIPTION%GOBP%GO:1902893		65	-0.2460542	-0.9430815	0.5933014	1.0	1.0	3195	tags=23%, list=13%, signal=26%	
AMINO ACID BIOSYNTHETIC PROCESS%GOBP%GO:0008652	AMINO ACID BIOSYNTHETIC PROCESS%GOBP%GO:0008652		46	-0.2703251	-0.94302285	0.5502392	1.0	1.0	3892	tags=30%, list=16%, signal=36%	
MITOCHONDRIAL TRANSLATION INITIATION%REACTOME%R-HSA-5368286.3	MITOCHONDRIAL TRANSLATION INITIATION%REACTOME%R-HSA-5368286.3		88	-0.23430066	-0.9428465	0.56962025	1.0	1.0	5397	tags=38%, list=22%, signal=48%	
BASIGIN INTERACTIONS%REACTOME DATABASE ID RELEASE 95%210991	BASIGIN INTERACTIONS%REACTOME DATABASE ID RELEASE 95%210991		25	-0.30270633	-0.942733	0.5421687	1.0	1.0	1702	tags=20%, list=7%, signal=21%	
RESPONSE OF MTB TO PHAGOCYTOSIS%REACTOME%R-HSA-9637690.3	RESPONSE OF MTB TO PHAGOCYTOSIS%REACTOME%R-HSA-9637690.3		23	-0.31225312	-0.9425274	0.5652174	1.0	1.0	752	tags=13%, list=3%, signal=13%	
FOREBRAIN NEURON DEVELOPMENT%GOBP%GO:0021884	FOREBRAIN NEURON DEVELOPMENT%GOBP%GO:0021884		16	-0.3459881	-0.9421679	0.5582192	1.0	1.0	3108	tags=25%, list=13%, signal=29%	
POSITIVE REGULATION OF MIRNA TRANSCRIPTION%GOBP%GO:1902895	POSITIVE REGULATION OF MIRNA TRANSCRIPTION%GOBP%GO:1902895		48	-0.26553273	-0.9418189	0.5539906	1.0	1.0	2802	tags=21%, list=11%, signal=23%	
ISOPRENOID METABOLIC PROCESS%GOBP%GO:0006720	ISOPRENOID METABOLIC PROCESS%GOBP%GO:0006720		97	-0.22636907	-0.94172883	0.57575756	1.0	1.0	1535	tags=11%, list=6%, signal=12%	
NEGATIVE REGULATION OF MAPK PATHWAY%REACTOME DATABASE ID RELEASE 95%5675221	NEGATIVE REGULATION OF MAPK PATHWAY%REACTOME DATABASE ID RELEASE 95%5675221		42	-0.26887122	-0.94031554	0.5692308	1.0	1.0	3745	tags=29%, list=15%, signal=34%	
MITOCHONDRIAL TRNA PROCESSING%GOBP%GO:0090646	MITOCHONDRIAL TRNA PROCESSING%GOBP%GO:0090646		17	-0.33720225	-0.94000244	0.5784615	1.0	1.0	1892	tags=18%, list=8%, signal=19%	
GLYCOSPHINGOLIPID CATABOLISM%REACTOME DATABASE ID RELEASE 95%9840310	GLYCOSPHINGOLIPID CATABOLISM%REACTOME DATABASE ID RELEASE 95%9840310		37	-0.2805983	-0.93925166	0.5378486	1.0	1.0	1240	tags=14%, list=5%, signal=14%	
PID_MYC_ACTIV_PATHWAY%MSIGDB_C2%PID_MYC_ACTIV_PATHWAY	PID_MYC_ACTIV_PATHWAY%MSIGDB_C2%PID_MYC_ACTIV_PATHWAY		65	-0.25021726	-0.9387552	0.5631579	1.0	1.0	4959	tags=37%, list=20%, signal=46%	
ASSEMBLY OF THE PRE-REPLICATIVE COMPLEX%REACTOME DATABASE ID RELEASE 95%68867	ASSEMBLY OF THE PRE-REPLICATIVE COMPLEX%REACTOME DATABASE ID RELEASE 95%68867		100	-0.22991537	-0.9383291	0.62406015	1.0	1.0	4409	tags=28%, list=18%, signal=34%	
T-HELPER 1 CELL DIFFERENTIATION%GOBP%GO:0045063	T-HELPER 1 CELL DIFFERENTIATION%GOBP%GO:0045063		24	-0.30563986	-0.93766963	0.5608108	1.0	1.0	940	tags=13%, list=4%, signal=13%	
PTEN REGULATION%REACTOME%R-HSA-6807070.4	PTEN REGULATION%REACTOME%R-HSA-6807070.4		125	-0.222426	-0.9375485	0.6779661	1.0	1.0	4265	tags=26%, list=17%, signal=31%	
HEPATITIS B INFECTION%WIKIPATHWAYS_20260211%WP4666%HOMO SAPIENS	HEPATITIS B INFECTION%WIKIPATHWAYS_20260211%WP4666%HOMO SAPIENS		127	-0.22497582	-0.9375019	0.6846154	1.0	1.0	3712	tags=20%, list=15%, signal=23%	
MATURE B CELL DIFFERENTIATION%GOBP%GO:0002335	MATURE B CELL DIFFERENTIATION%GOBP%GO:0002335		16	-0.3409439	-0.9373956	0.48929664	1.0	1.0	4856	tags=50%, list=20%, signal=62%	
NORC NEGATIVELY REGULATES RRNA EXPRESSION%REACTOME%R-HSA-427413.4	NORC NEGATIVELY REGULATES RRNA EXPRESSION%REACTOME%R-HSA-427413.4		73	-0.23688588	-0.93710935	0.6826347	1.0	1.0	4414	tags=26%, list=18%, signal=32%	
PURINERGIC SIGNALING IN LEISHMANIASIS INFECTION%REACTOME DATABASE ID RELEASE 95%9660826	PURINERGIC SIGNALING IN LEISHMANIASIS INFECTION%REACTOME DATABASE ID RELEASE 95%9660826		25	-0.29911986	-0.93695664	0.52272725	1.0	1.0	2118	tags=16%, list=9%, signal=17%	
TRIF (TICAM1)-MEDIATED TLR4 SIGNALING%REACTOME%R-HSA-937061.5	TRIF (TICAM1)-MEDIATED TLR4 SIGNALING%REACTOME%R-HSA-937061.5		106	-0.2266335	-0.9367011	0.5948276	1.0	1.0	3794	tags=21%, list=15%, signal=24%	
EMBRYONIC CRANIAL SKELETON MORPHOGENESIS%GOBP%GO:0048701	EMBRYONIC CRANIAL SKELETON MORPHOGENESIS%GOBP%GO:0048701		15	-0.33798358	-0.9363854	0.5505226	1.0	1.0	1488	tags=20%, list=6%, signal=21%	
POSITIVE REGULATION OF PROTEIN SECRETION%GOBP%GO:0050714	POSITIVE REGULATION OF PROTEIN SECRETION%GOBP%GO:0050714		95	-0.23745802	-0.93611664	0.67785233	1.0	1.0	2802	tags=17%, list=11%, signal=19%	
DENGUE VIRUS MODULATES APOPTOSIS%REACTOME%R-HSA-9920951.1	DENGUE VIRUS MODULATES APOPTOSIS%REACTOME%R-HSA-9920951.1		16	-0.3337647	-0.93603367	0.5221519	1.0	1.0	4894	tags=38%, list=20%, signal=47%	
REGULATION OF NOTCH SIGNALING PATHWAY%GOBP%GO:0008593	REGULATION OF NOTCH SIGNALING PATHWAY%GOBP%GO:0008593		77	-0.23771743	-0.93577844	0.6242424	1.0	1.0	2400	tags=14%, list=10%, signal=16%	
REGULATION OF ATP METABOLIC PROCESS%GOBP%GO:1903578	REGULATION OF ATP METABOLIC PROCESS%GOBP%GO:1903578		59	-0.2514166	-0.93522996	0.6345178	1.0	1.0	2491	tags=17%, list=10%, signal=19%	
NUCLEOTIDE-SUGAR METABOLIC PROCESS%GOBP%GO:0009225	NUCLEOTIDE-SUGAR METABOLIC PROCESS%GOBP%GO:0009225		35	-0.28320196	-0.9351702	0.5645161	1.0	1.0	1867	tags=14%, list=8%, signal=15%	
FOXO-MEDIATED TRANSCRIPTION%REACTOME%R-HSA-9614085.3	FOXO-MEDIATED TRANSCRIPTION%REACTOME%R-HSA-9614085.3		65	-0.24584134	-0.9346253	0.6226415	1.0	1.0	2737	tags=17%, list=11%, signal=19%	
NEGATIVE REGULATION OF OSTEOBLAST DIFFERENTIATION%GOBP%GO:0045668	NEGATIVE REGULATION OF OSTEOBLAST DIFFERENTIATION%GOBP%GO:0045668		36	-0.27873105	-0.93448347	0.5714286	1.0	1.0	1488	tags=11%, list=6%, signal=12%	
MYD88-INDEPENDENT TLR4 CASCADE%REACTOME DATABASE ID RELEASE 95%166166	MYD88-INDEPENDENT TLR4 CASCADE%REACTOME DATABASE ID RELEASE 95%166166		106	-0.2266335	-0.9337916	0.6849315	1.0	1.0	3794	tags=21%, list=15%, signal=24%	
1Q21 1 COPY NUMBER VARIATION SYNDROME%WIKIPATHWAYS_20260211%WP4905%HOMO SAPIENS	1Q21 1 COPY NUMBER VARIATION SYNDROME%WIKIPATHWAYS_20260211%WP4905%HOMO SAPIENS		25	-0.29545444	-0.9334697	0.56747407	1.0	1.0	2491	tags=20%, list=10%, signal=22%	
MYD88 DEPENDENT CASCADE INITIATED ON ENDOSOME%REACTOME%R-HSA-975155.6	MYD88 DEPENDENT CASCADE INITIATED ON ENDOSOME%REACTOME%R-HSA-975155.6		100	-0.22934587	-0.93341225	0.62666667	1.0	1.0	3794	tags=22%, list=15%, signal=26%	
BONE DEVELOPMENT%GOBP%GO:0060348	BONE DEVELOPMENT%GOBP%GO:0060348		91	-0.23124345	-0.9332424	0.6484848	1.0	1.0	1980	tags=12%, list=8%, signal=13%	
TRANSLESION SYNTHESIS%GOBP%GO:0019985	TRANSLESION SYNTHESIS%GOBP%GO:0019985		25	-0.30044165	-0.93309915	0.581749	1.0	1.0	4340	tags=28%, list=18%, signal=34%	
TISSUE HOMEOSTASIS%GOBP%GO:0001894	TISSUE HOMEOSTASIS%GOBP%GO:0001894		136	-0.21844146	-0.93303436	0.6633663	1.0	1.0	1769	tags=12%, list=7%, signal=13%	
SUCCINIC SEMIALDEHYDE DEHYDROGENASE DEFICIENCY%SMPDB%SMP0000567	SUCCINIC SEMIALDEHYDE DEHYDROGENASE DEFICIENCY%SMPDB%SMP0000567		21	-0.30999961	-0.9329446	0.56554306	1.0	1.0	476	tags=10%, list=2%, signal=10%	
REGULATION OF KIDNEY DEVELOPMENT%GOBP%GO:0090183	REGULATION OF KIDNEY DEVELOPMENT%GOBP%GO:0090183		25	-0.30546468	-0.93223333	0.550173	1.0	1.0	1294	tags=12%, list=5%, signal=13%	
RESPONSE TO TYPE I INTERFERON%GOBP%GO:0034340	RESPONSE TO TYPE I INTERFERON%GOBP%GO:0034340		86	-0.23702821	-0.93180585	0.6467066	1.0	1.0	4658	tags=28%, list=19%, signal=34%	
ANATOMICAL STRUCTURE HOMEOSTASIS%GOBP%GO:0060249	ANATOMICAL STRUCTURE HOMEOSTASIS%GOBP%GO:0060249		136	-0.21844146	-0.9317371	0.6666667	1.0	1.0	1769	tags=12%, list=7%, signal=13%	
PEPTIDE TRANSPORT%GOBP%GO:0015833	PEPTIDE TRANSPORT%GOBP%GO:0015833		49	-0.25638828	-0.93159723	0.6055777	1.0	1.0	3654	tags=24%, list=15%, signal=29%	
PROSTAGLANDIN AND LEUKOTRIENE METABOLISM IN SENESCENCE %WIKIPATHWAYS_20260211%WP5122%HOMO SAPIENS	PROSTAGLANDIN AND LEUKOTRIENE METABOLISM IN SENESCENCE %WIKIPATHWAYS_20260211%WP5122%HOMO SAPIENS		26	-0.3011534	-0.9311226	0.5763889	1.0	1.0	2951	tags=27%, list=12%, signal=31%	
CELL RECRUITMENT (PRO-INFLAMMATORY RESPONSE)%REACTOME DATABASE ID RELEASE 95%9664424	CELL RECRUITMENT (PRO-INFLAMMATORY RESPONSE)%REACTOME DATABASE ID RELEASE 95%9664424		25	-0.29911986	-0.9308014	0.5795053	1.0	1.0	2118	tags=16%, list=9%, signal=17%	
ENDOCHONDRAL OSSIFICATION WITH SKELETAL DYSPLASIAS%WIKIPATHWAYS_20260211%WP4808%HOMO SAPIENS	ENDOCHONDRAL OSSIFICATION WITH SKELETAL DYSPLASIAS%WIKIPATHWAYS_20260211%WP4808%HOMO SAPIENS		52	-0.2628197	-0.9307794	0.62053573	1.0	1.0	1409	tags=12%, list=6%, signal=12%	
EMBRYONIC APPENDAGE MORPHOGENESIS%GOBP%GO:0035113	EMBRYONIC APPENDAGE MORPHOGENESIS%GOBP%GO:0035113		37	-0.28321105	-0.93063766	0.57563025	1.0	1.0	3706	tags=27%, list=15%, signal=32%	
INTERMEMBRANE LIPID TRANSFER%GOBP%GO:0120009	INTERMEMBRANE LIPID TRANSFER%GOBP%GO:0120009		15	-0.34772092	-0.9303	0.562701	1.0	1.0	3759	tags=27%, list=15%, signal=31%	
TOLL LIKE RECEPTOR 9 (TLR9) CASCADE%REACTOME%R-HSA-168138.6	TOLL LIKE RECEPTOR 9 (TLR9) CASCADE%REACTOME%R-HSA-168138.6		107	-0.2248993	-0.9301042	0.7076923	1.0	1.0	3794	tags=21%, list=15%, signal=25%	
POLYSACCHARIDE METABOLIC PROCESS%GOBP%GO:0005976	POLYSACCHARIDE METABOLIC PROCESS%GOBP%GO:0005976		44	-0.26394832	-0.93003434	0.62857145	1.0	1.0	5872	tags=36%, list=24%, signal=48%	
REGULATION OF STRIATED MUSCLE CELL APOPTOTIC PROCESS%GOBP%GO:0010662	REGULATION OF STRIATED MUSCLE CELL APOPTOTIC PROCESS%GOBP%GO:0010662		15	-0.34909946	-0.929952	0.54545456	1.0	1.0	16	tags=7%, list=0%, signal=7%	
IL6%NETPATH%IL6	IL6%NETPATH%IL6		55	-0.25283742	-0.9296003	0.6201923	1.0	1.0	2806	tags=16%, list=11%, signal=18%	
TOLL LIKE RECEPTOR 7 8 (TLR7 8) CASCADE%REACTOME%R-HSA-168181.9	TOLL LIKE RECEPTOR 7 8 (TLR7 8) CASCADE%REACTOME%R-HSA-168181.9		104	-0.22438098	-0.9295901	0.6569343	1.0	1.0	3794	tags=21%, list=15%, signal=25%	
SIGNALING MEDIATED BY P38-ALPHA AND P38-BETA%PATHWAY INTERACTION DATABASE NCI-NATURE CURATED DATA%SIGNALING MEDIATED BY P38-ALPHA AND P38-BETA	SIGNALING MEDIATED BY P38-ALPHA AND P38-BETA%PATHWAY INTERACTION DATABASE NCI-NATURE CURATED DATA%SIGNALING MEDIATED BY P38-ALPHA AND P38-BETA		35	-0.2690005	-0.9295358	0.56078434	1.0	1.0	4157	tags=29%, list=17%, signal=34%	
FOXO FAMILY SIGNALING%PATHWAY INTERACTION DATABASE NCI-NATURE CURATED DATA%FOXO FAMILY SIGNALING	FOXO FAMILY SIGNALING%PATHWAY INTERACTION DATABASE NCI-NATURE CURATED DATA%FOXO FAMILY SIGNALING		48	-0.26308632	-0.929338	0.59388644	1.0	1.0	2363	tags=19%, list=10%, signal=21%	
BETA-CATENIN PHOSPHORYLATION CASCADE%REACTOME%R-HSA-196299.3	BETA-CATENIN PHOSPHORYLATION CASCADE%REACTOME%R-HSA-196299.3		17	-0.32495666	-0.92893344	0.556701	1.0	1.0	3454	tags=35%, list=14%, signal=41%	
ESTROGEN SIGNALING%WIKIPATHWAYS_20260211%WP712%HOMO SAPIENS	ESTROGEN SIGNALING%WIKIPATHWAYS_20260211%WP712%HOMO SAPIENS		18	-0.32331902	-0.92863274	0.5520833	1.0	1.0	1334	tags=17%, list=5%, signal=18%	
SENSORY PERCEPTION OF SOUND%GOBP%GO:0007605	SENSORY PERCEPTION OF SOUND%GOBP%GO:0007605		112	-0.22568753	-0.92862535	0.6769231	1.0	1.0	2486	tags=14%, list=10%, signal=16%	
FOREBRAIN GENERATION OF NEURONS%GOBP%GO:0021872	FOREBRAIN GENERATION OF NEURONS%GOBP%GO:0021872		32	-0.28416875	-0.92757446	0.60305345	1.0	1.0	3108	tags=22%, list=13%, signal=25%	
REGULATION OF TELOMERASE%PATHWAY INTERACTION DATABASE NCI-NATURE CURATED DATA%REGULATION OF TELOMERASE	REGULATION OF TELOMERASE%PATHWAY INTERACTION DATABASE NCI-NATURE CURATED DATA%REGULATION OF TELOMERASE		68	-0.24386363	-0.9275658	0.64534885	1.0	1.0	1819	tags=10%, list=7%, signal=11%	
TRANSCRIPTION INITIATION AT RNA POLYMERASE III PROMOTER%GOBP%GO:0006384	TRANSCRIPTION INITIATION AT RNA POLYMERASE III PROMOTER%GOBP%GO:0006384		25	-0.29424185	-0.9275604	0.5779221	1.0	1.0	3624	tags=28%, list=15%, signal=33%	
TELOMERE EXTENSION BY TELOMERASE%REACTOME DATABASE ID RELEASE 95%171319	TELOMERE EXTENSION BY TELOMERASE%REACTOME DATABASE ID RELEASE 95%171319		23	-0.30551094	-0.92685723	0.5631399	1.0	1.0	5214	tags=43%, list=21%, signal=55%	
CELLULAR RESPONSE TO VASCULAR ENDOTHELIAL GROWTH FACTOR STIMULUS%GOBP%GO:0035924	CELLULAR RESPONSE TO VASCULAR ENDOTHELIAL GROWTH FACTOR STIMULUS%GOBP%GO:0035924		39	-0.26771355	-0.92649126	0.6163793	1.0	1.0	1677	tags=13%, list=7%, signal=14%	
REGULATION OF D-GLUCOSE TRANSMEMBRANE TRANSPORT%GOBP%GO:0010827	REGULATION OF D-GLUCOSE TRANSMEMBRANE TRANSPORT%GOBP%GO:0010827		52	-0.25086823	-0.9264726	0.6289593	1.0	1.0	3796	tags=21%, list=15%, signal=25%	
ACTIN FILAMENT SEVERING%GOBP%GO:0051014	ACTIN FILAMENT SEVERING%GOBP%GO:0051014		15	-0.3444451	-0.92632014	0.571885	1.0	1.0	2068	tags=20%, list=8%, signal=22%	
MITOCHONDRIAL TRANSLATION TERMINATION%REACTOME%R-HSA-5419276.6	MITOCHONDRIAL TRANSLATION TERMINATION%REACTOME%R-HSA-5419276.6		89	-0.23710746	-0.9255268	0.6060606	1.0	1.0	5397	tags=37%, list=22%, signal=47%	
TIGHT JUNCTION ASSEMBLY%GOBP%GO:0120192	TIGHT JUNCTION ASSEMBLY%GOBP%GO:0120192		38	-0.26970604	-0.92524314	0.62770563	1.0	1.0	1086	tags=8%, list=4%, signal=8%	
CANONICAL AND NON CANONICAL TGF B SIGNALING%WIKIPATHWAYS_20260211%WP3874%HOMO SAPIENS	CANONICAL AND NON CANONICAL TGF B SIGNALING%WIKIPATHWAYS_20260211%WP3874%HOMO SAPIENS		16	-0.3397867	-0.9251998	0.56013745	1.0	1.0	170	tags=13%, list=1%, signal=13%	
POSITIVE REGULATION OF INTRACELLULAR TRANSPORT%GOBP%GO:0032388	POSITIVE REGULATION OF INTRACELLULAR TRANSPORT%GOBP%GO:0032388		130	-0.2201486	-0.924175	0.66972476	1.0	1.0	2929	tags=15%, list=12%, signal=17%	
NEGATIVE REGULATION OF CELL JUNCTION ASSEMBLY%GOBP%GO:1901889	NEGATIVE REGULATION OF CELL JUNCTION ASSEMBLY%GOBP%GO:1901889		29	-0.288142	-0.92352074	0.55518395	1.0	1.0	3108	tags=24%, list=13%, signal=28%	
REGULATION OF MICROTUBULE NUCLEATION%GOBP%GO:0010968	REGULATION OF MICROTUBULE NUCLEATION%GOBP%GO:0010968		18	-0.32755283	-0.92340994	0.55864197	1.0	1.0	1286	tags=11%, list=5%, signal=12%	
TRAF6 MEDIATED INDUCTION OF NFKB AND MAP KINASES UPON TLR7 8 OR 9 ACTIVATION%REACTOME%R-HSA-975138.5	TRAF6 MEDIATED INDUCTION OF NFKB AND MAP KINASES UPON TLR7 8 OR 9 ACTIVATION%REACTOME%R-HSA-975138.5		99	-0.23167731	-0.9233016	0.6015625	1.0	1.0	3794	tags=22%, list=15%, signal=26%	
SYNTHESIS OF PROSTAGLANDINS (PG) AND THROMBOXANES (TX)%REACTOME DATABASE ID RELEASE 95%2162123	SYNTHESIS OF PROSTAGLANDINS (PG) AND THROMBOXANES (TX)%REACTOME DATABASE ID RELEASE 95%2162123		15	-0.33712214	-0.9230418	0.54575163	1.0	1.0	2142	tags=13%, list=9%, signal=15%	
SLC-MEDIATED TRANSPORT OF AMINO ACIDS%REACTOME%R-HSA-9958863.1	SLC-MEDIATED TRANSPORT OF AMINO ACIDS%REACTOME%R-HSA-9958863.1		36	-0.2746902	-0.92284304	0.5895197	1.0	1.0	1702	tags=19%, list=7%, signal=21%	
SPLICEOSOMAL COMPLEX ASSEMBLY%GOBP%GO:0000245	SPLICEOSOMAL COMPLEX ASSEMBLY%GOBP%GO:0000245		75	-0.23881091	-0.9227618	0.73513514	1.0	1.0	2858	tags=20%, list=12%, signal=23%	
SUMOYLATION OF TRANSCRIPTION COFACTORS%REACTOME%R-HSA-3899300.7	SUMOYLATION OF TRANSCRIPTION COFACTORS%REACTOME%R-HSA-3899300.7		42	-0.2628142	-0.9226949	0.5882353	1.0	1.0	1919	tags=14%, list=8%, signal=15%	
POSITIVE REGULATION OF HYDROLASE ACTIVITY%GOBP%GO:0051345	POSITIVE REGULATION OF HYDROLASE ACTIVITY%GOBP%GO:0051345		101	-0.22195838	-0.9219802	0.71014494	1.0	1.0	2078	tags=14%, list=8%, signal=15%	
HALLMARK_ESTROGEN_RESPONSE_EARLY%MSIGDBHALLMARK%HALLMARK_ESTROGEN_RESPONSE_EARLY	HALLMARK_ESTROGEN_RESPONSE_EARLY%MSIGDBHALLMARK%HALLMARK_ESTROGEN_RESPONSE_EARLY		174	-0.20897903	-0.92142606	0.7083333	1.0	1.0	2645	tags=17%, list=11%, signal=19%	
2-HYDROXYGLUTRIC ACIDURIA (D AND L FORM)%SMPDB%SMP0000136	2-HYDROXYGLUTRIC ACIDURIA (D AND L FORM)%SMPDB%SMP0000136		21	-0.30999961	-0.92094606	0.55	1.0	1.0	476	tags=10%, list=2%, signal=10%	
PID_TELOMERASE_PATHWAY%MSIGDB_C2%PID_TELOMERASE_PATHWAY	PID_TELOMERASE_PATHWAY%MSIGDB_C2%PID_TELOMERASE_PATHWAY		58	-0.24950361	-0.92063653	0.6127451	1.0	1.0	1819	tags=10%, list=7%, signal=11%	
PID_PRL_SIGNALING_EVENTS_PATHWAY%MSIGDB_C2%PID_PRL_SIGNALING_EVENTS_PATHWAY	PID_PRL_SIGNALING_EVENTS_PATHWAY%MSIGDB_C2%PID_PRL_SIGNALING_EVENTS_PATHWAY		19	-0.32423475	-0.91863966	0.5897436	1.0	1.0	2737	tags=16%, list=11%, signal=18%	
REGULATION OF CARDIAC MUSCLE TISSUE GROWTH%GOBP%GO:0055021	REGULATION OF CARDIAC MUSCLE TISSUE GROWTH%GOBP%GO:0055021		25	-0.30140987	-0.9181563	0.57239056	1.0	1.0	2942	tags=24%, list=12%, signal=27%	
4-HYDROXYBUTYRIC ACIDURIA SUCCINIC SEMIALDEHYDE DEHYDROGENASE DEFICIENCY%SMPDB%SMP0000243	4-HYDROXYBUTYRIC ACIDURIA SUCCINIC SEMIALDEHYDE DEHYDROGENASE DEFICIENCY%SMPDB%SMP0000243		21	-0.30999961	-0.9180676	0.5771812	1.0	1.0	476	tags=10%, list=2%, signal=10%	
HOST PATHOGEN INTERACTION OF HUMAN CORONAVIRUSES MAPK SIGNALING%WIKIPATHWAYS_20260211%WP4877%HOMO SAPIENS	HOST PATHOGEN INTERACTION OF HUMAN CORONAVIRUSES MAPK SIGNALING%WIKIPATHWAYS_20260211%WP4877%HOMO SAPIENS		33	-0.27596906	-0.91801125	0.6363636	1.0	1.0	3423	tags=21%, list=14%, signal=25%	
DNA SYNTHESIS INVOLVED IN DNA REPLICATION%GOBP%GO:0090592	DNA SYNTHESIS INVOLVED IN DNA REPLICATION%GOBP%GO:0090592		26	-0.29112646	-0.9178479	0.58007115	1.0	1.0	4340	tags=27%, list=18%, signal=33%	
PID_ECADHERIN_KERATINOCYTE_PATHWAY%MSIGDB_C2%PID_ECADHERIN_KERATINOCYTE_PATHWAY	PID_ECADHERIN_KERATINOCYTE_PATHWAY%MSIGDB_C2%PID_ECADHERIN_KERATINOCYTE_PATHWAY		17	-0.33603954	-0.91783994	0.5510204	1.0	1.0	2701	tags=24%, list=11%, signal=26%	
REGULATION OF MEMBRANE PROTEIN ECTODOMAIN PROTEOLYSIS%GOBP%GO:0051043	REGULATION OF MEMBRANE PROTEIN ECTODOMAIN PROTEOLYSIS%GOBP%GO:0051043		24	-0.30011764	-0.91779953	0.56	1.0	1.0	1898	tags=13%, list=8%, signal=14%	
GLUTAMATE METABOLISM%PATHWHIZ%PW000003	GLUTAMATE METABOLISM%PATHWHIZ%PW000003		21	-0.30999961	-0.9175423	0.6205674	1.0	1.0	476	tags=10%, list=2%, signal=10%	
REGULATION OF PYRUVATE METABOLISM%REACTOME DATABASE ID RELEASE 95%9861718	REGULATION OF PYRUVATE METABOLISM%REACTOME DATABASE ID RELEASE 95%9861718		31	-0.2860199	-0.91753775	0.6420233	1.0	1.0	1583	tags=13%, list=6%, signal=14%	
INTERLEUKIN-17 SIGNALING%REACTOME DATABASE ID RELEASE 95%448424	INTERLEUKIN-17 SIGNALING%REACTOME DATABASE ID RELEASE 95%448424		70	-0.2365287	-0.91562	0.68333334	1.0	1.0	1334	tags=11%, list=5%, signal=12%	
NEGATIVE REGULATION OF REGULATORY T CELL DIFFERENTIATION%GOBP%GO:0045590	NEGATIVE REGULATION OF REGULATORY T CELL DIFFERENTIATION%GOBP%GO:0045590		19	-0.3110406	-0.91491956	0.57931036	1.0	1.0	705	tags=11%, list=3%, signal=11%	
CHK1 CHK2(CDS1) MEDIATED INACTIVATION OF CYCLIN B:CDK1 COMPLEX%REACTOME%R-HSA-75035.6	CHK1 CHK2(CDS1) MEDIATED INACTIVATION OF CYCLIN B:CDK1 COMPLEX%REACTOME%R-HSA-75035.6		15	-0.33126304	-0.9144263	0.6101695	1.0	1.0	899	tags=13%, list=4%, signal=14%	
HOMOCARNOSINOSIS%SMPDB%SMP0000385	HOMOCARNOSINOSIS%SMPDB%SMP0000385		21	-0.30999961	-0.914368	0.59363955	1.0	1.0	476	tags=10%, list=2%, signal=10%	
POSITIVE REGULATION OF NOTCH SIGNALING PATHWAY%GOBP%GO:0045747	POSITIVE REGULATION OF NOTCH SIGNALING PATHWAY%GOBP%GO:0045747		34	-0.27734065	-0.9142807	0.5846154	1.0	1.0	3108	tags=21%, list=13%, signal=24%	
SENSORY ORGAN MORPHOGENESIS%GOBP%GO:0090596	SENSORY ORGAN MORPHOGENESIS%GOBP%GO:0090596		129	-0.22049025	-0.9142615	0.7009346	1.0	1.0	2429	tags=14%, list=10%, signal=15%	
REGULATION OF MYELINATION%GOBP%GO:0031641	REGULATION OF MYELINATION%GOBP%GO:0031641		27	-0.296929	-0.9142559	0.62222224	1.0	1.0	1938	tags=22%, list=8%, signal=24%	
HYPERINSULINISM-HYPERAMMONEMIA SYNDROME%PATHWHIZ%PW000072	HYPERINSULINISM-HYPERAMMONEMIA SYNDROME%PATHWHIZ%PW000072		21	-0.30999961	-0.91399604	0.610687	1.0	1.0	476	tags=10%, list=2%, signal=10%	
NEGATIVE REGULATION OF CARBOHYDRATE METABOLIC PROCESS%GOBP%GO:0045912	NEGATIVE REGULATION OF CARBOHYDRATE METABOLIC PROCESS%GOBP%GO:0045912		39	-0.26532242	-0.9136047	0.6130435	1.0	1.0	3511	tags=23%, list=14%, signal=27%	
CARDIAC MUSCLE CELL DIFFERENTIATION%GOBP%GO:0055007	CARDIAC MUSCLE CELL DIFFERENTIATION%GOBP%GO:0055007		52	-0.2504026	-0.9128917	0.63917524	1.0	1.0	2110	tags=13%, list=9%, signal=15%	
EYE MORPHOGENESIS%GOBP%GO:0048592	EYE MORPHOGENESIS%GOBP%GO:0048592		85	-0.2277185	-0.91260624	0.72289157	1.0	1.0	2429	tags=16%, list=10%, signal=18%	
CARTILAGE DEVELOPMENT%GOBP%GO:0051216	CARTILAGE DEVELOPMENT%GOBP%GO:0051216		70	-0.23872852	-0.9123039	0.6480447	1.0	1.0	1328	tags=9%, list=5%, signal=9%	
ENDOCRINE PANCREAS DEVELOPMENT%GOBP%GO:0031018	ENDOCRINE PANCREAS DEVELOPMENT%GOBP%GO:0031018		20	-0.30973765	-0.9120941	0.5810811	1.0	1.0	3792	tags=20%, list=15%, signal=24%	
PSEUDOURIDINE SYNTHESIS%GOBP%GO:0001522	PSEUDOURIDINE SYNTHESIS%GOBP%GO:0001522		18	-0.31751108	-0.9120783	0.55369127	1.0	1.0	1823	tags=22%, list=7%, signal=24%	
POSITIVE REGULATION OF PROTEIN IMPORT INTO NUCLEUS%GOBP%GO:0042307	POSITIVE REGULATION OF PROTEIN IMPORT INTO NUCLEUS%GOBP%GO:0042307		28	-0.28882307	-0.91100705	0.60805863	1.0	1.0	2760	tags=18%, list=11%, signal=20%	
PURINERGIC SIGNALING%WIKIPATHWAYS_20260211%WP4900%HOMO SAPIENS	PURINERGIC SIGNALING%WIKIPATHWAYS_20260211%WP4900%HOMO SAPIENS		29	-0.27927893	-0.91086024	0.62903225	1.0	1.0	2252	tags=21%, list=9%, signal=23%	
ALPHA6BETA4INTEGRIN%IOB%ALPHA6BETA4INTEGRIN	ALPHA6BETA4INTEGRIN%IOB%ALPHA6BETA4INTEGRIN		50	-0.24998946	-0.91027397	0.67906976	1.0	1.0	2701	tags=16%, list=11%, signal=18%	
HEDGEHOG SIGNALING%WIKIPATHWAYS_20260211%WP4249%HOMO SAPIENS	HEDGEHOG SIGNALING%WIKIPATHWAYS_20260211%WP4249%HOMO SAPIENS		34	-0.26981336	-0.9101952	0.607438	1.0	1.0	4560	tags=29%, list=19%, signal=36%	
PRC2 METHYLATES HISTONES AND DNA%REACTOME DATABASE ID RELEASE 95%212300	PRC2 METHYLATES HISTONES AND DNA%REACTOME DATABASE ID RELEASE 95%212300		43	-0.25797898	-0.9094872	0.6610879	1.0	1.0	2424	tags=19%, list=10%, signal=21%	
PURINE METABOLISM AND RELATED DISORDERS%WIKIPATHWAYS_20260211%WP4224%HOMO SAPIENS	PURINE METABOLISM AND RELATED DISORDERS%WIKIPATHWAYS_20260211%WP4224%HOMO SAPIENS		15	-0.33778653	-0.90912324	0.5902141	1.0	1.0	4908	tags=47%, list=20%, signal=58%	
POSITIVE REGULATION OF TYPE II INTERFERON PRODUCTION%GOBP%GO:0032729	POSITIVE REGULATION OF TYPE II INTERFERON PRODUCTION%GOBP%GO:0032729		69	-0.23646374	-0.909071	0.70050764	1.0	1.0	2798	tags=16%, list=11%, signal=18%	
INTRINSIC APOPTOTIC SIGNALING PATHWAY BY P53 CLASS MEDIATOR%GOBP%GO:0072332	INTRINSIC APOPTOTIC SIGNALING PATHWAY BY P53 CLASS MEDIATOR%GOBP%GO:0072332		38	-0.2745425	-0.9090377	0.63673466	1.0	1.0	2400	tags=21%, list=10%, signal=23%	
MRNA STABILIZATION%GOBP%GO:0048255	MRNA STABILIZATION%GOBP%GO:0048255		63	-0.24170484	-0.90875804	0.66831684	1.0	1.0	3853	tags=29%, list=16%, signal=34%	
CD8-POSITIVE, ALPHA-BETA T CELL ACTIVATION%GOBP%GO:0036037	CD8-POSITIVE, ALPHA-BETA T CELL ACTIVATION%GOBP%GO:0036037		20	-0.30888912	-0.90846795	0.59409595	1.0	1.0	705	tags=10%, list=3%, signal=10%	
CELLULAR RESPONSE TO CAMP%GOBP%GO:0071320	CELLULAR RESPONSE TO CAMP%GOBP%GO:0071320		33	-0.2696314	-0.90845937	0.6356275	1.0	1.0	1418	tags=12%, list=6%, signal=13%	
DOWNSTREAM SIGNALING EVENTS OF B CELL RECEPTOR (BCR)%REACTOME DATABASE ID RELEASE 95%1168372	DOWNSTREAM SIGNALING EVENTS OF B CELL RECEPTOR (BCR)%REACTOME DATABASE ID RELEASE 95%1168372		67	-0.23349659	-0.908207	0.67045456	1.0	1.0	4409	tags=28%, list=18%, signal=34%	
NEGATIVE REGULATION OF WNT SIGNALING PATHWAY%GOBP%GO:0030178	NEGATIVE REGULATION OF WNT SIGNALING PATHWAY%GOBP%GO:0030178		144	-0.21166629	-0.9081979	0.7719298	1.0	1.0	2904	tags=15%, list=12%, signal=16%	
PIECEMEAL MICROAUTOPHAGY OF THE NUCLEUS%GOBP%GO:0034727	PIECEMEAL MICROAUTOPHAGY OF THE NUCLEUS%GOBP%GO:0034727		18	-0.31865415	-0.9081819	0.5849673	1.0	1.0	91	tags=6%, list=0%, signal=6%	
HALLMARK_IL2_STAT5_SIGNALING%MSIGDBHALLMARK%HALLMARK_IL2_STAT5_SIGNALING	HALLMARK_IL2_STAT5_SIGNALING%MSIGDBHALLMARK%HALLMARK_IL2_STAT5_SIGNALING		170	-0.20447256	-0.9077628	0.82608694	1.0	1.0	2591	tags=13%, list=11%, signal=14%	
FORMATION OF THE EARLY ELONGATION COMPLEX%REACTOME%R-HSA-113418.5	FORMATION OF THE EARLY ELONGATION COMPLEX%REACTOME%R-HSA-113418.5		33	-0.27035326	-0.9075132	0.6302521	1.0	1.0	5413	tags=45%, list=22%, signal=58%	
RNA LOCALIZATION%GOBP%GO:0006403	RNA LOCALIZATION%GOBP%GO:0006403		131	-0.21351944	-0.90734154	0.7653061	1.0	1.0	3897	tags=23%, list=16%, signal=27%	
POSITIVE REGULATION OF EXOSOMAL SECRETION%GOBP%GO:1903543	POSITIVE REGULATION OF EXOSOMAL SECRETION%GOBP%GO:1903543		15	-0.3392091	-0.90728146	0.57615894	1.0	1.0	17	tags=7%, list=0%, signal=7%	
REGULATION OF BMP SIGNALING PATHWAY%GOBP%GO:0030510	REGULATION OF BMP SIGNALING PATHWAY%GOBP%GO:0030510		81	-0.22873303	-0.9070192	0.69078946	1.0	1.0	4695	tags=31%, list=19%, signal=38%	
PI-3K CASCADE:FGFR4%REACTOME DATABASE ID RELEASE 95%5654720	PI-3K CASCADE:FGFR4%REACTOME DATABASE ID RELEASE 95%5654720		17	-0.311784	-0.90696174	0.61755484	1.0	1.0	3452	tags=29%, list=14%, signal=34%	
BDNF TRKB SIGNALING%WIKIPATHWAYS_20260211%WP3676%HOMO SAPIENS	BDNF TRKB SIGNALING%WIKIPATHWAYS_20260211%WP3676%HOMO SAPIENS		29	-0.2898859	-0.90693855	0.6136364	1.0	1.0	2792	tags=21%, list=11%, signal=23%	
DICARBOXYLIC ACID CATABOLIC PROCESS%GOBP%GO:0043649	DICARBOXYLIC ACID CATABOLIC PROCESS%GOBP%GO:0043649		15	-0.3293309	-0.9068905	0.5967742	1.0	1.0	853	tags=20%, list=3%, signal=21%	
PI-3K CASCADE:FGFR1%REACTOME%R-HSA-5654689.4	PI-3K CASCADE:FGFR1%REACTOME%R-HSA-5654689.4		15	-0.34399295	-0.90676284	0.5770492	1.0	1.0	3452	tags=27%, list=14%, signal=31%	
TRANSLESION SYNTHESIS BY POLI%REACTOME%R-HSA-5656121.2	TRANSLESION SYNTHESIS BY POLI%REACTOME%R-HSA-5656121.2		17	-0.33059385	-0.9064986	0.5916399	1.0	1.0	3772	tags=29%, list=15%, signal=35%	
POSITIVE REGULATION OF SYNAPTIC TRANSMISSION%GOBP%GO:0050806	POSITIVE REGULATION OF SYNAPTIC TRANSMISSION%GOBP%GO:0050806		91	-0.22907965	-0.9064915	0.6993007	1.0	1.0	1660	tags=11%, list=7%, signal=12%	
NOTCH%IOB%NOTCH	NOTCH%IOB%NOTCH		53	-0.24110821	-0.9060115	0.71634614	1.0	1.0	2336	tags=13%, list=10%, signal=15%	
TETRAHYDROFOLATE METABOLIC PROCESS%GOBP%GO:0046653	TETRAHYDROFOLATE METABOLIC PROCESS%GOBP%GO:0046653		15	-0.3346662	-0.90583545	0.54375	1.0	1.0	3764	tags=33%, list=15%, signal=39%	
REGULATION OF RRNA PROCESSING%GOBP%GO:2000232	REGULATION OF RRNA PROCESSING%GOBP%GO:2000232		18	-0.31752163	-0.9058233	0.5457317	1.0	1.0	685	tags=11%, list=3%, signal=11%	
APOPTOSIS%REACTOME DATABASE ID RELEASE 95%109581	APOPTOSIS%REACTOME DATABASE ID RELEASE 95%109581		163	-0.20619552	-0.90535456	0.875	1.0	1.0	2925	tags=18%, list=12%, signal=20%	
P53 TRANSCRIPTIONAL GENE NETWORK%WIKIPATHWAYS_20260211%WP4963%HOMO SAPIENS	P53 TRANSCRIPTIONAL GENE NETWORK%WIKIPATHWAYS_20260211%WP4963%HOMO SAPIENS		78	-0.2284304	-0.9052758	0.6625	1.0	1.0	5240	tags=37%, list=21%, signal=47%	
REGULATION OF ESTABLISHMENT OF CELL POLARITY%GOBP%GO:2000114	REGULATION OF ESTABLISHMENT OF CELL POLARITY%GOBP%GO:2000114		20	-0.3037776	-0.90526986	0.6275862	1.0	1.0	1445	tags=15%, list=6%, signal=16%	
TRANSCRIPTION-COUPLED NUCLEOTIDE EXCISION REPAIR (TC-NER)%REACTOME%R-HSA-6781827.3	TRANSCRIPTION-COUPLED NUCLEOTIDE EXCISION REPAIR (TC-NER)%REACTOME%R-HSA-6781827.3		75	-0.22967637	-0.9047506	0.7113402	1.0	1.0	5676	tags=40%, list=23%, signal=52%	
VOLTAGE GATED POTASSIUM CHANNELS%REACTOME%R-HSA-1296072.4	VOLTAGE GATED POTASSIUM CHANNELS%REACTOME%R-HSA-1296072.4		43	-0.25900006	-0.9046416	0.6375546	1.0	1.0	1846	tags=12%, list=8%, signal=13%	
CIRCADIAN RHYTHM GENES%WIKIPATHWAYS_20260211%WP3594%HOMO SAPIENS	CIRCADIAN RHYTHM GENES%WIKIPATHWAYS_20260211%WP3594%HOMO SAPIENS		164	-0.20821184	-0.9026762	0.7878788	1.0	1.0	3890	tags=22%, list=16%, signal=26%	
REGULATION OF AEROBIC RESPIRATION%GOBP%GO:1903715	REGULATION OF AEROBIC RESPIRATION%GOBP%GO:1903715		23	-0.29602352	-0.9024846	0.5986394	1.0	1.0	3798	tags=26%, list=16%, signal=31%	
OSSIFICATION%GOBP%GO:0001503	OSSIFICATION%GOBP%GO:0001503		146	-0.2072948	-0.90203434	0.776699	1.0	1.0	2645	tags=13%, list=11%, signal=15%	
NEGATIVE REGULATION OF RNA CATABOLIC PROCESS%GOBP%GO:1902369	NEGATIVE REGULATION OF RNA CATABOLIC PROCESS%GOBP%GO:1902369		90	-0.22279088	-0.90178984	0.6927711	1.0	1.0	3853	tags=26%, list=16%, signal=30%	
NEGATIVE REGULATION OF CD4-POSITIVE, ALPHA-BETA T CELL ACTIVATION%GOBP%GO:2000515	NEGATIVE REGULATION OF CD4-POSITIVE, ALPHA-BETA T CELL ACTIVATION%GOBP%GO:2000515		26	-0.28588358	-0.90136653	0.62815887	1.0	1.0	4136	tags=23%, list=17%, signal=28%	
IL6-MEDIATED SIGNALING EVENTS%PATHWAY INTERACTION DATABASE NCI-NATURE CURATED DATA%IL6-MEDIATED SIGNALING EVENTS	IL6-MEDIATED SIGNALING EVENTS%PATHWAY INTERACTION DATABASE NCI-NATURE CURATED DATA%IL6-MEDIATED SIGNALING EVENTS		47	-0.2470906	-0.9013372	0.69777775	1.0	1.0	1334	tags=11%, list=5%, signal=11%	
HSP90 CHAPERONE CYCLE FOR SHRS%REACTOME DATABASE ID RELEASE 95%3371497	HSP90 CHAPERONE CYCLE FOR SHRS%REACTOME DATABASE ID RELEASE 95%3371497		38	-0.26706907	-0.9011749	0.6609442	1.0	1.0	2843	tags=18%, list=12%, signal=21%	
REGULATION OF PROTEIN UBIQUITINATION%GOBP%GO:0031396	REGULATION OF PROTEIN UBIQUITINATION%GOBP%GO:0031396		154	-0.20616771	-0.9005917	0.8181818	1.0	1.0	4964	tags=28%, list=20%, signal=35%	
APPENDAGE DEVELOPMENT%GOBP%GO:0048736	APPENDAGE DEVELOPMENT%GOBP%GO:0048736		69	-0.23302339	-0.90025425	0.7278106	1.0	1.0	3790	tags=22%, list=15%, signal=26%	
PID_CD8_TCR_DOWNSTREAM_PATHWAY%MSIGDB_C2%PID_CD8_TCR_DOWNSTREAM_PATHWAY	PID_CD8_TCR_DOWNSTREAM_PATHWAY%MSIGDB_C2%PID_CD8_TCR_DOWNSTREAM_PATHWAY		56	-0.24071366	-0.9002014	0.7083333	1.0	1.0	2047	tags=13%, list=8%, signal=14%	
NEUROGENESIS REGULATION IN THE OLFACTORY EPITHELIUM%WIKIPATHWAYS_20260211%WP5265%HOMO SAPIENS	NEUROGENESIS REGULATION IN THE OLFACTORY EPITHELIUM%WIKIPATHWAYS_20260211%WP5265%HOMO SAPIENS		47	-0.2545139	-0.90003866	0.6651376	1.0	1.0	766	tags=9%, list=3%, signal=9%	
INTRINSIC APOPTOTIC SIGNALING PATHWAY IN RESPONSE TO DNA DAMAGE BY P53 CLASS MEDIATOR%GOBP%GO:0042771	INTRINSIC APOPTOTIC SIGNALING PATHWAY IN RESPONSE TO DNA DAMAGE BY P53 CLASS MEDIATOR%GOBP%GO:0042771		22	-0.30007362	-0.8999153	0.62589926	1.0	1.0	4452	tags=41%, list=18%, signal=50%	
ACYL-COA BIOSYNTHETIC PROCESS%GOBP%GO:0071616	ACYL-COA BIOSYNTHETIC PROCESS%GOBP%GO:0071616		42	-0.2550757	-0.89986557	0.6958525	1.0	1.0	2468	tags=19%, list=10%, signal=21%	
SIGNALING BY WNT IN CANCER%REACTOME DATABASE ID RELEASE 95%4791275	SIGNALING BY WNT IN CANCER%REACTOME DATABASE ID RELEASE 95%4791275		34	-0.27495715	-0.89984816	0.6618182	1.0	1.0	3454	tags=26%, list=14%, signal=31%	
NEGATIVE REGULATION OF DOUBLE-STRAND BREAK REPAIR VIA HOMOLOGOUS RECOMBINATION%GOBP%GO:2000042	NEGATIVE REGULATION OF DOUBLE-STRAND BREAK REPAIR VIA HOMOLOGOUS RECOMBINATION%GOBP%GO:2000042		25	-0.2933928	-0.89945227	0.6195652	1.0	1.0	6214	tags=52%, list=25%, signal=70%	
REGULATION OF CELLULAR RESPONSE TO VASCULAR ENDOTHELIAL GROWTH FACTOR STIMULUS%GOBP%GO:1902547	REGULATION OF CELLULAR RESPONSE TO VASCULAR ENDOTHELIAL GROWTH FACTOR STIMULUS%GOBP%GO:1902547		30	-0.27615225	-0.89889574	0.6360294	1.0	1.0	1694	tags=10%, list=7%, signal=11%	
PROTEIN DEGLYCOSYLATION%GOBP%GO:0006517	PROTEIN DEGLYCOSYLATION%GOBP%GO:0006517		17	-0.33189815	-0.8987886	0.5863192	1.0	1.0	4762	tags=41%, list=19%, signal=51%	
CELL FATE COMMITMENT INVOLVED IN FORMATION OF PRIMARY GERM LAYER%GOBP%GO:0060795	CELL FATE COMMITMENT INVOLVED IN FORMATION OF PRIMARY GERM LAYER%GOBP%GO:0060795		16	-0.33540305	-0.89869964	0.629393	1.0	1.0	147	tags=6%, list=1%, signal=6%	
MITOCHONDRIAL RNA PROCESSING%GOBP%GO:0000963	MITOCHONDRIAL RNA PROCESSING%GOBP%GO:0000963		28	-0.28372115	-0.8983108	0.634058	1.0	1.0	1892	tags=14%, list=8%, signal=15%	
CYCLIN E ASSOCIATED EVENTS DURING G1 S TRANSITION%REACTOME%R-HSA-69202.5	CYCLIN E ASSOCIATED EVENTS DURING G1 S TRANSITION%REACTOME%R-HSA-69202.5		73	-0.23295969	-0.89800316	0.71727747	1.0	1.0	5347	tags=33%, list=22%, signal=42%	
REGULATION OF TRIGLYCERIDE METABOLIC PROCESS%GOBP%GO:0090207	REGULATION OF TRIGLYCERIDE METABOLIC PROCESS%GOBP%GO:0090207		32	-0.27169165	-0.8975406	0.64310956	1.0	1.0	1950	tags=16%, list=8%, signal=17%	
FORMATION OF RNA POL II ELONGATION COMPLEX%REACTOME%R-HSA-112382.4	FORMATION OF RNA POL II ELONGATION COMPLEX%REACTOME%R-HSA-112382.4		58	-0.23930201	-0.89693993	0.7015707	1.0	1.0	5965	tags=45%, list=24%, signal=59%	
GLOBAL GENOME NUCLEOTIDE EXCISION REPAIR (GG-NER)%REACTOME%R-HSA-5696399.2	GLOBAL GENOME NUCLEOTIDE EXCISION REPAIR (GG-NER)%REACTOME%R-HSA-5696399.2		83	-0.23035255	-0.89679754	0.73571426	1.0	1.0	5676	tags=37%, list=23%, signal=48%	
AMINOGLYCAN METABOLIC PROCESS%GOBP%GO:0006022	AMINOGLYCAN METABOLIC PROCESS%GOBP%GO:0006022		54	-0.24062169	-0.8962607	0.6740088	1.0	1.0	2017	tags=13%, list=8%, signal=14%	
LIMB DEVELOPMENT%GOBP%GO:0060173	LIMB DEVELOPMENT%GOBP%GO:0060173		69	-0.23302339	-0.8958328	0.6978022	1.0	1.0	3790	tags=22%, list=15%, signal=26%	
MYOBLAST DIFFERENTIATION%GOBP%GO:0045445	MYOBLAST DIFFERENTIATION%GOBP%GO:0045445		23	-0.29486436	-0.89561087	0.66283524	1.0	1.0	2696	tags=17%, list=11%, signal=20%	
NEGATIVE REGULATION OF CHONDROCYTE DIFFERENTIATION%GOBP%GO:0032331	NEGATIVE REGULATION OF CHONDROCYTE DIFFERENTIATION%GOBP%GO:0032331		16	-0.31681502	-0.8946384	0.63375795	1.0	1.0	1061	tags=13%, list=4%, signal=13%	
REGULATION OF EXOSOMAL SECRETION%GOBP%GO:1903541	REGULATION OF EXOSOMAL SECRETION%GOBP%GO:1903541		17	-0.3139171	-0.89406216	0.63897765	1.0	1.0	17	tags=6%, list=0%, signal=6%	
CHROMOSOME MAINTENANCE%REACTOME DATABASE ID RELEASE 95%73886	CHROMOSOME MAINTENANCE%REACTOME DATABASE ID RELEASE 95%73886		118	-0.21230002	-0.893879	0.7894737	1.0	1.0	4960	tags=27%, list=20%, signal=34%	
DEGRADATION OF BETA CATENIN%PATHWAY INTERACTION DATABASE NCI-NATURE CURATED DATA%DEGRADATION OF BETA CATENIN	DEGRADATION OF BETA CATENIN%PATHWAY INTERACTION DATABASE NCI-NATURE CURATED DATA%DEGRADATION OF BETA CATENIN		18	-0.31938958	-0.89360464	0.61433446	1.0	1.0	6118	tags=44%, list=25%, signal=59%	
SIGNALING BY RETINOIC ACID%REACTOME DATABASE ID RELEASE 95%5362517	SIGNALING BY RETINOIC ACID%REACTOME DATABASE ID RELEASE 95%5362517		41	-0.2537628	-0.8923142	0.6624473	1.0	1.0	2636	tags=17%, list=11%, signal=19%	
NEGATIVE REGULATION OF MRNA CATABOLIC PROCESS%GOBP%GO:1902373	NEGATIVE REGULATION OF MRNA CATABOLIC PROCESS%GOBP%GO:1902373		77	-0.23182839	-0.89226156	0.7256098	1.0	1.0	3853	tags=27%, list=16%, signal=32%	
REGULATION OF LIPID STORAGE%GOBP%GO:0010883	REGULATION OF LIPID STORAGE%GOBP%GO:0010883		37	-0.26157457	-0.8920323	0.6759259	1.0	1.0	2381	tags=16%, list=10%, signal=18%	
POSITIVE REGULATION OF EPIDERMAL GROWTH FACTOR RECEPTOR SIGNALING PATHWAY%GOBP%GO:0045742	POSITIVE REGULATION OF EPIDERMAL GROWTH FACTOR RECEPTOR SIGNALING PATHWAY%GOBP%GO:0045742		28	-0.28235075	-0.8915092	0.64748204	1.0	1.0	2922	tags=21%, list=12%, signal=24%	
DISORDERS OF MITOCHONDRIAL HOMEOSTATIS DYNAMICS PROTEIN IMPORT AND QUALITY CONTROL%WIKIPATHWAYS_20260211%WP5504%HOMO SAPIENS	DISORDERS OF MITOCHONDRIAL HOMEOSTATIS DYNAMICS PROTEIN IMPORT AND QUALITY CONTROL%WIKIPATHWAYS_20260211%WP5504%HOMO SAPIENS		52	-0.24404137	-0.89135915	0.69483566	1.0	1.0	3087	tags=17%, list=13%, signal=20%	
TGF BETA RECEPTOR SIGNALING%WIKIPATHWAYS_20260211%WP560%HOMO SAPIENS	TGF BETA RECEPTOR SIGNALING%WIKIPATHWAYS_20260211%WP560%HOMO SAPIENS		49	-0.24992119	-0.89120156	0.7028302	1.0	1.0	3712	tags=20%, list=15%, signal=24%	
TRANSCRIPTIONAL REGULATION BY RUNX2%REACTOME DATABASE ID RELEASE 95%8878166	TRANSCRIPTIONAL REGULATION BY RUNX2%REACTOME DATABASE ID RELEASE 95%8878166		105	-0.21835704	-0.8908847	0.7761194	1.0	1.0	4409	tags=25%, list=18%, signal=30%	
SULFUR COMPOUND BIOSYNTHETIC PROCESS%GOBP%GO:0044272	SULFUR COMPOUND BIOSYNTHETIC PROCESS%GOBP%GO:0044272		87	-0.22244701	-0.8906131	0.77575755	1.0	1.0	2894	tags=18%, list=12%, signal=21%	
PID_UPA_UPAR_PATHWAY%MSIGDB_C2%PID_UPA_UPAR_PATHWAY	PID_UPA_UPAR_PATHWAY%MSIGDB_C2%PID_UPA_UPAR_PATHWAY		29	-0.27039626	-0.8904559	0.66292137	1.0	1.0	572	tags=7%, list=2%, signal=7%	
PROTEIN TETRAMERIZATION%GOBP%GO:0051262	PROTEIN TETRAMERIZATION%GOBP%GO:0051262		84	-0.22579758	-0.8904064	0.737931	1.0	1.0	2976	tags=17%, list=12%, signal=19%	
PID_WNT_CANONICAL_PATHWAY%MSIGDB_C2%PID_WNT_CANONICAL_PATHWAY	PID_WNT_CANONICAL_PATHWAY%MSIGDB_C2%PID_WNT_CANONICAL_PATHWAY		16	-0.3259398	-0.88942987	0.61333334	1.0	1.0	1808	tags=19%, list=7%, signal=20%	
S1P2 PATHWAY%PATHWAY INTERACTION DATABASE NCI-NATURE CURATED DATA%S1P2 PATHWAY	S1P2 PATHWAY%PATHWAY INTERACTION DATABASE NCI-NATURE CURATED DATA%S1P2 PATHWAY		24	-0.2905135	-0.8892449	0.65648854	1.0	1.0	1334	tags=13%, list=5%, signal=13%	
SYNTHESIS OF DNA%REACTOME%R-HSA-69239.5	SYNTHESIS OF DNA%REACTOME%R-HSA-69239.5		108	-0.22007234	-0.888398	0.7867647	1.0	1.0	4690	tags=31%, list=19%, signal=38%	
3'-UTR-MEDIATED MRNA DESTABILIZATION%GOBP%GO:0061158	3'-UTR-MEDIATED MRNA DESTABILIZATION%GOBP%GO:0061158		22	-0.29772007	-0.8880098	0.6360656	1.0	1.0	2443	tags=18%, list=10%, signal=20%	
POSITIVE REGULATION OF MIRNA METABOLIC PROCESS%GOBP%GO:2000630	POSITIVE REGULATION OF MIRNA METABOLIC PROCESS%GOBP%GO:2000630		54	-0.2412264	-0.88792604	0.71497583	1.0	1.0	2802	tags=19%, list=11%, signal=21%	
RNA STABILIZATION%GOBP%GO:0043489	RNA STABILIZATION%GOBP%GO:0043489		75	-0.23110531	-0.88775986	0.73964494	1.0	1.0	3853	tags=27%, list=16%, signal=32%	
FORMATION OF THE HIV-1 EARLY ELONGATION COMPLEX%REACTOME DATABASE ID RELEASE 95%167158	FORMATION OF THE HIV-1 EARLY ELONGATION COMPLEX%REACTOME DATABASE ID RELEASE 95%167158		33	-0.27035326	-0.8874658	0.64658636	1.0	1.0	5413	tags=45%, list=22%, signal=58%	
GLYCOSAMINOGLYCAN SYNTHESIS IN FIBROBLASTS%WIKIPATHWAYS_20260211%WP5395%HOMO SAPIENS	GLYCOSAMINOGLYCAN SYNTHESIS IN FIBROBLASTS%WIKIPATHWAYS_20260211%WP5395%HOMO SAPIENS		34	-0.25949118	-0.8874557	0.6720648	1.0	1.0	3874	tags=21%, list=16%, signal=24%	
METENCEPHALON DEVELOPMENT%GOBP%GO:0022037	METENCEPHALON DEVELOPMENT%GOBP%GO:0022037		28	-0.28683093	-0.88730246	0.6702509	1.0	1.0	4315	tags=36%, list=18%, signal=43%	
PID_ER_NONGENOMIC_PATHWAY%MSIGDB_C2%PID_ER_NONGENOMIC_PATHWAY	PID_ER_NONGENOMIC_PATHWAY%MSIGDB_C2%PID_ER_NONGENOMIC_PATHWAY		31	-0.27438295	-0.88668966	0.66159695	1.0	1.0	2659	tags=16%, list=11%, signal=18%	
EXTRINSIC APOPTOTIC SIGNALING PATHWAY VIA DEATH DOMAIN RECEPTORS%GOBP%GO:0008625	EXTRINSIC APOPTOTIC SIGNALING PATHWAY VIA DEATH DOMAIN RECEPTORS%GOBP%GO:0008625		38	-0.2553432	-0.8866857	0.69262296	1.0	1.0	1914	tags=13%, list=8%, signal=14%	
NOREPINEPHRINE NEUROTRANSMITTER RELEASE CYCLE%REACTOME DATABASE ID RELEASE 95%181430	NOREPINEPHRINE NEUROTRANSMITTER RELEASE CYCLE%REACTOME DATABASE ID RELEASE 95%181430		17	-0.3159693	-0.8863824	0.64705884	1.0	1.0	3031	tags=29%, list=12%, signal=34%	
MITOCHONDRIAL RIBOSOME-ASSOCIATED QUALITY CONTROL%REACTOME DATABASE ID RELEASE 95%9937383	MITOCHONDRIAL RIBOSOME-ASSOCIATED QUALITY CONTROL%REACTOME DATABASE ID RELEASE 95%9937383		90	-0.21943104	-0.88592565	0.81595093	1.0	1.0	5397	tags=37%, list=22%, signal=47%	
PARKINSON 39 S DISEASE PATHWAY%WIKIPATHWAYS_20260211%WP2371%HOMO SAPIENS	PARKINSON 39 S DISEASE PATHWAY%WIKIPATHWAYS_20260211%WP2371%HOMO SAPIENS		32	-0.26866606	-0.88584507	0.67164177	1.0	1.0	4429	tags=31%, list=18%, signal=38%	
RAB GERANYLGERANYLATION%REACTOME%R-HSA-8873719.4	RAB GERANYLGERANYLATION%REACTOME%R-HSA-8873719.4		65	-0.23348837	-0.8856856	0.72988504	1.0	1.0	3569	tags=23%, list=15%, signal=27%	
ADIPOGENESIS%WIKIPATHWAYS_20260211%WP236%HOMO SAPIENS	ADIPOGENESIS%WIKIPATHWAYS_20260211%WP236%HOMO SAPIENS		109	-0.21512376	-0.8856479	0.7762238	1.0	1.0	3995	tags=19%, list=16%, signal=23%	
NEGATIVE REGULATION OF CARTILAGE DEVELOPMENT%GOBP%GO:0061037	NEGATIVE REGULATION OF CARTILAGE DEVELOPMENT%GOBP%GO:0061037		17	-0.31681326	-0.88553214	0.62876254	1.0	1.0	1061	tags=12%, list=4%, signal=12%	
RESPONSE TO ORGANOPHOSPHORUS%GOBP%GO:0046683	RESPONSE TO ORGANOPHOSPHORUS%GOBP%GO:0046683		62	-0.23188181	-0.88540524	0.75789475	1.0	1.0	1418	tags=11%, list=6%, signal=12%	
MUSCLE TISSUE DEVELOPMENT%GOBP%GO:0060537	MUSCLE TISSUE DEVELOPMENT%GOBP%GO:0060537		179	-0.19882777	-0.8853465	0.9166667	1.0	1.0	3094	tags=15%, list=13%, signal=17%	
REGULATION OF D-GLUCOSE IMPORT ACROSS PLASMA MEMBRANE%GOBP%GO:0046324	REGULATION OF D-GLUCOSE IMPORT ACROSS PLASMA MEMBRANE%GOBP%GO:0046324		37	-0.26251325	-0.88517076	0.7063197	1.0	1.0	2425	tags=16%, list=10%, signal=18%	
BONE REMODELING%GOBP%GO:0046849	BONE REMODELING%GOBP%GO:0046849		16	-0.32036823	-0.88511574	0.60493827	1.0	1.0	2939	tags=25%, list=12%, signal=28%	
REGULATION OF T-HELPER 17 CELL DIFFERENTIATION%GOBP%GO:2000319	REGULATION OF T-HELPER 17 CELL DIFFERENTIATION%GOBP%GO:2000319		24	-0.28841674	-0.8830082	0.6308244	1.0	1.0	5954	tags=50%, list=24%, signal=66%	
HAIR CELL DIFFERENTIATION%GOBP%GO:0035315	HAIR CELL DIFFERENTIATION%GOBP%GO:0035315		22	-0.29433694	-0.88241285	0.6375839	1.0	1.0	1863	tags=23%, list=8%, signal=25%	
PROCESSIVE SYNTHESIS ON THE LAGGING STRAND%REACTOME%R-HSA-69183.4	PROCESSIVE SYNTHESIS ON THE LAGGING STRAND%REACTOME%R-HSA-69183.4		15	-0.32613298	-0.8822704	0.61433446	1.0	1.0	1813	tags=27%, list=7%, signal=29%	
REGULATION OF PROTEOLYSIS%GOBP%GO:0030162	REGULATION OF PROTEOLYSIS%GOBP%GO:0030162		129	-0.20783061	-0.8821064	0.82653064	1.0	1.0	2106	tags=12%, list=9%, signal=13%	
DNA REPLICATION%WIKIPATHWAYS_20260211%WP466%HOMO SAPIENS	DNA REPLICATION%WIKIPATHWAYS_20260211%WP466%HOMO SAPIENS		33	-0.26412153	-0.8818061	0.68992245	1.0	1.0	1957	tags=21%, list=8%, signal=23%	
PROTEIN LOCALIZATION TO CHROMOSOME%GOBP%GO:0034502	PROTEIN LOCALIZATION TO CHROMOSOME%GOBP%GO:0034502		78	-0.22499736	-0.8807181	0.81333333	1.0	1.0	2239	tags=12%, list=9%, signal=13%	
SPERMATID NUCLEUS DIFFERENTIATION%GOBP%GO:0007289	SPERMATID NUCLEUS DIFFERENTIATION%GOBP%GO:0007289		17	-0.32052854	-0.88013697	0.6278317	1.0	1.0	1015	tags=12%, list=4%, signal=12%	
RESPONSE TO OXYGEN RADICAL%GOBP%GO:0000305	RESPONSE TO OXYGEN RADICAL%GOBP%GO:0000305		15	-0.32538378	-0.87997025	0.6333333	1.0	1.0	5171	tags=33%, list=21%, signal=42%	
MACROPHAGE STIMULATING PROTEIN MSP SIGNALING%WIKIPATHWAYS_20260211%WP5353%HOMO SAPIENS	MACROPHAGE STIMULATING PROTEIN MSP SIGNALING%WIKIPATHWAYS_20260211%WP5353%HOMO SAPIENS		84	-0.21965416	-0.87984776	0.75333333	1.0	1.0	2904	tags=14%, list=12%, signal=16%	
IRON UPTAKE AND TRANSPORT%REACTOME DATABASE ID RELEASE 95%917937	IRON UPTAKE AND TRANSPORT%REACTOME DATABASE ID RELEASE 95%917937		57	-0.2402986	-0.87978995	0.7254902	1.0	1.0	4068	tags=26%, list=17%, signal=31%	
NUCLEOTIDE-EXCISION REPAIR%GOBP%GO:0006289	NUCLEOTIDE-EXCISION REPAIR%GOBP%GO:0006289		59	-0.23474792	-0.8789182	0.75141245	1.0	1.0	3577	tags=24%, list=15%, signal=28%	
EVASION BY RSV OF HOST INTERFERON RESPONSES%REACTOME%R-HSA-9833109.1	EVASION BY RSV OF HOST INTERFERON RESPONSES%REACTOME%R-HSA-9833109.1		33	-0.27209857	-0.8783053	0.6624473	1.0	1.0	4430	tags=24%, list=18%, signal=30%	
SIGNALING BY SCF-KIT%REACTOME%R-HSA-1433557.6	SIGNALING BY SCF-KIT%REACTOME%R-HSA-1433557.6		39	-0.2524337	-0.8782308	0.6869565	1.0	1.0	2701	tags=21%, list=11%, signal=23%	
RNA POLYMERASE II TRANSCRIPTION ELONGATION%REACTOME%R-HSA-75955.4	RNA POLYMERASE II TRANSCRIPTION ELONGATION%REACTOME%R-HSA-75955.4		58	-0.23930201	-0.8781147	0.75247526	1.0	1.0	5965	tags=45%, list=24%, signal=59%	
PID_ATF2_PATHWAY%MSIGDB_C2%PID_ATF2_PATHWAY	PID_ATF2_PATHWAY%MSIGDB_C2%PID_ATF2_PATHWAY		54	-0.24283975	-0.8780199	0.7407407	1.0	1.0	4682	tags=28%, list=19%, signal=34%	
XENOBIOTIC EXPORT FROM CELL%GOBP%GO:0046618	XENOBIOTIC EXPORT FROM CELL%GOBP%GO:0046618		15	-0.33205858	-0.8764958	0.6325301	1.0	1.0	2381	tags=27%, list=10%, signal=30%	
SENSORY PERCEPTION OF MECHANICAL STIMULUS%GOBP%GO:0050954	SENSORY PERCEPTION OF MECHANICAL STIMULUS%GOBP%GO:0050954		121	-0.20718615	-0.87594527	0.8165138	1.0	1.0	2486	tags=13%, list=10%, signal=15%	
SMAD PROTEIN SIGNAL TRANSDUCTION%GOBP%GO:0060395	SMAD PROTEIN SIGNAL TRANSDUCTION%GOBP%GO:0060395		17	-0.31197524	-0.87588394	0.6426117	1.0	1.0	1789	tags=18%, list=7%, signal=19%	
G ALPHA (Z) SIGNALLING EVENTS%REACTOME DATABASE ID RELEASE 95%418597	G ALPHA (Z) SIGNALLING EVENTS%REACTOME DATABASE ID RELEASE 95%418597		48	-0.24407011	-0.8756513	0.72064775	1.0	1.0	3899	tags=23%, list=16%, signal=27%	
RELAXATION OF MUSCLE%GOBP%GO:0090075	RELAXATION OF MUSCLE%GOBP%GO:0090075		17	-0.3114992	-0.8755786	0.60634923	1.0	1.0	1621	tags=24%, list=7%, signal=25%	
POSITIVE REGULATION OF PROTEIN MODIFICATION BY SMALL PROTEIN CONJUGATION OR REMOVAL%GOBP%GO:1903322	POSITIVE REGULATION OF PROTEIN MODIFICATION BY SMALL PROTEIN CONJUGATION OR REMOVAL%GOBP%GO:1903322		104	-0.21427162	-0.8754492	0.8173913	1.0	1.0	4379	tags=25%, list=18%, signal=30%	
REMOVAL OF THE FLAP INTERMEDIATE FROM THE C-STRAND%REACTOME DATABASE ID RELEASE 95%174437	REMOVAL OF THE FLAP INTERMEDIATE FROM THE C-STRAND%REACTOME DATABASE ID RELEASE 95%174437		17	-0.30993518	-0.8751351	0.6416382	1.0	1.0	1813	tags=18%, list=7%, signal=19%	
CEREBELLUM DEVELOPMENT%GOBP%GO:0021549	CEREBELLUM DEVELOPMENT%GOBP%GO:0021549		28	-0.28683093	-0.87495494	0.6603053	1.0	1.0	4315	tags=36%, list=18%, signal=43%	
MITOCHONDRIAL PROTEIN DEGRADATION%REACTOME%R-HSA-9837999.2	MITOCHONDRIAL PROTEIN DEGRADATION%REACTOME%R-HSA-9837999.2		90	-0.22313829	-0.87463325	0.729927	1.0	1.0	3824	tags=20%, list=16%, signal=24%	
BIOCARTA_EIF4_PATHWAY%MSIGDB_C2%BIOCARTA_EIF4_PATHWAY	BIOCARTA_EIF4_PATHWAY%MSIGDB_C2%BIOCARTA_EIF4_PATHWAY		20	-0.30229005	-0.8743531	0.6231884	1.0	1.0	3920	tags=20%, list=16%, signal=24%	
TISSUE MIGRATION%GOBP%GO:0090130	TISSUE MIGRATION%GOBP%GO:0090130		26	-0.2801603	-0.874213	0.6360294	1.0	1.0	625	tags=8%, list=3%, signal=8%	
ALPHA ADRENERGIC RECEPTOR SIGNALING PATHWAY%PANTHER PATHWAY%P00002	ALPHA ADRENERGIC RECEPTOR SIGNALING PATHWAY%PANTHER PATHWAY%P00002		16	-0.31686977	-0.8742055	0.63013697	1.0	1.0	2805	tags=25%, list=11%, signal=28%	
INTRACELLULAR POTASSIUM ION HOMEOSTASIS%GOBP%GO:0030007	INTRACELLULAR POTASSIUM ION HOMEOSTASIS%GOBP%GO:0030007		21	-0.29672554	-0.8741532	0.64846414	1.0	1.0	2772	tags=24%, list=11%, signal=27%	
REGULATION OF CARBOHYDRATE METABOLIC PROCESS%GOBP%GO:0006109	REGULATION OF CARBOHYDRATE METABOLIC PROCESS%GOBP%GO:0006109		130	-0.20232685	-0.87401944	0.86507934	1.0	1.0	3601	tags=22%, list=15%, signal=25%	
NEGATIVE REGULATION OF INTERLEUKIN-2 PRODUCTION%GOBP%GO:0032703	NEGATIVE REGULATION OF INTERLEUKIN-2 PRODUCTION%GOBP%GO:0032703		22	-0.2902216	-0.87325925	0.6895425	1.0	1.0	1955	tags=23%, list=8%, signal=25%	
NEGATIVE REGULATION OF NEURON PROJECTION DEVELOPMENT%GOBP%GO:0010977	NEGATIVE REGULATION OF NEURON PROJECTION DEVELOPMENT%GOBP%GO:0010977		70	-0.22986594	-0.87241846	0.7643312	1.0	1.0	2559	tags=17%, list=10%, signal=19%	
GLOMERULUS DEVELOPMENT%GOBP%GO:0032835	GLOMERULUS DEVELOPMENT%GOBP%GO:0032835		38	-0.2599294	-0.87157446	0.7385321	1.0	1.0	611	tags=11%, list=2%, signal=11%	
PID_BETA_CATENIN_NUC_PATHWAY%MSIGDB_C2%PID_BETA_CATENIN_NUC_PATHWAY	PID_BETA_CATENIN_NUC_PATHWAY%MSIGDB_C2%PID_BETA_CATENIN_NUC_PATHWAY		64	-0.22989601	-0.8715432	0.8115183	1.0	1.0	3016	tags=20%, list=12%, signal=23%	
POSITIVE REGULATION OF TRANSCRIPTION ELONGATION BY RNA POLYMERASE II%GOBP%GO:0032968	POSITIVE REGULATION OF TRANSCRIPTION ELONGATION BY RNA POLYMERASE II%GOBP%GO:0032968		50	-0.2440861	-0.87153727	0.7387387	1.0	1.0	929	tags=10%, list=4%, signal=10%	
REGULATION OF BROWN FAT CELL DIFFERENTIATION%GOBP%GO:0090335	REGULATION OF BROWN FAT CELL DIFFERENTIATION%GOBP%GO:0090335		22	-0.2869438	-0.87124264	0.640678	1.0	1.0	2375	tags=18%, list=10%, signal=20%	
GLYCOGEN METABOLIC PROCESS%GOBP%GO:0005977	GLYCOGEN METABOLIC PROCESS%GOBP%GO:0005977		34	-0.26838693	-0.87101674	0.6932271	1.0	1.0	5872	tags=41%, list=24%, signal=54%	
CELLULAR RESPONSE TO ATP%GOBP%GO:0071318	CELLULAR RESPONSE TO ATP%GOBP%GO:0071318		15	-0.32897082	-0.8707742	0.65349543	1.0	1.0	1340	tags=20%, list=5%, signal=21%	
RESPONSE TO ATP%GOBP%GO:0033198	RESPONSE TO ATP%GOBP%GO:0033198		20	-0.29581767	-0.8705103	0.64356434	1.0	1.0	1340	tags=15%, list=5%, signal=16%	
MACROAUTOPHAGY%REACTOME DATABASE ID RELEASE 95%1632852	MACROAUTOPHAGY%REACTOME DATABASE ID RELEASE 95%1632852		122	-0.20589226	-0.8699308	0.810219	1.0	1.0	2491	tags=11%, list=10%, signal=13%	
LONG-TERM SYNAPTIC POTENTIATION%GOBP%GO:0060291	LONG-TERM SYNAPTIC POTENTIATION%GOBP%GO:0060291		29	-0.2769017	-0.8699098	0.70143884	1.0	1.0	15	tags=7%, list=0%, signal=7%	
ESTABLISHMENT OF MITOCHONDRION LOCALIZATION, MICROTUBULE-MEDIATED%GOBP%GO:0034643	ESTABLISHMENT OF MITOCHONDRION LOCALIZATION, MICROTUBULE-MEDIATED%GOBP%GO:0034643		22	-0.2833908	-0.8688652	0.6463878	1.0	1.0	3402	tags=36%, list=14%, signal=42%	
NEGATIVE REGULATION OF OSTEOCLAST DIFFERENTIATION%GOBP%GO:0045671	NEGATIVE REGULATION OF OSTEOCLAST DIFFERENTIATION%GOBP%GO:0045671		25	-0.28075615	-0.8683637	0.65882355	1.0	1.0	833	tags=12%, list=3%, signal=12%	
PYRIDINE-CONTAINING COMPOUND BIOSYNTHETIC PROCESS%GOBP%GO:0072525	PYRIDINE-CONTAINING COMPOUND BIOSYNTHETIC PROCESS%GOBP%GO:0072525		17	-0.30987892	-0.86834383	0.6446541	1.0	1.0	3405	tags=29%, list=14%, signal=34%	
CYCLIN A:CDK2-ASSOCIATED EVENTS AT S PHASE ENTRY%REACTOME%R-HSA-69656.6	CYCLIN A:CDK2-ASSOCIATED EVENTS AT S PHASE ENTRY%REACTOME%R-HSA-69656.6		75	-0.22493804	-0.86779165	0.8072289	1.0	1.0	5347	tags=32%, list=22%, signal=41%	
POSITIVE REGULATION OF COLLAGEN BIOSYNTHETIC PROCESS%GOBP%GO:0032967	POSITIVE REGULATION OF COLLAGEN BIOSYNTHETIC PROCESS%GOBP%GO:0032967		15	-0.32085714	-0.86773515	0.6644068	1.0	1.0	3421	tags=27%, list=14%, signal=31%	
ANTERIOR/POSTERIOR AXIS SPECIFICATION%GOBP%GO:0009948	ANTERIOR/POSTERIOR AXIS SPECIFICATION%GOBP%GO:0009948		36	-0.26215264	-0.8676392	0.71370965	1.0	1.0	3883	tags=25%, list=16%, signal=30%	
POSITIVE REGULATION OF LEUKOCYTE APOPTOTIC PROCESS%GOBP%GO:2000108	POSITIVE REGULATION OF LEUKOCYTE APOPTOTIC PROCESS%GOBP%GO:2000108		20	-0.29515213	-0.8666343	0.6759582	1.0	1.0	332	tags=10%, list=1%, signal=10%	
REGULATION OF PROTEASOMAL UBIQUITIN-DEPENDENT PROTEIN CATABOLIC PROCESS%GOBP%GO:0032434	REGULATION OF PROTEASOMAL UBIQUITIN-DEPENDENT PROTEIN CATABOLIC PROCESS%GOBP%GO:0032434		119	-0.20291442	-0.8661973	0.8606557	1.0	1.0	5757	tags=33%, list=24%, signal=43%	
G2 M CHECKPOINTS%REACTOME%R-HSA-69481.5	G2 M CHECKPOINTS%REACTOME%R-HSA-69481.5		139	-0.19864543	-0.8661024	0.9047619	1.0	1.0	2082	tags=12%, list=9%, signal=13%	
MITOCHONDRIAL CALCIUM ION TRANSMEMBRANE TRANSPORT%GOBP%GO:0006851	MITOCHONDRIAL CALCIUM ION TRANSMEMBRANE TRANSPORT%GOBP%GO:0006851		20	-0.2935066	-0.8660157	0.65656567	1.0	1.0	1215	tags=10%, list=5%, signal=11%	
INSULIN RECEPTOR RECYCLING%REACTOME DATABASE ID RELEASE 95%77387	INSULIN RECEPTOR RECYCLING%REACTOME DATABASE ID RELEASE 95%77387		30	-0.2678929	-0.86557484	0.67153287	1.0	1.0	3723	tags=23%, list=15%, signal=27%	
ENDOTHELIUM DEVELOPMENT%GOBP%GO:0003158	ENDOTHELIUM DEVELOPMENT%GOBP%GO:0003158		67	-0.22473128	-0.8648772	0.8148148	1.0	1.0	2336	tags=13%, list=10%, signal=15%	
SULFUR AMINO ACID METABOLISM%REACTOME DATABASE ID RELEASE 95%1614635	SULFUR AMINO ACID METABOLISM%REACTOME DATABASE ID RELEASE 95%1614635		28	-0.26668715	-0.8645003	0.69803923	1.0	1.0	4078	tags=21%, list=17%, signal=26%	
REGULATION OF MUSCLE ORGAN DEVELOPMENT%GOBP%GO:0048634	REGULATION OF MUSCLE ORGAN DEVELOPMENT%GOBP%GO:0048634		23	-0.28599095	-0.8643004	0.7100372	1.0	1.0	3792	tags=26%, list=15%, signal=31%	
MEMBRANE REPOLARIZATION%GOBP%GO:0086009	MEMBRANE REPOLARIZATION%GOBP%GO:0086009		28	-0.2638128	-0.863386	0.7084871	1.0	1.0	4756	tags=29%, list=19%, signal=35%	
HALLMARK_EPITHELIAL_MESENCHYMAL_TRANSITION%MSIGDBHALLMARK%HALLMARK_EPITHELIAL_MESENCHYMAL_TRANSITION	HALLMARK_EPITHELIAL_MESENCHYMAL_TRANSITION%MSIGDBHALLMARK%HALLMARK_EPITHELIAL_MESENCHYMAL_TRANSITION		158	-0.19709466	-0.8633126	0.8888889	1.0	1.0	3066	tags=15%, list=13%, signal=17%	
REGULATION OF CENTROSOME CYCLE%GOBP%GO:0046605	REGULATION OF CENTROSOME CYCLE%GOBP%GO:0046605		54	-0.23320353	-0.86326116	0.74545455	1.0	1.0	3088	tags=19%, list=13%, signal=21%	
SIGNALING BY PDGFR IN DISEASE%REACTOME%R-HSA-9671555.4	SIGNALING BY PDGFR IN DISEASE%REACTOME%R-HSA-9671555.4		18	-0.3035504	-0.86306125	0.66784453	1.0	1.0	71	tags=6%, list=0%, signal=6%	
REGULATION OF LAMELLIPODIUM ORGANIZATION%GOBP%GO:1902743	REGULATION OF LAMELLIPODIUM ORGANIZATION%GOBP%GO:1902743		47	-0.24265614	-0.86296576	0.7526316	1.0	1.0	1005	tags=9%, list=4%, signal=9%	
GAP JUNCTION TRAFFICKING%REACTOME DATABASE ID RELEASE 95%190828	GAP JUNCTION TRAFFICKING%REACTOME DATABASE ID RELEASE 95%190828		28	-0.27706847	-0.8627276	0.73880595	1.0	1.0	1512	tags=11%, list=6%, signal=11%	
LONG-TERM MEMORY%GOBP%GO:0007616	LONG-TERM MEMORY%GOBP%GO:0007616		23	-0.2888747	-0.8626168	0.67741936	1.0	1.0	15	tags=4%, list=0%, signal=4%	
POSITIVE REGULATION OF POST-TRANSLATIONAL PROTEIN MODIFICATION%GOBP%GO:1901875	POSITIVE REGULATION OF POST-TRANSLATIONAL PROTEIN MODIFICATION%GOBP%GO:1901875		105	-0.21309826	-0.8623034	0.8515625	1.0	1.0	4379	tags=25%, list=18%, signal=30%	
RAF-INDEPENDENT MAPK1 3 ACTIVATION%REACTOME%R-HSA-112409.5	RAF-INDEPENDENT MAPK1 3 ACTIVATION%REACTOME%R-HSA-112409.5		22	-0.29091617	-0.8610762	0.67118645	1.0	1.0	3082	tags=27%, list=13%, signal=31%	
RNA 5'-END PROCESSING%GOBP%GO:0000966	RNA 5'-END PROCESSING%GOBP%GO:0000966		38	-0.24986361	-0.8608696	0.74	1.0	1.0	3824	tags=26%, list=16%, signal=31%	
TP53 NETWORK%WIKIPATHWAYS_20260211%WP1742%HOMO SAPIENS	TP53 NETWORK%WIKIPATHWAYS_20260211%WP1742%HOMO SAPIENS		16	-0.3055617	-0.86086375	0.6645367	1.0	1.0	5998	tags=50%, list=24%, signal=66%	
BIOCARTA_ALK_PATHWAY%MSIGDB_C2%BIOCARTA_ALK_PATHWAY	BIOCARTA_ALK_PATHWAY%MSIGDB_C2%BIOCARTA_ALK_PATHWAY		32	-0.26424322	-0.86035967	0.7357724	1.0	1.0	5230	tags=38%, list=21%, signal=48%	
REGULATION OF POST-TRANSLATIONAL PROTEIN MODIFICATION%GOBP%GO:1901873	REGULATION OF POST-TRANSLATIONAL PROTEIN MODIFICATION%GOBP%GO:1901873		194	-0.19313653	-0.86020607	0.9285714	1.0	1.0	5230	tags=29%, list=21%, signal=37%	
TRNA 5'-END PROCESSING%GOBP%GO:0099116	TRNA 5'-END PROCESSING%GOBP%GO:0099116		15	-0.31135234	-0.860168	0.6511628	1.0	1.0	3824	tags=33%, list=16%, signal=39%	
INTRACELLULAR SIGNALLING THROUGH ADENOSINE RECEPTOR A2A AND ADENOSINE%SMPDB%SMP0000320	INTRACELLULAR SIGNALLING THROUGH ADENOSINE RECEPTOR A2A AND ADENOSINE%SMPDB%SMP0000320		37	-0.24973029	-0.85939777	0.7335907	1.0	1.0	2395	tags=16%, list=10%, signal=18%	
ERK MAPK TARGETS%REACTOME%R-HSA-198753.3	ERK MAPK TARGETS%REACTOME%R-HSA-198753.3		22	-0.28963566	-0.85846853	0.6784566	1.0	1.0	903	tags=14%, list=4%, signal=14%	
POSITIVE REGULATION OF CARTILAGE DEVELOPMENT%GOBP%GO:0061036	POSITIVE REGULATION OF CARTILAGE DEVELOPMENT%GOBP%GO:0061036		18	-0.30388272	-0.8582797	0.66358024	1.0	1.0	2652	tags=17%, list=11%, signal=19%	
DEREGULATING CELLULAR METABOLISM THROUGH NON GENOTOXIC CARCINOGENS%WIKIPATHWAYS_20260211%WP5571%HOMO SAPIENS	DEREGULATING CELLULAR METABOLISM THROUGH NON GENOTOXIC CARCINOGENS%WIKIPATHWAYS_20260211%WP5571%HOMO SAPIENS		18	-0.3000717	-0.85826164	0.6996587	1.0	1.0	2429	tags=22%, list=10%, signal=25%	
SKELETAL MUSCLE TISSUE DEVELOPMENT%GOBP%GO:0007519	SKELETAL MUSCLE TISSUE DEVELOPMENT%GOBP%GO:0007519		50	-0.23746586	-0.85794806	0.77251184	1.0	1.0	1922	tags=12%, list=8%, signal=13%	
REGULATION OF BLOOD VESSEL ENDOTHELIAL CELL MIGRATION%GOBP%GO:0043535	REGULATION OF BLOOD VESSEL ENDOTHELIAL CELL MIGRATION%GOBP%GO:0043535		85	-0.22107023	-0.85786194	0.8333333	1.0	1.0	3818	tags=18%, list=16%, signal=21%	
APOPTOTIC NUCLEAR CHANGES%GOBP%GO:0030262	APOPTOTIC NUCLEAR CHANGES%GOBP%GO:0030262		18	-0.30257136	-0.85761636	0.6655629	1.0	1.0	768	tags=11%, list=3%, signal=11%	
POSITIVE REGULATION OF BMP SIGNALING PATHWAY%GOBP%GO:0030513	POSITIVE REGULATION OF BMP SIGNALING PATHWAY%GOBP%GO:0030513		24	-0.27481627	-0.8569887	0.6956522	1.0	1.0	4695	tags=42%, list=19%, signal=51%	
NEUROINFLAMMATION AND GLUTAMATERGIC SIGNALING%WIKIPATHWAYS_20260211%WP5083%HOMO SAPIENS	NEUROINFLAMMATION AND GLUTAMATERGIC SIGNALING%WIKIPATHWAYS_20260211%WP5083%HOMO SAPIENS		108	-0.20031324	-0.8563798	0.89915967	1.0	1.0	3175	tags=15%, list=13%, signal=17%	
MRNA 3'-END PROCESSING%GOBP%GO:0031124	MRNA 3'-END PROCESSING%GOBP%GO:0031124		33	-0.2601323	-0.85627073	0.7781955	1.0	1.0	2876	tags=21%, list=12%, signal=24%	
NEGATIVE REGULATION OF MRNA SPLICING, VIA SPLICEOSOME%GOBP%GO:0048025	NEGATIVE REGULATION OF MRNA SPLICING, VIA SPLICEOSOME%GOBP%GO:0048025		26	-0.2731065	-0.85572267	0.75	1.0	1.0	4627	tags=31%, list=19%, signal=38%	
PHOSPHORYLATED BMAL1:CLOCK (ARNTL:CLOCK) ACTIVATES EXPRESSION OF CORE CLOCK GENES%REACTOME DATABASE ID RELEASE 95%9931510	PHOSPHORYLATED BMAL1:CLOCK (ARNTL:CLOCK) ACTIVATES EXPRESSION OF CORE CLOCK GENES%REACTOME DATABASE ID RELEASE 95%9931510		20	-0.2952542	-0.85567236	0.6458333	1.0	1.0	3547	tags=25%, list=14%, signal=29%	
POSITIVE REGULATION OF TELOMERE MAINTENANCE VIA TELOMERE LENGTHENING%GOBP%GO:1904358	POSITIVE REGULATION OF TELOMERE MAINTENANCE VIA TELOMERE LENGTHENING%GOBP%GO:1904358		26	-0.2742408	-0.8552001	0.72659177	1.0	1.0	3583	tags=31%, list=15%, signal=36%	
NEGATIVE REGULATION OF MEIOTIC CELL CYCLE%GOBP%GO:0051447	NEGATIVE REGULATION OF MEIOTIC CELL CYCLE%GOBP%GO:0051447		16	-0.30719435	-0.85466313	0.6707317	1.0	1.0	2134	tags=19%, list=9%, signal=21%	
CELLULAR COMPONENT DISASSEMBLY INVOLVED IN EXECUTION PHASE OF APOPTOSIS%GOBP%GO:0006921	CELLULAR COMPONENT DISASSEMBLY INVOLVED IN EXECUTION PHASE OF APOPTOSIS%GOBP%GO:0006921		20	-0.29244474	-0.8542538	0.6967509	1.0	1.0	768	tags=10%, list=3%, signal=10%	
BIOCARTA_MET_PATHWAY%MSIGDB_C2%BIOCARTA_MET_PATHWAY	BIOCARTA_MET_PATHWAY%MSIGDB_C2%BIOCARTA_MET_PATHWAY		28	-0.2653398	-0.8540839	0.72887325	1.0	1.0	1396	tags=14%, list=6%, signal=15%	
TERPENOID METABOLIC PROCESS%GOBP%GO:0006721	TERPENOID METABOLIC PROCESS%GOBP%GO:0006721		85	-0.21340899	-0.8540411	0.82236844	1.0	1.0	1535	tags=11%, list=6%, signal=11%	
NEGATIVE REGULATION OF TOLL-LIKE RECEPTOR SIGNALING PATHWAY%GOBP%GO:0034122	NEGATIVE REGULATION OF TOLL-LIKE RECEPTOR SIGNALING PATHWAY%GOBP%GO:0034122		15	-0.32079715	-0.85401183	0.6440129	1.0	1.0	899	tags=13%, list=4%, signal=14%	
PROCESSIVE SYNTHESIS ON THE C-STRAND OF THE TELOMERE%REACTOME DATABASE ID RELEASE 95%174414	PROCESSIVE SYNTHESIS ON THE C-STRAND OF THE TELOMERE%REACTOME DATABASE ID RELEASE 95%174414		19	-0.28638428	-0.8538746	0.7097792	1.0	1.0	1813	tags=16%, list=7%, signal=17%	
REGULATION OF ENDOTHELIAL CELL PROLIFERATION%GOBP%GO:0001936	REGULATION OF ENDOTHELIAL CELL PROLIFERATION%GOBP%GO:0001936		108	-0.20668232	-0.853799	0.890625	1.0	1.0	2412	tags=12%, list=10%, signal=13%	
HOST-MEDIATED ACTIVATION OF VIRAL PROCESS%GOBP%GO:0044794	HOST-MEDIATED ACTIVATION OF VIRAL PROCESS%GOBP%GO:0044794		34	-0.25892758	-0.85324466	0.72357726	1.0	1.0	5061	tags=35%, list=21%, signal=44%	
CRANIAL SKELETAL SYSTEM DEVELOPMENT%GOBP%GO:1904888	CRANIAL SKELETAL SYSTEM DEVELOPMENT%GOBP%GO:1904888		26	-0.27427268	-0.8521574	0.7233202	1.0	1.0	3907	tags=23%, list=16%, signal=27%	
REGULATION OF POST-TRANSCRIPTIONAL GENE SILENCING BY REGULATORY NCRNA%GOBP%GO:1900368	REGULATION OF POST-TRANSCRIPTIONAL GENE SILENCING BY REGULATORY NCRNA%GOBP%GO:1900368		28	-0.26309288	-0.8521562	0.71428573	1.0	1.0	2760	tags=21%, list=11%, signal=24%	
NEGATIVE REGULATION OF TUMOR NECROSIS FACTOR PRODUCTION%GOBP%GO:0032720	NEGATIVE REGULATION OF TUMOR NECROSIS FACTOR PRODUCTION%GOBP%GO:0032720		48	-0.2389024	-0.85183424	0.7714286	1.0	1.0	1692	tags=17%, list=7%, signal=18%	
DNA REPLICATION%REACTOME%R-HSA-69306.9	DNA REPLICATION%REACTOME%R-HSA-69306.9		151	-0.20016243	-0.8517409	0.9148936	1.0	1.0	2082	tags=13%, list=9%, signal=14%	
MYOMETRIAL RELAXATION AND CONTRACTION PATHWAYS%WIKIPATHWAYS_20260211%WP289%HOMO SAPIENS	MYOMETRIAL RELAXATION AND CONTRACTION PATHWAYS%WIKIPATHWAYS_20260211%WP289%HOMO SAPIENS		119	-0.20589589	-0.85135627	0.88709676	1.0	1.0	1619	tags=10%, list=7%, signal=11%	
TRNA CHARGING%BIOCYC%TRNA-CHARGING-PWY	TRNA CHARGING%BIOCYC%TRNA-CHARGING-PWY		38	-0.24236415	-0.850403	0.74590164	1.0	1.0	2747	tags=18%, list=11%, signal=21%	
PROTON TRANSMEMBRANE TRANSPORT%GOBP%GO:1902600	PROTON TRANSMEMBRANE TRANSPORT%GOBP%GO:1902600		61	-0.23377483	-0.8495612	0.8142857	1.0	1.0	3723	tags=21%, list=15%, signal=25%	
CALCIUM REGULATION IN CARDIAC CELLS%WIKIPATHWAYS_20260211%WP536%HOMO SAPIENS	CALCIUM REGULATION IN CARDIAC CELLS%WIKIPATHWAYS_20260211%WP536%HOMO SAPIENS		119	-0.19800946	-0.84849894	0.91964287	1.0	1.0	1619	tags=10%, list=7%, signal=11%	
UROTENSIN II MEDIATED SIGNALING%WIKIPATHWAYS_20260211%WP5158%HOMO SAPIENS	UROTENSIN II MEDIATED SIGNALING%WIKIPATHWAYS_20260211%WP5158%HOMO SAPIENS		60	-0.22458357	-0.8482035	0.80898875	1.0	1.0	2975	tags=18%, list=12%, signal=21%	
GLUCAN METABOLIC PROCESS%GOBP%GO:0044042	GLUCAN METABOLIC PROCESS%GOBP%GO:0044042		35	-0.2582846	-0.8478639	0.72384936	1.0	1.0	5872	tags=40%, list=24%, signal=53%	
REGULATION OF CELL FATE COMMITMENT%GOBP%GO:0010453	REGULATION OF CELL FATE COMMITMENT%GOBP%GO:0010453		35	-0.2509311	-0.8476124	0.75390625	1.0	1.0	2314	tags=17%, list=9%, signal=19%	
LDL INFLUENCE ON CD14 AND TLR4%WIKIPATHWAYS_20260211%WP5272%HOMO SAPIENS	LDL INFLUENCE ON CD14 AND TLR4%WIKIPATHWAYS_20260211%WP5272%HOMO SAPIENS		22	-0.2806501	-0.8475046	0.70238096	1.0	1.0	40	tags=5%, list=0%, signal=5%	
HIGH-DENSITY LIPOPROTEIN PARTICLE REMODELING%GOBP%GO:0034375	HIGH-DENSITY LIPOPROTEIN PARTICLE REMODELING%GOBP%GO:0034375		20	-0.29356617	-0.8474687	0.7121212	1.0	1.0	2381	tags=20%, list=10%, signal=22%	
VITAMIN CATABOLIC PROCESS%GOBP%GO:0009111	VITAMIN CATABOLIC PROCESS%GOBP%GO:0009111		15	-0.317367	-0.84690964	0.6886792	1.0	1.0	1131	tags=13%, list=5%, signal=14%	
REGULATION OF ESTABLISHMENT OR MAINTENANCE OF CELL POLARITY%GOBP%GO:0032878	REGULATION OF ESTABLISHMENT OR MAINTENANCE OF CELL POLARITY%GOBP%GO:0032878		23	-0.2814721	-0.8464283	0.73195875	1.0	1.0	1445	tags=13%, list=6%, signal=14%	
ATR SIGNALING PATHWAY%PATHWAY INTERACTION DATABASE NCI-NATURE CURATED DATA%ATR SIGNALING PATHWAY	ATR SIGNALING PATHWAY%PATHWAY INTERACTION DATABASE NCI-NATURE CURATED DATA%ATR SIGNALING PATHWAY		39	-0.2459573	-0.84509385	0.7803738	1.0	1.0	2058	tags=15%, list=8%, signal=17%	
RNA POLYMERASE II TRANSCRIPTION TERMINATION%REACTOME%R-HSA-73856.6	RNA POLYMERASE II TRANSCRIPTION TERMINATION%REACTOME%R-HSA-73856.6		66	-0.2172124	-0.84498876	0.84615386	1.0	1.0	4143	tags=26%, list=17%, signal=31%	
TRNA METHYLATION%GOBP%GO:0030488	TRNA METHYLATION%GOBP%GO:0030488		38	-0.24864873	-0.8448315	0.7644445	1.0	1.0	1892	tags=13%, list=8%, signal=14%	
RUFFLE ORGANIZATION%GOBP%GO:0031529	RUFFLE ORGANIZATION%GOBP%GO:0031529		17	-0.30143464	-0.84477574	0.6895425	1.0	1.0	4486	tags=29%, list=18%, signal=36%	
REGULATION OF MIRNA-MEDIATED GENE SILENCING%GOBP%GO:0060964	REGULATION OF MIRNA-MEDIATED GENE SILENCING%GOBP%GO:0060964		28	-0.26309288	-0.84469765	0.74418604	1.0	1.0	2760	tags=21%, list=11%, signal=24%	
POSTTRANSLATIONAL REGULATION OF ADHERENS JUNCTION STABILITY AND DISSASSEMBLY%PATHWAY INTERACTION DATABASE NCI-NATURE CURATED DATA%POSTTRANSLATIONAL REGULATION OF ADHERENS JUNCTION STABILITY AND DISSASSEMBLY	POSTTRANSLATIONAL REGULATION OF ADHERENS JUNCTION STABILITY AND DISSASSEMBLY%PATHWAY INTERACTION DATABASE NCI-NATURE CURATED DATA%POSTTRANSLATIONAL REGULATION OF ADHERENS JUNCTION STABILITY AND DISSASSEMBLY		48	-0.23490311	-0.84443426	0.8362832	1.0	1.0	2701	tags=17%, list=11%, signal=19%	
VESICLE BUDDING FROM MEMBRANE%GOBP%GO:0006900	VESICLE BUDDING FROM MEMBRANE%GOBP%GO:0006900		76	-0.2216664	-0.8442831	0.8202247	1.0	1.0	2308	tags=16%, list=9%, signal=17%	
AUTOPHAGY%REACTOME DATABASE ID RELEASE 95%9612973	AUTOPHAGY%REACTOME DATABASE ID RELEASE 95%9612973		137	-0.20280239	-0.8439032	0.8956522	1.0	1.0	3030	tags=14%, list=12%, signal=16%	
REGULATION OF CHONDROCYTE DIFFERENTIATION%GOBP%GO:0032330	REGULATION OF CHONDROCYTE DIFFERENTIATION%GOBP%GO:0032330		29	-0.2650925	-0.8437509	0.7635659	1.0	1.0	2904	tags=21%, list=12%, signal=23%	
REGULATION OF TRANSLATION IN RESPONSE TO STRESS%GOBP%GO:0043555	REGULATION OF TRANSLATION IN RESPONSE TO STRESS%GOBP%GO:0043555		17	-0.30051634	-0.8433876	0.6756757	1.0	1.0	3341	tags=29%, list=14%, signal=34%	
REGULATION OF HOMOTYPIC CELL-CELL ADHESION%GOBP%GO:0034110	REGULATION OF HOMOTYPIC CELL-CELL ADHESION%GOBP%GO:0034110		35	-0.24685413	-0.8433477	0.76717556	1.0	1.0	1808	tags=14%, list=7%, signal=15%	
NEGATIVE REGULATION OF CYTOKINE PRODUCTION INVOLVED IN IMMUNE RESPONSE%GOBP%GO:0002719	NEGATIVE REGULATION OF CYTOKINE PRODUCTION INVOLVED IN IMMUNE RESPONSE%GOBP%GO:0002719		23	-0.27361515	-0.8428491	0.6959707	1.0	1.0	4604	tags=35%, list=19%, signal=43%	
HEDGEHOG 'OFF' STATE%REACTOME DATABASE ID RELEASE 95%5610787	HEDGEHOG 'OFF' STATE%REACTOME DATABASE ID RELEASE 95%5610787		87	-0.20865062	-0.8428116	0.8980892	1.0	1.0	4658	tags=28%, list=19%, signal=34%	
STEROID HORMONE BIOSYNTHETIC PROCESS%GOBP%GO:0120178	STEROID HORMONE BIOSYNTHETIC PROCESS%GOBP%GO:0120178		27	-0.2703158	-0.8427124	0.74814814	1.0	1.0	942	tags=11%, list=4%, signal=12%	
THROMBOXANE SIGNALLING THROUGH TP RECEPTOR%REACTOME DATABASE ID RELEASE 95%428930	THROMBOXANE SIGNALLING THROUGH TP RECEPTOR%REACTOME DATABASE ID RELEASE 95%428930		24	-0.27962318	-0.84237045	0.72425246	1.0	1.0	1619	tags=17%, list=7%, signal=18%	
PHYSICO CHEMICAL FEATURES AND TOXICITY ASSOCIATED PATHWAYS%WIKIPATHWAYS_20260211%WP3680%HOMO SAPIENS	PHYSICO CHEMICAL FEATURES AND TOXICITY ASSOCIATED PATHWAYS%WIKIPATHWAYS_20260211%WP3680%HOMO SAPIENS		52	-0.2311143	-0.84125996	0.7793427	1.0	1.0	5541	tags=44%, list=23%, signal=57%	
REGULATION OF AMINE TRANSPORT%GOBP%GO:0051952	REGULATION OF AMINE TRANSPORT%GOBP%GO:0051952		39	-0.24848637	-0.8412253	0.7653846	1.0	1.0	3943	tags=31%, list=16%, signal=37%	
ABORTIVE ELONGATION OF HIV-1 TRANSCRIPT IN THE ABSENCE OF TAT%REACTOME DATABASE ID RELEASE 95%167242	ABORTIVE ELONGATION OF HIV-1 TRANSCRIPT IN THE ABSENCE OF TAT%REACTOME DATABASE ID RELEASE 95%167242		23	-0.2827172	-0.841119	0.74475527	1.0	1.0	5048	tags=43%, list=21%, signal=55%	
G1 S TRANSITION%REACTOME DATABASE ID RELEASE 95%69206	G1 S TRANSITION%REACTOME DATABASE ID RELEASE 95%69206		121	-0.19941327	-0.84065986	0.9020979	1.0	1.0	4658	tags=27%, list=19%, signal=34%	
SEMA3A PAK DEPENDENT AXON REPULSION%REACTOME%R-HSA-399954.4	SEMA3A PAK DEPENDENT AXON REPULSION%REACTOME%R-HSA-399954.4		16	-0.30386475	-0.8405731	0.7012987	1.0	1.0	5331	tags=38%, list=22%, signal=48%	
POSITIVE REGULATION OF T-HELPER CELL DIFFERENTIATION%GOBP%GO:0045624	POSITIVE REGULATION OF T-HELPER CELL DIFFERENTIATION%GOBP%GO:0045624		22	-0.27359563	-0.8404486	0.7296417	1.0	1.0	5209	tags=36%, list=21%, signal=46%	
TRAFFICKING OF AMPA RECEPTORS%REACTOME%R-HSA-399719.3	TRAFFICKING OF AMPA RECEPTORS%REACTOME%R-HSA-399719.3		27	-0.2632668	-0.8398781	0.7316176	1.0	1.0	3175	tags=19%, list=13%, signal=21%	
REGULATION OF ACUTE INFLAMMATORY RESPONSE%GOBP%GO:0002673	REGULATION OF ACUTE INFLAMMATORY RESPONSE%GOBP%GO:0002673		33	-0.25370276	-0.8397906	0.7403101	1.0	1.0	3095	tags=15%, list=13%, signal=17%	
NLS-BEARING PROTEIN IMPORT INTO NUCLEUS%GOBP%GO:0006607	NLS-BEARING PROTEIN IMPORT INTO NUCLEUS%GOBP%GO:0006607		19	-0.29729593	-0.83928907	0.7117438	1.0	1.0	53	tags=5%, list=0%, signal=5%	
REGULATION OF POST-TRANSCRIPTIONAL GENE SILENCING%GOBP%GO:0060147	REGULATION OF POST-TRANSCRIPTIONAL GENE SILENCING%GOBP%GO:0060147		28	-0.26309288	-0.83888465	0.75342464	1.0	1.0	2760	tags=21%, list=11%, signal=24%	
INTERCONVERSION OF NUCLEOTIDE DI- AND TRIPHOSPHATES%REACTOME DATABASE ID RELEASE 95%499943	INTERCONVERSION OF NUCLEOTIDE DI- AND TRIPHOSPHATES%REACTOME DATABASE ID RELEASE 95%499943		27	-0.2681797	-0.838533	0.7255639	1.0	1.0	2469	tags=19%, list=10%, signal=21%	
POSITIVE REGULATION OF MORPHOGENESIS OF AN EPITHELIUM%GOBP%GO:1905332	POSITIVE REGULATION OF MORPHOGENESIS OF AN EPITHELIUM%GOBP%GO:1905332		26	-0.2697337	-0.8384342	0.72324723	1.0	1.0	1808	tags=15%, list=7%, signal=17%	
REGULATION OF GLUCONEOGENESIS%GOBP%GO:0006111	REGULATION OF GLUCONEOGENESIS%GOBP%GO:0006111		38	-0.2464877	-0.8384048	0.7574468	1.0	1.0	3511	tags=24%, list=14%, signal=28%	
ECM PROTEOGLYCANS%REACTOME DATABASE ID RELEASE 95%3000178	ECM PROTEOGLYCANS%REACTOME DATABASE ID RELEASE 95%3000178		56	-0.2249613	-0.83715326	0.78756475	1.0	1.0	720	tags=9%, list=3%, signal=9%	
GAP JUNCTION TRAFFICKING AND REGULATION%REACTOME DATABASE ID RELEASE 95%157858	GAP JUNCTION TRAFFICKING AND REGULATION%REACTOME DATABASE ID RELEASE 95%157858		29	-0.2616962	-0.8369127	0.7470817	1.0	1.0	1512	tags=10%, list=6%, signal=11%	
PROTEIN LOCALIZATION TO CHROMATIN%GOBP%GO:0071168	PROTEIN LOCALIZATION TO CHROMATIN%GOBP%GO:0071168		33	-0.2524733	-0.8366565	0.7471698	1.0	1.0	2239	tags=15%, list=9%, signal=17%	
TRANSCRIPTIONAL REGULATION BY THE AP-2 (TFAP2) FAMILY OF TRANSCRIPTION FACTORS%REACTOME%R-HSA-8864260.5	TRANSCRIPTIONAL REGULATION BY THE AP-2 (TFAP2) FAMILY OF TRANSCRIPTION FACTORS%REACTOME%R-HSA-8864260.5		36	-0.24318247	-0.8361841	0.76987445	1.0	1.0	3778	tags=25%, list=15%, signal=30%	
GLUTAMATE BINDING, ACTIVATION OF AMPA RECEPTORS AND SYNAPTIC PLASTICITY%REACTOME%R-HSA-399721.5	GLUTAMATE BINDING, ACTIVATION OF AMPA RECEPTORS AND SYNAPTIC PLASTICITY%REACTOME%R-HSA-399721.5		27	-0.2632668	-0.83572614	0.75457877	1.0	1.0	3175	tags=19%, list=13%, signal=21%	
IMP METABOLIC PROCESS%GOBP%GO:0046040	IMP METABOLIC PROCESS%GOBP%GO:0046040		15	-0.30653945	-0.83532894	0.70087975	1.0	1.0	2482	tags=33%, list=10%, signal=37%	
PID_AVB3_INTEGRIN_PATHWAY%MSIGDB_C2%PID_AVB3_INTEGRIN_PATHWAY	PID_AVB3_INTEGRIN_PATHWAY%MSIGDB_C2%PID_AVB3_INTEGRIN_PATHWAY		58	-0.22337833	-0.8349676	0.8761468	1.0	1.0	1396	tags=9%, list=6%, signal=9%	
LPA RECEPTOR MEDIATED EVENTS%PATHWAY INTERACTION DATABASE NCI-NATURE CURATED DATA%LPA RECEPTOR MEDIATED EVENTS	LPA RECEPTOR MEDIATED EVENTS%PATHWAY INTERACTION DATABASE NCI-NATURE CURATED DATA%LPA RECEPTOR MEDIATED EVENTS		64	-0.21964248	-0.8343103	0.85714287	1.0	1.0	1396	tags=9%, list=6%, signal=10%	
SIGNALING EVENTS MEDIATED BY PRL%PATHWAY INTERACTION DATABASE NCI-NATURE CURATED DATA%SIGNALING EVENTS MEDIATED BY PRL	SIGNALING EVENTS MEDIATED BY PRL%PATHWAY INTERACTION DATABASE NCI-NATURE CURATED DATA%SIGNALING EVENTS MEDIATED BY PRL		23	-0.2760755	-0.8338962	0.7201493	1.0	1.0	4594	tags=26%, list=19%, signal=32%	
TRNA AMINOACYLATION FOR PROTEIN TRANSLATION%GOBP%GO:0006418	TRNA AMINOACYLATION FOR PROTEIN TRANSLATION%GOBP%GO:0006418		41	-0.23291741	-0.83284545	0.8	1.0	1.0	2747	tags=17%, list=11%, signal=19%	
ENTRAINMENT OF CIRCADIAN CLOCK%GOBP%GO:0009649	ENTRAINMENT OF CIRCADIAN CLOCK%GOBP%GO:0009649		26	-0.26932877	-0.83283514	0.72627735	1.0	1.0	4964	tags=35%, list=20%, signal=43%	
NEGATIVE REGULATION OF CANONICAL NF-KAPPAB SIGNAL TRANSDUCTION%GOBP%GO:0043124	NEGATIVE REGULATION OF CANONICAL NF-KAPPAB SIGNAL TRANSDUCTION%GOBP%GO:0043124		78	-0.21721278	-0.8327653	0.8121547	1.0	1.0	1950	tags=13%, list=8%, signal=14%	
EPITHELIAL TO MESENCHYMAL TRANSITION%GOBP%GO:0001837	EPITHELIAL TO MESENCHYMAL TRANSITION%GOBP%GO:0001837		67	-0.215392	-0.83239317	0.84	1.0	1.0	2904	tags=19%, list=12%, signal=22%	
FACE DEVELOPMENT%GOBP%GO:0060324	FACE DEVELOPMENT%GOBP%GO:0060324		17	-0.29519114	-0.83196694	0.71895427	1.0	1.0	3094	tags=29%, list=13%, signal=34%	
10Q22Q23 COPY NUMBER VARIATION%WIKIPATHWAYS_20260211%WP5402%HOMO SAPIENS	10Q22Q23 COPY NUMBER VARIATION%WIKIPATHWAYS_20260211%WP5402%HOMO SAPIENS		56	-0.22406392	-0.8318573	0.8310502	1.0	1.0	628	tags=5%, list=3%, signal=5%	
MITOCHONDRION TRANSPORT ALONG MICROTUBULE%GOBP%GO:0047497	MITOCHONDRION TRANSPORT ALONG MICROTUBULE%GOBP%GO:0047497		22	-0.2833908	-0.83116543	0.73333335	1.0	1.0	3402	tags=36%, list=14%, signal=42%	
REGULATION OF GENERATION OF PRECURSOR METABOLITES AND ENERGY%GOBP%GO:0043467	REGULATION OF GENERATION OF PRECURSOR METABOLITES AND ENERGY%GOBP%GO:0043467		105	-0.20251775	-0.83104914	0.9104478	1.0	1.0	3849	tags=21%, list=16%, signal=25%	
REGULATION OF PLATELET AGGREGATION%GOBP%GO:0090330	REGULATION OF PLATELET AGGREGATION%GOBP%GO:0090330		27	-0.2670387	-0.83091944	0.7265625	1.0	1.0	1694	tags=15%, list=7%, signal=16%	
COPII-COATED VESICLE BUDDING%GOBP%GO:0090114	COPII-COATED VESICLE BUDDING%GOBP%GO:0090114		39	-0.24173734	-0.8308554	0.7407407	1.0	1.0	2308	tags=18%, list=9%, signal=20%	
WNT%NETPATH%WNT	WNT%NETPATH%WNT		46	-0.23481323	-0.82966	0.8035714	1.0	1.0	1735	tags=13%, list=7%, signal=14%	
RNA POLYMERASE III TRANSCRIPTION INITIATION%REACTOME%R-HSA-76046.4	RNA POLYMERASE III TRANSCRIPTION INITIATION%REACTOME%R-HSA-76046.4		36	-0.25085306	-0.8295757	0.82239383	1.0	1.0	3624	tags=25%, list=15%, signal=29%	
NUCLEOLAR LARGE RRNA TRANSCRIPTION BY RNA POLYMERASE I%GOBP%GO:0042790	NUCLEOLAR LARGE RRNA TRANSCRIPTION BY RNA POLYMERASE I%GOBP%GO:0042790		15	-0.30236548	-0.8295514	0.70679015	1.0	1.0	17092	tags=100%, list=70%, signal=331%	
MEMBRANE REPOLARIZATION DURING ACTION POTENTIAL%GOBP%GO:0086011	MEMBRANE REPOLARIZATION DURING ACTION POTENTIAL%GOBP%GO:0086011		22	-0.2769794	-0.82935953	0.7635135	1.0	1.0	4756	tags=32%, list=19%, signal=39%	
INTRACELLULAR SIGNALLING THROUGH ADENOSINE RECEPTOR A2B AND ADENOSINE%SMPDB%SMP0000321	INTRACELLULAR SIGNALLING THROUGH ADENOSINE RECEPTOR A2B AND ADENOSINE%SMPDB%SMP0000321		38	-0.2412761	-0.8291551	0.78244275	1.0	1.0	2395	tags=16%, list=10%, signal=17%	
REGULATION OF MIRNA METABOLIC PROCESS%GOBP%GO:2000628	REGULATION OF MIRNA METABOLIC PROCESS%GOBP%GO:2000628		74	-0.21561821	-0.82851726	0.85549134	1.0	1.0	3195	tags=20%, list=13%, signal=23%	
INSULIN PROCESSING%REACTOME DATABASE ID RELEASE 95%264876	INSULIN PROCESSING%REACTOME DATABASE ID RELEASE 95%264876		25	-0.26610485	-0.8278807	0.7582418	1.0	1.0	3360	tags=20%, list=14%, signal=23%	
POSITIVE REGULATION OF DNA-TEMPLATED TRANSCRIPTION, ELONGATION%GOBP%GO:0032786	POSITIVE REGULATION OF DNA-TEMPLATED TRANSCRIPTION, ELONGATION%GOBP%GO:0032786		58	-0.21717373	-0.82784337	0.8660287	1.0	1.0	929	tags=9%, list=4%, signal=9%	
CENTRAL NERVOUS SYSTEM NEURON AXONOGENESIS%GOBP%GO:0021955	CENTRAL NERVOUS SYSTEM NEURON AXONOGENESIS%GOBP%GO:0021955		20	-0.27801988	-0.82644844	0.7563291	1.0	1.0	145	tags=5%, list=1%, signal=5%	
TRP CHANNELS%REACTOME%R-HSA-3295583.4	TRP CHANNELS%REACTOME%R-HSA-3295583.4		25	-0.26580748	-0.8263637	0.7900356	1.0	1.0	2792	tags=16%, list=11%, signal=18%	
AUTOPHAGY OF MITOCHONDRION%GOBP%GO:0000422	AUTOPHAGY OF MITOCHONDRION%GOBP%GO:0000422		66	-0.21795386	-0.82635474	0.89285713	1.0	1.0	6033	tags=35%, list=25%, signal=46%	
FORMATION OF THE DYSTROPHIN-GLYCOPROTEIN COMPLEX (DGC)%REACTOME DATABASE ID RELEASE 95%9913351	FORMATION OF THE DYSTROPHIN-GLYCOPROTEIN COMPLEX (DGC)%REACTOME DATABASE ID RELEASE 95%9913351		30	-0.2549103	-0.82592905	0.7222222	1.0	1.0	2648	tags=17%, list=11%, signal=19%	
EXTRINSIC APOPTOTIC SIGNALING PATHWAY%GOBP%GO:0097191	EXTRINSIC APOPTOTIC SIGNALING PATHWAY%GOBP%GO:0097191		77	-0.2076409	-0.82578486	0.89261746	1.0	1.0	2039	tags=12%, list=8%, signal=13%	
NEGATIVE REGULATION OF T CELL MEDIATED IMMUNITY%GOBP%GO:0002710	NEGATIVE REGULATION OF T CELL MEDIATED IMMUNITY%GOBP%GO:0002710		28	-0.25938943	-0.82573307	0.78518516	1.0	1.0	4034	tags=29%, list=16%, signal=34%	
CELLULAR RESPONSE TO CHEMICAL STRESS%REACTOME DATABASE ID RELEASE 95%9711123	CELLULAR RESPONSE TO CHEMICAL STRESS%REACTOME DATABASE ID RELEASE 95%9711123		188	-0.18676649	-0.8248565	0.97590363	1.0	1.0	5522	tags=30%, list=23%, signal=38%	
REGULATION OF SMOOTH MUSCLE CELL PROLIFERATION%GOBP%GO:0048660	REGULATION OF SMOOTH MUSCLE CELL PROLIFERATION%GOBP%GO:0048660		85	-0.20898288	-0.8241291	0.9085366	1.0	1.0	3016	tags=15%, list=12%, signal=17%	
RESPONSE TO ELEVATED PLATELET CYTOSOLIC CA2+%REACTOME DATABASE ID RELEASE 95%76005	RESPONSE TO ELEVATED PLATELET CYTOSOLIC CA2+%REACTOME DATABASE ID RELEASE 95%76005		131	-0.19800961	-0.82404417	0.9285714	1.0	1.0	3514	tags=18%, list=14%, signal=21%	
REGULATION OF INTERLEUKIN-4 PRODUCTION%GOBP%GO:0032673	REGULATION OF INTERLEUKIN-4 PRODUCTION%GOBP%GO:0032673		25	-0.26120758	-0.8235982	0.79928315	1.0	1.0	3852	tags=28%, list=16%, signal=33%	
STRESS GRANULE ASSEMBLY%GOBP%GO:0034063	STRESS GRANULE ASSEMBLY%GOBP%GO:0034063		27	-0.26287508	-0.823594	0.7876712	1.0	1.0	4132	tags=33%, list=17%, signal=40%	
PID_E2F_PATHWAY%MSIGDB_C2%PID_E2F_PATHWAY	PID_E2F_PATHWAY%MSIGDB_C2%PID_E2F_PATHWAY		57	-0.21715124	-0.8233914	0.85106385	1.0	1.0	1950	tags=12%, list=8%, signal=13%	
CENTRAL NERVOUS SYSTEM NEURON DEVELOPMENT%GOBP%GO:0021954	CENTRAL NERVOUS SYSTEM NEURON DEVELOPMENT%GOBP%GO:0021954		43	-0.23205326	-0.823219	0.8015873	1.0	1.0	145	tags=5%, list=1%, signal=5%	
REGULATION OF MITF-M-DEPENDENT GENES INVOLVED IN PIGMENTATION%REACTOME DATABASE ID RELEASE 95%9824585	REGULATION OF MITF-M-DEPENDENT GENES INVOLVED IN PIGMENTATION%REACTOME DATABASE ID RELEASE 95%9824585		40	-0.23790574	-0.8230055	0.82589287	1.0	1.0	1808	tags=13%, list=7%, signal=13%	
PID_TRKR_PATHWAY%MSIGDB_C2%PID_TRKR_PATHWAY	PID_TRKR_PATHWAY%MSIGDB_C2%PID_TRKR_PATHWAY		49	-0.22527368	-0.8227944	0.83027524	1.0	1.0	3408	tags=18%, list=14%, signal=21%	
SARS-COV-1 TARGETS HOST INTRACELLULAR SIGNALLING AND REGULATORY PATHWAYS%REACTOME%R-HSA-9735871.2	SARS-COV-1 TARGETS HOST INTRACELLULAR SIGNALLING AND REGULATORY PATHWAYS%REACTOME%R-HSA-9735871.2		15	-0.3041922	-0.821884	0.72043014	1.0	1.0	899	tags=13%, list=4%, signal=14%	
GASTRIN SIGNALING%WIKIPATHWAYS_20260211%WP4659%HOMO SAPIENS	GASTRIN SIGNALING%WIKIPATHWAYS_20260211%WP4659%HOMO SAPIENS		96	-0.19886017	-0.8218659	0.9047619	1.0	1.0	2737	tags=13%, list=11%, signal=14%	
REGULATION OF SIGNAL TRANSDUCTION BY P53 CLASS MEDIATOR%GOBP%GO:1901796	REGULATION OF SIGNAL TRANSDUCTION BY P53 CLASS MEDIATOR%GOBP%GO:1901796		101	-0.20694338	-0.82173485	0.8965517	1.0	1.0	2397	tags=17%, list=10%, signal=19%	
PROTEIN DEPOLYMERIZATION%GOBP%GO:0051261	PROTEIN DEPOLYMERIZATION%GOBP%GO:0051261		35	-0.24650489	-0.820819	0.81938326	1.0	1.0	1584	tags=11%, list=6%, signal=12%	
RRNA METHYLATION%GOBP%GO:0031167	RRNA METHYLATION%GOBP%GO:0031167		25	-0.25954646	-0.820809	0.74285716	1.0	1.0	2295	tags=20%, list=9%, signal=22%	
RETINA MORPHOGENESIS IN CAMERA-TYPE EYE%GOBP%GO:0060042	RETINA MORPHOGENESIS IN CAMERA-TYPE EYE%GOBP%GO:0060042		33	-0.25372863	-0.82049227	0.81784385	1.0	1.0	1646	tags=12%, list=7%, signal=13%	
REGULATION OF TP53 DEGRADATION%REACTOME%R-HSA-6804757.3	REGULATION OF TP53 DEGRADATION%REACTOME%R-HSA-6804757.3		36	-0.24118437	-0.8200995	0.8076923	1.0	1.0	4894	tags=33%, list=20%, signal=42%	
SYNDECAN INTERACTIONS%REACTOME%R-HSA-3000170.4	SYNDECAN INTERACTIONS%REACTOME%R-HSA-3000170.4		20	-0.2789177	-0.8187699	0.7338129	1.0	1.0	17	tags=5%, list=0%, signal=5%	
G BETA:GAMMA SIGNALLING THROUGH BTK%REACTOME DATABASE ID RELEASE 95%8964315	G BETA:GAMMA SIGNALLING THROUGH BTK%REACTOME DATABASE ID RELEASE 95%8964315		18	-0.28408137	-0.8182073	0.73312885	1.0	1.0	4306	tags=33%, list=18%, signal=40%	
RRNA CATABOLIC PROCESS%GOBP%GO:0016075	RRNA CATABOLIC PROCESS%GOBP%GO:0016075		18	-0.28949943	-0.81777734	0.70689654	1.0	1.0	5971	tags=44%, list=24%, signal=59%	
REGULATION OF ENDOTHELIAL CELL MIGRATION%GOBP%GO:0010594	REGULATION OF ENDOTHELIAL CELL MIGRATION%GOBP%GO:0010594		156	-0.18648638	-0.81772465	0.95652175	1.0	1.0	2968	tags=13%, list=12%, signal=14%	
GAP-FILLING DNA REPAIR SYNTHESIS AND LIGATION IN TC-NER%REACTOME%R-HSA-6782210.3	GAP-FILLING DNA REPAIR SYNTHESIS AND LIGATION IN TC-NER%REACTOME%R-HSA-6782210.3		61	-0.22204295	-0.81752163	0.8852459	1.0	1.0	5478	tags=36%, list=22%, signal=46%	
NONSENSE-MEDIATED DECAY (NMD)%REACTOME%R-HSA-927802.4	NONSENSE-MEDIATED DECAY (NMD)%REACTOME%R-HSA-927802.4		115	-0.19449139	-0.8174235	0.936	1.0	1.0	5877	tags=33%, list=24%, signal=43%	
CELLULAR RESPONSE TO ACETYLCHOLINE%GOBP%GO:1905145	CELLULAR RESPONSE TO ACETYLCHOLINE%GOBP%GO:1905145		43	-0.2294692	-0.81711227	0.85714287	1.0	1.0	2757	tags=19%, list=11%, signal=21%	
AP-1 TRANSCRIPTION FACTOR NETWORK%PATHWAY INTERACTION DATABASE NCI-NATURE CURATED DATA%AP-1 TRANSCRIPTION FACTOR NETWORK	AP-1 TRANSCRIPTION FACTOR NETWORK%PATHWAY INTERACTION DATABASE NCI-NATURE CURATED DATA%AP-1 TRANSCRIPTION FACTOR NETWORK		70	-0.21292055	-0.81575835	0.84393066	1.0	1.0	3195	tags=19%, list=13%, signal=21%	
ACTION POTENTIAL%GOBP%GO:0001508	ACTION POTENTIAL%GOBP%GO:0001508		100	-0.19845189	-0.81511074	0.96202534	1.0	1.0	1913	tags=11%, list=8%, signal=12%	
MICROTUBULE-BASED PROTEIN TRANSPORT%GOBP%GO:0099118	MICROTUBULE-BASED PROTEIN TRANSPORT%GOBP%GO:0099118		19	-0.27357456	-0.8147223	0.70873785	1.0	1.0	3360	tags=21%, list=14%, signal=24%	
PID_IL6_7_PATHWAY%MSIGDB_C2%PID_IL6_7_PATHWAY	PID_IL6_7_PATHWAY%MSIGDB_C2%PID_IL6_7_PATHWAY		38	-0.2395873	-0.81464916	0.8313253	1.0	1.0	2806	tags=16%, list=11%, signal=18%	
PROTEIN K63-LINKED DEUBIQUITINATION%GOBP%GO:0070536	PROTEIN K63-LINKED DEUBIQUITINATION%GOBP%GO:0070536		24	-0.26789278	-0.8140666	0.8053435	1.0	1.0	2976	tags=21%, list=12%, signal=24%	
NUCLEOTIDE EXCISION REPAIR%REACTOME%R-HSA-5696398.4	NUCLEOTIDE EXCISION REPAIR%REACTOME%R-HSA-5696398.4		107	-0.19647883	-0.8138949	0.93793106	1.0	1.0	5676	tags=36%, list=23%, signal=46%	
REGULATION OF ANDROGEN RECEPTOR ACTIVITY%PATHWAY INTERACTION DATABASE NCI-NATURE CURATED DATA%REGULATION OF ANDROGEN RECEPTOR ACTIVITY	REGULATION OF ANDROGEN RECEPTOR ACTIVITY%PATHWAY INTERACTION DATABASE NCI-NATURE CURATED DATA%REGULATION OF ANDROGEN RECEPTOR ACTIVITY		53	-0.21997957	-0.81373405	0.8829268	1.0	1.0	1968	tags=15%, list=8%, signal=16%	
WNT%IOB%WNT	WNT%IOB%WNT		61	-0.21500948	-0.8133218	0.8579882	1.0	1.0	1808	tags=13%, list=7%, signal=14%	
LAGGING STRAND SYNTHESIS%REACTOME%R-HSA-69186.4	LAGGING STRAND SYNTHESIS%REACTOME%R-HSA-69186.4		20	-0.27739123	-0.8133158	0.7288136	1.0	1.0	1813	tags=20%, list=7%, signal=22%	
WNT BETA CATENIN SIGNALING IN LEUKEMIA%WIKIPATHWAYS_20260211%WP3658%HOMO SAPIENS	WNT BETA CATENIN SIGNALING IN LEUKEMIA%WIKIPATHWAYS_20260211%WP3658%HOMO SAPIENS		23	-0.26794356	-0.81328666	0.76449275	1.0	1.0	3713	tags=26%, list=15%, signal=31%	
ACTIVATION OF G PROTEIN GATED POTASSIUM CHANNELS%REACTOME%R-HSA-1296041.4	ACTIVATION OF G PROTEIN GATED POTASSIUM CHANNELS%REACTOME%R-HSA-1296041.4		29	-0.25315925	-0.81327707	0.75174826	1.0	1.0	1619	tags=14%, list=7%, signal=15%	
RHO GTPASES ACTIVATE ROCKS%REACTOME%R-HSA-5627117.5	RHO GTPASES ACTIVATE ROCKS%REACTOME%R-HSA-5627117.5		19	-0.27931893	-0.8131653	0.76816607	1.0	1.0	2785	tags=16%, list=11%, signal=18%	
RETINOIC ACID METABOLIC PROCESS%GOBP%GO:0042573	RETINOIC ACID METABOLIC PROCESS%GOBP%GO:0042573		26	-0.25724608	-0.8124594	0.7816092	1.0	1.0	2229	tags=15%, list=9%, signal=17%	
NEGATIVE REGULATION OF AXONOGENESIS%GOBP%GO:0050771	NEGATIVE REGULATION OF AXONOGENESIS%GOBP%GO:0050771		24	-0.26826257	-0.81245583	0.76865673	1.0	1.0	2479	tags=17%, list=10%, signal=19%	
TP53 REGULATES TRANSCRIPTION OF DNA REPAIR GENES%REACTOME%R-HSA-6796648.5	TP53 REGULATES TRANSCRIPTION OF DNA REPAIR GENES%REACTOME%R-HSA-6796648.5		62	-0.215478	-0.8122904	0.87	1.0	1.0	5185	tags=34%, list=21%, signal=43%	
PROSTANOID BIOSYNTHETIC PROCESS%GOBP%GO:0046457	PROSTANOID BIOSYNTHETIC PROCESS%GOBP%GO:0046457		17	-0.28751254	-0.811496	0.76687115	1.0	1.0	2142	tags=12%, list=9%, signal=13%	
DUAL INCISION IN TC-NER%REACTOME%R-HSA-6782135.4	DUAL INCISION IN TC-NER%REACTOME%R-HSA-6782135.4		62	-0.2149979	-0.81142074	0.8651163	1.0	1.0	5676	tags=39%, list=23%, signal=50%	
POSITIVE REGULATION OF HEART CONTRACTION%GOBP%GO:0045823	POSITIVE REGULATION OF HEART CONTRACTION%GOBP%GO:0045823		25	-0.25725642	-0.81129426	0.77732795	1.0	1.0	1394	tags=12%, list=6%, signal=13%	
ELEVATION OF CYTOSOLIC CA2+ LEVELS%REACTOME DATABASE ID RELEASE 95%139853	ELEVATION OF CYTOSOLIC CA2+ LEVELS%REACTOME DATABASE ID RELEASE 95%139853		16	-0.2984784	-0.8107023	0.7531645	1.0	1.0	2792	tags=31%, list=11%, signal=35%	
PID_CMYB_PATHWAY%MSIGDB_C2%PID_CMYB_PATHWAY	PID_CMYB_PATHWAY%MSIGDB_C2%PID_CMYB_PATHWAY		68	-0.20950179	-0.81059194	0.8914027	1.0	1.0	4161	tags=21%, list=17%, signal=25%	
G PROTEIN GATED POTASSIUM CHANNELS%REACTOME%R-HSA-1296059.4	G PROTEIN GATED POTASSIUM CHANNELS%REACTOME%R-HSA-1296059.4		29	-0.25315925	-0.8105831	0.8365019	1.0	1.0	1619	tags=14%, list=7%, signal=15%	
BIOCARTA_ARENRF2_PATHWAY%MSIGDB_C2%BIOCARTA_ARENRF2_PATHWAY	BIOCARTA_ARENRF2_PATHWAY%MSIGDB_C2%BIOCARTA_ARENRF2_PATHWAY		17	-0.28764144	-0.8099498	0.7614379	1.0	1.0	1334	tags=12%, list=5%, signal=12%	
NOTCH SIGNALING PATHWAY%PATHWAY INTERACTION DATABASE NCI-NATURE CURATED DATA%NOTCH SIGNALING PATHWAY	NOTCH SIGNALING PATHWAY%PATHWAY INTERACTION DATABASE NCI-NATURE CURATED DATA%NOTCH SIGNALING PATHWAY		58	-0.2183279	-0.809933	0.875	1.0	1.0	2895	tags=14%, list=12%, signal=16%	
REGULATION OF MITOCHONDRIAL MEMBRANE POTENTIAL%GOBP%GO:0051881	REGULATION OF MITOCHONDRIAL MEMBRANE POTENTIAL%GOBP%GO:0051881		42	-0.23820482	-0.80869687	0.8425532	1.0	1.0	1865	tags=14%, list=8%, signal=15%	
RNA POLYMERASE III TRANSCRIPTION INITIATION FROM TYPE 2 PROMOTER%REACTOME DATABASE ID RELEASE 95%76066	RNA POLYMERASE III TRANSCRIPTION INITIATION FROM TYPE 2 PROMOTER%REACTOME DATABASE ID RELEASE 95%76066		27	-0.2590583	-0.8083434	0.78965515	1.0	1.0	3624	tags=26%, list=15%, signal=30%	
NEGATIVE REGULATION OF MUSCLE CELL DIFFERENTIATION%GOBP%GO:0051148	NEGATIVE REGULATION OF MUSCLE CELL DIFFERENTIATION%GOBP%GO:0051148		34	-0.24813105	-0.80810356	0.81702125	1.0	1.0	3757	tags=26%, list=15%, signal=31%	
WHITE FAT CELL DIFFERENTIATION%WIKIPATHWAYS_20260211%WP4149%HOMO SAPIENS	WHITE FAT CELL DIFFERENTIATION%WIKIPATHWAYS_20260211%WP4149%HOMO SAPIENS		28	-0.25480628	-0.8080379	0.80932206	1.0	1.0	3852	tags=25%, list=16%, signal=30%	
RNA POLYMERASE III TRANSCRIPTION INITIATION FROM TYPE 1 PROMOTER%REACTOME DATABASE ID RELEASE 95%76061	RNA POLYMERASE III TRANSCRIPTION INITIATION FROM TYPE 1 PROMOTER%REACTOME DATABASE ID RELEASE 95%76061		28	-0.2553197	-0.8071613	0.7944664	1.0	1.0	3624	tags=25%, list=15%, signal=29%	
VEGFR2 MEDIATED VASCULAR PERMEABILITY%REACTOME%R-HSA-5218920.4	VEGFR2 MEDIATED VASCULAR PERMEABILITY%REACTOME%R-HSA-5218920.4		27	-0.2579949	-0.8070978	0.7789116	1.0	1.0	5826	tags=37%, list=24%, signal=49%	
RESPONSE TO ACETYLCHOLINE%GOBP%GO:1905144	RESPONSE TO ACETYLCHOLINE%GOBP%GO:1905144		43	-0.2294692	-0.807067	0.8915663	1.0	1.0	2757	tags=19%, list=11%, signal=21%	
REGULATION OF CELL-SUBSTRATE JUNCTION ORGANIZATION%GOBP%GO:0150116	REGULATION OF CELL-SUBSTRATE JUNCTION ORGANIZATION%GOBP%GO:0150116		65	-0.2097316	-0.8064576	0.89944136	1.0	1.0	5647	tags=32%, list=23%, signal=42%	
INOSITOL PHOSPHATE METABOLIC PROCESS%GOBP%GO:0043647	INOSITOL PHOSPHATE METABOLIC PROCESS%GOBP%GO:0043647		24	-0.2630948	-0.80598676	0.82462686	1.0	1.0	3170	tags=21%, list=13%, signal=24%	
ENDOSOME TO LYSOSOME TRANSPORT%GOBP%GO:0008333	ENDOSOME TO LYSOSOME TRANSPORT%GOBP%GO:0008333		64	-0.21352392	-0.8058708	0.8601036	1.0	1.0	2651	tags=14%, list=11%, signal=16%	
FRUCTOSURIA%SMPDB%SMP0000561	FRUCTOSURIA%SMPDB%SMP0000561		18	-0.27502576	-0.8058379	0.7585034	1.0	1.0	109	tags=6%, list=0%, signal=6%	
POSITIVE REGULATION OF D-GLUCOSE IMPORT ACROSS PLASMA MEMBRANE%GOBP%GO:0046326	POSITIVE REGULATION OF D-GLUCOSE IMPORT ACROSS PLASMA MEMBRANE%GOBP%GO:0046326		26	-0.2565015	-0.80566984	0.77319586	1.0	1.0	1717	tags=12%, list=7%, signal=12%	
REGULATION OF PEPTIDE SECRETION%GOBP%GO:0002791	REGULATION OF PEPTIDE SECRETION%GOBP%GO:0002791		138	-0.18595682	-0.8054805	0.972973	1.0	1.0	2793	tags=13%, list=11%, signal=15%	
AUTOPHAGOSOME ASSEMBLY%GOBP%GO:0000045	AUTOPHAGOSOME ASSEMBLY%GOBP%GO:0000045		71	-0.21077155	-0.80539256	0.9013158	1.0	1.0	2884	tags=14%, list=12%, signal=16%	
REGULATION OF PEPTIDE HORMONE SECRETION%GOBP%GO:0090276	REGULATION OF PEPTIDE HORMONE SECRETION%GOBP%GO:0090276		136	-0.19097199	-0.8051834	0.99	1.0	1.0	2793	tags=13%, list=11%, signal=15%	
REGULATION OF NUCLEAR BETA CATENIN SIGNALING AND TARGET GENE TRANSCRIPTION%PATHWAY INTERACTION DATABASE NCI-NATURE CURATED DATA%REGULATION OF NUCLEAR BETA CATENIN SIGNALING AND TARGET GENE TRANSCRIPTION	REGULATION OF NUCLEAR BETA CATENIN SIGNALING AND TARGET GENE TRANSCRIPTION%PATHWAY INTERACTION DATABASE NCI-NATURE CURATED DATA%REGULATION OF NUCLEAR BETA CATENIN SIGNALING AND TARGET GENE TRANSCRIPTION		79	-0.2071403	-0.80429834	0.9285714	1.0	1.0	3016	tags=18%, list=12%, signal=20%	
REGULATION OF STRIATED MUSCLE TISSUE DEVELOPMENT%GOBP%GO:0016202	REGULATION OF STRIATED MUSCLE TISSUE DEVELOPMENT%GOBP%GO:0016202		18	-0.28646195	-0.80405647	0.77210885	1.0	1.0	2760	tags=22%, list=11%, signal=25%	
CS DS DEGRADATION%REACTOME%R-HSA-2024101.6	CS DS DEGRADATION%REACTOME%R-HSA-2024101.6		20	-0.2745295	-0.8038454	0.7543253	1.0	1.0	647	tags=10%, list=3%, signal=10%	
REGULATION OF MUSCLE TISSUE DEVELOPMENT%GOBP%GO:1901861	REGULATION OF MUSCLE TISSUE DEVELOPMENT%GOBP%GO:1901861		18	-0.28646195	-0.80348873	0.75816995	1.0	1.0	2760	tags=22%, list=11%, signal=25%	
REGULATION OF DEFENSE RESPONSE TO VIRUS%GOBP%GO:0050688	REGULATION OF DEFENSE RESPONSE TO VIRUS%GOBP%GO:0050688		50	-0.21784075	-0.8023575	0.8847926	1.0	1.0	2356	tags=14%, list=10%, signal=15%	
REGULATION OF COLLAGEN METABOLIC PROCESS%GOBP%GO:0010712	REGULATION OF COLLAGEN METABOLIC PROCESS%GOBP%GO:0010712		23	-0.26929066	-0.8022201	0.7826087	1.0	1.0	3421	tags=26%, list=14%, signal=30%	
MITOTIC G1 PHASE AND G1 S TRANSITION%REACTOME DATABASE ID RELEASE 95%453279	MITOTIC G1 PHASE AND G1 S TRANSITION%REACTOME DATABASE ID RELEASE 95%453279		138	-0.1871622	-0.8021081	0.95614034	1.0	1.0	5393	tags=30%, list=22%, signal=39%	
BASE EXCISION REPAIR%REACTOME DATABASE ID RELEASE 95%73884	BASE EXCISION REPAIR%REACTOME DATABASE ID RELEASE 95%73884		68	-0.21199016	-0.80197084	0.89637303	1.0	1.0	2413	tags=12%, list=10%, signal=13%	
FATTY ACID DERIVATIVE BIOSYNTHETIC PROCESS%GOBP%GO:1901570	FATTY ACID DERIVATIVE BIOSYNTHETIC PROCESS%GOBP%GO:1901570		48	-0.2216626	-0.80186546	0.89756095	1.0	1.0	2894	tags=19%, list=12%, signal=21%	
POSITIVE REGULATION OF ANGIOGENESIS%GOBP%GO:0045766	POSITIVE REGULATION OF ANGIOGENESIS%GOBP%GO:0045766		122	-0.18618113	-0.801116	0.9354839	1.0	1.0	2142	tags=13%, list=9%, signal=14%	
PID_ERBB1_DOWNSTREAM_PATHWAY%MSIGDB_C2%PID_ERBB1_DOWNSTREAM_PATHWAY	PID_ERBB1_DOWNSTREAM_PATHWAY%MSIGDB_C2%PID_ERBB1_DOWNSTREAM_PATHWAY		85	-0.19930404	-0.80110395	0.93125	1.0	1.0	3454	tags=21%, list=14%, signal=25%	
TRNA AMINOACYLATION%REACTOME%R-HSA-379724.3	TRNA AMINOACYLATION%REACTOME%R-HSA-379724.3		41	-0.23083021	-0.8005453	0.83829784	1.0	1.0	2747	tags=17%, list=11%, signal=19%	
ENDOTHELIAL CELL DIFFERENTIATION%GOBP%GO:0045446	ENDOTHELIAL CELL DIFFERENTIATION%GOBP%GO:0045446		57	-0.21542874	-0.79940397	0.8682927	1.0	1.0	2336	tags=12%, list=10%, signal=14%	
VIRION ASSEMBLY%GOBP%GO:0019068	VIRION ASSEMBLY%GOBP%GO:0019068		34	-0.24202883	-0.7989534	0.85258967	1.0	1.0	2881	tags=21%, list=12%, signal=23%	
REGULATION OF RESPIRATORY BURST%GOBP%GO:0060263	REGULATION OF RESPIRATORY BURST%GOBP%GO:0060263		16	-0.2896295	-0.79881227	0.77160496	1.0	1.0	1961	tags=25%, list=8%, signal=27%	
APICAL JUNCTION ASSEMBLY%GOBP%GO:0043297	APICAL JUNCTION ASSEMBLY%GOBP%GO:0043297		37	-0.23445588	-0.79809624	0.8558559	1.0	1.0	435	tags=5%, list=2%, signal=5%	
INHIBITION OF VOLTAGE GATED CA2+ CHANNELS VIA GBETA GAMMA SUBUNITS%REACTOME%R-HSA-997272.3	INHIBITION OF VOLTAGE GATED CA2+ CHANNELS VIA GBETA GAMMA SUBUNITS%REACTOME%R-HSA-997272.3		29	-0.25315925	-0.7980763	0.81578946	1.0	1.0	1619	tags=14%, list=7%, signal=15%	
NEGATIVE REGULATION OF BMP SIGNALING PATHWAY%GOBP%GO:0030514	NEGATIVE REGULATION OF BMP SIGNALING PATHWAY%GOBP%GO:0030514		44	-0.22192869	-0.7976741	0.88744587	1.0	1.0	2126	tags=16%, list=9%, signal=17%	
RESPONSE TO ESTRADIOL%GOBP%GO:0032355	RESPONSE TO ESTRADIOL%GOBP%GO:0032355		31	-0.24492279	-0.79751986	0.858871	1.0	1.0	4119	tags=26%, list=17%, signal=31%	
EXTRACELLULAR MATRIX DISASSEMBLY%GOBP%GO:0022617	EXTRACELLULAR MATRIX DISASSEMBLY%GOBP%GO:0022617		42	-0.23068577	-0.7973591	0.8110599	1.0	1.0	1375	tags=10%, list=6%, signal=10%	
PID_AVB3_OPN_PATHWAY%MSIGDB_C2%PID_AVB3_OPN_PATHWAY	PID_AVB3_OPN_PATHWAY%MSIGDB_C2%PID_AVB3_OPN_PATHWAY		26	-0.24693748	-0.79634833	0.8252788	1.0	1.0	2659	tags=23%, list=11%, signal=26%	
REGULATION OF CARTILAGE DEVELOPMENT%GOBP%GO:0061035	REGULATION OF CARTILAGE DEVELOPMENT%GOBP%GO:0061035		37	-0.23529772	-0.7961755	0.8683128	1.0	1.0	2904	tags=16%, list=12%, signal=18%	
REGULATION OF TP53 ACTIVITY THROUGH METHYLATION%REACTOME%R-HSA-6804760.3	REGULATION OF TP53 ACTIVITY THROUGH METHYLATION%REACTOME%R-HSA-6804760.3		19	-0.28240928	-0.7954117	0.7594502	1.0	1.0	1599	tags=16%, list=7%, signal=17%	
INTRACELLULAR SODIUM ION HOMEOSTASIS%GOBP%GO:0006883	INTRACELLULAR SODIUM ION HOMEOSTASIS%GOBP%GO:0006883		28	-0.24484137	-0.79528874	0.8602941	1.0	1.0	2772	tags=21%, list=11%, signal=24%	
REGULATION OF OSTEOBLAST PROLIFERATION%GOBP%GO:0033688	REGULATION OF OSTEOBLAST PROLIFERATION%GOBP%GO:0033688		16	-0.2834016	-0.79487276	0.77070063	1.0	1.0	88	tags=6%, list=0%, signal=6%	
INTRINSIC PATHWAY FOR APOPTOSIS%REACTOME DATABASE ID RELEASE 95%109606	INTRINSIC PATHWAY FOR APOPTOSIS%REACTOME DATABASE ID RELEASE 95%109606		54	-0.21773243	-0.79470617	0.8695652	1.0	1.0	2400	tags=17%, list=10%, signal=18%	
ATTACHMENT AND ENTRY%REACTOME DATABASE ID RELEASE 95%9694614	ATTACHMENT AND ENTRY%REACTOME DATABASE ID RELEASE 95%9694614		19	-0.27684796	-0.7944304	0.8181818	1.0	1.0	17	tags=5%, list=0%, signal=5%	
NEGATIVE REGULATION OF MRNA PROCESSING%GOBP%GO:0050686	NEGATIVE REGULATION OF MRNA PROCESSING%GOBP%GO:0050686		27	-0.253881	-0.79402834	0.8413793	1.0	1.0	4627	tags=30%, list=19%, signal=36%	
REGULATION OF TP53 EXPRESSION AND DEGRADATION%REACTOME%R-HSA-6806003.4	REGULATION OF TP53 EXPRESSION AND DEGRADATION%REACTOME%R-HSA-6806003.4		37	-0.2306176	-0.7937719	0.8677686	1.0	1.0	4894	tags=32%, list=20%, signal=40%	
REGULATION OF DNA DAMAGE RESPONSE, SIGNAL TRANSDUCTION BY P53 CLASS MEDIATOR%GOBP%GO:0043516	REGULATION OF DNA DAMAGE RESPONSE, SIGNAL TRANSDUCTION BY P53 CLASS MEDIATOR%GOBP%GO:0043516		34	-0.23626332	-0.7936629	0.8366534	1.0	1.0	2904	tags=21%, list=12%, signal=23%	
PID_VEGFR1_2_PATHWAY%MSIGDB_C2%PID_VEGFR1_2_PATHWAY	PID_VEGFR1_2_PATHWAY%MSIGDB_C2%PID_VEGFR1_2_PATHWAY		53	-0.21527782	-0.7923461	0.9238095	1.0	1.0	2701	tags=19%, list=11%, signal=21%	
NEGATIVE REGULATION OF VASCULAR ASSOCIATED SMOOTH MUSCLE CELL PROLIFERATION%GOBP%GO:1904706	NEGATIVE REGULATION OF VASCULAR ASSOCIATED SMOOTH MUSCLE CELL PROLIFERATION%GOBP%GO:1904706		17	-0.27722988	-0.79182774	0.7835366	1.0	1.0	2737	tags=18%, list=11%, signal=20%	
POSITIVE REGULATION OF BLOOD CIRCULATION%GOBP%GO:1903524	POSITIVE REGULATION OF BLOOD CIRCULATION%GOBP%GO:1903524		25	-0.25725642	-0.7917506	0.82200646	1.0	1.0	1394	tags=12%, list=6%, signal=13%	
PROTEIN QUALITY CONTROL FOR MISFOLDED OR INCOMPLETELY SYNTHESIZED PROTEINS%GOBP%GO:0006515	PROTEIN QUALITY CONTROL FOR MISFOLDED OR INCOMPLETELY SYNTHESIZED PROTEINS%GOBP%GO:0006515		30	-0.24475482	-0.79171044	0.83203125	1.0	1.0	2322	tags=17%, list=9%, signal=18%	
GOLGI ASSOCIATED VESICLE BIOGENESIS%REACTOME%R-HSA-432722.5	GOLGI ASSOCIATED VESICLE BIOGENESIS%REACTOME%R-HSA-432722.5		54	-0.21580268	-0.7916015	0.9108911	1.0	1.0	2431	tags=15%, list=10%, signal=16%	
TNF STRESS RELATED SIGNALING%PATHWHIZ%PW064784	TNF STRESS RELATED SIGNALING%PATHWHIZ%PW064784		22	-0.25776803	-0.79156184	0.7944251	1.0	1.0	4186	tags=32%, list=17%, signal=38%	
CENTROSOME MATURATION%REACTOME DATABASE ID RELEASE 95%380287	CENTROSOME MATURATION%REACTOME DATABASE ID RELEASE 95%380287		79	-0.20052515	-0.7911743	0.93333334	1.0	1.0	4821	tags=27%, list=20%, signal=33%	
PID_ILK_PATHWAY%MSIGDB_C2%PID_ILK_PATHWAY	PID_ILK_PATHWAY%MSIGDB_C2%PID_ILK_PATHWAY		34	-0.23735735	-0.79114515	0.82575756	1.0	1.0	2100	tags=15%, list=9%, signal=16%	
SENESCENCE AND AUTOPHAGY IN CANCER%WIKIPATHWAYS_20260211%WP615%HOMO SAPIENS	SENESCENCE AND AUTOPHAGY IN CANCER%WIKIPATHWAYS_20260211%WP615%HOMO SAPIENS		86	-0.2009389	-0.78994876	0.9470199	1.0	1.0	1467	tags=5%, list=6%, signal=5%	
BIOCARTA_AT1R_PATHWAY%MSIGDB_C2%BIOCARTA_AT1R_PATHWAY	BIOCARTA_AT1R_PATHWAY%MSIGDB_C2%BIOCARTA_AT1R_PATHWAY		22	-0.26297542	-0.789325	0.8210526	1.0	1.0	2806	tags=18%, list=11%, signal=21%	
POSITIVE REGULATION OF ALPHA-BETA T CELL DIFFERENTIATION%GOBP%GO:0046638	POSITIVE REGULATION OF ALPHA-BETA T CELL DIFFERENTIATION%GOBP%GO:0046638		39	-0.22705697	-0.7885795	0.8497854	1.0	1.0	5209	tags=33%, list=21%, signal=42%	
NONSENSE MEDIATED DECAY (NMD) ENHANCED BY THE EXON JUNCTION COMPLEX (EJC)%REACTOME DATABASE ID RELEASE 95%975957	NONSENSE MEDIATED DECAY (NMD) ENHANCED BY THE EXON JUNCTION COMPLEX (EJC)%REACTOME DATABASE ID RELEASE 95%975957		115	-0.19449139	-0.78854936	0.9831933	1.0	1.0	5877	tags=33%, list=24%, signal=43%	
POSITIVE REGULATION OF FOCAL ADHESION ASSEMBLY%GOBP%GO:0051894	POSITIVE REGULATION OF FOCAL ADHESION ASSEMBLY%GOBP%GO:0051894		19	-0.2765768	-0.78851795	0.8088235	1.0	1.0	5575	tags=42%, list=23%, signal=54%	
PROTEIN TRANSPORT ALONG MICROTUBULE%GOBP%GO:0098840	PROTEIN TRANSPORT ALONG MICROTUBULE%GOBP%GO:0098840		19	-0.27357456	-0.78719795	0.7916667	1.0	1.0	3360	tags=21%, list=14%, signal=24%	
POSITIVE REGULATION OF LONG-TERM SYNAPTIC POTENTIATION%GOBP%GO:1900273	POSITIVE REGULATION OF LONG-TERM SYNAPTIC POTENTIATION%GOBP%GO:1900273		15	-0.29261768	-0.7871702	0.73489934	1.0	1.0	249	tags=7%, list=1%, signal=7%	
FRUCTOSE INTOLERANCE, HEREDITARY%PATHWHIZ%PW000702	FRUCTOSE INTOLERANCE, HEREDITARY%PATHWHIZ%PW000702		18	-0.27502576	-0.7864689	0.7920792	1.0	1.0	109	tags=6%, list=0%, signal=6%	
ARP2/3 COMPLEX-MEDIATED ACTIN NUCLEATION%GOBP%GO:0034314	ARP2/3 COMPLEX-MEDIATED ACTIN NUCLEATION%GOBP%GO:0034314		16	-0.28834298	-0.7857381	0.783871	1.0	1.0	3106	tags=25%, list=13%, signal=29%	
MULTICELLULAR ORGANISMAL-LEVEL IRON ION HOMEOSTASIS%GOBP%GO:0060586	MULTICELLULAR ORGANISMAL-LEVEL IRON ION HOMEOSTASIS%GOBP%GO:0060586		16	-0.2878534	-0.78496623	0.7873754	1.0	1.0	2686	tags=19%, list=11%, signal=21%	
A6B1 AND A6B4 INTEGRIN SIGNALING%PATHWAY INTERACTION DATABASE NCI-NATURE CURATED DATA%A6B1 AND A6B4 INTEGRIN SIGNALING	A6B1 AND A6B4 INTEGRIN SIGNALING%PATHWAY INTERACTION DATABASE NCI-NATURE CURATED DATA%A6B1 AND A6B4 INTEGRIN SIGNALING		45	-0.21848084	-0.7846976	0.8604651	1.0	1.0	1336	tags=9%, list=5%, signal=9%	
NEGATIVE REGULATION OF PROTEIN MATURATION%GOBP%GO:1903318	NEGATIVE REGULATION OF PROTEIN MATURATION%GOBP%GO:1903318		17	-0.2848725	-0.7844592	0.7804054	1.0	1.0	1383	tags=12%, list=6%, signal=12%	
BIOCARTA_EGF_PATHWAY%MSIGDB_C2%BIOCARTA_EGF_PATHWAY	BIOCARTA_EGF_PATHWAY%MSIGDB_C2%BIOCARTA_EGF_PATHWAY		23	-0.25860542	-0.7841019	0.83828384	1.0	1.0	6528	tags=48%, list=27%, signal=65%	
REGULATION OF PEPTIDE TRANSPORT%GOBP%GO:0090087	REGULATION OF PEPTIDE TRANSPORT%GOBP%GO:0090087		140	-0.18234427	-0.78390175	0.9916667	1.0	1.0	2793	tags=13%, list=11%, signal=14%	
REGULATION OF PLK1 ACTIVITY AT G2 M TRANSITION%REACTOME DATABASE ID RELEASE 95%2565942	REGULATION OF PLK1 ACTIVITY AT G2 M TRANSITION%REACTOME DATABASE ID RELEASE 95%2565942		84	-0.19814235	-0.7834773	0.9477124	1.0	1.0	4821	tags=25%, list=20%, signal=31%	
REGULATION OF STEM CELL DIFFERENTIATION%GOBP%GO:2000736	REGULATION OF STEM CELL DIFFERENTIATION%GOBP%GO:2000736		63	-0.20691597	-0.7829345	0.9385475	1.0	1.0	4132	tags=22%, list=17%, signal=27%	
SKELETAL MUSCLE ORGAN DEVELOPMENT%GOBP%GO:0060538	SKELETAL MUSCLE ORGAN DEVELOPMENT%GOBP%GO:0060538		59	-0.2089363	-0.7826772	0.9174757	1.0	1.0	4004	tags=19%, list=16%, signal=22%	
LENS DEVELOPMENT IN CAMERA-TYPE EYE%GOBP%GO:0002088	LENS DEVELOPMENT IN CAMERA-TYPE EYE%GOBP%GO:0002088		41	-0.22715071	-0.7822894	0.8803419	1.0	1.0	5128	tags=34%, list=21%, signal=43%	
G PROTEIN SIGNALING%WIKIPATHWAYS_20260211%WP35%HOMO SAPIENS	G PROTEIN SIGNALING%WIKIPATHWAYS_20260211%WP35%HOMO SAPIENS		70	-0.20291516	-0.7822327	0.9044944	1.0	1.0	3899	tags=19%, list=16%, signal=22%	
MESODERMAL CELL DIFFERENTIATION%GOBP%GO:0048333	MESODERMAL CELL DIFFERENTIATION%GOBP%GO:0048333		15	-0.28244546	-0.78162074	0.8078176	1.0	1.0	1729	tags=13%, list=7%, signal=14%	
RECRUITMENT OF NUMA TO MITOTIC CENTROSOMES%REACTOME DATABASE ID RELEASE 95%380320	RECRUITMENT OF NUMA TO MITOTIC CENTROSOMES%REACTOME DATABASE ID RELEASE 95%380320		78	-0.19888908	-0.7814207	0.91525424	1.0	1.0	4821	tags=27%, list=20%, signal=33%	
NEGATIVE REGULATION OF INTERLEUKIN-6 PRODUCTION%GOBP%GO:0032715	NEGATIVE REGULATION OF INTERLEUKIN-6 PRODUCTION%GOBP%GO:0032715		33	-0.23962161	-0.78070253	0.8253275	1.0	1.0	2442	tags=18%, list=10%, signal=20%	
SEX-CHROMOSOME DOSAGE COMPENSATION%GOBP%GO:0007549	SEX-CHROMOSOME DOSAGE COMPENSATION%GOBP%GO:0007549		15	-0.28416663	-0.78066635	0.7968254	1.0	1.0	2770	tags=20%, list=11%, signal=23%	
VITAMIN METABOLIC PROCESS%GOBP%GO:0006766	VITAMIN METABOLIC PROCESS%GOBP%GO:0006766		25	-0.24484503	-0.7802327	0.8544776	1.0	1.0	1943	tags=16%, list=8%, signal=17%	
E-CADHERIN SIGNALING IN KERATINOCYTES%PATHWAY INTERACTION DATABASE NCI-NATURE CURATED DATA%E-CADHERIN SIGNALING IN KERATINOCYTES	E-CADHERIN SIGNALING IN KERATINOCYTES%PATHWAY INTERACTION DATABASE NCI-NATURE CURATED DATA%E-CADHERIN SIGNALING IN KERATINOCYTES		21	-0.26156273	-0.78010434	0.8187919	1.0	1.0	2701	tags=19%, list=11%, signal=21%	
RNA POL II CTD PHOSPHORYLATION AND INTERACTION WITH CE%REACTOME%R-HSA-77075.4	RNA POL II CTD PHOSPHORYLATION AND INTERACTION WITH CE%REACTOME%R-HSA-77075.4		27	-0.2422156	-0.77946794	0.83006537	1.0	1.0	6111	tags=44%, list=25%, signal=59%	
NEGATIVE REGULATION OF PROTEIN PROCESSING%GOBP%GO:0010955	NEGATIVE REGULATION OF PROTEIN PROCESSING%GOBP%GO:0010955		16	-0.28746215	-0.7791205	0.8	1.0	1.0	1383	tags=13%, list=6%, signal=13%	
REGULATION OF SMOOTHENED SIGNALING PATHWAY%GOBP%GO:0008589	REGULATION OF SMOOTHENED SIGNALING PATHWAY%GOBP%GO:0008589		56	-0.21294214	-0.77907926	0.8947368	1.0	1.0	1865	tags=13%, list=8%, signal=13%	
ACETYLCHOLINE RECEPTOR SIGNALING PATHWAY%GOBP%GO:0095500	ACETYLCHOLINE RECEPTOR SIGNALING PATHWAY%GOBP%GO:0095500		41	-0.22453408	-0.7789605	0.8625	1.0	1.0	1263	tags=12%, list=5%, signal=13%	
REGULATION OF NUCLEAR-TRANSCRIBED MRNA CATABOLIC PROCESS, NONSENSE-MEDIATED DECAY%GOBP%GO:2000622	REGULATION OF NUCLEAR-TRANSCRIBED MRNA CATABOLIC PROCESS, NONSENSE-MEDIATED DECAY%GOBP%GO:2000622		15	-0.28564763	-0.77855104	0.78778136	1.0	1.0	2276	tags=27%, list=9%, signal=29%	
CELLULAR RESPONSE TO CORTICOSTEROID STIMULUS%GOBP%GO:0071384	CELLULAR RESPONSE TO CORTICOSTEROID STIMULUS%GOBP%GO:0071384		33	-0.2382086	-0.77816075	0.8619247	1.0	1.0	2795	tags=18%, list=11%, signal=20%	
NEGATIVE REGULATION OF DOUBLE-STRAND BREAK REPAIR%GOBP%GO:2000780	NEGATIVE REGULATION OF DOUBLE-STRAND BREAK REPAIR%GOBP%GO:2000780		37	-0.22886997	-0.77793443	0.8884462	1.0	1.0	3855	tags=24%, list=16%, signal=29%	
INSULIN SECRETION%GOBP%GO:0030073	INSULIN SECRETION%GOBP%GO:0030073		19	-0.26767918	-0.777592	0.7758621	1.0	1.0	3419	tags=21%, list=14%, signal=24%	
REGULATION OF CAMP/PKA SIGNAL TRANSDUCTION%GOBP%GO:0141161	REGULATION OF CAMP/PKA SIGNAL TRANSDUCTION%GOBP%GO:0141161		43	-0.22350141	-0.776554	0.90082645	1.0	1.0	4209	tags=26%, list=17%, signal=31%	
REGULATION OF EXTRINSIC APOPTOTIC SIGNALING PATHWAY VIA DEATH DOMAIN RECEPTORS%GOBP%GO:1902041	REGULATION OF EXTRINSIC APOPTOTIC SIGNALING PATHWAY VIA DEATH DOMAIN RECEPTORS%GOBP%GO:1902041		34	-0.23679467	-0.7764216	0.84090906	1.0	1.0	2523	tags=21%, list=10%, signal=23%	
INTRACELLULAR GLUCOSE HOMEOSTASIS%GOBP%GO:0001678	INTRACELLULAR GLUCOSE HOMEOSTASIS%GOBP%GO:0001678		61	-0.20340289	-0.77634287	0.9255319	1.0	1.0	3667	tags=23%, list=15%, signal=27%	
NCRNAS IN WNT SIGNALING IN HEPATOCELLULAR CARCINOMA%WIKIPATHWAYS_20260211%WP4336%HOMO SAPIENS	NCRNAS IN WNT SIGNALING IN HEPATOCELLULAR CARCINOMA%WIKIPATHWAYS_20260211%WP4336%HOMO SAPIENS		76	-0.1981337	-0.77547354	0.947644	1.0	1.0	4288	tags=28%, list=18%, signal=33%	
RECRUITMENT OF MITOTIC CENTROSOME PROTEINS AND COMPLEXES%REACTOME DATABASE ID RELEASE 95%380270	RECRUITMENT OF MITOTIC CENTROSOME PROTEINS AND COMPLEXES%REACTOME DATABASE ID RELEASE 95%380270		79	-0.20052515	-0.7753082	0.9593023	1.0	1.0	4821	tags=27%, list=20%, signal=33%	
REGULATION OF PTEN GENE TRANSCRIPTION%REACTOME%R-HSA-8943724.2	REGULATION OF PTEN GENE TRANSCRIPTION%REACTOME%R-HSA-8943724.2		59	-0.20910053	-0.77509135	0.9380952	1.0	1.0	3926	tags=22%, list=16%, signal=26%	
TRANSLATIONAL ELONGATION%GOBP%GO:0006414	TRANSLATIONAL ELONGATION%GOBP%GO:0006414		60	-0.2049827	-0.77484864	0.8967391	1.0	1.0	2121	tags=12%, list=9%, signal=13%	
BONE MORPHOGENESIS%GOBP%GO:0060349	BONE MORPHOGENESIS%GOBP%GO:0060349		39	-0.22475697	-0.7748413	0.9291667	1.0	1.0	1488	tags=8%, list=6%, signal=8%	
T-HELPER 17 CELL DIFFERENTIATION%GOBP%GO:0072539	T-HELPER 17 CELL DIFFERENTIATION%GOBP%GO:0072539		24	-0.2542911	-0.7745974	0.82885903	1.0	1.0	5347	tags=29%, list=22%, signal=37%	
PI3K CASCADE%REACTOME DATABASE ID RELEASE 95%109704	PI3K CASCADE%REACTOME DATABASE ID RELEASE 95%109704		36	-0.23411874	-0.77377486	0.8719008	1.0	1.0	3452	tags=19%, list=14%, signal=23%	
GLYCOSAMINOGLYCAN BIOSYNTHETIC PROCESS%GOBP%GO:0006024	GLYCOSAMINOGLYCAN BIOSYNTHETIC PROCESS%GOBP%GO:0006024		23	-0.25999594	-0.77358025	0.8141026	1.0	1.0	1980	tags=13%, list=8%, signal=14%	
PID_HIF2PATHWAY%MSIGDB_C2%PID_HIF2PATHWAY	PID_HIF2PATHWAY%MSIGDB_C2%PID_HIF2PATHWAY		25	-0.24801794	-0.77264076	0.8472222	1.0	1.0	2686	tags=20%, list=11%, signal=22%	
POSTSYNAPTIC SIGNAL TRANSDUCTION%GOBP%GO:0098926	POSTSYNAPTIC SIGNAL TRANSDUCTION%GOBP%GO:0098926		44	-0.220527	-0.77243036	0.93449783	1.0	1.0	1263	tags=11%, list=5%, signal=12%	
PID_MYC_PATHWAY%MSIGDB_C2%PID_MYC_PATHWAY	PID_MYC_PATHWAY%MSIGDB_C2%PID_MYC_PATHWAY		21	-0.26274532	-0.7722586	0.78014183	1.0	1.0	5393	tags=43%, list=22%, signal=55%	
POTASSIUM ION HOMEOSTASIS%GOBP%GO:0055075	POTASSIUM ION HOMEOSTASIS%GOBP%GO:0055075		31	-0.23707518	-0.77222455	0.8754864	1.0	1.0	2772	tags=19%, list=11%, signal=22%	
PHOTODYNAMIC THERAPY INDUCED NFE2L2 NRF2 SURVIVAL SIGNALING%WIKIPATHWAYS_20260211%WP3612%HOMO SAPIENS	PHOTODYNAMIC THERAPY INDUCED NFE2L2 NRF2 SURVIVAL SIGNALING%WIKIPATHWAYS_20260211%WP3612%HOMO SAPIENS		21	-0.2563145	-0.7721725	0.83617747	1.0	1.0	1334	tags=10%, list=5%, signal=10%	
CARBOHYDRATE CATABOLIC PROCESS%GOBP%GO:0016052	CARBOHYDRATE CATABOLIC PROCESS%GOBP%GO:0016052		98	-0.18414655	-0.7707236	0.9866667	1.0	1.0	2383	tags=12%, list=10%, signal=14%	
ENDOSOME TO LYSOSOME TRANSPORT VIA MULTIVESICULAR BODY SORTING PATHWAY%GOBP%GO:0032510	ENDOSOME TO LYSOSOME TRANSPORT VIA MULTIVESICULAR BODY SORTING PATHWAY%GOBP%GO:0032510		19	-0.26523647	-0.7697947	0.8252427	1.0	1.0	5883	tags=37%, list=24%, signal=48%	
PID_MTOR_4PATHWAY%MSIGDB_C2%PID_MTOR_4PATHWAY	PID_MTOR_4PATHWAY%MSIGDB_C2%PID_MTOR_4PATHWAY		57	-0.20462383	-0.7697462	0.9408867	1.0	1.0	5109	tags=30%, list=21%, signal=38%	
EXTRA-NUCLEAR ESTROGEN SIGNALING%REACTOME DATABASE ID RELEASE 95%9009391	EXTRA-NUCLEAR ESTROGEN SIGNALING%REACTOME DATABASE ID RELEASE 95%9009391		71	-0.20530571	-0.7694708	0.9447514	1.0	1.0	1619	tags=11%, list=7%, signal=12%	
POSITIVE REGULATION OF BLOOD VESSEL ENDOTHELIAL CELL MIGRATION%GOBP%GO:0043536	POSITIVE REGULATION OF BLOOD VESSEL ENDOTHELIAL CELL MIGRATION%GOBP%GO:0043536		51	-0.21189855	-0.769038	0.91534394	1.0	1.0	3452	tags=18%, list=14%, signal=20%	
PHOTODYNAMIC THERAPY INDUCED HIF 1 SURVIVAL SIGNALING%WIKIPATHWAYS_20260211%WP3614%HOMO SAPIENS	PHOTODYNAMIC THERAPY INDUCED HIF 1 SURVIVAL SIGNALING%WIKIPATHWAYS_20260211%WP3614%HOMO SAPIENS		25	-0.24836725	-0.76877064	0.8426966	1.0	1.0	3849	tags=20%, list=16%, signal=24%	
REGULATION OF RELEASE OF CYTOCHROME C FROM MITOCHONDRIA%GOBP%GO:0090199	REGULATION OF RELEASE OF CYTOCHROME C FROM MITOCHONDRIA%GOBP%GO:0090199		38	-0.22447422	-0.76864374	0.89669424	1.0	1.0	3647	tags=21%, list=15%, signal=25%	
FORMATION OF HIV-1 ELONGATION COMPLEX CONTAINING HIV-1 TAT%REACTOME%R-HSA-167200.5	FORMATION OF HIV-1 ELONGATION COMPLEX CONTAINING HIV-1 TAT%REACTOME%R-HSA-167200.5		43	-0.21783051	-0.7686061	0.9053498	1.0	1.0	5413	tags=40%, list=22%, signal=51%	
DOSAGE COMPENSATION BY INACTIVATION OF X CHROMOSOME%GOBP%GO:0009048	DOSAGE COMPENSATION BY INACTIVATION OF X CHROMOSOME%GOBP%GO:0009048		15	-0.28416663	-0.7683949	0.8301887	1.0	1.0	2770	tags=20%, list=11%, signal=23%	
FORMATION OF HIV ELONGATION COMPLEX IN THE ABSENCE OF HIV TAT%REACTOME%R-HSA-167152.5	FORMATION OF HIV ELONGATION COMPLEX IN THE ABSENCE OF HIV TAT%REACTOME%R-HSA-167152.5		45	-0.21794237	-0.76817745	0.87763715	1.0	1.0	5413	tags=40%, list=22%, signal=51%	
FRUCTOSE AND MANNOSE DEGRADATION%SMPDB%SMP0000064	FRUCTOSE AND MANNOSE DEGRADATION%SMPDB%SMP0000064		18	-0.27502576	-0.76746404	0.7972028	1.0	1.0	109	tags=6%, list=0%, signal=6%	
REGULATION OF STRESS FIBER ASSEMBLY%GOBP%GO:0051492	REGULATION OF STRESS FIBER ASSEMBLY%GOBP%GO:0051492		72	-0.19644788	-0.7672	0.9430052	1.0	1.0	4518	tags=25%, list=18%, signal=31%	
ACETYL-COA METABOLIC PROCESS%GOBP%GO:0006084	ACETYL-COA METABOLIC PROCESS%GOBP%GO:0006084		25	-0.24480668	-0.767165	0.7837838	1.0	1.0	768	tags=8%, list=3%, signal=8%	
POSITIVE REGULATION OF ENDOTHELIAL CELL MIGRATION%GOBP%GO:0010595	POSITIVE REGULATION OF ENDOTHELIAL CELL MIGRATION%GOBP%GO:0010595		100	-0.18495114	-0.76693517	0.99404764	1.0	1.0	3452	tags=16%, list=14%, signal=19%	
LENS FIBER CELL DIFFERENTIATION%GOBP%GO:0070306	LENS FIBER CELL DIFFERENTIATION%GOBP%GO:0070306		16	-0.28303385	-0.766788	0.77304965	1.0	1.0	3639	tags=25%, list=15%, signal=29%	
NEGATIVE REGULATION OF DNA REPAIR%GOBP%GO:0045738	NEGATIVE REGULATION OF DNA REPAIR%GOBP%GO:0045738		39	-0.22272258	-0.76654005	0.875	1.0	1.0	3855	tags=23%, list=16%, signal=27%	
BMP SIGNALING PATHWAY%GOBP%GO:0030509	BMP SIGNALING PATHWAY%GOBP%GO:0030509		53	-0.20901644	-0.7664122	0.9137056	1.0	1.0	415	tags=6%, list=2%, signal=6%	
MYOTUBE DIFFERENTIATION%GOBP%GO:0014902	MYOTUBE DIFFERENTIATION%GOBP%GO:0014902		38	-0.22528575	-0.76635385	0.86725664	1.0	1.0	5039	tags=26%, list=21%, signal=33%	
TRNA AMINOACYLATION%GOBP%GO:0043039	TRNA AMINOACYLATION%GOBP%GO:0043039		44	-0.22002366	-0.76613003	0.89711934	1.0	1.0	2747	tags=16%, list=11%, signal=18%	
REGULATION OF HORMONE METABOLIC PROCESS%GOBP%GO:0032350	REGULATION OF HORMONE METABOLIC PROCESS%GOBP%GO:0032350		30	-0.232485	-0.7656007	0.8832117	1.0	1.0	3520	tags=23%, list=14%, signal=27%	
AMINO ACID ACTIVATION%GOBP%GO:0043038	AMINO ACID ACTIVATION%GOBP%GO:0043038		44	-0.22002366	-0.76544505	0.87966806	1.0	1.0	2747	tags=16%, list=11%, signal=18%	
PROSTACYCLIN SIGNALLING THROUGH PROSTACYCLIN RECEPTOR%REACTOME DATABASE ID RELEASE 95%392851	PROSTACYCLIN SIGNALLING THROUGH PROSTACYCLIN RECEPTOR%REACTOME DATABASE ID RELEASE 95%392851		19	-0.26737222	-0.765349	0.82417583	1.0	1.0	3899	tags=26%, list=16%, signal=31%	
POSITIVE REGULATION OF LIPID CATABOLIC PROCESS%GOBP%GO:0050996	POSITIVE REGULATION OF LIPID CATABOLIC PROCESS%GOBP%GO:0050996		22	-0.25659037	-0.7650681	0.82236844	1.0	1.0	1488	tags=14%, list=6%, signal=15%	
RIBOSOME-ASSOCIATED UBIQUITIN-DEPENDENT PROTEIN CATABOLIC PROCESS%GOBP%GO:1990116	RIBOSOME-ASSOCIATED UBIQUITIN-DEPENDENT PROTEIN CATABOLIC PROCESS%GOBP%GO:1990116		17	-0.27308744	-0.7648936	0.7921687	1.0	1.0	2027	tags=18%, list=8%, signal=19%	
NEGATIVE REGULATION OF CELL CYCLE G2/M PHASE TRANSITION%GOBP%GO:1902750	NEGATIVE REGULATION OF CELL CYCLE G2/M PHASE TRANSITION%GOBP%GO:1902750		68	-0.19886449	-0.76445574	0.92777777	1.0	1.0	2172	tags=13%, list=9%, signal=14%	
REGULATION OF T-HELPER CELL DIFFERENTIATION%GOBP%GO:0045622	REGULATION OF T-HELPER CELL DIFFERENTIATION%GOBP%GO:0045622		39	-0.22101259	-0.76426685	0.8973214	1.0	1.0	5954	tags=44%, list=24%, signal=57%	
ATP BIOSYNTHESIS%BIOCYC%PWY-7980	ATP BIOSYNTHESIS%BIOCYC%PWY-7980		31	-0.23357433	-0.7636984	0.876	1.0	1.0	3723	tags=16%, list=15%, signal=19%	
NEUROTROPHIC FACTOR-MEDIATED TRK RECEPTOR SIGNALING%PATHWAY INTERACTION DATABASE NCI-NATURE CURATED DATA%NEUROTROPHIC FACTOR-MEDIATED TRK RECEPTOR SIGNALING	NEUROTROPHIC FACTOR-MEDIATED TRK RECEPTOR SIGNALING%PATHWAY INTERACTION DATABASE NCI-NATURE CURATED DATA%NEUROTROPHIC FACTOR-MEDIATED TRK RECEPTOR SIGNALING		61	-0.20117632	-0.76214534	0.94827586	1.0	1.0	3452	tags=18%, list=14%, signal=21%	
INTRINSIC APOPTOTIC SIGNALING PATHWAY IN RESPONSE TO DNA DAMAGE%GOBP%GO:0008630	INTRINSIC APOPTOTIC SIGNALING PATHWAY IN RESPONSE TO DNA DAMAGE%GOBP%GO:0008630		59	-0.20497596	-0.7620772	0.93236715	1.0	1.0	3353	tags=20%, list=14%, signal=24%	
POSITIVE REGULATION OF CARDIAC MUSCLE TISSUE GROWTH%GOBP%GO:0055023	POSITIVE REGULATION OF CARDIAC MUSCLE TISSUE GROWTH%GOBP%GO:0055023		17	-0.26873228	-0.76185	0.8105263	1.0	1.0	2942	tags=24%, list=12%, signal=27%	
GDNF%IOB%GDNF	GDNF%IOB%GDNF		15	-0.27931407	-0.7612383	0.79384613	1.0	1.0	5109	tags=40%, list=21%, signal=51%	
REGULATION OF FOCAL ADHESION ASSEMBLY%GOBP%GO:0051893	REGULATION OF FOCAL ADHESION ASSEMBLY%GOBP%GO:0051893		57	-0.20870057	-0.76100165	0.923445	1.0	1.0	5647	tags=32%, list=23%, signal=41%	
DNA IR DOUBLE STRAND BREAKS AND CELLULAR RESPONSE VIA ATM%WIKIPATHWAYS_20260211%WP3959%HOMO SAPIENS	DNA IR DOUBLE STRAND BREAKS AND CELLULAR RESPONSE VIA ATM%WIKIPATHWAYS_20260211%WP3959%HOMO SAPIENS		45	-0.21793954	-0.7607499	0.92070484	1.0	1.0	1478	tags=9%, list=6%, signal=9%	
PROLACTIN SIGNALING%WIKIPATHWAYS_20260211%WP2037%HOMO SAPIENS	PROLACTIN SIGNALING%WIKIPATHWAYS_20260211%WP2037%HOMO SAPIENS		63	-0.20168613	-0.7605859	0.92896175	1.0	1.0	2859	tags=16%, list=12%, signal=18%	
TAT-MEDIATED ELONGATION OF THE HIV-1 TRANSCRIPT%REACTOME DATABASE ID RELEASE 95%167246	TAT-MEDIATED ELONGATION OF THE HIV-1 TRANSCRIPT%REACTOME DATABASE ID RELEASE 95%167246		43	-0.21783051	-0.7604273	0.93333334	1.0	1.0	5413	tags=40%, list=22%, signal=51%	
AMB2 INTEGRIN SIGNALING%PATHWAY INTERACTION DATABASE NCI-NATURE CURATED DATA%AMB2 INTEGRIN SIGNALING	AMB2 INTEGRIN SIGNALING%PATHWAY INTERACTION DATABASE NCI-NATURE CURATED DATA%AMB2 INTEGRIN SIGNALING		32	-0.23605315	-0.76032645	0.8937729	1.0	1.0	572	tags=6%, list=2%, signal=6%	
PROTEIN-LIPID COMPLEX REMODELING%GOBP%GO:0034368	PROTEIN-LIPID COMPLEX REMODELING%GOBP%GO:0034368		33	-0.22442026	-0.7603019	0.8793774	1.0	1.0	2381	tags=15%, list=10%, signal=17%	
RESPONSE TO CAMP%GOBP%GO:0051591	RESPONSE TO CAMP%GOBP%GO:0051591		39	-0.21625961	-0.7601862	0.9217391	1.0	1.0	1418	tags=10%, list=6%, signal=11%	
PDGF PATHWAY%WIKIPATHWAYS_20260211%WP2526%HOMO SAPIENS	PDGF PATHWAY%WIKIPATHWAYS_20260211%WP2526%HOMO SAPIENS		32	-0.22629037	-0.76017445	0.90983605	1.0	1.0	2806	tags=16%, list=11%, signal=18%	
GLYCOLYSIS%PANTHER PATHWAY%P00024	GLYCOLYSIS%PANTHER PATHWAY%P00024		17	-0.2723089	-0.75982714	0.8322148	1.0	1.0	1999	tags=18%, list=8%, signal=19%	
RNA POL II CTD PHOSPHORYLATION AND INTERACTION WITH CE DURING HIV INFECTION%REACTOME%R-HSA-167160.4	RNA POL II CTD PHOSPHORYLATION AND INTERACTION WITH CE DURING HIV INFECTION%REACTOME%R-HSA-167160.4		27	-0.2422156	-0.75889534	0.8929889	1.0	1.0	6111	tags=44%, list=25%, signal=59%	
NEGATIVE REGULATION OF NUCLEOTIDE METABOLIC PROCESS%GOBP%GO:0045980	NEGATIVE REGULATION OF NUCLEOTIDE METABOLIC PROCESS%GOBP%GO:0045980		19	-0.26433402	-0.75872695	0.83566433	1.0	1.0	1100	tags=11%, list=4%, signal=11%	
NEGATIVE REGULATION OF PURINE NUCLEOTIDE METABOLIC PROCESS%GOBP%GO:1900543	NEGATIVE REGULATION OF PURINE NUCLEOTIDE METABOLIC PROCESS%GOBP%GO:1900543		19	-0.26433402	-0.7585787	0.7987013	1.0	1.0	1100	tags=11%, list=4%, signal=11%	
REGULATION OF MYOBLAST FUSION%GOBP%GO:1901739	REGULATION OF MYOBLAST FUSION%GOBP%GO:1901739		56	-0.20358086	-0.75832295	0.92523366	1.0	1.0	6023	tags=36%, list=25%, signal=47%	
REGULATION OF CELL-SUBSTRATE JUNCTION ASSEMBLY%GOBP%GO:0090109	REGULATION OF CELL-SUBSTRATE JUNCTION ASSEMBLY%GOBP%GO:0090109		57	-0.20870057	-0.75688285	0.9303483	1.0	1.0	5647	tags=32%, list=23%, signal=41%	
HIV TRANSCRIPTION ELONGATION%REACTOME DATABASE ID RELEASE 95%167169	HIV TRANSCRIPTION ELONGATION%REACTOME DATABASE ID RELEASE 95%167169		43	-0.21783051	-0.7558937	0.8933333	1.0	1.0	5413	tags=40%, list=22%, signal=51%	
GPCRS CLASS B SECRETIN LIKE%WIKIPATHWAYS_20260211%WP334%HOMO SAPIENS	GPCRS CLASS B SECRETIN LIKE%WIKIPATHWAYS_20260211%WP334%HOMO SAPIENS		19	-0.26267228	-0.754769	0.83219177	1.0	1.0	3045	tags=21%, list=12%, signal=24%	
NEGATIVE REGULATION OF SMOOTHENED SIGNALING PATHWAY%GOBP%GO:0045879	NEGATIVE REGULATION OF SMOOTHENED SIGNALING PATHWAY%GOBP%GO:0045879		24	-0.2430839	-0.7539612	0.8768116	1.0	1.0	1865	tags=13%, list=8%, signal=14%	
NEGATIVE REGULATION OF HIPPO SIGNALING%GOBP%GO:0035331	NEGATIVE REGULATION OF HIPPO SIGNALING%GOBP%GO:0035331		25	-0.25158405	-0.75375885	0.8611111	1.0	1.0	3454	tags=24%, list=14%, signal=28%	
10Q11 21Q11 23 COPY NUMBER VARIATION SYNDROME%WIKIPATHWAYS_20260211%WP5352%HOMO SAPIENS	10Q11 21Q11 23 COPY NUMBER VARIATION SYNDROME%WIKIPATHWAYS_20260211%WP5352%HOMO SAPIENS		47	-0.20943424	-0.7530427	0.91101694	1.0	1.0	4457	tags=26%, list=18%, signal=31%	
NEURONAL ACTION POTENTIAL%GOBP%GO:0019228	NEURONAL ACTION POTENTIAL%GOBP%GO:0019228		15	-0.28288674	-0.7529899	0.8	1.0	1.0	2263	tags=27%, list=9%, signal=29%	
ALPHA 6 BETA 4 SIGNALING%WIKIPATHWAYS_20260211%WP244%HOMO SAPIENS	ALPHA 6 BETA 4 SIGNALING%WIKIPATHWAYS_20260211%WP244%HOMO SAPIENS		26	-0.24770825	-0.7527994	0.8787879	1.0	1.0	2687	tags=15%, list=11%, signal=17%	
REGULATION OF HAIR CYCLE%GOBP%GO:0042634	REGULATION OF HAIR CYCLE%GOBP%GO:0042634		15	-0.2783898	-0.7524527	0.81433225	1.0	1.0	3419	tags=20%, list=14%, signal=23%	
ACETYLCHOLINE NEUROTRANSMITTER RELEASE CYCLE%REACTOME%R-HSA-264642.6	ACETYLCHOLINE NEUROTRANSMITTER RELEASE CYCLE%REACTOME%R-HSA-264642.6		16	-0.2656937	-0.7522343	0.8106312	1.0	1.0	4327	tags=38%, list=18%, signal=46%	
SARS-COV-1 MODULATES HOST TRANSLATION MACHINERY%REACTOME DATABASE ID RELEASE 95%9735869	SARS-COV-1 MODULATES HOST TRANSLATION MACHINERY%REACTOME DATABASE ID RELEASE 95%9735869		37	-0.21939252	-0.75136036	0.88837206	1.0	1.0	7586	tags=51%, list=31%, signal=74%	
CELLULAR RESPONSE TO ESTRADIOL STIMULUS%GOBP%GO:0071392	CELLULAR RESPONSE TO ESTRADIOL STIMULUS%GOBP%GO:0071392		20	-0.25871584	-0.7511612	0.85324234	1.0	1.0	603	tags=10%, list=2%, signal=10%	
PID_AMB2_NEUTROPHILS_PATHWAY%MSIGDB_C2%PID_AMB2_NEUTROPHILS_PATHWAY	PID_AMB2_NEUTROPHILS_PATHWAY%MSIGDB_C2%PID_AMB2_NEUTROPHILS_PATHWAY		30	-0.24063109	-0.750329	0.86307055	1.0	1.0	2701	tags=13%, list=11%, signal=15%	
METABOLIC EPILEPTIC DISORDERS%WIKIPATHWAYS_20260211%WP5355%HOMO SAPIENS	METABOLIC EPILEPTIC DISORDERS%WIKIPATHWAYS_20260211%WP5355%HOMO SAPIENS		68	-0.19432594	-0.7494809	0.96039605	1.0	1.0	4213	tags=22%, list=17%, signal=27%	
SEMI-LUNAR VALVE DEVELOPMENT%GOBP%GO:1905314	SEMI-LUNAR VALVE DEVELOPMENT%GOBP%GO:1905314		48	-0.20877373	-0.7490436	0.96313363	1.0	1.0	3108	tags=21%, list=13%, signal=24%	
REGULATION OF BICELLULAR TIGHT JUNCTION ASSEMBLY%GOBP%GO:2000810	REGULATION OF BICELLULAR TIGHT JUNCTION ASSEMBLY%GOBP%GO:2000810		19	-0.26400658	-0.74867725	0.8519737	1.0	1.0	2904	tags=26%, list=12%, signal=30%	
REGULATION OF CELL CYCLE G2/M PHASE TRANSITION%GOBP%GO:1902749	REGULATION OF CELL CYCLE G2/M PHASE TRANSITION%GOBP%GO:1902749		100	-0.18374573	-0.748493	0.95394737	1.0	1.0	3482	tags=17%, list=14%, signal=20%	
POSITIVE REGULATION OF TELOMERE MAINTENANCE%GOBP%GO:0032206	POSITIVE REGULATION OF TELOMERE MAINTENANCE%GOBP%GO:0032206		58	-0.19916381	-0.74742633	0.9342723	1.0	1.0	5856	tags=38%, list=24%, signal=50%	
CHROMOSOME CONDENSATION%GOBP%GO:0030261	CHROMOSOME CONDENSATION%GOBP%GO:0030261		33	-0.22651877	-0.7460663	0.9163347	1.0	1.0	4324	tags=27%, list=18%, signal=33%	
REGULATION OF FERROPTOSIS%GOBP%GO:0110075	REGULATION OF FERROPTOSIS%GOBP%GO:0110075		27	-0.23657303	-0.74565816	0.88014984	1.0	1.0	2262	tags=19%, list=9%, signal=20%	
FOXO-MEDIATED TRANSCRIPTION OF OXIDATIVE STRESS, METABOLIC AND NEURONAL GENES%REACTOME DATABASE ID RELEASE 95%9615017	FOXO-MEDIATED TRANSCRIPTION OF OXIDATIVE STRESS, METABOLIC AND NEURONAL GENES%REACTOME DATABASE ID RELEASE 95%9615017		29	-0.23476192	-0.74510026	0.9087591	1.0	1.0	2322	tags=14%, list=9%, signal=15%	
NEF-MEDIATES DOWN MODULATION OF CELL SURFACE RECEPTORS BY RECRUITING THEM TO CLATHRIN ADAPTERS%REACTOME%R-HSA-164938.5	NEF-MEDIATES DOWN MODULATION OF CELL SURFACE RECEPTORS BY RECRUITING THEM TO CLATHRIN ADAPTERS%REACTOME%R-HSA-164938.5		21	-0.25078103	-0.7445293	0.8842105	1.0	1.0	3691	tags=19%, list=15%, signal=22%	
NEGATIVE REGULATION OF DNA REPLICATION%GOBP%GO:0008156	NEGATIVE REGULATION OF DNA REPLICATION%GOBP%GO:0008156		26	-0.23627788	-0.7443132	0.9160584	1.0	1.0	5214	tags=42%, list=21%, signal=54%	
PKC GAMMA CALCIUM SIGNALING IN ATAXIA%WIKIPATHWAYS_20260211%WP4760%HOMO SAPIENS	PKC GAMMA CALCIUM SIGNALING IN ATAXIA%WIKIPATHWAYS_20260211%WP4760%HOMO SAPIENS		16	-0.2691544	-0.74360037	0.8328173	1.0	1.0	197	tags=6%, list=1%, signal=6%	
PI5P, PP2A AND IER3 REGULATE PI3K AKT SIGNALING%REACTOME%R-HSA-6811558.5	PI5P, PP2A AND IER3 REGULATE PI3K AKT SIGNALING%REACTOME%R-HSA-6811558.5		100	-0.18231316	-0.7431717	0.9699248	1.0	1.0	3454	tags=17%, list=14%, signal=20%	
CLASS I PI3K SIGNALING EVENTS MEDIATED BY AKT%PATHWAY INTERACTION DATABASE NCI-NATURE CURATED DATA%CLASS I PI3K SIGNALING EVENTS MEDIATED BY AKT	CLASS I PI3K SIGNALING EVENTS MEDIATED BY AKT%PATHWAY INTERACTION DATABASE NCI-NATURE CURATED DATA%CLASS I PI3K SIGNALING EVENTS MEDIATED BY AKT		35	-0.22063254	-0.74289817	0.91803277	1.0	1.0	899	tags=9%, list=4%, signal=9%	
IL26 SIGNALING%WIKIPATHWAYS_20260211%WP5347%HOMO SAPIENS	IL26 SIGNALING%WIKIPATHWAYS_20260211%WP5347%HOMO SAPIENS		40	-0.21486153	-0.7428859	0.92828685	1.0	1.0	863	tags=8%, list=4%, signal=8%	
MICROAUTOPHAGY%GOBP%GO:0016237	MICROAUTOPHAGY%GOBP%GO:0016237		21	-0.25018552	-0.7414619	0.85925925	1.0	1.0	91	tags=5%, list=0%, signal=5%	
CRISTAE FORMATION%REACTOME%R-HSA-8949613.3	CRISTAE FORMATION%REACTOME%R-HSA-8949613.3		31	-0.22841732	-0.7414575	0.88475835	1.0	1.0	4834	tags=23%, list=20%, signal=28%	
MIRNA REGULATION OF P53 PATHWAY IN PROSTATE CANCER%WIKIPATHWAYS_20260211%WP3982%HOMO SAPIENS	MIRNA REGULATION OF P53 PATHWAY IN PROSTATE CANCER%WIKIPATHWAYS_20260211%WP3982%HOMO SAPIENS		21	-0.25419563	-0.74072444	0.86970687	1.0	1.0	5002	tags=33%, list=20%, signal=42%	
PID_ARF6_PATHWAY%MSIGDB_C2%PID_ARF6_PATHWAY	PID_ARF6_PATHWAY%MSIGDB_C2%PID_ARF6_PATHWAY		29	-0.23076382	-0.7406838	0.9007353	1.0	1.0	5326	tags=34%, list=22%, signal=44%	
CELLULAR RESPONSE TO PEPTIDE HORMONE STIMULUS%GOBP%GO:0071375	CELLULAR RESPONSE TO PEPTIDE HORMONE STIMULUS%GOBP%GO:0071375		174	-0.16608839	-0.740067	1.0	1.0	1.0	3941	tags=17%, list=16%, signal=20%	
POSITIVE REGULATION OF T-HELPER 17 TYPE IMMUNE RESPONSE%GOBP%GO:2000318	POSITIVE REGULATION OF T-HELPER 17 TYPE IMMUNE RESPONSE%GOBP%GO:2000318		16	-0.27072278	-0.74003845	0.84810126	1.0	1.0	1298	tags=13%, list=5%, signal=13%	
REGULATION OF ALPHA-BETA T CELL DIFFERENTIATION%GOBP%GO:0046637	REGULATION OF ALPHA-BETA T CELL DIFFERENTIATION%GOBP%GO:0046637		59	-0.19830582	-0.7396245	0.97354496	1.0	1.0	5954	tags=39%, list=24%, signal=51%	
NUCLEAR SIGNALING BY ERBB4%REACTOME%R-HSA-1251985.7	NUCLEAR SIGNALING BY ERBB4%REACTOME%R-HSA-1251985.7		31	-0.2260576	-0.7393437	0.9125475	1.0	1.0	3195	tags=19%, list=13%, signal=22%	
TGF-BETA RECEPTOR SIGNALING ACTIVATES SMADS%REACTOME%R-HSA-2173789.6	TGF-BETA RECEPTOR SIGNALING ACTIVATES SMADS%REACTOME%R-HSA-2173789.6		44	-0.21393533	-0.73933977	0.9506726	1.0	1.0	4104	tags=30%, list=17%, signal=35%	
PLASMA LIPOPROTEIN PARTICLE REMODELING%GOBP%GO:0034369	PLASMA LIPOPROTEIN PARTICLE REMODELING%GOBP%GO:0034369		33	-0.22442026	-0.7390873	0.91851854	1.0	1.0	2381	tags=15%, list=10%, signal=17%	
NADPH REGENERATION%GOBP%GO:0006740	NADPH REGENERATION%GOBP%GO:0006740		15	-0.2646384	-0.7389723	0.8541033	1.0	1.0	853	tags=13%, list=3%, signal=14%	
HIV ELONGATION ARREST AND RECOVERY%REACTOME DATABASE ID RELEASE 95%167287	HIV ELONGATION ARREST AND RECOVERY%REACTOME DATABASE ID RELEASE 95%167287		33	-0.22881214	-0.7382408	0.92	1.0	1.0	5048	tags=36%, list=21%, signal=46%	
TRANSFORMING GROWTH FACTOR BETA RECEPTOR SUPERFAMILY SIGNALING PATHWAY%GOBP%GO:0141091	TRANSFORMING GROWTH FACTOR BETA RECEPTOR SUPERFAMILY SIGNALING PATHWAY%GOBP%GO:0141091		125	-0.17655142	-0.7381316	0.9809524	1.0	1.0	4372	tags=22%, list=18%, signal=26%	
PID_EPHRINB_REV_PATHWAY%MSIGDB_C2%PID_EPHRINB_REV_PATHWAY	PID_EPHRINB_REV_PATHWAY%MSIGDB_C2%PID_EPHRINB_REV_PATHWAY		24	-0.23784184	-0.7372048	0.89179105	1.0	1.0	2958	tags=21%, list=12%, signal=24%	
DOWNSTREAM SIGNALING OF ACTIVATED FGFR1%REACTOME DATABASE ID RELEASE 95%5654687	DOWNSTREAM SIGNALING OF ACTIVATED FGFR1%REACTOME DATABASE ID RELEASE 95%5654687		23	-0.24047326	-0.73648185	0.89320385	1.0	1.0	3452	tags=22%, list=14%, signal=25%	
POSITIVE REGULATION OF TELOMERE MAINTENANCE VIA TELOMERASE%GOBP%GO:0032212	POSITIVE REGULATION OF TELOMERE MAINTENANCE VIA TELOMERASE%GOBP%GO:0032212		23	-0.2483262	-0.7362599	0.8862069	1.0	1.0	3583	tags=30%, list=15%, signal=36%	
NANOMATERIAL INDUCED APOPTOSIS%WIKIPATHWAYS_20260211%WP2507%HOMO SAPIENS	NANOMATERIAL INDUCED APOPTOSIS%WIKIPATHWAYS_20260211%WP2507%HOMO SAPIENS		15	-0.27107733	-0.7362543	0.8496732	1.0	1.0	4429	tags=33%, list=18%, signal=41%	
PID_HES_HEY_PATHWAY%MSIGDB_C2%PID_HES_HEY_PATHWAY	PID_HES_HEY_PATHWAY%MSIGDB_C2%PID_HES_HEY_PATHWAY		41	-0.21425588	-0.73621005	0.9321267	1.0	1.0	2336	tags=12%, list=10%, signal=13%	
ENDONUCLEOLYTIC CLEAVAGE OF TRICISTRONIC RRNA TRANSCRIPT (SSU-RRNA, 5.8S RRNA, LSU-RRNA)%GOBP%GO:0000479	ENDONUCLEOLYTIC CLEAVAGE OF TRICISTRONIC RRNA TRANSCRIPT (SSU-RRNA, 5.8S RRNA, LSU-RRNA)%GOBP%GO:0000479		20	-0.25459155	-0.73614264	0.86970687	1.0	1.0	4662	tags=35%, list=19%, signal=43%	
POSITIVE REGULATION OF NEURAL PRECURSOR CELL PROLIFERATION%GOBP%GO:2000179	POSITIVE REGULATION OF NEURAL PRECURSOR CELL PROLIFERATION%GOBP%GO:2000179		24	-0.24321873	-0.73601943	0.8780488	1.0	1.0	1808	tags=13%, list=7%, signal=13%	
POSITIVE REGULATION OF MITOCHONDRIAL MEMBRANE PERMEABILITY%GOBP%GO:0035794	POSITIVE REGULATION OF MITOCHONDRIAL MEMBRANE PERMEABILITY%GOBP%GO:0035794		18	-0.2625196	-0.7356349	0.8433333	1.0	1.0	5230	tags=33%, list=21%, signal=42%	
ACTIVATION OF GTPASE ACTIVITY%GOBP%GO:0090630	ACTIVATION OF GTPASE ACTIVITY%GOBP%GO:0090630		22	-0.23558193	-0.7353975	0.9057971	1.0	1.0	1835	tags=14%, list=7%, signal=15%	
TAT-MEDIATED HIV ELONGATION ARREST AND RECOVERY%REACTOME DATABASE ID RELEASE 95%167243	TAT-MEDIATED HIV ELONGATION ARREST AND RECOVERY%REACTOME DATABASE ID RELEASE 95%167243		31	-0.22846045	-0.7351621	0.9433962	1.0	1.0	5048	tags=35%, list=21%, signal=45%	
THE ROLE OF NEF IN HIV-1 REPLICATION AND DISEASE PATHOGENESIS%REACTOME%R-HSA-164952.3	THE ROLE OF NEF IN HIV-1 REPLICATION AND DISEASE PATHOGENESIS%REACTOME%R-HSA-164952.3		27	-0.23369291	-0.734668	0.896679	1.0	1.0	3691	tags=19%, list=15%, signal=22%	
PROTEIN-CONTAINING COMPLEX REMODELING%GOBP%GO:0034367	PROTEIN-CONTAINING COMPLEX REMODELING%GOBP%GO:0034367		34	-0.22291183	-0.73391944	0.916	1.0	1.0	2381	tags=15%, list=10%, signal=16%	
CELL SURFACE RECEPTOR PROTEIN SERINE/THREONINE KINASE SIGNALING PATHWAY%GOBP%GO:0007178	CELL SURFACE RECEPTOR PROTEIN SERINE/THREONINE KINASE SIGNALING PATHWAY%GOBP%GO:0007178		139	-0.172965	-0.73374146	0.99065423	1.0	1.0	4372	tags=22%, list=18%, signal=26%	
REGULATION OF ERAD PATHWAY%GOBP%GO:1904292	REGULATION OF ERAD PATHWAY%GOBP%GO:1904292		24	-0.24275868	-0.73360145	0.9080882	1.0	1.0	4404	tags=25%, list=18%, signal=30%	
ACTIVATED NOTCH1 TRANSMITS SIGNAL TO THE NUCLEUS%REACTOME DATABASE ID RELEASE 95%2122948	ACTIVATED NOTCH1 TRANSMITS SIGNAL TO THE NUCLEUS%REACTOME DATABASE ID RELEASE 95%2122948		31	-0.22554515	-0.73315436	0.9433962	1.0	1.0	3792	tags=23%, list=15%, signal=27%	
AORTIC VALVE DEVELOPMENT%GOBP%GO:0003176	AORTIC VALVE DEVELOPMENT%GOBP%GO:0003176		44	-0.20683296	-0.733096	0.9557522	1.0	1.0	4699	tags=30%, list=19%, signal=36%	
BIOCARTA_CDMAC_PATHWAY%MSIGDB_C2%BIOCARTA_CDMAC_PATHWAY	BIOCARTA_CDMAC_PATHWAY%MSIGDB_C2%BIOCARTA_CDMAC_PATHWAY		16	-0.26128066	-0.732887	0.85855263	1.0	1.0	1334	tags=13%, list=5%, signal=13%	
PID_FOXM1_PATHWAY%MSIGDB_C2%PID_FOXM1_PATHWAY	PID_FOXM1_PATHWAY%MSIGDB_C2%PID_FOXM1_PATHWAY		37	-0.21847296	-0.7324129	0.8870293	1.0	1.0	1383	tags=8%, list=6%, signal=9%	
LOSS OF PROTEINS REQUIRED FOR INTERPHASE MICROTUBULE ORGANIZATION FROM THE CENTROSOME%REACTOME DATABASE ID RELEASE 95%380284	LOSS OF PROTEINS REQUIRED FOR INTERPHASE MICROTUBULE ORGANIZATION FROM THE CENTROSOME%REACTOME DATABASE ID RELEASE 95%380284		67	-0.19220003	-0.7322065	0.960199	1.0	1.0	4821	tags=27%, list=20%, signal=33%	
RETROGRADE AXONAL TRANSPORT%GOBP%GO:0008090	RETROGRADE AXONAL TRANSPORT%GOBP%GO:0008090		17	-0.25971258	-0.73116523	0.86713284	1.0	1.0	2664	tags=18%, list=11%, signal=20%	
REGULATION OF INTERFERON-ALPHA PRODUCTION%GOBP%GO:0032647	REGULATION OF INTERFERON-ALPHA PRODUCTION%GOBP%GO:0032647		27	-0.23243143	-0.7303647	0.88847584	1.0	1.0	1816	tags=11%, list=7%, signal=12%	
NEGATIVE REGULATION OF CELL MIGRATION INVOLVED IN SPROUTING ANGIOGENESIS%GOBP%GO:0090051	NEGATIVE REGULATION OF CELL MIGRATION INVOLVED IN SPROUTING ANGIOGENESIS%GOBP%GO:0090051		15	-0.27441958	-0.73029786	0.8322368	1.0	1.0	131	tags=7%, list=1%, signal=7%	
PROTEIN HOMOTETRAMERIZATION%GOBP%GO:0051289	PROTEIN HOMOTETRAMERIZATION%GOBP%GO:0051289		61	-0.19414851	-0.72975135	0.9854369	1.0	1.0	678	tags=7%, list=3%, signal=7%	
REGULATION OF ACTIN FILAMENT BUNDLE ASSEMBLY%GOBP%GO:0032231	REGULATION OF ACTIN FILAMENT BUNDLE ASSEMBLY%GOBP%GO:0032231		84	-0.18501754	-0.7295147	0.9597315	1.0	1.0	4518	tags=24%, list=18%, signal=29%	
PAUSING AND RECOVERY OF HIV ELONGATION%REACTOME DATABASE ID RELEASE 95%167290	PAUSING AND RECOVERY OF HIV ELONGATION%REACTOME DATABASE ID RELEASE 95%167290		33	-0.22881214	-0.72940296	0.8955823	1.0	1.0	5048	tags=36%, list=21%, signal=46%	
REGULATION OF CD4-POSITIVE, ALPHA-BETA T CELL ACTIVATION%GOBP%GO:2000514	REGULATION OF CD4-POSITIVE, ALPHA-BETA T CELL ACTIVATION%GOBP%GO:2000514		63	-0.19275466	-0.729291	0.9744898	1.0	1.0	5312	tags=30%, list=22%, signal=38%	
PAUSING AND RECOVERY OF TAT-MEDIATED HIV ELONGATION%REACTOME DATABASE ID RELEASE 95%167238	PAUSING AND RECOVERY OF TAT-MEDIATED HIV ELONGATION%REACTOME DATABASE ID RELEASE 95%167238		31	-0.22846045	-0.7287576	0.906383	1.0	1.0	5048	tags=35%, list=21%, signal=45%	
LOSS OF NLP FROM MITOTIC CENTROSOMES%REACTOME DATABASE ID RELEASE 95%380259	LOSS OF NLP FROM MITOTIC CENTROSOMES%REACTOME DATABASE ID RELEASE 95%380259		67	-0.19220003	-0.72838557	0.9836066	1.0	1.0	4821	tags=27%, list=20%, signal=33%	
SLC25A46 PATHWAY%WIKIPATHWAYS_20260211%WP5521%HOMO SAPIENS	SLC25A46 PATHWAY%WIKIPATHWAYS_20260211%WP5521%HOMO SAPIENS		17	-0.25610682	-0.72608465	0.8871473	1.0	1.0	2678	tags=24%, list=11%, signal=26%	
IRS-MEDIATED SIGNALLING%REACTOME DATABASE ID RELEASE 95%112399	IRS-MEDIATED SIGNALLING%REACTOME DATABASE ID RELEASE 95%112399		39	-0.21117204	-0.7260426	0.9628099	1.0	1.0	3452	tags=18%, list=14%, signal=21%	
TRANSFERRIN ENDOCYTOSIS AND RECYCLING%REACTOME%R-HSA-917977.3	TRANSFERRIN ENDOCYTOSIS AND RECYCLING%REACTOME%R-HSA-917977.3		31	-0.22418322	-0.7258504	0.9444444	1.0	1.0	3723	tags=23%, list=15%, signal=27%	
PHOTORECEPTOR CELL DIFFERENTIATION%GOBP%GO:0046530	PHOTORECEPTOR CELL DIFFERENTIATION%GOBP%GO:0046530		38	-0.21403457	-0.7251039	0.9389671	1.0	1.0	2177	tags=13%, list=9%, signal=14%	
BIOCARTA_PDGF_PATHWAY%MSIGDB_C2%BIOCARTA_PDGF_PATHWAY	BIOCARTA_PDGF_PATHWAY%MSIGDB_C2%BIOCARTA_PDGF_PATHWAY		23	-0.23983324	-0.72481143	0.8842105	1.0	1.0	2806	tags=13%, list=11%, signal=15%	
NOTCH-MEDIATED HES HEY NETWORK%PATHWAY INTERACTION DATABASE NCI-NATURE CURATED DATA%NOTCH-MEDIATED HES HEY NETWORK	NOTCH-MEDIATED HES HEY NETWORK%PATHWAY INTERACTION DATABASE NCI-NATURE CURATED DATA%NOTCH-MEDIATED HES HEY NETWORK		47	-0.19875233	-0.7246483	0.9521739	1.0	1.0	2336	tags=11%, list=10%, signal=12%	
PID_IL12_2PATHWAY%MSIGDB_C2%PID_IL12_2PATHWAY	PID_IL12_2PATHWAY%MSIGDB_C2%PID_IL12_2PATHWAY		51	-0.20202503	-0.72447896	0.92941177	1.0	1.0	4045	tags=18%, list=17%, signal=21%	
REGULATION OF FEEDING BEHAVIOR%GOBP%GO:0060259	REGULATION OF FEEDING BEHAVIOR%GOBP%GO:0060259		20	-0.24699607	-0.72433627	0.89041096	1.0	1.0	1713	tags=10%, list=7%, signal=11%	
REGULATION OF MORPHOGENESIS OF AN EPITHELIUM%GOBP%GO:1905330	REGULATION OF MORPHOGENESIS OF AN EPITHELIUM%GOBP%GO:1905330		40	-0.21043463	-0.7241614	0.94009215	1.0	1.0	2927	tags=15%, list=12%, signal=17%	
THE NLRP3 INFLAMMASOME%REACTOME%R-HSA-844456.10	THE NLRP3 INFLAMMASOME%REACTOME%R-HSA-844456.10		16	-0.26780748	-0.72312087	0.8825397	1.0	1.0	2118	tags=19%, list=9%, signal=21%	
LIPID DROPLET ORGANIZATION%GOBP%GO:0034389	LIPID DROPLET ORGANIZATION%GOBP%GO:0034389		37	-0.21130621	-0.72304136	0.9529914	1.0	1.0	2491	tags=16%, list=10%, signal=18%	
EMBRYONIC HEMOPOIESIS%GOBP%GO:0035162	EMBRYONIC HEMOPOIESIS%GOBP%GO:0035162		16	-0.2623659	-0.7226751	0.84565914	1.0	1.0	3897	tags=31%, list=16%, signal=37%	
PID_AJDISS_2PATHWAY%MSIGDB_C2%PID_AJDISS_2PATHWAY	PID_AJDISS_2PATHWAY%MSIGDB_C2%PID_AJDISS_2PATHWAY		39	-0.21493998	-0.7226116	0.92941177	1.0	1.0	3337	tags=21%, list=14%, signal=24%	
INTRACELLULAR IRON ION HOMEOSTASIS%GOBP%GO:0006879	INTRACELLULAR IRON ION HOMEOSTASIS%GOBP%GO:0006879		64	-0.18865214	-0.72204834	0.98224854	1.0	1.0	3877	tags=19%, list=16%, signal=22%	
C-MYB TRANSCRIPTION FACTOR NETWORK%PATHWAY INTERACTION DATABASE NCI-NATURE CURATED DATA%C-MYB TRANSCRIPTION FACTOR NETWORK	C-MYB TRANSCRIPTION FACTOR NETWORK%PATHWAY INTERACTION DATABASE NCI-NATURE CURATED DATA%C-MYB TRANSCRIPTION FACTOR NETWORK		84	-0.18267371	-0.72194314	0.994012	1.0	1.0	2047	tags=11%, list=8%, signal=12%	
C-MYC PATHWAY%PATHWAY INTERACTION DATABASE NCI-NATURE CURATED DATA%C-MYC PATHWAY	C-MYC PATHWAY%PATHWAY INTERACTION DATABASE NCI-NATURE CURATED DATA%C-MYC PATHWAY		25	-0.24128874	-0.7218712	0.88560885	1.0	1.0	5629	tags=44%, list=23%, signal=57%	
PYRIMIDINE METABOLISM%WIKIPATHWAYS_20260211%WP4022%HOMO SAPIENS	PYRIMIDINE METABOLISM%WIKIPATHWAYS_20260211%WP4022%HOMO SAPIENS		71	-0.19057783	-0.7216477	0.98214287	1.0	1.0	4020	tags=21%, list=16%, signal=25%	
SIGNALING EVENTS MEDIATED BY THE HEDGEHOG FAMILY%PATHWAY INTERACTION DATABASE NCI-NATURE CURATED DATA%SIGNALING EVENTS MEDIATED BY THE HEDGEHOG FAMILY	SIGNALING EVENTS MEDIATED BY THE HEDGEHOG FAMILY%PATHWAY INTERACTION DATABASE NCI-NATURE CURATED DATA%SIGNALING EVENTS MEDIATED BY THE HEDGEHOG FAMILY		22	-0.23768516	-0.7215647	0.887372	1.0	1.0	4315	tags=32%, list=18%, signal=39%	
CONSTITUTIVE SIGNALING BY AKT1 E17K IN CANCER%REACTOME DATABASE ID RELEASE 95%5674400	CONSTITUTIVE SIGNALING BY AKT1 E17K IN CANCER%REACTOME DATABASE ID RELEASE 95%5674400		25	-0.23345718	-0.72129524	0.8916084	1.0	1.0	5998	tags=28%, list=24%, signal=37%	
EGF SIGNALLING PATHWAY%SMPDB%SMP0063810	EGF SIGNALLING PATHWAY%SMPDB%SMP0063810		26	-0.23599865	-0.72036815	0.8952703	1.0	1.0	2823	tags=15%, list=12%, signal=17%	
REGULATION OF T-HELPER 17 TYPE IMMUNE RESPONSE%GOBP%GO:2000316	REGULATION OF T-HELPER 17 TYPE IMMUNE RESPONSE%GOBP%GO:2000316		29	-0.2278639	-0.7203582	0.90438247	1.0	1.0	1298	tags=10%, list=5%, signal=11%	
PID_ECADHERIN_NASCENT_AJ_PATHWAY%MSIGDB_C2%PID_ECADHERIN_NASCENT_AJ_PATHWAY	PID_ECADHERIN_NASCENT_AJ_PATHWAY%MSIGDB_C2%PID_ECADHERIN_NASCENT_AJ_PATHWAY		29	-0.22321129	-0.7201867	0.875	1.0	1.0	5479	tags=34%, list=22%, signal=44%	
POSITIVE REGULATION OF CELL-SUBSTRATE JUNCTION ORGANIZATION%GOBP%GO:0150117	POSITIVE REGULATION OF CELL-SUBSTRATE JUNCTION ORGANIZATION%GOBP%GO:0150117		26	-0.22681148	-0.7196355	0.9347826	1.0	1.0	5575	tags=35%, list=23%, signal=45%	
RESPONSE TO NERVE GROWTH FACTOR%GOBP%GO:1990089	RESPONSE TO NERVE GROWTH FACTOR%GOBP%GO:1990089		23	-0.23785563	-0.719468	0.89419794	1.0	1.0	3590	tags=17%, list=15%, signal=20%	
REGULATION OF CALCIUM ION-DEPENDENT EXOCYTOSIS%GOBP%GO:0017158	REGULATION OF CALCIUM ION-DEPENDENT EXOCYTOSIS%GOBP%GO:0017158		36	-0.21245399	-0.71800494	0.9404255	1.0	1.0	2696	tags=19%, list=11%, signal=22%	
MESONEPHROS DEVELOPMENT%GOBP%GO:0001823	MESONEPHROS DEVELOPMENT%GOBP%GO:0001823		37	-0.21284625	-0.7172837	0.9504505	1.0	1.0	4345	tags=24%, list=18%, signal=30%	
SIGNALING BY NOTCH3%REACTOME%R-HSA-9012852.3	SIGNALING BY NOTCH3%REACTOME%R-HSA-9012852.3		48	-0.19773024	-0.71718425	0.9626556	1.0	1.0	3792	tags=19%, list=15%, signal=22%	
UROKINASE-TYPE PLASMINOGEN ACTIVATOR (UPA) AND UPAR-MEDIATED SIGNALING%PATHWAY INTERACTION DATABASE NCI-NATURE CURATED DATA%UROKINASE-TYPE PLASMINOGEN ACTIVATOR (UPA) AND UPAR-MEDIATED SIGNALING	UROKINASE-TYPE PLASMINOGEN ACTIVATOR (UPA) AND UPAR-MEDIATED SIGNALING%PATHWAY INTERACTION DATABASE NCI-NATURE CURATED DATA%UROKINASE-TYPE PLASMINOGEN ACTIVATOR (UPA) AND UPAR-MEDIATED SIGNALING		42	-0.20420608	-0.7165507	0.92957747	1.0	1.0	2973	tags=12%, list=12%, signal=14%	
LIMB MORPHOGENESIS%GOBP%GO:0035108	LIMB MORPHOGENESIS%GOBP%GO:0035108		44	-0.2036686	-0.71641713	0.955102	1.0	1.0	3706	tags=23%, list=15%, signal=27%	
AORTIC VALVE MORPHOGENESIS%GOBP%GO:0003180	AORTIC VALVE MORPHOGENESIS%GOBP%GO:0003180		39	-0.21129918	-0.7162781	0.95019156	1.0	1.0	3108	tags=21%, list=13%, signal=23%	
RESPIRATORY SYNCYTIAL VIRUS (RSV) ATTACHMENT AND ENTRY%REACTOME%R-HSA-9820960.2	RESPIRATORY SYNCYTIAL VIRUS (RSV) ATTACHMENT AND ENTRY%REACTOME%R-HSA-9820960.2		23	-0.23642372	-0.71625644	0.91929823	1.0	1.0	17	tags=4%, list=0%, signal=4%	
BASE EXCISION REPAIR%WIKIPATHWAYS_20260211%WP4752%HOMO SAPIENS	BASE EXCISION REPAIR%WIKIPATHWAYS_20260211%WP4752%HOMO SAPIENS		27	-0.2215734	-0.7159871	0.9337979	1.0	1.0	4010	tags=22%, list=16%, signal=27%	
HEXOSE CATABOLIC PROCESS%GOBP%GO:0019320	HEXOSE CATABOLIC PROCESS%GOBP%GO:0019320		40	-0.1987172	-0.71494126	0.95708156	1.0	1.0	2052	tags=13%, list=8%, signal=14%	
SIGNALING BY PTK6%REACTOME DATABASE ID RELEASE 95%8848021	SIGNALING BY PTK6%REACTOME DATABASE ID RELEASE 95%8848021		51	-0.19764633	-0.714886	0.9521531	1.0	1.0	4645	tags=18%, list=19%, signal=22%	
PROSTAGLANDIN METABOLIC PROCESS%GOBP%GO:0006693	PROSTAGLANDIN METABOLIC PROCESS%GOBP%GO:0006693		29	-0.21939638	-0.71456295	0.9137255	1.0	1.0	2142	tags=10%, list=9%, signal=11%	
PID_MET_PATHWAY%MSIGDB_C2%PID_MET_PATHWAY	PID_MET_PATHWAY%MSIGDB_C2%PID_MET_PATHWAY		64	-0.18885879	-0.71439075	0.97927463	1.0	1.0	3357	tags=20%, list=14%, signal=23%	
PHOTODYNAMIC THERAPY INDUCED AP 1 SURVIVAL SIGNALING%WIKIPATHWAYS_20260211%WP3611%HOMO SAPIENS	PHOTODYNAMIC THERAPY INDUCED AP 1 SURVIVAL SIGNALING%WIKIPATHWAYS_20260211%WP3611%HOMO SAPIENS		42	-0.20480242	-0.7136424	0.962963	1.0	1.0	3423	tags=19%, list=14%, signal=22%	
SIGNALING BY TYPE 1 INSULIN-LIKE GROWTH FACTOR 1 RECEPTOR (IGF1R)%REACTOME DATABASE ID RELEASE 95%2404192	SIGNALING BY TYPE 1 INSULIN-LIKE GROWTH FACTOR 1 RECEPTOR (IGF1R)%REACTOME DATABASE ID RELEASE 95%2404192		44	-0.20473592	-0.71334684	0.93939394	1.0	1.0	3452	tags=18%, list=14%, signal=21%	
BIOCARTA_HDAC_PATHWAY%MSIGDB_C2%BIOCARTA_HDAC_PATHWAY	BIOCARTA_HDAC_PATHWAY%MSIGDB_C2%BIOCARTA_HDAC_PATHWAY		19	-0.2524315	-0.71330917	0.8741497	1.0	1.0	1717	tags=11%, list=7%, signal=11%	
REGULATION OF VASCULAR ASSOCIATED SMOOTH MUSCLE CELL PROLIFERATION%GOBP%GO:1904705	REGULATION OF VASCULAR ASSOCIATED SMOOTH MUSCLE CELL PROLIFERATION%GOBP%GO:1904705		38	-0.21228962	-0.7132215	0.95327103	1.0	1.0	2737	tags=16%, list=11%, signal=18%	
TERMINATION OF TRANSLESION DNA SYNTHESIS%REACTOME DATABASE ID RELEASE 95%5656169	TERMINATION OF TRANSLESION DNA SYNTHESIS%REACTOME DATABASE ID RELEASE 95%5656169		32	-0.21629658	-0.71228516	0.9033457	1.0	1.0	5676	tags=38%, list=23%, signal=49%	
UNSATURATED FATTY ACID BIOSYNTHETIC PROCESS%GOBP%GO:0006636	UNSATURATED FATTY ACID BIOSYNTHETIC PROCESS%GOBP%GO:0006636		27	-0.22293745	-0.711981	0.91129035	1.0	1.0	2814	tags=11%, list=11%, signal=13%	
CELLULAR RESPONSE TO BMP STIMULUS%GOBP%GO:0071773	CELLULAR RESPONSE TO BMP STIMULUS%GOBP%GO:0071773		60	-0.18810429	-0.7115897	0.98536587	1.0	1.0	415	tags=5%, list=2%, signal=5%	
RESPONSE TO BMP%GOBP%GO:0071772	RESPONSE TO BMP%GOBP%GO:0071772		60	-0.18810429	-0.70933175	0.9710145	1.0	1.0	415	tags=5%, list=2%, signal=5%	
GLIAL CELL MIGRATION%GOBP%GO:0008347	GLIAL CELL MIGRATION%GOBP%GO:0008347		18	-0.251157	-0.70916086	0.8874172	1.0	1.0	4843	tags=33%, list=20%, signal=42%	
PHOSPHATIDYLINOSITOL 3-KINASE/PROTEIN KINASE B SIGNAL TRANSDUCTION%GOBP%GO:0043491	PHOSPHATIDYLINOSITOL 3-KINASE/PROTEIN KINASE B SIGNAL TRANSDUCTION%GOBP%GO:0043491		43	-0.20135227	-0.7084599	0.9684685	1.0	1.0	2433	tags=12%, list=10%, signal=13%	
REGULATION OF COLLAGEN BIOSYNTHETIC PROCESS%GOBP%GO:0032965	REGULATION OF COLLAGEN BIOSYNTHETIC PROCESS%GOBP%GO:0032965		18	-0.25260884	-0.707333	0.8630137	1.0	1.0	3421	tags=22%, list=14%, signal=26%	
BIOCARTA_BCR_PATHWAY%MSIGDB_C2%BIOCARTA_BCR_PATHWAY	BIOCARTA_BCR_PATHWAY%MSIGDB_C2%BIOCARTA_BCR_PATHWAY		29	-0.2161877	-0.70694757	0.95849055	1.0	1.0	1334	tags=10%, list=5%, signal=11%	
MITOTIC CELL CYCLE PHASE TRANSITION%GOBP%GO:0044772	MITOTIC CELL CYCLE PHASE TRANSITION%GOBP%GO:0044772		117	-0.17105414	-0.70597064	1.0	1.0	1.0	4835	tags=26%, list=20%, signal=32%	
LATE ENDOSOMAL MICROAUTOPHAGY%REACTOME DATABASE ID RELEASE 95%9615710	LATE ENDOSOMAL MICROAUTOPHAGY%REACTOME DATABASE ID RELEASE 95%9615710		33	-0.2162112	-0.70563436	0.9418182	1.0	1.0	2651	tags=15%, list=11%, signal=17%	
CALCIUM-INDEPENDENT CELL-CELL ADHESION%GOBP%GO:0016338	CALCIUM-INDEPENDENT CELL-CELL ADHESION%GOBP%GO:0016338		20	-0.24231263	-0.7051293	0.92387545	1.0	1.0	785	tags=10%, list=3%, signal=10%	
TRAIL%IOB%TRAIL	TRAIL%IOB%TRAIL		43	-0.19950694	-0.7044428	0.9495413	1.0	1.0	4429	tags=26%, list=18%, signal=31%	
SIGNALING BY NON-RECEPTOR TYROSINE KINASES%REACTOME DATABASE ID RELEASE 95%9006927	SIGNALING BY NON-RECEPTOR TYROSINE KINASES%REACTOME DATABASE ID RELEASE 95%9006927		51	-0.19764633	-0.7043373	0.9798995	1.0	1.0	4645	tags=18%, list=19%, signal=22%	
ROS AND RNS PRODUCTION IN PHAGOCYTES%REACTOME%R-HSA-1222556.11	ROS AND RNS PRODUCTION IN PHAGOCYTES%REACTOME%R-HSA-1222556.11		36	-0.21349974	-0.70348793	0.9531915	1.0	1.0	3872	tags=28%, list=16%, signal=33%	
SPROUTING ANGIOGENESIS%GOBP%GO:0002040	SPROUTING ANGIOGENESIS%GOBP%GO:0002040		54	-0.1888053	-0.70299274	0.99526066	1.0	1.0	2760	tags=13%, list=11%, signal=15%	
CELLULAR RESPONSE TO NERVE GROWTH FACTOR STIMULUS%GOBP%GO:1990090	CELLULAR RESPONSE TO NERVE GROWTH FACTOR STIMULUS%GOBP%GO:1990090		23	-0.23785563	-0.7027974	0.93227094	1.0	1.0	3590	tags=17%, list=15%, signal=20%	
EGF RECEPTOR (ERBB1) SIGNALING PATHWAY%PATHWAY INTERACTION DATABASE NCI-NATURE CURATED DATA%EGF RECEPTOR (ERBB1) SIGNALING PATHWAY	EGF RECEPTOR (ERBB1) SIGNALING PATHWAY%PATHWAY INTERACTION DATABASE NCI-NATURE CURATED DATA%EGF RECEPTOR (ERBB1) SIGNALING PATHWAY		32	-0.2134848	-0.700759	0.92741936	1.0	1.0	3452	tags=19%, list=14%, signal=22%	
PDGFR BETA PATHWAY%WIKIPATHWAYS_20260211%WP3972%HOMO SAPIENS	PDGFR BETA PATHWAY%WIKIPATHWAYS_20260211%WP3972%HOMO SAPIENS		22	-0.22997405	-0.7003031	0.9007092	1.0	1.0	1334	tags=9%, list=5%, signal=10%	
IRON-SULFUR CLUSTER ASSEMBLY%GOBP%GO:0016226	IRON-SULFUR CLUSTER ASSEMBLY%GOBP%GO:0016226		26	-0.22677095	-0.70027626	0.9411765	1.0	1.0	2010	tags=12%, list=8%, signal=13%	
APPENDAGE MORPHOGENESIS%GOBP%GO:0035107	APPENDAGE MORPHOGENESIS%GOBP%GO:0035107		44	-0.2036686	-0.70003027	0.9737991	1.0	1.0	3706	tags=23%, list=15%, signal=27%	
CELLULAR RESPONSE TO UV%GOBP%GO:0034644	CELLULAR RESPONSE TO UV%GOBP%GO:0034644		74	-0.17681685	-0.69880974	1.0	1.0	1.0	5561	tags=32%, list=23%, signal=42%	
RHOBTB GTPASE CYCLE%REACTOME%R-HSA-9706574.4	RHOBTB GTPASE CYCLE%REACTOME%R-HSA-9706574.4		35	-0.209485	-0.69859886	0.96581197	1.0	1.0	4585	tags=29%, list=19%, signal=35%	
INFLUENZA VIRAL RNA TRANSCRIPTION AND REPLICATION%REACTOME DATABASE ID RELEASE 95%168273	INFLUENZA VIRAL RNA TRANSCRIPTION AND REPLICATION%REACTOME DATABASE ID RELEASE 95%168273		133	-0.16315167	-0.6983533	1.0	1.0	1.0	6023	tags=30%, list=25%, signal=40%	
MRNA CAPPING%REACTOME DATABASE ID RELEASE 95%72086	MRNA CAPPING%REACTOME DATABASE ID RELEASE 95%72086		29	-0.21986428	-0.6979413	0.9653846	1.0	1.0	6111	tags=45%, list=25%, signal=60%	
HEAD AND NECK SQUAMOUS CELL CARCINOMA%WIKIPATHWAYS_20260211%WP4674%HOMO SAPIENS	HEAD AND NECK SQUAMOUS CELL CARCINOMA%WIKIPATHWAYS_20260211%WP4674%HOMO SAPIENS		65	-0.1892219	-0.6977171	0.974359	1.0	1.0	5704	tags=32%, list=23%, signal=42%	
DOPAMINE NEUROTRANSMITTER RELEASE CYCLE%REACTOME%R-HSA-212676.5	DOPAMINE NEUROTRANSMITTER RELEASE CYCLE%REACTOME%R-HSA-212676.5		22	-0.23140854	-0.6977003	0.91785717	1.0	1.0	3031	tags=23%, list=12%, signal=26%	
REGULATION OF SYNCYTIUM FORMATION BY PLASMA MEMBRANE FUSION%GOBP%GO:0060142	REGULATION OF SYNCYTIUM FORMATION BY PLASMA MEMBRANE FUSION%GOBP%GO:0060142		62	-0.18458869	-0.69712937	0.97619045	1.0	1.0	6023	tags=34%, list=25%, signal=45%	
PROTEIN LIPIDATION%GOBP%GO:0006497	PROTEIN LIPIDATION%GOBP%GO:0006497		34	-0.20848571	-0.695242	0.9490196	1.0	1.0	1589	tags=9%, list=6%, signal=9%	
PID_P73PATHWAY%MSIGDB_C2%PID_P73PATHWAY	PID_P73PATHWAY%MSIGDB_C2%PID_P73PATHWAY		65	-0.1842032	-0.695178	0.989011	1.0	1.0	4818	tags=26%, list=20%, signal=32%	
SARS-COV-2 MODULATES HOST TRANSLATION MACHINERY%REACTOME DATABASE ID RELEASE 95%9754678	SARS-COV-2 MODULATES HOST TRANSLATION MACHINERY%REACTOME DATABASE ID RELEASE 95%9754678		49	-0.19041112	-0.6951259	0.97727275	1.0	1.0	5381	tags=27%, list=22%, signal=34%	
NEURON MATURATION%GOBP%GO:0042551	NEURON MATURATION%GOBP%GO:0042551		27	-0.22006604	-0.69426566	0.9432624	1.0	1.0	1475	tags=7%, list=6%, signal=8%	
METALLO-SULFUR CLUSTER ASSEMBLY%GOBP%GO:0031163	METALLO-SULFUR CLUSTER ASSEMBLY%GOBP%GO:0031163		26	-0.22677095	-0.6942375	0.93454546	1.0	1.0	2010	tags=12%, list=8%, signal=13%	
REVERSE CHOLESTEROL TRANSPORT%GOBP%GO:0043691	REVERSE CHOLESTEROL TRANSPORT%GOBP%GO:0043691		17	-0.24746175	-0.6938324	0.8947368	1.0	1.0	2381	tags=18%, list=10%, signal=20%	
LIPOPROTEIN BIOSYNTHETIC PROCESS%GOBP%GO:0042158	LIPOPROTEIN BIOSYNTHETIC PROCESS%GOBP%GO:0042158		35	-0.2065588	-0.6937929	0.95522386	1.0	1.0	1589	tags=9%, list=6%, signal=9%	
CELLULAR RESPONSE TO EPIDERMAL GROWTH FACTOR STIMULUS%GOBP%GO:0071364	CELLULAR RESPONSE TO EPIDERMAL GROWTH FACTOR STIMULUS%GOBP%GO:0071364		29	-0.21446478	-0.6934905	0.9610895	1.0	1.0	2904	tags=17%, list=12%, signal=20%	
TELOMERE MAINTENANCE IN RESPONSE TO DNA DAMAGE%GOBP%GO:0043247	TELOMERE MAINTENANCE IN RESPONSE TO DNA DAMAGE%GOBP%GO:0043247		15	-0.25367147	-0.6933223	0.9044586	1.0	1.0	4563	tags=33%, list=19%, signal=41%	
INFLUENZA INFECTION%REACTOME%R-HSA-168255.6	INFLUENZA INFECTION%REACTOME%R-HSA-168255.6		155	-0.15992163	-0.6931057	1.0	1.0	1.0	6023	tags=31%, list=25%, signal=41%	
PHOSPHOLIPID DEPHOSPHORYLATION%GOBP%GO:0046839	PHOSPHOLIPID DEPHOSPHORYLATION%GOBP%GO:0046839		32	-0.20790642	-0.691139	0.9561753	1.0	1.0	3861	tags=25%, list=16%, signal=30%	
FOXM1 TRANSCRIPTION FACTOR NETWORK%PATHWAY INTERACTION DATABASE NCI-NATURE CURATED DATA%FOXM1 TRANSCRIPTION FACTOR NETWORK	FOXM1 TRANSCRIPTION FACTOR NETWORK%PATHWAY INTERACTION DATABASE NCI-NATURE CURATED DATA%FOXM1 TRANSCRIPTION FACTOR NETWORK		41	-0.19959943	-0.6899383	0.97183096	1.0	1.0	1383	tags=7%, list=6%, signal=8%	
UBIQUITIN-DEPENDENT PROTEIN CATABOLIC PROCESS VIA THE C-END DEGRON RULE PATHWAY%GOBP%GO:0140627	UBIQUITIN-DEPENDENT PROTEIN CATABOLIC PROCESS VIA THE C-END DEGRON RULE PATHWAY%GOBP%GO:0140627		16	-0.24933691	-0.6883544	0.9055944	1.0	1.0	2654	tags=19%, list=11%, signal=21%	
NEGATIVE REGULATION OF ENDOTHELIAL CELL MIGRATION%GOBP%GO:0010596	NEGATIVE REGULATION OF ENDOTHELIAL CELL MIGRATION%GOBP%GO:0010596		51	-0.1926752	-0.6882649	0.9780702	1.0	1.0	5480	tags=31%, list=22%, signal=40%	
HEMATOPOIETIC STEM CELL GENE REGULATION BY GABP ALPHA BETA COMPLEX%WIKIPATHWAYS_20260211%WP3657%HOMO SAPIENS	HEMATOPOIETIC STEM CELL GENE REGULATION BY GABP ALPHA BETA COMPLEX%WIKIPATHWAYS_20260211%WP3657%HOMO SAPIENS		16	-0.2420006	-0.687858	0.9142857	1.0	1.0	4624	tags=25%, list=19%, signal=31%	
ALPHA-BETA T CELL ACTIVATION INVOLVED IN IMMUNE RESPONSE%GOBP%GO:0002287	ALPHA-BETA T CELL ACTIVATION INVOLVED IN IMMUNE RESPONSE%GOBP%GO:0002287		39	-0.20166914	-0.68651104	0.9694657	1.0	1.0	940	tags=8%, list=4%, signal=8%	
HOST-MEDIATED PERTURBATION OF VIRAL TRANSCRIPTION%GOBP%GO:0043921	HOST-MEDIATED PERTURBATION OF VIRAL TRANSCRIPTION%GOBP%GO:0043921		27	-0.22229634	-0.686318	0.93333334	1.0	1.0	2696	tags=19%, list=11%, signal=21%	
EYE PHOTORECEPTOR CELL DIFFERENTIATION%GOBP%GO:0001754	EYE PHOTORECEPTOR CELL DIFFERENTIATION%GOBP%GO:0001754		28	-0.21872212	-0.6862518	0.9352227	1.0	1.0	2177	tags=14%, list=9%, signal=16%	
GLUTAMATE NEUROTRANSMITTER RELEASE CYCLE%REACTOME%R-HSA-210500.6	GLUTAMATE NEUROTRANSMITTER RELEASE CYCLE%REACTOME%R-HSA-210500.6		23	-0.22496478	-0.68618256	0.9398734	1.0	1.0	3031	tags=22%, list=12%, signal=25%	
CORTICAL CYTOSKELETON ORGANIZATION%GOBP%GO:0030865	CORTICAL CYTOSKELETON ORGANIZATION%GOBP%GO:0030865		41	-0.19626054	-0.6857425	0.9623431	1.0	1.0	4851	tags=22%, list=20%, signal=27%	
UPTAKE AND ACTIONS OF BACTERIAL TOXINS%REACTOME%R-HSA-5339562.5	UPTAKE AND ACTIONS OF BACTERIAL TOXINS%REACTOME%R-HSA-5339562.5		25	-0.22482517	-0.68525517	0.9469697	1.0	1.0	2806	tags=20%, list=11%, signal=23%	
DOWNSTREAM SIGNALING OF ACTIVATED FGFR4%REACTOME DATABASE ID RELEASE 95%5654716	DOWNSTREAM SIGNALING OF ACTIVATED FGFR4%REACTOME DATABASE ID RELEASE 95%5654716		22	-0.23146893	-0.68522984	0.9139785	1.0	1.0	3452	tags=23%, list=14%, signal=26%	
HEPARAN SULFATE PROTEOGLYCAN BIOSYNTHETIC PROCESS%GOBP%GO:0015012	HEPARAN SULFATE PROTEOGLYCAN BIOSYNTHETIC PROCESS%GOBP%GO:0015012		27	-0.21241401	-0.6846204	0.9484127	1.0	1.0	1980	tags=11%, list=8%, signal=12%	
REGULATION OF PYRUVATE DEHYDROGENASE (PDH) COMPLEX%REACTOME%R-HSA-204174.5	REGULATION OF PYRUVATE DEHYDROGENASE (PDH) COMPLEX%REACTOME%R-HSA-204174.5		15	-0.2517789	-0.6838949	0.90066224	1.0	1.0	1583	tags=13%, list=6%, signal=14%	
TERMINATION OF RNA POLYMERASE I TRANSCRIPTION%GOBP%GO:0006363	TERMINATION OF RNA POLYMERASE I TRANSCRIPTION%GOBP%GO:0006363		15	-0.25738755	-0.68374455	0.89836067	1.0	1.0	5728	tags=47%, list=23%, signal=61%	
FGFR2 ALTERNATIVE SPLICING%REACTOME%R-HSA-6803529.3	FGFR2 ALTERNATIVE SPLICING%REACTOME%R-HSA-6803529.3		26	-0.22368746	-0.6833848	0.9127517	1.0	1.0	5957	tags=42%, list=24%, signal=56%	
REGULATION OF DNA STRAND ELONGATION%GOBP%GO:0060382	REGULATION OF DNA STRAND ELONGATION%GOBP%GO:0060382		17	-0.24400558	-0.6831937	0.8815789	1.0	1.0	3021	tags=24%, list=12%, signal=27%	
POLYMERASE SWITCHING ON THE C-STRAND OF THE TELOMERE%REACTOME DATABASE ID RELEASE 95%174411	POLYMERASE SWITCHING ON THE C-STRAND OF THE TELOMERE%REACTOME DATABASE ID RELEASE 95%174411		26	-0.21803021	-0.6830506	0.94186044	1.0	1.0	1521	tags=12%, list=6%, signal=12%	
MITOPHAGY%GOBP%GO:0000423	MITOPHAGY%GOBP%GO:0000423		50	-0.19323629	-0.6821843	0.9641256	1.0	1.0	543	tags=4%, list=2%, signal=4%	
CANCER IMMUNOTHERAPY BY PD 1 BLOCKADE%WIKIPATHWAYS_20260211%WP4585%HOMO SAPIENS	CANCER IMMUNOTHERAPY BY PD 1 BLOCKADE%WIKIPATHWAYS_20260211%WP4585%HOMO SAPIENS		21	-0.22881357	-0.6810296	0.9433333	1.0	1.0	1061	tags=10%, list=4%, signal=10%	
BMAL1:CLOCK,NPAS2 ACTIVATES CIRCADIAN EXPRESSION%REACTOME%R-HSA-1368108.9	BMAL1:CLOCK,NPAS2 ACTIVATES CIRCADIAN EXPRESSION%REACTOME%R-HSA-1368108.9		26	-0.21756724	-0.6801659	0.9340278	1.0	1.0	19170	tags=100%, list=78%, signal=460%	
REGULATION OF ACTIN NUCLEATION%GOBP%GO:0051125	REGULATION OF ACTIN NUCLEATION%GOBP%GO:0051125		33	-0.21121807	-0.6790552	0.98832685	1.0	1.0	4271	tags=24%, list=17%, signal=29%	
SYNAPTIC_VESICLE_TRAFFICKING%PANTHER PATHWAY%P05734	SYNAPTIC_VESICLE_TRAFFICKING%PANTHER PATHWAY%P05734		20	-0.2298762	-0.678903	0.9063545	1.0	1.0	2738	tags=20%, list=11%, signal=22%	
GAB1 SIGNALOSOME%REACTOME%R-HSA-180292.5	GAB1 SIGNALOSOME%REACTOME%R-HSA-180292.5		16	-0.24530932	-0.67774165	0.9189189	1.0	1.0	5178	tags=25%, list=21%, signal=32%	
NEPHRIN NEPH1 SIGNALING IN THE KIDNEY PODOCYTE%PATHWAY INTERACTION DATABASE NCI-NATURE CURATED DATA%NEPHRIN NEPH1 SIGNALING IN THE KIDNEY PODOCYTE	NEPHRIN NEPH1 SIGNALING IN THE KIDNEY PODOCYTE%PATHWAY INTERACTION DATABASE NCI-NATURE CURATED DATA%NEPHRIN NEPH1 SIGNALING IN THE KIDNEY PODOCYTE		28	-0.21338838	-0.6765567	0.9409449	1.0	1.0	2806	tags=18%, list=11%, signal=20%	
BACTERIAL INFECTION PATHWAYS%REACTOME DATABASE ID RELEASE 95%9824439	BACTERIAL INFECTION PATHWAYS%REACTOME DATABASE ID RELEASE 95%9824439		78	-0.1682705	-0.67603683	0.9869281	1.0	1.0	5032	tags=26%, list=21%, signal=32%	
PROTEIN TRIMERIZATION%GOBP%GO:0070206	PROTEIN TRIMERIZATION%GOBP%GO:0070206		15	-0.24281849	-0.6735927	0.94237286	1.0	1.0	1340	tags=13%, list=5%, signal=14%	
INTERFERON ALPHA BETA SIGNALING%REACTOME DATABASE ID RELEASE 95%909733	INTERFERON ALPHA BETA SIGNALING%REACTOME DATABASE ID RELEASE 95%909733		75	-0.17266008	-0.6724841	0.98870057	1.0	1.0	3852	tags=15%, list=16%, signal=17%	
T-HELPER CELL DIFFERENTIATION%GOBP%GO:0042093	T-HELPER CELL DIFFERENTIATION%GOBP%GO:0042093		50	-0.18211307	-0.6721669	0.9695652	1.0	1.0	4201	tags=18%, list=17%, signal=22%	
POSITIVE REGULATION OF HEART GROWTH%GOBP%GO:0060421	POSITIVE REGULATION OF HEART GROWTH%GOBP%GO:0060421		20	-0.23022968	-0.6720757	0.9198606	1.0	1.0	4639	tags=35%, list=19%, signal=43%	
POSITIVE REGULATION OF ORGAN GROWTH%GOBP%GO:0046622	POSITIVE REGULATION OF ORGAN GROWTH%GOBP%GO:0046622		20	-0.23022968	-0.6720381	0.9288136	1.0	1.0	4639	tags=35%, list=19%, signal=43%	
BIOCARTA_RAC1_PATHWAY%MSIGDB_C2%BIOCARTA_RAC1_PATHWAY	BIOCARTA_RAC1_PATHWAY%MSIGDB_C2%BIOCARTA_RAC1_PATHWAY		18	-0.23355007	-0.67189264	0.95286196	1.0	1.0	1906	tags=11%, list=8%, signal=12%	
REGULATION OF PROTEIN DEACETYLATION%GOBP%GO:0090311	REGULATION OF PROTEIN DEACETYLATION%GOBP%GO:0090311		16	-0.24918376	-0.6694907	0.94080997	1.0	1.0	5563	tags=38%, list=23%, signal=48%	
SULFUR AMINO ACID METABOLIC PROCESS%GOBP%GO:0000096	SULFUR AMINO ACID METABOLIC PROCESS%GOBP%GO:0000096		32	-0.20693916	-0.66914064	0.984375	1.0	1.0	1600	tags=9%, list=7%, signal=10%	
SARS-COV-1 INFECTION%REACTOME%R-HSA-9678108.8	SARS-COV-1 INFECTION%REACTOME%R-HSA-9678108.8		140	-0.15430161	-0.66905123	1.0	1.0	1.0	4588	tags=19%, list=19%, signal=24%	
REGULATION OF GENE SILENCING BY REGULATORY NCRNA%GOBP%GO:0060966	REGULATION OF GENE SILENCING BY REGULATORY NCRNA%GOBP%GO:0060966		33	-0.20340231	-0.66841394	0.962963	1.0	1.0	2760	tags=18%, list=11%, signal=20%	
POSITIVE REGULATION OF D-GLUCOSE TRANSMEMBRANE TRANSPORT%GOBP%GO:0010828	POSITIVE REGULATION OF D-GLUCOSE TRANSMEMBRANE TRANSPORT%GOBP%GO:0010828		34	-0.1988535	-0.6678187	0.969697	1.0	1.0	3796	tags=18%, list=15%, signal=21%	
BIOCARTA_CELLCYCLE_PATHWAY%MSIGDB_C2%BIOCARTA_CELLCYCLE_PATHWAY	BIOCARTA_CELLCYCLE_PATHWAY%MSIGDB_C2%BIOCARTA_CELLCYCLE_PATHWAY		19	-0.23164302	-0.66777307	0.92258066	1.0	1.0	18824	tags=100%, list=77%, signal=432%	
INSERTION OF TAIL-ANCHORED PROTEINS INTO THE ENDOPLASMIC RETICULUM MEMBRANE%REACTOME%R-HSA-9609523.4	INSERTION OF TAIL-ANCHORED PROTEINS INTO THE ENDOPLASMIC RETICULUM MEMBRANE%REACTOME%R-HSA-9609523.4		19	-0.23324369	-0.66740835	0.9471831	1.0	1.0	4616	tags=32%, list=19%, signal=39%	
U2-TYPE PRESPLICEOSOME ASSEMBLY%GOBP%GO:1903241	U2-TYPE PRESPLICEOSOME ASSEMBLY%GOBP%GO:1903241		25	-0.21853013	-0.66731375	0.9375	1.0	1.0	2858	tags=16%, list=12%, signal=18%	
BIOCARTA_VIP_PATHWAY%MSIGDB_C2%BIOCARTA_VIP_PATHWAY	BIOCARTA_VIP_PATHWAY%MSIGDB_C2%BIOCARTA_VIP_PATHWAY		18	-0.23868273	-0.66688365	0.9228188	1.0	1.0	6040	tags=44%, list=25%, signal=59%	
CONSTITUTIVE SIGNALING BY LIGAND-RESPONSIVE EGFR CANCER VARIANTS%REACTOME%R-HSA-1236382.3	CONSTITUTIVE SIGNALING BY LIGAND-RESPONSIVE EGFR CANCER VARIANTS%REACTOME%R-HSA-1236382.3		17	-0.22959642	-0.66611296	0.91558444	1.0	1.0	5178	tags=29%, list=21%, signal=37%	
NUCLEOSIDE DIPHOSPHATE METABOLIC PROCESS%GOBP%GO:0009132	NUCLEOSIDE DIPHOSPHATE METABOLIC PROCESS%GOBP%GO:0009132		59	-0.1820885	-0.66560584	0.98477155	1.0	1.0	2614	tags=15%, list=11%, signal=17%	
PI-3K CASCADE:FGFR2%REACTOME DATABASE ID RELEASE 95%5654695	PI-3K CASCADE:FGFR2%REACTOME DATABASE ID RELEASE 95%5654695		18	-0.23906691	-0.6653535	0.9255663	1.0	1.0	3452	tags=22%, list=14%, signal=26%	
DEVELOPMENTAL CELL LINEAGES%REACTOME DATABASE ID RELEASE 95%9734767	DEVELOPMENTAL CELL LINEAGES%REACTOME DATABASE ID RELEASE 95%9734767		21	-0.22030349	-0.66501004	0.92282957	1.0	1.0	224	tags=5%, list=1%, signal=5%	
URETERIC BUD DEVELOPMENT%GOBP%GO:0001657	URETERIC BUD DEVELOPMENT%GOBP%GO:0001657		32	-0.19993713	-0.66382116	0.981203	1.0	1.0	4345	tags=25%, list=18%, signal=30%	
BUDDING AND MATURATION OF HIV VIRION%REACTOME DATABASE ID RELEASE 95%162588	BUDDING AND MATURATION OF HIV VIRION%REACTOME DATABASE ID RELEASE 95%162588		28	-0.20554283	-0.6616852	0.97416973	1.0	1.0	2651	tags=14%, list=11%, signal=16%	
G1/S TRANSITION OF MITOTIC CELL CYCLE%GOBP%GO:0000082	G1/S TRANSITION OF MITOTIC CELL CYCLE%GOBP%GO:0000082		68	-0.17390954	-0.6610595	1.0	1.0	1.0	4835	tags=28%, list=20%, signal=35%	
SIGNALING BY FGFR2 IIIA TM%REACTOME%R-HSA-8851708.2	SIGNALING BY FGFR2 IIIA TM%REACTOME%R-HSA-8851708.2		19	-0.22196181	-0.6605212	0.9372937	1.0	1.0	4960	tags=37%, list=20%, signal=46%	
POSITIVE REGULATION OF ACTIVATED T CELL PROLIFERATION%GOBP%GO:0042104	POSITIVE REGULATION OF ACTIVATED T CELL PROLIFERATION%GOBP%GO:0042104		19	-0.22892442	-0.6594469	0.9426752	1.0	1.0	1298	tags=11%, list=5%, signal=11%	
POSITIVE REGULATION OF MICROTUBULE POLYMERIZATION OR DEPOLYMERIZATION%GOBP%GO:0031112	POSITIVE REGULATION OF MICROTUBULE POLYMERIZATION OR DEPOLYMERIZATION%GOBP%GO:0031112		32	-0.2001739	-0.6587926	0.97202796	1.0	1.0	1372	tags=9%, list=6%, signal=10%	
AGGREPHAGY%REACTOME DATABASE ID RELEASE 95%9646399	AGGREPHAGY%REACTOME DATABASE ID RELEASE 95%9646399		24	-0.21691579	-0.6580369	0.9411765	1.0	1.0	2254	tags=13%, list=9%, signal=14%	
THYMIC STROMAL LYMPHOPOIETIN TSLP SIGNALING%WIKIPATHWAYS_20260211%WP2203%HOMO SAPIENS	THYMIC STROMAL LYMPHOPOIETIN TSLP SIGNALING%WIKIPATHWAYS_20260211%WP2203%HOMO SAPIENS		32	-0.19980727	-0.6579661	0.9771863	1.0	1.0	4306	tags=25%, list=18%, signal=30%	
NATURAL KILLER CELL ACTIVATION INVOLVED IN IMMUNE RESPONSE%GOBP%GO:0002323	NATURAL KILLER CELL ACTIVATION INVOLVED IN IMMUNE RESPONSE%GOBP%GO:0002323		21	-0.22589625	-0.6578315	0.93174064	1.0	1.0	1911	tags=10%, list=8%, signal=10%	
HOST-MEDIATED ACTIVATION OF VIRAL TRANSCRIPTION%GOBP%GO:0043923	HOST-MEDIATED ACTIVATION OF VIRAL TRANSCRIPTION%GOBP%GO:0043923		17	-0.23185118	-0.6557757	0.9275862	1.0	1.0	267	tags=6%, list=1%, signal=6%	
DEVELOPMENT OF URETERIC DERIVED COLLECTING SYSTEM%WIKIPATHWAYS_20260211%WP5053%HOMO SAPIENS	DEVELOPMENT OF URETERIC DERIVED COLLECTING SYSTEM%WIKIPATHWAYS_20260211%WP5053%HOMO SAPIENS		39	-0.1934906	-0.6556073	0.9681275	1.0	1.0	4831	tags=28%, list=20%, signal=35%	
BMP SIGNALING IN EYELID DEVELOPMENT%WIKIPATHWAYS_20260211%WP3927%HOMO SAPIENS	BMP SIGNALING IN EYELID DEVELOPMENT%WIKIPATHWAYS_20260211%WP3927%HOMO SAPIENS		19	-0.2315747	-0.65478677	0.9590444	1.0	1.0	4119	tags=21%, list=17%, signal=25%	
RHO GTPASES ACTIVATE CIT%REACTOME%R-HSA-5625900.4	RHO GTPASES ACTIVATE CIT%REACTOME%R-HSA-5625900.4		19	-0.22721791	-0.6545126	0.9515571	1.0	1.0	2785	tags=16%, list=11%, signal=18%	
WATER TRANSPORT%GOBP%GO:0006833	WATER TRANSPORT%GOBP%GO:0006833		21	-0.21862613	-0.65421766	0.9448052	1.0	1.0	19143	tags=100%, list=78%, signal=457%	
BIOCARTA_TCR_PATHWAY%MSIGDB_C2%BIOCARTA_TCR_PATHWAY	BIOCARTA_TCR_PATHWAY%MSIGDB_C2%BIOCARTA_TCR_PATHWAY		36	-0.1923169	-0.654107	0.9843137	1.0	1.0	6528	tags=44%, list=27%, signal=61%	
WARBURG EFFECT MODULATED BY DEUBIQUITINATING ENZYMES AND THEIR SUBSTRATES%WIKIPATHWAYS_20260211%WP5216%HOMO SAPIENS	WARBURG EFFECT MODULATED BY DEUBIQUITINATING ENZYMES AND THEIR SUBSTRATES%WIKIPATHWAYS_20260211%WP5216%HOMO SAPIENS		21	-0.2262487	-0.65369123	0.9337979	1.0	1.0	1999	tags=14%, list=8%, signal=16%	
MESONEPHRIC EPITHELIUM DEVELOPMENT%GOBP%GO:0072163	MESONEPHRIC EPITHELIUM DEVELOPMENT%GOBP%GO:0072163		33	-0.19775337	-0.6518617	0.9746377	1.0	1.0	4345	tags=24%, list=18%, signal=29%	
NEGATIVE REGULATION OF TCF-DEPENDENT SIGNALING BY WNT LIGAND ANTAGONISTS%REACTOME DATABASE ID RELEASE 95%3772470	NEGATIVE REGULATION OF TCF-DEPENDENT SIGNALING BY WNT LIGAND ANTAGONISTS%REACTOME DATABASE ID RELEASE 95%3772470		15	-0.24004376	-0.65167314	0.9269103	1.0	1.0	2309	tags=20%, list=9%, signal=22%	
BIOCARTA_GLEEVEC_PATHWAY%MSIGDB_C2%BIOCARTA_GLEEVEC_PATHWAY	BIOCARTA_GLEEVEC_PATHWAY%MSIGDB_C2%BIOCARTA_GLEEVEC_PATHWAY		19	-0.22808436	-0.6498101	0.94382024	1.0	1.0	1334	tags=11%, list=5%, signal=11%	
REGULATION OF EPITHELIAL CELL APOPTOTIC PROCESS%GOBP%GO:1904035	REGULATION OF EPITHELIAL CELL APOPTOTIC PROCESS%GOBP%GO:1904035		23	-0.20876965	-0.6495227	0.9680851	1.0	1.0	2491	tags=17%, list=10%, signal=19%	
PROSTANOID METABOLIC PROCESS%GOBP%GO:0006692	PROSTANOID METABOLIC PROCESS%GOBP%GO:0006692		32	-0.19988759	-0.64864135	0.976834	1.0	1.0	2142	tags=9%, list=9%, signal=10%	
SYNTHESIS OF PIPS AT THE GOLGI MEMBRANE%REACTOME%R-HSA-1660514.5	SYNTHESIS OF PIPS AT THE GOLGI MEMBRANE%REACTOME%R-HSA-1660514.5		18	-0.22845101	-0.64836943	0.93134326	1.0	1.0	4657	tags=28%, list=19%, signal=34%	
MECHANOREGULATION AND PATHOLOGY OF YAP TAZ VIA HIPPO AND NON HIPPO MECHANISMS%WIKIPATHWAYS_20260211%WP4534%HOMO SAPIENS	MECHANOREGULATION AND PATHOLOGY OF YAP TAZ VIA HIPPO AND NON HIPPO MECHANISMS%WIKIPATHWAYS_20260211%WP4534%HOMO SAPIENS		33	-0.19332409	-0.64821476	0.99596775	1.0	1.0	3073	tags=15%, list=13%, signal=17%	
POSITIVE REGULATION OF HOMOTYPIC CELL-CELL ADHESION%GOBP%GO:0034112	POSITIVE REGULATION OF HOMOTYPIC CELL-CELL ADHESION%GOBP%GO:0034112		17	-0.23756564	-0.6481858	0.9415584	1.0	1.0	1808	tags=12%, list=7%, signal=13%	
MESONEPHRIC TUBULE DEVELOPMENT%GOBP%GO:0072164	MESONEPHRIC TUBULE DEVELOPMENT%GOBP%GO:0072164		33	-0.19775337	-0.6480799	0.9767442	1.0	1.0	4345	tags=24%, list=18%, signal=29%	
SIGNALING BY LIGAND-RESPONSIVE EGFR VARIANTS IN CANCER%REACTOME%R-HSA-5637815.3	SIGNALING BY LIGAND-RESPONSIVE EGFR VARIANTS IN CANCER%REACTOME%R-HSA-5637815.3		17	-0.22959642	-0.64660084	0.965625	1.0	1.0	5178	tags=29%, list=21%, signal=37%	
SYNAPTIC TRANSMISSION, CHOLINERGIC%GOBP%GO:0007271	SYNAPTIC TRANSMISSION, CHOLINERGIC%GOBP%GO:0007271		20	-0.22110406	-0.64555544	0.95652175	1.0	1.0	1263	tags=10%, list=5%, signal=11%	
NRF2 ARE REGULATION%WIKIPATHWAYS_20260211%WP4357%HOMO SAPIENS	NRF2 ARE REGULATION%WIKIPATHWAYS_20260211%WP4357%HOMO SAPIENS		21	-0.21580805	-0.64386725	0.9656357	1.0	1.0	5230	tags=33%, list=21%, signal=42%	
13Q12 12 COPY NUMBER VARIATION%WIKIPATHWAYS_20260211%WP5406%HOMO SAPIENS	13Q12 12 COPY NUMBER VARIATION%WIKIPATHWAYS_20260211%WP5406%HOMO SAPIENS		27	-0.20045365	-0.64288855	0.9574468	1.0	1.0	3353	tags=19%, list=14%, signal=21%	
MESODERM FORMATION%GOBP%GO:0001707	MESODERM FORMATION%GOBP%GO:0001707		29	-0.20276429	-0.6426541	0.98467433	1.0	1.0	4717	tags=24%, list=19%, signal=30%	
EXTENSION OF TELOMERES%REACTOME%R-HSA-180786.4	EXTENSION OF TELOMERES%REACTOME%R-HSA-180786.4		51	-0.17964225	-0.64074016	0.9859813	1.0	1.0	5214	tags=31%, list=21%, signal=40%	
MONOCYTE DIFFERENTIATION%GOBP%GO:0030224	MONOCYTE DIFFERENTIATION%GOBP%GO:0030224		16	-0.23082548	-0.6404361	0.96732026	1.0	1.0	4209	tags=25%, list=17%, signal=30%	
NAD METABOLISM IN ONCOGENE INDUCED SENESCENCE AND MITOCHONDRIAL DYSFUNCTION ASSOCIATED SENESCENCE%WIKIPATHWAYS_20260211%WP5046%HOMO SAPIENS	NAD METABOLISM IN ONCOGENE INDUCED SENESCENCE AND MITOCHONDRIAL DYSFUNCTION ASSOCIATED SENESCENCE%WIKIPATHWAYS_20260211%WP5046%HOMO SAPIENS		17	-0.2353281	-0.63936967	0.94753087	1.0	1.0	2129	tags=18%, list=9%, signal=19%	
PROTEIN HOMOTRIMERIZATION%GOBP%GO:0070207	PROTEIN HOMOTRIMERIZATION%GOBP%GO:0070207		15	-0.24281849	-0.6384162	0.9346405	1.0	1.0	1340	tags=13%, list=5%, signal=14%	
TIGHT JUNCTION INTERACTIONS%REACTOME DATABASE ID RELEASE 95%420029	TIGHT JUNCTION INTERACTIONS%REACTOME DATABASE ID RELEASE 95%420029		30	-0.19677967	-0.63772494	0.97709924	1.0	1.0	4233	tags=23%, list=17%, signal=28%	
TRANSCRIPTION FACTOR REGULATION IN ADIPOGENESIS%WIKIPATHWAYS_20260211%WP3599%HOMO SAPIENS	TRANSCRIPTION FACTOR REGULATION IN ADIPOGENESIS%WIKIPATHWAYS_20260211%WP3599%HOMO SAPIENS		19	-0.2129078	-0.63736594	0.9655172	1.0	1.0	1717	tags=11%, list=7%, signal=11%	
LYMPHOCYTE COSTIMULATION%GOBP%GO:0031294	LYMPHOCYTE COSTIMULATION%GOBP%GO:0031294		37	-0.19073696	-0.6370325	0.97863245	1.0	1.0	2701	tags=14%, list=11%, signal=15%	
REGULATION OF MUSCLE ADAPTATION%GOBP%GO:0043502	REGULATION OF MUSCLE ADAPTATION%GOBP%GO:0043502		47	-0.18284923	-0.63392866	1.0	1.0	1.0	4608	tags=21%, list=19%, signal=26%	
REGULATION OF T CELL MEDIATED IMMUNE RESPONSE TO TUMOR CELL%GOBP%GO:0002840	REGULATION OF T CELL MEDIATED IMMUNE RESPONSE TO TUMOR CELL%GOBP%GO:0002840		19	-0.22012427	-0.6320375	0.9784173	1.0	1.0	3831	tags=26%, list=16%, signal=31%	
NONCANONICAL WNT SIGNALING PATHWAY%PATHWAY INTERACTION DATABASE NCI-NATURE CURATED DATA%NONCANONICAL WNT SIGNALING PATHWAY	NONCANONICAL WNT SIGNALING PATHWAY%PATHWAY INTERACTION DATABASE NCI-NATURE CURATED DATA%NONCANONICAL WNT SIGNALING PATHWAY		32	-0.1939551	-0.631675	0.9857651	1.0	1.0	4976	tags=28%, list=20%, signal=35%	
NEGATIVE REGULATION OF PROTEIN LOCALIZATION TO NUCLEUS%GOBP%GO:1900181	NEGATIVE REGULATION OF PROTEIN LOCALIZATION TO NUCLEUS%GOBP%GO:1900181		27	-0.20225911	-0.6310621	0.98479086	1.0	1.0	5329	tags=30%, list=22%, signal=38%	
GROWTH HORMONE RECEPTOR SIGNALING%REACTOME DATABASE ID RELEASE 95%982772	GROWTH HORMONE RECEPTOR SIGNALING%REACTOME DATABASE ID RELEASE 95%982772		23	-0.205457	-0.6288454	0.9717314	1.0	1.0	4640	tags=30%, list=19%, signal=38%	
BIOCARTA_GPCR_PATHWAY%MSIGDB_C2%BIOCARTA_GPCR_PATHWAY	BIOCARTA_GPCR_PATHWAY%MSIGDB_C2%BIOCARTA_GPCR_PATHWAY		22	-0.21274571	-0.62841773	0.9685315	1.0	1.0	5109	tags=32%, list=21%, signal=40%	
REGULATION OF INFLAMMATORY RESPONSE TO ANTIGENIC STIMULUS%GOBP%GO:0002861	REGULATION OF INFLAMMATORY RESPONSE TO ANTIGENIC STIMULUS%GOBP%GO:0002861		29	-0.19623609	-0.6277011	0.97508895	1.0	1.0	3095	tags=17%, list=13%, signal=20%	
PLASMINOGEN ACTIVATING CASCADE%PANTHER PATHWAY%P00050	PLASMINOGEN ACTIVATING CASCADE%PANTHER PATHWAY%P00050		15	-0.23245236	-0.6275041	0.9453925	1.0	1.0	2523	tags=13%, list=10%, signal=15%	
IRON METABOLISM DISORDERS%WIKIPATHWAYS_20260211%WP5172%HOMO SAPIENS	IRON METABOLISM DISORDERS%WIKIPATHWAYS_20260211%WP5172%HOMO SAPIENS		15	-0.23253347	-0.62250143	0.9669967	1.0	1.0	4840	tags=33%, list=20%, signal=42%	
PERTURBATIONS TO HOST CELL AUTOPHAGY INDUCED BY SARS COV 2 PROTEINS%WIKIPATHWAYS_20260211%WP4936%HOMO SAPIENS	PERTURBATIONS TO HOST CELL AUTOPHAGY INDUCED BY SARS COV 2 PROTEINS%WIKIPATHWAYS_20260211%WP4936%HOMO SAPIENS		37	-0.18020092	-0.6218867	0.99609375	1.0	1.0	4088	tags=22%, list=17%, signal=26%	
PROCESSING OF SMDT1%REACTOME%R-HSA-8949664.2	PROCESSING OF SMDT1%REACTOME%R-HSA-8949664.2		16	-0.22262625	-0.6195012	0.9508197	1.0	1.0	19044	tags=100%, list=78%, signal=449%	
T CELL RECEPTOR AND CO STIMULATORY SIGNALING%WIKIPATHWAYS_20260211%WP2583%HOMO SAPIENS	T CELL RECEPTOR AND CO STIMULATORY SIGNALING%WIKIPATHWAYS_20260211%WP2583%HOMO SAPIENS		22	-0.20632991	-0.6193063	0.9735849	1.0	1.0	6196	tags=36%, list=25%, signal=49%	
G BETA:GAMMA SIGNALLING THROUGH PI3KGAMMA%REACTOME DATABASE ID RELEASE 95%392451	G BETA:GAMMA SIGNALLING THROUGH PI3KGAMMA%REACTOME DATABASE ID RELEASE 95%392451		25	-0.19974396	-0.61788094	0.97744364	1.0	1.0	1619	tags=12%, list=7%, signal=13%	
INFECTION WITH ENTEROBACTERIA%REACTOME%R-HSA-9640148.3	INFECTION WITH ENTEROBACTERIA%REACTOME%R-HSA-9640148.3		17	-0.22082198	-0.6172772	0.9752322	1.0	1.0	1982	tags=12%, list=8%, signal=13%	
NUCLEOTIDE-BINDING DOMAIN, LEUCINE RICH REPEAT CONTAINING RECEPTOR SIGNALING PATHWAY%GOBP%GO:0035872	NUCLEOTIDE-BINDING DOMAIN, LEUCINE RICH REPEAT CONTAINING RECEPTOR SIGNALING PATHWAY%GOBP%GO:0035872		16	-0.2264862	-0.6163425	0.9710611	1.0	1.0	1692	tags=13%, list=7%, signal=13%	
REGULATION OF FERTILIZATION%GOBP%GO:0080154	REGULATION OF FERTILIZATION%GOBP%GO:0080154		16	-0.22198334	-0.61538863	0.96644294	1.0	1.0	5435	tags=38%, list=22%, signal=48%	
7Q11 23 DISTAL COPY NUMBER VARIATION%WIKIPATHWAYS_20260211%WP5401%HOMO SAPIENS	7Q11 23 DISTAL COPY NUMBER VARIATION%WIKIPATHWAYS_20260211%WP5401%HOMO SAPIENS		18	-0.21828978	-0.6147097	0.9727891	1.0	1.0	2680	tags=17%, list=11%, signal=19%	
VASOPRESSIN REGULATED WATER REABSORPTION%WIKIPATHWAYS_20260211%WP5085%HOMO SAPIENS	VASOPRESSIN REGULATED WATER REABSORPTION%WIKIPATHWAYS_20260211%WP5085%HOMO SAPIENS		35	-0.18398145	-0.6126795	0.9881423	1.0	1.0	1286	tags=6%, list=5%, signal=6%	
DOWNREGULATION OF ERBB2 SIGNALING%REACTOME%R-HSA-8863795.3	DOWNREGULATION OF ERBB2 SIGNALING%REACTOME%R-HSA-8863795.3		27	-0.19713432	-0.6126768	0.97008544	1.0	1.0	5178	tags=26%, list=21%, signal=33%	
EMBRYONIC DIGESTIVE TRACT DEVELOPMENT%GOBP%GO:0048566	EMBRYONIC DIGESTIVE TRACT DEVELOPMENT%GOBP%GO:0048566		20	-0.20950474	-0.6111237	0.96989965	1.0	1.0	19366	tags=100%, list=79%, signal=477%	
APOPTOSIS%WIKIPATHWAYS_20260211%WP254%HOMO SAPIENS	APOPTOSIS%WIKIPATHWAYS_20260211%WP254%HOMO SAPIENS		74	-0.15788256	-0.61090255	0.99441344	1.0	1.0	4818	tags=23%, list=20%, signal=29%	
METABOLIC REPROGRAMMING IN COLON CANCER%WIKIPATHWAYS_20260211%WP4290%HOMO SAPIENS	METABOLIC REPROGRAMMING IN COLON CANCER%WIKIPATHWAYS_20260211%WP4290%HOMO SAPIENS		23	-0.2030627	-0.61045104	0.9849624	1.0	1.0	5194	tags=35%, list=21%, signal=44%	
G BETA:GAMMA SIGNALLING THROUGH PLC BETA%REACTOME%R-HSA-418217.5	G BETA:GAMMA SIGNALLING THROUGH PLC BETA%REACTOME%R-HSA-418217.5		20	-0.21126747	-0.6093612	0.9756098	1.0	1.0	1619	tags=15%, list=7%, signal=16%	
TELOMERE C-STRAND (LAGGING STRAND) SYNTHESIS%REACTOME DATABASE ID RELEASE 95%174417	TELOMERE C-STRAND (LAGGING STRAND) SYNTHESIS%REACTOME DATABASE ID RELEASE 95%174417		34	-0.18584886	-0.60901195	0.98755187	1.0	1.0	1813	tags=12%, list=7%, signal=13%	
ANGIOTENSIN II RECEPTOR TYPE 1 PATHWAY%WIKIPATHWAYS_20260211%WP5036%HOMO SAPIENS	ANGIOTENSIN II RECEPTOR TYPE 1 PATHWAY%WIKIPATHWAYS_20260211%WP5036%HOMO SAPIENS		22	-0.2038419	-0.60881346	0.9828767	1.0	1.0	3712	tags=18%, list=15%, signal=21%	
PID_PTP1B_PATHWAY%MSIGDB_C2%PID_PTP1B_PATHWAY	PID_PTP1B_PATHWAY%MSIGDB_C2%PID_PTP1B_PATHWAY		41	-0.1764158	-0.60774183	0.99561405	1.0	1.0	2958	tags=12%, list=12%, signal=14%	
PI3K AKT SIGNALING IN CANCER%REACTOME DATABASE ID RELEASE 95%2219528	PI3K AKT SIGNALING IN CANCER%REACTOME DATABASE ID RELEASE 95%2219528		99	-0.14824048	-0.60731435	1.0	1.0	1.0	3452	tags=13%, list=14%, signal=15%	
CD4-POSITIVE OR CD8-POSITIVE, ALPHA-BETA T CELL LINEAGE COMMITMENT%GOBP%GO:0043369	CD4-POSITIVE OR CD8-POSITIVE, ALPHA-BETA T CELL LINEAGE COMMITMENT%GOBP%GO:0043369		16	-0.21796265	-0.6071685	0.9583333	1.0	1.0	3852	tags=25%, list=16%, signal=30%	
PID_EPHA2_FWD_PATHWAY%MSIGDB_C2%PID_EPHA2_FWD_PATHWAY	PID_EPHA2_FWD_PATHWAY%MSIGDB_C2%PID_EPHA2_FWD_PATHWAY		15	-0.22433305	-0.6061474	0.97376096	1.0	1.0	19002	tags=100%, list=78%, signal=446%	
INTERLEUKIN-12 SIGNALING%REACTOME%R-HSA-9020591.3	INTERLEUKIN-12 SIGNALING%REACTOME%R-HSA-9020591.3		44	-0.16655678	-0.60364676	0.9904762	1.0	1.0	4650	tags=20%, list=19%, signal=25%	
TNFR1-INDUCED PROAPOPTOTIC SIGNALING%REACTOME%R-HSA-5357786.6	TNFR1-INDUCED PROAPOPTOTIC SIGNALING%REACTOME%R-HSA-5357786.6		25	-0.19635025	-0.60259384	0.9890511	1.0	1.0	1692	tags=8%, list=7%, signal=9%	
HSF1-DEPENDENT TRANSACTIVATION%REACTOME%R-HSA-3371571.3	HSF1-DEPENDENT TRANSACTIVATION%REACTOME%R-HSA-3371571.3		24	-0.19225621	-0.60054314	0.98507464	1.0	1.0	4738	tags=21%, list=19%, signal=26%	
FORMATION OF ATP BY CHEMIOSMOTIC COUPLING%REACTOME DATABASE ID RELEASE 95%163210	FORMATION OF ATP BY CHEMIOSMOTIC COUPLING%REACTOME DATABASE ID RELEASE 95%163210		18	-0.21083264	-0.5967562	0.9611651	1.0	1.0	1203	tags=6%, list=5%, signal=6%	
CHAPERONE MEDIATED AUTOPHAGY%REACTOME DATABASE ID RELEASE 95%9613829	CHAPERONE MEDIATED AUTOPHAGY%REACTOME DATABASE ID RELEASE 95%9613829		21	-0.20149648	-0.5939801	0.9727891	1.0	1.0	5412	tags=29%, list=22%, signal=37%	
WOUND HEALING, SPREADING OF CELLS%GOBP%GO:0044319	WOUND HEALING, SPREADING OF CELLS%GOBP%GO:0044319		27	-0.18868266	-0.5925908	0.9843137	1.0	1.0	2335	tags=15%, list=10%, signal=16%	
CORTICAL ACTIN CYTOSKELETON ORGANIZATION%GOBP%GO:0030866	CORTICAL ACTIN CYTOSKELETON ORGANIZATION%GOBP%GO:0030866		25	-0.19099195	-0.59247863	0.98214287	1.0	1.0	19820	tags=100%, list=81%, signal=524%	
EPIBOLY INVOLVED IN WOUND HEALING%GOBP%GO:0090505	EPIBOLY INVOLVED IN WOUND HEALING%GOBP%GO:0090505		27	-0.18868266	-0.5858824	0.97709924	1.0	1.0	2335	tags=15%, list=10%, signal=16%	
MOLECULES ASSOCIATED WITH ELASTIC FIBRES%REACTOME%R-HSA-2129379.3	MOLECULES ASSOCIATED WITH ELASTIC FIBRES%REACTOME%R-HSA-2129379.3		28	-0.184327	-0.5858726	0.9909502	1.0	1.0	2802	tags=18%, list=11%, signal=20%	
PID_AURORA_A_PATHWAY%MSIGDB_C2%PID_AURORA_A_PATHWAY	PID_AURORA_A_PATHWAY%MSIGDB_C2%PID_AURORA_A_PATHWAY		24	-0.19073583	-0.5815234	0.9892857	1.0	1.0	6058	tags=38%, list=25%, signal=50%	
T-HELPER 17 TYPE IMMUNE RESPONSE%GOBP%GO:0072538	T-HELPER 17 TYPE IMMUNE RESPONSE%GOBP%GO:0072538		35	-0.17518206	-0.5809323	0.9957983	1.0	1.0	705	tags=6%, list=3%, signal=6%	
REGULATION OF CD8-POSITIVE, ALPHA-BETA T CELL ACTIVATION%GOBP%GO:2001185	REGULATION OF CD8-POSITIVE, ALPHA-BETA T CELL ACTIVATION%GOBP%GO:2001185		20	-0.1976916	-0.5804438	0.9898305	1.0	1.0	4640	tags=30%, list=19%, signal=37%	
POSITIVE REGULATION OF PROTEIN EXIT FROM ENDOPLASMIC RETICULUM%GOBP%GO:0070863	POSITIVE REGULATION OF PROTEIN EXIT FROM ENDOPLASMIC RETICULUM%GOBP%GO:0070863		19	-0.19823352	-0.5804018	0.9825784	1.0	1.0	2857	tags=16%, list=12%, signal=18%	
SCAVENGING BY CLASS A RECEPTORS%REACTOME%R-HSA-3000480.2	SCAVENGING BY CLASS A RECEPTORS%REACTOME%R-HSA-3000480.2		19	-0.1983089	-0.5714566	0.9861111	1.0	1.0	420	tags=5%, list=2%, signal=5%	
COPPER ION HOMEOSTASIS%GOBP%GO:0055070	COPPER ION HOMEOSTASIS%GOBP%GO:0055070		15	-0.20824935	-0.56773275	0.98058254	1.0	1.0	1627	tags=13%, list=7%, signal=14%	
PID_WNT_NONCANONICAL_PATHWAY%MSIGDB_C2%PID_WNT_NONCANONICAL_PATHWAY	PID_WNT_NONCANONICAL_PATHWAY%MSIGDB_C2%PID_WNT_NONCANONICAL_PATHWAY		26	-0.17586899	-0.5663267	0.989011	1.0	1.0	4976	tags=27%, list=20%, signal=34%	
POSITIVE REGULATION OF LEUKOCYTE ADHESION TO VASCULAR ENDOTHELIAL CELL%GOBP%GO:1904996	POSITIVE REGULATION OF LEUKOCYTE ADHESION TO VASCULAR ENDOTHELIAL CELL%GOBP%GO:1904996		20	-0.19118688	-0.5660258	0.993007	1.0	1.0	422	tags=5%, list=2%, signal=5%	
PID_TAP63_PATHWAY%MSIGDB_C2%PID_TAP63_PATHWAY	PID_TAP63_PATHWAY%MSIGDB_C2%PID_TAP63_PATHWAY		44	-0.15897855	-0.5640728	0.995283	1.0	1.0	5631	tags=36%, list=23%, signal=47%	
EXTRACELLULAR MATRIX ASSEMBLY%GOBP%GO:0085029	EXTRACELLULAR MATRIX ASSEMBLY%GOBP%GO:0085029		20	-0.1996725	-0.563248	0.9807074	1.0	1.0	3348	tags=20%, list=14%, signal=23%	
NEGATIVE REGULATION OF ATP METABOLIC PROCESS%GOBP%GO:1903579	NEGATIVE REGULATION OF ATP METABOLIC PROCESS%GOBP%GO:1903579		16	-0.19978657	-0.5623743	0.975976	1.0	1.0	753	tags=6%, list=3%, signal=6%	
LISTERIA MONOCYTOGENES ENTRY INTO HOST CELLS%REACTOME%R-HSA-8876384.4	LISTERIA MONOCYTOGENES ENTRY INTO HOST CELLS%REACTOME%R-HSA-8876384.4		19	-0.1940376	-0.5568285	0.9822695	1.0	1.0	3745	tags=21%, list=15%, signal=25%	
NUCLEOTIDE SALVAGE%REACTOME%R-HSA-8956321.3	NUCLEOTIDE SALVAGE%REACTOME%R-HSA-8956321.3		22	-0.18171589	-0.5550959	0.9892473	1.0	1.0	5114	tags=32%, list=21%, signal=40%	
NEGATIVE REGULATION OF NUCLEOCYTOPLASMIC TRANSPORT%GOBP%GO:0046823	NEGATIVE REGULATION OF NUCLEOCYTOPLASMIC TRANSPORT%GOBP%GO:0046823		20	-0.18866459	-0.5486209	0.99646646	1.0	1.0	19876	tags=100%, list=81%, signal=530%	
LYSOSOMAL MEMBRANE ORGANIZATION%GOBP%GO:0097212	LYSOSOMAL MEMBRANE ORGANIZATION%GOBP%GO:0097212		18	-0.19155844	-0.5472858	0.98688525	1.0	1.0	1612	tags=11%, list=7%, signal=12%	
POSITIVE REGULATION OF RELEASE OF CYTOCHROME C FROM MITOCHONDRIA%GOBP%GO:0090200	POSITIVE REGULATION OF RELEASE OF CYTOCHROME C FROM MITOCHONDRIA%GOBP%GO:0090200		22	-0.18238614	-0.5464038	0.9965035	1.0	1.0	4818	tags=27%, list=20%, signal=34%	
NFE2L2 REGULATING ANTI-OXIDANT DETOXIFICATION ENZYMES%REACTOME%R-HSA-9818027.3	NFE2L2 REGULATING ANTI-OXIDANT DETOXIFICATION ENZYMES%REACTOME%R-HSA-9818027.3		19	-0.19095731	-0.5445273	0.9903226	1.0	1.0	5171	tags=32%, list=21%, signal=40%	
NEGATIVE REGULATION OF CAMP/PKA SIGNAL TRANSDUCTION%GOBP%GO:0141162	NEGATIVE REGULATION OF CAMP/PKA SIGNAL TRANSDUCTION%GOBP%GO:0141162		27	-0.17491926	-0.542298	1.0	1.0	1.0	4209	tags=22%, list=17%, signal=27%	
SIGNALING BY EGFR IN CANCER%REACTOME%R-HSA-1643713.4	SIGNALING BY EGFR IN CANCER%REACTOME%R-HSA-1643713.4		23	-0.17535222	-0.53972095	0.98859316	1.0	1.0	5178	tags=26%, list=21%, signal=33%	
REGULATION OF WNT B CATENIN SIGNALING BY SMALL MOLECULE COMPOUNDS%WIKIPATHWAYS_20260211%WP3664%HOMO SAPIENS	REGULATION OF WNT B CATENIN SIGNALING BY SMALL MOLECULE COMPOUNDS%WIKIPATHWAYS_20260211%WP3664%HOMO SAPIENS		16	-0.19463761	-0.5364053	0.9894737	1.0	1.0	5230	tags=38%, list=21%, signal=48%	
BIOCARTA_IGF1MTOR_PATHWAY%MSIGDB_C2%BIOCARTA_IGF1MTOR_PATHWAY	BIOCARTA_IGF1MTOR_PATHWAY%MSIGDB_C2%BIOCARTA_IGF1MTOR_PATHWAY		18	-0.18233599	-0.5210187	0.98675495	1.0	1.0	6139	tags=39%, list=25%, signal=52%	
IFN-ALPHA%IOB%IFN-ALPHA	IFN-ALPHA%IOB%IFN-ALPHA		29	-0.16256034	-0.5176454	1.0	1.0	1.0	4088	tags=21%, list=17%, signal=25%	
BIOCARTA_MITOCHONDRIA_PATHWAY%MSIGDB_C2%BIOCARTA_MITOCHONDRIA_PATHWAY	BIOCARTA_MITOCHONDRIA_PATHWAY%MSIGDB_C2%BIOCARTA_MITOCHONDRIA_PATHWAY		15	-0.1829468	-0.48989865	0.99649125	1.0	1.0	2782	tags=13%, list=11%, signal=15%	
POSITIVE REGULATION OF ACUTE INFLAMMATORY RESPONSE%GOBP%GO:0002675	POSITIVE REGULATION OF ACUTE INFLAMMATORY RESPONSE%GOBP%GO:0002675		20	-0.16286373	-0.48154852	1.0	1.0	1.0	2680	tags=10%, list=11%, signal=11%	
HOST PATHOGEN INTERACTION OF HUMAN CORONAVIRUSES APOPTOSIS%WIKIPATHWAYS_20260211%WP4864%HOMO SAPIENS	HOST PATHOGEN INTERACTION OF HUMAN CORONAVIRUSES APOPTOSIS%WIKIPATHWAYS_20260211%WP4864%HOMO SAPIENS		17	-0.16163047	-0.46577862	0.9965157	1.0	1.0	4818	tags=24%, list=20%, signal=29%	
TRANSCRIPTION BY RNA POLYMERASE I%GOBP%GO:0006360	TRANSCRIPTION BY RNA POLYMERASE I%GOBP%GO:0006360		25	-0.14064904	-0.4403657	1.0	1.0	1.0	5728	tags=32%, list=23%, signal=42%	
DEVELOPMENT AND HETEROGENEITY OF THE ILC FAMILY%WIKIPATHWAYS_20260211%WP3893%HOMO SAPIENS	DEVELOPMENT AND HETEROGENEITY OF THE ILC FAMILY%WIKIPATHWAYS_20260211%WP3893%HOMO SAPIENS		31	-0.1345624	-0.43309844	1.0	1.0	1.0	3016	tags=10%, list=12%, signal=11%	
REGULATION OF T CELL DIFFERENTIATION IN THYMUS%GOBP%GO:0033081	REGULATION OF T CELL DIFFERENTIATION IN THYMUS%GOBP%GO:0033081		15	-0.15884237	-0.43287545	1.0	0.99979293	1.0	4315	tags=20%, list=18%, signal=24%	
