NAME	GS<br> follow link to MSigDB	GS DETAILS	SIZE	ES	NES	NOM p-val	FDR q-val	FWER p-val	RANK AT MAX	LEADING EDGE	
HALLMARK_UNFOLDED_PROTEIN_RESPONSE%MSIGDBHALLMARK%HALLMARK_UNFOLDED_PROTEIN_RESPONSE	HALLMARK_UNFOLDED_PROTEIN_RESPONSE%MSIGDBHALLMARK%HALLMARK_UNFOLDED_PROTEIN_RESPONSE	Details ...	94	-0.56693727	-2.2931752	0.0	0.008038019	0.007	4584	tags=56%, list=19%, signal=69%	
IRE1ALPHA ACTIVATES CHAPERONES%REACTOME%R-HSA-381070.3	IRE1ALPHA ACTIVATES CHAPERONES%REACTOME%R-HSA-381070.3	Details ...	49	-0.62483513	-2.257584	0.0	0.0051603164	0.009	3723	tags=49%, list=15%, signal=58%	
RETROGRADE PROTEIN TRANSPORT, ER TO CYTOSOL%GOBP%GO:0030970	RETROGRADE PROTEIN TRANSPORT, ER TO CYTOSOL%GOBP%GO:0030970	Details ...	19	-0.7711783	-2.2243333	0.0	0.0083600115	0.022	2353	tags=58%, list=10%, signal=64%	
ENDOPLASMIC RETICULUM TO CYTOSOL TRANSPORT%GOBP%GO:1903513	ENDOPLASMIC RETICULUM TO CYTOSOL TRANSPORT%GOBP%GO:1903513	Details ...	19	-0.7711783	-2.1654768	0.0	0.014846686	0.052	2353	tags=58%, list=10%, signal=64%	
ANDROSTENEDIONE METABOLISM%SMPDB%SMP0030406	ANDROSTENEDIONE METABOLISM%SMPDB%SMP0030406	Details ...	18	-0.745122	-2.1580448	0.0	0.012349398	0.054	1216	tags=39%, list=5%, signal=41%	
DISEASES ASSOCIATED WITH GLYCOSYLATION PRECURSOR BIOSYNTHESIS%REACTOME DATABASE ID RELEASE 95%5609975	DISEASES ASSOCIATED WITH GLYCOSYLATION PRECURSOR BIOSYNTHESIS%REACTOME DATABASE ID RELEASE 95%5609975	Details ...	16	-0.78509057	-2.1473303	0.0	0.013950962	0.072	3629	tags=50%, list=15%, signal=59%	
XBP1(S) ACTIVATES CHAPERONE GENES%REACTOME%R-HSA-381038.5	XBP1(S) ACTIVATES CHAPERONE GENES%REACTOME%R-HSA-381038.5	Details ...	47	-0.6098359	-2.1422317	0.0	0.012782981	0.077	3723	tags=49%, list=15%, signal=58%	
MORPHINE METABOLISM PATHWAY%SMPDB%SMP0000622	MORPHINE METABOLISM PATHWAY%SMPDB%SMP0000622	Details ...	16	-0.77495456	-2.1414616	0.0	0.011185107	0.077	1216	tags=44%, list=5%, signal=46%	
DENGUE VIRUS GENOME TRANSLATION AND REPLICATION%REACTOME%R-HSA-9918487.1	DENGUE VIRUS GENOME TRANSLATION AND REPLICATION%REACTOME%R-HSA-9918487.1	Details ...	80	-0.5399991	-2.1408782	0.0	0.009942317	0.077	1865	tags=30%, list=8%, signal=32%	
UNFOLDED PROTEIN RESPONSE (UPR)%REACTOME%R-HSA-381119.4	UNFOLDED PROTEIN RESPONSE (UPR)%REACTOME%R-HSA-381119.4	Details ...	92	-0.5333073	-2.108034	0.0	0.013751612	0.116	3723	tags=39%, list=15%, signal=46%	
CLASSICAL ANTIBODY-MEDIATED COMPLEMENT ACTIVATION%REACTOME%R-HSA-173623.4	CLASSICAL ANTIBODY-MEDIATED COMPLEMENT ACTIVATION%REACTOME%R-HSA-173623.4	Details ...	69	-0.54194367	-2.079937	0.0	0.018521085	0.163	5078	tags=58%, list=21%, signal=73%	
PROTEIN EXIT FROM ENDOPLASMIC RETICULUM%GOBP%GO:0032527	PROTEIN EXIT FROM ENDOPLASMIC RETICULUM%GOBP%GO:0032527	Details ...	25	-0.66780347	-2.0669246	0.0	0.020416161	0.194	2685	tags=52%, list=11%, signal=58%	
ETOPOSIDE METABOLISM PATHWAY%PATHWHIZ%PW000577	ETOPOSIDE METABOLISM PATHWAY%PATHWHIZ%PW000577	Details ...	20	-0.7067363	-2.0639234	0.0	0.019545877	0.201	1216	tags=35%, list=5%, signal=37%	
IMMUNOGLOBULIN MEDIATED IMMUNE RESPONSE%GOBP%GO:0016064	IMMUNOGLOBULIN MEDIATED IMMUNE RESPONSE%GOBP%GO:0016064	Details ...	114	-0.4892525	-2.055429	0.0	0.020452444	0.224	3946	tags=42%, list=16%, signal=50%	
ETOPOSIDE ACTION PATHWAY%SMPDB%SMP0000442	ETOPOSIDE ACTION PATHWAY%SMPDB%SMP0000442	Details ...	20	-0.7067363	-2.039425	0.0	0.023652742	0.27	1216	tags=35%, list=5%, signal=37%	
CD22 MEDIATED BCR REGULATION%REACTOME DATABASE ID RELEASE 95%5690714	CD22 MEDIATED BCR REGULATION%REACTOME DATABASE ID RELEASE 95%5690714	Details ...	66	-0.52405155	-2.0314302	0.0	0.025192209	0.301	4814	tags=55%, list=20%, signal=68%	
SORAFENIB METABOLISM PATHWAY%PATHWHIZ%PW000624	SORAFENIB METABOLISM PATHWAY%PATHWHIZ%PW000624	Details ...	16	-0.73851115	-2.031398	0.0030864198	0.023710316	0.301	1216	tags=44%, list=5%, signal=46%	
REGULATION OF CDH1 POSTTRANSLATIONAL PROCESSING AND TRAFFICKING TO PLASMA MEMBRANE%REACTOME DATABASE ID RELEASE 95%9768727	REGULATION OF CDH1 POSTTRANSLATIONAL PROCESSING AND TRAFFICKING TO PLASMA MEMBRANE%REACTOME DATABASE ID RELEASE 95%9768727	Details ...	32	-0.60256106	-2.0146422	0.0	0.026985796	0.348	2176	tags=34%, list=9%, signal=38%	
VITAMIN A DEFICIENCY%SMPDB%SMP0000336	VITAMIN A DEFICIENCY%SMPDB%SMP0000336	Details ...	37	-0.58314687	-1.9951339	0.003984064	0.032518193	0.429	1363	tags=30%, list=6%, signal=31%	
B CELL MEDIATED IMMUNITY%GOBP%GO:0019724	B CELL MEDIATED IMMUNITY%GOBP%GO:0019724	Details ...	118	-0.47227025	-1.9904779	0.0	0.032142933	0.439	3946	tags=41%, list=16%, signal=48%	
GLYCOSYLATION AND RELATED CONGENITAL DEFECTS%WIKIPATHWAYS_20260211%WP4521%HOMO SAPIENS	GLYCOSYLATION AND RELATED CONGENITAL DEFECTS%WIKIPATHWAYS_20260211%WP4521%HOMO SAPIENS		22	-0.64253306	-1.987393	0.0	0.03186562	0.452	2293	tags=50%, list=9%, signal=55%	
NEURON FATE COMMITMENT%GOBP%GO:0048663	NEURON FATE COMMITMENT%GOBP%GO:0048663		22	-0.65830564	-1.9820062	0.0033557047	0.03239423	0.473	4106	tags=45%, list=17%, signal=55%	
RETINOL METABOLISM%SMPDB%SMP0000074	RETINOL METABOLISM%SMPDB%SMP0000074		37	-0.58314687	-1.9740891	0.0	0.034216903	0.496	1363	tags=30%, list=6%, signal=31%	
IBUPROFEN METABOLISM PATHWAY%PATHWHIZ%PW000566	IBUPROFEN METABOLISM PATHWAY%PATHWHIZ%PW000566		23	-0.6578359	-1.9611316	0.0	0.03855793	0.545	1705	tags=35%, list=7%, signal=37%	
NGF-STIMULATED TRANSCRIPTION%REACTOME DATABASE ID RELEASE 95%9031628	NGF-STIMULATED TRANSCRIPTION%REACTOME DATABASE ID RELEASE 95%9031628		38	-0.5649459	-1.9606384	0.0	0.03733843	0.547	3016	tags=29%, list=12%, signal=33%	
SYNTHESIS, SECRETION, AND INACTIVATION OF GLUCAGON-LIKE PEPTIDE-1 (GLP-1)%REACTOME%R-HSA-381771.6	SYNTHESIS, SECRETION, AND INACTIVATION OF GLUCAGON-LIKE PEPTIDE-1 (GLP-1)%REACTOME%R-HSA-381771.6		21	-0.6572457	-1.9530159	0.0	0.03928875	0.573	1808	tags=33%, list=7%, signal=36%	
ESTABLISHMENT OF PROTEIN LOCALIZATION TO ENDOPLASMIC RETICULUM%GOBP%GO:0072599	ESTABLISHMENT OF PROTEIN LOCALIZATION TO ENDOPLASMIC RETICULUM%GOBP%GO:0072599		36	-0.5694872	-1.9516203	0.0	0.038506832	0.58	2888	tags=47%, list=12%, signal=53%	
FCGR ACTIVATION%REACTOME%R-HSA-2029481.3	FCGR ACTIVATION%REACTOME%R-HSA-2029481.3		73	-0.49430388	-1.9431212	0.0	0.041393843	0.622	4649	tags=52%, list=19%, signal=64%	
PHOTODYNAMIC THERAPY INDUCED UNFOLDED PROTEIN RESPONSE%WIKIPATHWAYS_20260211%WP3613%HOMO SAPIENS	PHOTODYNAMIC THERAPY INDUCED UNFOLDED PROTEIN RESPONSE%WIKIPATHWAYS_20260211%WP3613%HOMO SAPIENS		20	-0.659862	-1.9263738	0.0	0.047864784	0.686	3341	tags=60%, list=14%, signal=69%	
ROLE OF LAT2 NTAL LAB ON CALCIUM MOBILIZATION%REACTOME DATABASE ID RELEASE 95%2730905	ROLE OF LAT2 NTAL LAB ON CALCIUM MOBILIZATION%REACTOME DATABASE ID RELEASE 95%2730905		71	-0.49295557	-1.9094646	0.0	0.055696912	0.755	4649	tags=51%, list=19%, signal=62%	
CREATION OF C4 AND C2 ACTIVATORS%REACTOME%R-HSA-166786.4	CREATION OF C4 AND C2 ACTIVATORS%REACTOME%R-HSA-166786.4		76	-0.47890714	-1.894328	0.0	0.06335701	0.815	4649	tags=49%, list=19%, signal=60%	
ENDOPLASMIC RETICULUM UNFOLDED PROTEIN RESPONSE%GOBP%GO:0030968	ENDOPLASMIC RETICULUM UNFOLDED PROTEIN RESPONSE%GOBP%GO:0030968		54	-0.525479	-1.893628	0.0	0.06162732	0.818	2429	tags=31%, list=10%, signal=35%	
RESPONSE TO UNFOLDED PROTEIN%GOBP%GO:0006986	RESPONSE TO UNFOLDED PROTEIN%GOBP%GO:0006986		94	-0.4668367	-1.8928694	0.0	0.06049373	0.82	2092	tags=23%, list=9%, signal=25%	
SELENIUM METABOLISM AND SELENOPROTEINS%WIKIPATHWAYS_20260211%WP28%HOMO SAPIENS	SELENIUM METABOLISM AND SELENOPROTEINS%WIKIPATHWAYS_20260211%WP28%HOMO SAPIENS		39	-0.53889453	-1.8894004	0.0	0.060466185	0.829	1922	tags=26%, list=8%, signal=28%	
CELLULAR RESPONSE TO UNFOLDED PROTEIN%GOBP%GO:0034620	CELLULAR RESPONSE TO UNFOLDED PROTEIN%GOBP%GO:0034620		69	-0.48107597	-1.8890055	0.0	0.059003465	0.831	2429	tags=26%, list=10%, signal=29%	
DEFECTIVE GALNT3 CAUSES HFTC%REACTOME DATABASE ID RELEASE 95%5083625	DEFECTIVE GALNT3 CAUSES HFTC%REACTOME DATABASE ID RELEASE 95%5083625		18	-0.6559093	-1.8742863	0.0033333334	0.06582776	0.873	1060	tags=28%, list=4%, signal=29%	
PROTEIN TARGETING TO ER%GOBP%GO:0045047	PROTEIN TARGETING TO ER%GOBP%GO:0045047		33	-0.5606772	-1.8727796	0.0	0.06507347	0.878	2888	tags=45%, list=12%, signal=51%	
INITIAL TRIGGERING OF COMPLEMENT%REACTOME%R-HSA-166663.4	INITIAL TRIGGERING OF COMPLEMENT%REACTOME%R-HSA-166663.4		82	-0.46874025	-1.8719041	0.0	0.06387823	0.879	4649	tags=46%, list=19%, signal=57%	
INCRETIN SYNTHESIS, SECRETION, AND INACTIVATION%REACTOME%R-HSA-400508.4	INCRETIN SYNTHESIS, SECRETION, AND INACTIVATION%REACTOME%R-HSA-400508.4		24	-0.6110604	-1.8704871	0.008032128	0.063124135	0.883	1808	tags=29%, list=7%, signal=31%	
REGULATION OF OXIDATIVE STRESS-INDUCED INTRINSIC APOPTOTIC SIGNALING PATHWAY%GOBP%GO:1902175	REGULATION OF OXIDATIVE STRESS-INDUCED INTRINSIC APOPTOTIC SIGNALING PATHWAY%GOBP%GO:1902175		32	-0.581095	-1.8667544	0.0	0.06403059	0.894	4645	tags=44%, list=19%, signal=54%	
ESTRONE METABOLISM%SMPDB%SMP0030880	ESTRONE METABOLISM%SMPDB%SMP0030880		16	-0.68856525	-1.8640518	0.003215434	0.06406192	0.899	1216	tags=44%, list=5%, signal=46%	
MATURATION OF DENV PROTEINS%REACTOME%R-HSA-9918432.1	MATURATION OF DENV PROTEINS%REACTOME%R-HSA-9918432.1		51	-0.51986736	-1.8394972	0.0	0.08028149	0.951	1608	tags=29%, list=7%, signal=31%	
N-GLYCAN TRIMMING IN THE ER AND CALNEXIN CALRETICULIN CYCLE%REACTOME%R-HSA-532668.4	N-GLYCAN TRIMMING IN THE ER AND CALNEXIN CALRETICULIN CYCLE%REACTOME%R-HSA-532668.4		35	-0.5468188	-1.8175803	0.004	0.09611174	0.968	4284	tags=51%, list=17%, signal=62%	
N GLYCAN BIOSYNTHESIS%WIKIPATHWAYS_20260211%WP5153%HOMO SAPIENS	N GLYCAN BIOSYNTHESIS%WIKIPATHWAYS_20260211%WP5153%HOMO SAPIENS		49	-0.50341463	-1.8133773	0.0	0.09784548	0.972	2272	tags=35%, list=9%, signal=38%	
COTRANSLATIONAL PROTEIN TARGETING TO MEMBRANE%GOBP%GO:0006613	COTRANSLATIONAL PROTEIN TARGETING TO MEMBRANE%GOBP%GO:0006613		20	-0.6171117	-1.8117601	0.003533569	0.097298086	0.974	2888	tags=50%, list=12%, signal=57%	
COPI-MEDIATED ANTEROGRADE TRANSPORT%REACTOME DATABASE ID RELEASE 95%6807878	COPI-MEDIATED ANTEROGRADE TRANSPORT%REACTOME DATABASE ID RELEASE 95%6807878		83	-0.45233098	-1.8101932	0.0	0.09650122	0.974	2959	tags=37%, list=12%, signal=42%	
CELLULAR RESPONSE TO GLUCOSE STARVATION%GOBP%GO:0042149	CELLULAR RESPONSE TO GLUCOSE STARVATION%GOBP%GO:0042149		43	-0.5173585	-1.8091736	0.0	0.095275454	0.975	2491	tags=26%, list=10%, signal=28%	
MAINTENANCE OF GASTROINTESTINAL EPITHELIUM%GOBP%GO:0030277	MAINTENANCE OF GASTROINTESTINAL EPITHELIUM%GOBP%GO:0030277		21	-0.61841106	-1.8077312	0.0	0.09458179	0.976	1677	tags=29%, list=7%, signal=31%	
PROTEIN REFOLDING%GOBP%GO:0042026	PROTEIN REFOLDING%GOBP%GO:0042026		24	-0.5962513	-1.8073584	0.007434944	0.09298053	0.976	4738	tags=29%, list=19%, signal=36%	
RIBOSOMAL SCANNING AND START CODON RECOGNITION%REACTOME%R-HSA-72702.5	RIBOSOMAL SCANNING AND START CODON RECOGNITION%REACTOME%R-HSA-72702.5		59	-0.48346087	-1.8058646	0.0	0.09231807	0.976	5797	tags=41%, list=24%, signal=53%	
SCAVENGING OF HEME FROM PLASMA%REACTOME%R-HSA-2168880.3	SCAVENGING OF HEME FROM PLASMA%REACTOME%R-HSA-2168880.3		73	-0.46697873	-1.8038126	0.0	0.0921257	0.977	4649	tags=51%, list=19%, signal=62%	
IRINOTECAN ACTION PATHWAY%PATHWHIZ%PW000238	IRINOTECAN ACTION PATHWAY%PATHWHIZ%PW000238		24	-0.58399254	-1.8018106	0.0038022813	0.09211343	0.979	1216	tags=29%, list=5%, signal=31%	
RESPONSE TO TOPOLOGICALLY INCORRECT PROTEIN%GOBP%GO:0035966	RESPONSE TO TOPOLOGICALLY INCORRECT PROTEIN%GOBP%GO:0035966		111	-0.43343353	-1.7960777	0.0	0.09547997	0.981	2429	tags=23%, list=10%, signal=25%	
PROTEIN HYDROXYLATION%GOBP%GO:0018126	PROTEIN HYDROXYLATION%GOBP%GO:0018126		15	-0.6552722	-1.7894154	0.006535948	0.09966397	0.986	3787	tags=53%, list=15%, signal=63%	
PROTEASOME DEGRADATION%WIKIPATHWAYS_20260211%WP183%HOMO SAPIENS	PROTEASOME DEGRADATION%WIKIPATHWAYS_20260211%WP183%HOMO SAPIENS		42	-0.4990162	-1.7870767	0.0	0.09987381	0.986	4690	tags=45%, list=19%, signal=56%	
FCERI MEDIATED MAPK ACTIVATION%REACTOME DATABASE ID RELEASE 95%2871796	FCERI MEDIATED MAPK ACTIVATION%REACTOME DATABASE ID RELEASE 95%2871796		85	-0.45687994	-1.784943	0.0	0.100207016	0.987	4649	tags=46%, list=19%, signal=56%	
PROTEIN N-LINKED GLYCOSYLATION%GOBP%GO:0006487	PROTEIN N-LINKED GLYCOSYLATION%GOBP%GO:0006487		83	-0.45818388	-1.7834976	0.0	0.099794455	0.989	2790	tags=34%, list=11%, signal=38%	
IRINOTECAN METABOLISM PATHWAY%SMPDB%SMP0000600	IRINOTECAN METABOLISM PATHWAY%SMPDB%SMP0000600		24	-0.58399254	-1.782437	0.0074626864	0.09929795	0.99	1216	tags=29%, list=5%, signal=31%	
ACETAMINOPHEN METABOLISM PATHWAY%PATHWHIZ%PW000616	ACETAMINOPHEN METABOLISM PATHWAY%PATHWHIZ%PW000616		29	-0.5523866	-1.7762433	0.0035460992	0.103000104	0.992	1671	tags=28%, list=7%, signal=30%	
PARKIN UBIQUITIN PROTEASOMAL SYSTEM PATHWAY%WIKIPATHWAYS_20260211%WP2359%HOMO SAPIENS	PARKIN UBIQUITIN PROTEASOMAL SYSTEM PATHWAY%WIKIPATHWAYS_20260211%WP2359%HOMO SAPIENS		50	-0.48256502	-1.7750245	0.0	0.10239104	0.993	4409	tags=42%, list=18%, signal=51%	
CELLULAR RESPONSE TO TOPOLOGICALLY INCORRECT PROTEIN%GOBP%GO:0035967	CELLULAR RESPONSE TO TOPOLOGICALLY INCORRECT PROTEIN%GOBP%GO:0035967		84	-0.44335595	-1.7663255	0.0	0.108835384	0.996	2674	tags=25%, list=11%, signal=28%	
RESPONSE OF EIF2AK1 (HRI) TO HEME DEFICIENCY%REACTOME DATABASE ID RELEASE 95%9648895	RESPONSE OF EIF2AK1 (HRI) TO HEME DEFICIENCY%REACTOME DATABASE ID RELEASE 95%9648895		15	-0.6345428	-1.7646497	0.01529052	0.10868267	0.996	3070	tags=47%, list=13%, signal=53%	
ANTIGEN ACTIVATES B CELL RECEPTOR (BCR) LEADING TO GENERATION OF SECOND MESSENGERS%REACTOME DATABASE ID RELEASE 95%983695	ANTIGEN ACTIVATES B CELL RECEPTOR (BCR) LEADING TO GENERATION OF SECOND MESSENGERS%REACTOME DATABASE ID RELEASE 95%983695		90	-0.44408017	-1.7555803	0.0	0.11611593	0.998	4649	tags=46%, list=19%, signal=56%	
IBUPROFEN ACTION PATHWAY%SMPDB%SMP0000086	IBUPROFEN ACTION PATHWAY%SMPDB%SMP0000086		48	-0.48676297	-1.7552152	0.0	0.11460921	0.998	2807	tags=29%, list=11%, signal=33%	
FCERI MEDIATED NF-KB ACTIVATION%REACTOME DATABASE ID RELEASE 95%2871837	FCERI MEDIATED NF-KB ACTIVATION%REACTOME DATABASE ID RELEASE 95%2871837		125	-0.41965985	-1.7541728	0.0	0.11394076	0.998	4690	tags=44%, list=19%, signal=54%	
DEFECTIVE C1GALT1C1 CAUSES TNPS%REACTOME%R-HSA-5083632.4	DEFECTIVE C1GALT1C1 CAUSES TNPS%REACTOME%R-HSA-5083632.4		19	-0.6070842	-1.7478591	0.011235955	0.11787482	0.998	1060	tags=26%, list=4%, signal=27%	
DEFECTIVE GALNT12 CAUSES CRCS1%REACTOME%R-HSA-5083636.4	DEFECTIVE GALNT12 CAUSES CRCS1%REACTOME%R-HSA-5083636.4		18	-0.6129603	-1.7459618	0.013422819	0.11813466	0.998	1060	tags=28%, list=4%, signal=29%	
CALNEXIN CALRETICULIN CYCLE%REACTOME%R-HSA-901042.5	CALNEXIN CALRETICULIN CYCLE%REACTOME%R-HSA-901042.5		26	-0.5510504	-1.7324361	0.007490637	0.12988724	0.999	4762	tags=54%, list=19%, signal=67%	
NEGATIVE REGULATION OF OXIDATIVE STRESS-INDUCED INTRINSIC APOPTOTIC SIGNALING PATHWAY%GOBP%GO:1902176	NEGATIVE REGULATION OF OXIDATIVE STRESS-INDUCED INTRINSIC APOPTOTIC SIGNALING PATHWAY%GOBP%GO:1902176		23	-0.5720374	-1.7265943	0.009933775	0.13417418	0.999	4404	tags=43%, list=18%, signal=53%	
NUCLEAR EVENTS (KINASE AND TRANSCRIPTION FACTOR ACTIVATION)%REACTOME%R-HSA-198725.4	NUCLEAR EVENTS (KINASE AND TRANSCRIPTION FACTOR ACTIVATION)%REACTOME%R-HSA-198725.4		60	-0.4506815	-1.716084	0.0	0.14407982	0.999	3016	tags=25%, list=12%, signal=28%	
ROLE OF PHOSPHOLIPIDS IN PHAGOCYTOSIS%REACTOME DATABASE ID RELEASE 95%2029485	ROLE OF PHOSPHOLIPIDS IN PHAGOCYTOSIS%REACTOME DATABASE ID RELEASE 95%2029485		87	-0.43435535	-1.7054238	0.0	0.1561316	1.0	4649	tags=44%, list=19%, signal=54%	
SRP-DEPENDENT COTRANSLATIONAL PROTEIN TARGETING TO MEMBRANE%REACTOME DATABASE ID RELEASE 95%1799339	SRP-DEPENDENT COTRANSLATIONAL PROTEIN TARGETING TO MEMBRANE%REACTOME DATABASE ID RELEASE 95%1799339		112	-0.4119356	-1.7022762	0.0	0.15786967	1.0	5877	tags=38%, list=24%, signal=50%	
POST-TRANSLATIONAL PROTEIN TARGETING TO ENDOPLASMIC RETICULUM MEMBRANE%GOBP%GO:0006620	POST-TRANSLATIONAL PROTEIN TARGETING TO ENDOPLASMIC RETICULUM MEMBRANE%GOBP%GO:0006620		18	-0.58119637	-1.6767995	0.02153846	0.19198808	1.0	4759	tags=61%, list=19%, signal=76%	
PERK REGULATES GENE EXPRESSION%REACTOME%R-HSA-381042.3	PERK REGULATES GENE EXPRESSION%REACTOME%R-HSA-381042.3		32	-0.5155328	-1.6732683	0.007936508	0.1948465	1.0	4826	tags=47%, list=20%, signal=58%	
ACTIVATION OF THE MRNA UPON BINDING OF THE CAP-BINDING COMPLEX AND EIFS, AND SUBSEQUENT BINDING TO 43S%REACTOME%R-HSA-72662.5	ACTIVATION OF THE MRNA UPON BINDING OF THE CAP-BINDING COMPLEX AND EIFS, AND SUBSEQUENT BINDING TO 43S%REACTOME%R-HSA-72662.5		60	-0.4518504	-1.6688865	0.0	0.1988543	1.0	5797	tags=40%, list=24%, signal=52%	
BIOSYNTHESIS OF THE N-GLYCAN PRECURSOR (DOLICHOL LIPID-LINKED OLIGOSACCHARIDE, LLO) AND TRANSFER TO A NASCENT PROTEIN%REACTOME DATABASE ID RELEASE 95%446193	BIOSYNTHESIS OF THE N-GLYCAN PRECURSOR (DOLICHOL LIPID-LINKED OLIGOSACCHARIDE, LLO) AND TRANSFER TO A NASCENT PROTEIN%REACTOME DATABASE ID RELEASE 95%446193		80	-0.4164492	-1.6611372	0.006289308	0.20841014	1.0	1867	tags=24%, list=8%, signal=26%	
GTP HYDROLYSIS AND JOINING OF THE 60S RIBOSOMAL SUBUNIT%REACTOME%R-HSA-72706.4	GTP HYDROLYSIS AND JOINING OF THE 60S RIBOSOMAL SUBUNIT%REACTOME%R-HSA-72706.4		112	-0.4056626	-1.6552113	0.0	0.21594559	1.0	5877	tags=39%, list=24%, signal=51%	
TRANSLATION INITIATION COMPLEX FORMATION%REACTOME%R-HSA-72649.4	TRANSLATION INITIATION COMPLEX FORMATION%REACTOME%R-HSA-72649.4		59	-0.4424084	-1.6545405	0.014150944	0.21398397	1.0	5797	tags=39%, list=24%, signal=51%	
NEGATIVE REGULATION OF SMAD PROTEIN SIGNAL TRANSDUCTION%GOBP%GO:0060392	NEGATIVE REGULATION OF SMAD PROTEIN SIGNAL TRANSDUCTION%GOBP%GO:0060392		21	-0.5509312	-1.6524365	0.014084507	0.21471308	1.0	3703	tags=43%, list=15%, signal=50%	
EUKARYOTIC TRANSLATION INITIATION%REACTOME%R-HSA-72613.5	EUKARYOTIC TRANSLATION INITIATION%REACTOME%R-HSA-72613.5		119	-0.38840526	-1.6505436	0.0	0.2151531	1.0	5877	tags=40%, list=24%, signal=53%	
B CELL RECEPTOR SIGNALING PATHWAY%GOBP%GO:0050853	B CELL RECEPTOR SIGNALING PATHWAY%GOBP%GO:0050853		47	-0.46270812	-1.6495688	0.0040816325	0.21407613	1.0	2883	tags=36%, list=12%, signal=41%	
HH MUTANTS ARE DEGRADED BY ERAD%REACTOME DATABASE ID RELEASE 95%5362768	HH MUTANTS ARE DEGRADED BY ERAD%REACTOME DATABASE ID RELEASE 95%5362768		43	-0.47512704	-1.6468257	0.004405286	0.21572857	1.0	4658	tags=49%, list=19%, signal=60%	
DOLICHOL-LINKED OLIGOSACCHARIDE BIOSYNTHETIC PROCESS%GOBP%GO:0006488	DOLICHOL-LINKED OLIGOSACCHARIDE BIOSYNTHETIC PROCESS%GOBP%GO:0006488		18	-0.5744264	-1.6422197	0.009345794	0.22086728	1.0	2669	tags=50%, list=11%, signal=56%	
FCGR3A-MEDIATED IL10 SYNTHESIS%REACTOME%R-HSA-9664323.3	FCGR3A-MEDIATED IL10 SYNTHESIS%REACTOME%R-HSA-9664323.3		98	-0.39872682	-1.6374785	0.0	0.22611082	1.0	4649	tags=41%, list=19%, signal=50%	
LYMPHOCYTE MEDIATED IMMUNITY%GOBP%GO:0002449	LYMPHOCYTE MEDIATED IMMUNITY%GOBP%GO:0002449		174	-0.36225095	-1.6199639	0.0	0.25558555	1.0	3830	tags=31%, list=16%, signal=37%	
HEDGEHOG%NETPATH%HEDGEHOG	HEDGEHOG%NETPATH%HEDGEHOG		20	-0.5498173	-1.611655	0.016891891	0.26855913	1.0	1871	tags=30%, list=8%, signal=32%	
REGULATION OF IFNA IFNB SIGNALING%REACTOME DATABASE ID RELEASE 95%912694	REGULATION OF IFNA IFNB SIGNALING%REACTOME DATABASE ID RELEASE 95%912694		23	-0.51881063	-1.5989302	0.027874565	0.29160935	1.0	1911	tags=22%, list=8%, signal=24%	
CAP-DEPENDENT TRANSLATION INITIATION%REACTOME%R-HSA-72737.4	CAP-DEPENDENT TRANSLATION INITIATION%REACTOME%R-HSA-72737.4		119	-0.38840526	-1.5963944	0.0	0.29362646	1.0	5877	tags=40%, list=24%, signal=53%	
HALLMARK_MTORC1_SIGNALING%MSIGDBHALLMARK%HALLMARK_MTORC1_SIGNALING	HALLMARK_MTORC1_SIGNALING%MSIGDBHALLMARK%HALLMARK_MTORC1_SIGNALING		149	-0.3794113	-1.5949888	0.0	0.2933059	1.0	3532	tags=32%, list=14%, signal=37%	
TRANSLATION FACTORS%WIKIPATHWAYS_20260211%WP107%HOMO SAPIENS	TRANSLATION FACTORS%WIKIPATHWAYS_20260211%WP107%HOMO SAPIENS		43	-0.45877603	-1.5948204	0.0048076925	0.2904418	1.0	3070	tags=35%, list=13%, signal=40%	
AMPK-INDUCED ERAD AND LYSOSOME MEDIATED DEGRADATION OF PD-L1(CD274)%REACTOME DATABASE ID RELEASE 95%9931269	AMPK-INDUCED ERAD AND LYSOSOME MEDIATED DEGRADATION OF PD-L1(CD274)%REACTOME DATABASE ID RELEASE 95%9931269		55	-0.43516454	-1.5905234	0.0047393367	0.29639846	1.0	4409	tags=44%, list=18%, signal=53%	
LEISHMANIA PHAGOCYTOSIS%REACTOME DATABASE ID RELEASE 95%9664417	LEISHMANIA PHAGOCYTOSIS%REACTOME DATABASE ID RELEASE 95%9664417		119	-0.37055004	-1.5868005	0.0	0.30125603	1.0	4649	tags=39%, list=19%, signal=47%	
ER QUALITY CONTROL COMPARTMENT (ERQC)%REACTOME%R-HSA-901032.7	ER QUALITY CONTROL COMPARTMENT (ERQC)%REACTOME%R-HSA-901032.7		21	-0.5355802	-1.5867691	0.030927835	0.29806492	1.0	5193	tags=57%, list=21%, signal=72%	
BINDING AND UPTAKE OF LIGANDS BY SCAVENGER RECEPTORS%REACTOME%R-HSA-2173782.3	BINDING AND UPTAKE OF LIGANDS BY SCAVENGER RECEPTORS%REACTOME%R-HSA-2173782.3		105	-0.39442933	-1.584503	0.0	0.29950947	1.0	4649	tags=41%, list=19%, signal=50%	
B CELL ACTIVATION%REACTOME DATABASE ID RELEASE 95%983705	B CELL ACTIVATION%REACTOME DATABASE ID RELEASE 95%983705		156	-0.362771	-1.5816282	0.0	0.30248702	1.0	4658	tags=39%, list=19%, signal=48%	
ADAPTIVE IMMUNE RESPONSE BASED ON SOMATIC RECOMBINATION OF IMMUNE RECEPTORS BUILT FROM IMMUNOGLOBULIN SUPERFAMILY DOMAINS%GOBP%GO:0002460	ADAPTIVE IMMUNE RESPONSE BASED ON SOMATIC RECOMBINATION OF IMMUNE RECEPTORS BUILT FROM IMMUNOGLOBULIN SUPERFAMILY DOMAINS%GOBP%GO:0002460		194	-0.3517132	-1.5777887	0.0	0.30797786	1.0	3852	tags=28%, list=16%, signal=33%	
FCGR3A-MEDIATED PHAGOCYTOSIS%REACTOME DATABASE ID RELEASE 95%9664422	FCGR3A-MEDIATED PHAGOCYTOSIS%REACTOME DATABASE ID RELEASE 95%9664422		119	-0.37055004	-1.5772461	0.0	0.3058091	1.0	4649	tags=39%, list=19%, signal=47%	
SYNTHESIS OF SUBSTRATES IN N-GLYCAN BIOSYTHESIS%REACTOME%R-HSA-446219.4	SYNTHESIS OF SUBSTRATES IN N-GLYCAN BIOSYTHESIS%REACTOME%R-HSA-446219.4		65	-0.41741815	-1.5754659	0.010638298	0.3068672	1.0	1867	tags=22%, list=8%, signal=23%	
UBIQUITIN–PROTEASOME PATHWAY%SMPDB%SMP0063816	UBIQUITIN–PROTEASOME PATHWAY%SMPDB%SMP0063816		28	-0.4961184	-1.5753429	0.014492754	0.3039525	1.0	4658	tags=43%, list=19%, signal=53%	
HH MUTANTS ABROGATE LIGAND SECRETION%REACTOME DATABASE ID RELEASE 95%5387390	HH MUTANTS ABROGATE LIGAND SECRETION%REACTOME DATABASE ID RELEASE 95%5387390		46	-0.43688345	-1.5668472	0.009661836	0.3202597	1.0	4658	tags=46%, list=19%, signal=56%	
ALANINE TRANSPORT%GOBP%GO:0032328	ALANINE TRANSPORT%GOBP%GO:0032328		17	-0.55927515	-1.5628191	0.027777778	0.32588416	1.0	2368	tags=47%, list=10%, signal=52%	
REGULATION OF TRANSLATIONAL INITIATION%GOBP%GO:0006446	REGULATION OF TRANSLATIONAL INITIATION%GOBP%GO:0006446		86	-0.38753328	-1.5578392	0.012578616	0.33421344	1.0	4612	tags=43%, list=19%, signal=53%	
ERAD PATHWAY%GOBP%GO:0036503	ERAD PATHWAY%GOBP%GO:0036503		92	-0.3849243	-1.5540627	0.0	0.34023273	1.0	2353	tags=22%, list=10%, signal=24%	
RESPIRATORY SYNCYTIAL VIRUS (RSV) GENOME REPLICATION, TRANSCRIPTION AND TRANSLATION%REACTOME%R-HSA-9820965.1	RESPIRATORY SYNCYTIAL VIRUS (RSV) GENOME REPLICATION, TRANSCRIPTION AND TRANSLATION%REACTOME%R-HSA-9820965.1		17	-0.56416386	-1.5508783	0.029605264	0.3446732	1.0	1303	tags=29%, list=5%, signal=31%	
DISEASES ASSOCIATED WITH N-GLYCOSYLATION OF PROTEINS%REACTOME DATABASE ID RELEASE 95%3781860	DISEASES ASSOCIATED WITH N-GLYCOSYLATION OF PROTEINS%REACTOME DATABASE ID RELEASE 95%3781860		20	-0.5451634	-1.5493025	0.017421603	0.34540784	1.0	1805	tags=35%, list=7%, signal=38%	
DIHYDROPYRIMIDINE DEHYDROGENASE DEFICIENCY (DHPD)%SMPDB%SMP0000179	DIHYDROPYRIMIDINE DEHYDROGENASE DEFICIENCY (DHPD)%SMPDB%SMP0000179		24	-0.49879098	-1.5489384	0.007352941	0.3429314	1.0	2976	tags=50%, list=12%, signal=57%	
PARASITE INFECTION%REACTOME%R-HSA-9664407.3	PARASITE INFECTION%REACTOME%R-HSA-9664407.3		119	-0.37055004	-1.544702	0.0	0.35030386	1.0	4649	tags=39%, list=19%, signal=47%	
NON-KETOTIC HYPERGLYCINEMIA%PATHWHIZ%PW000209	NON-KETOTIC HYPERGLYCINEMIA%PATHWHIZ%PW000209		24	-0.49879098	-1.5410643	0.018726591	0.35577056	1.0	2976	tags=50%, list=12%, signal=57%	
CYTOSOLIC TRNA AMINOACYLATION%REACTOME DATABASE ID RELEASE 95%379716	CYTOSOLIC TRNA AMINOACYLATION%REACTOME DATABASE ID RELEASE 95%379716		23	-0.5011464	-1.5396203	0.03041825	0.35586867	1.0	2747	tags=30%, list=11%, signal=34%	
HALLMARK_GLYCOLYSIS%MSIGDBHALLMARK%HALLMARK_GLYCOLYSIS	HALLMARK_GLYCOLYSIS%MSIGDBHALLMARK%HALLMARK_GLYCOLYSIS		153	-0.35815492	-1.5371246	0.0	0.35873207	1.0	2017	tags=16%, list=8%, signal=17%	
3-PHOSPHOGLYCERATE DEHYDROGENASE DEFICIENCY%SMPDB%SMP0000721	3-PHOSPHOGLYCERATE DEHYDROGENASE DEFICIENCY%SMPDB%SMP0000721		24	-0.49879098	-1.5364808	0.036363635	0.35725647	1.0	2976	tags=50%, list=12%, signal=57%	
HYPERGLYCINEMIA, NON-KETOTIC%SMPDB%SMP0000485	HYPERGLYCINEMIA, NON-KETOTIC%SMPDB%SMP0000485		24	-0.49879098	-1.5347595	0.020066889	0.3582092	1.0	2976	tags=50%, list=12%, signal=57%	
GLYCINE AND SERINE METABOLISM%SMPDB%SMP0000004	GLYCINE AND SERINE METABOLISM%SMPDB%SMP0000004		24	-0.49879098	-1.53456	0.025830258	0.35550353	1.0	2976	tags=50%, list=12%, signal=57%	
DIMETHYLGLYCINE DEHYDROGENASE DEFICIENCY%SMPDB%SMP0000484	DIMETHYLGLYCINE DEHYDROGENASE DEFICIENCY%SMPDB%SMP0000484		24	-0.49879098	-1.5340357	0.027303753	0.35362607	1.0	2976	tags=50%, list=12%, signal=57%	
COPI-DEPENDENT GOLGI-TO-ER RETROGRADE TRAFFIC%REACTOME DATABASE ID RELEASE 95%6811434	COPI-DEPENDENT GOLGI-TO-ER RETROGRADE TRAFFIC%REACTOME DATABASE ID RELEASE 95%6811434		82	-0.38930294	-1.5331829	0.0	0.35260576	1.0	3014	tags=28%, list=12%, signal=32%	
PROTEIN TRANSMEMBRANE TRANSPORT%GOBP%GO:0071806	PROTEIN TRANSMEMBRANE TRANSPORT%GOBP%GO:0071806		59	-0.41306326	-1.5331808	0.009708738	0.3495759	1.0	4759	tags=44%, list=19%, signal=55%	
DIMETHYLGLYCINE DEHYDROGENASE DEFICIENCY%SMPDB%SMP0000242	DIMETHYLGLYCINE DEHYDROGENASE DEFICIENCY%SMPDB%SMP0000242		24	-0.49879098	-1.5278064	0.037542664	0.3599349	1.0	2976	tags=50%, list=12%, signal=57%	
FCERI MEDIATED CA+2 MOBILIZATION%REACTOME DATABASE ID RELEASE 95%2871809	FCERI MEDIATED CA+2 MOBILIZATION%REACTOME DATABASE ID RELEASE 95%2871809		85	-0.38708988	-1.5271825	0.01183432	0.35832134	1.0	4837	tags=46%, list=20%, signal=57%	
L13A-MEDIATED TRANSLATIONAL SILENCING OF CERULOPLASMIN EXPRESSION%REACTOME%R-HSA-156827.5	L13A-MEDIATED TRANSLATIONAL SILENCING OF CERULOPLASMIN EXPRESSION%REACTOME%R-HSA-156827.5		111	-0.36663762	-1.5223583	0.0	0.36704114	1.0	5877	tags=38%, list=24%, signal=50%	
REGULATION OF ACTIN DYNAMICS FOR PHAGOCYTIC CUP FORMATION%REACTOME DATABASE ID RELEASE 95%2029482	REGULATION OF ACTIN DYNAMICS FOR PHAGOCYTIC CUP FORMATION%REACTOME DATABASE ID RELEASE 95%2029482		122	-0.36318102	-1.5196723	0.0	0.37105963	1.0	4649	tags=38%, list=19%, signal=46%	
DISEASES OF GLYCOSYLATION%REACTOME DATABASE ID RELEASE 95%3781865	DISEASES OF GLYCOSYLATION%REACTOME DATABASE ID RELEASE 95%3781865		145	-0.35010967	-1.514694	0.0	0.3805991	1.0	1805	tags=19%, list=7%, signal=20%	
NEGATIVE REGULATION OF INTRINSIC APOPTOTIC SIGNALING PATHWAY%GOBP%GO:2001243	NEGATIVE REGULATION OF INTRINSIC APOPTOTIC SIGNALING PATHWAY%GOBP%GO:2001243		77	-0.38782907	-1.5078346	0.0051282053	0.39455947	1.0	3087	tags=26%, list=13%, signal=30%	
SARCOSINEMIA%SMPDB%SMP0000244	SARCOSINEMIA%SMPDB%SMP0000244		24	-0.49879098	-1.5020425	0.050179213	0.40657464	1.0	2976	tags=50%, list=12%, signal=57%	
HEDGEHOG LIGAND BIOGENESIS%REACTOME%R-HSA-5358346.2	HEDGEHOG LIGAND BIOGENESIS%REACTOME%R-HSA-5358346.2		52	-0.41080463	-1.4996948	0.014851485	0.4096452	1.0	4658	tags=44%, list=19%, signal=55%	
HALLMARK_MYC_TARGETS_V2%MSIGDBHALLMARK%HALLMARK_MYC_TARGETS_V2	HALLMARK_MYC_TARGETS_V2%MSIGDBHALLMARK%HALLMARK_MYC_TARGETS_V2		47	-0.41742665	-1.4948152	0.00921659	0.41917136	1.0	3023	tags=32%, list=12%, signal=36%	
FORMATION OF THE TERNARY COMPLEX, AND SUBSEQUENTLY, THE 43S COMPLEX%REACTOME%R-HSA-72695.4	FORMATION OF THE TERNARY COMPLEX, AND SUBSEQUENTLY, THE 43S COMPLEX%REACTOME%R-HSA-72695.4		52	-0.41473413	-1.493951	0.019607844	0.4180921	1.0	5797	tags=37%, list=24%, signal=48%	
INTRACELLULAR PROTEIN TRANSMEMBRANE TRANSPORT%GOBP%GO:0065002	INTRACELLULAR PROTEIN TRANSMEMBRANE TRANSPORT%GOBP%GO:0065002		29	-0.46652696	-1.4935949	0.038610037	0.4156758	1.0	1230	tags=24%, list=5%, signal=25%	
DEGRADATION OF CRY AND PER PROTEINS%REACTOME DATABASE ID RELEASE 95%9932298	DEGRADATION OF CRY AND PER PROTEINS%REACTOME DATABASE ID RELEASE 95%9932298		48	-0.41580614	-1.4890544	0.021459227	0.4246886	1.0	4964	tags=44%, list=20%, signal=55%	
RETROGRADE VESICLE-MEDIATED TRANSPORT, GOLGI TO ENDOPLASMIC RETICULUM%GOBP%GO:0006890	RETROGRADE VESICLE-MEDIATED TRANSPORT, GOLGI TO ENDOPLASMIC RETICULUM%GOBP%GO:0006890		51	-0.40881175	-1.4888006	0.0038910506	0.42219684	1.0	3738	tags=35%, list=15%, signal=42%	
SUPERPATHWAY OF METHIONINE DEGRADATION%BIOCYC%PWY-5328	SUPERPATHWAY OF METHIONINE DEGRADATION%BIOCYC%PWY-5328		20	-0.50272167	-1.4878113	0.025270758	0.42163283	1.0	1040	tags=30%, list=4%, signal=31%	
REGULATION OF ORNITHINE DECARBOXYLASE (ODC)%REACTOME%R-HSA-350562.6	REGULATION OF ORNITHINE DECARBOXYLASE (ODC)%REACTOME%R-HSA-350562.6		38	-0.4340076	-1.4828591	0.01908397	0.4324442	1.0	4658	tags=39%, list=19%, signal=49%	
TRANSMISSION OF NERVE IMPULSE%GOBP%GO:0019226	TRANSMISSION OF NERVE IMPULSE%GOBP%GO:0019226		28	-0.46708867	-1.4811659	0.027131783	0.43402338	1.0	2263	tags=29%, list=9%, signal=31%	
ER TO GOLGI ANTEROGRADE TRANSPORT%REACTOME%R-HSA-199977.6	ER TO GOLGI ANTEROGRADE TRANSPORT%REACTOME%R-HSA-199977.6		137	-0.3503777	-1.4802502	0.0	0.4334867	1.0	2959	tags=28%, list=12%, signal=32%	
ESTABLISHMENT OF ENDOTHELIAL BARRIER%GOBP%GO:0061028	ESTABLISHMENT OF ENDOTHELIAL BARRIER%GOBP%GO:0061028		25	-0.47320306	-1.477423	0.041984733	0.43787774	1.0	1418	tags=20%, list=6%, signal=21%	
POTENTIAL THERAPEUTICS FOR SARS%REACTOME%R-HSA-9679191.5	POTENTIAL THERAPEUTICS FOR SARS%REACTOME%R-HSA-9679191.5		156	-0.3463608	-1.4769001	0.0	0.43598023	1.0	4825	tags=37%, list=20%, signal=45%	
KINETOCHORE ASSEMBLY%GOBP%GO:0051382	KINETOCHORE ASSEMBLY%GOBP%GO:0051382		22	-0.4992558	-1.4743845	0.061818182	0.43989724	1.0	1930	tags=27%, list=8%, signal=30%	
SYNDECAN-3-MEDIATED SIGNALING EVENTS%PATHWAY INTERACTION DATABASE NCI-NATURE CURATED DATA%SYNDECAN-3-MEDIATED SIGNALING EVENTS	SYNDECAN-3-MEDIATED SIGNALING EVENTS%PATHWAY INTERACTION DATABASE NCI-NATURE CURATED DATA%SYNDECAN-3-MEDIATED SIGNALING EVENTS		21	-0.49128637	-1.4739114	0.042402826	0.43788305	1.0	3178	tags=33%, list=13%, signal=38%	
REGULATION OF PD-L1(CD274) POST-TRANSLATIONAL MODIFICATION%REACTOME DATABASE ID RELEASE 95%9909615	REGULATION OF PD-L1(CD274) POST-TRANSLATIONAL MODIFICATION%REACTOME DATABASE ID RELEASE 95%9909615		86	-0.37193748	-1.472664	0.006134969	0.4383034	1.0	4688	tags=38%, list=19%, signal=47%	
GAMMA CARBOXYLATION, HYPUSINYLATION, HYDROXYLATION, AND ARYLSULFATASE ACTIVATION%REACTOME DATABASE ID RELEASE 95%163841	GAMMA CARBOXYLATION, HYPUSINYLATION, HYDROXYLATION, AND ARYLSULFATASE ACTIVATION%REACTOME DATABASE ID RELEASE 95%163841		61	-0.39033434	-1.4690272	0.005291005	0.44595435	1.0	2164	tags=21%, list=9%, signal=23%	
GOLGI-TO-ER RETROGRADE TRANSPORT%REACTOME DATABASE ID RELEASE 95%8856688	GOLGI-TO-ER RETROGRADE TRANSPORT%REACTOME DATABASE ID RELEASE 95%8856688		116	-0.34617567	-1.466606	0.0	0.44943145	1.0	3014	tags=27%, list=12%, signal=30%	
HEDGEHOG%IOB%HEDGEHOG	HEDGEHOG%IOB%HEDGEHOG		23	-0.48663518	-1.463827	0.043333333	0.45507872	1.0	1871	tags=26%, list=8%, signal=28%	
HUMORAL IMMUNE RESPONSE MEDIATED BY CIRCULATING IMMUNOGLOBULIN%GOBP%GO:0002455	HUMORAL IMMUNE RESPONSE MEDIATED BY CIRCULATING IMMUNOGLOBULIN%GOBP%GO:0002455		17	-0.5307846	-1.4608958	0.06101695	0.46071756	1.0	3473	tags=47%, list=14%, signal=55%	
EPITHELIAL STRUCTURE MAINTENANCE%GOBP%GO:0010669	EPITHELIAL STRUCTURE MAINTENANCE%GOBP%GO:0010669		33	-0.4374128	-1.4594595	0.044176705	0.46186095	1.0	1677	tags=18%, list=7%, signal=19%	
CELLULAR RESPONSE TO HEAT%GOBP%GO:0034605	CELLULAR RESPONSE TO HEAT%GOBP%GO:0034605		38	-0.42563012	-1.4576801	0.016949153	0.4639423	1.0	3441	tags=26%, list=14%, signal=31%	
ISOPRENOID BIOSYNTHETIC PROCESS%GOBP%GO:0008299	ISOPRENOID BIOSYNTHETIC PROCESS%GOBP%GO:0008299		22	-0.46547154	-1.4562887	0.06521739	0.4648806	1.0	3567	tags=32%, list=15%, signal=37%	
FC EPSILON RECEPTOR (FCERI) SIGNALING%REACTOME DATABASE ID RELEASE 95%2454202	FC EPSILON RECEPTOR (FCERI) SIGNALING%REACTOME DATABASE ID RELEASE 95%2454202		174	-0.3360724	-1.4533569	0.012987013	0.47031233	1.0	4690	tags=37%, list=19%, signal=46%	
REGULATION OF BLOOD VESSEL ENDOTHELIAL CELL PROLIFERATION INVOLVED IN SPROUTING ANGIOGENESIS%GOBP%GO:1903587	REGULATION OF BLOOD VESSEL ENDOTHELIAL CELL PROLIFERATION INVOLVED IN SPROUTING ANGIOGENESIS%GOBP%GO:1903587		18	-0.51559705	-1.452887	0.05821918	0.46857715	1.0	1168	tags=22%, list=5%, signal=23%	
ATF4 ACTIVATES GENES IN RESPONSE TO ENDOPLASMIC RETICULUM STRESS%REACTOME%R-HSA-380994.5	ATF4 ACTIVATES GENES IN RESPONSE TO ENDOPLASMIC RETICULUM STRESS%REACTOME%R-HSA-380994.5		27	-0.45879415	-1.4513661	0.043771043	0.4699878	1.0	3489	tags=33%, list=14%, signal=39%	
ANK2 PATHWAY IN EPILEPSY DEVELOPMENT%WIKIPATHWAYS_20260211%WP5557%HOMO SAPIENS	ANK2 PATHWAY IN EPILEPSY DEVELOPMENT%WIKIPATHWAYS_20260211%WP5557%HOMO SAPIENS		17	-0.5323636	-1.4481127	0.06622516	0.47684282	1.0	2738	tags=47%, list=11%, signal=53%	
NEGATIVE REGULATION OF STRIATED MUSCLE CELL DIFFERENTIATION%GOBP%GO:0051154	NEGATIVE REGULATION OF STRIATED MUSCLE CELL DIFFERENTIATION%GOBP%GO:0051154		17	-0.49898753	-1.4414786	0.051446944	0.4939667	1.0	3757	tags=41%, list=15%, signal=49%	
DEFECTIVE CFTR CAUSES CYSTIC FIBROSIS%REACTOME%R-HSA-5678895.5	DEFECTIVE CFTR CAUSES CYSTIC FIBROSIS%REACTOME%R-HSA-5678895.5		48	-0.40684396	-1.4390893	0.023923445	0.49808326	1.0	4658	tags=44%, list=19%, signal=54%	
REGULATION OF KETONE BIOSYNTHETIC PROCESS%GOBP%GO:0010566	REGULATION OF KETONE BIOSYNTHETIC PROCESS%GOBP%GO:0010566		19	-0.50712365	-1.4382135	0.0660066	0.49774635	1.0	558	tags=16%, list=2%, signal=16%	
METABOLISM OF POLYAMINES%REACTOME%R-HSA-351202.7	METABOLISM OF POLYAMINES%REACTOME%R-HSA-351202.7		45	-0.40289786	-1.4365349	0.01746725	0.4995039	1.0	4658	tags=42%, list=19%, signal=52%	
PID_FRA_PATHWAY%MSIGDB_C2%PID_FRA_PATHWAY	PID_FRA_PATHWAY%MSIGDB_C2%PID_FRA_PATHWAY		33	-0.43587083	-1.4362487	0.051660515	0.4971957	1.0	2429	tags=21%, list=10%, signal=24%	
REGULATION OF NEURON MIGRATION%GOBP%GO:2001222	REGULATION OF NEURON MIGRATION%GOBP%GO:2001222		33	-0.43859136	-1.4337704	0.03515625	0.5014538	1.0	3537	tags=27%, list=14%, signal=32%	
TERMINATION OF O-GLYCAN BIOSYNTHESIS%REACTOME DATABASE ID RELEASE 95%977068	TERMINATION OF O-GLYCAN BIOSYNTHESIS%REACTOME DATABASE ID RELEASE 95%977068		25	-0.46360135	-1.4312972	0.06859206	0.5062739	1.0	1060	tags=20%, list=4%, signal=21%	
LEISHMANIA PARASITE GROWTH AND SURVIVAL%REACTOME DATABASE ID RELEASE 95%9664433	LEISHMANIA PARASITE GROWTH AND SURVIVAL%REACTOME DATABASE ID RELEASE 95%9664433		136	-0.3339747	-1.4311556	0.00862069	0.5036201	1.0	4649	tags=35%, list=19%, signal=43%	
DEFECTIVE B4GALT7 CAUSES EDS, PROGEROID TYPE%REACTOME DATABASE ID RELEASE 95%3560783	DEFECTIVE B4GALT7 CAUSES EDS, PROGEROID TYPE%REACTOME DATABASE ID RELEASE 95%3560783		20	-0.4789705	-1.4288292	0.071428575	0.5080442	1.0	660	tags=15%, list=3%, signal=15%	
OSTEOARTHRITIC CHONDROCYTE HYPERTROPHY%WIKIPATHWAYS_20260211%WP5373%HOMO SAPIENS	OSTEOARTHRITIC CHONDROCYTE HYPERTROPHY%WIKIPATHWAYS_20260211%WP5373%HOMO SAPIENS		42	-0.41228247	-1.4286993	0.042918455	0.5053029	1.0	1334	tags=17%, list=5%, signal=18%	
ANTERIOR/POSTERIOR PATTERN SPECIFICATION%GOBP%GO:0009952	ANTERIOR/POSTERIOR PATTERN SPECIFICATION%GOBP%GO:0009952		92	-0.3530581	-1.4259361	0.006451613	0.5110368	1.0	3883	tags=29%, list=16%, signal=35%	
HINDBRAIN DEVELOPMENT%GOBP%GO:0030902	HINDBRAIN DEVELOPMENT%GOBP%GO:0030902		43	-0.40655455	-1.4242845	0.037383176	0.5132145	1.0	4315	tags=37%, list=18%, signal=45%	
PROTEIN TARGETING TO MEMBRANE%GOBP%GO:0006612	PROTEIN TARGETING TO MEMBRANE%GOBP%GO:0006612		81	-0.3635303	-1.422761	0.025316456	0.5149069	1.0	3344	tags=26%, list=14%, signal=30%	
HINT1 PATHWAY%WIKIPATHWAYS_20260211%WP5523%HOMO SAPIENS	HINT1 PATHWAY%WIKIPATHWAYS_20260211%WP5523%HOMO SAPIENS		20	-0.4848736	-1.4185114	0.07119741	0.5251314	1.0	5628	tags=70%, list=23%, signal=91%	
REGULATION OF PROTEIN EXPORT FROM NUCLEUS%GOBP%GO:0046825	REGULATION OF PROTEIN EXPORT FROM NUCLEUS%GOBP%GO:0046825		24	-0.46236172	-1.4170865	0.060606062	0.5265453	1.0	1885	tags=21%, list=8%, signal=23%	
REGULATION OF INTRINSIC APOPTOTIC SIGNALING PATHWAY%GOBP%GO:2001242	REGULATION OF INTRINSIC APOPTOTIC SIGNALING PATHWAY%GOBP%GO:2001242		129	-0.33591586	-1.4140359	0.0091743115	0.5335977	1.0	3196	tags=22%, list=13%, signal=25%	
TRANSLATIONAL INITIATION%GOBP%GO:0006413	TRANSLATIONAL INITIATION%GOBP%GO:0006413		59	-0.37009543	-1.4117832	0.013761468	0.5376208	1.0	4713	tags=39%, list=19%, signal=48%	
ANTI-INFLAMMATORY RESPONSE FAVOURING LEISHMANIA PARASITE INFECTION%REACTOME%R-HSA-9662851.3	ANTI-INFLAMMATORY RESPONSE FAVOURING LEISHMANIA PARASITE INFECTION%REACTOME%R-HSA-9662851.3		136	-0.3339747	-1.4078183	0.0	0.5477483	1.0	4649	tags=35%, list=19%, signal=43%	
REGULATION OF COMPLEMENT CASCADE%REACTOME%R-HSA-977606.8	REGULATION OF COMPLEMENT CASCADE%REACTOME%R-HSA-977606.8		107	-0.3453445	-1.4075205	0.007874016	0.5454579	1.0	4649	tags=39%, list=19%, signal=48%	
HALLMARK_HYPOXIA%MSIGDBHALLMARK%HALLMARK_HYPOXIA	HALLMARK_HYPOXIA%MSIGDBHALLMARK%HALLMARK_HYPOXIA		141	-0.3272973	-1.4070057	0.01010101	0.5438411	1.0	2397	tags=19%, list=10%, signal=21%	
REGULATION OF ACTIVATED PAK-2P34 BY PROTEASOME MEDIATED DEGRADATION%REACTOME DATABASE ID RELEASE 95%211733	REGULATION OF ACTIVATED PAK-2P34 BY PROTEASOME MEDIATED DEGRADATION%REACTOME DATABASE ID RELEASE 95%211733		37	-0.41263247	-1.4052602	0.03984064	0.54702806	1.0	4658	tags=43%, list=19%, signal=53%	
PID_ATM_PATHWAY%MSIGDB_C2%PID_ATM_PATHWAY	PID_ATM_PATHWAY%MSIGDB_C2%PID_ATM_PATHWAY		24	-0.46432477	-1.4018016	0.056179777	0.55540633	1.0	357	tags=13%, list=1%, signal=13%	
RETINA LAYER FORMATION%GOBP%GO:0010842	RETINA LAYER FORMATION%GOBP%GO:0010842		15	-0.52240545	-1.4003236	0.084690556	0.55733126	1.0	1294	tags=20%, list=5%, signal=21%	
PROTEIN FOLDING%GOBP%GO:0006457	PROTEIN FOLDING%GOBP%GO:0006457		176	-0.30676854	-1.3980378	0.0	0.56207	1.0	4052	tags=26%, list=17%, signal=30%	
REGULATION OF ENDOPLASMIC RETICULUM STRESS-INDUCED INTRINSIC APOPTOTIC SIGNALING PATHWAY%GOBP%GO:1902235	REGULATION OF ENDOPLASMIC RETICULUM STRESS-INDUCED INTRINSIC APOPTOTIC SIGNALING PATHWAY%GOBP%GO:1902235		25	-0.45412806	-1.3974146	0.08275862	0.56096727	1.0	3095	tags=28%, list=13%, signal=32%	
DEGRADATION OF DVL%REACTOME%R-HSA-4641258.3	DEGRADATION OF DVL%REACTOME%R-HSA-4641258.3		44	-0.40649235	-1.3924956	0.05263158	0.5749045	1.0	4976	tags=45%, list=20%, signal=57%	
TRANSPORT TO THE GOLGI AND SUBSEQUENT MODIFICATION%REACTOME%R-HSA-948021.4	TRANSPORT TO THE GOLGI AND SUBSEQUENT MODIFICATION%REACTOME%R-HSA-948021.4		168	-0.31665435	-1.3898878	0.011235955	0.58042485	1.0	2959	tags=26%, list=12%, signal=30%	
METABOLIC PATHWAYS OF FIBROBLASTS%WIKIPATHWAYS_20260211%WP5312%HOMO SAPIENS	METABOLIC PATHWAYS OF FIBROBLASTS%WIKIPATHWAYS_20260211%WP5312%HOMO SAPIENS		22	-0.46224278	-1.382922	0.062043797	0.60176396	1.0	2652	tags=23%, list=11%, signal=25%	
THE CANONICAL RETINOID CYCLE IN RODS (TWILIGHT VISION)%REACTOME%R-HSA-2453902.7	THE CANONICAL RETINOID CYCLE IN RODS (TWILIGHT VISION)%REACTOME%R-HSA-2453902.7		22	-0.4694025	-1.380221	0.07936508	0.60816646	1.0	1709	tags=18%, list=7%, signal=20%	
POST-CHAPERONIN TUBULIN FOLDING PATHWAY%REACTOME DATABASE ID RELEASE 95%389977	POST-CHAPERONIN TUBULIN FOLDING PATHWAY%REACTOME DATABASE ID RELEASE 95%389977		23	-0.4612206	-1.3800076	0.06920415	0.6056116	1.0	1937	tags=22%, list=8%, signal=24%	
AUF1 (HNRNP D0) BINDS AND DESTABILIZES MRNA%REACTOME DATABASE ID RELEASE 95%450408	AUF1 (HNRNP D0) BINDS AND DESTABILIZES MRNA%REACTOME DATABASE ID RELEASE 95%450408		41	-0.4009172	-1.3797592	0.050209206	0.6031469	1.0	4658	tags=41%, list=19%, signal=51%	
VISUAL CYCLE%WIKIPATHWAYS_20260211%WP5534%HOMO SAPIENS	VISUAL CYCLE%WIKIPATHWAYS_20260211%WP5534%HOMO SAPIENS		15	-0.5086266	-1.379527	0.099378884	0.60086167	1.0	1363	tags=13%, list=6%, signal=14%	
GSK3B AND BTRC:CUL1-MEDIATED-DEGRADATION OF NFE2L2%REACTOME DATABASE ID RELEASE 95%9762114	GSK3B AND BTRC:CUL1-MEDIATED-DEGRADATION OF NFE2L2%REACTOME DATABASE ID RELEASE 95%9762114		42	-0.396796	-1.3766824	0.038135592	0.6078587	1.0	4658	tags=40%, list=19%, signal=50%	
NEGATIVE REGULATION OF STEM CELL POPULATION MAINTENANCE%GOBP%GO:1902455	NEGATIVE REGULATION OF STEM CELL POPULATION MAINTENANCE%GOBP%GO:1902455		21	-0.45581317	-1.3733895	0.09246575	0.61704636	1.0	3725	tags=29%, list=15%, signal=34%	
PROTEIN HYDROXYLATION%REACTOME DATABASE ID RELEASE 95%9629569	PROTEIN HYDROXYLATION%REACTOME DATABASE ID RELEASE 95%9629569		20	-0.4749514	-1.3717757	0.06360424	0.6193978	1.0	4651	tags=45%, list=19%, signal=56%	
PROTEASOME ASSEMBLY%REACTOME%R-HSA-9907900.1	PROTEASOME ASSEMBLY%REACTOME%R-HSA-9907900.1		52	-0.36802843	-1.3708662	0.02631579	0.61933124	1.0	4658	tags=37%, list=19%, signal=45%	
PROTEIN LOCALIZATION TO ENDOPLASMIC RETICULUM%GOBP%GO:0070972	PROTEIN LOCALIZATION TO ENDOPLASMIC RETICULUM%GOBP%GO:0070972		26	-0.44162205	-1.370779	0.073800735	0.61635965	1.0	2397	tags=23%, list=10%, signal=26%	
NEGATIVE REGULATION OF FOCAL ADHESION ASSEMBLY%GOBP%GO:0051895	NEGATIVE REGULATION OF FOCAL ADHESION ASSEMBLY%GOBP%GO:0051895		18	-0.48255998	-1.3700144	0.099071205	0.61570805	1.0	2795	tags=28%, list=11%, signal=31%	
KINETOCHORE ORGANIZATION%GOBP%GO:0051383	KINETOCHORE ORGANIZATION%GOBP%GO:0051383		24	-0.4433803	-1.3669815	0.08	0.6235697	1.0	1930	tags=25%, list=8%, signal=27%	
GDNF RET SIGNALING AXIS%WIKIPATHWAYS_20260211%WP4830%HOMO SAPIENS	GDNF RET SIGNALING AXIS%WIKIPATHWAYS_20260211%WP4830%HOMO SAPIENS		29	-0.42581338	-1.3667113	0.062015504	0.62138784	1.0	4718	tags=34%, list=19%, signal=43%	
FBXL7 DOWN-REGULATES AURKA DURING MITOTIC ENTRY AND IN EARLY MITOSIS%REACTOME DATABASE ID RELEASE 95%8854050	FBXL7 DOWN-REGULATES AURKA DURING MITOTIC ENTRY AND IN EARLY MITOSIS%REACTOME DATABASE ID RELEASE 95%8854050		42	-0.39258948	-1.3651079	0.057777777	0.6235886	1.0	4658	tags=40%, list=19%, signal=50%	
DORSAL/VENTRAL PATTERN FORMATION%GOBP%GO:0009953	DORSAL/VENTRAL PATTERN FORMATION%GOBP%GO:0009953		37	-0.38544157	-1.3611355	0.056338027	0.6351869	1.0	4345	tags=38%, list=18%, signal=46%	
SOMITOGENESIS%REACTOME DATABASE ID RELEASE 95%9824272	SOMITOGENESIS%REACTOME DATABASE ID RELEASE 95%9824272		45	-0.38119814	-1.3600658	0.062200956	0.6359292	1.0	4658	tags=42%, list=19%, signal=52%	
MYOGENESIS%REACTOME DATABASE ID RELEASE 95%525793	MYOGENESIS%REACTOME DATABASE ID RELEASE 95%525793		27	-0.42768374	-1.3585407	0.07526882	0.6384393	1.0	4693	tags=33%, list=19%, signal=41%	
VIF-MEDIATED DEGRADATION OF APOBEC3G%REACTOME DATABASE ID RELEASE 95%180585	VIF-MEDIATED DEGRADATION OF APOBEC3G%REACTOME DATABASE ID RELEASE 95%180585		40	-0.39689088	-1.3550932	0.056074765	0.6485908	1.0	4658	tags=43%, list=19%, signal=52%	
POSITIVE REGULATION OF HIPPO SIGNALING%GOBP%GO:0035332	POSITIVE REGULATION OF HIPPO SIGNALING%GOBP%GO:0035332		16	-0.48935306	-1.3539053	0.116838485	0.64980227	1.0	2751	tags=25%, list=11%, signal=28%	
PROTEIN SYNTHESIS: SERINE%PATHWHIZ%PW120517	PROTEIN SYNTHESIS: SERINE%PATHWHIZ%PW120517		79	-0.34420264	-1.353403	0.023809524	0.64839834	1.0	6023	tags=35%, list=25%, signal=47%	
TRNA WOBBLE URIDINE MODIFICATION%GOBP%GO:0002098	TRNA WOBBLE URIDINE MODIFICATION%GOBP%GO:0002098		19	-0.4670418	-1.3533322	0.08305648	0.6453515	1.0	2634	tags=37%, list=11%, signal=41%	
GLYCOGEN CATABOLIC PROCESS%GOBP%GO:0005980	GLYCOGEN CATABOLIC PROCESS%GOBP%GO:0005980		21	-0.45970765	-1.3501729	0.06802721	0.65412605	1.0	5872	tags=52%, list=24%, signal=69%	
AMPK REGULATION OF MAMMARY MILK PROTEIN SYNTHESIS%WIKIPATHWAYS_20260211%WP5492%HOMO SAPIENS	AMPK REGULATION OF MAMMARY MILK PROTEIN SYNTHESIS%WIKIPATHWAYS_20260211%WP5492%HOMO SAPIENS		20	-0.45821846	-1.3486784	0.10576923	0.65650743	1.0	3357	tags=30%, list=14%, signal=35%	
FORMATION OF A POOL OF FREE 40S SUBUNITS%REACTOME%R-HSA-72689.3	FORMATION OF A POOL OF FREE 40S SUBUNITS%REACTOME%R-HSA-72689.3		101	-0.33482718	-1.347303	0.022058824	0.6584087	1.0	6117	tags=38%, list=25%, signal=50%	
HALLMARK_MYC_TARGETS_V1%MSIGDBHALLMARK%HALLMARK_MYC_TARGETS_V1	HALLMARK_MYC_TARGETS_V1%MSIGDBHALLMARK%HALLMARK_MYC_TARGETS_V1		150	-0.31287506	-1.3462263	0.01	0.65934217	1.0	4681	tags=37%, list=19%, signal=45%	
REGULATION OF IRE1-MEDIATED UNFOLDED PROTEIN RESPONSE%GOBP%GO:1903894	REGULATION OF IRE1-MEDIATED UNFOLDED PROTEIN RESPONSE%GOBP%GO:1903894		15	-0.49283433	-1.3460662	0.11356467	0.6566248	1.0	2121	tags=33%, list=9%, signal=36%	
EMBRYONIC SKELETAL SYSTEM MORPHOGENESIS%GOBP%GO:0048704	EMBRYONIC SKELETAL SYSTEM MORPHOGENESIS%GOBP%GO:0048704		40	-0.39524198	-1.3453312	0.054744527	0.65621984	1.0	4903	tags=35%, list=20%, signal=44%	
CHONDROCYTE DIFFERENTIATION%GOBP%GO:0002062	CHONDROCYTE DIFFERENTIATION%GOBP%GO:0002062		36	-0.41001737	-1.3434889	0.08661418	0.66034985	1.0	818	tags=14%, list=3%, signal=14%	
POSITIVE REGULATION OF CYTOPLASMIC TRANSLATION%GOBP%GO:2000767	POSITIVE REGULATION OF CYTOPLASMIC TRANSLATION%GOBP%GO:2000767		17	-0.48385078	-1.3427749	0.096666664	0.65996635	1.0	3853	tags=41%, list=16%, signal=49%	
SYNDECAN-1-MEDIATED SIGNALING EVENTS%PATHWAY INTERACTION DATABASE NCI-NATURE CURATED DATA%SYNDECAN-1-MEDIATED SIGNALING EVENTS	SYNDECAN-1-MEDIATED SIGNALING EVENTS%PATHWAY INTERACTION DATABASE NCI-NATURE CURATED DATA%SYNDECAN-1-MEDIATED SIGNALING EVENTS		38	-0.38322154	-1.3416766	0.04819277	0.66102034	1.0	1375	tags=21%, list=6%, signal=22%	
RIBOSOMAL LARGE SUBUNIT BIOGENESIS%GOBP%GO:0042273	RIBOSOMAL LARGE SUBUNIT BIOGENESIS%GOBP%GO:0042273		77	-0.33654797	-1.3388001	0.027210884	0.66821826	1.0	2972	tags=26%, list=12%, signal=29%	
UCH PROTEINASES%REACTOME DATABASE ID RELEASE 95%5689603	UCH PROTEINASES%REACTOME DATABASE ID RELEASE 95%5689603		81	-0.34014186	-1.3386595	0.03409091	0.66554534	1.0	4898	tags=41%, list=20%, signal=51%	
SYNTHESIS, SECRETION, AND DEACYLATION OF GHRELIN%REACTOME%R-HSA-422085.5	SYNTHESIS, SECRETION, AND DEACYLATION OF GHRELIN%REACTOME%R-HSA-422085.5		18	-0.46759537	-1.3348682	0.11347517	0.67706513	1.0	1303	tags=22%, list=5%, signal=23%	
FOXA1 TRANSCRIPTION FACTOR NETWORK%PATHWAY INTERACTION DATABASE NCI-NATURE CURATED DATA%FOXA1 TRANSCRIPTION FACTOR NETWORK	FOXA1 TRANSCRIPTION FACTOR NETWORK%PATHWAY INTERACTION DATABASE NCI-NATURE CURATED DATA%FOXA1 TRANSCRIPTION FACTOR NETWORK		44	-0.37786365	-1.3340296	0.050980393	0.6771316	1.0	3487	tags=30%, list=14%, signal=34%	
TRANSLESION SYNTHESIS BY POLH%REACTOME DATABASE ID RELEASE 95%110320	TRANSLESION SYNTHESIS BY POLH%REACTOME DATABASE ID RELEASE 95%110320		18	-0.47862726	-1.3336402	0.13157895	0.6754211	1.0	1865	tags=28%, list=8%, signal=30%	
RESPONSE TO ISCHEMIA%GOBP%GO:0002931	RESPONSE TO ISCHEMIA%GOBP%GO:0002931		26	-0.4186334	-1.3320796	0.08856089	0.6785145	1.0	4965	tags=42%, list=20%, signal=53%	
TYPE I COLLAGEN SYNTHESIS IN THE CONTEXT OF OSTEOGENESIS IMPERFECTA%WIKIPATHWAYS_20260211%WP4786%HOMO SAPIENS	TYPE I COLLAGEN SYNTHESIS IN THE CONTEXT OF OSTEOGENESIS IMPERFECTA%WIKIPATHWAYS_20260211%WP4786%HOMO SAPIENS		27	-0.40652224	-1.331142	0.07885305	0.67893696	1.0	2093	tags=19%, list=9%, signal=20%	
MITOCHONDRIAL UNFOLDED PROTEIN RESPONSE (UPRMT)%REACTOME%R-HSA-9841251.1	MITOCHONDRIAL UNFOLDED PROTEIN RESPONSE (UPRMT)%REACTOME%R-HSA-9841251.1		17	-0.4803682	-1.3305777	0.11254019	0.67804164	1.0	3195	tags=29%, list=13%, signal=34%	
RESPONSE OF EIF2AK4 (GCN2) TO AMINO ACID DEFICIENCY%REACTOME%R-HSA-9633012.4	RESPONSE OF EIF2AK4 (GCN2) TO AMINO ACID DEFICIENCY%REACTOME%R-HSA-9633012.4		101	-0.327218	-1.3300972	0.013888889	0.67666996	1.0	6117	tags=37%, list=25%, signal=49%	
NEGATIVE REGULATION OF ENDOPLASMIC RETICULUM STRESS-INDUCED INTRINSIC APOPTOTIC SIGNALING PATHWAY%GOBP%GO:1902236	NEGATIVE REGULATION OF ENDOPLASMIC RETICULUM STRESS-INDUCED INTRINSIC APOPTOTIC SIGNALING PATHWAY%GOBP%GO:1902236		16	-0.47997287	-1.328843	0.12037037	0.6784149	1.0	2353	tags=25%, list=10%, signal=28%	
NEGATIVE REGULATION OF CELL-SUBSTRATE JUNCTION ORGANIZATION%GOBP%GO:0150118	NEGATIVE REGULATION OF CELL-SUBSTRATE JUNCTION ORGANIZATION%GOBP%GO:0150118		19	-0.46586785	-1.3284553	0.11071429	0.6769206	1.0	2795	tags=26%, list=11%, signal=30%	
EXERCISE INDUCED CIRCADIAN REGULATION%WIKIPATHWAYS_20260211%WP410%HOMO SAPIENS	EXERCISE INDUCED CIRCADIAN REGULATION%WIKIPATHWAYS_20260211%WP410%HOMO SAPIENS		32	-0.4011167	-1.3280635	0.0859375	0.6754563	1.0	3974	tags=31%, list=16%, signal=37%	
NEGATIVE REGULATION OF ENDOPLASMIC RETICULUM UNFOLDED PROTEIN RESPONSE%GOBP%GO:1900102	NEGATIVE REGULATION OF ENDOPLASMIC RETICULUM UNFOLDED PROTEIN RESPONSE%GOBP%GO:1900102		17	-0.4753584	-1.3269274	0.112676054	0.6770281	1.0	2397	tags=29%, list=10%, signal=33%	
REGULATION OF RUNX2 EXPRESSION AND ACTIVITY%REACTOME DATABASE ID RELEASE 95%8939902	REGULATION OF RUNX2 EXPRESSION AND ACTIVITY%REACTOME DATABASE ID RELEASE 95%8939902		58	-0.34859946	-1.3228269	0.03076923	0.69009316	1.0	4658	tags=36%, list=19%, signal=45%	
PRE-NOTCH PROCESSING IN GOLGI%REACTOME DATABASE ID RELEASE 95%1912420	PRE-NOTCH PROCESSING IN GOLGI%REACTOME DATABASE ID RELEASE 95%1912420		18	-0.4627547	-1.3221885	0.12131148	0.68939906	1.0	693	tags=28%, list=3%, signal=29%	
COMPLEMENT CASCADE%REACTOME%R-HSA-166658.6	COMPLEMENT CASCADE%REACTOME%R-HSA-166658.6		117	-0.31113476	-1.3207268	0.03448276	0.6921794	1.0	4649	tags=36%, list=19%, signal=44%	
BIOCARTA_IL12_PATHWAY%MSIGDB_C2%BIOCARTA_IL12_PATHWAY	BIOCARTA_IL12_PATHWAY%MSIGDB_C2%BIOCARTA_IL12_PATHWAY		16	-0.48282424	-1.3187273	0.15047021	0.69708997	1.0	1298	tags=19%, list=5%, signal=20%	
PID_SYNDECAN_1_PATHWAY%MSIGDB_C2%PID_SYNDECAN_1_PATHWAY	PID_SYNDECAN_1_PATHWAY%MSIGDB_C2%PID_SYNDECAN_1_PATHWAY		37	-0.39066753	-1.3184918	0.071428575	0.6949434	1.0	1375	tags=19%, list=6%, signal=20%	
PID_HNF3A_PATHWAY%MSIGDB_C2%PID_HNF3A_PATHWAY	PID_HNF3A_PATHWAY%MSIGDB_C2%PID_HNF3A_PATHWAY		37	-0.3898556	-1.3159679	0.08097166	0.7018188	1.0	1551	tags=22%, list=6%, signal=23%	
PD-L1(CD274) GLYCOSYLATION AND TRANSLOCATION TO PLASMA MEMBRANE%REACTOME DATABASE ID RELEASE 95%9931295	PD-L1(CD274) GLYCOSYLATION AND TRANSLOCATION TO PLASMA MEMBRANE%REACTOME DATABASE ID RELEASE 95%9931295		17	-0.4628088	-1.3158289	0.110320285	0.6993308	1.0	4688	tags=47%, list=19%, signal=58%	
UBIQUITIN-DEPENDENT DEGRADATION OF CYCLIN D%REACTOME DATABASE ID RELEASE 95%75815	UBIQUITIN-DEPENDENT DEGRADATION OF CYCLIN D%REACTOME DATABASE ID RELEASE 95%75815		39	-0.38120323	-1.3157732	0.06666667	0.69645864	1.0	4658	tags=41%, list=19%, signal=51%	
FCGAMMA RECEPTOR (FCGR) DEPENDENT PHAGOCYTOSIS%REACTOME DATABASE ID RELEASE 95%2029480	FCGAMMA RECEPTOR (FCGR) DEPENDENT PHAGOCYTOSIS%REACTOME DATABASE ID RELEASE 95%2029480		146	-0.30853146	-1.3138406	0.027777778	0.70109	1.0	4649	tags=33%, list=19%, signal=40%	
NEGATIVE REGULATION OF NOTCH4 SIGNALING%REACTOME DATABASE ID RELEASE 95%9604323	NEGATIVE REGULATION OF NOTCH4 SIGNALING%REACTOME DATABASE ID RELEASE 95%9604323		43	-0.376492	-1.3135616	0.08755761	0.69911206	1.0	4658	tags=37%, list=19%, signal=46%	
VPU MEDIATED DEGRADATION OF CD4%REACTOME DATABASE ID RELEASE 95%180534	VPU MEDIATED DEGRADATION OF CD4%REACTOME DATABASE ID RELEASE 95%180534		39	-0.384438	-1.3130655	0.072289154	0.6980205	1.0	4658	tags=41%, list=19%, signal=51%	
POSITIVE REGULATION OF DEFENSE RESPONSE TO VIRUS BY HOST%GOBP%GO:0002230	POSITIVE REGULATION OF DEFENSE RESPONSE TO VIRUS BY HOST%GOBP%GO:0002230		27	-0.41303745	-1.3128617	0.0979021	0.6959956	1.0	5036	tags=37%, list=21%, signal=47%	
AUTOPHAGY%WIKIPATHWAYS_20260211%WP4923%HOMO SAPIENS	AUTOPHAGY%WIKIPATHWAYS_20260211%WP4923%HOMO SAPIENS		25	-0.42246598	-1.312745	0.1	0.693422	1.0	3724	tags=28%, list=15%, signal=33%	
DECTIN-2 FAMILY%REACTOME DATABASE ID RELEASE 95%5621480	DECTIN-2 FAMILY%REACTOME DATABASE ID RELEASE 95%5621480		28	-0.41435108	-1.310364	0.094545454	0.70002097	1.0	1060	tags=18%, list=4%, signal=19%	
NEGATIVE REGULATION OF CELL-MATRIX ADHESION%GOBP%GO:0001953	NEGATIVE REGULATION OF CELL-MATRIX ADHESION%GOBP%GO:0001953		34	-0.39876434	-1.3070345	0.0952381	0.7105165	1.0	2952	tags=26%, list=12%, signal=30%	
AGE RELATED MACULAR DEGENERATION%WIKIPATHWAYS_20260211%WP5526%HOMO SAPIENS	AGE RELATED MACULAR DEGENERATION%WIKIPATHWAYS_20260211%WP5526%HOMO SAPIENS		16	-0.47203606	-1.3041159	0.13071896	0.7188914	1.0	5240	tags=44%, list=21%, signal=56%	
REGULATION OF PROTEIN MATURATION%GOBP%GO:1903317	REGULATION OF PROTEIN MATURATION%GOBP%GO:1903317		44	-0.36628586	-1.3014665	0.076576576	0.72675204	1.0	1648	tags=16%, list=7%, signal=17%	
MORPHINE ACTION PATHWAY%PATHWHIZ%PW000412	MORPHINE ACTION PATHWAY%PATHWHIZ%PW000412		45	-0.37119463	-1.3014044	0.11255411	0.7238929	1.0	2807	tags=27%, list=11%, signal=30%	
REGULATION OF RUNX3 EXPRESSION AND ACTIVITY%REACTOME DATABASE ID RELEASE 95%8941858	REGULATION OF RUNX3 EXPRESSION AND ACTIVITY%REACTOME DATABASE ID RELEASE 95%8941858		45	-0.36653626	-1.3010658	0.052884616	0.72225064	1.0	4658	tags=40%, list=19%, signal=49%	
NEGATIVE REGULATION OF TRANSCRIPTION ELONGATION BY RNA POLYMERASE II%GOBP%GO:0034244	NEGATIVE REGULATION OF TRANSCRIPTION ELONGATION BY RNA POLYMERASE II%GOBP%GO:0034244		17	-0.46953362	-1.3009589	0.15755627	0.71971	1.0	3599	tags=41%, list=15%, signal=48%	
THE ROLE OF GTSE1 IN G2 M PROGRESSION AFTER G2 CHECKPOINT%REACTOME DATABASE ID RELEASE 95%8852276	THE ROLE OF GTSE1 IN G2 M PROGRESSION AFTER G2 CHECKPOINT%REACTOME DATABASE ID RELEASE 95%8852276		47	-0.36371055	-1.3003831	0.08810572	0.71916616	1.0	4658	tags=40%, list=19%, signal=50%	
POLYSACCHARIDE CATABOLIC PROCESS%GOBP%GO:0000272	POLYSACCHARIDE CATABOLIC PROCESS%GOBP%GO:0000272		22	-0.4387342	-1.3003657	0.10989011	0.71629184	1.0	5872	tags=50%, list=24%, signal=66%	
DEGRADATION OF CYSTEINE AND HOMOCYSTEINE%REACTOME DATABASE ID RELEASE 95%1614558	DEGRADATION OF CYSTEINE AND HOMOCYSTEINE%REACTOME DATABASE ID RELEASE 95%1614558		15	-0.48477504	-1.2972459	0.16013072	0.7259234	1.0	678	tags=13%, list=3%, signal=14%	
GLUCAN CATABOLIC PROCESS%GOBP%GO:0009251	GLUCAN CATABOLIC PROCESS%GOBP%GO:0009251		22	-0.4387342	-1.2965475	0.113074206	0.72573376	1.0	5872	tags=50%, list=24%, signal=66%	
SCF-BETA-TRCP MEDIATED DEGRADATION OF EMI1%REACTOME DATABASE ID RELEASE 95%174113	SCF-BETA-TRCP MEDIATED DEGRADATION OF EMI1%REACTOME DATABASE ID RELEASE 95%174113		42	-0.37562707	-1.2957952	0.076595746	0.7258835	1.0	4658	tags=38%, list=19%, signal=47%	
CELLULAR RESPONSE TO ESTROGEN STIMULUS%GOBP%GO:0071391	CELLULAR RESPONSE TO ESTROGEN STIMULUS%GOBP%GO:0071391		16	-0.47387707	-1.2948008	0.13496932	0.7270049	1.0	4119	tags=50%, list=17%, signal=60%	
CELL SURFACE INTERACTIONS AT THE VASCULAR WALL%REACTOME%R-HSA-202733.7	CELL SURFACE INTERACTIONS AT THE VASCULAR WALL%REACTOME%R-HSA-202733.7		194	-0.28700557	-1.293375	0.014705882	0.7300091	1.0	2883	tags=20%, list=12%, signal=22%	
DEGRADATION OF GLI2 BY THE PROTEASOME%REACTOME DATABASE ID RELEASE 95%5610783	DEGRADATION OF GLI2 BY THE PROTEASOME%REACTOME DATABASE ID RELEASE 95%5610783		47	-0.35130423	-1.2895601	0.07692308	0.742427	1.0	4658	tags=38%, list=19%, signal=47%	
EUKARYOTIC TRANSLATION TERMINATION%REACTOME%R-HSA-72764.6	EUKARYOTIC TRANSLATION TERMINATION%REACTOME%R-HSA-72764.6		92	-0.31701437	-1.2892776	0.050955415	0.74067914	1.0	6117	tags=36%, list=25%, signal=48%	
GSK3B-MEDIATED PROTEASOMAL DEGRADATION OF PD-L1(CD274)%REACTOME DATABASE ID RELEASE 95%9929356	GSK3B-MEDIATED PROTEASOMAL DEGRADATION OF PD-L1(CD274)%REACTOME DATABASE ID RELEASE 95%9929356		44	-0.3637816	-1.2881514	0.08583691	0.7424948	1.0	4658	tags=39%, list=19%, signal=48%	
REGULATION OF PROTEIN PROCESSING%GOBP%GO:0070613	REGULATION OF PROTEIN PROCESSING%GOBP%GO:0070613		42	-0.3711961	-1.2874397	0.10714286	0.7423332	1.0	1648	tags=17%, list=7%, signal=18%	
NEGATIVE REGULATION OF BONE REMODELING%GOBP%GO:0046851	NEGATIVE REGULATION OF BONE REMODELING%GOBP%GO:0046851		15	-0.47654787	-1.2873344	0.1292517	0.7397963	1.0	1692	tags=33%, list=7%, signal=36%	
NEURODEGENERATIVE DISEASES%REACTOME DATABASE ID RELEASE 95%8863678	NEURODEGENERATIVE DISEASES%REACTOME DATABASE ID RELEASE 95%8863678		20	-0.4389015	-1.285118	0.14333333	0.7463276	1.0	1481	tags=25%, list=6%, signal=27%	
POSITIVE REGULATION OF PROTEIN PROCESSING%GOBP%GO:0010954	POSITIVE REGULATION OF PROTEIN PROCESSING%GOBP%GO:0010954		21	-0.43687817	-1.2849677	0.123674914	0.74401313	1.0	1648	tags=19%, list=7%, signal=20%	
ENDOTHELIAL CELL DEVELOPMENT%GOBP%GO:0001885	ENDOTHELIAL CELL DEVELOPMENT%GOBP%GO:0001885		32	-0.3874922	-1.2849003	0.08303249	0.74143916	1.0	1418	tags=16%, list=6%, signal=17%	
NUCLEOPHAGY%GOBP%GO:0044804	NUCLEOPHAGY%GOBP%GO:0044804		23	-0.4213915	-1.2846311	0.12251656	0.7395176	1.0	5929	tags=48%, list=24%, signal=63%	
MIR TARGETED GENES IN SQUAMOUS CELL%WIKIPATHWAYS_20260211%WP2006%HOMO SAPIENS	MIR TARGETED GENES IN SQUAMOUS CELL%WIKIPATHWAYS_20260211%WP2006%HOMO SAPIENS		105	-0.31039134	-1.2813729	0.04347826	0.75042015	1.0	3017	tags=22%, list=12%, signal=25%	
OXYGEN-DEPENDENT PROLINE HYDROXYLATION OF HYPOXIA-INDUCIBLE FACTOR ALPHA%REACTOME DATABASE ID RELEASE 95%1234176	OXYGEN-DEPENDENT PROLINE HYDROXYLATION OF HYPOXIA-INDUCIBLE FACTOR ALPHA%REACTOME DATABASE ID RELEASE 95%1234176		53	-0.3488236	-1.2787251	0.06944445	0.7592675	1.0	4690	tags=36%, list=19%, signal=44%	
ASYMMETRIC LOCALIZATION OF PCP PROTEINS%REACTOME%R-HSA-4608870.3	ASYMMETRIC LOCALIZATION OF PCP PROTEINS%REACTOME%R-HSA-4608870.3		51	-0.3466921	-1.2785392	0.09859155	0.75710565	1.0	4409	tags=45%, list=18%, signal=55%	
POSITIVE REGULATION OF PROTEIN MATURATION%GOBP%GO:1903319	POSITIVE REGULATION OF PROTEIN MATURATION%GOBP%GO:1903319		22	-0.4271055	-1.2782954	0.13148789	0.75516295	1.0	1648	tags=18%, list=7%, signal=19%	
PROTEIN DEMANNOSYLATION%GOBP%GO:0036507	PROTEIN DEMANNOSYLATION%GOBP%GO:0036507		15	-0.4588092	-1.2772512	0.12337662	0.7565964	1.0	4762	tags=47%, list=19%, signal=58%	
NEGATIVE REGULATION OF PEPTIDE HORMONE SECRETION%GOBP%GO:0090278	NEGATIVE REGULATION OF PEPTIDE HORMONE SECRETION%GOBP%GO:0090278		23	-0.42249224	-1.2762369	0.13879004	0.7578924	1.0	3298	tags=30%, list=13%, signal=35%	
POSITIVE REGULATION OF NUCLEOTIDE CATABOLIC PROCESS%GOBP%GO:0030813	POSITIVE REGULATION OF NUCLEOTIDE CATABOLIC PROCESS%GOBP%GO:0030813		20	-0.4293831	-1.2731892	0.125	0.76769394	1.0	3357	tags=35%, list=14%, signal=41%	
PERIPHERAL NERVOUS SYSTEM DEVELOPMENT%GOBP%GO:0007422	PERIPHERAL NERVOUS SYSTEM DEVELOPMENT%GOBP%GO:0007422		37	-0.3842619	-1.2730112	0.116	0.76547027	1.0	1938	tags=19%, list=8%, signal=21%	
MALONIC ACIDURIA%SMPDB%SMP0000198	MALONIC ACIDURIA%SMPDB%SMP0000198		18	-0.43580568	-1.2727749	0.14723927	0.76348156	1.0	840	tags=17%, list=3%, signal=17%	
REGULATION OF ENDOPLASMIC RETICULUM UNFOLDED PROTEIN RESPONSE%GOBP%GO:1900101	REGULATION OF ENDOPLASMIC RETICULUM UNFOLDED PROTEIN RESPONSE%GOBP%GO:1900101		31	-0.38574392	-1.2722343	0.11297071	0.762877	1.0	2397	tags=23%, list=10%, signal=25%	
DEREGULATED CDK5 TRIGGERS MULTIPLE NEURODEGENERATIVE PATHWAYS IN ALZHEIMER'S DISEASE MODELS%REACTOME DATABASE ID RELEASE 95%8862803	DEREGULATED CDK5 TRIGGERS MULTIPLE NEURODEGENERATIVE PATHWAYS IN ALZHEIMER'S DISEASE MODELS%REACTOME DATABASE ID RELEASE 95%8862803		20	-0.4389015	-1.2717897	0.13289036	0.7618629	1.0	1481	tags=25%, list=6%, signal=27%	
MAINTENANCE OF PROTEIN LOCALIZATION IN ORGANELLE%GOBP%GO:0072595	MAINTENANCE OF PROTEIN LOCALIZATION IN ORGANELLE%GOBP%GO:0072595		35	-0.3776896	-1.2707207	0.094827585	0.7636267	1.0	1999	tags=17%, list=8%, signal=19%	
NEGATIVE REGULATION OF RESPONSE TO ENDOPLASMIC RETICULUM STRESS%GOBP%GO:1903573	NEGATIVE REGULATION OF RESPONSE TO ENDOPLASMIC RETICULUM STRESS%GOBP%GO:1903573		43	-0.36473754	-1.2705579	0.11440678	0.7614118	1.0	2397	tags=21%, list=10%, signal=23%	
FOXO-MEDIATED TRANSCRIPTION OF CELL DEATH GENES%REACTOME%R-HSA-9614657.2	FOXO-MEDIATED TRANSCRIPTION OF CELL DEATH GENES%REACTOME%R-HSA-9614657.2		16	-0.45267898	-1.2702612	0.16566265	0.75984025	1.0	1481	tags=25%, list=6%, signal=27%	
MYD88 DISTINCT INPUT OUTPUT PATHWAY%WIKIPATHWAYS_20260211%WP3877%HOMO SAPIENS	MYD88 DISTINCT INPUT OUTPUT PATHWAY%WIKIPATHWAYS_20260211%WP3877%HOMO SAPIENS		15	-0.47120053	-1.270132	0.17455621	0.75755805	1.0	622	tags=20%, list=3%, signal=21%	
REGULATION OF EXPRESSION OF SLITS AND ROBOS%REACTOME%R-HSA-9010553.2	REGULATION OF EXPRESSION OF SLITS AND ROBOS%REACTOME%R-HSA-9010553.2		157	-0.28591433	-1.2671092	0.011904762	0.7671854	1.0	5877	tags=35%, list=24%, signal=46%	
PROTEIN SYNTHESIS: GLYCINE%PATHWHIZ%PW112928	PROTEIN SYNTHESIS: GLYCINE%PATHWHIZ%PW112928		79	-0.3243875	-1.2656506	0.07017544	0.77088	1.0	6023	tags=35%, list=25%, signal=47%	
CTNNB1 S45 MUTANTS AREN'T PHOSPHORYLATED%REACTOME%R-HSA-5358751.4	CTNNB1 S45 MUTANTS AREN'T PHOSPHORYLATED%REACTOME%R-HSA-5358751.4		15	-0.45840812	-1.2650151	0.15884477	0.77087075	1.0	3454	tags=40%, list=14%, signal=47%	
CELL DIFFERENTIATION EXPANDED INDEX%WIKIPATHWAYS_20260211%WP2023%HOMO SAPIENS	CELL DIFFERENTIATION EXPANDED INDEX%WIKIPATHWAYS_20260211%WP2023%HOMO SAPIENS		16	-0.45807472	-1.2649913	0.13531353	0.76817906	1.0	3618	tags=31%, list=15%, signal=37%	
NEGATIVE REGULATION OF SIGNAL TRANSDUCTION BY P53 CLASS MEDIATOR%GOBP%GO:1901797	NEGATIVE REGULATION OF SIGNAL TRANSDUCTION BY P53 CLASS MEDIATOR%GOBP%GO:1901797		34	-0.3783478	-1.2641368	0.09795918	0.7689109	1.0	6114	tags=53%, list=25%, signal=70%	
NEGATIVE REGULATION OF PEPTIDE SECRETION%GOBP%GO:0002792	NEGATIVE REGULATION OF PEPTIDE SECRETION%GOBP%GO:0002792		24	-0.42036143	-1.2622942	0.13779527	0.7737405	1.0	3298	tags=29%, list=13%, signal=34%	
ANTIGEN PROCESSING: UB, ATP-INDEPENDENT PROTEASOMAL DEGRADATION%REACTOME DATABASE ID RELEASE 95%9912633	ANTIGEN PROCESSING: UB, ATP-INDEPENDENT PROTEASOMAL DEGRADATION%REACTOME DATABASE ID RELEASE 95%9912633		19	-0.43417433	-1.2621752	0.1580756	0.77144444	1.0	4658	tags=42%, list=19%, signal=52%	
15Q25 COPY NUMBER VARIATION%WIKIPATHWAYS_20260211%WP5408%HOMO SAPIENS	15Q25 COPY NUMBER VARIATION%WIKIPATHWAYS_20260211%WP5408%HOMO SAPIENS		36	-0.37533823	-1.2620811	0.086363636	0.76907086	1.0	1333	tags=17%, list=5%, signal=18%	
REGULATION OF LONG-TERM SYNAPTIC POTENTIATION%GOBP%GO:1900271	REGULATION OF LONG-TERM SYNAPTIC POTENTIATION%GOBP%GO:1900271		30	-0.39424357	-1.2598655	0.121673	0.7759262	1.0	879	tags=13%, list=4%, signal=14%	
MALONYL-COA DECARBOXYLASE DEFICIENCY%PATHWHIZ%PW000478	MALONYL-COA DECARBOXYLASE DEFICIENCY%PATHWHIZ%PW000478		18	-0.43580568	-1.2591054	0.14893617	0.77644974	1.0	840	tags=17%, list=3%, signal=17%	
CELLULAR RESPONSE TO MISFOLDED PROTEIN%GOBP%GO:0071218	CELLULAR RESPONSE TO MISFOLDED PROTEIN%GOBP%GO:0071218		16	-0.4601977	-1.258996	0.2024922	0.7740571	1.0	4137	tags=44%, list=17%, signal=53%	
22Q11 2 DISTAL CNV%WIKIPATHWAYS_20260211%WP5546%HOMO SAPIENS	22Q11 2 DISTAL CNV%WIKIPATHWAYS_20260211%WP5546%HOMO SAPIENS		115	-0.3040871	-1.2589333	0.046153847	0.7716012	1.0	3043	tags=19%, list=12%, signal=22%	
SCF(SKP2)-MEDIATED DEGRADATION OF P27 P21%REACTOME%R-HSA-187577.5	SCF(SKP2)-MEDIATED DEGRADATION OF P27 P21%REACTOME%R-HSA-187577.5		50	-0.34442723	-1.2586693	0.102564104	0.76987636	1.0	4658	tags=38%, list=19%, signal=47%	
SIGNALING BY GSK3BETA MUTANTS%REACTOME DATABASE ID RELEASE 95%5339716	SIGNALING BY GSK3BETA MUTANTS%REACTOME DATABASE ID RELEASE 95%5339716		15	-0.45840812	-1.2586306	0.16109422	0.76731193	1.0	3454	tags=40%, list=14%, signal=47%	
REGULATION OF NEURON APOPTOTIC PROCESS%GOBP%GO:0043523	REGULATION OF NEURON APOPTOTIC PROCESS%GOBP%GO:0043523		135	-0.2962296	-1.2580221	0.033613447	0.76707274	1.0	3510	tags=23%, list=14%, signal=27%	
PROTEIN IMPORT INTO MITOCHONDRIAL MATRIX%GOBP%GO:0030150	PROTEIN IMPORT INTO MITOCHONDRIAL MATRIX%GOBP%GO:0030150		24	-0.40824938	-1.2554908	0.16483517	0.77473694	1.0	4585	tags=54%, list=19%, signal=67%	
SURFACTANT METABOLISM%REACTOME DATABASE ID RELEASE 95%5683826	SURFACTANT METABOLISM%REACTOME DATABASE ID RELEASE 95%5683826		29	-0.3994866	-1.2554144	0.13194445	0.7723568	1.0	4692	tags=34%, list=19%, signal=43%	
MATURATION OF LSU-RRNA%GOBP%GO:0000470	MATURATION OF LSU-RRNA%GOBP%GO:0000470		31	-0.38691068	-1.2542915	0.14728682	0.7745819	1.0	2700	tags=26%, list=11%, signal=29%	
PROPANOATE METABOLISM%SMPDB%SMP0000016	PROPANOATE METABOLISM%SMPDB%SMP0000016		18	-0.43580568	-1.2540408	0.16233766	0.7728845	1.0	840	tags=17%, list=3%, signal=17%	
RIBOSOME-ASSOCIATED QUALITY CONTROL%REACTOME%R-HSA-9948299.2	RIBOSOME-ASSOCIATED QUALITY CONTROL%REACTOME%R-HSA-9948299.2		141	-0.29030666	-1.2535279	0.037037037	0.77245194	1.0	5877	tags=36%, list=24%, signal=47%	
REGULATION OF UBIQUITIN-PROTEIN TRANSFERASE ACTIVITY%GOBP%GO:0051438	REGULATION OF UBIQUITIN-PROTEIN TRANSFERASE ACTIVITY%GOBP%GO:0051438		16	-0.4515803	-1.2530571	0.14790997	0.771817	1.0	3772	tags=25%, list=15%, signal=30%	
HALLMARK_ESTROGEN_RESPONSE_LATE%MSIGDBHALLMARK%HALLMARK_ESTROGEN_RESPONSE_LATE	HALLMARK_ESTROGEN_RESPONSE_LATE%MSIGDBHALLMARK%HALLMARK_ESTROGEN_RESPONSE_LATE		168	-0.28699824	-1.2524827	0.010309278	0.7715237	1.0	2648	tags=19%, list=11%, signal=21%	
METHYLMALONIC ACIDURIA DUE TO COBALAMIN-RELATED DISORDERS%PATHWHIZ%PW000208	METHYLMALONIC ACIDURIA DUE TO COBALAMIN-RELATED DISORDERS%PATHWHIZ%PW000208		18	-0.43580568	-1.2523733	0.16612378	0.7692981	1.0	840	tags=17%, list=3%, signal=17%	
POSITIVE REGULATION OF PURINE NUCLEOTIDE CATABOLIC PROCESS%GOBP%GO:0033123	POSITIVE REGULATION OF PURINE NUCLEOTIDE CATABOLIC PROCESS%GOBP%GO:0033123		20	-0.4293831	-1.2515814	0.17741935	0.76981723	1.0	3357	tags=35%, list=14%, signal=41%	
P53 PATHWAY BY GLUCOSE DEPRIVATION%PANTHER PATHWAY%P04397	P53 PATHWAY BY GLUCOSE DEPRIVATION%PANTHER PATHWAY%P04397		20	-0.43526348	-1.2515274	0.15562914	0.76742154	1.0	2839	tags=35%, list=12%, signal=40%	
ACTIVATION OF IRF3, IRF7 MEDIATED BY TBK1, IKKΕ (IKBKE)%REACTOME%R-HSA-936964.6	ACTIVATION OF IRF3, IRF7 MEDIATED BY TBK1, IKKΕ (IKBKE)%REACTOME%R-HSA-936964.6		17	-0.45365682	-1.2507491	0.17378049	0.76798207	1.0	2246	tags=29%, list=9%, signal=32%	
CDK-MEDIATED PHOSPHORYLATION AND REMOVAL OF CDC6%REACTOME%R-HSA-69017.4	CDK-MEDIATED PHOSPHORYLATION AND REMOVAL OF CDC6%REACTOME%R-HSA-69017.4		60	-0.3311619	-1.2485197	0.0913242	0.7747045	1.0	4690	tags=42%, list=19%, signal=51%	
NEGATIVE REGULATION OF ENDOTHELIAL CELL PROLIFERATION%GOBP%GO:0001937	NEGATIVE REGULATION OF ENDOTHELIAL CELL PROLIFERATION%GOBP%GO:0001937		37	-0.37332642	-1.2477279	0.115384616	0.7754863	1.0	464	tags=11%, list=2%, signal=11%	
POSITIVE REGULATION OF ERAD PATHWAY%GOBP%GO:1904294	POSITIVE REGULATION OF ERAD PATHWAY%GOBP%GO:1904294		17	-0.4537178	-1.2459227	0.16510904	0.7804364	1.0	4404	tags=35%, list=18%, signal=43%	
NOTCH2 ACTIVATION AND TRANSMISSION OF SIGNAL TO THE NUCLEUS%REACTOME%R-HSA-2979096.6	NOTCH2 ACTIVATION AND TRANSMISSION OF SIGNAL TO THE NUCLEUS%REACTOME%R-HSA-2979096.6		25	-0.39633065	-1.245833	0.13207547	0.77819407	1.0	4743	tags=40%, list=19%, signal=50%	
DISEASES ASSOCIATED WITH GLYCOSAMINOGLYCAN METABOLISM%REACTOME%R-HSA-3560782.5	DISEASES ASSOCIATED WITH GLYCOSAMINOGLYCAN METABOLISM%REACTOME%R-HSA-3560782.5		40	-0.3564344	-1.2454742	0.15238096	0.7770494	1.0	1629	tags=18%, list=7%, signal=19%	
REGULATION OF INTRINSIC APOPTOTIC SIGNALING PATHWAY IN RESPONSE TO DNA DAMAGE BY P53 CLASS MEDIATOR%GOBP%GO:1902165	REGULATION OF INTRINSIC APOPTOTIC SIGNALING PATHWAY IN RESPONSE TO DNA DAMAGE BY P53 CLASS MEDIATOR%GOBP%GO:1902165		15	-0.44909263	-1.2448277	0.15064102	0.77736455	1.0	4825	tags=40%, list=20%, signal=50%	
BIOCARTA_CARDIACEGF_PATHWAY%MSIGDB_C2%BIOCARTA_CARDIACEGF_PATHWAY	BIOCARTA_CARDIACEGF_PATHWAY%MSIGDB_C2%BIOCARTA_CARDIACEGF_PATHWAY		16	-0.45866117	-1.2422942	0.17515923	0.785748	1.0	1334	tags=13%, list=5%, signal=13%	
NEGATIVE REGULATION OF NEURON APOPTOTIC PROCESS%GOBP%GO:0043524	NEGATIVE REGULATION OF NEURON APOPTOTIC PROCESS%GOBP%GO:0043524		81	-0.31598216	-1.2409462	0.08235294	0.78879416	1.0	3510	tags=23%, list=14%, signal=27%	
UBIQUITIN-MEDIATED DEGRADATION OF PHOSPHORYLATED CDC25A%REACTOME%R-HSA-69601.6	UBIQUITIN-MEDIATED DEGRADATION OF PHOSPHORYLATED CDC25A%REACTOME%R-HSA-69601.6		51	-0.3396095	-1.2404553	0.10824742	0.7882858	1.0	5378	tags=39%, list=22%, signal=50%	
NEGATIVE REGULATION OF PROTEASOMAL UBIQUITIN-DEPENDENT PROTEIN CATABOLIC PROCESS%GOBP%GO:0032435	NEGATIVE REGULATION OF PROTEASOMAL UBIQUITIN-DEPENDENT PROTEIN CATABOLIC PROCESS%GOBP%GO:0032435		39	-0.3530012	-1.2402323	0.1491228	0.7866229	1.0	6230	tags=44%, list=25%, signal=58%	
RESPONSE TO HEAT%GOBP%GO:0009408	RESPONSE TO HEAT%GOBP%GO:0009408		61	-0.33305553	-1.2399869	0.1146789	0.78504074	1.0	3441	tags=25%, list=14%, signal=29%	
REGULATION OF RESPONSE TO ENDOPLASMIC RETICULUM STRESS%GOBP%GO:1905897	REGULATION OF RESPONSE TO ENDOPLASMIC RETICULUM STRESS%GOBP%GO:1905897		81	-0.30867344	-1.2392414	0.062068965	0.7856569	1.0	2397	tags=17%, list=10%, signal=19%	
MITOCHONDRION LOCALIZATION%GOBP%GO:0051646	MITOCHONDRION LOCALIZATION%GOBP%GO:0051646		44	-0.3587238	-1.23812	0.12727273	0.7879594	1.0	3402	tags=32%, list=14%, signal=37%	
SIGNALING BY CTNNB1 PHOSPHO-SITE MUTANTS%REACTOME%R-HSA-4839743.5	SIGNALING BY CTNNB1 PHOSPHO-SITE MUTANTS%REACTOME%R-HSA-4839743.5		15	-0.45840812	-1.2370428	0.19032258	0.7899982	1.0	3454	tags=40%, list=14%, signal=47%	
NEGATIVE REGULATION OF INTRACELLULAR PROTEIN TRANSPORT%GOBP%GO:0090317	NEGATIVE REGULATION OF INTRACELLULAR PROTEIN TRANSPORT%GOBP%GO:0090317		27	-0.3916619	-1.235985	0.14233577	0.79179513	1.0	5329	tags=37%, list=22%, signal=47%	
NEGATIVE REGULATION OF TISSUE REMODELING%GOBP%GO:0034104	NEGATIVE REGULATION OF TISSUE REMODELING%GOBP%GO:0034104		17	-0.43822986	-1.2355815	0.17171717	0.7910499	1.0	1692	tags=29%, list=7%, signal=32%	
REGULATION OF BONE REMODELING%GOBP%GO:0046850	REGULATION OF BONE REMODELING%GOBP%GO:0046850		42	-0.34739405	-1.2354919	0.1416309	0.78890955	1.0	1692	tags=17%, list=7%, signal=18%	
PEPTIDE HORMONE SECRETION%GOBP%GO:0030072	PEPTIDE HORMONE SECRETION%GOBP%GO:0030072		31	-0.37577248	-1.2351708	0.17064847	0.78779745	1.0	3654	tags=29%, list=15%, signal=34%	
BIOCARTA_NGF_PATHWAY%MSIGDB_C2%BIOCARTA_NGF_PATHWAY	BIOCARTA_NGF_PATHWAY%MSIGDB_C2%BIOCARTA_NGF_PATHWAY		17	-0.43907377	-1.235169	0.16013072	0.7853111	1.0	1334	tags=18%, list=5%, signal=19%	
SPOP-MEDIATED PROTEASOMAL DEGRADATION OF PD-L1(CD274)%REACTOME%R-HSA-9929491.1	SPOP-MEDIATED PROTEASOMAL DEGRADATION OF PD-L1(CD274)%REACTOME%R-HSA-9929491.1		46	-0.35519832	-1.2326487	0.13469388	0.7937279	1.0	4658	tags=39%, list=19%, signal=48%	
PHENYTOIN (ANTIARRHYTHMIC) ACTION PATHWAY%PATHWHIZ%PW000380	PHENYTOIN (ANTIARRHYTHMIC) ACTION PATHWAY%PATHWHIZ%PW000380		69	-0.3222861	-1.2316756	0.08571429	0.79538155	1.0	2807	tags=20%, list=11%, signal=23%	
BMP RECEPTOR SIGNALING%PATHWAY INTERACTION DATABASE NCI-NATURE CURATED DATA%BMP RECEPTOR SIGNALING	BMP RECEPTOR SIGNALING%PATHWAY INTERACTION DATABASE NCI-NATURE CURATED DATA%BMP RECEPTOR SIGNALING		41	-0.3460973	-1.2314234	0.11336032	0.79394525	1.0	1097	tags=15%, list=4%, signal=15%	
PROTEIN TARGETING%GOBP%GO:0006605	PROTEIN TARGETING%GOBP%GO:0006605		152	-0.28926876	-1.2301962	0.03125	0.7965665	1.0	2888	tags=20%, list=12%, signal=23%	
AUTODEGRADATION OF CDH1 BY CDH1:APC C%REACTOME DATABASE ID RELEASE 95%174084	AUTODEGRADATION OF CDH1 BY CDH1:APC C%REACTOME DATABASE ID RELEASE 95%174084		54	-0.33166564	-1.2299496	0.1553398	0.79512155	1.0	4690	tags=41%, list=19%, signal=50%	
PCNA-DEPENDENT LONG PATCH BASE EXCISION REPAIR%REACTOME DATABASE ID RELEASE 95%5651801	PCNA-DEPENDENT LONG PATCH BASE EXCISION REPAIR%REACTOME DATABASE ID RELEASE 95%5651801		21	-0.4110089	-1.228025	0.16483517	0.80095416	1.0	6550	tags=52%, list=27%, signal=71%	
POSITIVE REGULATION OF GLYCOLYTIC PROCESS%GOBP%GO:0045821	POSITIVE REGULATION OF GLYCOLYTIC PROCESS%GOBP%GO:0045821		20	-0.4293831	-1.2277213	0.18421052	0.79967576	1.0	3357	tags=35%, list=14%, signal=41%	
PEPTIDE SECRETION%GOBP%GO:0002790	PEPTIDE SECRETION%GOBP%GO:0002790		31	-0.37577248	-1.2270092	0.14979757	0.80023724	1.0	3654	tags=29%, list=15%, signal=34%	
REGULATION OF CARDIAC CONDUCTION%GOBP%GO:1903779	REGULATION OF CARDIAC CONDUCTION%GOBP%GO:1903779		23	-0.40408185	-1.2261168	0.18909091	0.8016495	1.0	598	tags=9%, list=2%, signal=9%	
GLYCOSAMINOGLYCAN-PROTEIN LINKAGE REGION BIOSYNTHESIS%REACTOME%R-HSA-1971475.6	GLYCOSAMINOGLYCAN-PROTEIN LINKAGE REGION BIOSYNTHESIS%REACTOME%R-HSA-1971475.6		29	-0.3789861	-1.2250766	0.13307984	0.80340564	1.0	660	tags=10%, list=3%, signal=11%	
PROTEIN ALPHA-1,2-DEMANNOSYLATION%GOBP%GO:0036508	PROTEIN ALPHA-1,2-DEMANNOSYLATION%GOBP%GO:0036508		15	-0.4588092	-1.2232045	0.19749217	0.8090083	1.0	4762	tags=47%, list=19%, signal=58%	
GAP JUNCTION ASSEMBLY%REACTOME DATABASE ID RELEASE 95%190861	GAP JUNCTION ASSEMBLY%REACTOME DATABASE ID RELEASE 95%190861		19	-0.42176646	-1.2220216	0.22149837	0.8117199	1.0	4776	tags=21%, list=20%, signal=26%	
REGULATION OF CELL-CELL ADHESION MEDIATED BY CADHERIN%GOBP%GO:2000047	REGULATION OF CELL-CELL ADHESION MEDIATED BY CADHERIN%GOBP%GO:2000047		20	-0.4250291	-1.2220128	0.18421052	0.80928344	1.0	4002	tags=35%, list=16%, signal=42%	
DEGRADATION OF AXIN%REACTOME%R-HSA-4641257.3	DEGRADATION OF AXIN%REACTOME%R-HSA-4641257.3		42	-0.34866187	-1.2219373	0.119469024	0.80711967	1.0	4658	tags=38%, list=19%, signal=47%	
FORMATION OF THE URETERIC BUD%REACTOME DATABASE ID RELEASE 95%9830674	FORMATION OF THE URETERIC BUD%REACTOME DATABASE ID RELEASE 95%9830674		21	-0.40785757	-1.2215866	0.19155844	0.80629134	1.0	3108	tags=24%, list=13%, signal=27%	
PLATELET CALCIUM HOMEOSTASIS%REACTOME DATABASE ID RELEASE 95%418360	PLATELET CALCIUM HOMEOSTASIS%REACTOME DATABASE ID RELEASE 95%418360		28	-0.38320005	-1.2214851	0.1456693	0.80431867	1.0	2792	tags=25%, list=11%, signal=28%	
RRNA MODIFICATION IN THE NUCLEUS AND CYTOSOL%REACTOME%R-HSA-6790901.6	RRNA MODIFICATION IN THE NUCLEUS AND CYTOSOL%REACTOME%R-HSA-6790901.6		60	-0.32062525	-1.2207288	0.094527364	0.8053305	1.0	4662	tags=42%, list=19%, signal=51%	
POSITIVE REGULATION OF TRANSLATIONAL INITIATION%GOBP%GO:0045948	POSITIVE REGULATION OF TRANSLATIONAL INITIATION%GOBP%GO:0045948		32	-0.370404	-1.2187392	0.15209125	0.8115225	1.0	3400	tags=34%, list=14%, signal=40%	
NEGATIVE REGULATION OF INTRINSIC APOPTOTIC SIGNALING PATHWAY BY P53 CLASS MEDIATOR%GOBP%GO:1902254	NEGATIVE REGULATION OF INTRINSIC APOPTOTIC SIGNALING PATHWAY BY P53 CLASS MEDIATOR%GOBP%GO:1902254		17	-0.43133557	-1.2184922	0.20394737	0.8100725	1.0	6114	tags=53%, list=25%, signal=71%	
VESICLE TARGETING, TO, FROM OR WITHIN GOLGI%GOBP%GO:0048199	VESICLE TARGETING, TO, FROM OR WITHIN GOLGI%GOBP%GO:0048199		29	-0.37569344	-1.2180026	0.14285715	0.80976695	1.0	912	tags=17%, list=4%, signal=18%	
P75NTR SIGNALS VIA NF-KB%REACTOME DATABASE ID RELEASE 95%193639	P75NTR SIGNALS VIA NF-KB%REACTOME DATABASE ID RELEASE 95%193639		16	-0.44326097	-1.2179236	0.211838	0.80769825	1.0	505	tags=19%, list=2%, signal=19%	
NOTCH3 ACTIVATION AND TRANSMISSION OF SIGNAL TO THE NUCLEUS%REACTOME DATABASE ID RELEASE 95%9013507	NOTCH3 ACTIVATION AND TRANSMISSION OF SIGNAL TO THE NUCLEUS%REACTOME DATABASE ID RELEASE 95%9013507		25	-0.3923268	-1.216678	0.16666667	0.8107557	1.0	4743	tags=40%, list=19%, signal=50%	
EXERCISE AND HYPERTROPHY IN SKELETAL MUSCLE%WIKIPATHWAYS_20260211%WP516%HOMO SAPIENS	EXERCISE AND HYPERTROPHY IN SKELETAL MUSCLE%WIKIPATHWAYS_20260211%WP516%HOMO SAPIENS		16	-0.44890058	-1.2162558	0.20134228	0.8100874	1.0	3796	tags=25%, list=15%, signal=30%	
SKELETAL SYSTEM MORPHOGENESIS%GOBP%GO:0048705	SKELETAL SYSTEM MORPHOGENESIS%GOBP%GO:0048705		96	-0.3019615	-1.2158254	0.1	0.8096183	1.0	3883	tags=21%, list=16%, signal=25%	
PROTEIN SYNTHESIS: PROLINE%PATHWHIZ%PW113695	PROTEIN SYNTHESIS: PROLINE%PATHWHIZ%PW113695		79	-0.3040437	-1.2157644	0.0797546	0.80751264	1.0	6023	tags=35%, list=25%, signal=47%	
CELLULAR RESPONSE TO HYPOXIA%GOBP%GO:0071456	CELLULAR RESPONSE TO HYPOXIA%GOBP%GO:0071456		77	-0.31039947	-1.2153007	0.10869565	0.8070542	1.0	5051	tags=38%, list=21%, signal=47%	
HALLMARK OF CANCER METASTASIS AND EPITHELIAL TO MESENCHYMAL TRANSITION%WIKIPATHWAYS_20260211%WP5469%HOMO SAPIENS	HALLMARK OF CANCER METASTASIS AND EPITHELIAL TO MESENCHYMAL TRANSITION%WIKIPATHWAYS_20260211%WP5469%HOMO SAPIENS		20	-0.4211	-1.2147651	0.19565217	0.80699074	1.0	4825	tags=50%, list=20%, signal=62%	
CTNNB1 S33 MUTANTS AREN'T PHOSPHORYLATED%REACTOME DATABASE ID RELEASE 95%5358747	CTNNB1 S33 MUTANTS AREN'T PHOSPHORYLATED%REACTOME DATABASE ID RELEASE 95%5358747		15	-0.45840812	-1.214517	0.19520548	0.8056231	1.0	3454	tags=40%, list=14%, signal=47%	
REGULATION OF NUCLEAR-TRANSCRIBED MRNA CATABOLIC PROCESS, DEADENYLATION-DEPENDENT DECAY%GOBP%GO:1900151	REGULATION OF NUCLEAR-TRANSCRIBED MRNA CATABOLIC PROCESS, DEADENYLATION-DEPENDENT DECAY%GOBP%GO:1900151		24	-0.3907414	-1.2136242	0.19243987	0.8069764	1.0	3853	tags=33%, list=16%, signal=40%	
NEURON CELLULAR HOMEOSTASIS%GOBP%GO:0070050	NEURON CELLULAR HOMEOSTASIS%GOBP%GO:0070050		25	-0.38461718	-1.2135345	0.18085106	0.80498976	1.0	4294	tags=36%, list=18%, signal=44%	
DEFECTIVE INTRINSIC PATHWAY FOR APOPTOSIS%REACTOME DATABASE ID RELEASE 95%9734009	DEFECTIVE INTRINSIC PATHWAY FOR APOPTOSIS%REACTOME DATABASE ID RELEASE 95%9734009		23	-0.3928969	-1.2127818	0.1580756	0.80578464	1.0	1481	tags=22%, list=6%, signal=23%	
PROTEIN SYNTHESIS: METHIONINE%PATHWHIZ%PW112933	PROTEIN SYNTHESIS: METHIONINE%PATHWHIZ%PW112933		79	-0.30728102	-1.2127473	0.11173184	0.8036209	1.0	6023	tags=35%, list=25%, signal=47%	
CTNNB1 S37 MUTANTS AREN'T PHOSPHORYLATED%REACTOME%R-HSA-5358749.4	CTNNB1 S37 MUTANTS AREN'T PHOSPHORYLATED%REACTOME%R-HSA-5358749.4		15	-0.45840812	-1.2121754	0.20068027	0.80372924	1.0	3454	tags=40%, list=14%, signal=47%	
P75(NTR)-MEDIATED SIGNALING%PATHWAY INTERACTION DATABASE NCI-NATURE CURATED DATA%P75(NTR)-MEDIATED SIGNALING	P75(NTR)-MEDIATED SIGNALING%PATHWAY INTERACTION DATABASE NCI-NATURE CURATED DATA%P75(NTR)-MEDIATED SIGNALING		68	-0.3183284	-1.2115089	0.13612565	0.8042264	1.0	1481	tags=15%, list=6%, signal=16%	
RIBOSOME QUALITY CONTROL (RQC) COMPLEX EXTRACTS AND DEGRADES NASCENT PEPTIDE%REACTOME%R-HSA-9954709.2	RIBOSOME QUALITY CONTROL (RQC) COMPLEX EXTRACTS AND DEGRADES NASCENT PEPTIDE%REACTOME%R-HSA-9954709.2		101	-0.29213804	-1.2114999	0.07272727	0.8019743	1.0	4706	tags=29%, list=19%, signal=35%	
AUTODEGRADATION OF THE E3 UBIQUITIN LIGASE COP1%REACTOME%R-HSA-349425.4	AUTODEGRADATION OF THE E3 UBIQUITIN LIGASE COP1%REACTOME%R-HSA-349425.4		39	-0.35765186	-1.2090161	0.15486726	0.8103307	1.0	4658	tags=41%, list=19%, signal=51%	
INTRA-GOLGI AND RETROGRADE GOLGI-TO-ER TRAFFIC%REACTOME DATABASE ID RELEASE 95%6811442	INTRA-GOLGI AND RETROGRADE GOLGI-TO-ER TRAFFIC%REACTOME DATABASE ID RELEASE 95%6811442		185	-0.27367932	-1.2076806	0.065789476	0.8137129	1.0	3014	tags=23%, list=12%, signal=26%	
METABOLIC REPROGRAMMING IN PANCREATIC CANCER%WIKIPATHWAYS_20260211%WP5220%HOMO SAPIENS	METABOLIC REPROGRAMMING IN PANCREATIC CANCER%WIKIPATHWAYS_20260211%WP5220%HOMO SAPIENS		27	-0.382707	-1.2073104	0.17883211	0.81287915	1.0	2047	tags=22%, list=8%, signal=24%	
DEFECTIVE B3GALT6 CAUSES EDSP2 AND SEMDJL1%REACTOME DATABASE ID RELEASE 95%4420332	DEFECTIVE B3GALT6 CAUSES EDSP2 AND SEMDJL1%REACTOME DATABASE ID RELEASE 95%4420332		20	-0.41032434	-1.207238	0.19127516	0.81093895	1.0	647	tags=10%, list=3%, signal=10%	
PROTEIN SYNTHESIS: PHENYLALANINE%PATHWHIZ%PW112934	PROTEIN SYNTHESIS: PHENYLALANINE%PATHWHIZ%PW112934		80	-0.30347407	-1.2067717	0.12650603	0.8105664	1.0	6023	tags=35%, list=25%, signal=46%	
HALLMARK_ANDROGEN_RESPONSE%MSIGDBHALLMARK%HALLMARK_ANDROGEN_RESPONSE	HALLMARK_ANDROGEN_RESPONSE%MSIGDBHALLMARK%HALLMARK_ANDROGEN_RESPONSE		70	-0.31434873	-1.2062327	0.09405941	0.81058365	1.0	2301	tags=21%, list=9%, signal=24%	
RIBOSOME ASSEMBLY%GOBP%GO:0042255	RIBOSOME ASSEMBLY%GOBP%GO:0042255		60	-0.32886022	-1.2060627	0.14835165	0.8090067	1.0	2752	tags=22%, list=11%, signal=24%	
P53-INDEPENDENT G1 S DNA DAMAGE CHECKPOINT%REACTOME%R-HSA-69613.5	P53-INDEPENDENT G1 S DNA DAMAGE CHECKPOINT%REACTOME%R-HSA-69613.5		51	-0.3396095	-1.2050985	0.1699029	0.81073415	1.0	5378	tags=39%, list=22%, signal=50%	
SYNTHESIS OF ACTIVE UBIQUITIN: ROLES OF E1 AND E2 ENZYMES%REACTOME DATABASE ID RELEASE 95%8866652	SYNTHESIS OF ACTIVE UBIQUITIN: ROLES OF E1 AND E2 ENZYMES%REACTOME DATABASE ID RELEASE 95%8866652		30	-0.37613714	-1.2036256	0.18604651	0.8148811	1.0	4816	tags=40%, list=20%, signal=50%	
GLI3 IS PROCESSED TO GLI3R BY THE PROTEASOME%REACTOME%R-HSA-5610785.2	GLI3 IS PROCESSED TO GLI3R BY THE PROTEASOME%REACTOME%R-HSA-5610785.2		47	-0.34005594	-1.202977	0.14018692	0.8153522	1.0	4658	tags=36%, list=19%, signal=45%	
REGULATION OF RUFFLE ASSEMBLY%GOBP%GO:1900027	REGULATION OF RUFFLE ASSEMBLY%GOBP%GO:1900027		24	-0.38602614	-1.2028439	0.18726592	0.8136758	1.0	2196	tags=17%, list=9%, signal=18%	
REGULATION OF INTRACELLULAR PROTEIN TRANSPORT%GOBP%GO:0033157	REGULATION OF INTRACELLULAR PROTEIN TRANSPORT%GOBP%GO:0033157		118	-0.28247923	-1.2014844	0.1007752	0.81682664	1.0	2914	tags=18%, list=12%, signal=20%	
VALIDATED TRANSCRIPTIONAL TARGETS OF AP1 FAMILY MEMBERS FRA1 AND FRA2%PATHWAY INTERACTION DATABASE NCI-NATURE CURATED DATA%VALIDATED TRANSCRIPTIONAL TARGETS OF AP1 FAMILY MEMBERS FRA1 AND FRA2	VALIDATED TRANSCRIPTIONAL TARGETS OF AP1 FAMILY MEMBERS FRA1 AND FRA2%PATHWAY INTERACTION DATABASE NCI-NATURE CURATED DATA%VALIDATED TRANSCRIPTIONAL TARGETS OF AP1 FAMILY MEMBERS FRA1 AND FRA2		37	-0.34626976	-1.1997937	0.14718615	0.82220453	1.0	2429	tags=19%, list=10%, signal=21%	
CTNNB1 T41 MUTANTS AREN'T PHOSPHORYLATED%REACTOME DATABASE ID RELEASE 95%5358752	CTNNB1 T41 MUTANTS AREN'T PHOSPHORYLATED%REACTOME DATABASE ID RELEASE 95%5358752		15	-0.45840812	-1.1996268	0.23291926	0.82066554	1.0	3454	tags=40%, list=14%, signal=47%	
RESPONSE TO STARVATION%GOBP%GO:0042594	RESPONSE TO STARVATION%GOBP%GO:0042594		170	-0.274666	-1.1985203	0.056818184	0.8231923	1.0	3724	tags=21%, list=15%, signal=24%	
CELLULAR RESPONSE TO DECREASED OXYGEN LEVELS%GOBP%GO:0036294	CELLULAR RESPONSE TO DECREASED OXYGEN LEVELS%GOBP%GO:0036294		80	-0.29922733	-1.1977389	0.11445783	0.82438344	1.0	5051	tags=36%, list=21%, signal=46%	
SCHWANN CELL DIFFERENTIATION%GOBP%GO:0014037	SCHWANN CELL DIFFERENTIATION%GOBP%GO:0014037		16	-0.43776736	-1.1969529	0.20618556	0.8253579	1.0	1938	tags=31%, list=8%, signal=34%	
REGULATION OF ER TO GOLGI VESICLE-MEDIATED TRANSPORT%GOBP%GO:0060628	REGULATION OF ER TO GOLGI VESICLE-MEDIATED TRANSPORT%GOBP%GO:0060628		20	-0.4050842	-1.1965978	0.21698113	0.824517	1.0	5419	tags=45%, list=22%, signal=58%	
P38 SIGNALING MEDIATED BY MAPKAP KINASES%PATHWAY INTERACTION DATABASE NCI-NATURE CURATED DATA%P38 SIGNALING MEDIATED BY MAPKAP KINASES	P38 SIGNALING MEDIATED BY MAPKAP KINASES%PATHWAY INTERACTION DATABASE NCI-NATURE CURATED DATA%P38 SIGNALING MEDIATED BY MAPKAP KINASES		21	-0.406371	-1.1965723	0.19407895	0.82237965	1.0	1998	tags=19%, list=8%, signal=21%	
EUKARYOTIC TRANSLATION ELONGATION%REACTOME DATABASE ID RELEASE 95%156842	EUKARYOTIC TRANSLATION ELONGATION%REACTOME DATABASE ID RELEASE 95%156842		93	-0.29982555	-1.19642	0.08571429	0.82084155	1.0	6117	tags=37%, list=25%, signal=49%	
ATM PATHWAY%PATHWAY INTERACTION DATABASE NCI-NATURE CURATED DATA%ATM PATHWAY	ATM PATHWAY%PATHWAY INTERACTION DATABASE NCI-NATURE CURATED DATA%ATM PATHWAY		34	-0.36029738	-1.1950809	0.17511521	0.82431704	1.0	357	tags=9%, list=1%, signal=9%	
SEALING OF THE NUCLEAR ENVELOPE (NE) BY ESCRT-III%REACTOME%R-HSA-9668328.2	SEALING OF THE NUCLEAR ENVELOPE (NE) BY ESCRT-III%REACTOME%R-HSA-9668328.2		32	-0.3598517	-1.194659	0.18287937	0.823939	1.0	4821	tags=28%, list=20%, signal=35%	
DEGRADATION OF GLI1 BY THE PROTEASOME%REACTOME DATABASE ID RELEASE 95%5610780	DEGRADATION OF GLI1 BY THE PROTEASOME%REACTOME DATABASE ID RELEASE 95%5610780		47	-0.33383814	-1.1936246	0.15300547	0.82633764	1.0	4658	tags=36%, list=19%, signal=45%	
PROTEIN SYNTHESIS: ISOLEUCINE%SMPDB%SMP0111872	PROTEIN SYNTHESIS: ISOLEUCINE%SMPDB%SMP0111872		79	-0.30185392	-1.1897177	0.14583333	0.84094834	1.0	6023	tags=35%, list=25%, signal=47%	
FORMATION OF TUBULIN FOLDING INTERMEDIATES BY CCT TRIC%REACTOME%R-HSA-389960.4	FORMATION OF TUBULIN FOLDING INTERMEDIATES BY CCT TRIC%REACTOME%R-HSA-389960.4		26	-0.37382922	-1.1889828	0.1764706	0.84175044	1.0	4821	tags=42%, list=20%, signal=53%	
REGULATION OF PD-L1(CD274) EXPRESSION%REACTOME%R-HSA-9909648.1	REGULATION OF PD-L1(CD274) EXPRESSION%REACTOME%R-HSA-9909648.1		162	-0.27177867	-1.1884369	0.065789476	0.84185326	1.0	2925	tags=22%, list=12%, signal=24%	
REGULATION OF DEFENSE RESPONSE TO VIRUS BY HOST%GOBP%GO:0050691	REGULATION OF DEFENSE RESPONSE TO VIRUS BY HOST%GOBP%GO:0050691		36	-0.351877	-1.1858146	0.17460318	0.8509384	1.0	5036	tags=33%, list=21%, signal=42%	
POSITIVE REGULATION OF INTRACELLULAR PROTEIN TRANSPORT%GOBP%GO:0090316	POSITIVE REGULATION OF INTRACELLULAR PROTEIN TRANSPORT%GOBP%GO:0090316		79	-0.3042016	-1.1849918	0.15882353	0.8526073	1.0	2857	tags=19%, list=12%, signal=21%	
ZNF598 AND THE RIBOSOME-ASSOCIATED QUALITY TRIGGER (RQT) COMPLEX DISSOCIATE A RIBOSOME STALLED ON A NO-GO MRNA%REACTOME DATABASE ID RELEASE 95%9954716	ZNF598 AND THE RIBOSOME-ASSOCIATED QUALITY TRIGGER (RQT) COMPLEX DISSOCIATE A RIBOSOME STALLED ON A NO-GO MRNA%REACTOME DATABASE ID RELEASE 95%9954716		95	-0.28847915	-1.1848356	0.07482993	0.85101175	1.0	6117	tags=36%, list=25%, signal=48%	
BIOCARTA_INSULIN_PATHWAY%MSIGDB_C2%BIOCARTA_INSULIN_PATHWAY	BIOCARTA_INSULIN_PATHWAY%MSIGDB_C2%BIOCARTA_INSULIN_PATHWAY		17	-0.4270836	-1.1844211	0.22180451	0.8505129	1.0	1717	tags=24%, list=7%, signal=25%	
NEGATIVE REGULATION OF UBIQUITIN-DEPENDENT PROTEIN CATABOLIC PROCESS%GOBP%GO:2000059	NEGATIVE REGULATION OF UBIQUITIN-DEPENDENT PROTEIN CATABOLIC PROCESS%GOBP%GO:2000059		52	-0.32382318	-1.1843553	0.1396648	0.8485719	1.0	5652	tags=37%, list=23%, signal=47%	
ENTEROENDOCRINE CELL DIFFERENTIATION%GOBP%GO:0035883	ENTEROENDOCRINE CELL DIFFERENTIATION%GOBP%GO:0035883		16	-0.42966667	-1.1837394	0.22077923	0.84888816	1.0	1590	tags=13%, list=6%, signal=13%	
INTRINSIC APOPTOTIC SIGNALING PATHWAY IN RESPONSE TO ENDOPLASMIC RETICULUM STRESS%GOBP%GO:0070059	INTRINSIC APOPTOTIC SIGNALING PATHWAY IN RESPONSE TO ENDOPLASMIC RETICULUM STRESS%GOBP%GO:0070059		31	-0.3721436	-1.1837381	0.24124514	0.84667176	1.0	2429	tags=19%, list=10%, signal=21%	
N-CADHERIN SIGNALING EVENTS%PATHWAY INTERACTION DATABASE NCI-NATURE CURATED DATA%N-CADHERIN SIGNALING EVENTS	N-CADHERIN SIGNALING EVENTS%PATHWAY INTERACTION DATABASE NCI-NATURE CURATED DATA%N-CADHERIN SIGNALING EVENTS		34	-0.35885188	-1.1796733	0.18532819	0.86229455	1.0	3175	tags=26%, list=13%, signal=30%	
PROTEIN SYNTHESIS: ASPARAGINE%SMPDB%SMP0111854	PROTEIN SYNTHESIS: ASPARAGINE%SMPDB%SMP0111854		79	-0.300448	-1.1794568	0.13440861	0.8609416	1.0	6023	tags=35%, list=25%, signal=47%	
VALIDATED TARGETS OF C-MYC TRANSCRIPTIONAL ACTIVATION%PATHWAY INTERACTION DATABASE NCI-NATURE CURATED DATA%VALIDATED TARGETS OF C-MYC TRANSCRIPTIONAL ACTIVATION	VALIDATED TARGETS OF C-MYC TRANSCRIPTIONAL ACTIVATION%PATHWAY INTERACTION DATABASE NCI-NATURE CURATED DATA%VALIDATED TARGETS OF C-MYC TRANSCRIPTIONAL ACTIVATION		79	-0.296588	-1.1791188	0.14136125	0.860099	1.0	4959	tags=38%, list=20%, signal=47%	
PID_S1P_S1P2_PATHWAY%MSIGDB_C2%PID_S1P_S1P2_PATHWAY	PID_S1P_S1P2_PATHWAY%MSIGDB_C2%PID_S1P_S1P2_PATHWAY		18	-0.41705418	-1.1775112	0.21202531	0.865158	1.0	1334	tags=17%, list=5%, signal=18%	
REGULATION OF INTRINSIC APOPTOTIC SIGNALING PATHWAY BY P53 CLASS MEDIATOR%GOBP%GO:1902253	REGULATION OF INTRINSIC APOPTOTIC SIGNALING PATHWAY BY P53 CLASS MEDIATOR%GOBP%GO:1902253		24	-0.3889572	-1.1771454	0.20134228	0.8644023	1.0	6114	tags=46%, list=25%, signal=61%	
PROTEIN SYNTHESIS: LYSINE%SMPDB%SMP0111874	PROTEIN SYNTHESIS: LYSINE%SMPDB%SMP0111874		79	-0.29552537	-1.1769364	0.147929	0.8630662	1.0	6023	tags=35%, list=25%, signal=47%	
DEFECTIVE B3GAT3 CAUSES JDSSDHD%REACTOME DATABASE ID RELEASE 95%3560801	DEFECTIVE B3GAT3 CAUSES JDSSDHD%REACTOME DATABASE ID RELEASE 95%3560801		20	-0.41060793	-1.1746285	0.1970803	0.87097955	1.0	647	tags=10%, list=3%, signal=10%	
PROTEIN SYNTHESIS: GLUTAMIC ACID%PATHWHIZ%PW112922	PROTEIN SYNTHESIS: GLUTAMIC ACID%PATHWHIZ%PW112922		79	-0.3040437	-1.1736887	0.14375	0.8728582	1.0	6023	tags=35%, list=25%, signal=47%	
CELLULAR RESPONSE TO STARVATION%GOBP%GO:0009267	CELLULAR RESPONSE TO STARVATION%GOBP%GO:0009267		148	-0.27746505	-1.1732223	0.0990099	0.8726398	1.0	2846	tags=16%, list=12%, signal=17%	
AMINO ACID IMPORT ACROSS PLASMA MEMBRANE%GOBP%GO:0089718	AMINO ACID IMPORT ACROSS PLASMA MEMBRANE%GOBP%GO:0089718		38	-0.34192964	-1.1728866	0.20233463	0.87182117	1.0	1702	tags=18%, list=7%, signal=20%	
HAIR FOLLICLE DEVELOPMENT CYTODIFFERENTIATION STAGE 3 OF 3%WIKIPATHWAYS_20260211%WP2840%HOMO SAPIENS	HAIR FOLLICLE DEVELOPMENT CYTODIFFERENTIATION STAGE 3 OF 3%WIKIPATHWAYS_20260211%WP2840%HOMO SAPIENS		78	-0.30161124	-1.1725578	0.14606741	0.87107587	1.0	2593	tags=23%, list=11%, signal=26%	
TRNA WOBBLE BASE MODIFICATION%GOBP%GO:0002097	TRNA WOBBLE BASE MODIFICATION%GOBP%GO:0002097		27	-0.3766228	-1.1718496	0.22556391	0.8719457	1.0	2698	tags=33%, list=11%, signal=37%	
LINOLEIC ACID METABOLIC PROCESS%GOBP%GO:0043651	LINOLEIC ACID METABOLIC PROCESS%GOBP%GO:0043651		19	-0.40769425	-1.1710595	0.24742268	0.8732931	1.0	2426	tags=32%, list=10%, signal=35%	
EARLY SARS-COV-2 INFECTION EVENTS%REACTOME%R-HSA-9772572.4	EARLY SARS-COV-2 INFECTION EVENTS%REACTOME%R-HSA-9772572.4		37	-0.3558727	-1.1705307	0.18253969	0.8734421	1.0	1865	tags=16%, list=8%, signal=18%	
NEGATIVE REGULATION OF HORMONE SECRETION%GOBP%GO:0046888	NEGATIVE REGULATION OF HORMONE SECRETION%GOBP%GO:0046888		36	-0.3510511	-1.1703715	0.18884121	0.8719422	1.0	3298	tags=28%, list=13%, signal=32%	
NEUTRAL AMINO ACID TRANSPORT%GOBP%GO:0015804	NEUTRAL AMINO ACID TRANSPORT%GOBP%GO:0015804		43	-0.3347484	-1.1696235	0.19838056	0.87319267	1.0	1702	tags=21%, list=7%, signal=22%	
INTERMEDIATE FILAMENT-BASED PROCESS%GOBP%GO:0045103	INTERMEDIATE FILAMENT-BASED PROCESS%GOBP%GO:0045103		85	-0.2902778	-1.1680567	0.17948718	0.87796396	1.0	2803	tags=16%, list=11%, signal=19%	
17P13 3 YWHAE COPY NUMBER VARIATION%WIKIPATHWAYS_20260211%WP5376%HOMO SAPIENS	17P13 3 YWHAE COPY NUMBER VARIATION%WIKIPATHWAYS_20260211%WP5376%HOMO SAPIENS		17	-0.4241154	-1.1676003	0.24573378	0.87796825	1.0	1286	tags=24%, list=5%, signal=25%	
ANDROGENRECEPTOR%IOB%ANDROGENRECEPTOR	ANDROGENRECEPTOR%IOB%ANDROGENRECEPTOR		92	-0.2864514	-1.1668206	0.12280702	0.8792323	1.0	2363	tags=17%, list=10%, signal=19%	
CEREBELLAR CORTEX DEVELOPMENT%GOBP%GO:0021695	CEREBELLAR CORTEX DEVELOPMENT%GOBP%GO:0021695		19	-0.39671364	-1.1666607	0.2243346	0.8778326	1.0	4315	tags=47%, list=18%, signal=57%	
OXIDATIVE STRESS RESPONSE%PANTHER PATHWAY%P00046	OXIDATIVE STRESS RESPONSE%PANTHER PATHWAY%P00046		22	-0.39008552	-1.1662834	0.22695035	0.8775405	1.0	863	tags=14%, list=4%, signal=14%	
EXPORT ACROSS PLASMA MEMBRANE%GOBP%GO:0140115	EXPORT ACROSS PLASMA MEMBRANE%GOBP%GO:0140115		63	-0.30439934	-1.1655003	0.16336633	0.8789315	1.0	2772	tags=19%, list=11%, signal=21%	
SELENIUM MICRONUTRIENT NETWORK%WIKIPATHWAYS_20260211%WP15%HOMO SAPIENS	SELENIUM MICRONUTRIENT NETWORK%WIKIPATHWAYS_20260211%WP15%HOMO SAPIENS		63	-0.30682302	-1.1653942	0.15508021	0.8771963	1.0	1982	tags=13%, list=8%, signal=14%	
NEGATIVE REGULATION OF APOPTOTIC SIGNALING PATHWAY%GOBP%GO:2001234	NEGATIVE REGULATION OF APOPTOTIC SIGNALING PATHWAY%GOBP%GO:2001234		162	-0.27258313	-1.16534	0.1097561	0.87525254	1.0	3087	tags=20%, list=13%, signal=23%	
PID_ERA_GENOMIC_PATHWAY%MSIGDB_C2%PID_ERA_GENOMIC_PATHWAY	PID_ERA_GENOMIC_PATHWAY%MSIGDB_C2%PID_ERA_GENOMIC_PATHWAY		49	-0.31392467	-1.1637166	0.16831683	0.8803347	1.0	3009	tags=22%, list=12%, signal=26%	
REGULATION OF HOMOTYPIC CELL-CELL ADHESION%REACTOME DATABASE ID RELEASE 95%9759476	REGULATION OF HOMOTYPIC CELL-CELL ADHESION%REACTOME DATABASE ID RELEASE 95%9759476		178	-0.25606725	-1.1634978	0.101265825	0.8791178	1.0	2925	tags=20%, list=12%, signal=22%	
NEGATIVE REGULATION OF NOTCH SIGNALING PATHWAY%GOBP%GO:0045746	NEGATIVE REGULATION OF NOTCH SIGNALING PATHWAY%GOBP%GO:0045746		29	-0.36584324	-1.1632422	0.2015504	0.8780509	1.0	2396	tags=21%, list=10%, signal=23%	
REGULATION OF APOPTOSIS%REACTOME DATABASE ID RELEASE 95%169911	REGULATION OF APOPTOSIS%REACTOME DATABASE ID RELEASE 95%169911		40	-0.34292153	-1.1619039	0.18103448	0.8820058	1.0	4658	tags=40%, list=19%, signal=49%	
WNT5A-DEPENDENT INTERNALIZATION OF FZD4%REACTOME%R-HSA-5099900.2	WNT5A-DEPENDENT INTERNALIZATION OF FZD4%REACTOME%R-HSA-5099900.2		15	-0.42545888	-1.1608577	0.25856698	0.8844962	1.0	1796	tags=20%, list=7%, signal=22%	
PCP CE PATHWAY%REACTOME%R-HSA-4086400.4	PCP CE PATHWAY%REACTOME%R-HSA-4086400.4		79	-0.29121587	-1.1608249	0.16	0.8825317	1.0	4658	tags=35%, list=19%, signal=44%	
TRANSLESION SYNTHESIS BY REV1%REACTOME%R-HSA-110312.3	TRANSLESION SYNTHESIS BY REV1%REACTOME%R-HSA-110312.3		16	-0.41056743	-1.1601082	0.26962456	0.88350207	1.0	3772	tags=31%, list=15%, signal=37%	
PROTEIN SYNTHESIS: TRYPTOPHAN%PATHWHIZ%PW120526	PROTEIN SYNTHESIS: TRYPTOPHAN%PATHWHIZ%PW120526		79	-0.29248068	-1.160106	0.17222223	0.88138694	1.0	6023	tags=35%, list=25%, signal=47%	
CS-GAG BIOSYNTHESIS%REACTOME DATABASE ID RELEASE 95%2022870	CS-GAG BIOSYNTHESIS%REACTOME DATABASE ID RELEASE 95%2022870		20	-0.39543712	-1.1597257	0.2575251	0.8808935	1.0	954	tags=15%, list=4%, signal=16%	
NEGATIVE REGULATION OF OSSIFICATION%GOBP%GO:0030279	NEGATIVE REGULATION OF OSSIFICATION%GOBP%GO:0030279		34	-0.3509538	-1.1593523	0.21011673	0.88042533	1.0	4636	tags=41%, list=19%, signal=51%	
NUCLEOSOME ASSEMBLY%GOBP%GO:0006334	NUCLEOSOME ASSEMBLY%GOBP%GO:0006334		59	-0.3082209	-1.1588917	0.18421052	0.8804481	1.0	1611	tags=14%, list=7%, signal=14%	
PROTEIN INSERTION INTO ER MEMBRANE%GOBP%GO:0045048	PROTEIN INSERTION INTO ER MEMBRANE%GOBP%GO:0045048		31	-0.3493186	-1.1571656	0.19917013	0.8858512	1.0	5069	tags=45%, list=21%, signal=57%	
OBSOLETE PROTEIN TARGETING TO MITOCHONDRION%GOBP%GO:0006626	OBSOLETE PROTEIN TARGETING TO MITOCHONDRION%GOBP%GO:0006626		26	-0.37027657	-1.1567644	0.23606557	0.8855245	1.0	3030	tags=27%, list=12%, signal=31%	
DNA IR DAMAGE AND CELLULAR RESPONSE VIA ATR%WIKIPATHWAYS_20260211%WP4016%HOMO SAPIENS	DNA IR DAMAGE AND CELLULAR RESPONSE VIA ATR%WIKIPATHWAYS_20260211%WP4016%HOMO SAPIENS		69	-0.3040656	-1.1564188	0.14634146	0.8849113	1.0	2139	tags=17%, list=9%, signal=19%	
FORMATION OF PARAXIAL MESODERM%REACTOME%R-HSA-9793380.5	FORMATION OF PARAXIAL MESODERM%REACTOME%R-HSA-9793380.5		59	-0.30723873	-1.1556859	0.17021276	0.88600606	1.0	4409	tags=32%, list=18%, signal=39%	
REGULATION OF CARDIOCYTE DIFFERENTIATION%GOBP%GO:1905207	REGULATION OF CARDIOCYTE DIFFERENTIATION%GOBP%GO:1905207		21	-0.38843593	-1.1555943	0.23278688	0.88425034	1.0	3757	tags=29%, list=15%, signal=34%	
OLIGODENDROCYTE SPECIFICATION AND DIFFERENTIATION LEADING TO MYELIN COMPONENTS FOR CNS%WIKIPATHWAYS_20260211%WP4304%HOMO SAPIENS	OLIGODENDROCYTE SPECIFICATION AND DIFFERENTIATION LEADING TO MYELIN COMPONENTS FOR CNS%WIKIPATHWAYS_20260211%WP4304%HOMO SAPIENS		26	-0.36519778	-1.1543808	0.2064057	0.88757104	1.0	2040	tags=15%, list=8%, signal=17%	
SIGNALING BY NTRKS%REACTOME DATABASE ID RELEASE 95%166520	SIGNALING BY NTRKS%REACTOME DATABASE ID RELEASE 95%166520		130	-0.27697286	-1.1532788	0.14141414	0.89032763	1.0	3454	tags=19%, list=14%, signal=22%	
PROTEASOMAL UBIQUITIN-INDEPENDENT PROTEIN CATABOLIC PROCESS%GOBP%GO:0010499	PROTEASOMAL UBIQUITIN-INDEPENDENT PROTEIN CATABOLIC PROCESS%GOBP%GO:0010499		19	-0.40581062	-1.1532198	0.27062705	0.8884985	1.0	4658	tags=42%, list=19%, signal=52%	
CELLULAR RESPONSE TO HYPOXIA%REACTOME DATABASE ID RELEASE 95%1234174	CELLULAR RESPONSE TO HYPOXIA%REACTOME DATABASE ID RELEASE 95%1234174		62	-0.30536687	-1.1517984	0.21025641	0.89276224	1.0	4690	tags=32%, list=19%, signal=40%	
GAP-FILLING DNA REPAIR SYNTHESIS AND LIGATION IN GG-NER%REACTOME DATABASE ID RELEASE 95%5696397	GAP-FILLING DNA REPAIR SYNTHESIS AND LIGATION IN GG-NER%REACTOME DATABASE ID RELEASE 95%5696397		25	-0.36495274	-1.1506517	0.21428572	0.89578855	1.0	5676	tags=44%, list=23%, signal=57%	
REGULATION OF ERYTHROCYTE DIFFERENTIATION%GOBP%GO:0045646	REGULATION OF ERYTHROCYTE DIFFERENTIATION%GOBP%GO:0045646		38	-0.34424946	-1.1496785	0.17209302	0.8980086	1.0	970	tags=13%, list=4%, signal=14%	
ACTIVATION OF MATRIX METALLOPROTEINASES%REACTOME DATABASE ID RELEASE 95%1592389	ACTIVATION OF MATRIX METALLOPROTEINASES%REACTOME DATABASE ID RELEASE 95%1592389		33	-0.3507115	-1.1485078	0.23773585	0.9009943	1.0	1375	tags=15%, list=6%, signal=16%	
INTERMEDIATE FILAMENT CYTOSKELETON ORGANIZATION%GOBP%GO:0045104	INTERMEDIATE FILAMENT CYTOSKELETON ORGANIZATION%GOBP%GO:0045104		84	-0.29113203	-1.1472689	0.15923567	0.9044899	1.0	2803	tags=17%, list=11%, signal=19%	
PROTEIN SYNTHESIS: THREONINE%PATHWHIZ%PW120525	PROTEIN SYNTHESIS: THREONINE%PATHWHIZ%PW120525		79	-0.2946489	-1.1468574	0.16666667	0.9043243	1.0	6023	tags=35%, list=25%, signal=47%	
MMR%REACTOME%R-HSA-5358508.3	MMR%REACTOME%R-HSA-5358508.3		15	-0.41387278	-1.1455681	0.25157234	0.90818626	1.0	2768	tags=33%, list=11%, signal=38%	
REGULATION OF NEURAL PRECURSOR CELL PROLIFERATION%GOBP%GO:2000177	REGULATION OF NEURAL PRECURSOR CELL PROLIFERATION%GOBP%GO:2000177		42	-0.32644692	-1.1455292	0.18309858	0.90629643	1.0	3016	tags=26%, list=12%, signal=30%	
MITOTIC CHROMOSOME CONDENSATION%GOBP%GO:0007076	MITOTIC CHROMOSOME CONDENSATION%GOBP%GO:0007076		16	-0.4170629	-1.1451848	0.26875	0.90577614	1.0	5631	tags=56%, list=23%, signal=73%	
CYTOPLASMIC TRANSLATION%GOBP%GO:0002181	CYTOPLASMIC TRANSLATION%GOBP%GO:0002181		164	-0.2600629	-1.1447967	0.104166664	0.9054439	1.0	5877	tags=34%, list=24%, signal=45%	
REGULATION OF LYSOSOMAL LUMEN PH%GOBP%GO:0035751	REGULATION OF LYSOSOMAL LUMEN PH%GOBP%GO:0035751		29	-0.36836457	-1.1445693	0.22261484	0.90434957	1.0	3379	tags=34%, list=14%, signal=40%	
CO-INHIBITION BY CTLA4%REACTOME DATABASE ID RELEASE 95%389513	CO-INHIBITION BY CTLA4%REACTOME DATABASE ID RELEASE 95%389513		20	-0.38693193	-1.1439725	0.26936027	0.9049624	1.0	3454	tags=35%, list=14%, signal=41%	
IRAK2 MEDIATED ACTIVATION OF TAK1 COMPLEX UPON TLR7 8 OR 9 STIMULATION%REACTOME%R-HSA-975163.3	IRAK2 MEDIATED ACTIVATION OF TAK1 COMPLEX UPON TLR7 8 OR 9 STIMULATION%REACTOME%R-HSA-975163.3		15	-0.42552972	-1.1433243	0.27108434	0.9058161	1.0	2246	tags=27%, list=9%, signal=29%	
ORGANIC CATION TRANSPORT%GOBP%GO:0015695	ORGANIC CATION TRANSPORT%GOBP%GO:0015695		86	-0.28148314	-1.1425312	0.16107382	0.907314	1.0	1906	tags=19%, list=8%, signal=20%	
INTERACTION BETWEEN L1 AND ANKYRINS%REACTOME DATABASE ID RELEASE 95%445095	INTERACTION BETWEEN L1 AND ANKYRINS%REACTOME DATABASE ID RELEASE 95%445095		29	-0.36620477	-1.1413172	0.24812031	0.91074127	1.0	2263	tags=24%, list=9%, signal=27%	
PROTEIN SYNTHESIS: VALINE%PATHWHIZ%PW120528	PROTEIN SYNTHESIS: VALINE%PATHWHIZ%PW120528		79	-0.29333732	-1.1411804	0.1741573	0.9092466	1.0	6023	tags=35%, list=25%, signal=47%	
PROTEIN SYNTHESIS: TYROSINE%PATHWHIZ%PW120527	PROTEIN SYNTHESIS: TYROSINE%PATHWHIZ%PW120527		79	-0.29260603	-1.1409973	0.1724138	0.90812016	1.0	6023	tags=35%, list=25%, signal=47%	
AFFECTED PATHWAYS IN DUCHENNE MUSCULAR DYSTROPHY%WIKIPATHWAYS_20260211%WP5356%HOMO SAPIENS	AFFECTED PATHWAYS IN DUCHENNE MUSCULAR DYSTROPHY%WIKIPATHWAYS_20260211%WP5356%HOMO SAPIENS		59	-0.3033656	-1.1402194	0.18932039	0.9095281	1.0	3872	tags=31%, list=16%, signal=36%	
NEGATIVE REGULATION OF HYDROLASE ACTIVITY%GOBP%GO:0051346	NEGATIVE REGULATION OF HYDROLASE ACTIVITY%GOBP%GO:0051346		30	-0.34805527	-1.1401606	0.23333333	0.90773356	1.0	703	tags=17%, list=3%, signal=17%	
REGULATION OF PTEN STABILITY AND ACTIVITY%REACTOME%R-HSA-8948751.3	REGULATION OF PTEN STABILITY AND ACTIVITY%REACTOME%R-HSA-8948751.3		56	-0.30681983	-1.139814	0.19786096	0.907276	1.0	4658	tags=32%, list=19%, signal=40%	
BIOCARTA_TFF_PATHWAY%MSIGDB_C2%BIOCARTA_TFF_PATHWAY	BIOCARTA_TFF_PATHWAY%MSIGDB_C2%BIOCARTA_TFF_PATHWAY		21	-0.38117605	-1.1390527	0.25925925	0.908696	1.0	4429	tags=29%, list=18%, signal=35%	
TRAF6-MEDIATED INDUCTION OF TAK1 COMPLEX WITHIN TLR4 COMPLEX%REACTOME%R-HSA-937072.4	TRAF6-MEDIATED INDUCTION OF TAK1 COMPLEX WITHIN TLR4 COMPLEX%REACTOME%R-HSA-937072.4		15	-0.42552972	-1.1384381	0.2672956	0.9094527	1.0	2246	tags=27%, list=9%, signal=29%	
CELL DIFFERENTIATION IN SPINAL CORD%GOBP%GO:0021515	CELL DIFFERENTIATION IN SPINAL CORD%GOBP%GO:0021515		15	-0.4232615	-1.1375899	0.26268658	0.9112303	1.0	1294	tags=20%, list=5%, signal=21%	
PID_LYSOPHOSPHOLIPID_PATHWAY%MSIGDB_C2%PID_LYSOPHOSPHOLIPID_PATHWAY	PID_LYSOPHOSPHOLIPID_PATHWAY%MSIGDB_C2%PID_LYSOPHOSPHOLIPID_PATHWAY		50	-0.31038588	-1.137519	0.20754717	0.9095622	1.0	1396	tags=12%, list=6%, signal=13%	
NUCLEUS LOCALIZATION%GOBP%GO:0051647	NUCLEUS LOCALIZATION%GOBP%GO:0051647		25	-0.37066576	-1.1364453	0.23265307	0.91244227	1.0	2689	tags=20%, list=11%, signal=22%	
ID%IOB%ID	ID%IOB%ID		17	-0.408932	-1.1363361	0.25477707	0.91095084	1.0	4563	tags=35%, list=19%, signal=43%	
NOTCH%NETPATH%NOTCH	NOTCH%NETPATH%NOTCH		46	-0.32238647	-1.1359652	0.19323671	0.9107345	1.0	2336	tags=15%, list=10%, signal=17%	
PROTEIN SYNTHESIS: HISTIDINE%PATHWHIZ%PW112929	PROTEIN SYNTHESIS: HISTIDINE%PATHWHIZ%PW112929		79	-0.28124052	-1.1351901	0.1746988	0.9120958	1.0	6023	tags=34%, list=25%, signal=45%	
PID_HIF1_TFPATHWAY%MSIGDB_C2%PID_HIF1_TFPATHWAY	PID_HIF1_TFPATHWAY%MSIGDB_C2%PID_HIF1_TFPATHWAY		46	-0.3148889	-1.1348385	0.2079646	0.9117282	1.0	3849	tags=30%, list=16%, signal=36%	
REGULATION OF CDH1 EXPRESSION AND FUNCTION%REACTOME DATABASE ID RELEASE 95%9764265	REGULATION OF CDH1 EXPRESSION AND FUNCTION%REACTOME DATABASE ID RELEASE 95%9764265		163	-0.25907728	-1.1344765	0.08510638	0.91140306	1.0	2925	tags=21%, list=12%, signal=24%	
ENDOPLASMIC RETICULUM TO GOLGI VESICLE-MEDIATED TRANSPORT%GOBP%GO:0006888	ENDOPLASMIC RETICULUM TO GOLGI VESICLE-MEDIATED TRANSPORT%GOBP%GO:0006888		118	-0.27449915	-1.132997	0.14615385	0.91591394	1.0	2959	tags=24%, list=12%, signal=27%	
SUPERPATHWAY OF PYRIMIDINE DEOXYRIBONUCLEOSIDE SALVAGE%BIOCYC%PWY-7200	SUPERPATHWAY OF PYRIMIDINE DEOXYRIBONUCLEOSIDE SALVAGE%BIOCYC%PWY-7200		15	-0.42841145	-1.132429	0.3164557	0.91648996	1.0	2123	tags=20%, list=9%, signal=22%	
REGULATION OF HSF1-MEDIATED HEAT SHOCK RESPONSE%REACTOME DATABASE ID RELEASE 95%3371453	REGULATION OF HSF1-MEDIATED HEAT SHOCK RESPONSE%REACTOME DATABASE ID RELEASE 95%3371453		67	-0.2975505	-1.132343	0.22527473	0.91488874	1.0	2157	tags=15%, list=9%, signal=16%	
INTEGRATED STRESS RESPONSE SIGNALING%GOBP%GO:0140467	INTEGRATED STRESS RESPONSE SIGNALING%GOBP%GO:0140467		37	-0.33758715	-1.1321659	0.24701196	0.91365176	1.0	5312	tags=32%, list=22%, signal=41%	
REGULATION OF APC C ACTIVATORS BETWEEN G1 S AND EARLY ANAPHASE%REACTOME DATABASE ID RELEASE 95%176408	REGULATION OF APC C ACTIVATORS BETWEEN G1 S AND EARLY ANAPHASE%REACTOME DATABASE ID RELEASE 95%176408		68	-0.29558104	-1.1317863	0.17368421	0.91328144	1.0	4690	tags=35%, list=19%, signal=44%	
MATURATION OF LSU-RRNA FROM TRICISTRONIC RRNA TRANSCRIPT (SSU-RRNA, 5.8S RRNA, LSU-RRNA)%GOBP%GO:0000463	MATURATION OF LSU-RRNA FROM TRICISTRONIC RRNA TRANSCRIPT (SSU-RRNA, 5.8S RRNA, LSU-RRNA)%GOBP%GO:0000463		22	-0.37325367	-1.1315365	0.27306274	0.91242397	1.0	2671	tags=23%, list=11%, signal=25%	
RRNA PROCESSING IN THE NUCLEUS AND CYTOSOL%REACTOME%R-HSA-8868773.5	RRNA PROCESSING IN THE NUCLEUS AND CYTOSOL%REACTOME%R-HSA-8868773.5		192	-0.25929555	-1.1310654	0.10169491	0.91245246	1.0	5047	tags=31%, list=21%, signal=38%	
RETICULOPHAGY%GOBP%GO:0061709	RETICULOPHAGY%GOBP%GO:0061709		23	-0.37396204	-1.1304765	0.25830257	0.9130342	1.0	4179	tags=35%, list=17%, signal=42%	
CELLULAR RESPONSE TO OXYGEN LEVELS%GOBP%GO:0071453	CELLULAR RESPONSE TO OXYGEN LEVELS%GOBP%GO:0071453		90	-0.27849397	-1.1298959	0.16049382	0.9136397	1.0	5051	tags=34%, list=21%, signal=43%	
MAGNESIUM ION TRANSPORT%GOBP%GO:0015693	MAGNESIUM ION TRANSPORT%GOBP%GO:0015693		17	-0.413322	-1.1292486	0.2611465	0.91457903	1.0	2947	tags=24%, list=12%, signal=27%	
RESPONSE TO ALKALOID%GOBP%GO:0043279	RESPONSE TO ALKALOID%GOBP%GO:0043279		24	-0.37562534	-1.1289275	0.25177306	0.91407263	1.0	938	tags=17%, list=4%, signal=17%	
CDC20:PHOSPHO-APC C MEDIATED DEGRADATION OF CYCLIN A%REACTOME DATABASE ID RELEASE 95%174184	CDC20:PHOSPHO-APC C MEDIATED DEGRADATION OF CYCLIN A%REACTOME DATABASE ID RELEASE 95%174184		60	-0.30658153	-1.1284746	0.23809524	0.91416574	1.0	4690	tags=38%, list=19%, signal=47%	
AMINOGLYCAN BIOSYNTHETIC PROCESS%GOBP%GO:0006023	AMINOGLYCAN BIOSYNTHETIC PROCESS%GOBP%GO:0006023		29	-0.3474341	-1.127564	0.23344947	0.91638446	1.0	1980	tags=17%, list=8%, signal=19%	
PROTEIN SYNTHESIS: CYSTEINE%PATHWHIZ%PW112918	PROTEIN SYNTHESIS: CYSTEINE%PATHWHIZ%PW112918		79	-0.2849049	-1.1272848	0.22012578	0.91570264	1.0	6023	tags=34%, list=25%, signal=45%	
TISSUE REMODELING%GOBP%GO:0048771	TISSUE REMODELING%GOBP%GO:0048771		37	-0.32452345	-1.1267389	0.21343873	0.9163038	1.0	2939	tags=24%, list=12%, signal=28%	
STABILIZATION OF P53%REACTOME DATABASE ID RELEASE 95%69541	STABILIZATION OF P53%REACTOME DATABASE ID RELEASE 95%69541		44	-0.32214963	-1.1261476	0.2394958	0.9171526	1.0	4658	tags=39%, list=19%, signal=48%	
VESICLE COATING%GOBP%GO:0006901	VESICLE COATING%GOBP%GO:0006901		35	-0.3369924	-1.1257727	0.23664123	0.91691023	1.0	2308	tags=20%, list=9%, signal=22%	
REGULATION OF MRNA STABILITY BY PROTEINS THAT BIND AU-RICH ELEMENTS%REACTOME%R-HSA-450531.6	REGULATION OF MRNA STABILITY BY PROTEINS THAT BIND AU-RICH ELEMENTS%REACTOME%R-HSA-450531.6		73	-0.2857789	-1.125524	0.18085106	0.91610247	1.0	5101	tags=38%, list=21%, signal=48%	
PID_P75_NTR_PATHWAY%MSIGDB_C2%PID_P75_NTR_PATHWAY	PID_P75_NTR_PATHWAY%MSIGDB_C2%PID_P75_NTR_PATHWAY		55	-0.30349252	-1.1254063	0.19905214	0.91467655	1.0	1481	tags=15%, list=6%, signal=15%	
APC:CDC20 MEDIATED DEGRADATION OF CELL CYCLE PROTEINS PRIOR TO SATISFATION OF THE CELL CYCLE CHECKPOINT%REACTOME DATABASE ID RELEASE 95%179419	APC:CDC20 MEDIATED DEGRADATION OF CELL CYCLE PROTEINS PRIOR TO SATISFATION OF THE CELL CYCLE CHECKPOINT%REACTOME DATABASE ID RELEASE 95%179419		61	-0.30586505	-1.1253313	0.2259887	0.91308707	1.0	4690	tags=38%, list=19%, signal=47%	
PROTEIN LOCALIZATION TO SITE OF DOUBLE-STRAND BREAK%GOBP%GO:1990166	PROTEIN LOCALIZATION TO SITE OF DOUBLE-STRAND BREAK%GOBP%GO:1990166		15	-0.41058585	-1.1245457	0.3058104	0.91469854	1.0	2061	tags=20%, list=8%, signal=22%	
APC C:CDC20 MEDIATED DEGRADATION OF SECURIN%REACTOME DATABASE ID RELEASE 95%174154	APC C:CDC20 MEDIATED DEGRADATION OF SECURIN%REACTOME DATABASE ID RELEASE 95%174154		55	-0.31056523	-1.1236677	0.22751322	0.91676354	1.0	4690	tags=40%, list=19%, signal=49%	
POSITIVE REGULATION OF PROTEOLYSIS%GOBP%GO:0045862	POSITIVE REGULATION OF PROTEOLYSIS%GOBP%GO:0045862		61	-0.29691255	-1.1215588	0.21287128	0.9243328	1.0	2106	tags=18%, list=9%, signal=20%	
POSITIVE REGULATION OF PROTEIN UBIQUITINATION%GOBP%GO:0031398	POSITIVE REGULATION OF PROTEIN UBIQUITINATION%GOBP%GO:0031398		84	-0.28376102	-1.1206665	0.21341464	0.92657596	1.0	5886	tags=40%, list=24%, signal=53%	
PID_BMP_PATHWAY%MSIGDB_C2%PID_BMP_PATHWAY	PID_BMP_PATHWAY%MSIGDB_C2%PID_BMP_PATHWAY		31	-0.3380291	-1.1200277	0.24125874	0.92761445	1.0	4184	tags=32%, list=17%, signal=39%	
REGULATION OF GRANULOCYTE MACROPHAGE COLONY-STIMULATING FACTOR PRODUCTION%GOBP%GO:0032645	REGULATION OF GRANULOCYTE MACROPHAGE COLONY-STIMULATING FACTOR PRODUCTION%GOBP%GO:0032645		15	-0.40478435	-1.1194212	0.278125	0.9285508	1.0	622	tags=13%, list=3%, signal=14%	
POSITIVE REGULATION OF SMOOTHENED SIGNALING PATHWAY%GOBP%GO:0045880	POSITIVE REGULATION OF SMOOTHENED SIGNALING PATHWAY%GOBP%GO:0045880		22	-0.384039	-1.1186182	0.28014183	0.9302408	1.0	4119	tags=36%, list=17%, signal=44%	
REGULATION OF EXPRESSION AND FUNCTION OF TYPE I CLASSICAL CADHERINS%REACTOME DATABASE ID RELEASE 95%9764274	REGULATION OF EXPRESSION AND FUNCTION OF TYPE I CLASSICAL CADHERINS%REACTOME DATABASE ID RELEASE 95%9764274		163	-0.25907728	-1.1182138	0.09375	0.93015736	1.0	2925	tags=21%, list=12%, signal=24%	
PROTEIN SYNTHESIS: ALANINE%PATHWHIZ%PW101384	PROTEIN SYNTHESIS: ALANINE%PATHWHIZ%PW101384		79	-0.28562507	-1.117925	0.2012987	0.92950624	1.0	6023	tags=34%, list=25%, signal=45%	
REGULATION OF HORMONE BIOSYNTHETIC PROCESS%GOBP%GO:0046885	REGULATION OF HORMONE BIOSYNTHETIC PROCESS%GOBP%GO:0046885		17	-0.39688107	-1.1174634	0.29126215	0.92967844	1.0	3520	tags=24%, list=14%, signal=27%	
PID_RHOA_PATHWAY%MSIGDB_C2%PID_RHOA_PATHWAY	PID_RHOA_PATHWAY%MSIGDB_C2%PID_RHOA_PATHWAY		34	-0.3347068	-1.1174119	0.27272728	0.92805225	1.0	3423	tags=29%, list=14%, signal=34%	
REGULATION OF GLYCOLYTIC PROCESS%GOBP%GO:0006110	REGULATION OF GLYCOLYTIC PROCESS%GOBP%GO:0006110		44	-0.31200424	-1.1171361	0.25560537	0.9274368	1.0	2491	tags=18%, list=10%, signal=20%	
NUCLEOTIDE-SUGAR BIOSYNTHETIC PROCESS%GOBP%GO:0009226	NUCLEOTIDE-SUGAR BIOSYNTHETIC PROCESS%GOBP%GO:0009226		26	-0.3716203	-1.1161035	0.26966292	0.9303679	1.0	1867	tags=19%, list=8%, signal=21%	
HALLMARK_UV_RESPONSE_UP%MSIGDBHALLMARK%HALLMARK_UV_RESPONSE_UP	HALLMARK_UV_RESPONSE_UP%MSIGDBHALLMARK%HALLMARK_UV_RESPONSE_UP		130	-0.26465598	-1.1159477	0.16494845	0.9292091	1.0	4563	tags=25%, list=19%, signal=31%	
MITOCHONDRIAL CALCIUM ION HOMEOSTASIS%GOBP%GO:0051560	MITOCHONDRIAL CALCIUM ION HOMEOSTASIS%GOBP%GO:0051560		20	-0.3704677	-1.1152681	0.27722773	0.9305376	1.0	1873	tags=15%, list=8%, signal=16%	
REGULATION OF CDH1 FUNCTION%REACTOME%R-HSA-9764561.1	REGULATION OF CDH1 FUNCTION%REACTOME%R-HSA-9764561.1		53	-0.30481538	-1.1144098	0.23636363	0.93260133	1.0	4658	tags=34%, list=19%, signal=42%	
APC C:CDC20 MEDIATED DEGRADATION OF MITOTIC PROTEINS%REACTOME DATABASE ID RELEASE 95%176409	APC C:CDC20 MEDIATED DEGRADATION OF MITOTIC PROTEINS%REACTOME DATABASE ID RELEASE 95%176409		63	-0.29096824	-1.1117098	0.21904762	0.9430114	1.0	4690	tags=37%, list=19%, signal=45%	
REGULATION OF RESPONSE TO FOOD%GOBP%GO:0032095	REGULATION OF RESPONSE TO FOOD%GOBP%GO:0032095		19	-0.38540152	-1.1113073	0.28052804	0.9429936	1.0	172	tags=16%, list=1%, signal=16%	
PRIMARY FOCAL SEGMENTAL GLOMERULOSCLEROSIS FSGS %WIKIPATHWAYS_20260211%WP2572%HOMO SAPIENS	PRIMARY FOCAL SEGMENTAL GLOMERULOSCLEROSIS FSGS %WIKIPATHWAYS_20260211%WP2572%HOMO SAPIENS		60	-0.29969716	-1.1102425	0.26666668	0.9461388	1.0	2805	tags=25%, list=11%, signal=28%	
NEGATIVE REGULATION OF CELL-SUBSTRATE ADHESION%GOBP%GO:0010812	NEGATIVE REGULATION OF CELL-SUBSTRATE ADHESION%GOBP%GO:0010812		55	-0.29649702	-1.1100972	0.25	0.94488496	1.0	2952	tags=22%, list=12%, signal=25%	
BIOCARTA_ATM_PATHWAY%MSIGDB_C2%BIOCARTA_ATM_PATHWAY	BIOCARTA_ATM_PATHWAY%MSIGDB_C2%BIOCARTA_ATM_PATHWAY		17	-0.40094525	-1.1098498	0.32362458	0.94412607	1.0	2737	tags=24%, list=11%, signal=26%	
GENITALIA DEVELOPMENT%GOBP%GO:0048806	GENITALIA DEVELOPMENT%GOBP%GO:0048806		19	-0.38372296	-1.1096324	0.27884614	0.9432528	1.0	4386	tags=32%, list=18%, signal=38%	
RESPONSE TO MISFOLDED PROTEIN%GOBP%GO:0051788	RESPONSE TO MISFOLDED PROTEIN%GOBP%GO:0051788		19	-0.38341874	-1.1095337	0.31309903	0.94186676	1.0	4137	tags=37%, list=17%, signal=44%	
CIRCADIAN REGULATION OF GENE EXPRESSION%GOBP%GO:0032922	CIRCADIAN REGULATION OF GENE EXPRESSION%GOBP%GO:0032922		65	-0.28848407	-1.1094037	0.252809	0.94060135	1.0	3547	tags=23%, list=14%, signal=27%	
MAPK TARGETS  NUCLEAR EVENTS MEDIATED BY MAP KINASES%REACTOME%R-HSA-450282.3	MAPK TARGETS  NUCLEAR EVENTS MEDIATED BY MAP KINASES%REACTOME%R-HSA-450282.3		30	-0.35012907	-1.1089655	0.29836065	0.94073486	1.0	3454	tags=27%, list=14%, signal=31%	
RRNA TRANSCRIPTION%GOBP%GO:0009303	RRNA TRANSCRIPTION%GOBP%GO:0009303		29	-0.3518579	-1.108915	0.28244275	0.93910533	1.0	6370	tags=45%, list=26%, signal=61%	
COLLAGEN FORMATION%REACTOME%R-HSA-1474290.5	COLLAGEN FORMATION%REACTOME%R-HSA-1474290.5		89	-0.2734963	-1.1060703	0.21985815	0.95059276	1.0	2652	tags=17%, list=11%, signal=19%	
PROTEIN SYNTHESIS: GLUTAMINE%SMPDB%SMP0111862	PROTEIN SYNTHESIS: GLUTAMINE%SMPDB%SMP0111862		79	-0.2773974	-1.1055382	0.26035503	0.9510419	1.0	6023	tags=34%, list=25%, signal=45%	
E-CADHERIN SIGNALING IN THE NASCENT ADHERENS JUNCTION%PATHWAY INTERACTION DATABASE NCI-NATURE CURATED DATA%E-CADHERIN SIGNALING IN THE NASCENT ADHERENS JUNCTION	E-CADHERIN SIGNALING IN THE NASCENT ADHERENS JUNCTION%PATHWAY INTERACTION DATABASE NCI-NATURE CURATED DATA%E-CADHERIN SIGNALING IN THE NASCENT ADHERENS JUNCTION		36	-0.3208207	-1.1049858	0.2549801	0.95161337	1.0	4758	tags=33%, list=19%, signal=41%	
CELL FATE SPECIFICATION%GOBP%GO:0001708	CELL FATE SPECIFICATION%GOBP%GO:0001708		48	-0.3039142	-1.1043003	0.25106382	0.9529538	1.0	3792	tags=21%, list=15%, signal=25%	
RENAL FILTRATION%GOBP%GO:0097205	RENAL FILTRATION%GOBP%GO:0097205		16	-0.4011878	-1.103128	0.30479452	0.9566745	1.0	2658	tags=38%, list=11%, signal=42%	
REGULATION OF HIPPO SIGNALING%GOBP%GO:0035330	REGULATION OF HIPPO SIGNALING%GOBP%GO:0035330		45	-0.30866733	-1.1026589	0.25233644	0.9569212	1.0	3454	tags=22%, list=14%, signal=26%	
CROSS-PRESENTATION OF SOLUBLE EXOGENOUS ANTIGENS (ENDOSOMES)%REACTOME DATABASE ID RELEASE 95%1236978	CROSS-PRESENTATION OF SOLUBLE EXOGENOUS ANTIGENS (ENDOSOMES)%REACTOME DATABASE ID RELEASE 95%1236978		41	-0.32632732	-1.1023574	0.26909092	0.95643574	1.0	4658	tags=37%, list=19%, signal=45%	
DIENCEPHALON DEVELOPMENT%GOBP%GO:0021536	DIENCEPHALON DEVELOPMENT%GOBP%GO:0021536		21	-0.3762378	-1.1021836	0.31208053	0.9553147	1.0	4315	tags=43%, list=18%, signal=52%	
TRANSLESION SYNTHESIS BY POLK%REACTOME%R-HSA-5655862.2	TRANSLESION SYNTHESIS BY POLK%REACTOME%R-HSA-5655862.2		17	-0.39105818	-1.1020236	0.3216783	0.9541304	1.0	3772	tags=29%, list=15%, signal=35%	
ALPHA-AMINO ACID BIOSYNTHETIC PROCESS%GOBP%GO:1901607	ALPHA-AMINO ACID BIOSYNTHETIC PROCESS%GOBP%GO:1901607		40	-0.3198285	-1.1018615	0.2735849	0.95303065	1.0	3892	tags=33%, list=16%, signal=39%	
ALPHA6BETA4INTEGRIN%NETPATH%ALPHA6BETA4INTEGRIN	ALPHA6BETA4INTEGRIN%NETPATH%ALPHA6BETA4INTEGRIN		55	-0.29963285	-1.1016653	0.2881356	0.9520901	1.0	2701	tags=18%, list=11%, signal=20%	
NEGATIVE REGULATION OF DNA-TEMPLATED TRANSCRIPTION, ELONGATION%GOBP%GO:0032785	NEGATIVE REGULATION OF DNA-TEMPLATED TRANSCRIPTION, ELONGATION%GOBP%GO:0032785		23	-0.36049575	-1.1009977	0.30337077	0.9533893	1.0	3599	tags=30%, list=15%, signal=36%	
HORMONE SECRETION%GOBP%GO:0046879	HORMONE SECRETION%GOBP%GO:0046879		36	-0.32176954	-1.100753	0.26459143	0.9527096	1.0	3654	tags=25%, list=15%, signal=29%	
ENDOCHONDRAL BONE MORPHOGENESIS%GOBP%GO:0060350	ENDOCHONDRAL BONE MORPHOGENESIS%GOBP%GO:0060350		19	-0.3796738	-1.1007094	0.29738563	0.95103776	1.0	332	tags=11%, list=1%, signal=11%	
PELO:HBS1L AND ABCE1 DISSOCIATE A RIBOSOME ON A NON-STOP MRNA%REACTOME%R-HSA-9954714.2	PELO:HBS1L AND ABCE1 DISSOCIATE A RIBOSOME ON A NON-STOP MRNA%REACTOME%R-HSA-9954714.2		89	-0.27135044	-1.1003234	0.21935484	0.95103383	1.0	6117	tags=35%, list=25%, signal=46%	
LEUCINE ISOLEUCINE AND VALINE METABOLISM%WIKIPATHWAYS_20260211%WP4686%HOMO SAPIENS	LEUCINE ISOLEUCINE AND VALINE METABOLISM%WIKIPATHWAYS_20260211%WP4686%HOMO SAPIENS		16	-0.3933722	-1.0998168	0.3277592	0.95145595	1.0	4260	tags=38%, list=17%, signal=45%	
CEREBELLAR CORTEX MORPHOGENESIS%GOBP%GO:0021696	CEREBELLAR CORTEX MORPHOGENESIS%GOBP%GO:0021696		16	-0.39372703	-1.099764	0.30392158	0.94984615	1.0	4315	tags=50%, list=18%, signal=61%	
DEGRADATION OF BETA-CATENIN BY THE DESTRUCTION COMPLEX%REACTOME%R-HSA-195253.4	DEGRADATION OF BETA-CATENIN BY THE DESTRUCTION COMPLEX%REACTOME%R-HSA-195253.4		70	-0.28290677	-1.0991877	0.20918368	0.95070046	1.0	4409	tags=33%, list=18%, signal=40%	
GLUCOSE CATABOLIC PROCESS TO PYRUVATE%GOBP%GO:0061718	GLUCOSE CATABOLIC PROCESS TO PYRUVATE%GOBP%GO:0061718		18	-0.39020273	-1.098007	0.3136646	0.9545172	1.0	2052	tags=28%, list=8%, signal=30%	
ACTIVATION OF APC C AND APC C:CDC20 MEDIATED DEGRADATION OF MITOTIC PROTEINS%REACTOME DATABASE ID RELEASE 95%176814	ACTIVATION OF APC C AND APC C:CDC20 MEDIATED DEGRADATION OF MITOTIC PROTEINS%REACTOME DATABASE ID RELEASE 95%176814		64	-0.28829128	-1.0970007	0.25615764	0.9572398	1.0	4690	tags=36%, list=19%, signal=44%	
CANONICAL GLYCOLYSIS%GOBP%GO:0061621	CANONICAL GLYCOLYSIS%GOBP%GO:0061621		18	-0.39020273	-1.0966626	0.28807947	0.9570207	1.0	2052	tags=28%, list=8%, signal=30%	
REGULATION OF NUCLEOTIDE CATABOLIC PROCESS%GOBP%GO:0030811	REGULATION OF NUCLEOTIDE CATABOLIC PROCESS%GOBP%GO:0030811		44	-0.31200424	-1.0958865	0.27868852	0.9587406	1.0	2491	tags=18%, list=10%, signal=20%	
TIGHT JUNCTION ORGANIZATION%GOBP%GO:0120193	TIGHT JUNCTION ORGANIZATION%GOBP%GO:0120193		40	-0.32042482	-1.0956117	0.29864255	0.9581521	1.0	1086	tags=10%, list=4%, signal=10%	
NEURAL CREST CELL MIGRATION DURING DEVELOPMENT%WIKIPATHWAYS_20260211%WP4564%HOMO SAPIENS	NEURAL CREST CELL MIGRATION DURING DEVELOPMENT%WIKIPATHWAYS_20260211%WP4564%HOMO SAPIENS		28	-0.34124082	-1.0951337	0.26778242	0.9584857	1.0	1488	tags=18%, list=6%, signal=19%	
ENERGY RESERVE METABOLIC PROCESS%GOBP%GO:0006112	ENERGY RESERVE METABOLIC PROCESS%GOBP%GO:0006112		42	-0.3126223	-1.0949824	0.23318386	0.95732296	1.0	2884	tags=17%, list=12%, signal=19%	
REGULATION OF PURINE NUCLEOTIDE CATABOLIC PROCESS%GOBP%GO:0033121	REGULATION OF PURINE NUCLEOTIDE CATABOLIC PROCESS%GOBP%GO:0033121		44	-0.31200424	-1.0949478	0.2699115	0.95569575	1.0	2491	tags=18%, list=10%, signal=20%	
REGULATION OF BONE RESORPTION%GOBP%GO:0045124	REGULATION OF BONE RESORPTION%GOBP%GO:0045124		35	-0.32577038	-1.0949103	0.316	0.95401925	1.0	1692	tags=17%, list=7%, signal=18%	
PEPTIDE CHAIN ELONGATION%REACTOME%R-HSA-156902.4	PEPTIDE CHAIN ELONGATION%REACTOME%R-HSA-156902.4		89	-0.2749691	-1.0940489	0.22699386	0.95616406	1.0	6117	tags=35%, list=25%, signal=46%	
HEMATOPOIETIC PROGENITOR CELL DIFFERENTIATION%GOBP%GO:0002244	HEMATOPOIETIC PROGENITOR CELL DIFFERENTIATION%GOBP%GO:0002244		31	-0.33605236	-1.0940083	0.3108614	0.9545323	1.0	4119	tags=32%, list=17%, signal=39%	
NEGATIVE REGULATION OF SYNCYTIUM FORMATION BY PLASMA MEMBRANE FUSION%GOBP%GO:0034242	NEGATIVE REGULATION OF SYNCYTIUM FORMATION BY PLASMA MEMBRANE FUSION%GOBP%GO:0034242		47	-0.31566325	-1.0934383	0.2962963	0.9553788	1.0	6023	tags=43%, list=25%, signal=56%	
CYTOPLASMIC TRANSLATIONAL INITIATION%GOBP%GO:0002183	CYTOPLASMIC TRANSLATIONAL INITIATION%GOBP%GO:0002183		37	-0.32636684	-1.0930381	0.29460582	0.9554691	1.0	4713	tags=38%, list=19%, signal=47%	
ABC TRANSPORTER DISORDERS%REACTOME%R-HSA-5619084.7	ABC TRANSPORTER DISORDERS%REACTOME%R-HSA-5619084.7		65	-0.2835837	-1.0927067	0.26	0.9551106	1.0	4409	tags=31%, list=18%, signal=37%	
SIGNALING BY NTRK1 (TRKA)%REACTOME%R-HSA-187037.4	SIGNALING BY NTRK1 (TRKA)%REACTOME%R-HSA-187037.4		111	-0.26228786	-1.0923655	0.20769231	0.9549121	1.0	903	tags=8%, list=4%, signal=8%	
CELLULAR RESPONSE TO HEAT STRESS%REACTOME DATABASE ID RELEASE 95%3371556	CELLULAR RESPONSE TO HEAT STRESS%REACTOME DATABASE ID RELEASE 95%3371556		87	-0.2736702	-1.0912689	0.24539877	0.957978	1.0	2956	tags=17%, list=12%, signal=20%	
REGULATION OF TRIGLYCERIDE BIOSYNTHETIC PROCESS%GOBP%GO:0010866	REGULATION OF TRIGLYCERIDE BIOSYNTHETIC PROCESS%GOBP%GO:0010866		17	-0.3913192	-1.0904115	0.31888545	0.9601189	1.0	3558	tags=29%, list=15%, signal=34%	
HEDGEHOG 'ON' STATE%REACTOME%R-HSA-5632684.2	HEDGEHOG 'ON' STATE%REACTOME%R-HSA-5632684.2		71	-0.2839239	-1.0901072	0.23863636	0.95977885	1.0	4409	tags=34%, list=18%, signal=41%	
G PROTEIN-COUPLED GLUTAMATE RECEPTOR SIGNALING PATHWAY%GOBP%GO:0007216	G PROTEIN-COUPLED GLUTAMATE RECEPTOR SIGNALING PATHWAY%GOBP%GO:0007216		15	-0.39636058	-1.0896425	0.32333332	0.96000195	1.0	676	tags=20%, list=3%, signal=21%	
PEPTIDE HORMONE METABOLISM%REACTOME DATABASE ID RELEASE 95%2980736	PEPTIDE HORMONE METABOLISM%REACTOME DATABASE ID RELEASE 95%2980736		85	-0.27331883	-1.0894357	0.2173913	0.9592113	1.0	1380	tags=13%, list=6%, signal=14%	
INTERACTIONS BETWEEN LOXL4 AND OXIDATIVE STRESS PATHWAY%WIKIPATHWAYS_20260211%WP3670%HOMO SAPIENS	INTERACTIONS BETWEEN LOXL4 AND OXIDATIVE STRESS PATHWAY%WIKIPATHWAYS_20260211%WP3670%HOMO SAPIENS		16	-0.3940723	-1.0887643	0.31958762	0.960434	1.0	2760	tags=19%, list=11%, signal=21%	
CIRCADIAN CLOCK%REACTOME DATABASE ID RELEASE 95%9909396	CIRCADIAN CLOCK%REACTOME DATABASE ID RELEASE 95%9909396		108	-0.2653739	-1.0882918	0.22794117	0.9608847	1.0	5481	tags=36%, list=22%, signal=46%	
DEGRADATION OF CDH1%REACTOME DATABASE ID RELEASE 95%9766229	DEGRADATION OF CDH1%REACTOME DATABASE ID RELEASE 95%9766229		52	-0.305407	-1.0878873	0.27433628	0.9610845	1.0	4658	tags=35%, list=19%, signal=43%	
PID_NCADHERIN_PATHWAY%MSIGDB_C2%PID_NCADHERIN_PATHWAY	PID_NCADHERIN_PATHWAY%MSIGDB_C2%PID_NCADHERIN_PATHWAY		29	-0.34023836	-1.0871562	0.31203008	0.9625945	1.0	3175	tags=24%, list=13%, signal=28%	
PROTEIN HETEROOLIGOMERIZATION%GOBP%GO:0051291	PROTEIN HETEROOLIGOMERIZATION%GOBP%GO:0051291		21	-0.3772235	-1.0870872	0.31907895	0.9611143	1.0	2467	tags=33%, list=10%, signal=37%	
AUTOPHAGY OF PEROXISOME%GOBP%GO:0030242	AUTOPHAGY OF PEROXISOME%GOBP%GO:0030242		16	-0.3898368	-1.0868032	0.3227848	0.9607091	1.0	6033	tags=56%, list=25%, signal=75%	
PEXOPHAGY%GOBP%GO:0000425	PEXOPHAGY%GOBP%GO:0000425		16	-0.3898368	-1.0861562	0.334375	0.9618134	1.0	6033	tags=56%, list=25%, signal=75%	
PID_RB_1PATHWAY%MSIGDB_C2%PID_RB_1PATHWAY	PID_RB_1PATHWAY%MSIGDB_C2%PID_RB_1PATHWAY		58	-0.29013845	-1.0836966	0.31034482	0.9709895	1.0	332	tags=9%, list=1%, signal=9%	
FGF SIGNALING PATHWAY%PATHWAY INTERACTION DATABASE NCI-NATURE CURATED DATA%FGF SIGNALING PATHWAY	FGF SIGNALING PATHWAY%PATHWAY INTERACTION DATABASE NCI-NATURE CURATED DATA%FGF SIGNALING PATHWAY		46	-0.3055028	-1.0827808	0.30290458	0.9733265	1.0	1396	tags=15%, list=6%, signal=16%	
POSITIVE REGULATION OF INTRINSIC APOPTOTIC SIGNALING PATHWAY%GOBP%GO:2001244	POSITIVE REGULATION OF INTRINSIC APOPTOTIC SIGNALING PATHWAY%GOBP%GO:2001244		42	-0.30544007	-1.0807967	0.26209676	0.9806016	1.0	1875	tags=14%, list=8%, signal=15%	
SMITH MAGENIS AND POTOCKI LUPSKI SYNDROME COPY NUMBER VARIATION%WIKIPATHWAYS_20260211%WP5381%HOMO SAPIENS	SMITH MAGENIS AND POTOCKI LUPSKI SYNDROME COPY NUMBER VARIATION%WIKIPATHWAYS_20260211%WP5381%HOMO SAPIENS		126	-0.25711325	-1.0794808	0.23684211	0.98489755	1.0	2275	tags=15%, list=9%, signal=17%	
PROTEIN LOCALIZATION TO EXTRACELLULAR REGION%GOBP%GO:0071692	PROTEIN LOCALIZATION TO EXTRACELLULAR REGION%GOBP%GO:0071692		70	-0.2748407	-1.0791438	0.3043478	0.9846911	1.0	2718	tags=19%, list=11%, signal=21%	
ESTROGEN-DEPENDENT GENE EXPRESSION%REACTOME DATABASE ID RELEASE 95%9018519	ESTROGEN-DEPENDENT GENE EXPRESSION%REACTOME DATABASE ID RELEASE 95%9018519		116	-0.2579554	-1.0789492	0.25210086	0.9837812	1.0	2296	tags=17%, list=9%, signal=19%	
PHOTOPERIODISM%GOBP%GO:0009648	PHOTOPERIODISM%GOBP%GO:0009648		24	-0.3507894	-1.0788313	0.3030303	0.98256963	1.0	4964	tags=38%, list=20%, signal=47%	
GLYCOLYTIC PROCESS THROUGH FRUCTOSE-6-PHOSPHATE%GOBP%GO:0061615	GLYCOLYTIC PROCESS THROUGH FRUCTOSE-6-PHOSPHATE%GOBP%GO:0061615		19	-0.37774488	-1.0777174	0.33770493	0.98583674	1.0	2052	tags=26%, list=8%, signal=29%	
PROTEIN LOCALIZATION TO PHAGOPHORE ASSEMBLY SITE%GOBP%GO:0034497	PROTEIN LOCALIZATION TO PHAGOPHORE ASSEMBLY SITE%GOBP%GO:0034497		16	-0.3846389	-1.0774634	0.32659933	0.9852494	1.0	6507	tags=50%, list=27%, signal=68%	
KEAP1-NFE2L2 PATHWAY%REACTOME%R-HSA-9755511.5	KEAP1-NFE2L2 PATHWAY%REACTOME%R-HSA-9755511.5		112	-0.2560095	-1.0769545	0.25373134	0.9859104	1.0	5479	tags=34%, list=22%, signal=44%	
POSITIVE REGULATION OF TRANSLATION%GOBP%GO:0045727	POSITIVE REGULATION OF TRANSLATION%GOBP%GO:0045727		117	-0.25255102	-1.0767891	0.23188406	0.9849334	1.0	3958	tags=26%, list=16%, signal=30%	
ENDOPLASMIC RETICULUM CALCIUM ION HOMEOSTASIS%GOBP%GO:0032469	ENDOPLASMIC RETICULUM CALCIUM ION HOMEOSTASIS%GOBP%GO:0032469		22	-0.3661003	-1.0757415	0.3445946	0.98807174	1.0	1873	tags=18%, list=8%, signal=20%	
HORMONE TRANSPORT%GOBP%GO:0009914	HORMONE TRANSPORT%GOBP%GO:0009914		45	-0.30009612	-1.0755538	0.32780084	0.98718274	1.0	3654	tags=24%, list=15%, signal=29%	
APC C:CDH1 MEDIATED DEGRADATION OF CDC20 AND OTHER APC C:CDH1 TARGETED PROTEINS IN LATE MITOSIS EARLY G1%REACTOME DATABASE ID RELEASE 95%174178	APC C:CDH1 MEDIATED DEGRADATION OF CDC20 AND OTHER APC C:CDH1 TARGETED PROTEINS IN LATE MITOSIS EARLY G1%REACTOME DATABASE ID RELEASE 95%174178		61	-0.28814197	-1.0747315	0.32386363	0.98925114	1.0	4690	tags=36%, list=19%, signal=44%	
PROTEIN SYNTHESIS: ARGININE%SMPDB%SMP0111853	PROTEIN SYNTHESIS: ARGININE%SMPDB%SMP0111853		79	-0.26772818	-1.074061	0.23837209	0.9905113	1.0	6023	tags=34%, list=25%, signal=45%	
NEGATIVE REGULATION OF EPITHELIAL CELL PROLIFERATION%GOBP%GO:0050680	NEGATIVE REGULATION OF EPITHELIAL CELL PROLIFERATION%GOBP%GO:0050680		84	-0.26800486	-1.0736203	0.23225807	0.99083686	1.0	3082	tags=14%, list=13%, signal=16%	
U12 DEPENDENT SPLICING%REACTOME%R-HSA-72165.3	U12 DEPENDENT SPLICING%REACTOME%R-HSA-72165.3		50	-0.29884705	-1.0733548	0.31282052	0.9902145	1.0	4627	tags=34%, list=19%, signal=42%	
SPERM AXONEME ASSEMBLY%GOBP%GO:0007288	SPERM AXONEME ASSEMBLY%GOBP%GO:0007288		26	-0.3390324	-1.0729934	0.3148148	0.99020123	1.0	3937	tags=27%, list=16%, signal=32%	
GLYCOLYTIC PROCESS THROUGH GLUCOSE-6-PHOSPHATE%GOBP%GO:0061620	GLYCOLYTIC PROCESS THROUGH GLUCOSE-6-PHOSPHATE%GOBP%GO:0061620		19	-0.37774488	-1.072853	0.31632653	0.9891043	1.0	2052	tags=26%, list=8%, signal=29%	
PID_SMAD2_3NUCLEAR_PATHWAY%MSIGDB_C2%PID_SMAD2_3NUCLEAR_PATHWAY	PID_SMAD2_3NUCLEAR_PATHWAY%MSIGDB_C2%PID_SMAD2_3NUCLEAR_PATHWAY		66	-0.2858099	-1.0724343	0.27173913	0.9893023	1.0	4733	tags=26%, list=19%, signal=32%	
REGULATION OF NEUROTRANSMITTER RECEPTOR ACTIVITY%GOBP%GO:0099601	REGULATION OF NEUROTRANSMITTER RECEPTOR ACTIVITY%GOBP%GO:0099601		18	-0.37486836	-1.0720626	0.33333334	0.9894336	1.0	4223	tags=33%, list=17%, signal=40%	
LEUCINE STIMULATION ON INSULIN SIGNALING%SMPDB%SMP0000682	LEUCINE STIMULATION ON INSULIN SIGNALING%SMPDB%SMP0000682		15	-0.39345577	-1.0717999	0.3546326	0.98892146	1.0	3926	tags=27%, list=16%, signal=32%	
MAJOR PATHWAY OF RRNA PROCESSING IN THE NUCLEOLUS AND CYTOSOL%REACTOME%R-HSA-6791226.5	MAJOR PATHWAY OF RRNA PROCESSING IN THE NUCLEOLUS AND CYTOSOL%REACTOME%R-HSA-6791226.5		182	-0.24202424	-1.0713228	0.22916667	0.9894221	1.0	5877	tags=37%, list=24%, signal=48%	
ENTRAINMENT OF CIRCADIAN CLOCK BY PHOTOPERIOD%GOBP%GO:0043153	ENTRAINMENT OF CIRCADIAN CLOCK BY PHOTOPERIOD%GOBP%GO:0043153		23	-0.35124305	-1.0712826	0.37142858	0.9878855	1.0	4964	tags=39%, list=20%, signal=49%	
OMEGA 6 FATTY ACIDS IN SENESCENCE%WIKIPATHWAYS_20260211%WP5424%HOMO SAPIENS	OMEGA 6 FATTY ACIDS IN SENESCENCE%WIKIPATHWAYS_20260211%WP5424%HOMO SAPIENS		29	-0.33010036	-1.0708237	0.34065935	0.9882252	1.0	2737	tags=21%, list=11%, signal=23%	
CENTRAL NERVOUS SYSTEM NEURON DIFFERENTIATION%GOBP%GO:0021953	CENTRAL NERVOUS SYSTEM NEURON DIFFERENTIATION%GOBP%GO:0021953		93	-0.26567522	-1.0704564	0.26811594	0.9882401	1.0	3108	tags=19%, list=13%, signal=22%	
SLC-MEDIATED TRANSPORT OF NEUROTRANSMITTERS%REACTOME%R-HSA-442660.4	SLC-MEDIATED TRANSPORT OF NEUROTRANSMITTERS%REACTOME%R-HSA-442660.4		21	-0.3648005	-1.0700802	0.3586207	0.9882584	1.0	3225	tags=19%, list=13%, signal=22%	
SARCOMERE ORGANIZATION%GOBP%GO:0045214	SARCOMERE ORGANIZATION%GOBP%GO:0045214		36	-0.3277503	-1.068884	0.324	0.99202454	1.0	2110	tags=19%, list=9%, signal=21%	
SUBSTANTIA NIGRA DEVELOPMENT%GOBP%GO:0021762	SUBSTANTIA NIGRA DEVELOPMENT%GOBP%GO:0021762		41	-0.30789685	-1.0688218	0.3102041	0.99058867	1.0	2254	tags=17%, list=9%, signal=19%	
DECTIN-1 MEDIATED NONCANONICAL NF-KB SIGNALING%REACTOME DATABASE ID RELEASE 95%5607761	DECTIN-1 MEDIATED NONCANONICAL NF-KB SIGNALING%REACTOME DATABASE ID RELEASE 95%5607761		47	-0.2973259	-1.0679096	0.32258064	0.99295527	1.0	4658	tags=36%, list=19%, signal=45%	
NEURAL PRECURSOR CELL PROLIFERATION%GOBP%GO:0061351	NEURAL PRECURSOR CELL PROLIFERATION%GOBP%GO:0061351		36	-0.3223348	-1.0678382	0.35193133	0.9915479	1.0	605	tags=8%, list=2%, signal=9%	
RESPONSE TO DECREASED OXYGEN LEVELS%GOBP%GO:0036293	RESPONSE TO DECREASED OXYGEN LEVELS%GOBP%GO:0036293		139	-0.24770644	-1.0675042	0.25252524	0.99130446	1.0	2802	tags=19%, list=11%, signal=22%	
PLATELET SENSITIZATION BY LDL%REACTOME%R-HSA-432142.4	PLATELET SENSITIZATION BY LDL%REACTOME%R-HSA-432142.4		17	-0.37121466	-1.0672724	0.34951457	0.99074775	1.0	3454	tags=35%, list=14%, signal=41%	
POSITIVE REGULATION OF RAS PROTEIN SIGNAL TRANSDUCTION%GOBP%GO:0046579	POSITIVE REGULATION OF RAS PROTEIN SIGNAL TRANSDUCTION%GOBP%GO:0046579		20	-0.36742148	-1.0667584	0.3217993	0.99140894	1.0	2047	tags=25%, list=8%, signal=27%	
PROTEIN SYNTHESIS: ASPARTIC ACID%SMPDB%SMP0111858	PROTEIN SYNTHESIS: ASPARTIC ACID%SMPDB%SMP0111858		79	-0.2739708	-1.0661597	0.27272728	0.9925848	1.0	6023	tags=34%, list=25%, signal=45%	
EPO SIGNALING PATHWAY%PATHWHIZ%PW070692	EPO SIGNALING PATHWAY%PATHWHIZ%PW070692		17	-0.3895271	-1.0645823	0.34700316	0.99825126	1.0	1334	tags=18%, list=5%, signal=19%	
CONSTITUTIVE SIGNALING BY NOTCH1 HD DOMAIN MUTANTS%REACTOME%R-HSA-2691232.3	CONSTITUTIVE SIGNALING BY NOTCH1 HD DOMAIN MUTANTS%REACTOME%R-HSA-2691232.3		15	-0.3898697	-1.0630983	0.34169278	1.0	1.0	4489	tags=40%, list=18%, signal=49%	
NEURAL CREST CELL MIGRATION IN CANCER%WIKIPATHWAYS_20260211%WP4565%HOMO SAPIENS	NEURAL CREST CELL MIGRATION IN CANCER%WIKIPATHWAYS_20260211%WP4565%HOMO SAPIENS		31	-0.33146116	-1.0627544	0.33333334	1.0	1.0	1488	tags=16%, list=6%, signal=17%	
VIRAL GENE EXPRESSION%GOBP%GO:0019080	VIRAL GENE EXPRESSION%GOBP%GO:0019080		52	-0.2905576	-1.0620137	0.34615386	1.0	1.0	1460	tags=13%, list=6%, signal=14%	
UNFOLDED PROTEIN RESPONSE%WIKIPATHWAYS_20260211%WP4925%HOMO SAPIENS	UNFOLDED PROTEIN RESPONSE%WIKIPATHWAYS_20260211%WP4925%HOMO SAPIENS		18	-0.37155476	-1.0619993	0.33788395	1.0	1.0	4818	tags=44%, list=20%, signal=55%	
MBDNF AND PROBDNF REGULATION OF GABA NEUROTRANSMISSION%WIKIPATHWAYS_20260211%WP4829%HOMO SAPIENS	MBDNF AND PROBDNF REGULATION OF GABA NEUROTRANSMISSION%WIKIPATHWAYS_20260211%WP4829%HOMO SAPIENS		31	-0.32794338	-1.060936	0.33584905	1.0	1.0	1382	tags=13%, list=6%, signal=14%	
DIGESTIVE SYSTEM PROCESS%GOBP%GO:0022600	DIGESTIVE SYSTEM PROCESS%GOBP%GO:0022600		54	-0.289734	-1.0603523	0.3480392	1.0	1.0	1810	tags=13%, list=7%, signal=14%	
CLEAR CELL RENAL CELL CARCINOMA PATHWAYS%WIKIPATHWAYS_20260211%WP4018%HOMO SAPIENS	CLEAR CELL RENAL CELL CARCINOMA PATHWAYS%WIKIPATHWAYS_20260211%WP4018%HOMO SAPIENS		60	-0.28588343	-1.060266	0.31282052	1.0	1.0	2177	tags=17%, list=9%, signal=18%	
POSITIVE REGULATION OF CELL MIGRATION INVOLVED IN SPROUTING ANGIOGENESIS%GOBP%GO:0090050	POSITIVE REGULATION OF CELL MIGRATION INVOLVED IN SPROUTING ANGIOGENESIS%GOBP%GO:0090050		20	-0.36484897	-1.0593759	0.35472974	1.0	1.0	2297	tags=20%, list=9%, signal=22%	
REGULATION OF PROTEIN EXIT FROM ENDOPLASMIC RETICULUM%GOBP%GO:0070861	REGULATION OF PROTEIN EXIT FROM ENDOPLASMIC RETICULUM%GOBP%GO:0070861		31	-0.32714447	-1.0588936	0.34375	1.0	1.0	2857	tags=19%, list=12%, signal=22%	
POSITIVE REGULATION OF DNA-TEMPLATED TRANSCRIPTION INITIATION%GOBP%GO:2000144	POSITIVE REGULATION OF DNA-TEMPLATED TRANSCRIPTION INITIATION%GOBP%GO:2000144		64	-0.27981332	-1.0587915	0.31382978	1.0	1.0	2631	tags=19%, list=11%, signal=21%	
RESPONSE TO HYPOXIA%GOBP%GO:0001666	RESPONSE TO HYPOXIA%GOBP%GO:0001666		136	-0.25234672	-1.0587261	0.26168224	1.0	1.0	2802	tags=20%, list=11%, signal=22%	
ENERGY METABOLISM%WIKIPATHWAYS_20260211%WP1541%HOMO SAPIENS	ENERGY METABOLISM%WIKIPATHWAYS_20260211%WP1541%HOMO SAPIENS		41	-0.30178866	-1.0586033	0.32327586	1.0	1.0	2491	tags=17%, list=10%, signal=19%	
POSITIVE REGULATION OF INSULIN SECRETION%GOBP%GO:0032024	POSITIVE REGULATION OF INSULIN SECRETION%GOBP%GO:0032024		49	-0.29340544	-1.058171	0.35748792	1.0	1.0	2646	tags=16%, list=11%, signal=18%	
INTERMEDIATE FILAMENT ORGANIZATION%GOBP%GO:0045109	INTERMEDIATE FILAMENT ORGANIZATION%GOBP%GO:0045109		72	-0.26889482	-1.0577843	0.28915662	1.0	1.0	2803	tags=15%, list=11%, signal=17%	
PROTEIN SECRETION%GOBP%GO:0009306	PROTEIN SECRETION%GOBP%GO:0009306		68	-0.27748516	-1.057426	0.31016043	1.0	1.0	2718	tags=19%, list=11%, signal=21%	
COOPERATION OF PREFOLDIN AND TRIC CCT IN ACTIN AND TUBULIN FOLDING%REACTOME DATABASE ID RELEASE 95%389958	COOPERATION OF PREFOLDIN AND TRIC CCT IN ACTIN AND TUBULIN FOLDING%REACTOME DATABASE ID RELEASE 95%389958		33	-0.31691658	-1.057042	0.34362933	1.0	1.0	4352	tags=33%, list=18%, signal=40%	
REGULATION OF STRIATED MUSCLE CELL DIFFERENTIATION%GOBP%GO:0051153	REGULATION OF STRIATED MUSCLE CELL DIFFERENTIATION%GOBP%GO:0051153		48	-0.3006634	-1.0568564	0.32327586	1.0	1.0	2934	tags=25%, list=12%, signal=28%	
REGULATION OF SMOOTH MUSCLE CELL APOPTOTIC PROCESS%GOBP%GO:0034391	REGULATION OF SMOOTH MUSCLE CELL APOPTOTIC PROCESS%GOBP%GO:0034391		22	-0.3475444	-1.0560429	0.37588653	1.0	1.0	6967	tags=55%, list=28%, signal=76%	
REGULATION OF NEUROTRANSMITTER SECRETION%GOBP%GO:0046928	REGULATION OF NEUROTRANSMITTER SECRETION%GOBP%GO:0046928		55	-0.285421	-1.0556933	0.2883721	1.0	1.0	2637	tags=20%, list=11%, signal=22%	
NEGATIVE REGULATION OF MUSCLE CELL APOPTOTIC PROCESS%GOBP%GO:0010656	NEGATIVE REGULATION OF MUSCLE CELL APOPTOTIC PROCESS%GOBP%GO:0010656		26	-0.33658648	-1.055535	0.3448276	1.0	1.0	4098	tags=23%, list=17%, signal=28%	
PROTEIN SYNTHESIS: LEUCINE%SMPDB%SMP0111873	PROTEIN SYNTHESIS: LEUCINE%SMPDB%SMP0111873		79	-0.26496685	-1.0553385	0.30769232	1.0	1.0	6023	tags=34%, list=25%, signal=45%	
APC C-MEDIATED DEGRADATION OF CELL CYCLE PROTEINS%REACTOME DATABASE ID RELEASE 95%174143	APC C-MEDIATED DEGRADATION OF CELL CYCLE PROTEINS%REACTOME DATABASE ID RELEASE 95%174143		75	-0.26710865	-1.0552149	0.32142857	1.0	1.0	4690	tags=32%, list=19%, signal=39%	
ESTABLISHMENT OF PROTEIN LOCALIZATION TO EXTRACELLULAR REGION%GOBP%GO:0035592	ESTABLISHMENT OF PROTEIN LOCALIZATION TO EXTRACELLULAR REGION%GOBP%GO:0035592		71	-0.2730637	-1.0550776	0.31843576	1.0	1.0	2718	tags=18%, list=11%, signal=21%	
PID_FOXO_PATHWAY%MSIGDB_C2%PID_FOXO_PATHWAY	PID_FOXO_PATHWAY%MSIGDB_C2%PID_FOXO_PATHWAY		38	-0.30604053	-1.0541183	0.37272727	1.0	1.0	2363	tags=18%, list=10%, signal=20%	
ACTIVATION OF BH3-ONLY PROTEINS%REACTOME DATABASE ID RELEASE 95%114452	ACTIVATION OF BH3-ONLY PROTEINS%REACTOME DATABASE ID RELEASE 95%114452		30	-0.33081242	-1.0538759	0.35185185	1.0	1.0	2400	tags=23%, list=10%, signal=26%	
NIK-->NONCANONICAL NF-KB SIGNALING%REACTOME%R-HSA-5676590.3	NIK-->NONCANONICAL NF-KB SIGNALING%REACTOME%R-HSA-5676590.3		46	-0.29830313	-1.0528984	0.34449762	1.0	1.0	4658	tags=37%, list=19%, signal=46%	
SIGNALING BY NOTCH1 HD DOMAIN MUTANTS IN CANCER%REACTOME DATABASE ID RELEASE 95%2691230	SIGNALING BY NOTCH1 HD DOMAIN MUTANTS IN CANCER%REACTOME DATABASE ID RELEASE 95%2691230		15	-0.3898697	-1.0528176	0.3580247	1.0	1.0	4489	tags=40%, list=18%, signal=49%	
PID_IL12_STAT4_PATHWAY%MSIGDB_C2%PID_IL12_STAT4_PATHWAY	PID_IL12_STAT4_PATHWAY%MSIGDB_C2%PID_IL12_STAT4_PATHWAY		27	-0.32957605	-1.0526291	0.37065637	1.0	1.0	1334	tags=15%, list=5%, signal=16%	
PID_FGF_PATHWAY%MSIGDB_C2%PID_FGF_PATHWAY	PID_FGF_PATHWAY%MSIGDB_C2%PID_FGF_PATHWAY		43	-0.30422089	-1.0515574	0.36086956	1.0	1.0	1396	tags=16%, list=6%, signal=17%	
MITOCHONDRIAL CALCIUM ION TRANSPORT%REACTOME DATABASE ID RELEASE 95%8949215	MITOCHONDRIAL CALCIUM ION TRANSPORT%REACTOME DATABASE ID RELEASE 95%8949215		23	-0.35165894	-1.0506514	0.37634408	1.0	1.0	1215	tags=9%, list=5%, signal=9%	
GALANIN RECEPTOR PATHWAY%WIKIPATHWAYS_20260211%WP4970%HOMO SAPIENS	GALANIN RECEPTOR PATHWAY%WIKIPATHWAYS_20260211%WP4970%HOMO SAPIENS		15	-0.3936055	-1.0503491	0.37386018	1.0	1.0	2737	tags=27%, list=11%, signal=30%	
ABC-FAMILY PROTEINS MEDIATED TRANSPORT%REACTOME%R-HSA-382556.6	ABC-FAMILY PROTEINS MEDIATED TRANSPORT%REACTOME%R-HSA-382556.6		90	-0.2644787	-1.049825	0.33766234	1.0	1.0	4409	tags=29%, list=18%, signal=35%	
5-HYDROXYTRYPTAMINE DEGREDATION%PANTHER PATHWAY%P04372	5-HYDROXYTRYPTAMINE DEGREDATION%PANTHER PATHWAY%P04372		18	-0.37230793	-1.0496521	0.38566554	1.0	1.0	2229	tags=28%, list=9%, signal=31%	
POSITIVE REGULATION OF COLLAGEN METABOLIC PROCESS%GOBP%GO:0010714	POSITIVE REGULATION OF COLLAGEN METABOLIC PROCESS%GOBP%GO:0010714		16	-0.3769628	-1.0479789	0.39575973	1.0	1.0	3421	tags=31%, list=14%, signal=36%	
CELLULAR RESPONSE TO LIPOPOLYSACCHARIDE%GOBP%GO:0071222	CELLULAR RESPONSE TO LIPOPOLYSACCHARIDE%GOBP%GO:0071222		122	-0.24726035	-1.0476722	0.30973452	1.0	1.0	2246	tags=15%, list=9%, signal=16%	
TRANSPORT ACROSS BLOOD-BRAIN BARRIER%GOBP%GO:0150104	TRANSPORT ACROSS BLOOD-BRAIN BARRIER%GOBP%GO:0150104		88	-0.26312193	-1.0470027	0.3125	1.0	1.0	2821	tags=20%, list=12%, signal=23%	
COLLAGEN BIOSYNTHESIS AND MODIFYING ENZYMES%REACTOME%R-HSA-1650814.6	COLLAGEN BIOSYNTHESIS AND MODIFYING ENZYMES%REACTOME%R-HSA-1650814.6		67	-0.2744679	-1.0467336	0.34391534	1.0	1.0	1981	tags=13%, list=8%, signal=15%	
ACTIVATION OF NF-KAPPAB IN B CELLS%REACTOME DATABASE ID RELEASE 95%1169091	ACTIVATION OF NF-KAPPAB IN B CELLS%REACTOME DATABASE ID RELEASE 95%1169091		54	-0.27971596	-1.0466824	0.35869566	1.0	1.0	4658	tags=35%, list=19%, signal=43%	
NEURAL NUCLEUS DEVELOPMENT%GOBP%GO:0048857	NEURAL NUCLEUS DEVELOPMENT%GOBP%GO:0048857		46	-0.2914758	-1.0466357	0.3415638	1.0	1.0	2254	tags=15%, list=9%, signal=17%	
NEGATIVE REGULATION OF GTPASE ACTIVITY%GOBP%GO:0034260	NEGATIVE REGULATION OF GTPASE ACTIVITY%GOBP%GO:0034260		15	-0.38642004	-1.0461695	0.396875	1.0	1.0	693	tags=20%, list=3%, signal=21%	
CELLULAR RESPONSE TO NUTRIENT LEVELS%GOBP%GO:0031669	CELLULAR RESPONSE TO NUTRIENT LEVELS%GOBP%GO:0031669		187	-0.23750328	-1.045547	0.30120483	1.0	1.0	3724	tags=18%, list=15%, signal=21%	
MIR TARGETED GENES IN LEUKOCYTES%WIKIPATHWAYS_20260211%WP2003%HOMO SAPIENS	MIR TARGETED GENES IN LEUKOCYTES%WIKIPATHWAYS_20260211%WP2003%HOMO SAPIENS		103	-0.25480446	-1.0448235	0.35714287	1.0	1.0	2305	tags=18%, list=9%, signal=20%	
RESOLUTION OF ABASIC SITES (AP SITES)%REACTOME DATABASE ID RELEASE 95%73933	RESOLUTION OF ABASIC SITES (AP SITES)%REACTOME DATABASE ID RELEASE 95%73933		36	-0.3141642	-1.0444462	0.374502	1.0	1.0	5908	tags=39%, list=24%, signal=51%	
VALIDATED NUCLEAR ESTROGEN RECEPTOR ALPHA NETWORK%PATHWAY INTERACTION DATABASE NCI-NATURE CURATED DATA%VALIDATED NUCLEAR ESTROGEN RECEPTOR ALPHA NETWORK	VALIDATED NUCLEAR ESTROGEN RECEPTOR ALPHA NETWORK%PATHWAY INTERACTION DATABASE NCI-NATURE CURATED DATA%VALIDATED NUCLEAR ESTROGEN RECEPTOR ALPHA NETWORK		64	-0.28117222	-1.0441554	0.31862745	1.0	1.0	3195	tags=20%, list=13%, signal=23%	
AZATHIOPRINE ADME%REACTOME DATABASE ID RELEASE 95%9748787	AZATHIOPRINE ADME%REACTOME DATABASE ID RELEASE 95%9748787		23	-0.3434161	-1.0439118	0.39527026	1.0	1.0	3434	tags=26%, list=14%, signal=30%	
NEGATIVE REGULATION OF ACTIN FILAMENT BUNDLE ASSEMBLY%GOBP%GO:0032232	NEGATIVE REGULATION OF ACTIN FILAMENT BUNDLE ASSEMBLY%GOBP%GO:0032232		27	-0.33080977	-1.0433955	0.37262356	1.0	1.0	4271	tags=30%, list=17%, signal=36%	
VIRAL MRNA TRANSLATION%REACTOME DATABASE ID RELEASE 95%192823	VIRAL MRNA TRANSLATION%REACTOME DATABASE ID RELEASE 95%192823		89	-0.26205453	-1.0431798	0.3581081	1.0	1.0	6117	tags=34%, list=25%, signal=45%	
CARBOXYTERMINAL POST-TRANSLATIONAL MODIFICATIONS OF TUBULIN%REACTOME DATABASE ID RELEASE 95%8955332	CARBOXYTERMINAL POST-TRANSLATIONAL MODIFICATIONS OF TUBULIN%REACTOME DATABASE ID RELEASE 95%8955332		42	-0.29739904	-1.0427383	0.33009708	1.0	1.0	4821	tags=36%, list=20%, signal=44%	
POSITIVE REGULATION OF ERYTHROCYTE DIFFERENTIATION%GOBP%GO:0045648	POSITIVE REGULATION OF ERYTHROCYTE DIFFERENTIATION%GOBP%GO:0045648		27	-0.33128268	-1.0426806	0.37545127	1.0	1.0	970	tags=15%, list=4%, signal=15%	
RECEPTOR-TYPE TYROSINE-PROTEIN PHOSPHATASES%REACTOME%R-HSA-388844.4	RECEPTOR-TYPE TYROSINE-PROTEIN PHOSPHATASES%REACTOME%R-HSA-388844.4		19	-0.3508326	-1.0423341	0.36393443	1.0	1.0	996	tags=16%, list=4%, signal=16%	
RENAL ABSORPTION%GOBP%GO:0070293	RENAL ABSORPTION%GOBP%GO:0070293		27	-0.33488488	-1.0417814	0.38321167	1.0	1.0	1982	tags=22%, list=8%, signal=24%	
REGULATION OF MORPHOGENESIS OF A BRANCHING STRUCTURE%GOBP%GO:0060688	REGULATION OF MORPHOGENESIS OF A BRANCHING STRUCTURE%GOBP%GO:0060688		28	-0.32490006	-1.0415033	0.3878327	1.0	1.0	1808	tags=14%, list=7%, signal=15%	
NEGATIVE REGULATION OF RHO PROTEIN SIGNAL TRANSDUCTION%GOBP%GO:0035024	NEGATIVE REGULATION OF RHO PROTEIN SIGNAL TRANSDUCTION%GOBP%GO:0035024		17	-0.3624107	-1.0414449	0.3656958	1.0	1.0	71	tags=6%, list=0%, signal=6%	
VASCULAR TRANSPORT%GOBP%GO:0010232	VASCULAR TRANSPORT%GOBP%GO:0010232		88	-0.26312193	-1.041262	0.3529412	1.0	1.0	2821	tags=20%, list=12%, signal=23%	
REGULATION OF MITOTIC CELL CYCLE%REACTOME DATABASE ID RELEASE 95%453276	REGULATION OF MITOTIC CELL CYCLE%REACTOME DATABASE ID RELEASE 95%453276		75	-0.26710865	-1.0404902	0.34810126	1.0	1.0	4690	tags=32%, list=19%, signal=39%	
P53-DEPENDENT G1 DNA DAMAGE RESPONSE%REACTOME%R-HSA-69563.6	P53-DEPENDENT G1 DNA DAMAGE RESPONSE%REACTOME%R-HSA-69563.6		53	-0.28718615	-1.0403352	0.36633664	1.0	1.0	4658	tags=38%, list=19%, signal=46%	
NUCLEOTIDE EXCISION REPAIR%WIKIPATHWAYS_20260211%WP4753%HOMO SAPIENS	NUCLEOTIDE EXCISION REPAIR%WIKIPATHWAYS_20260211%WP4753%HOMO SAPIENS		32	-0.32131314	-1.040157	0.40433213	1.0	1.0	5676	tags=47%, list=23%, signal=61%	
VIRAL TRANSLATION%GOBP%GO:0019081	VIRAL TRANSLATION%GOBP%GO:0019081		15	-0.3849444	-1.040136	0.38906753	1.0	1.0	5457	tags=33%, list=22%, signal=43%	
PID_DELTA_NP63_PATHWAY%MSIGDB_C2%PID_DELTA_NP63_PATHWAY	PID_DELTA_NP63_PATHWAY%MSIGDB_C2%PID_DELTA_NP63_PATHWAY		39	-0.3014538	-1.0393317	0.40229884	1.0	1.0	36	tags=5%, list=0%, signal=5%	
RHO GTPASES ACTIVATE PKNS%REACTOME%R-HSA-5625740.3	RHO GTPASES ACTIVATE PKNS%REACTOME%R-HSA-5625740.3		61	-0.27472562	-1.038844	0.34418604	1.0	1.0	1889	tags=13%, list=8%, signal=14%	
RAC1 SIGNALING PATHWAY%PATHWAY INTERACTION DATABASE NCI-NATURE CURATED DATA%RAC1 SIGNALING PATHWAY	RAC1 SIGNALING PATHWAY%PATHWAY INTERACTION DATABASE NCI-NATURE CURATED DATA%RAC1 SIGNALING PATHWAY		54	-0.28099698	-1.0385879	0.3736842	1.0	1.0	5113	tags=33%, list=21%, signal=42%	
P53-DEPENDENT G1 S DNA DAMAGE CHECKPOINT%REACTOME DATABASE ID RELEASE 95%69580	P53-DEPENDENT G1 S DNA DAMAGE CHECKPOINT%REACTOME DATABASE ID RELEASE 95%69580		53	-0.28718615	-1.0381991	0.37711865	1.0	1.0	4658	tags=38%, list=19%, signal=46%	
REGULATION OF RETINOBLASTOMA PROTEIN%PATHWAY INTERACTION DATABASE NCI-NATURE CURATED DATA%REGULATION OF RETINOBLASTOMA PROTEIN	REGULATION OF RETINOBLASTOMA PROTEIN%PATHWAY INTERACTION DATABASE NCI-NATURE CURATED DATA%REGULATION OF RETINOBLASTOMA PROTEIN		65	-0.27506447	-1.0380236	0.38613862	1.0	1.0	332	tags=8%, list=1%, signal=8%	
POSITIVE REGULATION OF PURINE NUCLEOTIDE METABOLIC PROCESS%GOBP%GO:1900544	POSITIVE REGULATION OF PURINE NUCLEOTIDE METABOLIC PROCESS%GOBP%GO:1900544		30	-0.31534034	-1.0379852	0.39688715	1.0	1.0	2491	tags=23%, list=10%, signal=26%	
VIRAL PROTEIN PROCESSING%GOBP%GO:0019082	VIRAL PROTEIN PROCESSING%GOBP%GO:0019082		31	-0.31614918	-1.0373421	0.36236933	1.0	1.0	1460	tags=16%, list=6%, signal=17%	
NEGATIVE REGULATION OF STRESS FIBER ASSEMBLY%GOBP%GO:0051497	NEGATIVE REGULATION OF STRESS FIBER ASSEMBLY%GOBP%GO:0051497		23	-0.34180516	-1.0366323	0.38129497	1.0	1.0	4271	tags=30%, list=17%, signal=37%	
POSITIVE REGULATION OF PROTEIN TRANSPORT%GOBP%GO:0051222	POSITIVE REGULATION OF PROTEIN TRANSPORT%GOBP%GO:0051222		183	-0.23503453	-1.0363559	0.31428573	1.0	1.0	2857	tags=16%, list=12%, signal=18%	
PID_P38_ALPHA_BETA_DOWNSTREAM_PATHWAY%MSIGDB_C2%PID_P38_ALPHA_BETA_DOWNSTREAM_PATHWAY	PID_P38_ALPHA_BETA_DOWNSTREAM_PATHWAY%MSIGDB_C2%PID_P38_ALPHA_BETA_DOWNSTREAM_PATHWAY		26	-0.33195272	-1.0356611	0.39694658	1.0	1.0	3849	tags=27%, list=16%, signal=32%	
NOTCH SIGNALING%WIKIPATHWAYS_20260211%WP61%HOMO SAPIENS	NOTCH SIGNALING%WIKIPATHWAYS_20260211%WP61%HOMO SAPIENS		42	-0.29447424	-1.0354003	0.3601695	1.0	1.0	131	tags=7%, list=1%, signal=7%	
DNA DAMAGE RECOGNITION IN GG-NER%REACTOME%R-HSA-5696394.2	DNA DAMAGE RECOGNITION IN GG-NER%REACTOME%R-HSA-5696394.2		37	-0.3002352	-1.0350454	0.3531746	1.0	1.0	3745	tags=27%, list=15%, signal=32%	
FRUCTOSE AND MANNOSE DEGRADATION%SMPDB%SMP0087197	FRUCTOSE AND MANNOSE DEGRADATION%SMPDB%SMP0087197		17	-0.36927158	-1.033987	0.37341774	1.0	1.0	2511	tags=18%, list=10%, signal=20%	
BIOCARTA_IGF1_PATHWAY%MSIGDB_C2%BIOCARTA_IGF1_PATHWAY	BIOCARTA_IGF1_PATHWAY%MSIGDB_C2%BIOCARTA_IGF1_PATHWAY		17	-0.37556943	-1.0337211	0.394822	1.0	1.0	1334	tags=18%, list=5%, signal=19%	
AMINO ACID TRANSMEMBRANE TRANSPORT%GOBP%GO:0003333	AMINO ACID TRANSMEMBRANE TRANSPORT%GOBP%GO:0003333		74	-0.26576433	-1.0332695	0.3649289	1.0	1.0	1702	tags=15%, list=7%, signal=16%	
NEGATIVE REGULATION OF EPITHELIAL CELL MIGRATION%GOBP%GO:0010633	NEGATIVE REGULATION OF EPITHELIAL CELL MIGRATION%GOBP%GO:0010633		15	-0.37316957	-1.0319827	0.397351	1.0	1.0	4844	tags=33%, list=20%, signal=42%	
ERBB2 ERBB3 SIGNALING EVENTS%PATHWAY INTERACTION DATABASE NCI-NATURE CURATED DATA%ERBB2 ERBB3 SIGNALING EVENTS	ERBB2 ERBB3 SIGNALING EVENTS%PATHWAY INTERACTION DATABASE NCI-NATURE CURATED DATA%ERBB2 ERBB3 SIGNALING EVENTS		41	-0.29419795	-1.0318757	0.368	1.0	1.0	2047	tags=17%, list=8%, signal=19%	
EMBRYONIC SKELETAL SYSTEM DEVELOPMENT%GOBP%GO:0048706	EMBRYONIC SKELETAL SYSTEM DEVELOPMENT%GOBP%GO:0048706		60	-0.27405772	-1.0311196	0.3705357	1.0	1.0	3712	tags=23%, list=15%, signal=27%	
REGULATION OF LIPOPOLYSACCHARIDE-MEDIATED SIGNALING PATHWAY%GOBP%GO:0031664	REGULATION OF LIPOPOLYSACCHARIDE-MEDIATED SIGNALING PATHWAY%GOBP%GO:0031664		29	-0.31988072	-1.0307609	0.3529412	1.0	1.0	2246	tags=28%, list=9%, signal=30%	
CD8-POSITIVE, ALPHA-BETA T CELL HOMEOSTASIS%GOBP%GO:0160165	CD8-POSITIVE, ALPHA-BETA T CELL HOMEOSTASIS%GOBP%GO:0160165		15	-0.3808277	-1.0305967	0.42088607	1.0	1.0	2798	tags=20%, list=11%, signal=23%	
NEGATIVE REGULATION OF MYOBLAST FUSION%GOBP%GO:1901740	NEGATIVE REGULATION OF MYOBLAST FUSION%GOBP%GO:1901740		46	-0.28623965	-1.0304835	0.37142858	1.0	1.0	6023	tags=41%, list=25%, signal=55%	
P53 PATHWAY%PANTHER PATHWAY%P00059	P53 PATHWAY%PANTHER PATHWAY%P00059		43	-0.28922305	-1.0303109	0.40465117	1.0	1.0	3581	tags=21%, list=15%, signal=24%	
PD-1 SIGNALING%REACTOME%R-HSA-389948.6	PD-1 SIGNALING%REACTOME%R-HSA-389948.6		185	-0.23153506	-1.0300087	0.32467532	1.0	1.0	2798	tags=19%, list=11%, signal=22%	
REGULATION OF DNA-TEMPLATED TRANSCRIPTION INITIATION%GOBP%GO:2000142	REGULATION OF DNA-TEMPLATED TRANSCRIPTION INITIATION%GOBP%GO:2000142		82	-0.26532072	-1.029005	0.3583815	1.0	1.0	2734	tags=18%, list=11%, signal=21%	
PID_AP1_PATHWAY%MSIGDB_C2%PID_AP1_PATHWAY	PID_AP1_PATHWAY%MSIGDB_C2%PID_AP1_PATHWAY		59	-0.27350566	-1.0286874	0.36683416	1.0	1.0	3073	tags=20%, list=13%, signal=23%	
REGULATION OF CIRCADIAN RHYTHM%GOBP%GO:0042752	REGULATION OF CIRCADIAN RHYTHM%GOBP%GO:0042752		101	-0.25305098	-1.0286776	0.3529412	1.0	1.0	3654	tags=24%, list=15%, signal=28%	
CD8-POSITIVE, ALPHA-BETA T CELL DIFFERENTIATION%GOBP%GO:0043374	CD8-POSITIVE, ALPHA-BETA T CELL DIFFERENTIATION%GOBP%GO:0043374		17	-0.35887694	-1.0284647	0.38801262	1.0	1.0	705	tags=12%, list=3%, signal=12%	
INTERFERON TYPE I SIGNALING%WIKIPATHWAYS_20260211%WP585%HOMO SAPIENS	INTERFERON TYPE I SIGNALING%WIKIPATHWAYS_20260211%WP585%HOMO SAPIENS		49	-0.28741193	-1.0283887	0.3873874	1.0	1.0	3423	tags=20%, list=14%, signal=24%	
GENETIC CAUSES OF PORTO SINUSOIDAL VASCULAR DISEASE%WIKIPATHWAYS_20260211%WP5269%HOMO SAPIENS	GENETIC CAUSES OF PORTO SINUSOIDAL VASCULAR DISEASE%WIKIPATHWAYS_20260211%WP5269%HOMO SAPIENS		34	-0.30691996	-1.0277685	0.3901515	1.0	1.0	3121	tags=26%, list=13%, signal=30%	
CHONDROITIN SULFATE PROTEOGLYCAN METABOLIC PROCESS%GOBP%GO:0050654	CHONDROITIN SULFATE PROTEOGLYCAN METABOLIC PROCESS%GOBP%GO:0050654		31	-0.3195317	-1.0276612	0.41353384	1.0	1.0	1980	tags=16%, list=8%, signal=18%	
GLYCINE N-METHYLTRANSFERASE DEFICIENCY%SMPDB%SMP0000222	GLYCINE N-METHYLTRANSFERASE DEFICIENCY%SMPDB%SMP0000222		16	-0.36551157	-1.026177	0.4044586	1.0	1.0	1600	tags=25%, list=7%, signal=27%	
NEGATIVE REGULATION OF FERROPTOSIS%GOBP%GO:0110076	NEGATIVE REGULATION OF FERROPTOSIS%GOBP%GO:0110076		17	-0.3660025	-1.0255482	0.443686	1.0	1.0	4404	tags=35%, list=18%, signal=43%	
CANONICAL WNT SIGNALING PATHWAY%PATHWAY INTERACTION DATABASE NCI-NATURE CURATED DATA%CANONICAL WNT SIGNALING PATHWAY	CANONICAL WNT SIGNALING PATHWAY%PATHWAY INTERACTION DATABASE NCI-NATURE CURATED DATA%CANONICAL WNT SIGNALING PATHWAY		20	-0.35018185	-1.0254323	0.3890909	1.0	1.0	5230	tags=40%, list=21%, signal=51%	
EPITHELIAL CELL MIGRATION%GOBP%GO:0010631	EPITHELIAL CELL MIGRATION%GOBP%GO:0010631		20	-0.34756115	-1.0253189	0.39405206	1.0	1.0	625	tags=10%, list=3%, signal=10%	
REGULATION OF UBIQUITIN-DEPENDENT PROTEIN CATABOLIC PROCESS%GOBP%GO:2000058	REGULATION OF UBIQUITIN-DEPENDENT PROTEIN CATABOLIC PROCESS%GOBP%GO:2000058		152	-0.23757905	-1.0253037	0.33673468	1.0	1.0	4404	tags=24%, list=18%, signal=29%	
CHONDROITIN SULFATE PROTEOGLYCAN BIOSYNTHETIC PROCESS%GOBP%GO:0050650	CHONDROITIN SULFATE PROTEOGLYCAN BIOSYNTHETIC PROCESS%GOBP%GO:0050650		24	-0.33589178	-1.0251752	0.42322096	1.0	1.0	3874	tags=29%, list=16%, signal=35%	
RA BIOSYNTHESIS PATHWAY%REACTOME DATABASE ID RELEASE 95%5365859	RA BIOSYNTHESIS PATHWAY%REACTOME DATABASE ID RELEASE 95%5365859		22	-0.34312958	-1.0250481	0.42905405	1.0	1.0	654	tags=14%, list=3%, signal=14%	
RESPONSE TO PURINE-CONTAINING COMPOUND%GOBP%GO:0014074	RESPONSE TO PURINE-CONTAINING COMPOUND%GOBP%GO:0014074		74	-0.25867626	-1.0247175	0.4370861	1.0	1.0	1418	tags=12%, list=6%, signal=13%	
REGULATION OF EXECUTION PHASE OF APOPTOSIS%GOBP%GO:1900117	REGULATION OF EXECUTION PHASE OF APOPTOSIS%GOBP%GO:1900117		18	-0.3665052	-1.02424	0.39344263	1.0	1.0	3358	tags=39%, list=14%, signal=45%	
CYSTATHIONINE BETA-SYNTHASE DEFICIENCY%SMPDB%SMP0000177	CYSTATHIONINE BETA-SYNTHASE DEFICIENCY%SMPDB%SMP0000177		16	-0.36551157	-1.0241685	0.4319728	1.0	1.0	1600	tags=25%, list=7%, signal=27%	
EMBRYONIC DIGIT MORPHOGENESIS%GOBP%GO:0042733	EMBRYONIC DIGIT MORPHOGENESIS%GOBP%GO:0042733		18	-0.35765538	-1.0239979	0.39100346	1.0	1.0	3487	tags=28%, list=14%, signal=32%	
CELLULAR RESPONSE TO ALKALOID%GOBP%GO:0071312	CELLULAR RESPONSE TO ALKALOID%GOBP%GO:0071312		19	-0.35612157	-1.0239174	0.42207792	1.0	1.0	938	tags=16%, list=4%, signal=16%	
BIOCARTA_MTOR_PATHWAY%MSIGDB_C2%BIOCARTA_MTOR_PATHWAY	BIOCARTA_MTOR_PATHWAY%MSIGDB_C2%BIOCARTA_MTOR_PATHWAY		17	-0.3740415	-1.0232052	0.4070513	1.0	1.0	4408	tags=29%, list=18%, signal=36%	
REGULATION OF NUCLEAR SMAD2 3 SIGNALING%PATHWAY INTERACTION DATABASE NCI-NATURE CURATED DATA%REGULATION OF NUCLEAR SMAD2 3 SIGNALING	REGULATION OF NUCLEAR SMAD2 3 SIGNALING%PATHWAY INTERACTION DATABASE NCI-NATURE CURATED DATA%REGULATION OF NUCLEAR SMAD2 3 SIGNALING		82	-0.2550502	-1.0230618	0.40361446	1.0	1.0	4733	tags=24%, list=19%, signal=30%	
CORTICOTROPIN RELEASING HORMONE SIGNALING%WIKIPATHWAYS_20260211%WP2355%HOMO SAPIENS	CORTICOTROPIN RELEASING HORMONE SIGNALING%WIKIPATHWAYS_20260211%WP2355%HOMO SAPIENS		72	-0.26537833	-1.0229486	0.41208792	1.0	1.0	5467	tags=33%, list=22%, signal=43%	
REGULATION OF SKELETAL MUSCLE CONTRACTION%GOBP%GO:0014819	REGULATION OF SKELETAL MUSCLE CONTRACTION%GOBP%GO:0014819		17	-0.36962274	-1.0221362	0.40282685	1.0	1.0	706	tags=12%, list=3%, signal=12%	
REGULATION OF CELL MIGRATION INVOLVED IN SPROUTING ANGIOGENESIS%GOBP%GO:0090049	REGULATION OF CELL MIGRATION INVOLVED IN SPROUTING ANGIOGENESIS%GOBP%GO:0090049		35	-0.3035789	-1.0220203	0.4163569	1.0	1.0	1168	tags=11%, list=5%, signal=12%	
NUCLEAR EVENTS MEDIATED BY NFE2L2%REACTOME%R-HSA-9759194.4	NUCLEAR EVENTS MEDIATED BY NFE2L2%REACTOME%R-HSA-9759194.4		86	-0.25409412	-1.0214216	0.4	1.0	1.0	5393	tags=33%, list=22%, signal=42%	
INTRINSIC APOPTOTIC SIGNALING PATHWAY%GOBP%GO:0097193	INTRINSIC APOPTOTIC SIGNALING PATHWAY%GOBP%GO:0097193		137	-0.23995078	-1.0213118	0.3611111	1.0	1.0	3647	tags=21%, list=15%, signal=25%	
SPINAL CORD DEVELOPMENT%GOBP%GO:0021510	SPINAL CORD DEVELOPMENT%GOBP%GO:0021510		35	-0.30378795	-1.0210587	0.42798355	1.0	1.0	1294	tags=14%, list=5%, signal=15%	
ANTIGEN PRESENTATION: FOLDING, ASSEMBLY AND PEPTIDE LOADING OF CLASS I MHC%REACTOME DATABASE ID RELEASE 95%983170	ANTIGEN PRESENTATION: FOLDING, ASSEMBLY AND PEPTIDE LOADING OF CLASS I MHC%REACTOME DATABASE ID RELEASE 95%983170		28	-0.31479284	-1.0206772	0.4054054	1.0	1.0	228	tags=7%, list=1%, signal=7%	
ORC1 REMOVAL FROM CHROMATIN%REACTOME%R-HSA-68949.5	ORC1 REMOVAL FROM CHROMATIN%REACTOME%R-HSA-68949.5		58	-0.2743988	-1.0206435	0.41752577	1.0	1.0	4658	tags=34%, list=19%, signal=42%	
POSITIVE REGULATION OF NEURON DIFFERENTIATION%GOBP%GO:0045666	POSITIVE REGULATION OF NEURON DIFFERENTIATION%GOBP%GO:0045666		40	-0.2924828	-1.0206305	0.4235808	1.0	1.0	2696	tags=23%, list=11%, signal=25%	
REGULATION OF GTPASE ACTIVITY%GOBP%GO:0043087	REGULATION OF GTPASE ACTIVITY%GOBP%GO:0043087		117	-0.23564368	-1.0206044	0.34745762	1.0	1.0	2718	tags=17%, list=11%, signal=19%	
RUNX1 REGULATES TRANSCRIPTION OF GENES INVOLVED IN DIFFERENTIATION OF HSCS%REACTOME%R-HSA-8939236.2	RUNX1 REGULATES TRANSCRIPTION OF GENES INVOLVED IN DIFFERENTIATION OF HSCS%REACTOME%R-HSA-8939236.2		84	-0.25717807	-1.0203801	0.41911766	1.0	1.0	2925	tags=20%, list=12%, signal=23%	
METHYLENETETRAHYDROFOLATE REDUCTASE DEFICIENCY (MTHFRD)%SMPDB%SMP0000340	METHYLENETETRAHYDROFOLATE REDUCTASE DEFICIENCY (MTHFRD)%SMPDB%SMP0000340		16	-0.36551157	-1.0201771	0.41275167	1.0	1.0	1600	tags=25%, list=7%, signal=27%	
GLUTATHIONE METABOLIC PROCESS%GOBP%GO:0006749	GLUTATHIONE METABOLIC PROCESS%GOBP%GO:0006749		38	-0.30012444	-1.0199152	0.39148936	1.0	1.0	1671	tags=16%, list=7%, signal=17%	
POSITIVE REGULATION OF NUCLEOTIDE METABOLIC PROCESS%GOBP%GO:0045981	POSITIVE REGULATION OF NUCLEOTIDE METABOLIC PROCESS%GOBP%GO:0045981		30	-0.31534034	-1.0198077	0.421875	1.0	1.0	2491	tags=23%, list=10%, signal=26%	
PROTEIN COMPLEX OLIGOMERIZATION%GOBP%GO:0051259	PROTEIN COMPLEX OLIGOMERIZATION%GOBP%GO:0051259		193	-0.230867	-1.019366	0.4512195	1.0	1.0	1340	tags=10%, list=5%, signal=10%	
REGULATION OF GLUCOSE METABOLIC PROCESS%GOBP%GO:0010906	REGULATION OF GLUCOSE METABOLIC PROCESS%GOBP%GO:0010906		69	-0.26650977	-1.0185903	0.37804878	1.0	1.0	2690	tags=20%, list=11%, signal=23%	
ARACHIDONATE METABOLITES BIOSYNTHESIS%BIOCYC%PWY-8397	ARACHIDONATE METABOLITES BIOSYNTHESIS%BIOCYC%PWY-8397		28	-0.32127956	-1.0184245	0.41275167	1.0	1.0	143	tags=7%, list=1%, signal=7%	
NEURODEGENERATION WITH BRAIN IRON ACCUMULATION NBIA SUBTYPES PATHWAY%WIKIPATHWAYS_20260211%WP4577%HOMO SAPIENS	NEURODEGENERATION WITH BRAIN IRON ACCUMULATION NBIA SUBTYPES PATHWAY%WIKIPATHWAYS_20260211%WP4577%HOMO SAPIENS		35	-0.3061801	-1.0183402	0.42436975	1.0	1.0	3926	tags=29%, list=16%, signal=34%	
RESPONSE TO ARSENIC-CONTAINING SUBSTANCE%GOBP%GO:0046685	RESPONSE TO ARSENIC-CONTAINING SUBSTANCE%GOBP%GO:0046685		18	-0.35217053	-1.0181067	0.43050846	1.0	1.0	3524	tags=28%, list=14%, signal=32%	
PID_ERBB2_ERBB3_PATHWAY%MSIGDB_C2%PID_ERBB2_ERBB3_PATHWAY	PID_ERBB2_ERBB3_PATHWAY%MSIGDB_C2%PID_ERBB2_ERBB3_PATHWAY		38	-0.3034458	-1.0180662	0.4107884	1.0	1.0	2047	tags=18%, list=8%, signal=20%	
ADHERENS JUNCTIONS INTERACTIONS%REACTOME DATABASE ID RELEASE 95%418990	ADHERENS JUNCTIONS INTERACTIONS%REACTOME DATABASE ID RELEASE 95%418990		200	-0.22908938	-1.0179197	0.36708862	1.0	1.0	2925	tags=19%, list=12%, signal=21%	
MAINTENANCE OF BLOOD-BRAIN BARRIER%GOBP%GO:0035633	MAINTENANCE OF BLOOD-BRAIN BARRIER%GOBP%GO:0035633		32	-0.30973437	-1.0174361	0.40151516	1.0	1.0	785	tags=9%, list=3%, signal=10%	
L-AMINO ACID BIOSYNTHETIC PROCESS%GOBP%GO:0170034	L-AMINO ACID BIOSYNTHETIC PROCESS%GOBP%GO:0170034		33	-0.3071643	-1.0174162	0.38362068	1.0	1.0	4260	tags=33%, list=17%, signal=40%	
GLUTATHIONE-MEDIATED DETOXIFICATION I%BIOCYC%PWY-4061	GLUTATHIONE-MEDIATED DETOXIFICATION I%BIOCYC%PWY-4061		19	-0.3503802	-1.0163295	0.42244226	1.0	1.0	1671	tags=16%, list=7%, signal=17%	
REGULATION OF CELLULAR RESPONSE TO HEAT%GOBP%GO:1900034	REGULATION OF CELLULAR RESPONSE TO HEAT%GOBP%GO:1900034		16	-0.37964374	-1.0162816	0.37209302	1.0	1.0	1950	tags=19%, list=8%, signal=20%	
TP53 REGULATES TRANSCRIPTION OF GENES INVOLVED IN CYTOCHROME C RELEASE%REACTOME%R-HSA-6803204.3	TP53 REGULATES TRANSCRIPTION OF GENES INVOLVED IN CYTOCHROME C RELEASE%REACTOME%R-HSA-6803204.3		20	-0.35289192	-1.0161076	0.42957747	1.0	1.0	4818	tags=40%, list=20%, signal=50%	
NEGATIVE REGULATION OF PROTEASOMAL PROTEIN CATABOLIC PROCESS%GOBP%GO:1901799	NEGATIVE REGULATION OF PROTEASOMAL PROTEIN CATABOLIC PROCESS%GOBP%GO:1901799		54	-0.27670285	-1.015118	0.4232558	1.0	1.0	4127	tags=20%, list=17%, signal=24%	
ATM SIGNALING IN DEVELOPMENT AND DISEASE %WIKIPATHWAYS_20260211%WP3878%HOMO SAPIENS	ATM SIGNALING IN DEVELOPMENT AND DISEASE %WIKIPATHWAYS_20260211%WP3878%HOMO SAPIENS		38	-0.29722157	-1.0150775	0.44573644	1.0	1.0	2296	tags=13%, list=9%, signal=14%	
RESPIRATORY SYNCYTIAL VIRUS INFECTION PATHWAY%REACTOME%R-HSA-9820952.2	RESPIRATORY SYNCYTIAL VIRUS INFECTION PATHWAY%REACTOME%R-HSA-9820952.2		119	-0.23660836	-1.0149354	0.3852459	1.0	1.0	2396	tags=13%, list=10%, signal=15%	
RESPONSE TO TEMPERATURE STIMULUS%GOBP%GO:0009266	RESPONSE TO TEMPERATURE STIMULUS%GOBP%GO:0009266		88	-0.25436848	-1.0144464	0.43506494	1.0	1.0	5011	tags=32%, list=20%, signal=40%	
BONE MINERALIZATION%GOBP%GO:0030282	BONE MINERALIZATION%GOBP%GO:0030282		25	-0.32816455	-1.0143884	0.4152824	1.0	1.0	4168	tags=32%, list=17%, signal=39%	
METHIONINE ADENOSYLTRANSFERASE DEFICIENCY%SMPDB%SMP0000221	METHIONINE ADENOSYLTRANSFERASE DEFICIENCY%SMPDB%SMP0000221		16	-0.36551157	-1.0143596	0.4489796	1.0	1.0	1600	tags=25%, list=7%, signal=27%	
RHOA SIGNALING PATHWAY%PATHWAY INTERACTION DATABASE NCI-NATURE CURATED DATA%RHOA SIGNALING PATHWAY	RHOA SIGNALING PATHWAY%PATHWAY INTERACTION DATABASE NCI-NATURE CURATED DATA%RHOA SIGNALING PATHWAY		45	-0.2851183	-1.0143237	0.4050633	1.0	1.0	3423	tags=22%, list=14%, signal=26%	
INNER DYNEIN ARM ASSEMBLY%GOBP%GO:0036159	INNER DYNEIN ARM ASSEMBLY%GOBP%GO:0036159		15	-0.37982544	-1.0138282	0.4432624	1.0	1.0	2281	tags=27%, list=9%, signal=29%	
BIOCARTA_VEGF_PATHWAY%MSIGDB_C2%BIOCARTA_VEGF_PATHWAY	BIOCARTA_VEGF_PATHWAY%MSIGDB_C2%BIOCARTA_VEGF_PATHWAY		22	-0.34498054	-1.0125043	0.45818183	1.0	1.0	3070	tags=18%, list=13%, signal=21%	
POSITIVE REGULATION OF PEPTIDE SECRETION%GOBP%GO:0002793	POSITIVE REGULATION OF PEPTIDE SECRETION%GOBP%GO:0002793		69	-0.26139992	-1.0123838	0.4247312	1.0	1.0	2793	tags=16%, list=11%, signal=18%	
CEREBELLUM MORPHOGENESIS%GOBP%GO:0021587	CEREBELLUM MORPHOGENESIS%GOBP%GO:0021587		17	-0.3519358	-1.0121193	0.41132075	1.0	1.0	4315	tags=47%, list=18%, signal=57%	
CELLULAR RESPONSE TO STARVATION%REACTOME%R-HSA-9711097.5	CELLULAR RESPONSE TO STARVATION%REACTOME%R-HSA-9711097.5		155	-0.23440772	-1.0115881	0.37755102	1.0	1.0	6035	tags=34%, list=25%, signal=44%	
OBSOLETE PROTEOLYSIS INVOLVED IN PROTEIN CATABOLIC PROCESS%GOBP%GO:0051603	OBSOLETE PROTEOLYSIS INVOLVED IN PROTEIN CATABOLIC PROCESS%GOBP%GO:0051603		30	-0.31874126	-1.0110091	0.4437086	1.0	1.0	1745	tags=17%, list=7%, signal=18%	
AMINO ACID TRANSPORT ACROSS THE PLASMA MEMBRANE%REACTOME%R-HSA-352230.6	AMINO ACID TRANSPORT ACROSS THE PLASMA MEMBRANE%REACTOME%R-HSA-352230.6		31	-0.31217468	-1.010272	0.43283582	1.0	1.0	1702	tags=23%, list=7%, signal=24%	
CYTOPLASMIC RIBOSOMAL PROTEINS%WIKIPATHWAYS_20260211%WP477%HOMO SAPIENS	CYTOPLASMIC RIBOSOMAL PROTEINS%WIKIPATHWAYS_20260211%WP477%HOMO SAPIENS		86	-0.2486929	-1.0101109	0.39759037	1.0	1.0	6023	tags=34%, list=25%, signal=45%	
BDNF SIGNALING IN NEURODEVELOPMENT%WIKIPATHWAYS_20260211%WP5541%HOMO SAPIENS	BDNF SIGNALING IN NEURODEVELOPMENT%WIKIPATHWAYS_20260211%WP5541%HOMO SAPIENS		95	-0.24875854	-1.0100107	0.42944786	1.0	1.0	2806	tags=19%, list=11%, signal=21%	
CLOCK CONTROLLED AUTOPHAGY IN BONE METABOLISM%WIKIPATHWAYS_20260211%WP5205%HOMO SAPIENS	CLOCK CONTROLLED AUTOPHAGY IN BONE METABOLISM%WIKIPATHWAYS_20260211%WP5205%HOMO SAPIENS		63	-0.26777336	-1.0099127	0.4120603	1.0	1.0	3512	tags=21%, list=14%, signal=24%	
PROTEIN UBIQUITINATION%REACTOME%R-HSA-8852135.4	PROTEIN UBIQUITINATION%REACTOME%R-HSA-8852135.4		75	-0.26108035	-1.0089672	0.4680851	1.0	1.0	2457	tags=17%, list=10%, signal=19%	
HYPERMETHIONINEMIA%SMPDB%SMP0000341	HYPERMETHIONINEMIA%SMPDB%SMP0000341		16	-0.36551157	-1.0081414	0.42492014	1.0	1.0	1600	tags=25%, list=7%, signal=27%	
INTERLEUKIN-37 SIGNALING%REACTOME DATABASE ID RELEASE 95%9008059	INTERLEUKIN-37 SIGNALING%REACTOME DATABASE ID RELEASE 95%9008059		21	-0.34681457	-1.0081338	0.44405594	1.0	1.0	1152	tags=19%, list=5%, signal=20%	
GLUTATHIONE CONJUGATION%REACTOME%R-HSA-156590.4	GLUTATHIONE CONJUGATION%REACTOME%R-HSA-156590.4		34	-0.30643308	-1.0071965	0.47107437	1.0	1.0	1671	tags=15%, list=7%, signal=16%	
HALLMARK_P53_PATHWAY%MSIGDBHALLMARK%HALLMARK_P53_PATHWAY	HALLMARK_P53_PATHWAY%MSIGDBHALLMARK%HALLMARK_P53_PATHWAY		177	-0.23413746	-1.0062178	0.44047618	1.0	1.0	2760	tags=14%, list=11%, signal=16%	
SUPERPATHWAY OF PYRIMIDINE DEOXYRIBONUCLEOTIDES <I>DE NOVO< I> BIOSYNTHESIS%BIOCYC%PWY-7211	SUPERPATHWAY OF PYRIMIDINE DEOXYRIBONUCLEOTIDES <I>DE NOVO< I> BIOSYNTHESIS%BIOCYC%PWY-7211		21	-0.33629516	-1.0055802	0.430605	1.0	1.0	2123	tags=14%, list=9%, signal=16%	
KIDNEY DEVELOPMENT%REACTOME DATABASE ID RELEASE 95%9830369	KIDNEY DEVELOPMENT%REACTOME DATABASE ID RELEASE 95%9830369		46	-0.28462705	-1.005324	0.45327103	1.0	1.0	1808	tags=15%, list=7%, signal=16%	
TRANSCRIPTIONAL REGULATION BY RUNX3%REACTOME DATABASE ID RELEASE 95%8878159	TRANSCRIPTIONAL REGULATION BY RUNX3%REACTOME DATABASE ID RELEASE 95%8878159		85	-0.25463888	-1.0052689	0.41975307	1.0	1.0	2925	tags=22%, list=12%, signal=25%	
METHIONINE METABOLISM%SMPDB%SMP0000033	METHIONINE METABOLISM%SMPDB%SMP0000033		16	-0.36551157	-1.0051358	0.4539007	1.0	1.0	1600	tags=25%, list=7%, signal=27%	
NEGATIVE REGULATION OF PROTEIN TRANSPORT%GOBP%GO:0051224	NEGATIVE REGULATION OF PROTEIN TRANSPORT%GOBP%GO:0051224		79	-0.25733626	-1.0040417	0.44230768	1.0	1.0	2029	tags=13%, list=8%, signal=14%	
CARGO CONCENTRATION IN THE ER%REACTOME DATABASE ID RELEASE 95%5694530	CARGO CONCENTRATION IN THE ER%REACTOME DATABASE ID RELEASE 95%5694530		33	-0.29706863	-1.0039353	0.46255508	1.0	1.0	912	tags=15%, list=4%, signal=16%	
FOREBRAIN NEURON DIFFERENTIATION%GOBP%GO:0021879	FOREBRAIN NEURON DIFFERENTIATION%GOBP%GO:0021879		28	-0.31322652	-1.0036601	0.44680852	1.0	1.0	3108	tags=25%, list=13%, signal=29%	
HALLMARK_G2M_CHECKPOINT%MSIGDBHALLMARK%HALLMARK_G2M_CHECKPOINT	HALLMARK_G2M_CHECKPOINT%MSIGDBHALLMARK%HALLMARK_G2M_CHECKPOINT		144	-0.23362885	-1.0031984	0.48214287	1.0	1.0	5065	tags=31%, list=21%, signal=39%	
DNA CATABOLIC PROCESS%GOBP%GO:0006308	DNA CATABOLIC PROCESS%GOBP%GO:0006308		24	-0.329857	-1.0031126	0.42857143	1.0	1.0	1905	tags=17%, list=8%, signal=18%	
PROTEIN PALMITOYLATION%GOBP%GO:0018345	PROTEIN PALMITOYLATION%GOBP%GO:0018345		22	-0.33596498	-1.0026641	0.433213	1.0	1.0	1589	tags=14%, list=6%, signal=15%	
COLLAGEN METABOLIC PROCESS%GOBP%GO:0032963	COLLAGEN METABOLIC PROCESS%GOBP%GO:0032963		52	-0.27114964	-1.0024519	0.46636772	1.0	1.0	1375	tags=12%, list=6%, signal=12%	
REGULATION OF CATECHOLAMINE SECRETION%GOBP%GO:0050433	REGULATION OF CATECHOLAMINE SECRETION%GOBP%GO:0050433		23	-0.32978192	-1.0012918	0.4413793	1.0	1.0	3450	tags=35%, list=14%, signal=40%	
GLUCOSE CATABOLIC PROCESS%GOBP%GO:0006007	GLUCOSE CATABOLIC PROCESS%GOBP%GO:0006007		20	-0.34542435	-1.000957	0.42909092	1.0	1.0	2052	tags=25%, list=8%, signal=27%	
PROTEINOGENIC AMINO ACID BIOSYNTHETIC PROCESS%GOBP%GO:0170038	PROTEINOGENIC AMINO ACID BIOSYNTHETIC PROCESS%GOBP%GO:0170038		37	-0.2930782	-1.0008091	0.4488189	1.0	1.0	4260	tags=32%, list=17%, signal=39%	
TRANSCRIPTIONAL REGULATION OF MEMORY B CELL DIFFERENTIATION%WIKIPATHWAYS_20260211%WP5491%HOMO SAPIENS	TRANSCRIPTIONAL REGULATION OF MEMORY B CELL DIFFERENTIATION%WIKIPATHWAYS_20260211%WP5491%HOMO SAPIENS		39	-0.29026532	-1.0004267	0.4488189	1.0	1.0	2737	tags=18%, list=11%, signal=20%	
POSITIVE REGULATION OF NUCLEOCYTOPLASMIC TRANSPORT%GOBP%GO:0046824	POSITIVE REGULATION OF NUCLEOCYTOPLASMIC TRANSPORT%GOBP%GO:0046824		46	-0.2825871	-1.0001804	0.43612334	1.0	1.0	2760	tags=17%, list=11%, signal=20%	
DNA REPLICATION PRE-INITIATION%REACTOME%R-HSA-69002.4	DNA REPLICATION PRE-INITIATION%REACTOME%R-HSA-69002.4		117	-0.2405591	-1.0000752	0.448	1.0	1.0	4690	tags=32%, list=19%, signal=39%	
RENIN ANGIOTENSIN ALDOSTERONE SYSTEM RAAS %WIKIPATHWAYS_20260211%WP4756%HOMO SAPIENS	RENIN ANGIOTENSIN ALDOSTERONE SYSTEM RAAS %WIKIPATHWAYS_20260211%WP4756%HOMO SAPIENS		34	-0.29640317	-0.99941343	0.44052863	1.0	1.0	2461	tags=18%, list=10%, signal=20%	
REGULATION OF HYDROLASE ACTIVITY%GOBP%GO:0051336	REGULATION OF HYDROLASE ACTIVITY%GOBP%GO:0051336		155	-0.2300123	-0.9992667	0.4673913	1.0	1.0	2078	tags=14%, list=8%, signal=15%	
SELENOCYSTEINE SYNTHESIS%REACTOME DATABASE ID RELEASE 95%2408557	SELENOCYSTEINE SYNTHESIS%REACTOME DATABASE ID RELEASE 95%2408557		93	-0.24838887	-0.99873817	0.4189189	1.0	1.0	6117	tags=32%, list=25%, signal=43%	
POSITIVE REGULATION OF PEPTIDE HORMONE SECRETION%GOBP%GO:0090277	POSITIVE REGULATION OF PEPTIDE HORMONE SECRETION%GOBP%GO:0090277		69	-0.26139992	-0.9984092	0.44252872	1.0	1.0	2793	tags=16%, list=11%, signal=18%	
HALLMARK_NOTCH_SIGNALING%MSIGDBHALLMARK%HALLMARK_NOTCH_SIGNALING	HALLMARK_NOTCH_SIGNALING%MSIGDBHALLMARK%HALLMARK_NOTCH_SIGNALING		23	-0.3278879	-0.99730676	0.45070422	1.0	1.0	1289	tags=13%, list=5%, signal=14%	
ESR-MEDIATED SIGNALING%REACTOME DATABASE ID RELEASE 95%8939211	ESR-MEDIATED SIGNALING%REACTOME DATABASE ID RELEASE 95%8939211		183	-0.22717084	-0.99709135	0.4516129	1.0	1.0	2296	tags=15%, list=9%, signal=16%	
SIGNALING BY NOTCH4%REACTOME%R-HSA-9013694.3	SIGNALING BY NOTCH4%REACTOME%R-HSA-9013694.3		71	-0.26105702	-0.9970876	0.4262295	1.0	1.0	2925	tags=20%, list=12%, signal=22%	
NEGATIVE REGULATION OF INSULIN SECRETION%GOBP%GO:0046676	NEGATIVE REGULATION OF INSULIN SECRETION%GOBP%GO:0046676		20	-0.33338156	-0.9968233	0.44701988	1.0	1.0	2696	tags=20%, list=11%, signal=22%	
CELL-CELL JUNCTION ASSEMBLY%GOBP%GO:0007043	CELL-CELL JUNCTION ASSEMBLY%GOBP%GO:0007043		101	-0.24418809	-0.99572754	0.5	1.0	1.0	1808	tags=12%, list=7%, signal=13%	
TOLL RECEPTOR SIGNALING PATHWAY%PANTHER PATHWAY%P00054	TOLL RECEPTOR SIGNALING PATHWAY%PANTHER PATHWAY%P00054		37	-0.289448	-0.9956809	0.4493927	1.0	1.0	622	tags=11%, list=3%, signal=11%	
CELLULAR RESPONSE TO TYPE I INTERFERON%GOBP%GO:0071357	CELLULAR RESPONSE TO TYPE I INTERFERON%GOBP%GO:0071357		78	-0.25972384	-0.9951441	0.44919786	1.0	1.0	4409	tags=27%, list=18%, signal=33%	
HAIR FOLLICLE DEVELOPMENT ORGANOGENESIS STAGE 2 OF 3%WIKIPATHWAYS_20260211%WP2839%HOMO SAPIENS	HAIR FOLLICLE DEVELOPMENT ORGANOGENESIS STAGE 2 OF 3%WIKIPATHWAYS_20260211%WP2839%HOMO SAPIENS		26	-0.32442003	-0.99478835	0.49159664	1.0	1.0	2400	tags=23%, list=10%, signal=26%	
POSITIVE REGULATION OF ATP METABOLIC PROCESS%GOBP%GO:1903580	POSITIVE REGULATION OF ATP METABOLIC PROCESS%GOBP%GO:1903580		29	-0.31534454	-0.9947598	0.4347826	1.0	1.0	2491	tags=24%, list=10%, signal=27%	
NEGATIVE REGULATION OF ESTABLISHMENT OF PROTEIN LOCALIZATION%GOBP%GO:1904950	NEGATIVE REGULATION OF ESTABLISHMENT OF PROTEIN LOCALIZATION%GOBP%GO:1904950		87	-0.2455312	-0.9940988	0.44378698	1.0	1.0	2914	tags=15%, list=12%, signal=17%	
MATURATION OF SPIKE PROTEIN%REACTOME%R-HSA-9694548.5	MATURATION OF SPIKE PROTEIN%REACTOME%R-HSA-9694548.5		41	-0.28645486	-0.9938269	0.42857143	1.0	1.0	2293	tags=22%, list=9%, signal=24%	
POSITIVE REGULATION OF ATP-DEPENDENT ACTIVITY%GOBP%GO:0032781	POSITIVE REGULATION OF ATP-DEPENDENT ACTIVITY%GOBP%GO:0032781		19	-0.3482082	-0.9932202	0.4790419	1.0	1.0	562	tags=11%, list=2%, signal=11%	
DENGUE VIRUS ATTACHMENT AND ENTRY%REACTOME DATABASE ID RELEASE 95%9918485	DENGUE VIRUS ATTACHMENT AND ENTRY%REACTOME DATABASE ID RELEASE 95%9918485		44	-0.2807373	-0.9928435	0.46376812	1.0	1.0	2186	tags=14%, list=9%, signal=15%	
PLATELET HOMEOSTASIS%REACTOME%R-HSA-418346.4	PLATELET HOMEOSTASIS%REACTOME%R-HSA-418346.4		85	-0.25291824	-0.9923569	0.4662162	1.0	1.0	3899	tags=28%, list=16%, signal=33%	
MAINTENANCE OF LOCATION%GOBP%GO:0051235	MAINTENANCE OF LOCATION%GOBP%GO:0051235		57	-0.2624811	-0.99226	0.43523315	1.0	1.0	1999	tags=12%, list=8%, signal=13%	
TRK RECEPTOR SIGNALING MEDIATED BY PI3K AND PLC-GAMMA%PATHWAY INTERACTION DATABASE NCI-NATURE CURATED DATA%TRK RECEPTOR SIGNALING MEDIATED BY PI3K AND PLC-GAMMA	TRK RECEPTOR SIGNALING MEDIATED BY PI3K AND PLC-GAMMA%PATHWAY INTERACTION DATABASE NCI-NATURE CURATED DATA%TRK RECEPTOR SIGNALING MEDIATED BY PI3K AND PLC-GAMMA		36	-0.28746128	-0.99186707	0.44491526	1.0	1.0	5599	tags=31%, list=23%, signal=40%	
TRAF6 MEDIATED IRF7 ACTIVATION%REACTOME%R-HSA-933541.7	TRAF6 MEDIATED IRF7 ACTIVATION%REACTOME%R-HSA-933541.7		29	-0.31160864	-0.9911353	0.42857143	1.0	1.0	4874	tags=31%, list=20%, signal=39%	
DEGRADATION OF THE EXTRACELLULAR MATRIX%REACTOME DATABASE ID RELEASE 95%1474228	DEGRADATION OF THE EXTRACELLULAR MATRIX%REACTOME DATABASE ID RELEASE 95%1474228		110	-0.23579752	-0.9909716	0.45112783	1.0	1.0	1622	tags=10%, list=7%, signal=11%	
P38 MAPK PATHWAY%PANTHER PATHWAY%P05918	P38 MAPK PATHWAY%PANTHER PATHWAY%P05918		27	-0.31796998	-0.9907083	0.4752066	1.0	1.0	2806	tags=15%, list=11%, signal=17%	
MALE INFERTILITY%WIKIPATHWAYS_20260211%WP4673%HOMO SAPIENS	MALE INFERTILITY%WIKIPATHWAYS_20260211%WP4673%HOMO SAPIENS		104	-0.24204409	-0.99040073	0.4923077	1.0	1.0	1726	tags=13%, list=7%, signal=13%	
STRIATED MUSCLE CELL DEVELOPMENT%GOBP%GO:0055002	STRIATED MUSCLE CELL DEVELOPMENT%GOBP%GO:0055002		92	-0.2488481	-0.98946464	0.45751634	1.0	1.0	2110	tags=13%, list=9%, signal=14%	
MEMBRANE REPOLARIZATION DURING CARDIAC MUSCLE CELL ACTION POTENTIAL%GOBP%GO:0086013	MEMBRANE REPOLARIZATION DURING CARDIAC MUSCLE CELL ACTION POTENTIAL%GOBP%GO:0086013		17	-0.35335696	-0.9891133	0.49270073	1.0	1.0	1812	tags=18%, list=7%, signal=19%	
CELL REDOX HOMEOSTASIS%GOBP%GO:0045454	CELL REDOX HOMEOSTASIS%GOBP%GO:0045454		38	-0.2826267	-0.9890777	0.4488889	1.0	1.0	1085	tags=11%, list=4%, signal=11%	
S-ADENOSYLHOMOCYSTEINE (SAH) HYDROLASE DEFICIENCY%PATHWHIZ%PW000102	S-ADENOSYLHOMOCYSTEINE (SAH) HYDROLASE DEFICIENCY%PATHWHIZ%PW000102		16	-0.36551157	-0.98905677	0.46363637	1.0	1.0	1600	tags=25%, list=7%, signal=27%	
MITOTIC G2-G2 M PHASES%REACTOME%R-HSA-453274.4	MITOTIC G2-G2 M PHASES%REACTOME%R-HSA-453274.4		175	-0.2228336	-0.9876564	0.4848485	1.0	1.0	4821	tags=27%, list=20%, signal=34%	
SELENOAMINO ACID METABOLISM%REACTOME DATABASE ID RELEASE 95%2408522	SELENOAMINO ACID METABOLISM%REACTOME DATABASE ID RELEASE 95%2408522		116	-0.23449685	-0.98676324	0.5	1.0	1.0	5877	tags=31%, list=24%, signal=41%	
REGULATION OF RAS BY GAPS%REACTOME DATABASE ID RELEASE 95%5658442	REGULATION OF RAS BY GAPS%REACTOME DATABASE ID RELEASE 95%5658442		54	-0.26975492	-0.9863076	0.4764151	1.0	1.0	4658	tags=35%, list=19%, signal=43%	
NONSENSE MEDIATED DECAY (NMD) INDEPENDENT OF THE EXON JUNCTION COMPLEX (EJC)%REACTOME%R-HSA-975956.2	NONSENSE MEDIATED DECAY (NMD) INDEPENDENT OF THE EXON JUNCTION COMPLEX (EJC)%REACTOME%R-HSA-975956.2		95	-0.24011467	-0.98593134	0.45454547	1.0	1.0	6117	tags=34%, list=25%, signal=45%	
COPII-MEDIATED VESICLE TRANSPORT%REACTOME%R-HSA-204005.6	COPII-MEDIATED VESICLE TRANSPORT%REACTOME%R-HSA-204005.6		69	-0.26236492	-0.9851392	0.47560975	1.0	1.0	2959	tags=25%, list=12%, signal=28%	
PATHOGENIC ESCHERICHIA COLI INFECTION%WIKIPATHWAYS_20260211%WP2272%HOMO SAPIENS	PATHOGENIC ESCHERICHIA COLI INFECTION%WIKIPATHWAYS_20260211%WP2272%HOMO SAPIENS		43	-0.2818183	-0.9842444	0.47031963	1.0	1.0	2902	tags=21%, list=12%, signal=24%	
RESOLUTION OF AP SITES VIA THE MULTIPLE-NUCLEOTIDE PATCH REPLACEMENT PATHWAY%REACTOME DATABASE ID RELEASE 95%110373	RESOLUTION OF AP SITES VIA THE MULTIPLE-NUCLEOTIDE PATCH REPLACEMENT PATHWAY%REACTOME DATABASE ID RELEASE 95%110373		25	-0.31598657	-0.98421174	0.47122303	1.0	1.0	6186	tags=40%, list=25%, signal=53%	
HALLMARK_TGF_BETA_SIGNALING%MSIGDBHALLMARK%HALLMARK_TGF_BETA_SIGNALING	HALLMARK_TGF_BETA_SIGNALING%MSIGDBHALLMARK%HALLMARK_TGF_BETA_SIGNALING		43	-0.284574	-0.98382264	0.45064378	1.0	1.0	3094	tags=26%, list=13%, signal=29%	
NEGATIVE REGULATION OF EXTRINSIC APOPTOTIC SIGNALING PATHWAY VIA DEATH DOMAIN RECEPTORS%GOBP%GO:1902042	NEGATIVE REGULATION OF EXTRINSIC APOPTOTIC SIGNALING PATHWAY VIA DEATH DOMAIN RECEPTORS%GOBP%GO:1902042		24	-0.3216529	-0.98279333	0.4965035	1.0	1.0	2523	tags=29%, list=10%, signal=32%	
REGULATION OF HEART GROWTH%GOBP%GO:0060420	REGULATION OF HEART GROWTH%GOBP%GO:0060420		29	-0.31115642	-0.98229593	0.44237918	1.0	1.0	2942	tags=24%, list=12%, signal=27%	
TYPE 2 PAPILLARY RENAL CELL CARCINOMA%WIKIPATHWAYS_20260211%WP4241%HOMO SAPIENS	TYPE 2 PAPILLARY RENAL CELL CARCINOMA%WIKIPATHWAYS_20260211%WP4241%HOMO SAPIENS		24	-0.3266807	-0.9818252	0.47292417	1.0	1.0	2760	tags=21%, list=11%, signal=23%	
EPITHELIUM MIGRATION%GOBP%GO:0090132	EPITHELIUM MIGRATION%GOBP%GO:0090132		22	-0.3283957	-0.98135275	0.47241378	1.0	1.0	625	tags=9%, list=3%, signal=9%	
MATURE B CELL DIFFERENTIATION INVOLVED IN IMMUNE RESPONSE%GOBP%GO:0002313	MATURE B CELL DIFFERENTIATION INVOLVED IN IMMUNE RESPONSE%GOBP%GO:0002313		15	-0.35527396	-0.9813512	0.44039735	1.0	1.0	4856	tags=53%, list=20%, signal=66%	
ADRENERGIC RECEPTOR SIGNALING PATHWAY%GOBP%GO:0071875	ADRENERGIC RECEPTOR SIGNALING PATHWAY%GOBP%GO:0071875		19	-0.34348425	-0.9812683	0.44405594	1.0	1.0	2573	tags=32%, list=11%, signal=35%	
REGULATION OF RESPONSE TO NUTRIENT LEVELS%GOBP%GO:0032107	REGULATION OF RESPONSE TO NUTRIENT LEVELS%GOBP%GO:0032107		26	-0.30638996	-0.9809967	0.5057915	1.0	1.0	172	tags=12%, list=1%, signal=12%	
MITOCHONDRIAL TRANSLATION ELONGATION%REACTOME DATABASE ID RELEASE 95%5389840	MITOCHONDRIAL TRANSLATION ELONGATION%REACTOME DATABASE ID RELEASE 95%5389840		88	-0.24603282	-0.98095906	0.5714286	1.0	1.0	5397	tags=39%, list=22%, signal=49%	
REGULATION OF VASCULAR ENDOTHELIAL CELL PROLIFERATION%GOBP%GO:1905562	REGULATION OF VASCULAR ENDOTHELIAL CELL PROLIFERATION%GOBP%GO:1905562		18	-0.3401952	-0.9808421	0.48042706	1.0	1.0	464	tags=11%, list=2%, signal=11%	
CARDIAC MUSCLE CELL MEMBRANE REPOLARIZATION%GOBP%GO:0099622	CARDIAC MUSCLE CELL MEMBRANE REPOLARIZATION%GOBP%GO:0099622		17	-0.35335696	-0.98056734	0.4506579	1.0	1.0	1812	tags=18%, list=7%, signal=19%	
PREFOLDIN MEDIATED TRANSFER OF SUBSTRATE TO CCT TRIC%REACTOME%R-HSA-389957.4	PREFOLDIN MEDIATED TRANSFER OF SUBSTRATE TO CCT TRIC%REACTOME%R-HSA-389957.4		28	-0.30747864	-0.98056334	0.5037879	1.0	1.0	4352	tags=36%, list=18%, signal=43%	
REGULATION OF CELLULAR RESPIRATION%GOBP%GO:0043457	REGULATION OF CELLULAR RESPIRATION%GOBP%GO:0043457		34	-0.2923818	-0.98047817	0.46521738	1.0	1.0	3849	tags=29%, list=16%, signal=35%	
TARGETING YAP IN PANCREATIC DUCTAL ADENOCARCINOMA PDAC %WIKIPATHWAYS_20260211%WP5495%HOMO SAPIENS	TARGETING YAP IN PANCREATIC DUCTAL ADENOCARCINOMA PDAC %WIKIPATHWAYS_20260211%WP5495%HOMO SAPIENS		19	-0.3346516	-0.98025435	0.4861111	1.0	1.0	2491	tags=21%, list=10%, signal=23%	
PROTEIN K48-LINKED DEUBIQUITINATION%GOBP%GO:0071108	PROTEIN K48-LINKED DEUBIQUITINATION%GOBP%GO:0071108		22	-0.33596414	-0.9798558	0.48339483	1.0	1.0	3955	tags=27%, list=16%, signal=32%	
POSITIVE REGULATION OF B CELL PROLIFERATION%GOBP%GO:0030890	POSITIVE REGULATION OF B CELL PROLIFERATION%GOBP%GO:0030890		30	-0.29912215	-0.9788682	0.45038167	1.0	1.0	2562	tags=20%, list=10%, signal=22%	
MAINTENANCE OF PROTEIN LOCATION%GOBP%GO:0045185	MAINTENANCE OF PROTEIN LOCATION%GOBP%GO:0045185		48	-0.26905954	-0.9786642	0.5219298	1.0	1.0	1999	tags=13%, list=8%, signal=14%	
ATF-2 TRANSCRIPTION FACTOR NETWORK%PATHWAY INTERACTION DATABASE NCI-NATURE CURATED DATA%ATF-2 TRANSCRIPTION FACTOR NETWORK	ATF-2 TRANSCRIPTION FACTOR NETWORK%PATHWAY INTERACTION DATABASE NCI-NATURE CURATED DATA%ATF-2 TRANSCRIPTION FACTOR NETWORK		59	-0.26345402	-0.9777832	0.4787234	1.0	1.0	4682	tags=31%, list=19%, signal=38%	
ENDOCHONDRAL OSSIFICATION%WIKIPATHWAYS_20260211%WP474%HOMO SAPIENS	ENDOCHONDRAL OSSIFICATION%WIKIPATHWAYS_20260211%WP474%HOMO SAPIENS		52	-0.2628197	-0.9774137	0.4878049	1.0	1.0	1409	tags=12%, list=6%, signal=12%	
HOMOCYSTINURIA-MEGALOBLASTIC ANEMIA DUE TO DEFECT IN COBALAMIN METABOLISM, CBLG COMPLEMENTATION TYPE%SMPDB%SMP0000570	HOMOCYSTINURIA-MEGALOBLASTIC ANEMIA DUE TO DEFECT IN COBALAMIN METABOLISM, CBLG COMPLEMENTATION TYPE%SMPDB%SMP0000570		16	-0.36551157	-0.9768034	0.45192307	1.0	1.0	1600	tags=25%, list=7%, signal=27%	
MTOR SIGNALING PATHWAY%PATHWAY INTERACTION DATABASE NCI-NATURE CURATED DATA%MTOR SIGNALING PATHWAY	MTOR SIGNALING PATHWAY%PATHWAY INTERACTION DATABASE NCI-NATURE CURATED DATA%MTOR SIGNALING PATHWAY		66	-0.25190675	-0.9767535	0.5	1.0	1.0	5109	tags=32%, list=21%, signal=40%	
ACTIVATION OF BAD AND TRANSLOCATION TO MITOCHONDRIA%REACTOME DATABASE ID RELEASE 95%111447	ACTIVATION OF BAD AND TRANSLOCATION TO MITOCHONDRIA%REACTOME DATABASE ID RELEASE 95%111447		15	-0.36722973	-0.9764051	0.4385382	1.0	1.0	899	tags=13%, list=4%, signal=14%	
INTERLEUKIN-4 AND INTERLEUKIN-13 SIGNALING%REACTOME DATABASE ID RELEASE 95%6785807	INTERLEUKIN-4 AND INTERLEUKIN-13 SIGNALING%REACTOME DATABASE ID RELEASE 95%6785807		111	-0.23863065	-0.97616106	0.5138889	1.0	1.0	1551	tags=11%, list=6%, signal=11%	
NUCLEOTIDE-SUGAR METABOLIC PROCESS%GOBP%GO:0009225	NUCLEOTIDE-SUGAR METABOLIC PROCESS%GOBP%GO:0009225		35	-0.28320196	-0.9759359	0.5131086	1.0	1.0	1867	tags=14%, list=8%, signal=15%	
MICROTUBULE DEPOLYMERIZATION%GOBP%GO:0007019	MICROTUBULE DEPOLYMERIZATION%GOBP%GO:0007019		17	-0.34293166	-0.9758034	0.45302013	1.0	1.0	3590	tags=18%, list=15%, signal=21%	
PID_HEDGEHOG_GLI_PATHWAY%MSIGDB_C2%PID_HEDGEHOG_GLI_PATHWAY	PID_HEDGEHOG_GLI_PATHWAY%MSIGDB_C2%PID_HEDGEHOG_GLI_PATHWAY		37	-0.28621536	-0.97548586	0.472	1.0	1.0	1956	tags=14%, list=8%, signal=15%	
IL3 SIGNALING%WIKIPATHWAYS_20260211%WP286%HOMO SAPIENS	IL3 SIGNALING%WIKIPATHWAYS_20260211%WP286%HOMO SAPIENS		42	-0.2740243	-0.974607	0.49159664	1.0	1.0	2760	tags=24%, list=11%, signal=27%	
SUPERPATHWAY OF PURINE NUCLEOTIDE SALVAGE%BIOCYC%PWY66-409	SUPERPATHWAY OF PURINE NUCLEOTIDE SALVAGE%BIOCYC%PWY66-409		29	-0.30062813	-0.9742635	0.5019763	1.0	1.0	2377	tags=21%, list=10%, signal=23%	
SENSORY PROCESSING OF SOUND BY OUTER HAIR CELLS OF THE COCHLEA%REACTOME DATABASE ID RELEASE 95%9662361	SENSORY PROCESSING OF SOUND BY OUTER HAIR CELLS OF THE COCHLEA%REACTOME DATABASE ID RELEASE 95%9662361		51	-0.27201548	-0.97407883	0.46638656	1.0	1.0	2524	tags=18%, list=10%, signal=20%	
SIGNALING BY NOTCH2%REACTOME%R-HSA-1980145.4	SIGNALING BY NOTCH2%REACTOME%R-HSA-1980145.4		35	-0.2907798	-0.97372067	0.5102041	1.0	1.0	3792	tags=26%, list=15%, signal=30%	
REGULATION OF KIDNEY DEVELOPMENT%GOBP%GO:0090183	REGULATION OF KIDNEY DEVELOPMENT%GOBP%GO:0090183		25	-0.30546468	-0.9733785	0.5229682	1.0	1.0	1294	tags=12%, list=5%, signal=13%	
NEGATIVE REGULATION OF BIOMINERAL TISSUE DEVELOPMENT%GOBP%GO:0070168	NEGATIVE REGULATION OF BIOMINERAL TISSUE DEVELOPMENT%GOBP%GO:0070168		25	-0.31246677	-0.9733164	0.5017544	1.0	1.0	3854	tags=32%, list=16%, signal=38%	
VALIDATED TRANSCRIPTIONAL TARGETS OF DELTANP63 ISOFORMS%PATHWAY INTERACTION DATABASE NCI-NATURE CURATED DATA%VALIDATED TRANSCRIPTIONAL TARGETS OF DELTANP63 ISOFORMS	VALIDATED TRANSCRIPTIONAL TARGETS OF DELTANP63 ISOFORMS%PATHWAY INTERACTION DATABASE NCI-NATURE CURATED DATA%VALIDATED TRANSCRIPTIONAL TARGETS OF DELTANP63 ISOFORMS		47	-0.2715938	-0.97294104	0.4642857	1.0	1.0	36	tags=4%, list=0%, signal=4%	
POSITIVE REGULATION OF UBIQUITIN-DEPENDENT PROTEIN CATABOLIC PROCESS%GOBP%GO:2000060	POSITIVE REGULATION OF UBIQUITIN-DEPENDENT PROTEIN CATABOLIC PROCESS%GOBP%GO:2000060		91	-0.24210791	-0.9728988	0.5540541	1.0	1.0	1950	tags=13%, list=8%, signal=14%	
MAINTENANCE OF LOCATION IN CELL%GOBP%GO:0051651	MAINTENANCE OF LOCATION IN CELL%GOBP%GO:0051651		57	-0.2624811	-0.97257155	0.5095238	1.0	1.0	1999	tags=12%, list=8%, signal=13%	
GLYCOSAMINOGLYCAN METABOLISM%REACTOME DATABASE ID RELEASE 95%1630316	GLYCOSAMINOGLYCAN METABOLISM%REACTOME DATABASE ID RELEASE 95%1630316		133	-0.22545774	-0.9724749	0.5533981	1.0	1.0	1980	tags=12%, list=8%, signal=13%	
DEPOSITION OF NEW CENPA-CONTAINING NUCLEOSOMES AT THE CENTROMERE%REACTOME DATABASE ID RELEASE 95%606279	DEPOSITION OF NEW CENPA-CONTAINING NUCLEOSOMES AT THE CENTROMERE%REACTOME DATABASE ID RELEASE 95%606279		52	-0.2662257	-0.97205055	0.5340314	1.0	1.0	1889	tags=13%, list=8%, signal=15%	
GLUCAGON-TYPE LIGAND RECEPTORS%REACTOME DATABASE ID RELEASE 95%420092	GLUCAGON-TYPE LIGAND RECEPTORS%REACTOME DATABASE ID RELEASE 95%420092		33	-0.2970613	-0.9719598	0.50537634	1.0	1.0	3899	tags=27%, list=16%, signal=32%	
MODIFIED AMINO ACID CATABOLIC PROCESS%GOBP%GO:0042219	MODIFIED AMINO ACID CATABOLIC PROCESS%GOBP%GO:0042219		26	-0.31099275	-0.97194594	0.47297296	1.0	1.0	1195	tags=15%, list=5%, signal=16%	
GLUCOCORTICOID RECEPTOR PATHWAY%WIKIPATHWAYS_20260211%WP2880%HOMO SAPIENS	GLUCOCORTICOID RECEPTOR PATHWAY%WIKIPATHWAYS_20260211%WP2880%HOMO SAPIENS		60	-0.25841904	-0.9716116	0.49514562	1.0	1.0	2072	tags=17%, list=8%, signal=18%	
CLASS B 2 (SECRETIN FAMILY RECEPTORS)%REACTOME%R-HSA-373080.4	CLASS B 2 (SECRETIN FAMILY RECEPTORS)%REACTOME%R-HSA-373080.4		93	-0.2398416	-0.9714735	0.5033557	1.0	1.0	3951	tags=26%, list=16%, signal=31%	
1P36 COPY NUMBER VARIATION SYNDROME%WIKIPATHWAYS_20260211%WP5345%HOMO SAPIENS	1P36 COPY NUMBER VARIATION SYNDROME%WIKIPATHWAYS_20260211%WP5345%HOMO SAPIENS		87	-0.24284148	-0.9714249	0.5316456	1.0	1.0	5472	tags=33%, list=22%, signal=43%	
SWITCHING OF ORIGINS TO A POST-REPLICATIVE STATE%REACTOME%R-HSA-69052.6	SWITCHING OF ORIGINS TO A POST-REPLICATIVE STATE%REACTOME%R-HSA-69052.6		79	-0.24630171	-0.97100663	0.58125	1.0	1.0	4690	tags=34%, list=19%, signal=42%	
POSITIVE REGULATION OF RESPONSE TO ENDOPLASMIC RETICULUM STRESS%GOBP%GO:1905898	POSITIVE REGULATION OF RESPONSE TO ENDOPLASMIC RETICULUM STRESS%GOBP%GO:1905898		35	-0.29110125	-0.9708491	0.48	1.0	1.0	5002	tags=31%, list=20%, signal=39%	
REGULATION OF TISSUE REMODELING%GOBP%GO:0034103	REGULATION OF TISSUE REMODELING%GOBP%GO:0034103		62	-0.26303384	-0.9707218	0.5104167	1.0	1.0	4193	tags=26%, list=17%, signal=31%	
LIPOPOLYSACCHARIDE-MEDIATED SIGNALING PATHWAY%GOBP%GO:0031663	LIPOPOLYSACCHARIDE-MEDIATED SIGNALING PATHWAY%GOBP%GO:0031663		19	-0.33692655	-0.9698047	0.48909658	1.0	1.0	923	tags=16%, list=4%, signal=16%	
POSITIVE REGULATION OF PROTEASOMAL PROTEIN CATABOLIC PROCESS%GOBP%GO:1901800	POSITIVE REGULATION OF PROTEASOMAL PROTEIN CATABOLIC PROCESS%GOBP%GO:1901800		103	-0.23504326	-0.9696108	0.52866244	1.0	1.0	2622	tags=13%, list=11%, signal=14%	
B CELL PROLIFERATION%GOBP%GO:0042100	B CELL PROLIFERATION%GOBP%GO:0042100		20	-0.33728737	-0.9693006	0.49832776	1.0	1.0	2021	tags=15%, list=8%, signal=16%	
RHOBTB1 GTPASE CYCLE%REACTOME%R-HSA-9013422.4	RHOBTB1 GTPASE CYCLE%REACTOME%R-HSA-9013422.4		23	-0.31221566	-0.9689151	0.46180555	1.0	1.0	5640	tags=52%, list=23%, signal=68%	
G2 M TRANSITION%REACTOME%R-HSA-69275.7	G2 M TRANSITION%REACTOME%R-HSA-69275.7		173	-0.22342521	-0.96822697	0.56962025	1.0	1.0	4821	tags=28%, list=20%, signal=34%	
BIOCARTA_IL6_PATHWAY%MSIGDB_C2%BIOCARTA_IL6_PATHWAY	BIOCARTA_IL6_PATHWAY%MSIGDB_C2%BIOCARTA_IL6_PATHWAY		18	-0.3421148	-0.9682057	0.49484536	1.0	1.0	1334	tags=17%, list=5%, signal=18%	
TGF BETA RECEPTOR SIGNALING IN SKELETAL DYSPLASIAS%WIKIPATHWAYS_20260211%WP4816%HOMO SAPIENS	TGF BETA RECEPTOR SIGNALING IN SKELETAL DYSPLASIAS%WIKIPATHWAYS_20260211%WP4816%HOMO SAPIENS		51	-0.26888144	-0.9676314	0.51704544	1.0	1.0	3712	tags=22%, list=15%, signal=25%	
PHOSPHATE ION TRANSPORT%GOBP%GO:0006817	PHOSPHATE ION TRANSPORT%GOBP%GO:0006817		18	-0.34137782	-0.96756476	0.46296296	1.0	1.0	3061	tags=17%, list=12%, signal=19%	
NEGATIVE REGULATION OF SMOOTH MUSCLE CELL PROLIFERATION%GOBP%GO:0048662	NEGATIVE REGULATION OF SMOOTH MUSCLE CELL PROLIFERATION%GOBP%GO:0048662		36	-0.28638545	-0.9675444	0.52136755	1.0	1.0	2737	tags=17%, list=11%, signal=19%	
POSITIVE REGULATION OF ERBB SIGNALING PATHWAY%GOBP%GO:1901186	POSITIVE REGULATION OF ERBB SIGNALING PATHWAY%GOBP%GO:1901186		30	-0.29857838	-0.9671589	0.5	1.0	1.0	2922	tags=23%, list=12%, signal=26%	
MATURATION OF SSU-RRNA FROM TRICISTRONIC RRNA TRANSCRIPT (SSU-RRNA, 5.8S RRNA, LSU-RRNA)%GOBP%GO:0000462	MATURATION OF SSU-RRNA FROM TRICISTRONIC RRNA TRANSCRIPT (SSU-RRNA, 5.8S RRNA, LSU-RRNA)%GOBP%GO:0000462		28	-0.30559927	-0.9671574	0.48958334	1.0	1.0	5381	tags=43%, list=22%, signal=55%	
DISEASES OF PROGRAMMED CELL DEATH%REACTOME%R-HSA-9645723.8	DISEASES OF PROGRAMMED CELL DEATH%REACTOME%R-HSA-9645723.8		70	-0.25434324	-0.9668182	0.52380955	1.0	1.0	2424	tags=17%, list=10%, signal=19%	
NUCLEOSOME ASSEMBLY%REACTOME DATABASE ID RELEASE 95%774815	NUCLEOSOME ASSEMBLY%REACTOME DATABASE ID RELEASE 95%774815		52	-0.2662257	-0.96655387	0.4977169	1.0	1.0	1889	tags=13%, list=8%, signal=15%	
REGULATION OF MYELINATION%GOBP%GO:0031641	REGULATION OF MYELINATION%GOBP%GO:0031641		27	-0.296929	-0.96621484	0.5244755	1.0	1.0	1938	tags=22%, list=8%, signal=24%	
MAP KINASE ACTIVATION%REACTOME%R-HSA-450294.5	MAP KINASE ACTIVATION%REACTOME%R-HSA-450294.5		62	-0.257204	-0.96571845	0.50555557	1.0	1.0	1334	tags=13%, list=5%, signal=14%	
ERBB1 DOWNSTREAM SIGNALING%PATHWAY INTERACTION DATABASE NCI-NATURE CURATED DATA%ERBB1 DOWNSTREAM SIGNALING	ERBB1 DOWNSTREAM SIGNALING%PATHWAY INTERACTION DATABASE NCI-NATURE CURATED DATA%ERBB1 DOWNSTREAM SIGNALING		103	-0.23529443	-0.96541774	0.5138889	1.0	1.0	3454	tags=21%, list=14%, signal=25%	
PID_BETA_CATENIN_DEG_PATHWAY%MSIGDB_C2%PID_BETA_CATENIN_DEG_PATHWAY	PID_BETA_CATENIN_DEG_PATHWAY%MSIGDB_C2%PID_BETA_CATENIN_DEG_PATHWAY		16	-0.35095406	-0.96532613	0.52797204	1.0	1.0	6118	tags=50%, list=25%, signal=67%	
EAR MORPHOGENESIS%GOBP%GO:0042471	EAR MORPHOGENESIS%GOBP%GO:0042471		46	-0.27288774	-0.9648396	0.5051546	1.0	1.0	2177	tags=13%, list=9%, signal=14%	
RESPONSE TO OXYGEN LEVELS%GOBP%GO:0070482	RESPONSE TO OXYGEN LEVELS%GOBP%GO:0070482		152	-0.22079116	-0.96449876	0.59770113	1.0	1.0	3778	tags=23%, list=15%, signal=27%	
PTEN REGULATION%REACTOME%R-HSA-6807070.4	PTEN REGULATION%REACTOME%R-HSA-6807070.4		125	-0.222426	-0.96445125	0.537037	1.0	1.0	4265	tags=26%, list=17%, signal=31%	
TGF-BETA RECEPTOR SIGNALING IN EMT (EPITHELIAL TO MESENCHYMAL TRANSITION)%REACTOME%R-HSA-2173791.3	TGF-BETA RECEPTOR SIGNALING IN EMT (EPITHELIAL TO MESENCHYMAL TRANSITION)%REACTOME%R-HSA-2173791.3		16	-0.35038662	-0.96389425	0.47750866	1.0	1.0	4512	tags=50%, list=18%, signal=61%	
REGULATION OF MUSCLE CELL APOPTOTIC PROCESS%GOBP%GO:0010660	REGULATION OF MUSCLE CELL APOPTOTIC PROCESS%GOBP%GO:0010660		41	-0.27687073	-0.9629386	0.53333336	1.0	1.0	4098	tags=20%, list=17%, signal=23%	
PID_MYC_ACTIV_PATHWAY%MSIGDB_C2%PID_MYC_ACTIV_PATHWAY	PID_MYC_ACTIV_PATHWAY%MSIGDB_C2%PID_MYC_ACTIV_PATHWAY		65	-0.25021726	-0.9627901	0.4913295	1.0	1.0	4959	tags=37%, list=20%, signal=46%	
DNA MISMATCH REPAIR%WIKIPATHWAYS_20260211%WP531%HOMO SAPIENS	DNA MISMATCH REPAIR%WIKIPATHWAYS_20260211%WP531%HOMO SAPIENS		18	-0.33508098	-0.96260464	0.46289754	1.0	1.0	4010	tags=33%, list=16%, signal=40%	
TGF-BETA SIGNALING PATHWAY%PANTHER PATHWAY%P00052	TGF-BETA SIGNALING PATHWAY%PANTHER PATHWAY%P00052		85	-0.24354476	-0.9614996	0.5902778	1.0	1.0	4184	tags=27%, list=17%, signal=33%	
BIOCARTA_EPO_PATHWAY%MSIGDB_C2%BIOCARTA_EPO_PATHWAY	BIOCARTA_EPO_PATHWAY%MSIGDB_C2%BIOCARTA_EPO_PATHWAY		16	-0.35164136	-0.96074325	0.5045045	1.0	1.0	1334	tags=19%, list=5%, signal=20%	
NEUROTROPHIN SIGNALING PATHWAY%GOBP%GO:0038179	NEUROTROPHIN SIGNALING PATHWAY%GOBP%GO:0038179		18	-0.3453434	-0.9606784	0.49337748	1.0	1.0	3408	tags=28%, list=14%, signal=32%	
DISASSEMBLY OF THE DESTRUCTION COMPLEX AND RECRUITMENT OF AXIN TO THE MEMBRANE%REACTOME%R-HSA-4641262.6	DISASSEMBLY OF THE DESTRUCTION COMPLEX AND RECRUITMENT OF AXIN TO THE MEMBRANE%REACTOME%R-HSA-4641262.6		31	-0.2977074	-0.9603233	0.5037879	1.0	1.0	3951	tags=32%, list=16%, signal=38%	
NEGATIVE REGULATION OF EXTRINSIC APOPTOTIC SIGNALING PATHWAY%GOBP%GO:2001237	NEGATIVE REGULATION OF EXTRINSIC APOPTOTIC SIGNALING PATHWAY%GOBP%GO:2001237		71	-0.2541522	-0.9602036	0.4883721	1.0	1.0	3075	tags=20%, list=13%, signal=22%	
PROTEIN LOCALIZATION TO GOLGI APPARATUS%GOBP%GO:0034067	PROTEIN LOCALIZATION TO GOLGI APPARATUS%GOBP%GO:0034067		31	-0.29252642	-0.9595887	0.49624062	1.0	1.0	3411	tags=26%, list=14%, signal=30%	
PID_IL1_PATHWAY%MSIGDB_C2%PID_IL1_PATHWAY	PID_IL1_PATHWAY%MSIGDB_C2%PID_IL1_PATHWAY		27	-0.30857992	-0.95939773	0.56299216	1.0	1.0	422	tags=11%, list=2%, signal=11%	
HALLMARK_TNFA_SIGNALING_VIA_NFKB%MSIGDBHALLMARK%HALLMARK_TNFA_SIGNALING_VIA_NFKB	HALLMARK_TNFA_SIGNALING_VIA_NFKB%MSIGDBHALLMARK%HALLMARK_TNFA_SIGNALING_VIA_NFKB		169	-0.21944895	-0.9593262	0.64705884	1.0	1.0	4430	tags=21%, list=18%, signal=25%	
DUAL INCISION IN GG-NER%REACTOME%R-HSA-5696400.3	DUAL INCISION IN GG-NER%REACTOME%R-HSA-5696400.3		40	-0.2825513	-0.9586407	0.52360517	1.0	1.0	5676	tags=40%, list=23%, signal=52%	
HEPATITIS B INFECTION%WIKIPATHWAYS_20260211%WP4666%HOMO SAPIENS	HEPATITIS B INFECTION%WIKIPATHWAYS_20260211%WP4666%HOMO SAPIENS		127	-0.22497582	-0.9584833	0.60504204	1.0	1.0	3712	tags=20%, list=15%, signal=23%	
NEGATIVE REGULATION OF BLOOD VESSEL ENDOTHELIAL CELL MIGRATION%GOBP%GO:0043537	NEGATIVE REGULATION OF BLOOD VESSEL ENDOTHELIAL CELL MIGRATION%GOBP%GO:0043537		35	-0.28800607	-0.9582644	0.5606695	1.0	1.0	5479	tags=34%, list=22%, signal=44%	
EMBRYONIC APPENDAGE MORPHOGENESIS%GOBP%GO:0035113	EMBRYONIC APPENDAGE MORPHOGENESIS%GOBP%GO:0035113		37	-0.28321105	-0.95821714	0.5405405	1.0	1.0	3706	tags=27%, list=15%, signal=32%	
CELLULAR RESPONSE TO MOLECULE OF BACTERIAL ORIGIN%GOBP%GO:0071219	CELLULAR RESPONSE TO MOLECULE OF BACTERIAL ORIGIN%GOBP%GO:0071219		133	-0.22649279	-0.95794207	0.6344086	1.0	1.0	2246	tags=14%, list=9%, signal=15%	
TRAF6 MEDIATED INDUCTION OF NFKB AND MAP KINASES UPON TLR7 8 OR 9 ACTIVATION%REACTOME%R-HSA-975138.5	TRAF6 MEDIATED INDUCTION OF NFKB AND MAP KINASES UPON TLR7 8 OR 9 ACTIVATION%REACTOME%R-HSA-975138.5		99	-0.23167731	-0.9576449	0.60402685	1.0	1.0	3794	tags=22%, list=15%, signal=26%	
STRIATED MUSCLE CELL DIFFERENTIATION%GOBP%GO:0051146	STRIATED MUSCLE CELL DIFFERENTIATION%GOBP%GO:0051146		132	-0.22130653	-0.9574413	0.61165047	1.0	1.0	2110	tags=11%, list=9%, signal=12%	
GLYCOSPHINGOLIPID CATABOLISM%REACTOME DATABASE ID RELEASE 95%9840310	GLYCOSPHINGOLIPID CATABOLISM%REACTOME DATABASE ID RELEASE 95%9840310		37	-0.2805983	-0.9574241	0.552	1.0	1.0	1240	tags=14%, list=5%, signal=14%	
PID_INTEGRIN3_PATHWAY%MSIGDB_C2%PID_INTEGRIN3_PATHWAY	PID_INTEGRIN3_PATHWAY%MSIGDB_C2%PID_INTEGRIN3_PATHWAY		35	-0.28585914	-0.95740765	0.5392857	1.0	1.0	981	tags=11%, list=4%, signal=12%	
ARYL HYDROCARBON RECEPTOR PATHWAY%WIKIPATHWAYS_20260211%WP2873%HOMO SAPIENS	ARYL HYDROCARBON RECEPTOR PATHWAY%WIKIPATHWAYS_20260211%WP2873%HOMO SAPIENS		41	-0.28134033	-0.956976	0.50840336	1.0	1.0	1157	tags=10%, list=5%, signal=10%	
SENSORY ORGAN MORPHOGENESIS%GOBP%GO:0090596	SENSORY ORGAN MORPHOGENESIS%GOBP%GO:0090596		129	-0.22049025	-0.95647275	0.6185567	1.0	1.0	2429	tags=14%, list=10%, signal=15%	
REGULATION OF NUCLEOTIDE METABOLIC PROCESS%GOBP%GO:0006140	REGULATION OF NUCLEOTIDE METABOLIC PROCESS%GOBP%GO:0006140		68	-0.24610318	-0.9563802	0.5689655	1.0	1.0	2553	tags=18%, list=10%, signal=20%	
BASIGIN INTERACTIONS%REACTOME DATABASE ID RELEASE 95%210991	BASIGIN INTERACTIONS%REACTOME DATABASE ID RELEASE 95%210991		25	-0.30270633	-0.9563755	0.53231937	1.0	1.0	1702	tags=20%, list=7%, signal=21%	
MITOCHONDRIAL TRANSLATION TERMINATION%REACTOME%R-HSA-5419276.6	MITOCHONDRIAL TRANSLATION TERMINATION%REACTOME%R-HSA-5419276.6		89	-0.23710746	-0.9563734	0.5034965	1.0	1.0	5397	tags=37%, list=22%, signal=47%	
BRAIN DERIVED NEUROTROPHIC FACTOR BDNF SIGNALING%WIKIPATHWAYS_20260211%WP2380%HOMO SAPIENS	BRAIN DERIVED NEUROTROPHIC FACTOR BDNF SIGNALING%WIKIPATHWAYS_20260211%WP2380%HOMO SAPIENS		120	-0.22348063	-0.9562149	0.66412216	1.0	1.0	3175	tags=18%, list=13%, signal=21%	
SIGNALING BY HEDGEHOG%REACTOME DATABASE ID RELEASE 95%5358351	SIGNALING BY HEDGEHOG%REACTOME DATABASE ID RELEASE 95%5358351		122	-0.2213525	-0.95605314	0.5797101	1.0	1.0	4658	tags=30%, list=19%, signal=37%	
ASSEMBLY OF THE PRE-REPLICATIVE COMPLEX%REACTOME DATABASE ID RELEASE 95%68867	ASSEMBLY OF THE PRE-REPLICATIVE COMPLEX%REACTOME DATABASE ID RELEASE 95%68867		100	-0.22991537	-0.9557935	0.5952381	1.0	1.0	4409	tags=28%, list=18%, signal=34%	
ESTABLISHMENT OF MITOCHONDRION LOCALIZATION%GOBP%GO:0051654	ESTABLISHMENT OF MITOCHONDRION LOCALIZATION%GOBP%GO:0051654		26	-0.3042035	-0.9555737	0.51263535	1.0	1.0	3402	tags=38%, list=14%, signal=45%	
MEIOTIC RECOMBINATION%REACTOME DATABASE ID RELEASE 95%912446	MEIOTIC RECOMBINATION%REACTOME DATABASE ID RELEASE 95%912446		56	-0.25887877	-0.95510846	0.5323383	1.0	1.0	1889	tags=14%, list=8%, signal=15%	
AMINO ACID BIOSYNTHETIC PROCESS%GOBP%GO:0008652	AMINO ACID BIOSYNTHETIC PROCESS%GOBP%GO:0008652		46	-0.2703251	-0.9550347	0.58666664	1.0	1.0	3892	tags=30%, list=16%, signal=36%	
MAINTENANCE OF PROTEIN LOCATION IN CELL%GOBP%GO:0032507	MAINTENANCE OF PROTEIN LOCATION IN CELL%GOBP%GO:0032507		48	-0.26905954	-0.9548011	0.5154639	1.0	1.0	1999	tags=13%, list=8%, signal=14%	
PID_ECADHERIN_KERATINOCYTE_PATHWAY%MSIGDB_C2%PID_ECADHERIN_KERATINOCYTE_PATHWAY	PID_ECADHERIN_KERATINOCYTE_PATHWAY%MSIGDB_C2%PID_ECADHERIN_KERATINOCYTE_PATHWAY		17	-0.33603954	-0.9547973	0.4969325	1.0	1.0	2701	tags=24%, list=11%, signal=26%	
EMBRYONIC LIMB MORPHOGENESIS%GOBP%GO:0030326	EMBRYONIC LIMB MORPHOGENESIS%GOBP%GO:0030326		37	-0.28321105	-0.95458496	0.5336323	1.0	1.0	3706	tags=27%, list=15%, signal=32%	
HINDBRAIN MORPHOGENESIS%GOBP%GO:0021575	HINDBRAIN MORPHOGENESIS%GOBP%GO:0021575		18	-0.34820414	-0.9545031	0.5463917	1.0	1.0	4315	tags=44%, list=18%, signal=54%	
ANDROGEN RECEPTOR SIGNALING%WIKIPATHWAYS_20260211%WP138%HOMO SAPIENS	ANDROGEN RECEPTOR SIGNALING%WIKIPATHWAYS_20260211%WP138%HOMO SAPIENS		68	-0.2532424	-0.95447665	0.53092784	1.0	1.0	2659	tags=16%, list=11%, signal=18%	
MYD88 DEPENDENT CASCADE INITIATED ON ENDOSOME%REACTOME%R-HSA-975155.6	MYD88 DEPENDENT CASCADE INITIATED ON ENDOSOME%REACTOME%R-HSA-975155.6		100	-0.22934587	-0.9544048	0.5612903	1.0	1.0	3794	tags=22%, list=15%, signal=26%	
RRNA PROCESSING%GOBP%GO:0006364	RRNA PROCESSING%GOBP%GO:0006364		180	-0.21568964	-0.9541542	0.6	1.0	1.0	4545	tags=28%, list=19%, signal=35%	
ACTIN FILAMENT SEVERING%GOBP%GO:0051014	ACTIN FILAMENT SEVERING%GOBP%GO:0051014		15	-0.3444451	-0.95414525	0.50755286	1.0	1.0	2068	tags=20%, list=8%, signal=22%	
NEURON MIGRATION%GOBP%GO:0001764	NEURON MIGRATION%GOBP%GO:0001764		67	-0.25401375	-0.95387745	0.5123457	1.0	1.0	2988	tags=18%, list=12%, signal=20%	
RESPONSE TO TYPE I INTERFERON%GOBP%GO:0034340	RESPONSE TO TYPE I INTERFERON%GOBP%GO:0034340		86	-0.23702821	-0.95367295	0.60365856	1.0	1.0	4658	tags=28%, list=19%, signal=34%	
POSITIVE REGULATION OF MIRNA TRANSCRIPTION%GOBP%GO:1902895	POSITIVE REGULATION OF MIRNA TRANSCRIPTION%GOBP%GO:1902895		48	-0.26553273	-0.95135254	0.5656109	1.0	1.0	2802	tags=21%, list=11%, signal=23%	
REGULATION OF VASCULAR ENDOTHELIAL GROWTH FACTOR SIGNALING PATHWAY%GOBP%GO:1900746	REGULATION OF VASCULAR ENDOTHELIAL GROWTH FACTOR SIGNALING PATHWAY%GOBP%GO:1900746		28	-0.29773572	-0.9512139	0.53535354	1.0	1.0	4102	tags=21%, list=17%, signal=26%	
G1 S DNA DAMAGE CHECKPOINTS%REACTOME DATABASE ID RELEASE 95%69615	G1 S DNA DAMAGE CHECKPOINTS%REACTOME DATABASE ID RELEASE 95%69615		67	-0.24884754	-0.9510891	0.5522388	1.0	1.0	4658	tags=31%, list=19%, signal=39%	
RESPONSE OF MTB TO PHAGOCYTOSIS%REACTOME%R-HSA-9637690.3	RESPONSE OF MTB TO PHAGOCYTOSIS%REACTOME%R-HSA-9637690.3		23	-0.31225312	-0.9506463	0.55518395	1.0	1.0	752	tags=13%, list=3%, signal=13%	
NUCLEAR MIGRATION%GOBP%GO:0007097	NUCLEAR MIGRATION%GOBP%GO:0007097		21	-0.31920898	-0.95019984	0.51449275	1.0	1.0	2343	tags=14%, list=10%, signal=16%	
XENOBIOTIC TRANSPORT%GOBP%GO:0042908	XENOBIOTIC TRANSPORT%GOBP%GO:0042908		35	-0.28549987	-0.9497284	0.55893534	1.0	1.0	2381	tags=20%, list=10%, signal=22%	
NRIF SIGNALS CELL DEATH FROM THE NUCLEUS%REACTOME%R-HSA-205043.3	NRIF SIGNALS CELL DEATH FROM THE NUCLEUS%REACTOME%R-HSA-205043.3		16	-0.3440081	-0.9496338	0.5392491	1.0	1.0	1289	tags=19%, list=5%, signal=20%	
REGULATION OF NOTCH SIGNALING PATHWAY%GOBP%GO:0008593	REGULATION OF NOTCH SIGNALING PATHWAY%GOBP%GO:0008593		77	-0.23771743	-0.94959813	0.62068963	1.0	1.0	2400	tags=14%, list=10%, signal=16%	
CELLULAR RESPONSE TO BIOTIC STIMULUS%GOBP%GO:0071216	CELLULAR RESPONSE TO BIOTIC STIMULUS%GOBP%GO:0071216		153	-0.21562915	-0.94956	0.64761907	1.0	1.0	2246	tags=14%, list=9%, signal=15%	
MITOCHONDRIAL TRNA PROCESSING%GOBP%GO:0090646	MITOCHONDRIAL TRNA PROCESSING%GOBP%GO:0090646		17	-0.33720225	-0.94954747	0.509434	1.0	1.0	1892	tags=18%, list=8%, signal=19%	
ENDOCHONDRAL OSSIFICATION WITH SKELETAL DYSPLASIAS%WIKIPATHWAYS_20260211%WP4808%HOMO SAPIENS	ENDOCHONDRAL OSSIFICATION WITH SKELETAL DYSPLASIAS%WIKIPATHWAYS_20260211%WP4808%HOMO SAPIENS		52	-0.2628197	-0.94896203	0.55364805	1.0	1.0	1409	tags=12%, list=6%, signal=12%	
FOXO FAMILY SIGNALING%PATHWAY INTERACTION DATABASE NCI-NATURE CURATED DATA%FOXO FAMILY SIGNALING	FOXO FAMILY SIGNALING%PATHWAY INTERACTION DATABASE NCI-NATURE CURATED DATA%FOXO FAMILY SIGNALING		48	-0.26308632	-0.9487256	0.559633	1.0	1.0	2363	tags=19%, list=10%, signal=21%	
SENSORY PERCEPTION OF SOUND%GOBP%GO:0007605	SENSORY PERCEPTION OF SOUND%GOBP%GO:0007605		112	-0.22568753	-0.94867593	0.6277372	1.0	1.0	2486	tags=14%, list=10%, signal=16%	
RHO PROTEIN SIGNAL TRANSDUCTION%GOBP%GO:0007266	RHO PROTEIN SIGNAL TRANSDUCTION%GOBP%GO:0007266		59	-0.25631863	-0.94860303	0.5897436	1.0	1.0	2659	tags=15%, list=11%, signal=17%	
HS-GAG DEGRADATION%REACTOME DATABASE ID RELEASE 95%2024096	HS-GAG DEGRADATION%REACTOME DATABASE ID RELEASE 95%2024096		19	-0.33569604	-0.9483297	0.53650796	1.0	1.0	17	tags=5%, list=0%, signal=5%	
GTP METABOLIC PROCESS%GOBP%GO:0046039	GTP METABOLIC PROCESS%GOBP%GO:0046039		16	-0.34792373	-0.9480474	0.50328946	1.0	1.0	2377	tags=38%, list=10%, signal=42%	
TRANSLESION SYNTHESIS BY Y FAMILY DNA POLYMERASES BYPASSES LESIONS ON DNA TEMPLATE%REACTOME DATABASE ID RELEASE 95%110313	TRANSLESION SYNTHESIS BY Y FAMILY DNA POLYMERASES BYPASSES LESIONS ON DNA TEMPLATE%REACTOME DATABASE ID RELEASE 95%110313		38	-0.27456826	-0.9478596	0.5121951	1.0	1.0	4407	tags=29%, list=18%, signal=35%	
O-LINKED GLYCOSYLATION OF MUCINS%REACTOME DATABASE ID RELEASE 95%913709	O-LINKED GLYCOSYLATION OF MUCINS%REACTOME DATABASE ID RELEASE 95%913709		63	-0.25589463	-0.9475203	0.6242775	1.0	1.0	1208	tags=11%, list=5%, signal=12%	
POSITIVE REGULATION OF INTRACELLULAR TRANSPORT%GOBP%GO:0032388	POSITIVE REGULATION OF INTRACELLULAR TRANSPORT%GOBP%GO:0032388		130	-0.2201486	-0.94698936	0.66129035	1.0	1.0	2929	tags=15%, list=12%, signal=17%	
REGULATION OF CARBOHYDRATE CATABOLIC PROCESS%GOBP%GO:0043470	REGULATION OF CARBOHYDRATE CATABOLIC PROCESS%GOBP%GO:0043470		50	-0.26639724	-0.9465637	0.58506227	1.0	1.0	2491	tags=16%, list=10%, signal=18%	
SPLICEOSOMAL COMPLEX ASSEMBLY%GOBP%GO:0000245	SPLICEOSOMAL COMPLEX ASSEMBLY%GOBP%GO:0000245		75	-0.23881091	-0.94652796	0.5638298	1.0	1.0	2858	tags=20%, list=12%, signal=23%	
NEGATIVE EPIGENETIC REGULATION OF RRNA EXPRESSION%REACTOME DATABASE ID RELEASE 95%5250941	NEGATIVE EPIGENETIC REGULATION OF RRNA EXPRESSION%REACTOME DATABASE ID RELEASE 95%5250941		76	-0.24300604	-0.94571173	0.5923567	1.0	1.0	4414	tags=26%, list=18%, signal=32%	
SEROTONIN NEUROTRANSMITTER RELEASE CYCLE%REACTOME DATABASE ID RELEASE 95%181429	SEROTONIN NEUROTRANSMITTER RELEASE CYCLE%REACTOME DATABASE ID RELEASE 95%181429		17	-0.3419275	-0.9450475	0.5367412	1.0	1.0	3031	tags=29%, list=12%, signal=34%	
POSITIVE REGULATION OF PROTEIN SECRETION%GOBP%GO:0050714	POSITIVE REGULATION OF PROTEIN SECRETION%GOBP%GO:0050714		95	-0.23745802	-0.9448456	0.65	1.0	1.0	2802	tags=17%, list=11%, signal=19%	
APOPTOSIS%REACTOME DATABASE ID RELEASE 95%109581	APOPTOSIS%REACTOME DATABASE ID RELEASE 95%109581		163	-0.20619552	-0.943982	0.6511628	1.0	1.0	2925	tags=18%, list=12%, signal=20%	
NEGATIVE REGULATION OF OSTEOBLAST DIFFERENTIATION%GOBP%GO:0045668	NEGATIVE REGULATION OF OSTEOBLAST DIFFERENTIATION%GOBP%GO:0045668		36	-0.27873105	-0.9436412	0.5228216	1.0	1.0	1488	tags=11%, list=6%, signal=12%	
REGULATION OF TELOMERASE%PATHWAY INTERACTION DATABASE NCI-NATURE CURATED DATA%REGULATION OF TELOMERASE	REGULATION OF TELOMERASE%PATHWAY INTERACTION DATABASE NCI-NATURE CURATED DATA%REGULATION OF TELOMERASE		68	-0.24386363	-0.9435133	0.59375	1.0	1.0	1819	tags=10%, list=7%, signal=11%	
NEGATIVE REGULATION OF MRNA METABOLIC PROCESS%GOBP%GO:1903312	NEGATIVE REGULATION OF MRNA METABOLIC PROCESS%GOBP%GO:1903312		104	-0.22976524	-0.94348437	0.6052632	1.0	1.0	3909	tags=26%, list=16%, signal=31%	
SYNAPTIC SIGNALING ASSOCIATED WITH AUTISM SPECTRUM DISORDER%WIKIPATHWAYS_20260211%WP4539%HOMO SAPIENS	SYNAPTIC SIGNALING ASSOCIATED WITH AUTISM SPECTRUM DISORDER%WIKIPATHWAYS_20260211%WP4539%HOMO SAPIENS		42	-0.27415866	-0.9434255	0.54474705	1.0	1.0	2687	tags=19%, list=11%, signal=21%	
REGULATION OF STRIATED MUSCLE CELL APOPTOTIC PROCESS%GOBP%GO:0010662	REGULATION OF STRIATED MUSCLE CELL APOPTOTIC PROCESS%GOBP%GO:0010662		15	-0.34909946	-0.94337755	0.52866244	1.0	1.0	16	tags=7%, list=0%, signal=7%	
PID_RAC1_PATHWAY%MSIGDB_C2%PID_RAC1_PATHWAY	PID_RAC1_PATHWAY%MSIGDB_C2%PID_RAC1_PATHWAY		42	-0.27422595	-0.9421164	0.5726496	1.0	1.0	4758	tags=31%, list=19%, signal=38%	
CELLULAR RESPONSE TO VASCULAR ENDOTHELIAL GROWTH FACTOR STIMULUS%GOBP%GO:0035924	CELLULAR RESPONSE TO VASCULAR ENDOTHELIAL GROWTH FACTOR STIMULUS%GOBP%GO:0035924		39	-0.26771355	-0.94196314	0.55918366	1.0	1.0	1677	tags=13%, list=7%, signal=14%	
TOLL LIKE RECEPTOR 7 8 (TLR7 8) CASCADE%REACTOME%R-HSA-168181.9	TOLL LIKE RECEPTOR 7 8 (TLR7 8) CASCADE%REACTOME%R-HSA-168181.9		104	-0.22438098	-0.94191074	0.60305345	1.0	1.0	3794	tags=21%, list=15%, signal=25%	
MATURE B CELL DIFFERENTIATION%GOBP%GO:0002335	MATURE B CELL DIFFERENTIATION%GOBP%GO:0002335		16	-0.3409439	-0.9418794	0.5537975	1.0	1.0	4856	tags=50%, list=20%, signal=62%	
REGULATION OF MIRNA TRANSCRIPTION%GOBP%GO:1902893	REGULATION OF MIRNA TRANSCRIPTION%GOBP%GO:1902893		65	-0.2460542	-0.9416447	0.59358287	1.0	1.0	3195	tags=23%, list=13%, signal=26%	
MITOCHONDRIAL TRANSLATION INITIATION%REACTOME%R-HSA-5368286.3	MITOCHONDRIAL TRANSLATION INITIATION%REACTOME%R-HSA-5368286.3		88	-0.23430066	-0.9405867	0.5633803	1.0	1.0	5397	tags=38%, list=22%, signal=48%	
PROTEIN DEGLYCOSYLATION%GOBP%GO:0006517	PROTEIN DEGLYCOSYLATION%GOBP%GO:0006517		17	-0.33189815	-0.94005686	0.53125	1.0	1.0	4762	tags=41%, list=19%, signal=51%	
BONE DEVELOPMENT%GOBP%GO:0060348	BONE DEVELOPMENT%GOBP%GO:0060348		91	-0.23124345	-0.9397969	0.64444447	1.0	1.0	1980	tags=12%, list=8%, signal=13%	
REGULATION OF MICROTUBULE NUCLEATION%GOBP%GO:0010968	REGULATION OF MICROTUBULE NUCLEATION%GOBP%GO:0010968		18	-0.32755283	-0.939663	0.5395189	1.0	1.0	1286	tags=11%, list=5%, signal=12%	
PID_NOTCH_PATHWAY%MSIGDB_C2%PID_NOTCH_PATHWAY	PID_NOTCH_PATHWAY%MSIGDB_C2%PID_NOTCH_PATHWAY		45	-0.26492754	-0.93965626	0.5681818	1.0	1.0	1573	tags=11%, list=6%, signal=12%	
INTERMEMBRANE LIPID TRANSFER%GOBP%GO:0120009	INTERMEMBRANE LIPID TRANSFER%GOBP%GO:0120009		15	-0.34772092	-0.939357	0.53770494	1.0	1.0	3759	tags=27%, list=15%, signal=31%	
FOXO-MEDIATED TRANSCRIPTION%REACTOME%R-HSA-9614085.3	FOXO-MEDIATED TRANSCRIPTION%REACTOME%R-HSA-9614085.3		65	-0.24584134	-0.9381523	0.63366336	1.0	1.0	2737	tags=17%, list=11%, signal=19%	
PID_ATR_PATHWAY%MSIGDB_C2%PID_ATR_PATHWAY	PID_ATR_PATHWAY%MSIGDB_C2%PID_ATR_PATHWAY		32	-0.2926516	-0.9380312	0.54316545	1.0	1.0	4594	tags=31%, list=19%, signal=38%	
TOLL LIKE RECEPTOR SIGNALING RELATED TO MYD88%WIKIPATHWAYS_20260211%WP3858%HOMO SAPIENS	TOLL LIKE RECEPTOR SIGNALING RELATED TO MYD88%WIKIPATHWAYS_20260211%WP3858%HOMO SAPIENS		28	-0.29502434	-0.93794274	0.58208954	1.0	1.0	622	tags=11%, list=3%, signal=11%	
SUCCINIC SEMIALDEHYDE DEHYDROGENASE DEFICIENCY%SMPDB%SMP0000567	SUCCINIC SEMIALDEHYDE DEHYDROGENASE DEFICIENCY%SMPDB%SMP0000567		21	-0.30999961	-0.93696153	0.54681647	1.0	1.0	476	tags=10%, list=2%, signal=10%	
MYD88-INDEPENDENT TLR4 CASCADE%REACTOME DATABASE ID RELEASE 95%166166	MYD88-INDEPENDENT TLR4 CASCADE%REACTOME DATABASE ID RELEASE 95%166166		106	-0.2266335	-0.9362901	0.63709676	1.0	1.0	3794	tags=21%, list=15%, signal=24%	
FOREBRAIN GENERATION OF NEURONS%GOBP%GO:0021872	FOREBRAIN GENERATION OF NEURONS%GOBP%GO:0021872		32	-0.28416875	-0.9359173	0.604	1.0	1.0	3108	tags=22%, list=13%, signal=25%	
POSITIVE REGULATION OF NOTCH SIGNALING PATHWAY%GOBP%GO:0045747	POSITIVE REGULATION OF NOTCH SIGNALING PATHWAY%GOBP%GO:0045747		34	-0.27734065	-0.9342476	0.57246375	1.0	1.0	3108	tags=21%, list=13%, signal=24%	
REGULATION OF D-GLUCOSE TRANSMEMBRANE TRANSPORT%GOBP%GO:0010827	REGULATION OF D-GLUCOSE TRANSMEMBRANE TRANSPORT%GOBP%GO:0010827		52	-0.25086823	-0.9339673	0.5873786	1.0	1.0	3796	tags=21%, list=15%, signal=25%	
TISSUE HOMEOSTASIS%GOBP%GO:0001894	TISSUE HOMEOSTASIS%GOBP%GO:0001894		136	-0.21844146	-0.9334501	0.73275864	1.0	1.0	1769	tags=12%, list=7%, signal=13%	
HYPERINSULINISM-HYPERAMMONEMIA SYNDROME%PATHWHIZ%PW000072	HYPERINSULINISM-HYPERAMMONEMIA SYNDROME%PATHWHIZ%PW000072		21	-0.30999961	-0.9333877	0.5631769	1.0	1.0	476	tags=10%, list=2%, signal=10%	
ANATOMICAL STRUCTURE HOMEOSTASIS%GOBP%GO:0060249	ANATOMICAL STRUCTURE HOMEOSTASIS%GOBP%GO:0060249		136	-0.21844146	-0.9333721	0.63366336	1.0	1.0	1769	tags=12%, list=7%, signal=13%	
PURINERGIC SIGNALING IN LEISHMANIASIS INFECTION%REACTOME DATABASE ID RELEASE 95%9660826	PURINERGIC SIGNALING IN LEISHMANIASIS INFECTION%REACTOME DATABASE ID RELEASE 95%9660826		25	-0.29911986	-0.93307614	0.5979021	1.0	1.0	2118	tags=16%, list=9%, signal=17%	
REGULATION OF PURINE NUCLEOTIDE METABOLIC PROCESS%GOBP%GO:1900542	REGULATION OF PURINE NUCLEOTIDE METABOLIC PROCESS%GOBP%GO:1900542		68	-0.24610318	-0.93275607	0.6386139	1.0	1.0	2553	tags=18%, list=10%, signal=20%	
MAP3K1 ROLE IN PROMOTING AND BLOCKING GONADAL DETERMINATION%WIKIPATHWAYS_20260211%WP4872%HOMO SAPIENS	MAP3K1 ROLE IN PROMOTING AND BLOCKING GONADAL DETERMINATION%WIKIPATHWAYS_20260211%WP4872%HOMO SAPIENS		15	-0.34751138	-0.9323869	0.54746836	1.0	1.0	1968	tags=20%, list=8%, signal=22%	
BETA5 BETA6 BETA7 AND BETA8 INTEGRIN CELL SURFACE INTERACTIONS%PATHWAY INTERACTION DATABASE NCI-NATURE CURATED DATA%BETA5 BETA6 BETA7 AND BETA8 INTEGRIN CELL SURFACE INTERACTIONS	BETA5 BETA6 BETA7 AND BETA8 INTEGRIN CELL SURFACE INTERACTIONS%PATHWAY INTERACTION DATABASE NCI-NATURE CURATED DATA%BETA5 BETA6 BETA7 AND BETA8 INTEGRIN CELL SURFACE INTERACTIONS		17	-0.34059927	-0.9323634	0.56565654	1.0	1.0	17	tags=6%, list=0%, signal=6%	
PID_PRL_SIGNALING_EVENTS_PATHWAY%MSIGDB_C2%PID_PRL_SIGNALING_EVENTS_PATHWAY	PID_PRL_SIGNALING_EVENTS_PATHWAY%MSIGDB_C2%PID_PRL_SIGNALING_EVENTS_PATHWAY		19	-0.32423475	-0.93214303	0.56164384	1.0	1.0	2737	tags=16%, list=11%, signal=18%	
SYNTHESIS OF PROSTAGLANDINS (PG) AND THROMBOXANES (TX)%REACTOME DATABASE ID RELEASE 95%2162123	SYNTHESIS OF PROSTAGLANDINS (PG) AND THROMBOXANES (TX)%REACTOME DATABASE ID RELEASE 95%2162123		15	-0.33712214	-0.9317915	0.55172414	1.0	1.0	2142	tags=13%, list=9%, signal=15%	
IL12 SIGNALING MEDIATED BY STAT4%PATHWAY INTERACTION DATABASE NCI-NATURE CURATED DATA%IL12 SIGNALING MEDIATED BY STAT4	IL12 SIGNALING MEDIATED BY STAT4%PATHWAY INTERACTION DATABASE NCI-NATURE CURATED DATA%IL12 SIGNALING MEDIATED BY STAT4		30	-0.29217368	-0.9316752	0.55263156	1.0	1.0	1850	tags=17%, list=8%, signal=18%	
POSITIVE REGULATION OF EXOSOMAL SECRETION%GOBP%GO:1903543	POSITIVE REGULATION OF EXOSOMAL SECRETION%GOBP%GO:1903543		15	-0.3392091	-0.931612	0.55	1.0	1.0	17	tags=7%, list=0%, signal=7%	
TRANSLESION SYNTHESIS%GOBP%GO:0019985	TRANSLESION SYNTHESIS%GOBP%GO:0019985		25	-0.30044165	-0.93097246	0.537037	1.0	1.0	4340	tags=28%, list=18%, signal=34%	
REGULATION OF SMAD PROTEIN SIGNAL TRANSDUCTION%GOBP%GO:0060390	REGULATION OF SMAD PROTEIN SIGNAL TRANSDUCTION%GOBP%GO:0060390		60	-0.2526024	-0.93095386	0.5964912	1.0	1.0	3712	tags=25%, list=15%, signal=29%	
ENDOCRINE PANCREAS DEVELOPMENT%GOBP%GO:0031018	ENDOCRINE PANCREAS DEVELOPMENT%GOBP%GO:0031018		20	-0.30973765	-0.9309284	0.5451505	1.0	1.0	3792	tags=20%, list=15%, signal=24%	
PEPTIDYL-TYROSINE DEPHOSPHORYLATION%GOBP%GO:0035335	PEPTIDYL-TYROSINE DEPHOSPHORYLATION%GOBP%GO:0035335		19	-0.32729048	-0.93032753	0.5645646	1.0	1.0	2074	tags=26%, list=8%, signal=29%	
REGULATION OF PROTEIN IMPORT INTO NUCLEUS%GOBP%GO:0042306	REGULATION OF PROTEIN IMPORT INTO NUCLEUS%GOBP%GO:0042306		41	-0.27212065	-0.9298557	0.61382115	1.0	1.0	2914	tags=17%, list=12%, signal=19%	
REGULATION OF ATP METABOLIC PROCESS%GOBP%GO:1903578	REGULATION OF ATP METABOLIC PROCESS%GOBP%GO:1903578		59	-0.2514166	-0.92979217	0.64044946	1.0	1.0	2491	tags=17%, list=10%, signal=19%	
IL6%NETPATH%IL6	IL6%NETPATH%IL6		55	-0.25283742	-0.92925984	0.60555553	1.0	1.0	2806	tags=16%, list=11%, signal=18%	
POSITIVE REGULATION OF PROTEIN IMPORT INTO NUCLEUS%GOBP%GO:0042307	POSITIVE REGULATION OF PROTEIN IMPORT INTO NUCLEUS%GOBP%GO:0042307		28	-0.28882307	-0.92911005	0.56201553	1.0	1.0	2760	tags=18%, list=11%, signal=20%	
TRIF (TICAM1)-MEDIATED TLR4 SIGNALING%REACTOME%R-HSA-937061.5	TRIF (TICAM1)-MEDIATED TLR4 SIGNALING%REACTOME%R-HSA-937061.5		106	-0.2266335	-0.9290153	0.6689655	1.0	1.0	3794	tags=21%, list=15%, signal=24%	
REGULATION OF MEMBRANE PROTEIN ECTODOMAIN PROTEOLYSIS%GOBP%GO:0051043	REGULATION OF MEMBRANE PROTEIN ECTODOMAIN PROTEOLYSIS%GOBP%GO:0051043		24	-0.30011764	-0.9286553	0.55944055	1.0	1.0	1898	tags=13%, list=8%, signal=14%	
SLC-MEDIATED TRANSPORT OF AMINO ACIDS%REACTOME%R-HSA-9958863.1	SLC-MEDIATED TRANSPORT OF AMINO ACIDS%REACTOME%R-HSA-9958863.1		36	-0.2746902	-0.92842025	0.560166	1.0	1.0	1702	tags=19%, list=7%, signal=21%	
SIGNALING BY NODAL%REACTOME%R-HSA-1181150.3	SIGNALING BY NODAL%REACTOME%R-HSA-1181150.3		22	-0.31658015	-0.92818177	0.5248227	1.0	1.0	878	tags=14%, list=4%, signal=14%	
PID_TELOMERASE_PATHWAY%MSIGDB_C2%PID_TELOMERASE_PATHWAY	PID_TELOMERASE_PATHWAY%MSIGDB_C2%PID_TELOMERASE_PATHWAY		58	-0.24950361	-0.92814463	0.64	1.0	1.0	1819	tags=10%, list=7%, signal=11%	
REGULATION OF CARDIAC MUSCLE TISSUE GROWTH%GOBP%GO:0055021	REGULATION OF CARDIAC MUSCLE TISSUE GROWTH%GOBP%GO:0055021		25	-0.30140987	-0.92744845	0.5675676	1.0	1.0	2942	tags=24%, list=12%, signal=27%	
NORC NEGATIVELY REGULATES RRNA EXPRESSION%REACTOME%R-HSA-427413.4	NORC NEGATIVELY REGULATES RRNA EXPRESSION%REACTOME%R-HSA-427413.4		73	-0.23688588	-0.9271446	0.58787876	1.0	1.0	4414	tags=26%, list=18%, signal=32%	
PSEUDOURIDINE SYNTHESIS%GOBP%GO:0001522	PSEUDOURIDINE SYNTHESIS%GOBP%GO:0001522		18	-0.31751108	-0.9269103	0.5498282	1.0	1.0	1823	tags=22%, list=7%, signal=24%	
TRANSLESION SYNTHESIS BY POLI%REACTOME%R-HSA-5656121.2	TRANSLESION SYNTHESIS BY POLI%REACTOME%R-HSA-5656121.2		17	-0.33059385	-0.9266523	0.5344262	1.0	1.0	3772	tags=29%, list=15%, signal=35%	
T-HELPER 1 CELL DIFFERENTIATION%GOBP%GO:0045063	T-HELPER 1 CELL DIFFERENTIATION%GOBP%GO:0045063		24	-0.30563986	-0.9265531	0.5425532	1.0	1.0	940	tags=13%, list=4%, signal=13%	
MITOCHONDRIAL RNA PROCESSING%GOBP%GO:0000963	MITOCHONDRIAL RNA PROCESSING%GOBP%GO:0000963		28	-0.28372115	-0.92653286	0.60546875	1.0	1.0	1892	tags=14%, list=8%, signal=15%	
NEGATIVE REGULATION OF CELL JUNCTION ASSEMBLY%GOBP%GO:1901889	NEGATIVE REGULATION OF CELL JUNCTION ASSEMBLY%GOBP%GO:1901889		29	-0.288142	-0.92627305	0.5475285	1.0	1.0	3108	tags=24%, list=13%, signal=28%	
PROSTAGLANDIN AND LEUKOTRIENE METABOLISM IN SENESCENCE %WIKIPATHWAYS_20260211%WP5122%HOMO SAPIENS	PROSTAGLANDIN AND LEUKOTRIENE METABOLISM IN SENESCENCE %WIKIPATHWAYS_20260211%WP5122%HOMO SAPIENS		26	-0.3011534	-0.9261531	0.5588235	1.0	1.0	2951	tags=27%, list=12%, signal=31%	
DENGUE VIRUS MODULATES APOPTOSIS%REACTOME%R-HSA-9920951.1	DENGUE VIRUS MODULATES APOPTOSIS%REACTOME%R-HSA-9920951.1		16	-0.3337647	-0.92602766	0.5462963	1.0	1.0	4894	tags=38%, list=20%, signal=47%	
PEPTIDE TRANSPORT%GOBP%GO:0015833	PEPTIDE TRANSPORT%GOBP%GO:0015833		49	-0.25638828	-0.92485815	0.61333334	1.0	1.0	3654	tags=24%, list=15%, signal=29%	
NEGATIVE REGULATION OF DOUBLE-STRAND BREAK REPAIR VIA HOMOLOGOUS RECOMBINATION%GOBP%GO:2000042	NEGATIVE REGULATION OF DOUBLE-STRAND BREAK REPAIR VIA HOMOLOGOUS RECOMBINATION%GOBP%GO:2000042		25	-0.2933928	-0.9246847	0.55636364	1.0	1.0	6214	tags=52%, list=25%, signal=70%	
PI-3K CASCADE:FGFR1%REACTOME%R-HSA-5654689.4	PI-3K CASCADE:FGFR1%REACTOME%R-HSA-5654689.4		15	-0.34399295	-0.92343086	0.5661538	1.0	1.0	3452	tags=27%, list=14%, signal=31%	
S1P2 PATHWAY%PATHWAY INTERACTION DATABASE NCI-NATURE CURATED DATA%S1P2 PATHWAY	S1P2 PATHWAY%PATHWAY INTERACTION DATABASE NCI-NATURE CURATED DATA%S1P2 PATHWAY		24	-0.2905135	-0.9233962	0.57954544	1.0	1.0	1334	tags=13%, list=5%, signal=13%	
TIGHT JUNCTION ASSEMBLY%GOBP%GO:0120192	TIGHT JUNCTION ASSEMBLY%GOBP%GO:0120192		38	-0.26970604	-0.92317957	0.5914894	1.0	1.0	1086	tags=8%, list=4%, signal=8%	
HALLMARK_ESTROGEN_RESPONSE_EARLY%MSIGDBHALLMARK%HALLMARK_ESTROGEN_RESPONSE_EARLY	HALLMARK_ESTROGEN_RESPONSE_EARLY%MSIGDBHALLMARK%HALLMARK_ESTROGEN_RESPONSE_EARLY		174	-0.20897903	-0.9230383	0.7387387	1.0	1.0	2645	tags=17%, list=11%, signal=19%	
PRC2 METHYLATES HISTONES AND DNA%REACTOME DATABASE ID RELEASE 95%212300	PRC2 METHYLATES HISTONES AND DNA%REACTOME DATABASE ID RELEASE 95%212300		43	-0.25797898	-0.9229508	0.6113744	1.0	1.0	2424	tags=19%, list=10%, signal=21%	
REGULATION OF PYRUVATE METABOLISM%REACTOME DATABASE ID RELEASE 95%9861718	REGULATION OF PYRUVATE METABOLISM%REACTOME DATABASE ID RELEASE 95%9861718		31	-0.2860199	-0.92280465	0.578125	1.0	1.0	1583	tags=13%, list=6%, signal=14%	
MRNA STABILIZATION%GOBP%GO:0048255	MRNA STABILIZATION%GOBP%GO:0048255		63	-0.24170484	-0.92247754	0.6377551	1.0	1.0	3853	tags=29%, list=16%, signal=34%	
CHONDROITIN SULFATE DERMATAN SULFATE METABOLISM%REACTOME DATABASE ID RELEASE 95%1793185	CHONDROITIN SULFATE DERMATAN SULFATE METABOLISM%REACTOME DATABASE ID RELEASE 95%1793185		36	-0.27854934	-0.92185545	0.5982906	1.0	1.0	954	tags=11%, list=4%, signal=12%	
CARTILAGE DEVELOPMENT%GOBP%GO:0051216	CARTILAGE DEVELOPMENT%GOBP%GO:0051216		70	-0.23872852	-0.92149484	0.6373057	1.0	1.0	1328	tags=9%, list=5%, signal=9%	
HSP90 CHAPERONE CYCLE FOR SHRS%REACTOME DATABASE ID RELEASE 95%3371497	HSP90 CHAPERONE CYCLE FOR SHRS%REACTOME DATABASE ID RELEASE 95%3371497		38	-0.26706907	-0.92137253	0.59227467	1.0	1.0	2843	tags=18%, list=12%, signal=21%	
XENOBIOTIC EXPORT FROM CELL%GOBP%GO:0046618	XENOBIOTIC EXPORT FROM CELL%GOBP%GO:0046618		15	-0.33205858	-0.92109114	0.5835962	1.0	1.0	2381	tags=27%, list=10%, signal=30%	
SIGNALING BY WNT IN CANCER%REACTOME DATABASE ID RELEASE 95%4791275	SIGNALING BY WNT IN CANCER%REACTOME DATABASE ID RELEASE 95%4791275		34	-0.27495715	-0.92029214	0.58148146	1.0	1.0	3454	tags=26%, list=14%, signal=31%	
RNA STABILIZATION%GOBP%GO:0043489	RNA STABILIZATION%GOBP%GO:0043489		75	-0.23110531	-0.9202136	0.6357616	1.0	1.0	3853	tags=27%, list=16%, signal=32%	
SYNTHESIS OF DNA%REACTOME%R-HSA-69239.5	SYNTHESIS OF DNA%REACTOME%R-HSA-69239.5		108	-0.22007234	-0.92001057	0.7328767	1.0	1.0	4690	tags=31%, list=19%, signal=38%	
CEREBELLUM DEVELOPMENT%GOBP%GO:0021549	CEREBELLUM DEVELOPMENT%GOBP%GO:0021549		28	-0.28683093	-0.9198575	0.60728747	1.0	1.0	4315	tags=36%, list=18%, signal=43%	
TRANSCRIPTION INITIATION AT RNA POLYMERASE III PROMOTER%GOBP%GO:0006384	TRANSCRIPTION INITIATION AT RNA POLYMERASE III PROMOTER%GOBP%GO:0006384		25	-0.29424185	-0.9198492	0.5714286	1.0	1.0	3624	tags=28%, list=15%, signal=33%	
TOLL-LIKE RECEPTOR PATHWAY 1%PATHWHIZ%PW064909	TOLL-LIKE RECEPTOR PATHWAY 1%PATHWHIZ%PW064909		33	-0.28308424	-0.91927075	0.6254826	1.0	1.0	3794	tags=27%, list=15%, signal=32%	
FOREBRAIN NEURON DEVELOPMENT%GOBP%GO:0021884	FOREBRAIN NEURON DEVELOPMENT%GOBP%GO:0021884		16	-0.3459881	-0.91880184	0.56369424	1.0	1.0	3108	tags=25%, list=13%, signal=29%	
OLIGODENDROCYTE DIFFERENTIATION%GOBP%GO:0048709	OLIGODENDROCYTE DIFFERENTIATION%GOBP%GO:0048709		31	-0.2862447	-0.91853446	0.60227275	1.0	1.0	105	tags=6%, list=0%, signal=6%	
DNA SYNTHESIS INVOLVED IN DNA REPLICATION%GOBP%GO:0090592	DNA SYNTHESIS INVOLVED IN DNA REPLICATION%GOBP%GO:0090592		26	-0.29112646	-0.9185323	0.6014235	1.0	1.0	4340	tags=27%, list=18%, signal=33%	
EYE MORPHOGENESIS%GOBP%GO:0048592	EYE MORPHOGENESIS%GOBP%GO:0048592		85	-0.2277185	-0.91850466	0.63529414	1.0	1.0	2429	tags=16%, list=10%, signal=18%	
LIPID METABOLISM PATHWAY%WIKIPATHWAYS_20260211%WP3965%HOMO SAPIENS	LIPID METABOLISM PATHWAY%WIKIPATHWAYS_20260211%WP3965%HOMO SAPIENS		21	-0.31330615	-0.91839767	0.6060606	1.0	1.0	2491	tags=19%, list=10%, signal=21%	
RAC 1 CELL MOTILITY SIGNALING PATHWAY%SMPDB%SMP0063795	RAC 1 CELL MOTILITY SIGNALING PATHWAY%SMPDB%SMP0063795		22	-0.31042248	-0.918248	0.579661	1.0	1.0	4714	tags=32%, list=19%, signal=39%	
SUMOYLATION OF TRANSCRIPTION COFACTORS%REACTOME%R-HSA-3899300.7	SUMOYLATION OF TRANSCRIPTION COFACTORS%REACTOME%R-HSA-3899300.7		42	-0.2628142	-0.9178695	0.5947136	1.0	1.0	1919	tags=14%, list=8%, signal=15%	
POSITIVE REGULATION OF EPIDERMAL GROWTH FACTOR RECEPTOR SIGNALING PATHWAY%GOBP%GO:0045742	POSITIVE REGULATION OF EPIDERMAL GROWTH FACTOR RECEPTOR SIGNALING PATHWAY%GOBP%GO:0045742		28	-0.28235075	-0.9176184	0.5795918	1.0	1.0	2922	tags=21%, list=12%, signal=24%	
CANONICAL AND NON CANONICAL TGF B SIGNALING%WIKIPATHWAYS_20260211%WP3874%HOMO SAPIENS	CANONICAL AND NON CANONICAL TGF B SIGNALING%WIKIPATHWAYS_20260211%WP3874%HOMO SAPIENS		16	-0.3397867	-0.9174585	0.5987261	1.0	1.0	170	tags=13%, list=1%, signal=13%	
DICARBOXYLIC ACID CATABOLIC PROCESS%GOBP%GO:0043649	DICARBOXYLIC ACID CATABOLIC PROCESS%GOBP%GO:0043649		15	-0.3293309	-0.9173719	0.5665635	1.0	1.0	853	tags=20%, list=3%, signal=21%	
TOLL LIKE RECEPTOR 9 (TLR9) CASCADE%REACTOME%R-HSA-168138.6	TOLL LIKE RECEPTOR 9 (TLR9) CASCADE%REACTOME%R-HSA-168138.6		107	-0.2248993	-0.91686314	0.7288136	1.0	1.0	3794	tags=21%, list=15%, signal=25%	
BDNF TRKB SIGNALING%WIKIPATHWAYS_20260211%WP3676%HOMO SAPIENS	BDNF TRKB SIGNALING%WIKIPATHWAYS_20260211%WP3676%HOMO SAPIENS		29	-0.2898859	-0.91668314	0.5893536	1.0	1.0	2792	tags=21%, list=11%, signal=23%	
REGULATION OF AEROBIC RESPIRATION%GOBP%GO:1903715	REGULATION OF AEROBIC RESPIRATION%GOBP%GO:1903715		23	-0.29602352	-0.9163472	0.6098485	1.0	1.0	3798	tags=26%, list=16%, signal=31%	
CHK1 CHK2(CDS1) MEDIATED INACTIVATION OF CYCLIN B:CDK1 COMPLEX%REACTOME%R-HSA-75035.6	CHK1 CHK2(CDS1) MEDIATED INACTIVATION OF CYCLIN B:CDK1 COMPLEX%REACTOME%R-HSA-75035.6		15	-0.33126304	-0.91591024	0.5402685	1.0	1.0	899	tags=13%, list=4%, signal=14%	
CELL FATE COMMITMENT INVOLVED IN FORMATION OF PRIMARY GERM LAYER%GOBP%GO:0060795	CELL FATE COMMITMENT INVOLVED IN FORMATION OF PRIMARY GERM LAYER%GOBP%GO:0060795		16	-0.33540305	-0.9155764	0.55864197	1.0	1.0	147	tags=6%, list=1%, signal=6%	
NEGATIVE REGULATION OF MRNA CATABOLIC PROCESS%GOBP%GO:1902373	NEGATIVE REGULATION OF MRNA CATABOLIC PROCESS%GOBP%GO:1902373		77	-0.23182839	-0.91544926	0.716763	1.0	1.0	3853	tags=27%, list=16%, signal=32%	
ISOPRENOID METABOLIC PROCESS%GOBP%GO:0006720	ISOPRENOID METABOLIC PROCESS%GOBP%GO:0006720		97	-0.22636907	-0.9151445	0.7209302	1.0	1.0	1535	tags=11%, list=6%, signal=12%	
REGULATION OF ORGAN GROWTH%GOBP%GO:0046620	REGULATION OF ORGAN GROWTH%GOBP%GO:0046620		36	-0.2794842	-0.91472155	0.6420233	1.0	1.0	1621	tags=17%, list=7%, signal=18%	
CARDIAC MUSCLE CELL DIFFERENTIATION%GOBP%GO:0055007	CARDIAC MUSCLE CELL DIFFERENTIATION%GOBP%GO:0055007		52	-0.2504026	-0.91442937	0.6468085	1.0	1.0	2110	tags=13%, list=9%, signal=15%	
PIECEMEAL MICROAUTOPHAGY OF THE NUCLEUS%GOBP%GO:0034727	PIECEMEAL MICROAUTOPHAGY OF THE NUCLEUS%GOBP%GO:0034727		18	-0.31865415	-0.91432613	0.5859649	1.0	1.0	91	tags=6%, list=0%, signal=6%	
POSITIVE REGULATION OF TYPE II INTERFERON PRODUCTION%GOBP%GO:0032729	POSITIVE REGULATION OF TYPE II INTERFERON PRODUCTION%GOBP%GO:0032729		69	-0.23646374	-0.9140938	0.69822484	1.0	1.0	2798	tags=16%, list=11%, signal=18%	
TELOMERE EXTENSION BY TELOMERASE%REACTOME DATABASE ID RELEASE 95%171319	TELOMERE EXTENSION BY TELOMERASE%REACTOME DATABASE ID RELEASE 95%171319		23	-0.30551094	-0.9137137	0.5970696	1.0	1.0	5214	tags=43%, list=21%, signal=55%	
VOLTAGE GATED POTASSIUM CHANNELS%REACTOME%R-HSA-1296072.4	VOLTAGE GATED POTASSIUM CHANNELS%REACTOME%R-HSA-1296072.4		43	-0.25900006	-0.91363573	0.63274336	1.0	1.0	1846	tags=12%, list=8%, signal=13%	
NEGATIVE REGULATION OF MAPK PATHWAY%REACTOME DATABASE ID RELEASE 95%5675221	NEGATIVE REGULATION OF MAPK PATHWAY%REACTOME DATABASE ID RELEASE 95%5675221		42	-0.26887122	-0.9136071	0.6184211	1.0	1.0	3745	tags=29%, list=15%, signal=34%	
OSSIFICATION%GOBP%GO:0001503	OSSIFICATION%GOBP%GO:0001503		146	-0.2072948	-0.91339386	0.78409094	1.0	1.0	2645	tags=13%, list=11%, signal=15%	
POSITIVE REGULATION OF HYDROLASE ACTIVITY%GOBP%GO:0051345	POSITIVE REGULATION OF HYDROLASE ACTIVITY%GOBP%GO:0051345		101	-0.22195838	-0.9129871	0.6979866	1.0	1.0	2078	tags=14%, list=8%, signal=15%	
NEGATIVE REGULATION OF WNT SIGNALING PATHWAY%GOBP%GO:0030178	NEGATIVE REGULATION OF WNT SIGNALING PATHWAY%GOBP%GO:0030178		144	-0.21166629	-0.9129825	0.75728154	1.0	1.0	2904	tags=15%, list=12%, signal=16%	
1Q21 1 COPY NUMBER VARIATION SYNDROME%WIKIPATHWAYS_20260211%WP4905%HOMO SAPIENS	1Q21 1 COPY NUMBER VARIATION SYNDROME%WIKIPATHWAYS_20260211%WP4905%HOMO SAPIENS		25	-0.29545444	-0.91253173	0.58759123	1.0	1.0	2491	tags=20%, list=10%, signal=22%	
2-HYDROXYGLUTRIC ACIDURIA (D AND L FORM)%SMPDB%SMP0000136	2-HYDROXYGLUTRIC ACIDURIA (D AND L FORM)%SMPDB%SMP0000136		21	-0.30999961	-0.9123072	0.58305085	1.0	1.0	476	tags=10%, list=2%, signal=10%	
REGULATION OF PROTEIN UBIQUITINATION%GOBP%GO:0031396	REGULATION OF PROTEIN UBIQUITINATION%GOBP%GO:0031396		154	-0.20616771	-0.91176736	0.8235294	1.0	1.0	4964	tags=28%, list=20%, signal=35%	
CIRCADIAN RHYTHM GENES%WIKIPATHWAYS_20260211%WP3594%HOMO SAPIENS	CIRCADIAN RHYTHM GENES%WIKIPATHWAYS_20260211%WP3594%HOMO SAPIENS		164	-0.20821184	-0.911461	0.8148148	1.0	1.0	3890	tags=22%, list=16%, signal=26%	
REGULATION OF RRNA PROCESSING%GOBP%GO:2000232	REGULATION OF RRNA PROCESSING%GOBP%GO:2000232		18	-0.31752163	-0.91065866	0.6209386	1.0	1.0	685	tags=11%, list=3%, signal=11%	
PURINERGIC SIGNALING%WIKIPATHWAYS_20260211%WP4900%HOMO SAPIENS	PURINERGIC SIGNALING%WIKIPATHWAYS_20260211%WP4900%HOMO SAPIENS		29	-0.27927893	-0.91064316	0.6219512	1.0	1.0	2252	tags=21%, list=9%, signal=23%	
HOST PATHOGEN INTERACTION OF HUMAN CORONAVIRUSES MAPK SIGNALING%WIKIPATHWAYS_20260211%WP4877%HOMO SAPIENS	HOST PATHOGEN INTERACTION OF HUMAN CORONAVIRUSES MAPK SIGNALING%WIKIPATHWAYS_20260211%WP4877%HOMO SAPIENS		33	-0.27596906	-0.910638	0.6415094	1.0	1.0	3423	tags=21%, list=14%, signal=25%	
NEGATIVE REGULATION OF CARBOHYDRATE METABOLIC PROCESS%GOBP%GO:0045912	NEGATIVE REGULATION OF CARBOHYDRATE METABOLIC PROCESS%GOBP%GO:0045912		39	-0.26532242	-0.91039336	0.6300813	1.0	1.0	3511	tags=23%, list=14%, signal=27%	
ANTERIOR/POSTERIOR AXIS SPECIFICATION%GOBP%GO:0009948	ANTERIOR/POSTERIOR AXIS SPECIFICATION%GOBP%GO:0009948		36	-0.26215264	-0.90995234	0.6385542	1.0	1.0	3883	tags=25%, list=16%, signal=30%	
INTRINSIC APOPTOTIC SIGNALING PATHWAY BY P53 CLASS MEDIATOR%GOBP%GO:0072332	INTRINSIC APOPTOTIC SIGNALING PATHWAY BY P53 CLASS MEDIATOR%GOBP%GO:0072332		38	-0.2745425	-0.90991825	0.62204725	1.0	1.0	2400	tags=21%, list=10%, signal=23%	
DEGRADATION OF BETA CATENIN%PATHWAY INTERACTION DATABASE NCI-NATURE CURATED DATA%DEGRADATION OF BETA CATENIN	DEGRADATION OF BETA CATENIN%PATHWAY INTERACTION DATABASE NCI-NATURE CURATED DATA%DEGRADATION OF BETA CATENIN		18	-0.31938958	-0.90984935	0.5861027	1.0	1.0	6118	tags=44%, list=25%, signal=59%	
TETRAHYDROFOLATE METABOLIC PROCESS%GOBP%GO:0046653	TETRAHYDROFOLATE METABOLIC PROCESS%GOBP%GO:0046653		15	-0.3346662	-0.90910137	0.57843137	1.0	1.0	3764	tags=33%, list=15%, signal=39%	
REGULATION OF BMP SIGNALING PATHWAY%GOBP%GO:0030510	REGULATION OF BMP SIGNALING PATHWAY%GOBP%GO:0030510		81	-0.22873303	-0.9089003	0.7005988	1.0	1.0	4695	tags=31%, list=19%, signal=38%	
TRANSCRIPTIONAL REGULATION BY RUNX2%REACTOME DATABASE ID RELEASE 95%8878166	TRANSCRIPTIONAL REGULATION BY RUNX2%REACTOME DATABASE ID RELEASE 95%8878166		105	-0.21835704	-0.90881395	0.73571426	1.0	1.0	4409	tags=25%, list=18%, signal=30%	
BETA-CATENIN PHOSPHORYLATION CASCADE%REACTOME%R-HSA-196299.3	BETA-CATENIN PHOSPHORYLATION CASCADE%REACTOME%R-HSA-196299.3		17	-0.32495666	-0.9078512	0.59468436	1.0	1.0	3454	tags=35%, list=14%, signal=41%	
MITOCHONDRIAL PROTEIN DEGRADATION%REACTOME%R-HSA-9837999.2	MITOCHONDRIAL PROTEIN DEGRADATION%REACTOME%R-HSA-9837999.2		90	-0.22313829	-0.9077236	0.716763	1.0	1.0	3824	tags=20%, list=16%, signal=24%	
CELL RECRUITMENT (PRO-INFLAMMATORY RESPONSE)%REACTOME DATABASE ID RELEASE 95%9664424	CELL RECRUITMENT (PRO-INFLAMMATORY RESPONSE)%REACTOME DATABASE ID RELEASE 95%9664424		25	-0.29911986	-0.9074475	0.572	1.0	1.0	2118	tags=16%, list=9%, signal=17%	
POLYSACCHARIDE METABOLIC PROCESS%GOBP%GO:0005976	POLYSACCHARIDE METABOLIC PROCESS%GOBP%GO:0005976		44	-0.26394832	-0.9073709	0.6625	1.0	1.0	5872	tags=36%, list=24%, signal=48%	
PURINE METABOLISM AND RELATED DISORDERS%WIKIPATHWAYS_20260211%WP4224%HOMO SAPIENS	PURINE METABOLISM AND RELATED DISORDERS%WIKIPATHWAYS_20260211%WP4224%HOMO SAPIENS		15	-0.33778653	-0.90723306	0.6012862	1.0	1.0	4908	tags=47%, list=20%, signal=58%	
SPERMATID NUCLEUS DIFFERENTIATION%GOBP%GO:0007289	SPERMATID NUCLEUS DIFFERENTIATION%GOBP%GO:0007289		17	-0.32052854	-0.9071409	0.604811	1.0	1.0	1015	tags=12%, list=4%, signal=12%	
POSITIVE REGULATION OF SYNAPTIC TRANSMISSION%GOBP%GO:0050806	POSITIVE REGULATION OF SYNAPTIC TRANSMISSION%GOBP%GO:0050806		91	-0.22907965	-0.9070031	0.7037037	1.0	1.0	1660	tags=11%, list=7%, signal=12%	
TGF BETA RECEPTOR SIGNALING%WIKIPATHWAYS_20260211%WP560%HOMO SAPIENS	TGF BETA RECEPTOR SIGNALING%WIKIPATHWAYS_20260211%WP560%HOMO SAPIENS		49	-0.24992119	-0.9069986	0.70183486	1.0	1.0	3712	tags=20%, list=15%, signal=24%	
FORMATION OF THE HIV-1 EARLY ELONGATION COMPLEX%REACTOME DATABASE ID RELEASE 95%167158	FORMATION OF THE HIV-1 EARLY ELONGATION COMPLEX%REACTOME DATABASE ID RELEASE 95%167158		33	-0.27035326	-0.90611386	0.6159696	1.0	1.0	5413	tags=45%, list=22%, signal=58%	
INTRINSIC APOPTOTIC SIGNALING PATHWAY IN RESPONSE TO DNA DAMAGE BY P53 CLASS MEDIATOR%GOBP%GO:0042771	INTRINSIC APOPTOTIC SIGNALING PATHWAY IN RESPONSE TO DNA DAMAGE BY P53 CLASS MEDIATOR%GOBP%GO:0042771		22	-0.30007362	-0.90578735	0.6128049	1.0	1.0	4452	tags=41%, list=18%, signal=50%	
SIGNALING MEDIATED BY P38-ALPHA AND P38-BETA%PATHWAY INTERACTION DATABASE NCI-NATURE CURATED DATA%SIGNALING MEDIATED BY P38-ALPHA AND P38-BETA	SIGNALING MEDIATED BY P38-ALPHA AND P38-BETA%PATHWAY INTERACTION DATABASE NCI-NATURE CURATED DATA%SIGNALING MEDIATED BY P38-ALPHA AND P38-BETA		35	-0.2690005	-0.90463847	0.6574803	1.0	1.0	4157	tags=29%, list=17%, signal=34%	
P53 TRANSCRIPTIONAL GENE NETWORK%WIKIPATHWAYS_20260211%WP4963%HOMO SAPIENS	P53 TRANSCRIPTIONAL GENE NETWORK%WIKIPATHWAYS_20260211%WP4963%HOMO SAPIENS		78	-0.2284304	-0.9045852	0.7877095	1.0	1.0	5240	tags=37%, list=21%, signal=47%	
REGULATION OF CELLULAR RESPONSE TO VASCULAR ENDOTHELIAL GROWTH FACTOR STIMULUS%GOBP%GO:1902547	REGULATION OF CELLULAR RESPONSE TO VASCULAR ENDOTHELIAL GROWTH FACTOR STIMULUS%GOBP%GO:1902547		30	-0.27615225	-0.9044395	0.64705884	1.0	1.0	1694	tags=10%, list=7%, signal=11%	
GLOBAL GENOME NUCLEOTIDE EXCISION REPAIR (GG-NER)%REACTOME%R-HSA-5696399.2	GLOBAL GENOME NUCLEOTIDE EXCISION REPAIR (GG-NER)%REACTOME%R-HSA-5696399.2		83	-0.23035255	-0.9040359	0.6956522	1.0	1.0	5676	tags=37%, list=23%, signal=48%	
GLOMERULUS DEVELOPMENT%GOBP%GO:0032835	GLOMERULUS DEVELOPMENT%GOBP%GO:0032835		38	-0.2599294	-0.9038502	0.64016736	1.0	1.0	611	tags=11%, list=2%, signal=11%	
EMBRYONIC CRANIAL SKELETON MORPHOGENESIS%GOBP%GO:0048701	EMBRYONIC CRANIAL SKELETON MORPHOGENESIS%GOBP%GO:0048701		15	-0.33798358	-0.9032128	0.5822368	1.0	1.0	1488	tags=20%, list=6%, signal=21%	
LYSOSOMAL LUMEN ACIDIFICATION%GOBP%GO:0007042	LYSOSOMAL LUMEN ACIDIFICATION%GOBP%GO:0007042		21	-0.31441623	-0.90315646	0.5787671	1.0	1.0	3363	tags=29%, list=14%, signal=33%	
EVASION BY RSV OF HOST INTERFERON RESPONSES%REACTOME%R-HSA-9833109.1	EVASION BY RSV OF HOST INTERFERON RESPONSES%REACTOME%R-HSA-9833109.1		33	-0.27209857	-0.90295565	0.61354584	1.0	1.0	4430	tags=24%, list=18%, signal=30%	
PID_CD8_TCR_DOWNSTREAM_PATHWAY%MSIGDB_C2%PID_CD8_TCR_DOWNSTREAM_PATHWAY	PID_CD8_TCR_DOWNSTREAM_PATHWAY%MSIGDB_C2%PID_CD8_TCR_DOWNSTREAM_PATHWAY		56	-0.24071366	-0.90269744	0.6962617	1.0	1.0	2047	tags=13%, list=8%, signal=14%	
APPENDAGE DEVELOPMENT%GOBP%GO:0048736	APPENDAGE DEVELOPMENT%GOBP%GO:0048736		69	-0.23302339	-0.90196496	0.7241379	1.0	1.0	3790	tags=22%, list=15%, signal=26%	
GLUTAMATE METABOLISM%PATHWHIZ%PW000003	GLUTAMATE METABOLISM%PATHWHIZ%PW000003		21	-0.30999961	-0.9015779	0.60076046	1.0	1.0	476	tags=10%, list=2%, signal=10%	
ESTROGEN SIGNALING%WIKIPATHWAYS_20260211%WP712%HOMO SAPIENS	ESTROGEN SIGNALING%WIKIPATHWAYS_20260211%WP712%HOMO SAPIENS		18	-0.32331902	-0.90135914	0.58899677	1.0	1.0	1334	tags=17%, list=5%, signal=18%	
4-HYDROXYBUTYRIC ACIDURIA SUCCINIC SEMIALDEHYDE DEHYDROGENASE DEFICIENCY%SMPDB%SMP0000243	4-HYDROXYBUTYRIC ACIDURIA SUCCINIC SEMIALDEHYDE DEHYDROGENASE DEFICIENCY%SMPDB%SMP0000243		21	-0.30999961	-0.9010743	0.640678	1.0	1.0	476	tags=10%, list=2%, signal=10%	
NEGATIVE REGULATION OF RNA CATABOLIC PROCESS%GOBP%GO:1902369	NEGATIVE REGULATION OF RNA CATABOLIC PROCESS%GOBP%GO:1902369		90	-0.22279088	-0.899918	0.7112676	1.0	1.0	3853	tags=26%, list=16%, signal=30%	
HEDGEHOG SIGNALING%WIKIPATHWAYS_20260211%WP4249%HOMO SAPIENS	HEDGEHOG SIGNALING%WIKIPATHWAYS_20260211%WP4249%HOMO SAPIENS		34	-0.26981336	-0.8993931	0.6563877	1.0	1.0	4560	tags=29%, list=19%, signal=36%	
REGULATION OF TRIGLYCERIDE METABOLIC PROCESS%GOBP%GO:0090207	REGULATION OF TRIGLYCERIDE METABOLIC PROCESS%GOBP%GO:0090207		32	-0.27169165	-0.89870435	0.6679842	1.0	1.0	1950	tags=16%, list=8%, signal=17%	
NEGATIVE REGULATION OF REGULATORY T CELL DIFFERENTIATION%GOBP%GO:0045590	NEGATIVE REGULATION OF REGULATORY T CELL DIFFERENTIATION%GOBP%GO:0045590		19	-0.3110406	-0.89835495	0.64	1.0	1.0	705	tags=11%, list=3%, signal=11%	
METENCEPHALON DEVELOPMENT%GOBP%GO:0022037	METENCEPHALON DEVELOPMENT%GOBP%GO:0022037		28	-0.28683093	-0.8982516	0.616	1.0	1.0	4315	tags=36%, list=18%, signal=43%	
INTERLEUKIN-17 SIGNALING%REACTOME DATABASE ID RELEASE 95%448424	INTERLEUKIN-17 SIGNALING%REACTOME DATABASE ID RELEASE 95%448424		70	-0.2365287	-0.89750546	0.69142854	1.0	1.0	1334	tags=11%, list=5%, signal=12%	
CYCLIN E ASSOCIATED EVENTS DURING G1 S TRANSITION%REACTOME%R-HSA-69202.5	CYCLIN E ASSOCIATED EVENTS DURING G1 S TRANSITION%REACTOME%R-HSA-69202.5		73	-0.23295969	-0.89673394	0.7383721	1.0	1.0	5347	tags=33%, list=22%, signal=42%	
GAP JUNCTION TRAFFICKING%REACTOME DATABASE ID RELEASE 95%190828	GAP JUNCTION TRAFFICKING%REACTOME DATABASE ID RELEASE 95%190828		28	-0.27706847	-0.8962632	0.65966386	1.0	1.0	1512	tags=11%, list=6%, signal=11%	
HOMOCARNOSINOSIS%SMPDB%SMP0000385	HOMOCARNOSINOSIS%SMPDB%SMP0000385		21	-0.30999961	-0.8958923	0.61935484	1.0	1.0	476	tags=10%, list=2%, signal=10%	
CELLULAR RESPONSE TO CAMP%GOBP%GO:0071320	CELLULAR RESPONSE TO CAMP%GOBP%GO:0071320		33	-0.2696314	-0.89559853	0.66415095	1.0	1.0	1418	tags=12%, list=6%, signal=13%	
CHROMOSOME MAINTENANCE%REACTOME DATABASE ID RELEASE 95%73886	CHROMOSOME MAINTENANCE%REACTOME DATABASE ID RELEASE 95%73886		118	-0.21230002	-0.8951965	0.7815126	1.0	1.0	4960	tags=27%, list=20%, signal=34%	
CD8-POSITIVE, ALPHA-BETA T CELL ACTIVATION%GOBP%GO:0036037	CD8-POSITIVE, ALPHA-BETA T CELL ACTIVATION%GOBP%GO:0036037		20	-0.30888912	-0.89517915	0.6026936	1.0	1.0	705	tags=10%, list=3%, signal=10%	
TRANSCRIPTION-COUPLED NUCLEOTIDE EXCISION REPAIR (TC-NER)%REACTOME%R-HSA-6781827.3	TRANSCRIPTION-COUPLED NUCLEOTIDE EXCISION REPAIR (TC-NER)%REACTOME%R-HSA-6781827.3		75	-0.22967637	-0.8945235	0.7388535	1.0	1.0	5676	tags=40%, list=23%, signal=52%	
NEGATIVE REGULATION OF NEURON PROJECTION DEVELOPMENT%GOBP%GO:0010977	NEGATIVE REGULATION OF NEURON PROJECTION DEVELOPMENT%GOBP%GO:0010977		70	-0.22986594	-0.89376694	0.72727275	1.0	1.0	2559	tags=17%, list=10%, signal=19%	
MYOBLAST DIFFERENTIATION%GOBP%GO:0045445	MYOBLAST DIFFERENTIATION%GOBP%GO:0045445		23	-0.29486436	-0.89352256	0.6385965	1.0	1.0	2696	tags=17%, list=11%, signal=20%	
3'-UTR-MEDIATED MRNA DESTABILIZATION%GOBP%GO:0061158	3'-UTR-MEDIATED MRNA DESTABILIZATION%GOBP%GO:0061158		22	-0.29772007	-0.89250785	0.6445993	1.0	1.0	2443	tags=18%, list=10%, signal=20%	
PID_ATF2_PATHWAY%MSIGDB_C2%PID_ATF2_PATHWAY	PID_ATF2_PATHWAY%MSIGDB_C2%PID_ATF2_PATHWAY		54	-0.24283975	-0.8924858	0.7004831	1.0	1.0	4682	tags=28%, list=19%, signal=34%	
NOREPINEPHRINE NEUROTRANSMITTER RELEASE CYCLE%REACTOME DATABASE ID RELEASE 95%181430	NOREPINEPHRINE NEUROTRANSMITTER RELEASE CYCLE%REACTOME DATABASE ID RELEASE 95%181430		17	-0.3159693	-0.8923893	0.58032787	1.0	1.0	3031	tags=29%, list=12%, signal=34%	
IRON UPTAKE AND TRANSPORT%REACTOME DATABASE ID RELEASE 95%917937	IRON UPTAKE AND TRANSPORT%REACTOME DATABASE ID RELEASE 95%917937		57	-0.2402986	-0.8920543	0.7173913	1.0	1.0	4068	tags=26%, list=17%, signal=31%	
PID_WNT_CANONICAL_PATHWAY%MSIGDB_C2%PID_WNT_CANONICAL_PATHWAY	PID_WNT_CANONICAL_PATHWAY%MSIGDB_C2%PID_WNT_CANONICAL_PATHWAY		16	-0.3259398	-0.8916708	0.61904764	1.0	1.0	1808	tags=19%, list=7%, signal=20%	
RNA POLYMERASE II TRANSCRIPTION ELONGATION%REACTOME%R-HSA-75955.4	RNA POLYMERASE II TRANSCRIPTION ELONGATION%REACTOME%R-HSA-75955.4		58	-0.23930201	-0.891468	0.72477067	1.0	1.0	5965	tags=45%, list=24%, signal=59%	
CELLULAR RESPONSE TO ATP%GOBP%GO:0071318	CELLULAR RESPONSE TO ATP%GOBP%GO:0071318		15	-0.32897082	-0.8911376	0.5942492	1.0	1.0	1340	tags=20%, list=5%, signal=21%	
SULFUR COMPOUND BIOSYNTHETIC PROCESS%GOBP%GO:0044272	SULFUR COMPOUND BIOSYNTHETIC PROCESS%GOBP%GO:0044272		87	-0.22244701	-0.8911339	0.77717394	1.0	1.0	2894	tags=18%, list=12%, signal=21%	
IL6-MEDIATED SIGNALING EVENTS%PATHWAY INTERACTION DATABASE NCI-NATURE CURATED DATA%IL6-MEDIATED SIGNALING EVENTS	IL6-MEDIATED SIGNALING EVENTS%PATHWAY INTERACTION DATABASE NCI-NATURE CURATED DATA%IL6-MEDIATED SIGNALING EVENTS		47	-0.2470906	-0.8903376	0.6763285	1.0	1.0	1334	tags=11%, list=5%, signal=11%	
FORMATION OF RNA POL II ELONGATION COMPLEX%REACTOME%R-HSA-112382.4	FORMATION OF RNA POL II ELONGATION COMPLEX%REACTOME%R-HSA-112382.4		58	-0.23930201	-0.89016426	0.69154227	1.0	1.0	5965	tags=45%, list=24%, signal=59%	
REGULATION OF ESTABLISHMENT OF CELL POLARITY%GOBP%GO:2000114	REGULATION OF ESTABLISHMENT OF CELL POLARITY%GOBP%GO:2000114		20	-0.3037776	-0.8889341	0.6445993	1.0	1.0	1445	tags=15%, list=6%, signal=16%	
ACYL-COA BIOSYNTHETIC PROCESS%GOBP%GO:0071616	ACYL-COA BIOSYNTHETIC PROCESS%GOBP%GO:0071616		42	-0.2550757	-0.8887154	0.67460316	1.0	1.0	2468	tags=19%, list=10%, signal=21%	
PROTEIN TETRAMERIZATION%GOBP%GO:0051262	PROTEIN TETRAMERIZATION%GOBP%GO:0051262		84	-0.22579758	-0.88859564	0.7468355	1.0	1.0	2976	tags=17%, list=12%, signal=19%	
RNA LOCALIZATION%GOBP%GO:0006403	RNA LOCALIZATION%GOBP%GO:0006403		131	-0.21351944	-0.88828903	0.78846157	1.0	1.0	3897	tags=23%, list=16%, signal=27%	
REGULATION OF D-GLUCOSE IMPORT ACROSS PLASMA MEMBRANE%GOBP%GO:0046324	REGULATION OF D-GLUCOSE IMPORT ACROSS PLASMA MEMBRANE%GOBP%GO:0046324		37	-0.26251325	-0.88796955	0.6923077	1.0	1.0	2425	tags=16%, list=10%, signal=18%	
DISORDERS OF MITOCHONDRIAL HOMEOSTATIS DYNAMICS PROTEIN IMPORT AND QUALITY CONTROL%WIKIPATHWAYS_20260211%WP5504%HOMO SAPIENS	DISORDERS OF MITOCHONDRIAL HOMEOSTATIS DYNAMICS PROTEIN IMPORT AND QUALITY CONTROL%WIKIPATHWAYS_20260211%WP5504%HOMO SAPIENS		52	-0.24404137	-0.88774073	0.6727273	1.0	1.0	3087	tags=17%, list=13%, signal=20%	
RAB GERANYLGERANYLATION%REACTOME%R-HSA-8873719.4	RAB GERANYLGERANYLATION%REACTOME%R-HSA-8873719.4		65	-0.23348837	-0.8874975	0.7741935	1.0	1.0	3569	tags=23%, list=15%, signal=27%	
MACROPHAGE STIMULATING PROTEIN MSP SIGNALING%WIKIPATHWAYS_20260211%WP5353%HOMO SAPIENS	MACROPHAGE STIMULATING PROTEIN MSP SIGNALING%WIKIPATHWAYS_20260211%WP5353%HOMO SAPIENS		84	-0.21965416	-0.8873764	0.7630058	1.0	1.0	2904	tags=14%, list=12%, signal=16%	
PID_ER_NONGENOMIC_PATHWAY%MSIGDB_C2%PID_ER_NONGENOMIC_PATHWAY	PID_ER_NONGENOMIC_PATHWAY%MSIGDB_C2%PID_ER_NONGENOMIC_PATHWAY		31	-0.27438295	-0.88711977	0.6501901	1.0	1.0	2659	tags=16%, list=11%, signal=18%	
SIGNALING BY SCF-KIT%REACTOME%R-HSA-1433557.6	SIGNALING BY SCF-KIT%REACTOME%R-HSA-1433557.6		39	-0.2524337	-0.88671124	0.668	1.0	1.0	2701	tags=21%, list=11%, signal=23%	
REGULATION OF BLOOD VESSEL ENDOTHELIAL CELL MIGRATION%GOBP%GO:0043535	REGULATION OF BLOOD VESSEL ENDOTHELIAL CELL MIGRATION%GOBP%GO:0043535		85	-0.22107023	-0.8867086	0.7407407	1.0	1.0	3818	tags=18%, list=16%, signal=21%	
PID_BETA_CATENIN_NUC_PATHWAY%MSIGDB_C2%PID_BETA_CATENIN_NUC_PATHWAY	PID_BETA_CATENIN_NUC_PATHWAY%MSIGDB_C2%PID_BETA_CATENIN_NUC_PATHWAY		64	-0.22989601	-0.88629156	0.7287234	1.0	1.0	3016	tags=20%, list=12%, signal=23%	
BONE REMODELING%GOBP%GO:0046849	BONE REMODELING%GOBP%GO:0046849		16	-0.32036823	-0.8862698	0.6137931	1.0	1.0	2939	tags=25%, list=12%, signal=28%	
NEUROGENESIS REGULATION IN THE OLFACTORY EPITHELIUM%WIKIPATHWAYS_20260211%WP5265%HOMO SAPIENS	NEUROGENESIS REGULATION IN THE OLFACTORY EPITHELIUM%WIKIPATHWAYS_20260211%WP5265%HOMO SAPIENS		47	-0.2545139	-0.886176	0.6695279	1.0	1.0	766	tags=9%, list=3%, signal=9%	
NEGATIVE REGULATION OF CD4-POSITIVE, ALPHA-BETA T CELL ACTIVATION%GOBP%GO:2000515	NEGATIVE REGULATION OF CD4-POSITIVE, ALPHA-BETA T CELL ACTIVATION%GOBP%GO:2000515		26	-0.28588358	-0.8860559	0.62835246	1.0	1.0	4136	tags=23%, list=17%, signal=28%	
HALLMARK_IL2_STAT5_SIGNALING%MSIGDBHALLMARK%HALLMARK_IL2_STAT5_SIGNALING	HALLMARK_IL2_STAT5_SIGNALING%MSIGDBHALLMARK%HALLMARK_IL2_STAT5_SIGNALING		170	-0.20447256	-0.8856478	0.83505154	1.0	1.0	2591	tags=13%, list=11%, signal=14%	
POSITIVE REGULATION OF POST-TRANSLATIONAL PROTEIN MODIFICATION%GOBP%GO:1901875	POSITIVE REGULATION OF POST-TRANSLATIONAL PROTEIN MODIFICATION%GOBP%GO:1901875		105	-0.21309826	-0.8851917	0.76978415	1.0	1.0	4379	tags=25%, list=18%, signal=30%	
PI-3K CASCADE:FGFR4%REACTOME DATABASE ID RELEASE 95%5654720	PI-3K CASCADE:FGFR4%REACTOME DATABASE ID RELEASE 95%5654720		17	-0.311784	-0.8848767	0.622449	1.0	1.0	3452	tags=29%, list=14%, signal=34%	
ALPHA6BETA4INTEGRIN%IOB%ALPHA6BETA4INTEGRIN	ALPHA6BETA4INTEGRIN%IOB%ALPHA6BETA4INTEGRIN		50	-0.24998946	-0.88481736	0.7058824	1.0	1.0	2701	tags=16%, list=11%, signal=18%	
PROTEIN LOCALIZATION TO CHROMOSOME%GOBP%GO:0034502	PROTEIN LOCALIZATION TO CHROMOSOME%GOBP%GO:0034502		78	-0.22499736	-0.88416594	0.74594593	1.0	1.0	2239	tags=12%, list=9%, signal=13%	
BIOCARTA_EIF4_PATHWAY%MSIGDB_C2%BIOCARTA_EIF4_PATHWAY	BIOCARTA_EIF4_PATHWAY%MSIGDB_C2%BIOCARTA_EIF4_PATHWAY		20	-0.30229005	-0.8840716	0.6560284	1.0	1.0	3920	tags=20%, list=16%, signal=24%	
LIMB DEVELOPMENT%GOBP%GO:0060173	LIMB DEVELOPMENT%GOBP%GO:0060173		69	-0.23302339	-0.8831384	0.73142856	1.0	1.0	3790	tags=22%, list=15%, signal=26%	
NEGATIVE REGULATION OF CARTILAGE DEVELOPMENT%GOBP%GO:0061037	NEGATIVE REGULATION OF CARTILAGE DEVELOPMENT%GOBP%GO:0061037		17	-0.31681326	-0.88303	0.6245614	1.0	1.0	1061	tags=12%, list=4%, signal=12%	
POSITIVE REGULATION OF PROTEIN MODIFICATION BY SMALL PROTEIN CONJUGATION OR REMOVAL%GOBP%GO:1903322	POSITIVE REGULATION OF PROTEIN MODIFICATION BY SMALL PROTEIN CONJUGATION OR REMOVAL%GOBP%GO:1903322		104	-0.21427162	-0.8830269	0.8148148	1.0	1.0	4379	tags=25%, list=18%, signal=30%	
MRNA 3'-END PROCESSING%GOBP%GO:0031124	MRNA 3'-END PROCESSING%GOBP%GO:0031124		33	-0.2601323	-0.8829988	0.6903766	1.0	1.0	2876	tags=21%, list=12%, signal=24%	
SENSORY PERCEPTION OF MECHANICAL STIMULUS%GOBP%GO:0050954	SENSORY PERCEPTION OF MECHANICAL STIMULUS%GOBP%GO:0050954		121	-0.20718615	-0.88295656	0.8292683	1.0	1.0	2486	tags=13%, list=10%, signal=15%	
G ALPHA (Z) SIGNALLING EVENTS%REACTOME DATABASE ID RELEASE 95%418597	G ALPHA (Z) SIGNALLING EVENTS%REACTOME DATABASE ID RELEASE 95%418597		48	-0.24407011	-0.8826453	0.69668245	1.0	1.0	3899	tags=23%, list=16%, signal=27%	
POSITIVE REGULATION OF MIRNA METABOLIC PROCESS%GOBP%GO:2000630	POSITIVE REGULATION OF MIRNA METABOLIC PROCESS%GOBP%GO:2000630		54	-0.2412264	-0.8825933	0.6969697	1.0	1.0	2802	tags=19%, list=11%, signal=21%	
GLYCOGEN METABOLIC PROCESS%GOBP%GO:0005977	GLYCOGEN METABOLIC PROCESS%GOBP%GO:0005977		34	-0.26838693	-0.8824357	0.66906476	1.0	1.0	5872	tags=41%, list=24%, signal=54%	
PARKINSON 39 S DISEASE PATHWAY%WIKIPATHWAYS_20260211%WP2371%HOMO SAPIENS	PARKINSON 39 S DISEASE PATHWAY%WIKIPATHWAYS_20260211%WP2371%HOMO SAPIENS		32	-0.26866606	-0.8817144	0.6666667	1.0	1.0	4429	tags=31%, list=18%, signal=38%	
ALPHA ADRENERGIC RECEPTOR SIGNALING PATHWAY%PANTHER PATHWAY%P00002	ALPHA ADRENERGIC RECEPTOR SIGNALING PATHWAY%PANTHER PATHWAY%P00002		16	-0.31686977	-0.8812275	0.609319	1.0	1.0	2805	tags=25%, list=11%, signal=28%	
REGULATION OF PD-L1(CD274) TRANSCRIPTION%REACTOME%R-HSA-9909649.2	REGULATION OF PD-L1(CD274) TRANSCRIPTION%REACTOME%R-HSA-9909649.2		68	-0.24193472	-0.88100463	0.7643678	1.0	1.0	1889	tags=15%, list=8%, signal=16%	
POSITIVE REGULATION OF COLLAGEN BIOSYNTHETIC PROCESS%GOBP%GO:0032967	POSITIVE REGULATION OF COLLAGEN BIOSYNTHETIC PROCESS%GOBP%GO:0032967		15	-0.32085714	-0.8800409	0.63322884	1.0	1.0	3421	tags=27%, list=14%, signal=31%	
NOTCH%IOB%NOTCH	NOTCH%IOB%NOTCH		53	-0.24110821	-0.8795084	0.7297297	1.0	1.0	2336	tags=13%, list=10%, signal=15%	
RESPONSE TO ORGANOPHOSPHORUS%GOBP%GO:0046683	RESPONSE TO ORGANOPHOSPHORUS%GOBP%GO:0046683		62	-0.23188181	-0.87905765	0.7552083	1.0	1.0	1418	tags=11%, list=6%, signal=12%	
ADIPOGENESIS%WIKIPATHWAYS_20260211%WP236%HOMO SAPIENS	ADIPOGENESIS%WIKIPATHWAYS_20260211%WP236%HOMO SAPIENS		109	-0.21512376	-0.8790428	0.8153846	1.0	1.0	3995	tags=19%, list=16%, signal=23%	
FORMATION OF THE EARLY ELONGATION COMPLEX%REACTOME%R-HSA-113418.5	FORMATION OF THE EARLY ELONGATION COMPLEX%REACTOME%R-HSA-113418.5		33	-0.27035326	-0.8788333	0.68846154	1.0	1.0	5413	tags=45%, list=22%, signal=58%	
INSULIN RECEPTOR RECYCLING%REACTOME DATABASE ID RELEASE 95%77387	INSULIN RECEPTOR RECYCLING%REACTOME DATABASE ID RELEASE 95%77387		30	-0.2678929	-0.878668	0.65677965	1.0	1.0	3723	tags=23%, list=15%, signal=27%	
SIGNALING BY RETINOIC ACID%REACTOME DATABASE ID RELEASE 95%5362517	SIGNALING BY RETINOIC ACID%REACTOME DATABASE ID RELEASE 95%5362517		41	-0.2537628	-0.8783149	0.725	1.0	1.0	2636	tags=17%, list=11%, signal=19%	
RELAXATION OF MUSCLE%GOBP%GO:0090075	RELAXATION OF MUSCLE%GOBP%GO:0090075		17	-0.3114992	-0.8781963	0.6503497	1.0	1.0	1621	tags=24%, list=7%, signal=25%	
MYOMETRIAL RELAXATION AND CONTRACTION PATHWAYS%WIKIPATHWAYS_20260211%WP289%HOMO SAPIENS	MYOMETRIAL RELAXATION AND CONTRACTION PATHWAYS%WIKIPATHWAYS_20260211%WP289%HOMO SAPIENS		119	-0.20589589	-0.8780537	0.7751938	1.0	1.0	1619	tags=10%, list=7%, signal=11%	
MUSCLE TISSUE DEVELOPMENT%GOBP%GO:0060537	MUSCLE TISSUE DEVELOPMENT%GOBP%GO:0060537		179	-0.19882777	-0.8779131	0.9255319	1.0	1.0	3094	tags=15%, list=13%, signal=17%	
REMOVAL OF THE FLAP INTERMEDIATE FROM THE C-STRAND%REACTOME DATABASE ID RELEASE 95%174437	REMOVAL OF THE FLAP INTERMEDIATE FROM THE C-STRAND%REACTOME DATABASE ID RELEASE 95%174437		17	-0.30993518	-0.8773727	0.6131148	1.0	1.0	1813	tags=18%, list=7%, signal=19%	
DNA REPLICATION%REACTOME%R-HSA-69306.9	DNA REPLICATION%REACTOME%R-HSA-69306.9		151	-0.20016243	-0.87558705	0.86315787	1.0	1.0	2082	tags=13%, list=9%, signal=14%	
HAIR CELL DIFFERENTIATION%GOBP%GO:0035315	HAIR CELL DIFFERENTIATION%GOBP%GO:0035315		22	-0.29433694	-0.87556547	0.6587838	1.0	1.0	1863	tags=23%, list=8%, signal=25%	
TISSUE MIGRATION%GOBP%GO:0090130	TISSUE MIGRATION%GOBP%GO:0090130		26	-0.2801603	-0.8753506	0.6460481	1.0	1.0	625	tags=8%, list=3%, signal=8%	
CRANIAL SKELETAL SYSTEM DEVELOPMENT%GOBP%GO:1904888	CRANIAL SKELETAL SYSTEM DEVELOPMENT%GOBP%GO:1904888		26	-0.27427268	-0.87531036	0.69921875	1.0	1.0	3907	tags=23%, list=16%, signal=27%	
INTRACELLULAR POTASSIUM ION HOMEOSTASIS%GOBP%GO:0030007	INTRACELLULAR POTASSIUM ION HOMEOSTASIS%GOBP%GO:0030007		21	-0.29672554	-0.8750662	0.6714801	1.0	1.0	2772	tags=24%, list=11%, signal=27%	
AMINOGLYCAN METABOLIC PROCESS%GOBP%GO:0006022	AMINOGLYCAN METABOLIC PROCESS%GOBP%GO:0006022		54	-0.24062169	-0.87480545	0.74384236	1.0	1.0	2017	tags=13%, list=8%, signal=14%	
PROCESSIVE SYNTHESIS ON THE LAGGING STRAND%REACTOME%R-HSA-69183.4	PROCESSIVE SYNTHESIS ON THE LAGGING STRAND%REACTOME%R-HSA-69183.4		15	-0.32613298	-0.8740034	0.6369427	1.0	1.0	1813	tags=27%, list=7%, signal=29%	
REGULATION OF PROTEOLYSIS%GOBP%GO:0030162	REGULATION OF PROTEOLYSIS%GOBP%GO:0030162		129	-0.20783061	-0.8734689	0.8598131	1.0	1.0	2106	tags=12%, list=9%, signal=13%	
CYCLIN A:CDK2-ASSOCIATED EVENTS AT S PHASE ENTRY%REACTOME%R-HSA-69656.6	CYCLIN A:CDK2-ASSOCIATED EVENTS AT S PHASE ENTRY%REACTOME%R-HSA-69656.6		75	-0.22493804	-0.8733278	0.7633136	1.0	1.0	5347	tags=32%, list=22%, signal=41%	
VITAMIN CATABOLIC PROCESS%GOBP%GO:0009111	VITAMIN CATABOLIC PROCESS%GOBP%GO:0009111		15	-0.317367	-0.8731682	0.70408165	1.0	1.0	1131	tags=13%, list=5%, signal=14%	
POSITIVE REGULATION OF CARTILAGE DEVELOPMENT%GOBP%GO:0061036	POSITIVE REGULATION OF CARTILAGE DEVELOPMENT%GOBP%GO:0061036		18	-0.30388272	-0.8719017	0.6357616	1.0	1.0	2652	tags=17%, list=11%, signal=19%	
REGULATION OF EXOSOMAL SECRETION%GOBP%GO:1903541	REGULATION OF EXOSOMAL SECRETION%GOBP%GO:1903541		17	-0.3139171	-0.8716365	0.63245034	1.0	1.0	17	tags=6%, list=0%, signal=6%	
G2 M CHECKPOINTS%REACTOME%R-HSA-69481.5	G2 M CHECKPOINTS%REACTOME%R-HSA-69481.5		139	-0.19864543	-0.8712626	0.90909094	1.0	1.0	2082	tags=12%, list=9%, signal=13%	
RESPONSE TO OXYGEN RADICAL%GOBP%GO:0000305	RESPONSE TO OXYGEN RADICAL%GOBP%GO:0000305		15	-0.32538378	-0.8711238	0.6426426	1.0	1.0	5171	tags=33%, list=21%, signal=42%	
RAF-INDEPENDENT MAPK1 3 ACTIVATION%REACTOME%R-HSA-112409.5	RAF-INDEPENDENT MAPK1 3 ACTIVATION%REACTOME%R-HSA-112409.5		22	-0.29091617	-0.87081534	0.64846414	1.0	1.0	3082	tags=27%, list=13%, signal=31%	
GLYCOSAMINOGLYCAN SYNTHESIS IN FIBROBLASTS%WIKIPATHWAYS_20260211%WP5395%HOMO SAPIENS	GLYCOSAMINOGLYCAN SYNTHESIS IN FIBROBLASTS%WIKIPATHWAYS_20260211%WP5395%HOMO SAPIENS		34	-0.25949118	-0.87068886	0.6753247	1.0	1.0	3874	tags=21%, list=16%, signal=24%	
BIOCARTA_ALK_PATHWAY%MSIGDB_C2%BIOCARTA_ALK_PATHWAY	BIOCARTA_ALK_PATHWAY%MSIGDB_C2%BIOCARTA_ALK_PATHWAY		32	-0.26424322	-0.8697601	0.68725866	1.0	1.0	5230	tags=38%, list=21%, signal=48%	
DNA REPLICATION%WIKIPATHWAYS_20260211%WP466%HOMO SAPIENS	DNA REPLICATION%WIKIPATHWAYS_20260211%WP466%HOMO SAPIENS		33	-0.26412153	-0.869535	0.7251908	1.0	1.0	1957	tags=21%, list=8%, signal=23%	
THROMBOXANE SIGNALLING THROUGH TP RECEPTOR%REACTOME DATABASE ID RELEASE 95%428930	THROMBOXANE SIGNALLING THROUGH TP RECEPTOR%REACTOME DATABASE ID RELEASE 95%428930		24	-0.27962318	-0.86911565	0.675	1.0	1.0	1619	tags=17%, list=7%, signal=18%	
DOWNSTREAM SIGNALING EVENTS OF B CELL RECEPTOR (BCR)%REACTOME DATABASE ID RELEASE 95%1168372	DOWNSTREAM SIGNALING EVENTS OF B CELL RECEPTOR (BCR)%REACTOME DATABASE ID RELEASE 95%1168372		67	-0.23349659	-0.8690815	0.7591623	1.0	1.0	4409	tags=28%, list=18%, signal=34%	
SIGNALING BY PDGFR IN DISEASE%REACTOME%R-HSA-9671555.4	SIGNALING BY PDGFR IN DISEASE%REACTOME%R-HSA-9671555.4		18	-0.3035504	-0.8690793	0.6792453	1.0	1.0	71	tags=6%, list=0%, signal=6%	
REGULATION OF LAMELLIPODIUM ORGANIZATION%GOBP%GO:1902743	REGULATION OF LAMELLIPODIUM ORGANIZATION%GOBP%GO:1902743		47	-0.24265614	-0.8690672	0.7293578	1.0	1.0	1005	tags=9%, list=4%, signal=9%	
SMAD PROTEIN SIGNAL TRANSDUCTION%GOBP%GO:0060395	SMAD PROTEIN SIGNAL TRANSDUCTION%GOBP%GO:0060395		17	-0.31197524	-0.8687232	0.66220737	1.0	1.0	1789	tags=18%, list=7%, signal=19%	
REGULATION OF T-HELPER 17 CELL DIFFERENTIATION%GOBP%GO:2000319	REGULATION OF T-HELPER 17 CELL DIFFERENTIATION%GOBP%GO:2000319		24	-0.28841674	-0.8686617	0.66787004	1.0	1.0	5954	tags=50%, list=24%, signal=66%	
MACROAUTOPHAGY%REACTOME DATABASE ID RELEASE 95%1632852	MACROAUTOPHAGY%REACTOME DATABASE ID RELEASE 95%1632852		122	-0.20589226	-0.86816895	0.85	1.0	1.0	2491	tags=11%, list=10%, signal=13%	
LONG-TERM MEMORY%GOBP%GO:0007616	LONG-TERM MEMORY%GOBP%GO:0007616		23	-0.2888747	-0.86798364	0.68231046	1.0	1.0	15	tags=4%, list=0%, signal=4%	
POSITIVE REGULATION OF TRANSCRIPTION ELONGATION BY RNA POLYMERASE II%GOBP%GO:0032968	POSITIVE REGULATION OF TRANSCRIPTION ELONGATION BY RNA POLYMERASE II%GOBP%GO:0032968		50	-0.2440861	-0.8679822	0.7853881	1.0	1.0	929	tags=10%, list=4%, signal=10%	
PHOSPHORYLATED BMAL1:CLOCK (ARNTL:CLOCK) ACTIVATES EXPRESSION OF CORE CLOCK GENES%REACTOME DATABASE ID RELEASE 95%9931510	PHOSPHORYLATED BMAL1:CLOCK (ARNTL:CLOCK) ACTIVATES EXPRESSION OF CORE CLOCK GENES%REACTOME DATABASE ID RELEASE 95%9931510		20	-0.2952542	-0.86786306	0.65084743	1.0	1.0	3547	tags=25%, list=14%, signal=29%	
MITOCHONDRIAL RIBOSOME-ASSOCIATED QUALITY CONTROL%REACTOME DATABASE ID RELEASE 95%9937383	MITOCHONDRIAL RIBOSOME-ASSOCIATED QUALITY CONTROL%REACTOME DATABASE ID RELEASE 95%9937383		90	-0.21943104	-0.8677442	0.8129032	1.0	1.0	5397	tags=37%, list=22%, signal=47%	
SKELETAL MUSCLE TISSUE DEVELOPMENT%GOBP%GO:0007519	SKELETAL MUSCLE TISSUE DEVELOPMENT%GOBP%GO:0007519		50	-0.23746586	-0.8672326	0.78571427	1.0	1.0	1922	tags=12%, list=8%, signal=13%	
PYRIDINE-CONTAINING COMPOUND BIOSYNTHETIC PROCESS%GOBP%GO:0072525	PYRIDINE-CONTAINING COMPOUND BIOSYNTHETIC PROCESS%GOBP%GO:0072525		17	-0.30987892	-0.8672003	0.6828479	1.0	1.0	3405	tags=29%, list=14%, signal=34%	
REGULATION OF LIPID STORAGE%GOBP%GO:0010883	REGULATION OF LIPID STORAGE%GOBP%GO:0010883		37	-0.26157457	-0.8669786	0.7027027	1.0	1.0	2381	tags=16%, list=10%, signal=18%	
AUTOPHAGY%REACTOME DATABASE ID RELEASE 95%9612973	AUTOPHAGY%REACTOME DATABASE ID RELEASE 95%9612973		137	-0.20280239	-0.8665509	0.8854962	1.0	1.0	3030	tags=14%, list=12%, signal=16%	
NEGATIVE REGULATION OF TOLL-LIKE RECEPTOR SIGNALING PATHWAY%GOBP%GO:0034122	NEGATIVE REGULATION OF TOLL-LIKE RECEPTOR SIGNALING PATHWAY%GOBP%GO:0034122		15	-0.32079715	-0.86593264	0.69078946	1.0	1.0	899	tags=13%, list=4%, signal=14%	
ABORTIVE ELONGATION OF HIV-1 TRANSCRIPT IN THE ABSENCE OF TAT%REACTOME DATABASE ID RELEASE 95%167242	ABORTIVE ELONGATION OF HIV-1 TRANSCRIPT IN THE ABSENCE OF TAT%REACTOME DATABASE ID RELEASE 95%167242		23	-0.2827172	-0.8656604	0.66071427	1.0	1.0	5048	tags=43%, list=21%, signal=55%	
VESICLE BUDDING FROM MEMBRANE%GOBP%GO:0006900	VESICLE BUDDING FROM MEMBRANE%GOBP%GO:0006900		76	-0.2216664	-0.864745	0.82722515	1.0	1.0	2308	tags=16%, list=9%, signal=17%	
LONG-TERM SYNAPTIC POTENTIATION%GOBP%GO:0060291	LONG-TERM SYNAPTIC POTENTIATION%GOBP%GO:0060291		29	-0.2769017	-0.86419594	0.6914498	1.0	1.0	15	tags=7%, list=0%, signal=7%	
ATR SIGNALING PATHWAY%PATHWAY INTERACTION DATABASE NCI-NATURE CURATED DATA%ATR SIGNALING PATHWAY	ATR SIGNALING PATHWAY%PATHWAY INTERACTION DATABASE NCI-NATURE CURATED DATA%ATR SIGNALING PATHWAY		39	-0.2459573	-0.86396736	0.7373272	1.0	1.0	2058	tags=15%, list=8%, signal=17%	
UROTENSIN II MEDIATED SIGNALING%WIKIPATHWAYS_20260211%WP5158%HOMO SAPIENS	UROTENSIN II MEDIATED SIGNALING%WIKIPATHWAYS_20260211%WP5158%HOMO SAPIENS		60	-0.22458357	-0.8639673	0.7741935	1.0	1.0	2975	tags=18%, list=12%, signal=21%	
REGULATION OF CENTROSOME CYCLE%GOBP%GO:0046605	REGULATION OF CENTROSOME CYCLE%GOBP%GO:0046605		54	-0.23320353	-0.86394906	0.7589286	1.0	1.0	3088	tags=19%, list=13%, signal=21%	
PROTON TRANSMEMBRANE TRANSPORT%GOBP%GO:1902600	PROTON TRANSMEMBRANE TRANSPORT%GOBP%GO:1902600		61	-0.23377483	-0.8639053	0.75609756	1.0	1.0	3723	tags=21%, list=15%, signal=25%	
NEGATIVE REGULATION OF CHONDROCYTE DIFFERENTIATION%GOBP%GO:0032331	NEGATIVE REGULATION OF CHONDROCYTE DIFFERENTIATION%GOBP%GO:0032331		16	-0.31681502	-0.86360544	0.66019416	1.0	1.0	1061	tags=13%, list=4%, signal=13%	
CELLULAR COMPONENT DISASSEMBLY INVOLVED IN EXECUTION PHASE OF APOPTOSIS%GOBP%GO:0006921	CELLULAR COMPONENT DISASSEMBLY INVOLVED IN EXECUTION PHASE OF APOPTOSIS%GOBP%GO:0006921		20	-0.29244474	-0.8634863	0.68013465	1.0	1.0	768	tags=10%, list=3%, signal=10%	
ERK MAPK TARGETS%REACTOME%R-HSA-198753.3	ERK MAPK TARGETS%REACTOME%R-HSA-198753.3		22	-0.28963566	-0.8622141	0.69473684	1.0	1.0	903	tags=14%, list=4%, signal=14%	
REGULATION OF CARBOHYDRATE METABOLIC PROCESS%GOBP%GO:0006109	REGULATION OF CARBOHYDRATE METABOLIC PROCESS%GOBP%GO:0006109		130	-0.20232685	-0.861356	0.91071427	1.0	1.0	3601	tags=22%, list=15%, signal=25%	
RESPONSE TO ATP%GOBP%GO:0033198	RESPONSE TO ATP%GOBP%GO:0033198		20	-0.29581767	-0.860777	0.67333335	1.0	1.0	1340	tags=15%, list=5%, signal=16%	
NEGATIVE REGULATION OF OSTEOCLAST DIFFERENTIATION%GOBP%GO:0045671	NEGATIVE REGULATION OF OSTEOCLAST DIFFERENTIATION%GOBP%GO:0045671		25	-0.28075615	-0.8606809	0.66433567	1.0	1.0	833	tags=12%, list=3%, signal=12%	
GLUCAN METABOLIC PROCESS%GOBP%GO:0044042	GLUCAN METABOLIC PROCESS%GOBP%GO:0044042		35	-0.2582846	-0.86045533	0.7307692	1.0	1.0	5872	tags=40%, list=24%, signal=53%	
POSITIVE REGULATION OF LEUKOCYTE APOPTOTIC PROCESS%GOBP%GO:2000108	POSITIVE REGULATION OF LEUKOCYTE APOPTOTIC PROCESS%GOBP%GO:2000108		20	-0.29515213	-0.85994834	0.7092652	1.0	1.0	332	tags=10%, list=1%, signal=10%	
NEGATIVE REGULATION OF INTERLEUKIN-2 PRODUCTION%GOBP%GO:0032703	NEGATIVE REGULATION OF INTERLEUKIN-2 PRODUCTION%GOBP%GO:0032703		22	-0.2902216	-0.85985714	0.7060811	1.0	1.0	1955	tags=23%, list=8%, signal=25%	
REGULATION OF POST-TRANSLATIONAL PROTEIN MODIFICATION%GOBP%GO:1901873	REGULATION OF POST-TRANSLATIONAL PROTEIN MODIFICATION%GOBP%GO:1901873		194	-0.19313653	-0.85836726	0.9117647	1.0	1.0	5230	tags=29%, list=21%, signal=37%	
REGULATION OF PLATELET AGGREGATION%GOBP%GO:0090330	REGULATION OF PLATELET AGGREGATION%GOBP%GO:0090330		27	-0.2670387	-0.85793835	0.6985816	1.0	1.0	1694	tags=15%, list=7%, signal=16%	
HALLMARK_EPITHELIAL_MESENCHYMAL_TRANSITION%MSIGDBHALLMARK%HALLMARK_EPITHELIAL_MESENCHYMAL_TRANSITION	HALLMARK_EPITHELIAL_MESENCHYMAL_TRANSITION%MSIGDBHALLMARK%HALLMARK_EPITHELIAL_MESENCHYMAL_TRANSITION		158	-0.19709466	-0.85749495	0.9010989	1.0	1.0	3066	tags=15%, list=13%, signal=17%	
POSITIVE REGULATION OF BMP SIGNALING PATHWAY%GOBP%GO:0030513	POSITIVE REGULATION OF BMP SIGNALING PATHWAY%GOBP%GO:0030513		24	-0.27481627	-0.85747844	0.67518246	1.0	1.0	4695	tags=42%, list=19%, signal=51%	
POSITIVE REGULATION OF TELOMERE MAINTENANCE VIA TELOMERE LENGTHENING%GOBP%GO:1904358	POSITIVE REGULATION OF TELOMERE MAINTENANCE VIA TELOMERE LENGTHENING%GOBP%GO:1904358		26	-0.2742408	-0.8573369	0.7443609	1.0	1.0	3583	tags=31%, list=15%, signal=36%	
EXTRINSIC APOPTOTIC SIGNALING PATHWAY VIA DEATH DOMAIN RECEPTORS%GOBP%GO:0008625	EXTRINSIC APOPTOTIC SIGNALING PATHWAY VIA DEATH DOMAIN RECEPTORS%GOBP%GO:0008625		38	-0.2553432	-0.8571379	0.69266057	1.0	1.0	1914	tags=13%, list=8%, signal=14%	
REGULATION OF BROWN FAT CELL DIFFERENTIATION%GOBP%GO:0090335	REGULATION OF BROWN FAT CELL DIFFERENTIATION%GOBP%GO:0090335		22	-0.2869438	-0.85647476	0.65543073	1.0	1.0	2375	tags=18%, list=10%, signal=20%	
ESTABLISHMENT OF MITOCHONDRION LOCALIZATION, MICROTUBULE-MEDIATED%GOBP%GO:0034643	ESTABLISHMENT OF MITOCHONDRION LOCALIZATION, MICROTUBULE-MEDIATED%GOBP%GO:0034643		22	-0.2833908	-0.8562535	0.6574395	1.0	1.0	3402	tags=36%, list=14%, signal=42%	
NUCLEOTIDE-EXCISION REPAIR%GOBP%GO:0006289	NUCLEOTIDE-EXCISION REPAIR%GOBP%GO:0006289		59	-0.23474792	-0.8556641	0.76649743	1.0	1.0	3577	tags=24%, list=15%, signal=28%	
RESPONSE TO ELEVATED PLATELET CYTOSOLIC CA2+%REACTOME DATABASE ID RELEASE 95%76005	RESPONSE TO ELEVATED PLATELET CYTOSOLIC CA2+%REACTOME DATABASE ID RELEASE 95%76005		131	-0.19800961	-0.8554285	0.9051724	1.0	1.0	3514	tags=18%, list=14%, signal=21%	
NEGATIVE REGULATION OF TUMOR NECROSIS FACTOR PRODUCTION%GOBP%GO:0032720	NEGATIVE REGULATION OF TUMOR NECROSIS FACTOR PRODUCTION%GOBP%GO:0032720		48	-0.2389024	-0.8554041	0.764977	1.0	1.0	1692	tags=17%, list=7%, signal=18%	
INTRACELLULAR SIGNALLING THROUGH ADENOSINE RECEPTOR A2A AND ADENOSINE%SMPDB%SMP0000320	INTRACELLULAR SIGNALLING THROUGH ADENOSINE RECEPTOR A2A AND ADENOSINE%SMPDB%SMP0000320		37	-0.24973029	-0.8552893	0.7276423	1.0	1.0	2395	tags=16%, list=10%, signal=18%	
DEREGULATING CELLULAR METABOLISM THROUGH NON GENOTOXIC CARCINOGENS%WIKIPATHWAYS_20260211%WP5571%HOMO SAPIENS	DEREGULATING CELLULAR METABOLISM THROUGH NON GENOTOXIC CARCINOGENS%WIKIPATHWAYS_20260211%WP5571%HOMO SAPIENS		18	-0.3000717	-0.85524535	0.6830065	1.0	1.0	2429	tags=22%, list=10%, signal=25%	
NLS-BEARING PROTEIN IMPORT INTO NUCLEUS%GOBP%GO:0006607	NLS-BEARING PROTEIN IMPORT INTO NUCLEUS%GOBP%GO:0006607		19	-0.29729593	-0.8542507	0.67808217	1.0	1.0	53	tags=5%, list=0%, signal=5%	
REGULATION OF ACUTE INFLAMMATORY RESPONSE%GOBP%GO:0002673	REGULATION OF ACUTE INFLAMMATORY RESPONSE%GOBP%GO:0002673		33	-0.25370276	-0.85415226	0.74583334	1.0	1.0	3095	tags=15%, list=13%, signal=17%	
REGULATION OF TRANSLATION IN RESPONSE TO STRESS%GOBP%GO:0043555	REGULATION OF TRANSLATION IN RESPONSE TO STRESS%GOBP%GO:0043555		17	-0.30051634	-0.8537564	0.68896323	1.0	1.0	3341	tags=29%, list=14%, signal=34%	
REGULATION OF AMINE TRANSPORT%GOBP%GO:0051952	REGULATION OF AMINE TRANSPORT%GOBP%GO:0051952		39	-0.24848637	-0.852485	0.72384936	1.0	1.0	3943	tags=31%, list=16%, signal=37%	
REGULATION OF CELL FATE COMMITMENT%GOBP%GO:0010453	REGULATION OF CELL FATE COMMITMENT%GOBP%GO:0010453		35	-0.2509311	-0.85247296	0.72490704	1.0	1.0	2314	tags=17%, list=9%, signal=19%	
MITOCHONDRIAL CALCIUM ION TRANSMEMBRANE TRANSPORT%GOBP%GO:0006851	MITOCHONDRIAL CALCIUM ION TRANSMEMBRANE TRANSPORT%GOBP%GO:0006851		20	-0.2935066	-0.8513346	0.70068026	1.0	1.0	1215	tags=10%, list=5%, signal=11%	
BIOCARTA_MET_PATHWAY%MSIGDB_C2%BIOCARTA_MET_PATHWAY	BIOCARTA_MET_PATHWAY%MSIGDB_C2%BIOCARTA_MET_PATHWAY		28	-0.2653398	-0.8509816	0.7392996	1.0	1.0	1396	tags=14%, list=6%, signal=15%	
REGULATION OF MUSCLE ORGAN DEVELOPMENT%GOBP%GO:0048634	REGULATION OF MUSCLE ORGAN DEVELOPMENT%GOBP%GO:0048634		23	-0.28599095	-0.850781	0.73828125	1.0	1.0	3792	tags=26%, list=15%, signal=31%	
REGULATION OF MIRNA METABOLIC PROCESS%GOBP%GO:2000628	REGULATION OF MIRNA METABOLIC PROCESS%GOBP%GO:2000628		74	-0.21561821	-0.8495885	0.84076434	1.0	1.0	3195	tags=20%, list=13%, signal=23%	
PID_UPA_UPAR_PATHWAY%MSIGDB_C2%PID_UPA_UPAR_PATHWAY	PID_UPA_UPAR_PATHWAY%MSIGDB_C2%PID_UPA_UPAR_PATHWAY		29	-0.27039626	-0.8492457	0.72307694	1.0	1.0	572	tags=7%, list=2%, signal=7%	
REGULATION OF CHONDROCYTE DIFFERENTIATION%GOBP%GO:0032330	REGULATION OF CHONDROCYTE DIFFERENTIATION%GOBP%GO:0032330		29	-0.2650925	-0.84916973	0.76953125	1.0	1.0	2904	tags=21%, list=12%, signal=23%	
ENDOTHELIUM DEVELOPMENT%GOBP%GO:0003158	ENDOTHELIUM DEVELOPMENT%GOBP%GO:0003158		67	-0.22473128	-0.8490979	0.7932961	1.0	1.0	2336	tags=13%, list=10%, signal=15%	
REGULATION OF HOMOTYPIC CELL-CELL ADHESION%GOBP%GO:0034110	REGULATION OF HOMOTYPIC CELL-CELL ADHESION%GOBP%GO:0034110		35	-0.24685413	-0.84873426	0.766129	1.0	1.0	1808	tags=14%, list=7%, signal=15%	
REGULATION OF ENDOTHELIAL CELL PROLIFERATION%GOBP%GO:0001936	REGULATION OF ENDOTHELIAL CELL PROLIFERATION%GOBP%GO:0001936		108	-0.20668232	-0.84781414	0.8880597	1.0	1.0	2412	tags=12%, list=10%, signal=13%	
SEMA3A PAK DEPENDENT AXON REPULSION%REACTOME%R-HSA-399954.4	SEMA3A PAK DEPENDENT AXON REPULSION%REACTOME%R-HSA-399954.4		16	-0.30386475	-0.8474855	0.6701031	1.0	1.0	5331	tags=38%, list=22%, signal=48%	
WNT%NETPATH%WNT	WNT%NETPATH%WNT		46	-0.23481323	-0.84716403	0.7777778	1.0	1.0	1735	tags=13%, list=7%, signal=14%	
POSTTRANSLATIONAL REGULATION OF ADHERENS JUNCTION STABILITY AND DISSASSEMBLY%PATHWAY INTERACTION DATABASE NCI-NATURE CURATED DATA%POSTTRANSLATIONAL REGULATION OF ADHERENS JUNCTION STABILITY AND DISSASSEMBLY	POSTTRANSLATIONAL REGULATION OF ADHERENS JUNCTION STABILITY AND DISSASSEMBLY%PATHWAY INTERACTION DATABASE NCI-NATURE CURATED DATA%POSTTRANSLATIONAL REGULATION OF ADHERENS JUNCTION STABILITY AND DISSASSEMBLY		48	-0.23490311	-0.84703815	0.81220657	1.0	1.0	2701	tags=17%, list=11%, signal=19%	
HEDGEHOG 'OFF' STATE%REACTOME DATABASE ID RELEASE 95%5610787	HEDGEHOG 'OFF' STATE%REACTOME DATABASE ID RELEASE 95%5610787		87	-0.20865062	-0.847015	0.86585367	1.0	1.0	4658	tags=28%, list=19%, signal=34%	
HOST-MEDIATED ACTIVATION OF VIRAL PROCESS%GOBP%GO:0044794	HOST-MEDIATED ACTIVATION OF VIRAL PROCESS%GOBP%GO:0044794		34	-0.25892758	-0.84700984	0.7203065	1.0	1.0	5061	tags=35%, list=21%, signal=44%	
HIGH-DENSITY LIPOPROTEIN PARTICLE REMODELING%GOBP%GO:0034375	HIGH-DENSITY LIPOPROTEIN PARTICLE REMODELING%GOBP%GO:0034375		20	-0.29356617	-0.846478	0.6687697	1.0	1.0	2381	tags=20%, list=10%, signal=22%	
INSULIN PROCESSING%REACTOME DATABASE ID RELEASE 95%264876	INSULIN PROCESSING%REACTOME DATABASE ID RELEASE 95%264876		25	-0.26610485	-0.84600407	0.7101911	1.0	1.0	3360	tags=20%, list=14%, signal=23%	
RNA POLYMERASE III TRANSCRIPTION INITIATION%REACTOME%R-HSA-76046.4	RNA POLYMERASE III TRANSCRIPTION INITIATION%REACTOME%R-HSA-76046.4		36	-0.25085306	-0.8456217	0.7651515	1.0	1.0	3624	tags=25%, list=15%, signal=29%	
GAP JUNCTION TRAFFICKING AND REGULATION%REACTOME DATABASE ID RELEASE 95%157858	GAP JUNCTION TRAFFICKING AND REGULATION%REACTOME DATABASE ID RELEASE 95%157858		29	-0.2616962	-0.8454318	0.7380952	1.0	1.0	1512	tags=10%, list=6%, signal=11%	
REGULATION OF MITF-M-DEPENDENT GENES INVOLVED IN PIGMENTATION%REACTOME DATABASE ID RELEASE 95%9824585	REGULATION OF MITF-M-DEPENDENT GENES INVOLVED IN PIGMENTATION%REACTOME DATABASE ID RELEASE 95%9824585		40	-0.23790574	-0.84529763	0.770428	1.0	1.0	1808	tags=13%, list=7%, signal=13%	
INTERCONVERSION OF NUCLEOTIDE DI- AND TRIPHOSPHATES%REACTOME DATABASE ID RELEASE 95%499943	INTERCONVERSION OF NUCLEOTIDE DI- AND TRIPHOSPHATES%REACTOME DATABASE ID RELEASE 95%499943		27	-0.2681797	-0.84507865	0.7255639	1.0	1.0	2469	tags=19%, list=10%, signal=21%	
MITOCHONDRION TRANSPORT ALONG MICROTUBULE%GOBP%GO:0047497	MITOCHONDRION TRANSPORT ALONG MICROTUBULE%GOBP%GO:0047497		22	-0.2833908	-0.8449773	0.7456446	1.0	1.0	3402	tags=36%, list=14%, signal=42%	
REGULATION OF ESTABLISHMENT OR MAINTENANCE OF CELL POLARITY%GOBP%GO:0032878	REGULATION OF ESTABLISHMENT OR MAINTENANCE OF CELL POLARITY%GOBP%GO:0032878		23	-0.2814721	-0.8443082	0.6925676	1.0	1.0	1445	tags=13%, list=6%, signal=14%	
TRNA METHYLATION%GOBP%GO:0030488	TRNA METHYLATION%GOBP%GO:0030488		38	-0.24864873	-0.8434352	0.78902954	1.0	1.0	1892	tags=13%, list=8%, signal=14%	
RETINA MORPHOGENESIS IN CAMERA-TYPE EYE%GOBP%GO:0060042	RETINA MORPHOGENESIS IN CAMERA-TYPE EYE%GOBP%GO:0060042		33	-0.25372863	-0.84290946	0.734375	1.0	1.0	1646	tags=12%, list=7%, signal=13%	
NEGATIVE REGULATION OF MRNA SPLICING, VIA SPLICEOSOME%GOBP%GO:0048025	NEGATIVE REGULATION OF MRNA SPLICING, VIA SPLICEOSOME%GOBP%GO:0048025		26	-0.2731065	-0.84246373	0.7403509	1.0	1.0	4627	tags=31%, list=19%, signal=38%	
REGULATION OF MIRNA-MEDIATED GENE SILENCING%GOBP%GO:0060964	REGULATION OF MIRNA-MEDIATED GENE SILENCING%GOBP%GO:0060964		28	-0.26309288	-0.84207267	0.74903476	1.0	1.0	2760	tags=21%, list=11%, signal=24%	
FACE DEVELOPMENT%GOBP%GO:0060324	FACE DEVELOPMENT%GOBP%GO:0060324		17	-0.29519114	-0.84204006	0.7118644	1.0	1.0	3094	tags=29%, list=13%, signal=34%	
SULFUR AMINO ACID METABOLISM%REACTOME DATABASE ID RELEASE 95%1614635	SULFUR AMINO ACID METABOLISM%REACTOME DATABASE ID RELEASE 95%1614635		28	-0.26668715	-0.8419539	0.71755725	1.0	1.0	4078	tags=21%, list=17%, signal=26%	
SIGNALING EVENTS MEDIATED BY PRL%PATHWAY INTERACTION DATABASE NCI-NATURE CURATED DATA%SIGNALING EVENTS MEDIATED BY PRL	SIGNALING EVENTS MEDIATED BY PRL%PATHWAY INTERACTION DATABASE NCI-NATURE CURATED DATA%SIGNALING EVENTS MEDIATED BY PRL		23	-0.2760755	-0.84108585	0.68874174	1.0	1.0	4594	tags=26%, list=19%, signal=32%	
PROTEIN LOCALIZATION TO CHROMATIN%GOBP%GO:0071168	PROTEIN LOCALIZATION TO CHROMATIN%GOBP%GO:0071168		33	-0.2524733	-0.8409134	0.75092936	1.0	1.0	2239	tags=15%, list=9%, signal=17%	
RRNA CATABOLIC PROCESS%GOBP%GO:0016075	RRNA CATABOLIC PROCESS%GOBP%GO:0016075		18	-0.28949943	-0.8406761	0.7170418	1.0	1.0	5971	tags=44%, list=24%, signal=59%	
GAP-FILLING DNA REPAIR SYNTHESIS AND LIGATION IN TC-NER%REACTOME%R-HSA-6782210.3	GAP-FILLING DNA REPAIR SYNTHESIS AND LIGATION IN TC-NER%REACTOME%R-HSA-6782210.3		61	-0.22204295	-0.8406121	0.8547486	1.0	1.0	5478	tags=36%, list=22%, signal=46%	
STEROID HORMONE BIOSYNTHETIC PROCESS%GOBP%GO:0120178	STEROID HORMONE BIOSYNTHETIC PROCESS%GOBP%GO:0120178		27	-0.2703158	-0.8402508	0.7607143	1.0	1.0	942	tags=11%, list=4%, signal=12%	
TERPENOID METABOLIC PROCESS%GOBP%GO:0006721	TERPENOID METABOLIC PROCESS%GOBP%GO:0006721		85	-0.21340899	-0.8399906	0.89349115	1.0	1.0	1535	tags=11%, list=6%, signal=11%	
LPA RECEPTOR MEDIATED EVENTS%PATHWAY INTERACTION DATABASE NCI-NATURE CURATED DATA%LPA RECEPTOR MEDIATED EVENTS	LPA RECEPTOR MEDIATED EVENTS%PATHWAY INTERACTION DATABASE NCI-NATURE CURATED DATA%LPA RECEPTOR MEDIATED EVENTS		64	-0.21964248	-0.8391673	0.87777776	1.0	1.0	1396	tags=9%, list=6%, signal=10%	
NEGATIVE REGULATION OF T CELL MEDIATED IMMUNITY%GOBP%GO:0002710	NEGATIVE REGULATION OF T CELL MEDIATED IMMUNITY%GOBP%GO:0002710		28	-0.25938943	-0.83859086	0.71705425	1.0	1.0	4034	tags=29%, list=16%, signal=34%	
REGULATION OF COLLAGEN METABOLIC PROCESS%GOBP%GO:0010712	REGULATION OF COLLAGEN METABOLIC PROCESS%GOBP%GO:0010712		23	-0.26929066	-0.8379083	0.73021585	1.0	1.0	3421	tags=26%, list=14%, signal=30%	
G1 S TRANSITION%REACTOME DATABASE ID RELEASE 95%69206	G1 S TRANSITION%REACTOME DATABASE ID RELEASE 95%69206		121	-0.19941327	-0.8378407	0.8632479	1.0	1.0	4658	tags=27%, list=19%, signal=34%	
TRNA 5'-END PROCESSING%GOBP%GO:0099116	TRNA 5'-END PROCESSING%GOBP%GO:0099116		15	-0.31135234	-0.83730835	0.67173254	1.0	1.0	3824	tags=33%, list=16%, signal=39%	
NEGATIVE REGULATION OF CANONICAL NF-KAPPAB SIGNAL TRANSDUCTION%GOBP%GO:0043124	NEGATIVE REGULATION OF CANONICAL NF-KAPPAB SIGNAL TRANSDUCTION%GOBP%GO:0043124		78	-0.21721278	-0.83689517	0.8993711	1.0	1.0	1950	tags=13%, list=8%, signal=14%	
REGULATION OF POST-TRANSCRIPTIONAL GENE SILENCING%GOBP%GO:0060147	REGULATION OF POST-TRANSCRIPTIONAL GENE SILENCING%GOBP%GO:0060147		28	-0.26309288	-0.8368194	0.77220076	1.0	1.0	2760	tags=21%, list=11%, signal=24%	
APOPTOTIC NUCLEAR CHANGES%GOBP%GO:0030262	APOPTOTIC NUCLEAR CHANGES%GOBP%GO:0030262		18	-0.30257136	-0.8367338	0.71513355	1.0	1.0	768	tags=11%, list=3%, signal=11%	
RNA 5'-END PROCESSING%GOBP%GO:0000966	RNA 5'-END PROCESSING%GOBP%GO:0000966		38	-0.24986361	-0.8359039	0.7901786	1.0	1.0	3824	tags=26%, list=16%, signal=31%	
ACTIVATION OF G PROTEIN GATED POTASSIUM CHANNELS%REACTOME%R-HSA-1296041.4	ACTIVATION OF G PROTEIN GATED POTASSIUM CHANNELS%REACTOME%R-HSA-1296041.4		29	-0.25315925	-0.8352956	0.7601626	1.0	1.0	1619	tags=14%, list=7%, signal=15%	
REGULATION OF SIGNAL TRANSDUCTION BY P53 CLASS MEDIATOR%GOBP%GO:1901796	REGULATION OF SIGNAL TRANSDUCTION BY P53 CLASS MEDIATOR%GOBP%GO:1901796		101	-0.20694338	-0.83512866	0.9029851	1.0	1.0	2397	tags=17%, list=10%, signal=19%	
PHYSICO CHEMICAL FEATURES AND TOXICITY ASSOCIATED PATHWAYS%WIKIPATHWAYS_20260211%WP3680%HOMO SAPIENS	PHYSICO CHEMICAL FEATURES AND TOXICITY ASSOCIATED PATHWAYS%WIKIPATHWAYS_20260211%WP3680%HOMO SAPIENS		52	-0.2311143	-0.83434296	0.79452056	1.0	1.0	5541	tags=44%, list=23%, signal=57%	
RESPONSE TO ESTRADIOL%GOBP%GO:0032355	RESPONSE TO ESTRADIOL%GOBP%GO:0032355		31	-0.24492279	-0.83415514	0.7790698	1.0	1.0	4119	tags=26%, list=17%, signal=31%	
INOSITOL PHOSPHATE METABOLIC PROCESS%GOBP%GO:0043647	INOSITOL PHOSPHATE METABOLIC PROCESS%GOBP%GO:0043647		24	-0.2630948	-0.8336052	0.75524473	1.0	1.0	3170	tags=21%, list=13%, signal=24%	
COPII-COATED VESICLE BUDDING%GOBP%GO:0090114	COPII-COATED VESICLE BUDDING%GOBP%GO:0090114		39	-0.24173734	-0.83315766	0.7787234	1.0	1.0	2308	tags=18%, list=9%, signal=20%	
POSITIVE REGULATION OF T-HELPER CELL DIFFERENTIATION%GOBP%GO:0045624	POSITIVE REGULATION OF T-HELPER CELL DIFFERENTIATION%GOBP%GO:0045624		22	-0.27359563	-0.8331386	0.73144877	1.0	1.0	5209	tags=36%, list=21%, signal=46%	
NEGATIVE REGULATION OF MEIOTIC CELL CYCLE%GOBP%GO:0051447	NEGATIVE REGULATION OF MEIOTIC CELL CYCLE%GOBP%GO:0051447		16	-0.30719435	-0.8329325	0.7133758	1.0	1.0	2134	tags=19%, list=9%, signal=21%	
REGULATION OF SMOOTH MUSCLE CELL PROLIFERATION%GOBP%GO:0048660	REGULATION OF SMOOTH MUSCLE CELL PROLIFERATION%GOBP%GO:0048660		85	-0.20898288	-0.8325483	0.8915663	1.0	1.0	3016	tags=15%, list=12%, signal=17%	
VEGFR2 MEDIATED VASCULAR PERMEABILITY%REACTOME%R-HSA-5218920.4	VEGFR2 MEDIATED VASCULAR PERMEABILITY%REACTOME%R-HSA-5218920.4		27	-0.2579949	-0.83254194	0.780303	1.0	1.0	5826	tags=37%, list=24%, signal=49%	
REGULATION OF GLUCONEOGENESIS%GOBP%GO:0006111	REGULATION OF GLUCONEOGENESIS%GOBP%GO:0006111		38	-0.2464877	-0.8318206	0.7777778	1.0	1.0	3511	tags=24%, list=14%, signal=28%	
NUCLEOLAR LARGE RRNA TRANSCRIPTION BY RNA POLYMERASE I%GOBP%GO:0042790	NUCLEOLAR LARGE RRNA TRANSCRIPTION BY RNA POLYMERASE I%GOBP%GO:0042790		15	-0.30236548	-0.8315911	0.6752412	1.0	1.0	17092	tags=100%, list=70%, signal=331%	
REGULATION OF GENERATION OF PRECURSOR METABOLITES AND ENERGY%GOBP%GO:0043467	REGULATION OF GENERATION OF PRECURSOR METABOLITES AND ENERGY%GOBP%GO:0043467		105	-0.20251775	-0.831559	0.9020979	1.0	1.0	3849	tags=21%, list=16%, signal=25%	
CELLULAR RESPONSE TO CHEMICAL STRESS%REACTOME DATABASE ID RELEASE 95%9711123	CELLULAR RESPONSE TO CHEMICAL STRESS%REACTOME DATABASE ID RELEASE 95%9711123		188	-0.18676649	-0.8314033	0.9382716	1.0	1.0	5522	tags=30%, list=23%, signal=38%	
POSITIVE REGULATION OF MORPHOGENESIS OF AN EPITHELIUM%GOBP%GO:1905332	POSITIVE REGULATION OF MORPHOGENESIS OF AN EPITHELIUM%GOBP%GO:1905332		26	-0.2697337	-0.8313067	0.75409836	1.0	1.0	1808	tags=15%, list=7%, signal=17%	
REGULATION OF PROTEASOMAL UBIQUITIN-DEPENDENT PROTEIN CATABOLIC PROCESS%GOBP%GO:0032434	REGULATION OF PROTEASOMAL UBIQUITIN-DEPENDENT PROTEIN CATABOLIC PROCESS%GOBP%GO:0032434		119	-0.20291442	-0.83115494	0.91071427	1.0	1.0	5757	tags=33%, list=24%, signal=43%	
EPITHELIAL TO MESENCHYMAL TRANSITION%GOBP%GO:0001837	EPITHELIAL TO MESENCHYMAL TRANSITION%GOBP%GO:0001837		67	-0.215392	-0.8295717	0.8244681	1.0	1.0	2904	tags=19%, list=12%, signal=22%	
GLUTAMATE BINDING, ACTIVATION OF AMPA RECEPTORS AND SYNAPTIC PLASTICITY%REACTOME%R-HSA-399721.5	GLUTAMATE BINDING, ACTIVATION OF AMPA RECEPTORS AND SYNAPTIC PLASTICITY%REACTOME%R-HSA-399721.5		27	-0.2632668	-0.82884216	0.748062	1.0	1.0	3175	tags=19%, list=13%, signal=21%	
REGULATION OF POST-TRANSCRIPTIONAL GENE SILENCING BY REGULATORY NCRNA%GOBP%GO:1900368	REGULATION OF POST-TRANSCRIPTIONAL GENE SILENCING BY REGULATORY NCRNA%GOBP%GO:1900368		28	-0.26309288	-0.8287626	0.7821429	1.0	1.0	2760	tags=21%, list=11%, signal=24%	
ENTRAINMENT OF CIRCADIAN CLOCK%GOBP%GO:0009649	ENTRAINMENT OF CIRCADIAN CLOCK%GOBP%GO:0009649		26	-0.26932877	-0.82840645	0.7647059	1.0	1.0	4964	tags=35%, list=20%, signal=43%	
PID_AVB3_INTEGRIN_PATHWAY%MSIGDB_C2%PID_AVB3_INTEGRIN_PATHWAY	PID_AVB3_INTEGRIN_PATHWAY%MSIGDB_C2%PID_AVB3_INTEGRIN_PATHWAY		58	-0.22337833	-0.82822996	0.81632656	1.0	1.0	1396	tags=9%, list=6%, signal=9%	
TRNA CHARGING%BIOCYC%TRNA-CHARGING-PWY	TRNA CHARGING%BIOCYC%TRNA-CHARGING-PWY		38	-0.24236415	-0.827893	0.8034188	1.0	1.0	2747	tags=18%, list=11%, signal=21%	
IMP METABOLIC PROCESS%GOBP%GO:0046040	IMP METABOLIC PROCESS%GOBP%GO:0046040		15	-0.30653945	-0.82658243	0.70508474	1.0	1.0	2482	tags=33%, list=10%, signal=37%	
G PROTEIN GATED POTASSIUM CHANNELS%REACTOME%R-HSA-1296059.4	G PROTEIN GATED POTASSIUM CHANNELS%REACTOME%R-HSA-1296059.4		29	-0.25315925	-0.825913	0.7634855	1.0	1.0	1619	tags=14%, list=7%, signal=15%	
NEUROINFLAMMATION AND GLUTAMATERGIC SIGNALING%WIKIPATHWAYS_20260211%WP5083%HOMO SAPIENS	NEUROINFLAMMATION AND GLUTAMATERGIC SIGNALING%WIKIPATHWAYS_20260211%WP5083%HOMO SAPIENS		108	-0.20031324	-0.82575214	0.9435484	1.0	1.0	3175	tags=15%, list=13%, signal=17%	
TRANSCRIPTIONAL REGULATION BY THE AP-2 (TFAP2) FAMILY OF TRANSCRIPTION FACTORS%REACTOME%R-HSA-8864260.5	TRANSCRIPTIONAL REGULATION BY THE AP-2 (TFAP2) FAMILY OF TRANSCRIPTION FACTORS%REACTOME%R-HSA-8864260.5		36	-0.24318247	-0.8255618	0.8063241	1.0	1.0	3778	tags=25%, list=15%, signal=30%	
PROSTANOID BIOSYNTHETIC PROCESS%GOBP%GO:0046457	PROSTANOID BIOSYNTHETIC PROCESS%GOBP%GO:0046457		17	-0.28751254	-0.8237186	0.73	1.0	1.0	2142	tags=12%, list=9%, signal=13%	
NEGATIVE REGULATION OF MUSCLE CELL DIFFERENTIATION%GOBP%GO:0051148	NEGATIVE REGULATION OF MUSCLE CELL DIFFERENTIATION%GOBP%GO:0051148		34	-0.24813105	-0.8231531	0.7992126	1.0	1.0	3757	tags=26%, list=15%, signal=31%	
TP53 NETWORK%WIKIPATHWAYS_20260211%WP1742%HOMO SAPIENS	TP53 NETWORK%WIKIPATHWAYS_20260211%WP1742%HOMO SAPIENS		16	-0.3055617	-0.8228918	0.6961652	1.0	1.0	5998	tags=50%, list=24%, signal=66%	
CENTRAL NERVOUS SYSTEM NEURON DEVELOPMENT%GOBP%GO:0021954	CENTRAL NERVOUS SYSTEM NEURON DEVELOPMENT%GOBP%GO:0021954		43	-0.23205326	-0.8228788	0.7928287	1.0	1.0	145	tags=5%, list=1%, signal=5%	
REGULATION OF STRIATED MUSCLE TISSUE DEVELOPMENT%GOBP%GO:0016202	REGULATION OF STRIATED MUSCLE TISSUE DEVELOPMENT%GOBP%GO:0016202		18	-0.28646195	-0.8227252	0.74172187	1.0	1.0	2760	tags=22%, list=11%, signal=25%	
REGULATION OF MITOCHONDRIAL MEMBRANE POTENTIAL%GOBP%GO:0051881	REGULATION OF MITOCHONDRIAL MEMBRANE POTENTIAL%GOBP%GO:0051881		42	-0.23820482	-0.82236785	0.85507244	1.0	1.0	1865	tags=14%, list=8%, signal=15%	
TRNA AMINOACYLATION FOR PROTEIN TRANSLATION%GOBP%GO:0006418	TRNA AMINOACYLATION FOR PROTEIN TRANSLATION%GOBP%GO:0006418		41	-0.23291741	-0.8223669	0.81900454	1.0	1.0	2747	tags=17%, list=11%, signal=19%	
AP-1 TRANSCRIPTION FACTOR NETWORK%PATHWAY INTERACTION DATABASE NCI-NATURE CURATED DATA%AP-1 TRANSCRIPTION FACTOR NETWORK	AP-1 TRANSCRIPTION FACTOR NETWORK%PATHWAY INTERACTION DATABASE NCI-NATURE CURATED DATA%AP-1 TRANSCRIPTION FACTOR NETWORK		70	-0.21292055	-0.82213384	0.8579882	1.0	1.0	3195	tags=19%, list=13%, signal=21%	
PROCESSIVE SYNTHESIS ON THE C-STRAND OF THE TELOMERE%REACTOME DATABASE ID RELEASE 95%174414	PROCESSIVE SYNTHESIS ON THE C-STRAND OF THE TELOMERE%REACTOME DATABASE ID RELEASE 95%174414		19	-0.28638428	-0.82204163	0.74013156	1.0	1.0	1813	tags=16%, list=7%, signal=17%	
ELEVATION OF CYTOSOLIC CA2+ LEVELS%REACTOME DATABASE ID RELEASE 95%139853	ELEVATION OF CYTOSOLIC CA2+ LEVELS%REACTOME DATABASE ID RELEASE 95%139853		16	-0.2984784	-0.82197475	0.71779144	1.0	1.0	2792	tags=31%, list=11%, signal=35%	
RUFFLE ORGANIZATION%GOBP%GO:0031529	RUFFLE ORGANIZATION%GOBP%GO:0031529		17	-0.30143464	-0.8217706	0.6678832	1.0	1.0	4486	tags=29%, list=18%, signal=36%	
MEMBRANE REPOLARIZATION%GOBP%GO:0086009	MEMBRANE REPOLARIZATION%GOBP%GO:0086009		28	-0.2638128	-0.8215895	0.78438663	1.0	1.0	4756	tags=29%, list=19%, signal=35%	
TRAFFICKING OF AMPA RECEPTORS%REACTOME%R-HSA-399719.3	TRAFFICKING OF AMPA RECEPTORS%REACTOME%R-HSA-399719.3		27	-0.2632668	-0.8208271	0.74157304	1.0	1.0	3175	tags=19%, list=13%, signal=21%	
LDL INFLUENCE ON CD14 AND TLR4%WIKIPATHWAYS_20260211%WP5272%HOMO SAPIENS	LDL INFLUENCE ON CD14 AND TLR4%WIKIPATHWAYS_20260211%WP5272%HOMO SAPIENS		22	-0.2806501	-0.8208227	0.7241379	1.0	1.0	40	tags=5%, list=0%, signal=5%	
10Q22Q23 COPY NUMBER VARIATION%WIKIPATHWAYS_20260211%WP5402%HOMO SAPIENS	10Q22Q23 COPY NUMBER VARIATION%WIKIPATHWAYS_20260211%WP5402%HOMO SAPIENS		56	-0.22406392	-0.8208032	0.8382353	1.0	1.0	628	tags=5%, list=3%, signal=5%	
ECM PROTEOGLYCANS%REACTOME DATABASE ID RELEASE 95%3000178	ECM PROTEOGLYCANS%REACTOME DATABASE ID RELEASE 95%3000178		56	-0.2249613	-0.8207906	0.86868685	1.0	1.0	720	tags=9%, list=3%, signal=9%	
REGULATION OF ENDOTHELIAL CELL MIGRATION%GOBP%GO:0010594	REGULATION OF ENDOTHELIAL CELL MIGRATION%GOBP%GO:0010594		156	-0.18648638	-0.82078165	0.96875	1.0	1.0	2968	tags=13%, list=12%, signal=14%	
STRESS GRANULE ASSEMBLY%GOBP%GO:0034063	STRESS GRANULE ASSEMBLY%GOBP%GO:0034063		27	-0.26287508	-0.82024395	0.7743056	1.0	1.0	4132	tags=33%, list=17%, signal=40%	
NEGATIVE REGULATION OF AXONOGENESIS%GOBP%GO:0050771	NEGATIVE REGULATION OF AXONOGENESIS%GOBP%GO:0050771		24	-0.26826257	-0.8201103	0.7591241	1.0	1.0	2479	tags=17%, list=10%, signal=19%	
POSITIVE REGULATION OF DNA-TEMPLATED TRANSCRIPTION, ELONGATION%GOBP%GO:0032786	POSITIVE REGULATION OF DNA-TEMPLATED TRANSCRIPTION, ELONGATION%GOBP%GO:0032786		58	-0.21717373	-0.8197899	0.8611111	1.0	1.0	929	tags=9%, list=4%, signal=9%	
TRP CHANNELS%REACTOME%R-HSA-3295583.4	TRP CHANNELS%REACTOME%R-HSA-3295583.4		25	-0.26580748	-0.819728	0.74725276	1.0	1.0	2792	tags=16%, list=11%, signal=18%	
GASTRIN SIGNALING%WIKIPATHWAYS_20260211%WP4659%HOMO SAPIENS	GASTRIN SIGNALING%WIKIPATHWAYS_20260211%WP4659%HOMO SAPIENS		96	-0.19886017	-0.81876755	0.9403973	1.0	1.0	2737	tags=13%, list=11%, signal=14%	
PID_TRKR_PATHWAY%MSIGDB_C2%PID_TRKR_PATHWAY	PID_TRKR_PATHWAY%MSIGDB_C2%PID_TRKR_PATHWAY		49	-0.22527368	-0.8186274	0.8867925	1.0	1.0	3408	tags=18%, list=14%, signal=21%	
NOTCH SIGNALING PATHWAY%PATHWAY INTERACTION DATABASE NCI-NATURE CURATED DATA%NOTCH SIGNALING PATHWAY	NOTCH SIGNALING PATHWAY%PATHWAY INTERACTION DATABASE NCI-NATURE CURATED DATA%NOTCH SIGNALING PATHWAY		58	-0.2183279	-0.81861347	0.84864867	1.0	1.0	2895	tags=14%, list=12%, signal=16%	
AUTOPHAGOSOME ASSEMBLY%GOBP%GO:0000045	AUTOPHAGOSOME ASSEMBLY%GOBP%GO:0000045		71	-0.21077155	-0.8182229	0.84745765	1.0	1.0	2884	tags=14%, list=12%, signal=16%	
MEMBRANE REPOLARIZATION DURING ACTION POTENTIAL%GOBP%GO:0086011	MEMBRANE REPOLARIZATION DURING ACTION POTENTIAL%GOBP%GO:0086011		22	-0.2769794	-0.8172247	0.75757575	1.0	1.0	4756	tags=32%, list=19%, signal=39%	
MULTICELLULAR ORGANISMAL-LEVEL IRON ION HOMEOSTASIS%GOBP%GO:0060586	MULTICELLULAR ORGANISMAL-LEVEL IRON ION HOMEOSTASIS%GOBP%GO:0060586		16	-0.2878534	-0.8168927	0.7394137	1.0	1.0	2686	tags=19%, list=11%, signal=21%	
NONSENSE-MEDIATED DECAY (NMD)%REACTOME%R-HSA-927802.4	NONSENSE-MEDIATED DECAY (NMD)%REACTOME%R-HSA-927802.4		115	-0.19449139	-0.81678504	0.9508197	1.0	1.0	5877	tags=33%, list=24%, signal=43%	
PROTEIN K63-LINKED DEUBIQUITINATION%GOBP%GO:0070536	PROTEIN K63-LINKED DEUBIQUITINATION%GOBP%GO:0070536		24	-0.26789278	-0.81673515	0.7760618	1.0	1.0	2976	tags=21%, list=12%, signal=24%	
CALCIUM REGULATION IN CARDIAC CELLS%WIKIPATHWAYS_20260211%WP536%HOMO SAPIENS	CALCIUM REGULATION IN CARDIAC CELLS%WIKIPATHWAYS_20260211%WP536%HOMO SAPIENS		119	-0.19800946	-0.8164084	0.92241377	1.0	1.0	1619	tags=10%, list=7%, signal=11%	
AUTOPHAGY OF MITOCHONDRION%GOBP%GO:0000422	AUTOPHAGY OF MITOCHONDRION%GOBP%GO:0000422		66	-0.21795386	-0.8160144	0.8547486	1.0	1.0	6033	tags=35%, list=25%, signal=46%	
WHITE FAT CELL DIFFERENTIATION%WIKIPATHWAYS_20260211%WP4149%HOMO SAPIENS	WHITE FAT CELL DIFFERENTIATION%WIKIPATHWAYS_20260211%WP4149%HOMO SAPIENS		28	-0.25480628	-0.8152235	0.77205884	1.0	1.0	3852	tags=25%, list=16%, signal=30%	
CENTRAL NERVOUS SYSTEM NEURON AXONOGENESIS%GOBP%GO:0021955	CENTRAL NERVOUS SYSTEM NEURON AXONOGENESIS%GOBP%GO:0021955		20	-0.27801988	-0.814228	0.7586207	1.0	1.0	145	tags=5%, list=1%, signal=5%	
PROTEIN DEPOLYMERIZATION%GOBP%GO:0051261	PROTEIN DEPOLYMERIZATION%GOBP%GO:0051261		35	-0.24650489	-0.81351227	0.80497926	1.0	1.0	1584	tags=11%, list=6%, signal=12%	
NEGATIVE REGULATION OF CYTOKINE PRODUCTION INVOLVED IN IMMUNE RESPONSE%GOBP%GO:0002719	NEGATIVE REGULATION OF CYTOKINE PRODUCTION INVOLVED IN IMMUNE RESPONSE%GOBP%GO:0002719		23	-0.27361515	-0.8126162	0.7847222	1.0	1.0	4604	tags=35%, list=19%, signal=43%	
BIOCARTA_ARENRF2_PATHWAY%MSIGDB_C2%BIOCARTA_ARENRF2_PATHWAY	BIOCARTA_ARENRF2_PATHWAY%MSIGDB_C2%BIOCARTA_ARENRF2_PATHWAY		17	-0.28764144	-0.8125748	0.73538464	1.0	1.0	1334	tags=12%, list=5%, signal=12%	
RNA POLYMERASE II TRANSCRIPTION TERMINATION%REACTOME%R-HSA-73856.6	RNA POLYMERASE II TRANSCRIPTION TERMINATION%REACTOME%R-HSA-73856.6		66	-0.2172124	-0.8123732	0.8870056	1.0	1.0	4143	tags=26%, list=17%, signal=31%	
INTRACELLULAR SIGNALLING THROUGH ADENOSINE RECEPTOR A2B AND ADENOSINE%SMPDB%SMP0000321	INTRACELLULAR SIGNALLING THROUGH ADENOSINE RECEPTOR A2B AND ADENOSINE%SMPDB%SMP0000321		38	-0.2412761	-0.8120974	0.8081633	1.0	1.0	2395	tags=16%, list=10%, signal=17%	
SARS-COV-1 TARGETS HOST INTRACELLULAR SIGNALLING AND REGULATORY PATHWAYS%REACTOME%R-HSA-9735871.2	SARS-COV-1 TARGETS HOST INTRACELLULAR SIGNALLING AND REGULATORY PATHWAYS%REACTOME%R-HSA-9735871.2		15	-0.3041922	-0.8120664	0.7364865	1.0	1.0	899	tags=13%, list=4%, signal=14%	
RNA POLYMERASE III TRANSCRIPTION INITIATION FROM TYPE 2 PROMOTER%REACTOME DATABASE ID RELEASE 95%76066	RNA POLYMERASE III TRANSCRIPTION INITIATION FROM TYPE 2 PROMOTER%REACTOME DATABASE ID RELEASE 95%76066		27	-0.2590583	-0.81179225	0.79622644	1.0	1.0	3624	tags=26%, list=15%, signal=30%	
INTRINSIC PATHWAY FOR APOPTOSIS%REACTOME DATABASE ID RELEASE 95%109606	INTRINSIC PATHWAY FOR APOPTOSIS%REACTOME DATABASE ID RELEASE 95%109606		54	-0.21773243	-0.81157184	0.8763441	1.0	1.0	2400	tags=17%, list=10%, signal=18%	
NONSENSE MEDIATED DECAY (NMD) ENHANCED BY THE EXON JUNCTION COMPLEX (EJC)%REACTOME DATABASE ID RELEASE 95%975957	NONSENSE MEDIATED DECAY (NMD) ENHANCED BY THE EXON JUNCTION COMPLEX (EJC)%REACTOME DATABASE ID RELEASE 95%975957		115	-0.19449139	-0.8105804	0.971223	1.0	1.0	5877	tags=33%, list=24%, signal=43%	
FATTY ACID DERIVATIVE BIOSYNTHETIC PROCESS%GOBP%GO:1901570	FATTY ACID DERIVATIVE BIOSYNTHETIC PROCESS%GOBP%GO:1901570		48	-0.2216626	-0.81045806	0.87096775	1.0	1.0	2894	tags=19%, list=12%, signal=21%	
CS DS DEGRADATION%REACTOME%R-HSA-2024101.6	CS DS DEGRADATION%REACTOME%R-HSA-2024101.6		20	-0.2745295	-0.8101337	0.75084174	1.0	1.0	647	tags=10%, list=3%, signal=10%	
RNA POLYMERASE III TRANSCRIPTION INITIATION FROM TYPE 1 PROMOTER%REACTOME DATABASE ID RELEASE 95%76061	RNA POLYMERASE III TRANSCRIPTION INITIATION FROM TYPE 1 PROMOTER%REACTOME DATABASE ID RELEASE 95%76061		28	-0.2553197	-0.80953354	0.8014981	1.0	1.0	3624	tags=25%, list=15%, signal=29%	
PID_IL6_7_PATHWAY%MSIGDB_C2%PID_IL6_7_PATHWAY	PID_IL6_7_PATHWAY%MSIGDB_C2%PID_IL6_7_PATHWAY		38	-0.2395873	-0.80936235	0.8211382	1.0	1.0	2806	tags=16%, list=11%, signal=18%	
EXTRINSIC APOPTOTIC SIGNALING PATHWAY%GOBP%GO:0097191	EXTRINSIC APOPTOTIC SIGNALING PATHWAY%GOBP%GO:0097191		77	-0.2076409	-0.8092639	0.90229887	1.0	1.0	2039	tags=12%, list=8%, signal=13%	
G BETA:GAMMA SIGNALLING THROUGH BTK%REACTOME DATABASE ID RELEASE 95%8964315	G BETA:GAMMA SIGNALLING THROUGH BTK%REACTOME DATABASE ID RELEASE 95%8964315		18	-0.28408137	-0.80836457	0.77813506	1.0	1.0	4306	tags=33%, list=18%, signal=40%	
POSITIVE REGULATION OF D-GLUCOSE IMPORT ACROSS PLASMA MEMBRANE%GOBP%GO:0046326	POSITIVE REGULATION OF D-GLUCOSE IMPORT ACROSS PLASMA MEMBRANE%GOBP%GO:0046326		26	-0.2565015	-0.80763113	0.82846713	1.0	1.0	1717	tags=12%, list=7%, signal=12%	
REGULATION OF TP53 DEGRADATION%REACTOME%R-HSA-6804757.3	REGULATION OF TP53 DEGRADATION%REACTOME%R-HSA-6804757.3		36	-0.24118437	-0.80740523	0.84166664	1.0	1.0	4894	tags=33%, list=20%, signal=42%	
VIRION ASSEMBLY%GOBP%GO:0019068	VIRION ASSEMBLY%GOBP%GO:0019068		34	-0.24202883	-0.80727667	0.83829784	1.0	1.0	2881	tags=21%, list=12%, signal=23%	
REGULATION OF INTERLEUKIN-4 PRODUCTION%GOBP%GO:0032673	REGULATION OF INTERLEUKIN-4 PRODUCTION%GOBP%GO:0032673		25	-0.26120758	-0.8068941	0.8169491	1.0	1.0	3852	tags=28%, list=16%, signal=33%	
FORMATION OF THE DYSTROPHIN-GLYCOPROTEIN COMPLEX (DGC)%REACTOME DATABASE ID RELEASE 95%9913351	FORMATION OF THE DYSTROPHIN-GLYCOPROTEIN COMPLEX (DGC)%REACTOME DATABASE ID RELEASE 95%9913351		30	-0.2549103	-0.80628806	0.7940075	1.0	1.0	2648	tags=17%, list=11%, signal=19%	
REGULATION OF NUCLEAR BETA CATENIN SIGNALING AND TARGET GENE TRANSCRIPTION%PATHWAY INTERACTION DATABASE NCI-NATURE CURATED DATA%REGULATION OF NUCLEAR BETA CATENIN SIGNALING AND TARGET GENE TRANSCRIPTION	REGULATION OF NUCLEAR BETA CATENIN SIGNALING AND TARGET GENE TRANSCRIPTION%PATHWAY INTERACTION DATABASE NCI-NATURE CURATED DATA%REGULATION OF NUCLEAR BETA CATENIN SIGNALING AND TARGET GENE TRANSCRIPTION		79	-0.2071403	-0.80604553	0.9104478	1.0	1.0	3016	tags=18%, list=12%, signal=20%	
REGULATION OF ANDROGEN RECEPTOR ACTIVITY%PATHWAY INTERACTION DATABASE NCI-NATURE CURATED DATA%REGULATION OF ANDROGEN RECEPTOR ACTIVITY	REGULATION OF ANDROGEN RECEPTOR ACTIVITY%PATHWAY INTERACTION DATABASE NCI-NATURE CURATED DATA%REGULATION OF ANDROGEN RECEPTOR ACTIVITY		53	-0.21997957	-0.80574375	0.87606835	1.0	1.0	1968	tags=15%, list=8%, signal=16%	
ACTION POTENTIAL%GOBP%GO:0001508	ACTION POTENTIAL%GOBP%GO:0001508		100	-0.19845189	-0.8053417	0.9455782	1.0	1.0	1913	tags=11%, list=8%, signal=12%	
NUCLEOTIDE EXCISION REPAIR%REACTOME%R-HSA-5696398.4	NUCLEOTIDE EXCISION REPAIR%REACTOME%R-HSA-5696398.4		107	-0.19647883	-0.804745	0.9338235	1.0	1.0	5676	tags=36%, list=23%, signal=46%	
ATTACHMENT AND ENTRY%REACTOME DATABASE ID RELEASE 95%9694614	ATTACHMENT AND ENTRY%REACTOME DATABASE ID RELEASE 95%9694614		19	-0.27684796	-0.8046146	0.7483221	1.0	1.0	17	tags=5%, list=0%, signal=5%	
REGULATION OF PEPTIDE HORMONE SECRETION%GOBP%GO:0090276	REGULATION OF PEPTIDE HORMONE SECRETION%GOBP%GO:0090276		136	-0.19097199	-0.8043087	0.9652174	1.0	1.0	2793	tags=13%, list=11%, signal=15%	
RHO GTPASES ACTIVATE ROCKS%REACTOME%R-HSA-5627117.5	RHO GTPASES ACTIVATE ROCKS%REACTOME%R-HSA-5627117.5		19	-0.27931893	-0.80386066	0.7912088	1.0	1.0	2785	tags=16%, list=11%, signal=18%	
RETINOIC ACID METABOLIC PROCESS%GOBP%GO:0042573	RETINOIC ACID METABOLIC PROCESS%GOBP%GO:0042573		26	-0.25724608	-0.8036439	0.833935	1.0	1.0	2229	tags=15%, list=9%, signal=17%	
PID_CMYB_PATHWAY%MSIGDB_C2%PID_CMYB_PATHWAY	PID_CMYB_PATHWAY%MSIGDB_C2%PID_CMYB_PATHWAY		68	-0.20950179	-0.8034064	0.87349397	1.0	1.0	4161	tags=21%, list=17%, signal=25%	
WNT%IOB%WNT	WNT%IOB%WNT		61	-0.21500948	-0.8033901	0.8629442	1.0	1.0	1808	tags=13%, list=7%, signal=14%	
REGULATION OF MUSCLE TISSUE DEVELOPMENT%GOBP%GO:1901861	REGULATION OF MUSCLE TISSUE DEVELOPMENT%GOBP%GO:1901861		18	-0.28646195	-0.8032691	0.7562724	1.0	1.0	2760	tags=22%, list=11%, signal=25%	
POSITIVE REGULATION OF HEART CONTRACTION%GOBP%GO:0045823	POSITIVE REGULATION OF HEART CONTRACTION%GOBP%GO:0045823		25	-0.25725642	-0.80325186	0.8169491	1.0	1.0	1394	tags=12%, list=6%, signal=13%	
NEGATIVE REGULATION OF MRNA PROCESSING%GOBP%GO:0050686	NEGATIVE REGULATION OF MRNA PROCESSING%GOBP%GO:0050686		27	-0.253881	-0.8032343	0.78731346	1.0	1.0	4627	tags=30%, list=19%, signal=36%	
SYNDECAN INTERACTIONS%REACTOME%R-HSA-3000170.4	SYNDECAN INTERACTIONS%REACTOME%R-HSA-3000170.4		20	-0.2789177	-0.80307746	0.7328767	1.0	1.0	17	tags=5%, list=0%, signal=5%	
NEGATIVE REGULATION OF PROTEIN PROCESSING%GOBP%GO:0010955	NEGATIVE REGULATION OF PROTEIN PROCESSING%GOBP%GO:0010955		16	-0.28746215	-0.8028326	0.7547771	1.0	1.0	1383	tags=13%, list=6%, signal=13%	
WNT BETA CATENIN SIGNALING IN LEUKEMIA%WIKIPATHWAYS_20260211%WP3658%HOMO SAPIENS	WNT BETA CATENIN SIGNALING IN LEUKEMIA%WIKIPATHWAYS_20260211%WP3658%HOMO SAPIENS		23	-0.26794356	-0.8028183	0.78745645	1.0	1.0	3713	tags=26%, list=15%, signal=31%	
INHIBITION OF VOLTAGE GATED CA2+ CHANNELS VIA GBETA GAMMA SUBUNITS%REACTOME%R-HSA-997272.3	INHIBITION OF VOLTAGE GATED CA2+ CHANNELS VIA GBETA GAMMA SUBUNITS%REACTOME%R-HSA-997272.3		29	-0.25315925	-0.80246264	0.8267717	1.0	1.0	1619	tags=14%, list=7%, signal=15%	
NEGATIVE REGULATION OF PROTEIN MATURATION%GOBP%GO:1903318	NEGATIVE REGULATION OF PROTEIN MATURATION%GOBP%GO:1903318		17	-0.2848725	-0.80241984	0.7565789	1.0	1.0	1383	tags=12%, list=6%, signal=12%	
EXTRACELLULAR MATRIX DISASSEMBLY%GOBP%GO:0022617	EXTRACELLULAR MATRIX DISASSEMBLY%GOBP%GO:0022617		42	-0.23068577	-0.802012	0.8595745	1.0	1.0	1375	tags=10%, list=6%, signal=10%	
DUAL INCISION IN TC-NER%REACTOME%R-HSA-6782135.4	DUAL INCISION IN TC-NER%REACTOME%R-HSA-6782135.4		62	-0.2149979	-0.80195236	0.8873239	1.0	1.0	5676	tags=39%, list=23%, signal=50%	
PID_E2F_PATHWAY%MSIGDB_C2%PID_E2F_PATHWAY	PID_E2F_PATHWAY%MSIGDB_C2%PID_E2F_PATHWAY		57	-0.21715124	-0.8007828	0.8835979	1.0	1.0	1950	tags=12%, list=8%, signal=13%	
TP53 REGULATES TRANSCRIPTION OF DNA REPAIR GENES%REACTOME%R-HSA-6796648.5	TP53 REGULATES TRANSCRIPTION OF DNA REPAIR GENES%REACTOME%R-HSA-6796648.5		62	-0.215478	-0.80076104	0.8786408	1.0	1.0	5185	tags=34%, list=21%, signal=43%	
NEGATIVE REGULATION OF BMP SIGNALING PATHWAY%GOBP%GO:0030514	NEGATIVE REGULATION OF BMP SIGNALING PATHWAY%GOBP%GO:0030514		44	-0.22192869	-0.8006229	0.84745765	1.0	1.0	2126	tags=16%, list=9%, signal=17%	
CELLULAR RESPONSE TO ACETYLCHOLINE%GOBP%GO:1905145	CELLULAR RESPONSE TO ACETYLCHOLINE%GOBP%GO:1905145		43	-0.2294692	-0.7997216	0.835443	1.0	1.0	2757	tags=19%, list=11%, signal=21%	
ARP2/3 COMPLEX-MEDIATED ACTIN NUCLEATION%GOBP%GO:0034314	ARP2/3 COMPLEX-MEDIATED ACTIN NUCLEATION%GOBP%GO:0034314		16	-0.28834298	-0.79958963	0.78145695	1.0	1.0	3106	tags=25%, list=13%, signal=29%	
REGULATION OF EXTRINSIC APOPTOTIC SIGNALING PATHWAY VIA DEATH DOMAIN RECEPTORS%GOBP%GO:1902041	REGULATION OF EXTRINSIC APOPTOTIC SIGNALING PATHWAY VIA DEATH DOMAIN RECEPTORS%GOBP%GO:1902041		34	-0.23679467	-0.7995535	0.82186234	1.0	1.0	2523	tags=21%, list=10%, signal=23%	
REGULATION OF TP53 EXPRESSION AND DEGRADATION%REACTOME%R-HSA-6806003.4	REGULATION OF TP53 EXPRESSION AND DEGRADATION%REACTOME%R-HSA-6806003.4		37	-0.2306176	-0.7989869	0.86580086	1.0	1.0	4894	tags=32%, list=20%, signal=40%	
PID_ERBB1_DOWNSTREAM_PATHWAY%MSIGDB_C2%PID_ERBB1_DOWNSTREAM_PATHWAY	PID_ERBB1_DOWNSTREAM_PATHWAY%MSIGDB_C2%PID_ERBB1_DOWNSTREAM_PATHWAY		85	-0.19930404	-0.7986575	0.93630576	1.0	1.0	3454	tags=21%, list=14%, signal=25%	
NEGATIVE REGULATION OF INTERLEUKIN-6 PRODUCTION%GOBP%GO:0032715	NEGATIVE REGULATION OF INTERLEUKIN-6 PRODUCTION%GOBP%GO:0032715		33	-0.23962161	-0.797762	0.82656825	1.0	1.0	2442	tags=18%, list=10%, signal=20%	
REGULATION OF TP53 ACTIVITY THROUGH METHYLATION%REACTOME%R-HSA-6804760.3	REGULATION OF TP53 ACTIVITY THROUGH METHYLATION%REACTOME%R-HSA-6804760.3		19	-0.28240928	-0.79757696	0.79801327	1.0	1.0	1599	tags=16%, list=7%, signal=17%	
RRNA METHYLATION%GOBP%GO:0031167	RRNA METHYLATION%GOBP%GO:0031167		25	-0.25954646	-0.79740435	0.8093385	1.0	1.0	2295	tags=20%, list=9%, signal=22%	
POSITIVE REGULATION OF ANGIOGENESIS%GOBP%GO:0045766	POSITIVE REGULATION OF ANGIOGENESIS%GOBP%GO:0045766		122	-0.18618113	-0.79669863	0.9652174	1.0	1.0	2142	tags=13%, list=9%, signal=14%	
POSITIVE REGULATION OF FOCAL ADHESION ASSEMBLY%GOBP%GO:0051894	POSITIVE REGULATION OF FOCAL ADHESION ASSEMBLY%GOBP%GO:0051894		19	-0.2765768	-0.7966809	0.7936508	1.0	1.0	5575	tags=42%, list=23%, signal=54%	
MITOTIC G1 PHASE AND G1 S TRANSITION%REACTOME DATABASE ID RELEASE 95%453279	MITOTIC G1 PHASE AND G1 S TRANSITION%REACTOME DATABASE ID RELEASE 95%453279		138	-0.1871622	-0.79644054	0.9661017	1.0	1.0	5393	tags=30%, list=22%, signal=39%	
REGULATION OF RESPIRATORY BURST%GOBP%GO:0060263	REGULATION OF RESPIRATORY BURST%GOBP%GO:0060263		16	-0.2896295	-0.7963699	0.7675159	1.0	1.0	1961	tags=25%, list=8%, signal=27%	
POSITIVE REGULATION OF LONG-TERM SYNAPTIC POTENTIATION%GOBP%GO:1900273	POSITIVE REGULATION OF LONG-TERM SYNAPTIC POTENTIATION%GOBP%GO:1900273		15	-0.29261768	-0.79630005	0.7411003	1.0	1.0	249	tags=7%, list=1%, signal=7%	
PID_ILK_PATHWAY%MSIGDB_C2%PID_ILK_PATHWAY	PID_ILK_PATHWAY%MSIGDB_C2%PID_ILK_PATHWAY		34	-0.23735735	-0.79592335	0.8347107	1.0	1.0	2100	tags=15%, list=9%, signal=16%	
GOLGI ASSOCIATED VESICLE BIOGENESIS%REACTOME%R-HSA-432722.5	GOLGI ASSOCIATED VESICLE BIOGENESIS%REACTOME%R-HSA-432722.5		54	-0.21580268	-0.7953475	0.9191919	1.0	1.0	2431	tags=15%, list=10%, signal=16%	
REGULATION OF SMOOTHENED SIGNALING PATHWAY%GOBP%GO:0008589	REGULATION OF SMOOTHENED SIGNALING PATHWAY%GOBP%GO:0008589		56	-0.21294214	-0.7947308	0.8962264	1.0	1.0	1865	tags=13%, list=8%, signal=13%	
LAGGING STRAND SYNTHESIS%REACTOME%R-HSA-69186.4	LAGGING STRAND SYNTHESIS%REACTOME%R-HSA-69186.4		20	-0.27739123	-0.79425716	0.79	1.0	1.0	1813	tags=20%, list=7%, signal=22%	
REGULATION OF CELL-SUBSTRATE JUNCTION ORGANIZATION%GOBP%GO:0150116	REGULATION OF CELL-SUBSTRATE JUNCTION ORGANIZATION%GOBP%GO:0150116		65	-0.2097316	-0.7940985	0.9356725	1.0	1.0	5647	tags=32%, list=23%, signal=42%	
ENDOTHELIAL CELL DIFFERENTIATION%GOBP%GO:0045446	ENDOTHELIAL CELL DIFFERENTIATION%GOBP%GO:0045446		57	-0.21542874	-0.79352224	0.8866995	1.0	1.0	2336	tags=12%, list=10%, signal=14%	
RESPONSE TO ACETYLCHOLINE%GOBP%GO:1905144	RESPONSE TO ACETYLCHOLINE%GOBP%GO:1905144		43	-0.2294692	-0.7933153	0.8691983	1.0	1.0	2757	tags=19%, list=11%, signal=21%	
MICROTUBULE-BASED PROTEIN TRANSPORT%GOBP%GO:0099118	MICROTUBULE-BASED PROTEIN TRANSPORT%GOBP%GO:0099118		19	-0.27357456	-0.79296976	0.7951389	1.0	1.0	3360	tags=21%, list=14%, signal=24%	
REGULATION OF PEPTIDE SECRETION%GOBP%GO:0002791	REGULATION OF PEPTIDE SECRETION%GOBP%GO:0002791		138	-0.18595682	-0.79264945	0.96875	1.0	1.0	2793	tags=13%, list=11%, signal=15%	
REGULATION OF DNA DAMAGE RESPONSE, SIGNAL TRANSDUCTION BY P53 CLASS MEDIATOR%GOBP%GO:0043516	REGULATION OF DNA DAMAGE RESPONSE, SIGNAL TRANSDUCTION BY P53 CLASS MEDIATOR%GOBP%GO:0043516		34	-0.23626332	-0.7920635	0.82403433	1.0	1.0	2904	tags=21%, list=12%, signal=23%	
REGULATION OF PTEN GENE TRANSCRIPTION%REACTOME%R-HSA-8943724.2	REGULATION OF PTEN GENE TRANSCRIPTION%REACTOME%R-HSA-8943724.2		59	-0.20910053	-0.7917922	0.9182692	1.0	1.0	3926	tags=22%, list=16%, signal=26%	
BASE EXCISION REPAIR%REACTOME DATABASE ID RELEASE 95%73884	BASE EXCISION REPAIR%REACTOME DATABASE ID RELEASE 95%73884		68	-0.21199016	-0.79155105	0.9230769	1.0	1.0	2413	tags=12%, list=10%, signal=13%	
PID_AMB2_NEUTROPHILS_PATHWAY%MSIGDB_C2%PID_AMB2_NEUTROPHILS_PATHWAY	PID_AMB2_NEUTROPHILS_PATHWAY%MSIGDB_C2%PID_AMB2_NEUTROPHILS_PATHWAY		30	-0.24063109	-0.79084593	0.87109375	1.0	1.0	2701	tags=13%, list=11%, signal=15%	
PROTEIN QUALITY CONTROL FOR MISFOLDED OR INCOMPLETELY SYNTHESIZED PROTEINS%GOBP%GO:0006515	PROTEIN QUALITY CONTROL FOR MISFOLDED OR INCOMPLETELY SYNTHESIZED PROTEINS%GOBP%GO:0006515		30	-0.24475482	-0.7905221	0.83524907	1.0	1.0	2322	tags=17%, list=9%, signal=18%	
LENS DEVELOPMENT IN CAMERA-TYPE EYE%GOBP%GO:0002088	LENS DEVELOPMENT IN CAMERA-TYPE EYE%GOBP%GO:0002088		41	-0.22715071	-0.78997535	0.87148595	1.0	1.0	5128	tags=34%, list=21%, signal=43%	
ACETYLCHOLINE RECEPTOR SIGNALING PATHWAY%GOBP%GO:0095500	ACETYLCHOLINE RECEPTOR SIGNALING PATHWAY%GOBP%GO:0095500		41	-0.22453408	-0.7897085	0.9008621	1.0	1.0	1263	tags=12%, list=5%, signal=13%	
EXTRA-NUCLEAR ESTROGEN SIGNALING%REACTOME DATABASE ID RELEASE 95%9009391	EXTRA-NUCLEAR ESTROGEN SIGNALING%REACTOME DATABASE ID RELEASE 95%9009391		71	-0.20530571	-0.78970736	0.90547264	1.0	1.0	1619	tags=11%, list=7%, signal=12%	
INTRACELLULAR SODIUM ION HOMEOSTASIS%GOBP%GO:0006883	INTRACELLULAR SODIUM ION HOMEOSTASIS%GOBP%GO:0006883		28	-0.24484137	-0.789654	0.83908045	1.0	1.0	2772	tags=21%, list=11%, signal=24%	
POSITIVE REGULATION OF BLOOD CIRCULATION%GOBP%GO:1903524	POSITIVE REGULATION OF BLOOD CIRCULATION%GOBP%GO:1903524		25	-0.25725642	-0.78953695	0.8181818	1.0	1.0	1394	tags=12%, list=6%, signal=13%	
NEGATIVE REGULATION OF VASCULAR ASSOCIATED SMOOTH MUSCLE CELL PROLIFERATION%GOBP%GO:1904706	NEGATIVE REGULATION OF VASCULAR ASSOCIATED SMOOTH MUSCLE CELL PROLIFERATION%GOBP%GO:1904706		17	-0.27722988	-0.7895171	0.7967742	1.0	1.0	2737	tags=18%, list=11%, signal=20%	
GLYCOSAMINOGLYCAN BIOSYNTHETIC PROCESS%GOBP%GO:0006024	GLYCOSAMINOGLYCAN BIOSYNTHETIC PROCESS%GOBP%GO:0006024		23	-0.25999594	-0.7893087	0.77112675	1.0	1.0	1980	tags=13%, list=8%, signal=14%	
POTASSIUM ION HOMEOSTASIS%GOBP%GO:0055075	POTASSIUM ION HOMEOSTASIS%GOBP%GO:0055075		31	-0.23707518	-0.7891933	0.8292683	1.0	1.0	2772	tags=19%, list=11%, signal=22%	
SKELETAL MUSCLE ORGAN DEVELOPMENT%GOBP%GO:0060538	SKELETAL MUSCLE ORGAN DEVELOPMENT%GOBP%GO:0060538		59	-0.2089363	-0.7891563	0.9004975	1.0	1.0	4004	tags=19%, list=16%, signal=22%	
NEGATIVE REGULATION OF DOUBLE-STRAND BREAK REPAIR%GOBP%GO:2000780	NEGATIVE REGULATION OF DOUBLE-STRAND BREAK REPAIR%GOBP%GO:2000780		37	-0.22886997	-0.7889877	0.8968254	1.0	1.0	3855	tags=24%, list=16%, signal=29%	
REGULATION OF DEFENSE RESPONSE TO VIRUS%GOBP%GO:0050688	REGULATION OF DEFENSE RESPONSE TO VIRUS%GOBP%GO:0050688		50	-0.21784075	-0.78829277	0.916	1.0	1.0	2356	tags=14%, list=10%, signal=15%	
NEGATIVE REGULATION OF NUCLEOTIDE METABOLIC PROCESS%GOBP%GO:0045980	NEGATIVE REGULATION OF NUCLEOTIDE METABOLIC PROCESS%GOBP%GO:0045980		19	-0.26433402	-0.78819937	0.8147059	1.0	1.0	1100	tags=11%, list=4%, signal=11%	
PID_VEGFR1_2_PATHWAY%MSIGDB_C2%PID_VEGFR1_2_PATHWAY	PID_VEGFR1_2_PATHWAY%MSIGDB_C2%PID_VEGFR1_2_PATHWAY		53	-0.21527782	-0.78793013	0.8717949	1.0	1.0	2701	tags=19%, list=11%, signal=21%	
TRNA AMINOACYLATION%REACTOME%R-HSA-379724.3	TRNA AMINOACYLATION%REACTOME%R-HSA-379724.3		41	-0.23083021	-0.7877749	0.8666667	1.0	1.0	2747	tags=17%, list=11%, signal=19%	
TRNA AMINOACYLATION%GOBP%GO:0043039	TRNA AMINOACYLATION%GOBP%GO:0043039		44	-0.22002366	-0.7871036	0.8608696	1.0	1.0	2747	tags=16%, list=11%, signal=18%	
REGULATION OF PEPTIDE TRANSPORT%GOBP%GO:0090087	REGULATION OF PEPTIDE TRANSPORT%GOBP%GO:0090087		140	-0.18234427	-0.78709984	0.9807692	1.0	1.0	2793	tags=13%, list=11%, signal=14%	
PI3K CASCADE%REACTOME DATABASE ID RELEASE 95%109704	PI3K CASCADE%REACTOME DATABASE ID RELEASE 95%109704		36	-0.23411874	-0.7870776	0.87966806	1.0	1.0	3452	tags=19%, list=14%, signal=23%	
APICAL JUNCTION ASSEMBLY%GOBP%GO:0043297	APICAL JUNCTION ASSEMBLY%GOBP%GO:0043297		37	-0.23445588	-0.7869935	0.85022026	1.0	1.0	435	tags=5%, list=2%, signal=5%	
REGULATION OF PLK1 ACTIVITY AT G2 M TRANSITION%REACTOME DATABASE ID RELEASE 95%2565942	REGULATION OF PLK1 ACTIVITY AT G2 M TRANSITION%REACTOME DATABASE ID RELEASE 95%2565942		84	-0.19814235	-0.7866318	0.96153843	1.0	1.0	4821	tags=25%, list=20%, signal=31%	
CENTROSOME MATURATION%REACTOME DATABASE ID RELEASE 95%380287	CENTROSOME MATURATION%REACTOME DATABASE ID RELEASE 95%380287		79	-0.20052515	-0.78652537	0.95683455	1.0	1.0	4821	tags=27%, list=20%, signal=33%	
SENESCENCE AND AUTOPHAGY IN CANCER%WIKIPATHWAYS_20260211%WP615%HOMO SAPIENS	SENESCENCE AND AUTOPHAGY IN CANCER%WIKIPATHWAYS_20260211%WP615%HOMO SAPIENS		86	-0.2009389	-0.78643054	0.9470199	1.0	1.0	1467	tags=5%, list=6%, signal=5%	
ENDOSOME TO LYSOSOME TRANSPORT%GOBP%GO:0008333	ENDOSOME TO LYSOSOME TRANSPORT%GOBP%GO:0008333		64	-0.21352392	-0.78620625	0.9390863	1.0	1.0	2651	tags=14%, list=11%, signal=16%	
REGULATION OF RELEASE OF CYTOCHROME C FROM MITOCHONDRIA%GOBP%GO:0090199	REGULATION OF RELEASE OF CYTOCHROME C FROM MITOCHONDRIA%GOBP%GO:0090199		38	-0.22447422	-0.78548753	0.8697479	1.0	1.0	3647	tags=21%, list=15%, signal=25%	
PROTEIN TRANSPORT ALONG MICROTUBULE%GOBP%GO:0098840	PROTEIN TRANSPORT ALONG MICROTUBULE%GOBP%GO:0098840		19	-0.27357456	-0.7853927	0.8018868	1.0	1.0	3360	tags=21%, list=14%, signal=24%	
REGULATION OF CARTILAGE DEVELOPMENT%GOBP%GO:0061035	REGULATION OF CARTILAGE DEVELOPMENT%GOBP%GO:0061035		37	-0.23529772	-0.78538394	0.87966806	1.0	1.0	2904	tags=16%, list=12%, signal=18%	
FRUCTOSURIA%SMPDB%SMP0000561	FRUCTOSURIA%SMPDB%SMP0000561		18	-0.27502576	-0.78536403	0.76644737	1.0	1.0	109	tags=6%, list=0%, signal=6%	
REGULATION OF CELL-SUBSTRATE JUNCTION ASSEMBLY%GOBP%GO:0090109	REGULATION OF CELL-SUBSTRATE JUNCTION ASSEMBLY%GOBP%GO:0090109		57	-0.20870057	-0.7847684	0.8939394	1.0	1.0	5647	tags=32%, list=23%, signal=41%	
LENS FIBER CELL DIFFERENTIATION%GOBP%GO:0070306	LENS FIBER CELL DIFFERENTIATION%GOBP%GO:0070306		16	-0.28303385	-0.7842934	0.8095238	1.0	1.0	3639	tags=25%, list=15%, signal=29%	
DNA IR DOUBLE STRAND BREAKS AND CELLULAR RESPONSE VIA ATM%WIKIPATHWAYS_20260211%WP3959%HOMO SAPIENS	DNA IR DOUBLE STRAND BREAKS AND CELLULAR RESPONSE VIA ATM%WIKIPATHWAYS_20260211%WP3959%HOMO SAPIENS		45	-0.21793954	-0.78355384	0.8832685	1.0	1.0	1478	tags=9%, list=6%, signal=9%	
FRUCTOSE INTOLERANCE, HEREDITARY%PATHWHIZ%PW000702	FRUCTOSE INTOLERANCE, HEREDITARY%PATHWHIZ%PW000702		18	-0.27502576	-0.78354025	0.78317153	1.0	1.0	109	tags=6%, list=0%, signal=6%	
BMP SIGNALING PATHWAY%GOBP%GO:0030509	BMP SIGNALING PATHWAY%GOBP%GO:0030509		53	-0.20901644	-0.78235984	0.9230769	1.0	1.0	415	tags=6%, list=2%, signal=6%	
REGULATION OF FOCAL ADHESION ASSEMBLY%GOBP%GO:0051893	REGULATION OF FOCAL ADHESION ASSEMBLY%GOBP%GO:0051893		57	-0.20870057	-0.78197306	0.95384616	1.0	1.0	5647	tags=32%, list=23%, signal=41%	
BIOCARTA_EGF_PATHWAY%MSIGDB_C2%BIOCARTA_EGF_PATHWAY	BIOCARTA_EGF_PATHWAY%MSIGDB_C2%BIOCARTA_EGF_PATHWAY		23	-0.25860542	-0.78157574	0.8333333	1.0	1.0	6528	tags=48%, list=27%, signal=65%	
AMINO ACID ACTIVATION%GOBP%GO:0043038	AMINO ACID ACTIVATION%GOBP%GO:0043038		44	-0.22002366	-0.781563	0.87903225	1.0	1.0	2747	tags=16%, list=11%, signal=18%	
PHOTODYNAMIC THERAPY INDUCED HIF 1 SURVIVAL SIGNALING%WIKIPATHWAYS_20260211%WP3614%HOMO SAPIENS	PHOTODYNAMIC THERAPY INDUCED HIF 1 SURVIVAL SIGNALING%WIKIPATHWAYS_20260211%WP3614%HOMO SAPIENS		25	-0.24836725	-0.78137034	0.8214286	1.0	1.0	3849	tags=20%, list=16%, signal=24%	
PID_MYC_PATHWAY%MSIGDB_C2%PID_MYC_PATHWAY	PID_MYC_PATHWAY%MSIGDB_C2%PID_MYC_PATHWAY		21	-0.26274532	-0.78130925	0.8050541	1.0	1.0	5393	tags=43%, list=22%, signal=55%	
PROSTACYCLIN SIGNALLING THROUGH PROSTACYCLIN RECEPTOR%REACTOME DATABASE ID RELEASE 95%392851	PROSTACYCLIN SIGNALLING THROUGH PROSTACYCLIN RECEPTOR%REACTOME DATABASE ID RELEASE 95%392851		19	-0.26737222	-0.781255	0.8107143	1.0	1.0	3899	tags=26%, list=16%, signal=31%	
E-CADHERIN SIGNALING IN KERATINOCYTES%PATHWAY INTERACTION DATABASE NCI-NATURE CURATED DATA%E-CADHERIN SIGNALING IN KERATINOCYTES	E-CADHERIN SIGNALING IN KERATINOCYTES%PATHWAY INTERACTION DATABASE NCI-NATURE CURATED DATA%E-CADHERIN SIGNALING IN KERATINOCYTES		21	-0.26156273	-0.78110594	0.8333333	1.0	1.0	2701	tags=19%, list=11%, signal=21%	
NCRNAS IN WNT SIGNALING IN HEPATOCELLULAR CARCINOMA%WIKIPATHWAYS_20260211%WP4336%HOMO SAPIENS	NCRNAS IN WNT SIGNALING IN HEPATOCELLULAR CARCINOMA%WIKIPATHWAYS_20260211%WP4336%HOMO SAPIENS		76	-0.1981337	-0.77976173	0.94871795	1.0	1.0	4288	tags=28%, list=18%, signal=33%	
POSITIVE REGULATION OF BLOOD VESSEL ENDOTHELIAL CELL MIGRATION%GOBP%GO:0043536	POSITIVE REGULATION OF BLOOD VESSEL ENDOTHELIAL CELL MIGRATION%GOBP%GO:0043536		51	-0.21189855	-0.77961236	0.90950227	1.0	1.0	3452	tags=18%, list=14%, signal=20%	
RECRUITMENT OF MITOTIC CENTROSOME PROTEINS AND COMPLEXES%REACTOME DATABASE ID RELEASE 95%380270	RECRUITMENT OF MITOTIC CENTROSOME PROTEINS AND COMPLEXES%REACTOME DATABASE ID RELEASE 95%380270		79	-0.20052515	-0.7794997	0.9367816	1.0	1.0	4821	tags=27%, list=20%, signal=33%	
REGULATION OF STEM CELL DIFFERENTIATION%GOBP%GO:2000736	REGULATION OF STEM CELL DIFFERENTIATION%GOBP%GO:2000736		63	-0.20691597	-0.7783835	0.9430052	1.0	1.0	4132	tags=22%, list=17%, signal=27%	
FRUCTOSE AND MANNOSE DEGRADATION%SMPDB%SMP0000064	FRUCTOSE AND MANNOSE DEGRADATION%SMPDB%SMP0000064		18	-0.27502576	-0.7782358	0.7804054	1.0	1.0	109	tags=6%, list=0%, signal=6%	
NEGATIVE REGULATION OF HIPPO SIGNALING%GOBP%GO:0035331	NEGATIVE REGULATION OF HIPPO SIGNALING%GOBP%GO:0035331		25	-0.25158405	-0.7779855	0.87096775	1.0	1.0	3454	tags=24%, list=14%, signal=28%	
BIOCARTA_AT1R_PATHWAY%MSIGDB_C2%BIOCARTA_AT1R_PATHWAY	BIOCARTA_AT1R_PATHWAY%MSIGDB_C2%BIOCARTA_AT1R_PATHWAY		22	-0.26297542	-0.7778336	0.814433	1.0	1.0	2806	tags=18%, list=11%, signal=21%	
MYOTUBE DIFFERENTIATION%GOBP%GO:0014902	MYOTUBE DIFFERENTIATION%GOBP%GO:0014902		38	-0.22528575	-0.77701396	0.8915663	1.0	1.0	5039	tags=26%, list=21%, signal=33%	
ENDOSOME TO LYSOSOME TRANSPORT VIA MULTIVESICULAR BODY SORTING PATHWAY%GOBP%GO:0032510	ENDOSOME TO LYSOSOME TRANSPORT VIA MULTIVESICULAR BODY SORTING PATHWAY%GOBP%GO:0032510		19	-0.26523647	-0.776899	0.87171054	1.0	1.0	5883	tags=37%, list=24%, signal=48%	
REGULATION OF NUCLEAR-TRANSCRIBED MRNA CATABOLIC PROCESS, NONSENSE-MEDIATED DECAY%GOBP%GO:2000622	REGULATION OF NUCLEAR-TRANSCRIBED MRNA CATABOLIC PROCESS, NONSENSE-MEDIATED DECAY%GOBP%GO:2000622		15	-0.28564763	-0.7760354	0.78056425	1.0	1.0	2276	tags=27%, list=9%, signal=29%	
INSULIN SECRETION%GOBP%GO:0030073	INSULIN SECRETION%GOBP%GO:0030073		19	-0.26767918	-0.7758981	0.78175896	1.0	1.0	3419	tags=21%, list=14%, signal=24%	
TNF STRESS RELATED SIGNALING%PATHWHIZ%PW064784	TNF STRESS RELATED SIGNALING%PATHWHIZ%PW064784		22	-0.25776803	-0.77569556	0.8272059	1.0	1.0	4186	tags=32%, list=17%, signal=38%	
G PROTEIN SIGNALING%WIKIPATHWAYS_20260211%WP35%HOMO SAPIENS	G PROTEIN SIGNALING%WIKIPATHWAYS_20260211%WP35%HOMO SAPIENS		70	-0.20291516	-0.7755616	0.9158416	1.0	1.0	3899	tags=19%, list=16%, signal=22%	
POSITIVE REGULATION OF ALPHA-BETA T CELL DIFFERENTIATION%GOBP%GO:0046638	POSITIVE REGULATION OF ALPHA-BETA T CELL DIFFERENTIATION%GOBP%GO:0046638		39	-0.22705697	-0.77553344	0.91266376	1.0	1.0	5209	tags=33%, list=21%, signal=42%	
REGULATION OF BICELLULAR TIGHT JUNCTION ASSEMBLY%GOBP%GO:2000810	REGULATION OF BICELLULAR TIGHT JUNCTION ASSEMBLY%GOBP%GO:2000810		19	-0.26400658	-0.77522624	0.8031746	1.0	1.0	2904	tags=26%, list=12%, signal=30%	
NEURONAL ACTION POTENTIAL%GOBP%GO:0019228	NEURONAL ACTION POTENTIAL%GOBP%GO:0019228		15	-0.28288674	-0.7752083	0.77408636	1.0	1.0	2263	tags=27%, list=9%, signal=29%	
ACETYL-COA METABOLIC PROCESS%GOBP%GO:0006084	ACETYL-COA METABOLIC PROCESS%GOBP%GO:0006084		25	-0.24480668	-0.77517706	0.87265915	1.0	1.0	768	tags=8%, list=3%, signal=8%	
REGULATION OF CAMP/PKA SIGNAL TRANSDUCTION%GOBP%GO:0141161	REGULATION OF CAMP/PKA SIGNAL TRANSDUCTION%GOBP%GO:0141161		43	-0.22350141	-0.7742173	0.9130435	1.0	1.0	4209	tags=26%, list=17%, signal=31%	
FORMATION OF HIV-1 ELONGATION COMPLEX CONTAINING HIV-1 TAT%REACTOME%R-HSA-167200.5	FORMATION OF HIV-1 ELONGATION COMPLEX CONTAINING HIV-1 TAT%REACTOME%R-HSA-167200.5		43	-0.21783051	-0.77275956	0.884	1.0	1.0	5413	tags=40%, list=22%, signal=51%	
RNA POL II CTD PHOSPHORYLATION AND INTERACTION WITH CE DURING HIV INFECTION%REACTOME%R-HSA-167160.4	RNA POL II CTD PHOSPHORYLATION AND INTERACTION WITH CE DURING HIV INFECTION%REACTOME%R-HSA-167160.4		27	-0.2422156	-0.7719659	0.8531746	1.0	1.0	6111	tags=44%, list=25%, signal=59%	
POSITIVE REGULATION OF LIPID CATABOLIC PROCESS%GOBP%GO:0050996	POSITIVE REGULATION OF LIPID CATABOLIC PROCESS%GOBP%GO:0050996		22	-0.25659037	-0.77058685	0.8442029	1.0	1.0	1488	tags=14%, list=6%, signal=15%	
ALPHA 6 BETA 4 SIGNALING%WIKIPATHWAYS_20260211%WP244%HOMO SAPIENS	ALPHA 6 BETA 4 SIGNALING%WIKIPATHWAYS_20260211%WP244%HOMO SAPIENS		26	-0.24770825	-0.7704747	0.88475835	1.0	1.0	2687	tags=15%, list=11%, signal=17%	
REGULATION OF OSTEOBLAST PROLIFERATION%GOBP%GO:0033688	REGULATION OF OSTEOBLAST PROLIFERATION%GOBP%GO:0033688		16	-0.2834016	-0.77019495	0.8020478	1.0	1.0	88	tags=6%, list=0%, signal=6%	
PID_HIF2PATHWAY%MSIGDB_C2%PID_HIF2PATHWAY	PID_HIF2PATHWAY%MSIGDB_C2%PID_HIF2PATHWAY		25	-0.24801794	-0.769733	0.8417266	1.0	1.0	2686	tags=20%, list=11%, signal=22%	
MESODERMAL CELL DIFFERENTIATION%GOBP%GO:0048333	MESODERMAL CELL DIFFERENTIATION%GOBP%GO:0048333		15	-0.28244546	-0.76947767	0.7921687	1.0	1.0	1729	tags=13%, list=7%, signal=14%	
HIV ELONGATION ARREST AND RECOVERY%REACTOME DATABASE ID RELEASE 95%167287	HIV ELONGATION ARREST AND RECOVERY%REACTOME DATABASE ID RELEASE 95%167287		33	-0.22881214	-0.76900685	0.856	1.0	1.0	5048	tags=36%, list=21%, signal=46%	
AMB2 INTEGRIN SIGNALING%PATHWAY INTERACTION DATABASE NCI-NATURE CURATED DATA%AMB2 INTEGRIN SIGNALING	AMB2 INTEGRIN SIGNALING%PATHWAY INTERACTION DATABASE NCI-NATURE CURATED DATA%AMB2 INTEGRIN SIGNALING		32	-0.23605315	-0.7682587	0.89451474	1.0	1.0	572	tags=6%, list=2%, signal=6%	
RECRUITMENT OF NUMA TO MITOTIC CENTROSOMES%REACTOME DATABASE ID RELEASE 95%380320	RECRUITMENT OF NUMA TO MITOTIC CENTROSOMES%REACTOME DATABASE ID RELEASE 95%380320		78	-0.19888908	-0.7680856	0.9447853	1.0	1.0	4821	tags=27%, list=20%, signal=33%	
POSITIVE REGULATION OF CARDIAC MUSCLE TISSUE GROWTH%GOBP%GO:0055023	POSITIVE REGULATION OF CARDIAC MUSCLE TISSUE GROWTH%GOBP%GO:0055023		17	-0.26873228	-0.76760346	0.84745765	1.0	1.0	2942	tags=24%, list=12%, signal=27%	
T-HELPER 17 CELL DIFFERENTIATION%GOBP%GO:0072539	T-HELPER 17 CELL DIFFERENTIATION%GOBP%GO:0072539		24	-0.2542911	-0.76752985	0.8623188	1.0	1.0	5347	tags=29%, list=22%, signal=37%	
DOSAGE COMPENSATION BY INACTIVATION OF X CHROMOSOME%GOBP%GO:0009048	DOSAGE COMPENSATION BY INACTIVATION OF X CHROMOSOME%GOBP%GO:0009048		15	-0.28416663	-0.7668548	0.7802548	1.0	1.0	2770	tags=20%, list=11%, signal=23%	
POSITIVE REGULATION OF ENDOTHELIAL CELL MIGRATION%GOBP%GO:0010595	POSITIVE REGULATION OF ENDOTHELIAL CELL MIGRATION%GOBP%GO:0010595		100	-0.18495114	-0.7666154	0.94666666	1.0	1.0	3452	tags=16%, list=14%, signal=19%	
SEX-CHROMOSOME DOSAGE COMPENSATION%GOBP%GO:0007549	SEX-CHROMOSOME DOSAGE COMPENSATION%GOBP%GO:0007549		15	-0.28416663	-0.76572156	0.8130841	1.0	1.0	2770	tags=20%, list=11%, signal=23%	
PROLACTIN SIGNALING%WIKIPATHWAYS_20260211%WP2037%HOMO SAPIENS	PROLACTIN SIGNALING%WIKIPATHWAYS_20260211%WP2037%HOMO SAPIENS		63	-0.20168613	-0.7653568	0.94210523	1.0	1.0	2859	tags=16%, list=12%, signal=18%	
PID_AVB3_OPN_PATHWAY%MSIGDB_C2%PID_AVB3_OPN_PATHWAY	PID_AVB3_OPN_PATHWAY%MSIGDB_C2%PID_AVB3_OPN_PATHWAY		26	-0.24693748	-0.7652546	0.84981686	1.0	1.0	2659	tags=23%, list=11%, signal=26%	
CELLULAR RESPONSE TO CORTICOSTEROID STIMULUS%GOBP%GO:0071384	CELLULAR RESPONSE TO CORTICOSTEROID STIMULUS%GOBP%GO:0071384		33	-0.2382086	-0.76518834	0.85258967	1.0	1.0	2795	tags=18%, list=11%, signal=20%	
PDGF PATHWAY%WIKIPATHWAYS_20260211%WP2526%HOMO SAPIENS	PDGF PATHWAY%WIKIPATHWAYS_20260211%WP2526%HOMO SAPIENS		32	-0.22629037	-0.76369876	0.8614232	1.0	1.0	2806	tags=16%, list=11%, signal=18%	
POSITIVE REGULATION OF MITOCHONDRIAL MEMBRANE PERMEABILITY%GOBP%GO:0035794	POSITIVE REGULATION OF MITOCHONDRIAL MEMBRANE PERMEABILITY%GOBP%GO:0035794		18	-0.2625196	-0.763627	0.815331	1.0	1.0	5230	tags=33%, list=21%, signal=42%	
PKC GAMMA CALCIUM SIGNALING IN ATAXIA%WIKIPATHWAYS_20260211%WP4760%HOMO SAPIENS	PKC GAMMA CALCIUM SIGNALING IN ATAXIA%WIKIPATHWAYS_20260211%WP4760%HOMO SAPIENS		16	-0.2691544	-0.76349527	0.8359621	1.0	1.0	197	tags=6%, list=1%, signal=6%	
FORMATION OF HIV ELONGATION COMPLEX IN THE ABSENCE OF HIV TAT%REACTOME%R-HSA-167152.5	FORMATION OF HIV ELONGATION COMPLEX IN THE ABSENCE OF HIV TAT%REACTOME%R-HSA-167152.5		45	-0.21794237	-0.76254106	0.91549295	1.0	1.0	5413	tags=40%, list=22%, signal=51%	
GDNF%IOB%GDNF	GDNF%IOB%GDNF		15	-0.27931407	-0.7613226	0.8310811	1.0	1.0	5109	tags=40%, list=21%, signal=51%	
POSTSYNAPTIC SIGNAL TRANSDUCTION%GOBP%GO:0098926	POSTSYNAPTIC SIGNAL TRANSDUCTION%GOBP%GO:0098926		44	-0.220527	-0.7611705	0.92890996	1.0	1.0	1263	tags=11%, list=5%, signal=12%	
ATP BIOSYNTHESIS%BIOCYC%PWY-7980	ATP BIOSYNTHESIS%BIOCYC%PWY-7980		31	-0.23357433	-0.76099014	0.8638132	1.0	1.0	3723	tags=16%, list=15%, signal=19%	
A6B1 AND A6B4 INTEGRIN SIGNALING%PATHWAY INTERACTION DATABASE NCI-NATURE CURATED DATA%A6B1 AND A6B4 INTEGRIN SIGNALING	A6B1 AND A6B4 INTEGRIN SIGNALING%PATHWAY INTERACTION DATABASE NCI-NATURE CURATED DATA%A6B1 AND A6B4 INTEGRIN SIGNALING		45	-0.21848084	-0.7607626	0.93191487	1.0	1.0	1336	tags=9%, list=5%, signal=9%	
NEGATIVE REGULATION OF CELL CYCLE G2/M PHASE TRANSITION%GOBP%GO:1902750	NEGATIVE REGULATION OF CELL CYCLE G2/M PHASE TRANSITION%GOBP%GO:1902750		68	-0.19886449	-0.7606685	0.9722222	1.0	1.0	2172	tags=13%, list=9%, signal=14%	
GLYCOLYSIS%PANTHER PATHWAY%P00024	GLYCOLYSIS%PANTHER PATHWAY%P00024		17	-0.2723089	-0.75964516	0.8231511	1.0	1.0	1999	tags=18%, list=8%, signal=19%	
TRANSLATIONAL ELONGATION%GOBP%GO:0006414	TRANSLATIONAL ELONGATION%GOBP%GO:0006414		60	-0.2049827	-0.75889164	0.9402174	1.0	1.0	2121	tags=12%, list=9%, signal=13%	
POSITIVE REGULATION OF TELOMERE MAINTENANCE VIA TELOMERASE%GOBP%GO:0032212	POSITIVE REGULATION OF TELOMERE MAINTENANCE VIA TELOMERASE%GOBP%GO:0032212		23	-0.2483262	-0.75852865	0.86970687	1.0	1.0	3583	tags=30%, list=15%, signal=36%	
NEGATIVE REGULATION OF PURINE NUCLEOTIDE METABOLIC PROCESS%GOBP%GO:1900543	NEGATIVE REGULATION OF PURINE NUCLEOTIDE METABOLIC PROCESS%GOBP%GO:1900543		19	-0.26433402	-0.7584969	0.7964912	1.0	1.0	1100	tags=11%, list=4%, signal=11%	
BONE MORPHOGENESIS%GOBP%GO:0060349	BONE MORPHOGENESIS%GOBP%GO:0060349		39	-0.22475697	-0.75834537	0.9166667	1.0	1.0	1488	tags=8%, list=6%, signal=8%	
MICROAUTOPHAGY%GOBP%GO:0016237	MICROAUTOPHAGY%GOBP%GO:0016237		21	-0.25018552	-0.7579023	0.8877193	1.0	1.0	91	tags=5%, list=0%, signal=5%	
REGULATION OF HAIR CYCLE%GOBP%GO:0042634	REGULATION OF HAIR CYCLE%GOBP%GO:0042634		15	-0.2783898	-0.75781465	0.82568806	1.0	1.0	3419	tags=20%, list=14%, signal=23%	
NEGATIVE REGULATION OF SMOOTHENED SIGNALING PATHWAY%GOBP%GO:0045879	NEGATIVE REGULATION OF SMOOTHENED SIGNALING PATHWAY%GOBP%GO:0045879		24	-0.2430839	-0.7571466	0.8614865	1.0	1.0	1865	tags=13%, list=8%, signal=14%	
TAT-MEDIATED ELONGATION OF THE HIV-1 TRANSCRIPT%REACTOME DATABASE ID RELEASE 95%167246	TAT-MEDIATED ELONGATION OF THE HIV-1 TRANSCRIPT%REACTOME DATABASE ID RELEASE 95%167246		43	-0.21783051	-0.75710046	0.8869565	1.0	1.0	5413	tags=40%, list=22%, signal=51%	
GPCRS CLASS B SECRETIN LIKE%WIKIPATHWAYS_20260211%WP334%HOMO SAPIENS	GPCRS CLASS B SECRETIN LIKE%WIKIPATHWAYS_20260211%WP334%HOMO SAPIENS		19	-0.26267228	-0.75696754	0.84563756	1.0	1.0	3045	tags=21%, list=12%, signal=24%	
NEGATIVE REGULATION OF DNA REPAIR%GOBP%GO:0045738	NEGATIVE REGULATION OF DNA REPAIR%GOBP%GO:0045738		39	-0.22272258	-0.7557764	0.902834	1.0	1.0	3855	tags=23%, list=16%, signal=27%	
VITAMIN METABOLIC PROCESS%GOBP%GO:0006766	VITAMIN METABOLIC PROCESS%GOBP%GO:0006766		25	-0.24484503	-0.7550712	0.8719723	1.0	1.0	1943	tags=16%, list=8%, signal=17%	
REGULATION OF STRESS FIBER ASSEMBLY%GOBP%GO:0051492	REGULATION OF STRESS FIBER ASSEMBLY%GOBP%GO:0051492		72	-0.19644788	-0.7550669	0.93370163	1.0	1.0	4518	tags=25%, list=18%, signal=31%	
REGULATION OF CELL CYCLE G2/M PHASE TRANSITION%GOBP%GO:1902749	REGULATION OF CELL CYCLE G2/M PHASE TRANSITION%GOBP%GO:1902749		100	-0.18374573	-0.7547681	0.9444444	1.0	1.0	3482	tags=17%, list=14%, signal=20%	
IL26 SIGNALING%WIKIPATHWAYS_20260211%WP5347%HOMO SAPIENS	IL26 SIGNALING%WIKIPATHWAYS_20260211%WP5347%HOMO SAPIENS		40	-0.21486153	-0.7540908	0.92511016	1.0	1.0	863	tags=8%, list=4%, signal=8%	
PROTEIN-LIPID COMPLEX REMODELING%GOBP%GO:0034368	PROTEIN-LIPID COMPLEX REMODELING%GOBP%GO:0034368		33	-0.22442026	-0.75394654	0.8921162	1.0	1.0	2381	tags=15%, list=10%, signal=17%	
POSITIVE REGULATION OF NEURAL PRECURSOR CELL PROLIFERATION%GOBP%GO:2000179	POSITIVE REGULATION OF NEURAL PRECURSOR CELL PROLIFERATION%GOBP%GO:2000179		24	-0.24321873	-0.75353587	0.8614232	1.0	1.0	1808	tags=13%, list=7%, signal=13%	
CLASS I PI3K SIGNALING EVENTS MEDIATED BY AKT%PATHWAY INTERACTION DATABASE NCI-NATURE CURATED DATA%CLASS I PI3K SIGNALING EVENTS MEDIATED BY AKT	CLASS I PI3K SIGNALING EVENTS MEDIATED BY AKT%PATHWAY INTERACTION DATABASE NCI-NATURE CURATED DATA%CLASS I PI3K SIGNALING EVENTS MEDIATED BY AKT		35	-0.22063254	-0.7534336	0.92276424	1.0	1.0	899	tags=9%, list=4%, signal=9%	
PID_MTOR_4PATHWAY%MSIGDB_C2%PID_MTOR_4PATHWAY	PID_MTOR_4PATHWAY%MSIGDB_C2%PID_MTOR_4PATHWAY		57	-0.20462383	-0.7522215	0.9489796	1.0	1.0	5109	tags=30%, list=21%, signal=38%	
REGULATION OF ALPHA-BETA T CELL DIFFERENTIATION%GOBP%GO:0046637	REGULATION OF ALPHA-BETA T CELL DIFFERENTIATION%GOBP%GO:0046637		59	-0.19830582	-0.7520785	0.95628417	1.0	1.0	5954	tags=39%, list=24%, signal=51%	
INTRACELLULAR GLUCOSE HOMEOSTASIS%GOBP%GO:0001678	INTRACELLULAR GLUCOSE HOMEOSTASIS%GOBP%GO:0001678		61	-0.20340289	-0.75196403	0.95811516	1.0	1.0	3667	tags=23%, list=15%, signal=27%	
SLC25A46 PATHWAY%WIKIPATHWAYS_20260211%WP5521%HOMO SAPIENS	SLC25A46 PATHWAY%WIKIPATHWAYS_20260211%WP5521%HOMO SAPIENS		17	-0.25610682	-0.7517346	0.8498403	1.0	1.0	2678	tags=24%, list=11%, signal=26%	
CARBOHYDRATE CATABOLIC PROCESS%GOBP%GO:0016052	CARBOHYDRATE CATABOLIC PROCESS%GOBP%GO:0016052		98	-0.18414655	-0.7509073	0.98039216	1.0	1.0	2383	tags=12%, list=10%, signal=14%	
REGULATION OF HORMONE METABOLIC PROCESS%GOBP%GO:0032350	REGULATION OF HORMONE METABOLIC PROCESS%GOBP%GO:0032350		30	-0.232485	-0.7508951	0.88212925	1.0	1.0	3520	tags=23%, list=14%, signal=27%	
SARS-COV-1 MODULATES HOST TRANSLATION MACHINERY%REACTOME DATABASE ID RELEASE 95%9735869	SARS-COV-1 MODULATES HOST TRANSLATION MACHINERY%REACTOME DATABASE ID RELEASE 95%9735869		37	-0.21939252	-0.7506701	0.9033613	1.0	1.0	7586	tags=51%, list=31%, signal=74%	
TGF-BETA RECEPTOR SIGNALING ACTIVATES SMADS%REACTOME%R-HSA-2173789.6	TGF-BETA RECEPTOR SIGNALING ACTIVATES SMADS%REACTOME%R-HSA-2173789.6		44	-0.21393533	-0.7504695	0.92941177	1.0	1.0	4104	tags=30%, list=17%, signal=35%	
NEUROTROPHIC FACTOR-MEDIATED TRK RECEPTOR SIGNALING%PATHWAY INTERACTION DATABASE NCI-NATURE CURATED DATA%NEUROTROPHIC FACTOR-MEDIATED TRK RECEPTOR SIGNALING	NEUROTROPHIC FACTOR-MEDIATED TRK RECEPTOR SIGNALING%PATHWAY INTERACTION DATABASE NCI-NATURE CURATED DATA%NEUROTROPHIC FACTOR-MEDIATED TRK RECEPTOR SIGNALING		61	-0.20117632	-0.7502512	0.95049506	1.0	1.0	3452	tags=18%, list=14%, signal=21%	
HIV TRANSCRIPTION ELONGATION%REACTOME DATABASE ID RELEASE 95%167169	HIV TRANSCRIPTION ELONGATION%REACTOME DATABASE ID RELEASE 95%167169		43	-0.21783051	-0.74987596	0.91943127	1.0	1.0	5413	tags=40%, list=22%, signal=51%	
REGULATION OF T-HELPER CELL DIFFERENTIATION%GOBP%GO:0045622	REGULATION OF T-HELPER CELL DIFFERENTIATION%GOBP%GO:0045622		39	-0.22101259	-0.74970937	0.8663968	1.0	1.0	5954	tags=44%, list=24%, signal=57%	
PROTEIN-CONTAINING COMPLEX REMODELING%GOBP%GO:0034367	PROTEIN-CONTAINING COMPLEX REMODELING%GOBP%GO:0034367		34	-0.22291183	-0.7490001	0.89068824	1.0	1.0	2381	tags=15%, list=10%, signal=16%	
PID_HES_HEY_PATHWAY%MSIGDB_C2%PID_HES_HEY_PATHWAY	PID_HES_HEY_PATHWAY%MSIGDB_C2%PID_HES_HEY_PATHWAY		41	-0.21425588	-0.7487113	0.93415636	1.0	1.0	2336	tags=12%, list=10%, signal=13%	
RNA POL II CTD PHOSPHORYLATION AND INTERACTION WITH CE%REACTOME%R-HSA-77075.4	RNA POL II CTD PHOSPHORYLATION AND INTERACTION WITH CE%REACTOME%R-HSA-77075.4		27	-0.2422156	-0.74828565	0.886121	1.0	1.0	6111	tags=44%, list=25%, signal=59%	
INTRINSIC APOPTOTIC SIGNALING PATHWAY IN RESPONSE TO DNA DAMAGE%GOBP%GO:0008630	INTRINSIC APOPTOTIC SIGNALING PATHWAY IN RESPONSE TO DNA DAMAGE%GOBP%GO:0008630		59	-0.20497596	-0.7480109	0.94174755	1.0	1.0	3353	tags=20%, list=14%, signal=24%	
ENDONUCLEOLYTIC CLEAVAGE OF TRICISTRONIC RRNA TRANSCRIPT (SSU-RRNA, 5.8S RRNA, LSU-RRNA)%GOBP%GO:0000479	ENDONUCLEOLYTIC CLEAVAGE OF TRICISTRONIC RRNA TRANSCRIPT (SSU-RRNA, 5.8S RRNA, LSU-RRNA)%GOBP%GO:0000479		20	-0.25459155	-0.7478567	0.8741722	1.0	1.0	4662	tags=35%, list=19%, signal=43%	
PHOTODYNAMIC THERAPY INDUCED NFE2L2 NRF2 SURVIVAL SIGNALING%WIKIPATHWAYS_20260211%WP3612%HOMO SAPIENS	PHOTODYNAMIC THERAPY INDUCED NFE2L2 NRF2 SURVIVAL SIGNALING%WIKIPATHWAYS_20260211%WP3612%HOMO SAPIENS		21	-0.2563145	-0.7472761	0.8381295	1.0	1.0	1334	tags=10%, list=5%, signal=10%	
NUCLEAR SIGNALING BY ERBB4%REACTOME%R-HSA-1251985.7	NUCLEAR SIGNALING BY ERBB4%REACTOME%R-HSA-1251985.7		31	-0.2260576	-0.7471813	0.9067164	1.0	1.0	3195	tags=19%, list=13%, signal=22%	
EGF SIGNALLING PATHWAY%SMPDB%SMP0063810	EGF SIGNALLING PATHWAY%SMPDB%SMP0063810		26	-0.23599865	-0.74681205	0.88530463	1.0	1.0	2823	tags=15%, list=12%, signal=17%	
REGULATION OF ACTIN FILAMENT BUNDLE ASSEMBLY%GOBP%GO:0032231	REGULATION OF ACTIN FILAMENT BUNDLE ASSEMBLY%GOBP%GO:0032231		84	-0.18501754	-0.7463863	0.98285717	1.0	1.0	4518	tags=24%, list=18%, signal=29%	
MIRNA REGULATION OF P53 PATHWAY IN PROSTATE CANCER%WIKIPATHWAYS_20260211%WP3982%HOMO SAPIENS	MIRNA REGULATION OF P53 PATHWAY IN PROSTATE CANCER%WIKIPATHWAYS_20260211%WP3982%HOMO SAPIENS		21	-0.25419563	-0.7463568	0.88435376	1.0	1.0	5002	tags=33%, list=20%, signal=42%	
PLASMA LIPOPROTEIN PARTICLE REMODELING%GOBP%GO:0034369	PLASMA LIPOPROTEIN PARTICLE REMODELING%GOBP%GO:0034369		33	-0.22442026	-0.7458693	0.91791046	1.0	1.0	2381	tags=15%, list=10%, signal=17%	
PI5P, PP2A AND IER3 REGULATE PI3K AKT SIGNALING%REACTOME%R-HSA-6811558.5	PI5P, PP2A AND IER3 REGULATE PI3K AKT SIGNALING%REACTOME%R-HSA-6811558.5		100	-0.18231316	-0.74580973	0.99270076	1.0	1.0	3454	tags=17%, list=14%, signal=20%	
C-MYC PATHWAY%PATHWAY INTERACTION DATABASE NCI-NATURE CURATED DATA%C-MYC PATHWAY	C-MYC PATHWAY%PATHWAY INTERACTION DATABASE NCI-NATURE CURATED DATA%C-MYC PATHWAY		25	-0.24128874	-0.744951	0.8724138	1.0	1.0	5629	tags=44%, list=23%, signal=57%	
TRANSFORMING GROWTH FACTOR BETA RECEPTOR SUPERFAMILY SIGNALING PATHWAY%GOBP%GO:0141091	TRANSFORMING GROWTH FACTOR BETA RECEPTOR SUPERFAMILY SIGNALING PATHWAY%GOBP%GO:0141091		125	-0.17655142	-0.7448994	1.0	1.0	1.0	4372	tags=22%, list=18%, signal=26%	
METABOLIC EPILEPTIC DISORDERS%WIKIPATHWAYS_20260211%WP5355%HOMO SAPIENS	METABOLIC EPILEPTIC DISORDERS%WIKIPATHWAYS_20260211%WP5355%HOMO SAPIENS		68	-0.19432594	-0.7448804	0.94505495	1.0	1.0	4213	tags=22%, list=17%, signal=27%	
PID_IL12_2PATHWAY%MSIGDB_C2%PID_IL12_2PATHWAY	PID_IL12_2PATHWAY%MSIGDB_C2%PID_IL12_2PATHWAY		51	-0.20202503	-0.74432886	0.9653465	1.0	1.0	4045	tags=18%, list=17%, signal=21%	
PID_ARF6_PATHWAY%MSIGDB_C2%PID_ARF6_PATHWAY	PID_ARF6_PATHWAY%MSIGDB_C2%PID_ARF6_PATHWAY		29	-0.23076382	-0.74426174	0.89711934	1.0	1.0	5326	tags=34%, list=22%, signal=44%	
REGULATION OF FERROPTOSIS%GOBP%GO:0110075	REGULATION OF FERROPTOSIS%GOBP%GO:0110075		27	-0.23657303	-0.7442567	0.88353413	1.0	1.0	2262	tags=19%, list=9%, signal=20%	
RIBOSOME-ASSOCIATED UBIQUITIN-DEPENDENT PROTEIN CATABOLIC PROCESS%GOBP%GO:1990116	RIBOSOME-ASSOCIATED UBIQUITIN-DEPENDENT PROTEIN CATABOLIC PROCESS%GOBP%GO:1990116		17	-0.27308744	-0.7431349	0.8428094	1.0	1.0	2027	tags=18%, list=8%, signal=19%	
CELLULAR RESPONSE TO ESTRADIOL STIMULUS%GOBP%GO:0071392	CELLULAR RESPONSE TO ESTRADIOL STIMULUS%GOBP%GO:0071392		20	-0.25871584	-0.7429487	0.887372	1.0	1.0	603	tags=10%, list=2%, signal=10%	
TAT-MEDIATED HIV ELONGATION ARREST AND RECOVERY%REACTOME DATABASE ID RELEASE 95%167243	TAT-MEDIATED HIV ELONGATION ARREST AND RECOVERY%REACTOME DATABASE ID RELEASE 95%167243		31	-0.22846045	-0.74277234	0.91608393	1.0	1.0	5048	tags=35%, list=21%, signal=45%	
10Q11 21Q11 23 COPY NUMBER VARIATION SYNDROME%WIKIPATHWAYS_20260211%WP5352%HOMO SAPIENS	10Q11 21Q11 23 COPY NUMBER VARIATION SYNDROME%WIKIPATHWAYS_20260211%WP5352%HOMO SAPIENS		47	-0.20943424	-0.74270177	0.9191489	1.0	1.0	4457	tags=26%, list=18%, signal=31%	
THE NLRP3 INFLAMMASOME%REACTOME%R-HSA-844456.10	THE NLRP3 INFLAMMASOME%REACTOME%R-HSA-844456.10		16	-0.26780748	-0.7422872	0.85211265	1.0	1.0	2118	tags=19%, list=9%, signal=21%	
REGULATION OF T-HELPER 17 TYPE IMMUNE RESPONSE%GOBP%GO:2000316	REGULATION OF T-HELPER 17 TYPE IMMUNE RESPONSE%GOBP%GO:2000316		29	-0.2278639	-0.74211884	0.8972332	1.0	1.0	1298	tags=10%, list=5%, signal=11%	
FOXO-MEDIATED TRANSCRIPTION OF OXIDATIVE STRESS, METABOLIC AND NEURONAL GENES%REACTOME DATABASE ID RELEASE 95%9615017	FOXO-MEDIATED TRANSCRIPTION OF OXIDATIVE STRESS, METABOLIC AND NEURONAL GENES%REACTOME DATABASE ID RELEASE 95%9615017		29	-0.23476192	-0.7406356	0.91320753	1.0	1.0	2322	tags=14%, list=9%, signal=15%	
CRISTAE FORMATION%REACTOME%R-HSA-8949613.3	CRISTAE FORMATION%REACTOME%R-HSA-8949613.3		31	-0.22841732	-0.7402674	0.9120879	1.0	1.0	4834	tags=23%, list=20%, signal=28%	
ACETYLCHOLINE NEUROTRANSMITTER RELEASE CYCLE%REACTOME%R-HSA-264642.6	ACETYLCHOLINE NEUROTRANSMITTER RELEASE CYCLE%REACTOME%R-HSA-264642.6		16	-0.2656937	-0.73891103	0.8294314	1.0	1.0	4327	tags=38%, list=18%, signal=46%	
BIOCARTA_HDAC_PATHWAY%MSIGDB_C2%BIOCARTA_HDAC_PATHWAY	BIOCARTA_HDAC_PATHWAY%MSIGDB_C2%BIOCARTA_HDAC_PATHWAY		19	-0.2524315	-0.7387938	0.88461536	1.0	1.0	1717	tags=11%, list=7%, signal=11%	
CELL SURFACE RECEPTOR PROTEIN SERINE/THREONINE KINASE SIGNALING PATHWAY%GOBP%GO:0007178	CELL SURFACE RECEPTOR PROTEIN SERINE/THREONINE KINASE SIGNALING PATHWAY%GOBP%GO:0007178		139	-0.172965	-0.7385467	0.9917355	1.0	1.0	4372	tags=22%, list=18%, signal=26%	
RESPONSE TO CAMP%GOBP%GO:0051591	RESPONSE TO CAMP%GOBP%GO:0051591		39	-0.21625961	-0.7385336	0.944206	1.0	1.0	1418	tags=10%, list=6%, signal=11%	
SEMI-LUNAR VALVE DEVELOPMENT%GOBP%GO:1905314	SEMI-LUNAR VALVE DEVELOPMENT%GOBP%GO:1905314		48	-0.20877373	-0.73783666	0.9497908	1.0	1.0	3108	tags=21%, list=13%, signal=24%	
POSITIVE REGULATION OF T-HELPER 17 TYPE IMMUNE RESPONSE%GOBP%GO:2000318	POSITIVE REGULATION OF T-HELPER 17 TYPE IMMUNE RESPONSE%GOBP%GO:2000318		16	-0.27072278	-0.7373877	0.84615386	1.0	1.0	1298	tags=13%, list=5%, signal=13%	
CHROMOSOME CONDENSATION%GOBP%GO:0030261	CHROMOSOME CONDENSATION%GOBP%GO:0030261		33	-0.22651877	-0.7371883	0.91358024	1.0	1.0	4324	tags=27%, list=18%, signal=33%	
SIGNALING BY NON-RECEPTOR TYROSINE KINASES%REACTOME DATABASE ID RELEASE 95%9006927	SIGNALING BY NON-RECEPTOR TYROSINE KINASES%REACTOME DATABASE ID RELEASE 95%9006927		51	-0.19764633	-0.73709846	0.9900498	1.0	1.0	4645	tags=18%, list=19%, signal=22%	
NEF-MEDIATES DOWN MODULATION OF CELL SURFACE RECEPTORS BY RECRUITING THEM TO CLATHRIN ADAPTERS%REACTOME%R-HSA-164938.5	NEF-MEDIATES DOWN MODULATION OF CELL SURFACE RECEPTORS BY RECRUITING THEM TO CLATHRIN ADAPTERS%REACTOME%R-HSA-164938.5		21	-0.25078103	-0.73679966	0.84782606	1.0	1.0	3691	tags=19%, list=15%, signal=22%	
PAUSING AND RECOVERY OF HIV ELONGATION%REACTOME DATABASE ID RELEASE 95%167290	PAUSING AND RECOVERY OF HIV ELONGATION%REACTOME DATABASE ID RELEASE 95%167290		33	-0.22881214	-0.73637444	0.9191176	1.0	1.0	5048	tags=36%, list=21%, signal=46%	
AORTIC VALVE DEVELOPMENT%GOBP%GO:0003176	AORTIC VALVE DEVELOPMENT%GOBP%GO:0003176		44	-0.20683296	-0.7356305	0.95473254	1.0	1.0	4699	tags=30%, list=19%, signal=36%	
REGULATION OF MYOBLAST FUSION%GOBP%GO:1901739	REGULATION OF MYOBLAST FUSION%GOBP%GO:1901739		56	-0.20358086	-0.7353898	0.9575472	1.0	1.0	6023	tags=36%, list=25%, signal=47%	
RETROGRADE AXONAL TRANSPORT%GOBP%GO:0008090	RETROGRADE AXONAL TRANSPORT%GOBP%GO:0008090		17	-0.25971258	-0.7353658	0.87925696	1.0	1.0	2664	tags=18%, list=11%, signal=20%	
CELLULAR RESPONSE TO PEPTIDE HORMONE STIMULUS%GOBP%GO:0071375	CELLULAR RESPONSE TO PEPTIDE HORMONE STIMULUS%GOBP%GO:0071375		174	-0.16608839	-0.73492485	1.0	1.0	1.0	3941	tags=17%, list=16%, signal=20%	
NEGATIVE REGULATION OF DNA REPLICATION%GOBP%GO:0008156	NEGATIVE REGULATION OF DNA REPLICATION%GOBP%GO:0008156		26	-0.23627788	-0.7346003	0.8880309	1.0	1.0	5214	tags=42%, list=21%, signal=54%	
LOSS OF NLP FROM MITOTIC CENTROSOMES%REACTOME DATABASE ID RELEASE 95%380259	LOSS OF NLP FROM MITOTIC CENTROSOMES%REACTOME DATABASE ID RELEASE 95%380259		67	-0.19220003	-0.7341027	0.98351645	1.0	1.0	4821	tags=27%, list=20%, signal=33%	
ACTIVATED NOTCH1 TRANSMITS SIGNAL TO THE NUCLEUS%REACTOME DATABASE ID RELEASE 95%2122948	ACTIVATED NOTCH1 TRANSMITS SIGNAL TO THE NUCLEUS%REACTOME DATABASE ID RELEASE 95%2122948		31	-0.22554515	-0.7330081	0.9249012	1.0	1.0	3792	tags=23%, list=15%, signal=27%	
REGULATION OF CALCIUM ION-DEPENDENT EXOCYTOSIS%GOBP%GO:0017158	REGULATION OF CALCIUM ION-DEPENDENT EXOCYTOSIS%GOBP%GO:0017158		36	-0.21245399	-0.7326746	0.9497908	1.0	1.0	2696	tags=19%, list=11%, signal=22%	
NEGATIVE REGULATION OF CELL MIGRATION INVOLVED IN SPROUTING ANGIOGENESIS%GOBP%GO:0090051	NEGATIVE REGULATION OF CELL MIGRATION INVOLVED IN SPROUTING ANGIOGENESIS%GOBP%GO:0090051		15	-0.27441958	-0.731975	0.8518519	1.0	1.0	131	tags=7%, list=1%, signal=7%	
PROTEIN HOMOTETRAMERIZATION%GOBP%GO:0051289	PROTEIN HOMOTETRAMERIZATION%GOBP%GO:0051289		61	-0.19414851	-0.7317782	0.9826087	1.0	1.0	678	tags=7%, list=3%, signal=7%	
REGULATION OF MORPHOGENESIS OF AN EPITHELIUM%GOBP%GO:1905330	REGULATION OF MORPHOGENESIS OF AN EPITHELIUM%GOBP%GO:1905330		40	-0.21043463	-0.7317454	0.94392526	1.0	1.0	2927	tags=15%, list=12%, signal=17%	
NANOMATERIAL INDUCED APOPTOSIS%WIKIPATHWAYS_20260211%WP2507%HOMO SAPIENS	NANOMATERIAL INDUCED APOPTOSIS%WIKIPATHWAYS_20260211%WP2507%HOMO SAPIENS		15	-0.27107733	-0.73172325	0.8566978	1.0	1.0	4429	tags=33%, list=18%, signal=41%	
REGULATION OF VASCULAR ASSOCIATED SMOOTH MUSCLE CELL PROLIFERATION%GOBP%GO:1904705	REGULATION OF VASCULAR ASSOCIATED SMOOTH MUSCLE CELL PROLIFERATION%GOBP%GO:1904705		38	-0.21228962	-0.73094326	0.93273544	1.0	1.0	2737	tags=16%, list=11%, signal=18%	
REGULATION OF ERAD PATHWAY%GOBP%GO:1904292	REGULATION OF ERAD PATHWAY%GOBP%GO:1904292		24	-0.24275868	-0.7299278	0.88505745	1.0	1.0	4404	tags=25%, list=18%, signal=30%	
RESPIRATORY SYNCYTIAL VIRUS (RSV) ATTACHMENT AND ENTRY%REACTOME%R-HSA-9820960.2	RESPIRATORY SYNCYTIAL VIRUS (RSV) ATTACHMENT AND ENTRY%REACTOME%R-HSA-9820960.2		23	-0.23642372	-0.72943485	0.88663965	1.0	1.0	17	tags=4%, list=0%, signal=4%	
BIOCARTA_CDMAC_PATHWAY%MSIGDB_C2%BIOCARTA_CDMAC_PATHWAY	BIOCARTA_CDMAC_PATHWAY%MSIGDB_C2%BIOCARTA_CDMAC_PATHWAY		16	-0.26128066	-0.7293674	0.86031747	1.0	1.0	1334	tags=13%, list=5%, signal=13%	
PAUSING AND RECOVERY OF TAT-MEDIATED HIV ELONGATION%REACTOME DATABASE ID RELEASE 95%167238	PAUSING AND RECOVERY OF TAT-MEDIATED HIV ELONGATION%REACTOME DATABASE ID RELEASE 95%167238		31	-0.22846045	-0.72896045	0.9059829	1.0	1.0	5048	tags=35%, list=21%, signal=45%	
CONSTITUTIVE SIGNALING BY AKT1 E17K IN CANCER%REACTOME DATABASE ID RELEASE 95%5674400	CONSTITUTIVE SIGNALING BY AKT1 E17K IN CANCER%REACTOME DATABASE ID RELEASE 95%5674400		25	-0.23345718	-0.72837144	0.9115385	1.0	1.0	5998	tags=28%, list=24%, signal=37%	
PID_FOXM1_PATHWAY%MSIGDB_C2%PID_FOXM1_PATHWAY	PID_FOXM1_PATHWAY%MSIGDB_C2%PID_FOXM1_PATHWAY		37	-0.21847296	-0.7283323	0.93333334	1.0	1.0	1383	tags=8%, list=6%, signal=9%	
TRANSFERRIN ENDOCYTOSIS AND RECYCLING%REACTOME%R-HSA-917977.3	TRANSFERRIN ENDOCYTOSIS AND RECYCLING%REACTOME%R-HSA-917977.3		31	-0.22418322	-0.7281346	0.8938053	1.0	1.0	3723	tags=23%, list=15%, signal=27%	
MESONEPHROS DEVELOPMENT%GOBP%GO:0001823	MESONEPHROS DEVELOPMENT%GOBP%GO:0001823		37	-0.21284625	-0.72799087	0.94570136	1.0	1.0	4345	tags=24%, list=18%, signal=30%	
REGULATION OF FEEDING BEHAVIOR%GOBP%GO:0060259	REGULATION OF FEEDING BEHAVIOR%GOBP%GO:0060259		20	-0.24699607	-0.7279269	0.88395905	1.0	1.0	1713	tags=10%, list=7%, signal=11%	
POSITIVE REGULATION OF TELOMERE MAINTENANCE%GOBP%GO:0032206	POSITIVE REGULATION OF TELOMERE MAINTENANCE%GOBP%GO:0032206		58	-0.19916381	-0.7272684	0.96585363	1.0	1.0	5856	tags=38%, list=24%, signal=50%	
PHOTODYNAMIC THERAPY INDUCED AP 1 SURVIVAL SIGNALING%WIKIPATHWAYS_20260211%WP3611%HOMO SAPIENS	PHOTODYNAMIC THERAPY INDUCED AP 1 SURVIVAL SIGNALING%WIKIPATHWAYS_20260211%WP3611%HOMO SAPIENS		42	-0.20480242	-0.72699356	0.9656652	1.0	1.0	3423	tags=19%, list=14%, signal=22%	
DOWNSTREAM SIGNALING OF ACTIVATED FGFR1%REACTOME DATABASE ID RELEASE 95%5654687	DOWNSTREAM SIGNALING OF ACTIVATED FGFR1%REACTOME DATABASE ID RELEASE 95%5654687		23	-0.24047326	-0.7269801	0.8964286	1.0	1.0	3452	tags=22%, list=14%, signal=25%	
EMBRYONIC HEMOPOIESIS%GOBP%GO:0035162	EMBRYONIC HEMOPOIESIS%GOBP%GO:0035162		16	-0.2623659	-0.7259402	0.8670695	1.0	1.0	3897	tags=31%, list=16%, signal=37%	
CELLULAR RESPONSE TO NERVE GROWTH FACTOR STIMULUS%GOBP%GO:1990090	CELLULAR RESPONSE TO NERVE GROWTH FACTOR STIMULUS%GOBP%GO:1990090		23	-0.23785563	-0.7246972	0.9003559	1.0	1.0	3590	tags=17%, list=15%, signal=20%	
RESPONSE TO NERVE GROWTH FACTOR%GOBP%GO:1990089	RESPONSE TO NERVE GROWTH FACTOR%GOBP%GO:1990089		23	-0.23785563	-0.7243938	0.8712871	1.0	1.0	3590	tags=17%, list=15%, signal=20%	
SIGNALING EVENTS MEDIATED BY THE HEDGEHOG FAMILY%PATHWAY INTERACTION DATABASE NCI-NATURE CURATED DATA%SIGNALING EVENTS MEDIATED BY THE HEDGEHOG FAMILY	SIGNALING EVENTS MEDIATED BY THE HEDGEHOG FAMILY%PATHWAY INTERACTION DATABASE NCI-NATURE CURATED DATA%SIGNALING EVENTS MEDIATED BY THE HEDGEHOG FAMILY		22	-0.23768516	-0.7241387	0.90877193	1.0	1.0	4315	tags=32%, list=18%, signal=39%	
ROS AND RNS PRODUCTION IN PHAGOCYTES%REACTOME%R-HSA-1222556.11	ROS AND RNS PRODUCTION IN PHAGOCYTES%REACTOME%R-HSA-1222556.11		36	-0.21349974	-0.7233451	0.9442231	1.0	1.0	3872	tags=28%, list=16%, signal=33%	
REGULATION OF CD4-POSITIVE, ALPHA-BETA T CELL ACTIVATION%GOBP%GO:2000514	REGULATION OF CD4-POSITIVE, ALPHA-BETA T CELL ACTIVATION%GOBP%GO:2000514		63	-0.19275466	-0.7233306	0.9657143	1.0	1.0	5312	tags=30%, list=22%, signal=38%	
NADPH REGENERATION%GOBP%GO:0006740	NADPH REGENERATION%GOBP%GO:0006740		15	-0.2646384	-0.7232969	0.87460816	1.0	1.0	853	tags=13%, list=3%, signal=14%	
INTRACELLULAR IRON ION HOMEOSTASIS%GOBP%GO:0006879	INTRACELLULAR IRON ION HOMEOSTASIS%GOBP%GO:0006879		64	-0.18865214	-0.72318226	0.9692308	1.0	1.0	3877	tags=19%, list=16%, signal=22%	
PYRIMIDINE METABOLISM%WIKIPATHWAYS_20260211%WP4022%HOMO SAPIENS	PYRIMIDINE METABOLISM%WIKIPATHWAYS_20260211%WP4022%HOMO SAPIENS		71	-0.19057783	-0.72290266	0.9837838	1.0	1.0	4020	tags=21%, list=16%, signal=25%	
SIGNALING BY PTK6%REACTOME DATABASE ID RELEASE 95%8848021	SIGNALING BY PTK6%REACTOME DATABASE ID RELEASE 95%8848021		51	-0.19764633	-0.7227228	0.9665072	1.0	1.0	4645	tags=18%, list=19%, signal=22%	
BIOCARTA_PDGF_PATHWAY%MSIGDB_C2%BIOCARTA_PDGF_PATHWAY	BIOCARTA_PDGF_PATHWAY%MSIGDB_C2%BIOCARTA_PDGF_PATHWAY		23	-0.23983324	-0.7223937	0.896679	1.0	1.0	2806	tags=13%, list=11%, signal=15%	
LOSS OF PROTEINS REQUIRED FOR INTERPHASE MICROTUBULE ORGANIZATION FROM THE CENTROSOME%REACTOME DATABASE ID RELEASE 95%380284	LOSS OF PROTEINS REQUIRED FOR INTERPHASE MICROTUBULE ORGANIZATION FROM THE CENTROSOME%REACTOME DATABASE ID RELEASE 95%380284		67	-0.19220003	-0.72211933	0.9770642	1.0	1.0	4821	tags=27%, list=20%, signal=33%	
REGULATION OF INTERFERON-ALPHA PRODUCTION%GOBP%GO:0032647	REGULATION OF INTERFERON-ALPHA PRODUCTION%GOBP%GO:0032647		27	-0.23243143	-0.7217853	0.9140625	1.0	1.0	1816	tags=11%, list=7%, signal=12%	
THE ROLE OF NEF IN HIV-1 REPLICATION AND DISEASE PATHOGENESIS%REACTOME%R-HSA-164952.3	THE ROLE OF NEF IN HIV-1 REPLICATION AND DISEASE PATHOGENESIS%REACTOME%R-HSA-164952.3		27	-0.23369291	-0.7216754	0.89568347	1.0	1.0	3691	tags=19%, list=15%, signal=22%	
PID_ECADHERIN_NASCENT_AJ_PATHWAY%MSIGDB_C2%PID_ECADHERIN_NASCENT_AJ_PATHWAY	PID_ECADHERIN_NASCENT_AJ_PATHWAY%MSIGDB_C2%PID_ECADHERIN_NASCENT_AJ_PATHWAY		29	-0.22321129	-0.72108823	0.92045456	1.0	1.0	5479	tags=34%, list=22%, signal=44%	
HEAD AND NECK SQUAMOUS CELL CARCINOMA%WIKIPATHWAYS_20260211%WP4674%HOMO SAPIENS	HEAD AND NECK SQUAMOUS CELL CARCINOMA%WIKIPATHWAYS_20260211%WP4674%HOMO SAPIENS		65	-0.1892219	-0.7209512	0.9798995	1.0	1.0	5704	tags=32%, list=23%, signal=42%	
C-MYB TRANSCRIPTION FACTOR NETWORK%PATHWAY INTERACTION DATABASE NCI-NATURE CURATED DATA%C-MYB TRANSCRIPTION FACTOR NETWORK	C-MYB TRANSCRIPTION FACTOR NETWORK%PATHWAY INTERACTION DATABASE NCI-NATURE CURATED DATA%C-MYB TRANSCRIPTION FACTOR NETWORK		84	-0.18267371	-0.72084635	0.9875776	1.0	1.0	2047	tags=11%, list=8%, signal=12%	
PHOTORECEPTOR CELL DIFFERENTIATION%GOBP%GO:0046530	PHOTORECEPTOR CELL DIFFERENTIATION%GOBP%GO:0046530		38	-0.21403457	-0.7207658	0.9353448	1.0	1.0	2177	tags=13%, list=9%, signal=14%	
SIGNALING BY TYPE 1 INSULIN-LIKE GROWTH FACTOR 1 RECEPTOR (IGF1R)%REACTOME DATABASE ID RELEASE 95%2404192	SIGNALING BY TYPE 1 INSULIN-LIKE GROWTH FACTOR 1 RECEPTOR (IGF1R)%REACTOME DATABASE ID RELEASE 95%2404192		44	-0.20473592	-0.720384	0.9490741	1.0	1.0	3452	tags=18%, list=14%, signal=21%	
PID_EPHRINB_REV_PATHWAY%MSIGDB_C2%PID_EPHRINB_REV_PATHWAY	PID_EPHRINB_REV_PATHWAY%MSIGDB_C2%PID_EPHRINB_REV_PATHWAY		24	-0.23784184	-0.7192729	0.8958333	1.0	1.0	2958	tags=21%, list=12%, signal=24%	
PID_AJDISS_2PATHWAY%MSIGDB_C2%PID_AJDISS_2PATHWAY	PID_AJDISS_2PATHWAY%MSIGDB_C2%PID_AJDISS_2PATHWAY		39	-0.21493998	-0.718735	0.9285714	1.0	1.0	3337	tags=21%, list=14%, signal=24%	
SIGNALING BY NOTCH3%REACTOME%R-HSA-9012852.3	SIGNALING BY NOTCH3%REACTOME%R-HSA-9012852.3		48	-0.19773024	-0.71788716	0.943128	1.0	1.0	3792	tags=19%, list=15%, signal=22%	
CELLULAR RESPONSE TO BMP STIMULUS%GOBP%GO:0071773	CELLULAR RESPONSE TO BMP STIMULUS%GOBP%GO:0071773		60	-0.18810429	-0.716497	0.9897436	1.0	1.0	415	tags=5%, list=2%, signal=5%	
APPENDAGE MORPHOGENESIS%GOBP%GO:0035107	APPENDAGE MORPHOGENESIS%GOBP%GO:0035107		44	-0.2036686	-0.71370167	0.95671	1.0	1.0	3706	tags=23%, list=15%, signal=27%	
RESPONSE TO BMP%GOBP%GO:0071772	RESPONSE TO BMP%GOBP%GO:0071772		60	-0.18810429	-0.71217674	0.9736842	1.0	1.0	415	tags=5%, list=2%, signal=5%	
IRON-SULFUR CLUSTER ASSEMBLY%GOBP%GO:0016226	IRON-SULFUR CLUSTER ASSEMBLY%GOBP%GO:0016226		26	-0.22677095	-0.71197265	0.92057765	1.0	1.0	2010	tags=12%, list=8%, signal=13%	
NEGATIVE REGULATION OF ENDOTHELIAL CELL MIGRATION%GOBP%GO:0010596	NEGATIVE REGULATION OF ENDOTHELIAL CELL MIGRATION%GOBP%GO:0010596		51	-0.1926752	-0.7118713	0.9769585	1.0	1.0	5480	tags=31%, list=22%, signal=40%	
MITOTIC CELL CYCLE PHASE TRANSITION%GOBP%GO:0044772	MITOTIC CELL CYCLE PHASE TRANSITION%GOBP%GO:0044772		117	-0.17105414	-0.711202	1.0	1.0	1.0	4835	tags=26%, list=20%, signal=32%	
LIMB MORPHOGENESIS%GOBP%GO:0035108	LIMB MORPHOGENESIS%GOBP%GO:0035108		44	-0.2036686	-0.7105495	0.9617021	1.0	1.0	3706	tags=23%, list=15%, signal=27%	
ACTIVATION OF GTPASE ACTIVITY%GOBP%GO:0090630	ACTIVATION OF GTPASE ACTIVITY%GOBP%GO:0090630		22	-0.23558193	-0.7104656	0.8933824	1.0	1.0	1835	tags=14%, list=7%, signal=15%	
IRS-MEDIATED SIGNALLING%REACTOME DATABASE ID RELEASE 95%112399	IRS-MEDIATED SIGNALLING%REACTOME DATABASE ID RELEASE 95%112399		39	-0.21117204	-0.7102715	0.935743	1.0	1.0	3452	tags=18%, list=14%, signal=21%	
PID_MET_PATHWAY%MSIGDB_C2%PID_MET_PATHWAY	PID_MET_PATHWAY%MSIGDB_C2%PID_MET_PATHWAY		64	-0.18885879	-0.7101788	0.984127	1.0	1.0	3357	tags=20%, list=14%, signal=23%	
SPROUTING ANGIOGENESIS%GOBP%GO:0002040	SPROUTING ANGIOGENESIS%GOBP%GO:0002040		54	-0.1888053	-0.70815027	0.99502486	1.0	1.0	2760	tags=13%, list=11%, signal=15%	
TERMINATION OF TRANSLESION DNA SYNTHESIS%REACTOME DATABASE ID RELEASE 95%5656169	TERMINATION OF TRANSLESION DNA SYNTHESIS%REACTOME DATABASE ID RELEASE 95%5656169		32	-0.21629658	-0.70778424	0.9467213	1.0	1.0	5676	tags=38%, list=23%, signal=49%	
POSITIVE REGULATION OF CELL-SUBSTRATE JUNCTION ORGANIZATION%GOBP%GO:0150117	POSITIVE REGULATION OF CELL-SUBSTRATE JUNCTION ORGANIZATION%GOBP%GO:0150117		26	-0.22681148	-0.70680594	0.9157895	1.0	1.0	5575	tags=35%, list=23%, signal=45%	
CALCIUM-INDEPENDENT CELL-CELL ADHESION%GOBP%GO:0016338	CALCIUM-INDEPENDENT CELL-CELL ADHESION%GOBP%GO:0016338		20	-0.24231263	-0.70616996	0.90068495	1.0	1.0	785	tags=10%, list=3%, signal=10%	
INFLUENZA INFECTION%REACTOME%R-HSA-168255.6	INFLUENZA INFECTION%REACTOME%R-HSA-168255.6		155	-0.15992163	-0.7060805	1.0	1.0	1.0	6023	tags=31%, list=25%, signal=41%	
GLIAL CELL MIGRATION%GOBP%GO:0008347	GLIAL CELL MIGRATION%GOBP%GO:0008347		18	-0.251157	-0.70549864	0.9047619	1.0	1.0	4843	tags=33%, list=20%, signal=42%	
MITOPHAGY%GOBP%GO:0000423	MITOPHAGY%GOBP%GO:0000423		50	-0.19323629	-0.70525986	0.97196263	1.0	1.0	543	tags=4%, list=2%, signal=4%	
CELLULAR RESPONSE TO UV%GOBP%GO:0034644	CELLULAR RESPONSE TO UV%GOBP%GO:0034644		74	-0.17681685	-0.7040134	0.9878788	1.0	1.0	5561	tags=32%, list=23%, signal=42%	
PROSTAGLANDIN METABOLIC PROCESS%GOBP%GO:0006693	PROSTAGLANDIN METABOLIC PROCESS%GOBP%GO:0006693		29	-0.21939638	-0.7037662	0.9328063	1.0	1.0	2142	tags=10%, list=9%, signal=11%	
REGULATION OF COLLAGEN BIOSYNTHETIC PROCESS%GOBP%GO:0032965	REGULATION OF COLLAGEN BIOSYNTHETIC PROCESS%GOBP%GO:0032965		18	-0.25260884	-0.7031203	0.87636364	1.0	1.0	3421	tags=22%, list=14%, signal=26%	
RHOBTB GTPASE CYCLE%REACTOME%R-HSA-9706574.4	RHOBTB GTPASE CYCLE%REACTOME%R-HSA-9706574.4		35	-0.209485	-0.7030399	0.9411765	1.0	1.0	4585	tags=29%, list=19%, signal=35%	
LIPID DROPLET ORGANIZATION%GOBP%GO:0034389	LIPID DROPLET ORGANIZATION%GOBP%GO:0034389		37	-0.21130621	-0.7024341	0.9298246	1.0	1.0	2491	tags=16%, list=10%, signal=18%	
BIOCARTA_BCR_PATHWAY%MSIGDB_C2%BIOCARTA_BCR_PATHWAY	BIOCARTA_BCR_PATHWAY%MSIGDB_C2%BIOCARTA_BCR_PATHWAY		29	-0.2161877	-0.70215935	0.9398496	1.0	1.0	1334	tags=10%, list=5%, signal=11%	
MRNA CAPPING%REACTOME DATABASE ID RELEASE 95%72086	MRNA CAPPING%REACTOME DATABASE ID RELEASE 95%72086		29	-0.21986428	-0.7017739	0.9563492	1.0	1.0	6111	tags=45%, list=25%, signal=60%	
PI-3K CASCADE:FGFR2%REACTOME DATABASE ID RELEASE 95%5654695	PI-3K CASCADE:FGFR2%REACTOME DATABASE ID RELEASE 95%5654695		18	-0.23906691	-0.7016852	0.89735097	1.0	1.0	3452	tags=22%, list=14%, signal=26%	
AORTIC VALVE MORPHOGENESIS%GOBP%GO:0003180	AORTIC VALVE MORPHOGENESIS%GOBP%GO:0003180		39	-0.21129918	-0.70131713	0.9142857	1.0	1.0	3108	tags=21%, list=13%, signal=23%	
LATE ENDOSOMAL MICROAUTOPHAGY%REACTOME DATABASE ID RELEASE 95%9615710	LATE ENDOSOMAL MICROAUTOPHAGY%REACTOME DATABASE ID RELEASE 95%9615710		33	-0.2162112	-0.7001283	0.955102	1.0	1.0	2651	tags=15%, list=11%, signal=17%	
UROKINASE-TYPE PLASMINOGEN ACTIVATOR (UPA) AND UPAR-MEDIATED SIGNALING%PATHWAY INTERACTION DATABASE NCI-NATURE CURATED DATA%UROKINASE-TYPE PLASMINOGEN ACTIVATOR (UPA) AND UPAR-MEDIATED SIGNALING	UROKINASE-TYPE PLASMINOGEN ACTIVATOR (UPA) AND UPAR-MEDIATED SIGNALING%PATHWAY INTERACTION DATABASE NCI-NATURE CURATED DATA%UROKINASE-TYPE PLASMINOGEN ACTIVATOR (UPA) AND UPAR-MEDIATED SIGNALING		42	-0.20420608	-0.6999882	0.9493671	1.0	1.0	2973	tags=12%, list=12%, signal=14%	
UNSATURATED FATTY ACID BIOSYNTHETIC PROCESS%GOBP%GO:0006636	UNSATURATED FATTY ACID BIOSYNTHETIC PROCESS%GOBP%GO:0006636		27	-0.22293745	-0.6999332	0.9423077	1.0	1.0	2814	tags=11%, list=11%, signal=13%	
PROTEIN LIPIDATION%GOBP%GO:0006497	PROTEIN LIPIDATION%GOBP%GO:0006497		34	-0.20848571	-0.6998915	0.93248945	1.0	1.0	1589	tags=9%, list=6%, signal=9%	
REGULATION OF GENE SILENCING BY REGULATORY NCRNA%GOBP%GO:0060966	REGULATION OF GENE SILENCING BY REGULATORY NCRNA%GOBP%GO:0060966		33	-0.20340231	-0.69894844	0.94921875	1.0	1.0	2760	tags=18%, list=11%, signal=20%	
PHOSPHATIDYLINOSITOL 3-KINASE/PROTEIN KINASE B SIGNAL TRANSDUCTION%GOBP%GO:0043491	PHOSPHATIDYLINOSITOL 3-KINASE/PROTEIN KINASE B SIGNAL TRANSDUCTION%GOBP%GO:0043491		43	-0.20135227	-0.6987503	0.9414226	1.0	1.0	2433	tags=12%, list=10%, signal=13%	
BASE EXCISION REPAIR%WIKIPATHWAYS_20260211%WP4752%HOMO SAPIENS	BASE EXCISION REPAIR%WIKIPATHWAYS_20260211%WP4752%HOMO SAPIENS		27	-0.2215734	-0.6984126	0.9368421	1.0	1.0	4010	tags=22%, list=16%, signal=27%	
TELOMERE MAINTENANCE IN RESPONSE TO DNA DAMAGE%GOBP%GO:0043247	TELOMERE MAINTENANCE IN RESPONSE TO DNA DAMAGE%GOBP%GO:0043247		15	-0.25367147	-0.6981579	0.86754966	1.0	1.0	4563	tags=33%, list=19%, signal=41%	
INFLUENZA VIRAL RNA TRANSCRIPTION AND REPLICATION%REACTOME DATABASE ID RELEASE 95%168273	INFLUENZA VIRAL RNA TRANSCRIPTION AND REPLICATION%REACTOME DATABASE ID RELEASE 95%168273		133	-0.16315167	-0.6981569	1.0	1.0	1.0	6023	tags=30%, list=25%, signal=40%	
NUCLEOSIDE DIPHOSPHATE METABOLIC PROCESS%GOBP%GO:0009132	NUCLEOSIDE DIPHOSPHATE METABOLIC PROCESS%GOBP%GO:0009132		59	-0.1820885	-0.69807863	0.99509805	1.0	1.0	2614	tags=15%, list=11%, signal=17%	
HOST-MEDIATED PERTURBATION OF VIRAL TRANSCRIPTION%GOBP%GO:0043921	HOST-MEDIATED PERTURBATION OF VIRAL TRANSCRIPTION%GOBP%GO:0043921		27	-0.22229634	-0.6978742	0.9358491	1.0	1.0	2696	tags=19%, list=11%, signal=21%	
DOWNSTREAM SIGNALING OF ACTIVATED FGFR4%REACTOME DATABASE ID RELEASE 95%5654716	DOWNSTREAM SIGNALING OF ACTIVATED FGFR4%REACTOME DATABASE ID RELEASE 95%5654716		22	-0.23146893	-0.69764775	0.9209486	1.0	1.0	3452	tags=23%, list=14%, signal=26%	
REGULATION OF ACTIN NUCLEATION%GOBP%GO:0051125	REGULATION OF ACTIN NUCLEATION%GOBP%GO:0051125		33	-0.21121807	-0.6976043	0.95238096	1.0	1.0	4271	tags=24%, list=17%, signal=29%	
UBIQUITIN-DEPENDENT PROTEIN CATABOLIC PROCESS VIA THE C-END DEGRON RULE PATHWAY%GOBP%GO:0140627	UBIQUITIN-DEPENDENT PROTEIN CATABOLIC PROCESS VIA THE C-END DEGRON RULE PATHWAY%GOBP%GO:0140627		16	-0.24933691	-0.6974919	0.8955696	1.0	1.0	2654	tags=19%, list=11%, signal=21%	
TERMINATION OF RNA POLYMERASE I TRANSCRIPTION%GOBP%GO:0006363	TERMINATION OF RNA POLYMERASE I TRANSCRIPTION%GOBP%GO:0006363		15	-0.25738755	-0.6974246	0.8807947	1.0	1.0	5728	tags=47%, list=23%, signal=61%	
ALPHA-BETA T CELL ACTIVATION INVOLVED IN IMMUNE RESPONSE%GOBP%GO:0002287	ALPHA-BETA T CELL ACTIVATION INVOLVED IN IMMUNE RESPONSE%GOBP%GO:0002287		39	-0.20166914	-0.6945127	0.95132744	1.0	1.0	940	tags=8%, list=4%, signal=8%	
REGULATION OF PROTEIN DEACETYLATION%GOBP%GO:0090311	REGULATION OF PROTEIN DEACETYLATION%GOBP%GO:0090311		16	-0.24918376	-0.6937251	0.8910891	1.0	1.0	5563	tags=38%, list=23%, signal=48%	
EGF RECEPTOR (ERBB1) SIGNALING PATHWAY%PATHWAY INTERACTION DATABASE NCI-NATURE CURATED DATA%EGF RECEPTOR (ERBB1) SIGNALING PATHWAY	EGF RECEPTOR (ERBB1) SIGNALING PATHWAY%PATHWAY INTERACTION DATABASE NCI-NATURE CURATED DATA%EGF RECEPTOR (ERBB1) SIGNALING PATHWAY		32	-0.2134848	-0.69362867	0.9590164	1.0	1.0	3452	tags=19%, list=14%, signal=22%	
REGULATION OF SYNCYTIUM FORMATION BY PLASMA MEMBRANE FUSION%GOBP%GO:0060142	REGULATION OF SYNCYTIUM FORMATION BY PLASMA MEMBRANE FUSION%GOBP%GO:0060142		62	-0.18458869	-0.6933713	0.9946524	1.0	1.0	6023	tags=34%, list=25%, signal=45%	
UPTAKE AND ACTIONS OF BACTERIAL TOXINS%REACTOME%R-HSA-5339562.5	UPTAKE AND ACTIONS OF BACTERIAL TOXINS%REACTOME%R-HSA-5339562.5		25	-0.22482517	-0.6929029	0.9515571	1.0	1.0	2806	tags=20%, list=11%, signal=23%	
TRAIL%IOB%TRAIL	TRAIL%IOB%TRAIL		43	-0.19950694	-0.69288796	0.95708156	1.0	1.0	4429	tags=26%, list=18%, signal=31%	
SARS-COV-2 MODULATES HOST TRANSLATION MACHINERY%REACTOME DATABASE ID RELEASE 95%9754678	SARS-COV-2 MODULATES HOST TRANSLATION MACHINERY%REACTOME DATABASE ID RELEASE 95%9754678		49	-0.19041112	-0.69179666	0.9793388	1.0	1.0	5381	tags=27%, list=22%, signal=34%	
NEURON MATURATION%GOBP%GO:0042551	NEURON MATURATION%GOBP%GO:0042551		27	-0.22006604	-0.69100153	0.91636366	1.0	1.0	1475	tags=7%, list=6%, signal=8%	
GLUTAMATE NEUROTRANSMITTER RELEASE CYCLE%REACTOME%R-HSA-210500.6	GLUTAMATE NEUROTRANSMITTER RELEASE CYCLE%REACTOME%R-HSA-210500.6		23	-0.22496478	-0.69098973	0.9326599	1.0	1.0	3031	tags=22%, list=12%, signal=25%	
NOTCH-MEDIATED HES HEY NETWORK%PATHWAY INTERACTION DATABASE NCI-NATURE CURATED DATA%NOTCH-MEDIATED HES HEY NETWORK	NOTCH-MEDIATED HES HEY NETWORK%PATHWAY INTERACTION DATABASE NCI-NATURE CURATED DATA%NOTCH-MEDIATED HES HEY NETWORK		47	-0.19875233	-0.69059163	0.9665072	1.0	1.0	2336	tags=11%, list=10%, signal=12%	
FOXM1 TRANSCRIPTION FACTOR NETWORK%PATHWAY INTERACTION DATABASE NCI-NATURE CURATED DATA%FOXM1 TRANSCRIPTION FACTOR NETWORK	FOXM1 TRANSCRIPTION FACTOR NETWORK%PATHWAY INTERACTION DATABASE NCI-NATURE CURATED DATA%FOXM1 TRANSCRIPTION FACTOR NETWORK		41	-0.19959943	-0.68972456	0.9563636	1.0	1.0	1383	tags=7%, list=6%, signal=8%	
FGFR2 ALTERNATIVE SPLICING%REACTOME%R-HSA-6803529.3	FGFR2 ALTERNATIVE SPLICING%REACTOME%R-HSA-6803529.3		26	-0.22368746	-0.68932366	0.9212598	1.0	1.0	5957	tags=42%, list=24%, signal=56%	
METALLO-SULFUR CLUSTER ASSEMBLY%GOBP%GO:0031163	METALLO-SULFUR CLUSTER ASSEMBLY%GOBP%GO:0031163		26	-0.22677095	-0.68930215	0.93835616	1.0	1.0	2010	tags=12%, list=8%, signal=13%	
INTERFERON ALPHA BETA SIGNALING%REACTOME DATABASE ID RELEASE 95%909733	INTERFERON ALPHA BETA SIGNALING%REACTOME DATABASE ID RELEASE 95%909733		75	-0.17266008	-0.6890785	0.98445594	1.0	1.0	3852	tags=15%, list=16%, signal=17%	
HEXOSE CATABOLIC PROCESS%GOBP%GO:0019320	HEXOSE CATABOLIC PROCESS%GOBP%GO:0019320		40	-0.1987172	-0.68840194	0.9694323	1.0	1.0	2052	tags=13%, list=8%, signal=14%	
LIPOPROTEIN BIOSYNTHETIC PROCESS%GOBP%GO:0042158	LIPOPROTEIN BIOSYNTHETIC PROCESS%GOBP%GO:0042158		35	-0.2065588	-0.6880461	0.9705882	1.0	1.0	1589	tags=9%, list=6%, signal=9%	
PID_P73PATHWAY%MSIGDB_C2%PID_P73PATHWAY	PID_P73PATHWAY%MSIGDB_C2%PID_P73PATHWAY		65	-0.1842032	-0.68731785	1.0	1.0	1.0	4818	tags=26%, list=20%, signal=32%	
SYNAPTIC_VESICLE_TRAFFICKING%PANTHER PATHWAY%P05734	SYNAPTIC_VESICLE_TRAFFICKING%PANTHER PATHWAY%P05734		20	-0.2298762	-0.6848754	0.9391892	1.0	1.0	2738	tags=20%, list=11%, signal=22%	
REGULATION OF PYRUVATE DEHYDROGENASE (PDH) COMPLEX%REACTOME%R-HSA-204174.5	REGULATION OF PYRUVATE DEHYDROGENASE (PDH) COMPLEX%REACTOME%R-HSA-204174.5		15	-0.2517789	-0.68474066	0.9	1.0	1.0	1583	tags=13%, list=6%, signal=14%	
CELLULAR RESPONSE TO EPIDERMAL GROWTH FACTOR STIMULUS%GOBP%GO:0071364	CELLULAR RESPONSE TO EPIDERMAL GROWTH FACTOR STIMULUS%GOBP%GO:0071364		29	-0.21446478	-0.6831354	0.95185184	1.0	1.0	2904	tags=17%, list=12%, signal=20%	
DOPAMINE NEUROTRANSMITTER RELEASE CYCLE%REACTOME%R-HSA-212676.5	DOPAMINE NEUROTRANSMITTER RELEASE CYCLE%REACTOME%R-HSA-212676.5		22	-0.23140854	-0.6823576	0.9491525	1.0	1.0	3031	tags=23%, list=12%, signal=26%	
EYE PHOTORECEPTOR CELL DIFFERENTIATION%GOBP%GO:0001754	EYE PHOTORECEPTOR CELL DIFFERENTIATION%GOBP%GO:0001754		28	-0.21872212	-0.68218976	0.92565054	1.0	1.0	2177	tags=14%, list=9%, signal=16%	
NEPHRIN NEPH1 SIGNALING IN THE KIDNEY PODOCYTE%PATHWAY INTERACTION DATABASE NCI-NATURE CURATED DATA%NEPHRIN NEPH1 SIGNALING IN THE KIDNEY PODOCYTE	NEPHRIN NEPH1 SIGNALING IN THE KIDNEY PODOCYTE%PATHWAY INTERACTION DATABASE NCI-NATURE CURATED DATA%NEPHRIN NEPH1 SIGNALING IN THE KIDNEY PODOCYTE		28	-0.21338838	-0.6813129	0.97619045	1.0	1.0	2806	tags=18%, list=11%, signal=20%	
REVERSE CHOLESTEROL TRANSPORT%GOBP%GO:0043691	REVERSE CHOLESTEROL TRANSPORT%GOBP%GO:0043691		17	-0.24746175	-0.6812336	0.91883117	1.0	1.0	2381	tags=18%, list=10%, signal=20%	
BMAL1:CLOCK,NPAS2 ACTIVATES CIRCADIAN EXPRESSION%REACTOME%R-HSA-1368108.9	BMAL1:CLOCK,NPAS2 ACTIVATES CIRCADIAN EXPRESSION%REACTOME%R-HSA-1368108.9		26	-0.21756724	-0.68101954	0.94814813	1.0	1.0	19170	tags=100%, list=78%, signal=460%	
WARBURG EFFECT MODULATED BY DEUBIQUITINATING ENZYMES AND THEIR SUBSTRATES%WIKIPATHWAYS_20260211%WP5216%HOMO SAPIENS	WARBURG EFFECT MODULATED BY DEUBIQUITINATING ENZYMES AND THEIR SUBSTRATES%WIKIPATHWAYS_20260211%WP5216%HOMO SAPIENS		21	-0.2262487	-0.68020993	0.9225589	1.0	1.0	1999	tags=14%, list=8%, signal=16%	
NATURAL KILLER CELL ACTIVATION INVOLVED IN IMMUNE RESPONSE%GOBP%GO:0002323	NATURAL KILLER CELL ACTIVATION INVOLVED IN IMMUNE RESPONSE%GOBP%GO:0002323		21	-0.22589625	-0.67822045	0.9411765	1.0	1.0	1911	tags=10%, list=8%, signal=10%	
POSITIVE REGULATION OF HEART GROWTH%GOBP%GO:0060421	POSITIVE REGULATION OF HEART GROWTH%GOBP%GO:0060421		20	-0.23022968	-0.67814827	0.9322034	1.0	1.0	4639	tags=35%, list=19%, signal=43%	
SULFUR AMINO ACID METABOLIC PROCESS%GOBP%GO:0000096	SULFUR AMINO ACID METABOLIC PROCESS%GOBP%GO:0000096		32	-0.20693916	-0.6771314	0.9574468	1.0	1.0	1600	tags=9%, list=7%, signal=10%	
BIOCARTA_VIP_PATHWAY%MSIGDB_C2%BIOCARTA_VIP_PATHWAY	BIOCARTA_VIP_PATHWAY%MSIGDB_C2%BIOCARTA_VIP_PATHWAY		18	-0.23868273	-0.6754699	0.90332323	1.0	1.0	6040	tags=44%, list=25%, signal=59%	
POSITIVE REGULATION OF ORGAN GROWTH%GOBP%GO:0046622	POSITIVE REGULATION OF ORGAN GROWTH%GOBP%GO:0046622		20	-0.23022968	-0.6751309	0.925	1.0	1.0	4639	tags=35%, list=19%, signal=43%	
G1/S TRANSITION OF MITOTIC CELL CYCLE%GOBP%GO:0000082	G1/S TRANSITION OF MITOTIC CELL CYCLE%GOBP%GO:0000082		68	-0.17390954	-0.6745342	1.0	1.0	1.0	4835	tags=28%, list=20%, signal=35%	
INSERTION OF TAIL-ANCHORED PROTEINS INTO THE ENDOPLASMIC RETICULUM MEMBRANE%REACTOME%R-HSA-9609523.4	INSERTION OF TAIL-ANCHORED PROTEINS INTO THE ENDOPLASMIC RETICULUM MEMBRANE%REACTOME%R-HSA-9609523.4		19	-0.23324369	-0.67427486	0.89152545	1.0	1.0	4616	tags=32%, list=19%, signal=39%	
PDGFR BETA PATHWAY%WIKIPATHWAYS_20260211%WP3972%HOMO SAPIENS	PDGFR BETA PATHWAY%WIKIPATHWAYS_20260211%WP3972%HOMO SAPIENS		22	-0.22997405	-0.67323357	0.95454544	1.0	1.0	1334	tags=9%, list=5%, signal=10%	
POSITIVE REGULATION OF HOMOTYPIC CELL-CELL ADHESION%GOBP%GO:0034112	POSITIVE REGULATION OF HOMOTYPIC CELL-CELL ADHESION%GOBP%GO:0034112		17	-0.23756564	-0.672135	0.93290734	1.0	1.0	1808	tags=12%, list=7%, signal=13%	
CORTICAL CYTOSKELETON ORGANIZATION%GOBP%GO:0030865	CORTICAL CYTOSKELETON ORGANIZATION%GOBP%GO:0030865		41	-0.19626054	-0.67088294	0.991342	1.0	1.0	4851	tags=22%, list=20%, signal=27%	
PHOSPHOLIPID DEPHOSPHORYLATION%GOBP%GO:0046839	PHOSPHOLIPID DEPHOSPHORYLATION%GOBP%GO:0046839		32	-0.20790642	-0.6704523	0.96414346	1.0	1.0	3861	tags=25%, list=16%, signal=30%	
HEPARAN SULFATE PROTEOGLYCAN BIOSYNTHETIC PROCESS%GOBP%GO:0015012	HEPARAN SULFATE PROTEOGLYCAN BIOSYNTHETIC PROCESS%GOBP%GO:0015012		27	-0.21241401	-0.66996104	0.9492754	1.0	1.0	1980	tags=11%, list=8%, signal=12%	
SARS-COV-1 INFECTION%REACTOME%R-HSA-9678108.8	SARS-COV-1 INFECTION%REACTOME%R-HSA-9678108.8		140	-0.15430161	-0.66930336	1.0	1.0	1.0	4588	tags=19%, list=19%, signal=24%	
CANCER IMMUNOTHERAPY BY PD 1 BLOCKADE%WIKIPATHWAYS_20260211%WP4585%HOMO SAPIENS	CANCER IMMUNOTHERAPY BY PD 1 BLOCKADE%WIKIPATHWAYS_20260211%WP4585%HOMO SAPIENS		21	-0.22881357	-0.66888493	0.9368421	1.0	1.0	1061	tags=10%, list=4%, signal=10%	
POLYMERASE SWITCHING ON THE C-STRAND OF THE TELOMERE%REACTOME DATABASE ID RELEASE 95%174411	POLYMERASE SWITCHING ON THE C-STRAND OF THE TELOMERE%REACTOME DATABASE ID RELEASE 95%174411		26	-0.21803021	-0.66837466	0.9409594	1.0	1.0	1521	tags=12%, list=6%, signal=12%	
U2-TYPE PRESPLICEOSOME ASSEMBLY%GOBP%GO:1903241	U2-TYPE PRESPLICEOSOME ASSEMBLY%GOBP%GO:1903241		25	-0.21853013	-0.66752166	0.9512195	1.0	1.0	2858	tags=16%, list=12%, signal=18%	
REGULATION OF DNA STRAND ELONGATION%GOBP%GO:0060382	REGULATION OF DNA STRAND ELONGATION%GOBP%GO:0060382		17	-0.24400558	-0.66701686	0.89440995	1.0	1.0	3021	tags=24%, list=12%, signal=27%	
BMP SIGNALING IN EYELID DEVELOPMENT%WIKIPATHWAYS_20260211%WP3927%HOMO SAPIENS	BMP SIGNALING IN EYELID DEVELOPMENT%WIKIPATHWAYS_20260211%WP3927%HOMO SAPIENS		19	-0.2315747	-0.6664509	0.94880545	1.0	1.0	4119	tags=21%, list=17%, signal=25%	
GAB1 SIGNALOSOME%REACTOME%R-HSA-180292.5	GAB1 SIGNALOSOME%REACTOME%R-HSA-180292.5		16	-0.24530932	-0.6657865	0.9480519	1.0	1.0	5178	tags=25%, list=21%, signal=32%	
NAD METABOLISM IN ONCOGENE INDUCED SENESCENCE AND MITOCHONDRIAL DYSFUNCTION ASSOCIATED SENESCENCE%WIKIPATHWAYS_20260211%WP5046%HOMO SAPIENS	NAD METABOLISM IN ONCOGENE INDUCED SENESCENCE AND MITOCHONDRIAL DYSFUNCTION ASSOCIATED SENESCENCE%WIKIPATHWAYS_20260211%WP5046%HOMO SAPIENS		17	-0.2353281	-0.6645446	0.9158576	1.0	1.0	2129	tags=18%, list=9%, signal=19%	
BIOCARTA_CELLCYCLE_PATHWAY%MSIGDB_C2%BIOCARTA_CELLCYCLE_PATHWAY	BIOCARTA_CELLCYCLE_PATHWAY%MSIGDB_C2%BIOCARTA_CELLCYCLE_PATHWAY		19	-0.23164302	-0.6626818	0.94385964	1.0	1.0	18824	tags=100%, list=77%, signal=432%	
POSITIVE REGULATION OF D-GLUCOSE TRANSMEMBRANE TRANSPORT%GOBP%GO:0010828	POSITIVE REGULATION OF D-GLUCOSE TRANSMEMBRANE TRANSPORT%GOBP%GO:0010828		34	-0.1988535	-0.6619765	0.976834	1.0	1.0	3796	tags=18%, list=15%, signal=21%	
DEVELOPMENT OF URETERIC DERIVED COLLECTING SYSTEM%WIKIPATHWAYS_20260211%WP5053%HOMO SAPIENS	DEVELOPMENT OF URETERIC DERIVED COLLECTING SYSTEM%WIKIPATHWAYS_20260211%WP5053%HOMO SAPIENS		39	-0.1934906	-0.6616922	0.976	1.0	1.0	4831	tags=28%, list=20%, signal=35%	
AGGREPHAGY%REACTOME DATABASE ID RELEASE 95%9646399	AGGREPHAGY%REACTOME DATABASE ID RELEASE 95%9646399		24	-0.21691579	-0.66121334	0.9402985	1.0	1.0	2254	tags=13%, list=9%, signal=14%	
PROTEIN TRIMERIZATION%GOBP%GO:0070206	PROTEIN TRIMERIZATION%GOBP%GO:0070206		15	-0.24281849	-0.66112626	0.93491125	1.0	1.0	1340	tags=13%, list=5%, signal=14%	
NEGATIVE REGULATION OF TCF-DEPENDENT SIGNALING BY WNT LIGAND ANTAGONISTS%REACTOME DATABASE ID RELEASE 95%3772470	NEGATIVE REGULATION OF TCF-DEPENDENT SIGNALING BY WNT LIGAND ANTAGONISTS%REACTOME DATABASE ID RELEASE 95%3772470		15	-0.24004376	-0.6605761	0.9528302	1.0	1.0	2309	tags=20%, list=9%, signal=22%	
POSITIVE REGULATION OF ACTIVATED T CELL PROLIFERATION%GOBP%GO:0042104	POSITIVE REGULATION OF ACTIVATED T CELL PROLIFERATION%GOBP%GO:0042104		19	-0.22892442	-0.65952206	0.9300699	1.0	1.0	1298	tags=11%, list=5%, signal=11%	
DEVELOPMENTAL CELL LINEAGES%REACTOME DATABASE ID RELEASE 95%9734767	DEVELOPMENTAL CELL LINEAGES%REACTOME DATABASE ID RELEASE 95%9734767		21	-0.22030349	-0.65886956	0.9391026	1.0	1.0	224	tags=5%, list=1%, signal=5%	
SYNAPTIC TRANSMISSION, CHOLINERGIC%GOBP%GO:0007271	SYNAPTIC TRANSMISSION, CHOLINERGIC%GOBP%GO:0007271		20	-0.22110406	-0.6587524	0.962963	1.0	1.0	1263	tags=10%, list=5%, signal=11%	
POSITIVE REGULATION OF MICROTUBULE POLYMERIZATION OR DEPOLYMERIZATION%GOBP%GO:0031112	POSITIVE REGULATION OF MICROTUBULE POLYMERIZATION OR DEPOLYMERIZATION%GOBP%GO:0031112		32	-0.2001739	-0.65834934	0.9699248	1.0	1.0	1372	tags=9%, list=6%, signal=10%	
LYMPHOCYTE COSTIMULATION%GOBP%GO:0031294	LYMPHOCYTE COSTIMULATION%GOBP%GO:0031294		37	-0.19073696	-0.6579874	0.9769585	1.0	1.0	2701	tags=14%, list=11%, signal=15%	
URETERIC BUD DEVELOPMENT%GOBP%GO:0001657	URETERIC BUD DEVELOPMENT%GOBP%GO:0001657		32	-0.19993713	-0.6570747	0.98015875	1.0	1.0	4345	tags=25%, list=18%, signal=30%	
WATER TRANSPORT%GOBP%GO:0006833	WATER TRANSPORT%GOBP%GO:0006833		21	-0.21862613	-0.656186	0.93594307	1.0	1.0	19143	tags=100%, list=78%, signal=457%	
MESODERM FORMATION%GOBP%GO:0001707	MESODERM FORMATION%GOBP%GO:0001707		29	-0.20276429	-0.65592176	0.9672727	1.0	1.0	4717	tags=24%, list=19%, signal=30%	
BIOCARTA_GLEEVEC_PATHWAY%MSIGDB_C2%BIOCARTA_GLEEVEC_PATHWAY	BIOCARTA_GLEEVEC_PATHWAY%MSIGDB_C2%BIOCARTA_GLEEVEC_PATHWAY		19	-0.22808436	-0.6536183	0.9479167	1.0	1.0	1334	tags=11%, list=5%, signal=11%	
MESONEPHRIC EPITHELIUM DEVELOPMENT%GOBP%GO:0072163	MESONEPHRIC EPITHELIUM DEVELOPMENT%GOBP%GO:0072163		33	-0.19775337	-0.6522819	0.9718875	1.0	1.0	4345	tags=24%, list=18%, signal=29%	
HEMATOPOIETIC STEM CELL GENE REGULATION BY GABP ALPHA BETA COMPLEX%WIKIPATHWAYS_20260211%WP3657%HOMO SAPIENS	HEMATOPOIETIC STEM CELL GENE REGULATION BY GABP ALPHA BETA COMPLEX%WIKIPATHWAYS_20260211%WP3657%HOMO SAPIENS		16	-0.2420006	-0.6522501	0.94244605	1.0	1.0	4624	tags=25%, list=19%, signal=31%	
PROSTANOID METABOLIC PROCESS%GOBP%GO:0006692	PROSTANOID METABOLIC PROCESS%GOBP%GO:0006692		32	-0.19988759	-0.6519013	0.9734849	1.0	1.0	2142	tags=9%, list=9%, signal=10%	
REGULATION OF MUSCLE ADAPTATION%GOBP%GO:0043502	REGULATION OF MUSCLE ADAPTATION%GOBP%GO:0043502		47	-0.18284923	-0.65177953	0.98630136	1.0	1.0	4608	tags=21%, list=19%, signal=26%	
BIOCARTA_GPCR_PATHWAY%MSIGDB_C2%BIOCARTA_GPCR_PATHWAY	BIOCARTA_GPCR_PATHWAY%MSIGDB_C2%BIOCARTA_GPCR_PATHWAY		22	-0.21274571	-0.65065986	0.9676259	1.0	1.0	5109	tags=32%, list=21%, signal=40%	
BACTERIAL INFECTION PATHWAYS%REACTOME DATABASE ID RELEASE 95%9824439	BACTERIAL INFECTION PATHWAYS%REACTOME DATABASE ID RELEASE 95%9824439		78	-0.1682705	-0.6502852	1.0	1.0	1.0	5032	tags=26%, list=21%, signal=32%	
NEGATIVE REGULATION OF PROTEIN LOCALIZATION TO NUCLEUS%GOBP%GO:1900181	NEGATIVE REGULATION OF PROTEIN LOCALIZATION TO NUCLEUS%GOBP%GO:1900181		27	-0.20225911	-0.64984626	0.95666665	1.0	1.0	5329	tags=30%, list=22%, signal=38%	
PROTEIN HOMOTRIMERIZATION%GOBP%GO:0070207	PROTEIN HOMOTRIMERIZATION%GOBP%GO:0070207		15	-0.24281849	-0.6487309	0.94244605	1.0	1.0	1340	tags=13%, list=5%, signal=14%	
BIOCARTA_RAC1_PATHWAY%MSIGDB_C2%BIOCARTA_RAC1_PATHWAY	BIOCARTA_RAC1_PATHWAY%MSIGDB_C2%BIOCARTA_RAC1_PATHWAY		18	-0.23355007	-0.64840055	0.96039605	1.0	1.0	1906	tags=11%, list=8%, signal=12%	
BIOCARTA_TCR_PATHWAY%MSIGDB_C2%BIOCARTA_TCR_PATHWAY	BIOCARTA_TCR_PATHWAY%MSIGDB_C2%BIOCARTA_TCR_PATHWAY		36	-0.1923169	-0.648284	0.9777778	1.0	1.0	6528	tags=44%, list=27%, signal=61%	
T-HELPER CELL DIFFERENTIATION%GOBP%GO:0042093	T-HELPER CELL DIFFERENTIATION%GOBP%GO:0042093		50	-0.18211307	-0.64778507	0.99559474	1.0	1.0	4201	tags=18%, list=17%, signal=22%	
THYMIC STROMAL LYMPHOPOIETIN TSLP SIGNALING%WIKIPATHWAYS_20260211%WP2203%HOMO SAPIENS	THYMIC STROMAL LYMPHOPOIETIN TSLP SIGNALING%WIKIPATHWAYS_20260211%WP2203%HOMO SAPIENS		32	-0.19980727	-0.64708465	0.9694657	1.0	1.0	4306	tags=25%, list=18%, signal=30%	
SIGNALING BY FGFR2 IIIA TM%REACTOME%R-HSA-8851708.2	SIGNALING BY FGFR2 IIIA TM%REACTOME%R-HSA-8851708.2		19	-0.22196181	-0.6463565	0.9517685	1.0	1.0	4960	tags=37%, list=20%, signal=46%	
TIGHT JUNCTION INTERACTIONS%REACTOME DATABASE ID RELEASE 95%420029	TIGHT JUNCTION INTERACTIONS%REACTOME DATABASE ID RELEASE 95%420029		30	-0.19677967	-0.6459604	0.9757085	1.0	1.0	4233	tags=23%, list=17%, signal=28%	
HOST-MEDIATED ACTIVATION OF VIRAL TRANSCRIPTION%GOBP%GO:0043923	HOST-MEDIATED ACTIVATION OF VIRAL TRANSCRIPTION%GOBP%GO:0043923		17	-0.23185118	-0.6455709	0.93311036	1.0	1.0	267	tags=6%, list=1%, signal=6%	
RHO GTPASES ACTIVATE CIT%REACTOME%R-HSA-5625900.4	RHO GTPASES ACTIVATE CIT%REACTOME%R-HSA-5625900.4		19	-0.22721791	-0.6442118	0.9302326	1.0	1.0	2785	tags=16%, list=11%, signal=18%	
SIGNALING BY LIGAND-RESPONSIVE EGFR VARIANTS IN CANCER%REACTOME%R-HSA-5637815.3	SIGNALING BY LIGAND-RESPONSIVE EGFR VARIANTS IN CANCER%REACTOME%R-HSA-5637815.3		17	-0.22959642	-0.64381903	0.947541	1.0	1.0	5178	tags=29%, list=21%, signal=37%	
MESONEPHRIC TUBULE DEVELOPMENT%GOBP%GO:0072164	MESONEPHRIC TUBULE DEVELOPMENT%GOBP%GO:0072164		33	-0.19775337	-0.64238364	0.9765625	1.0	1.0	4345	tags=24%, list=18%, signal=29%	
EXTENSION OF TELOMERES%REACTOME%R-HSA-180786.4	EXTENSION OF TELOMERES%REACTOME%R-HSA-180786.4		51	-0.17964225	-0.6411427	0.9948718	1.0	1.0	5214	tags=31%, list=21%, signal=40%	
REGULATION OF T CELL MEDIATED IMMUNE RESPONSE TO TUMOR CELL%GOBP%GO:0002840	REGULATION OF T CELL MEDIATED IMMUNE RESPONSE TO TUMOR CELL%GOBP%GO:0002840		19	-0.22012427	-0.6393126	0.97269624	1.0	1.0	3831	tags=26%, list=16%, signal=31%	
BUDDING AND MATURATION OF HIV VIRION%REACTOME DATABASE ID RELEASE 95%162588	BUDDING AND MATURATION OF HIV VIRION%REACTOME DATABASE ID RELEASE 95%162588		28	-0.20554283	-0.63806015	0.95571953	1.0	1.0	2651	tags=14%, list=11%, signal=16%	
MECHANOREGULATION AND PATHOLOGY OF YAP TAZ VIA HIPPO AND NON HIPPO MECHANISMS%WIKIPATHWAYS_20260211%WP4534%HOMO SAPIENS	MECHANOREGULATION AND PATHOLOGY OF YAP TAZ VIA HIPPO AND NON HIPPO MECHANISMS%WIKIPATHWAYS_20260211%WP4534%HOMO SAPIENS		33	-0.19332409	-0.6371911	0.984127	1.0	1.0	3073	tags=15%, list=13%, signal=17%	
REGULATION OF EPITHELIAL CELL APOPTOTIC PROCESS%GOBP%GO:1904035	REGULATION OF EPITHELIAL CELL APOPTOTIC PROCESS%GOBP%GO:1904035		23	-0.20876965	-0.63714683	0.9683099	1.0	1.0	2491	tags=17%, list=10%, signal=19%	
NONCANONICAL WNT SIGNALING PATHWAY%PATHWAY INTERACTION DATABASE NCI-NATURE CURATED DATA%NONCANONICAL WNT SIGNALING PATHWAY	NONCANONICAL WNT SIGNALING PATHWAY%PATHWAY INTERACTION DATABASE NCI-NATURE CURATED DATA%NONCANONICAL WNT SIGNALING PATHWAY		32	-0.1939551	-0.63699025	0.9802371	1.0	1.0	4976	tags=28%, list=20%, signal=35%	
MONOCYTE DIFFERENTIATION%GOBP%GO:0030224	MONOCYTE DIFFERENTIATION%GOBP%GO:0030224		16	-0.23082548	-0.6359686	0.9522293	1.0	1.0	4209	tags=25%, list=17%, signal=30%	
SYNTHESIS OF PIPS AT THE GOLGI MEMBRANE%REACTOME%R-HSA-1660514.5	SYNTHESIS OF PIPS AT THE GOLGI MEMBRANE%REACTOME%R-HSA-1660514.5		18	-0.22845101	-0.63551766	0.974359	1.0	1.0	4657	tags=28%, list=19%, signal=34%	
CONSTITUTIVE SIGNALING BY LIGAND-RESPONSIVE EGFR CANCER VARIANTS%REACTOME%R-HSA-1236382.3	CONSTITUTIVE SIGNALING BY LIGAND-RESPONSIVE EGFR CANCER VARIANTS%REACTOME%R-HSA-1236382.3		17	-0.22959642	-0.63512796	0.9527027	1.0	1.0	5178	tags=29%, list=21%, signal=37%	
GROWTH HORMONE RECEPTOR SIGNALING%REACTOME DATABASE ID RELEASE 95%982772	GROWTH HORMONE RECEPTOR SIGNALING%REACTOME DATABASE ID RELEASE 95%982772		23	-0.205457	-0.6326667	0.96103895	1.0	1.0	4640	tags=30%, list=19%, signal=38%	
INFECTION WITH ENTEROBACTERIA%REACTOME%R-HSA-9640148.3	INFECTION WITH ENTEROBACTERIA%REACTOME%R-HSA-9640148.3		17	-0.22082198	-0.63229686	0.9583333	1.0	1.0	1982	tags=12%, list=8%, signal=13%	
PLASMINOGEN ACTIVATING CASCADE%PANTHER PATHWAY%P00050	PLASMINOGEN ACTIVATING CASCADE%PANTHER PATHWAY%P00050		15	-0.23245236	-0.6305122	0.9481707	1.0	1.0	2523	tags=13%, list=10%, signal=15%	
REGULATION OF INFLAMMATORY RESPONSE TO ANTIGENIC STIMULUS%GOBP%GO:0002861	REGULATION OF INFLAMMATORY RESPONSE TO ANTIGENIC STIMULUS%GOBP%GO:0002861		29	-0.19623609	-0.6292815	0.9958678	1.0	1.0	3095	tags=17%, list=13%, signal=20%	
NRF2 ARE REGULATION%WIKIPATHWAYS_20260211%WP4357%HOMO SAPIENS	NRF2 ARE REGULATION%WIKIPATHWAYS_20260211%WP4357%HOMO SAPIENS		21	-0.21580805	-0.62753475	0.9728814	1.0	1.0	5230	tags=33%, list=21%, signal=42%	
NUCLEOTIDE-BINDING DOMAIN, LEUCINE RICH REPEAT CONTAINING RECEPTOR SIGNALING PATHWAY%GOBP%GO:0035872	NUCLEOTIDE-BINDING DOMAIN, LEUCINE RICH REPEAT CONTAINING RECEPTOR SIGNALING PATHWAY%GOBP%GO:0035872		16	-0.2264862	-0.6270035	0.9580645	1.0	1.0	1692	tags=13%, list=7%, signal=13%	
VASOPRESSIN REGULATED WATER REABSORPTION%WIKIPATHWAYS_20260211%WP5085%HOMO SAPIENS	VASOPRESSIN REGULATED WATER REABSORPTION%WIKIPATHWAYS_20260211%WP5085%HOMO SAPIENS		35	-0.18398145	-0.6262667	0.9918699	1.0	1.0	1286	tags=6%, list=5%, signal=6%	
PERTURBATIONS TO HOST CELL AUTOPHAGY INDUCED BY SARS COV 2 PROTEINS%WIKIPATHWAYS_20260211%WP4936%HOMO SAPIENS	PERTURBATIONS TO HOST CELL AUTOPHAGY INDUCED BY SARS COV 2 PROTEINS%WIKIPATHWAYS_20260211%WP4936%HOMO SAPIENS		37	-0.18020092	-0.62526625	0.9831933	1.0	1.0	4088	tags=22%, list=17%, signal=26%	
DOWNREGULATION OF ERBB2 SIGNALING%REACTOME%R-HSA-8863795.3	DOWNREGULATION OF ERBB2 SIGNALING%REACTOME%R-HSA-8863795.3		27	-0.19713432	-0.6247928	0.97328246	1.0	1.0	5178	tags=26%, list=21%, signal=33%	
IRON METABOLISM DISORDERS%WIKIPATHWAYS_20260211%WP5172%HOMO SAPIENS	IRON METABOLISM DISORDERS%WIKIPATHWAYS_20260211%WP5172%HOMO SAPIENS		15	-0.23253347	-0.62424016	0.9352751	1.0	1.0	4840	tags=33%, list=20%, signal=42%	
13Q12 12 COPY NUMBER VARIATION%WIKIPATHWAYS_20260211%WP5406%HOMO SAPIENS	13Q12 12 COPY NUMBER VARIATION%WIKIPATHWAYS_20260211%WP5406%HOMO SAPIENS		27	-0.20045365	-0.62159663	0.96875	1.0	1.0	3353	tags=19%, list=14%, signal=21%	
PROCESSING OF SMDT1%REACTOME%R-HSA-8949664.2	PROCESSING OF SMDT1%REACTOME%R-HSA-8949664.2		16	-0.22262625	-0.62159395	0.9614148	1.0	1.0	19044	tags=100%, list=78%, signal=449%	
7Q11 23 DISTAL COPY NUMBER VARIATION%WIKIPATHWAYS_20260211%WP5401%HOMO SAPIENS	7Q11 23 DISTAL COPY NUMBER VARIATION%WIKIPATHWAYS_20260211%WP5401%HOMO SAPIENS		18	-0.21828978	-0.6215631	0.9597315	1.0	1.0	2680	tags=17%, list=11%, signal=19%	
EMBRYONIC DIGESTIVE TRACT DEVELOPMENT%GOBP%GO:0048566	EMBRYONIC DIGESTIVE TRACT DEVELOPMENT%GOBP%GO:0048566		20	-0.20950474	-0.6206635	0.9786477	1.0	1.0	19366	tags=100%, list=79%, signal=477%	
METABOLIC REPROGRAMMING IN COLON CANCER%WIKIPATHWAYS_20260211%WP4290%HOMO SAPIENS	METABOLIC REPROGRAMMING IN COLON CANCER%WIKIPATHWAYS_20260211%WP4290%HOMO SAPIENS		23	-0.2030627	-0.6200111	0.9786477	1.0	1.0	5194	tags=35%, list=21%, signal=44%	
APOPTOSIS%WIKIPATHWAYS_20260211%WP254%HOMO SAPIENS	APOPTOSIS%WIKIPATHWAYS_20260211%WP254%HOMO SAPIENS		74	-0.15788256	-0.6170587	1.0	1.0	1.0	4818	tags=23%, list=20%, signal=29%	
TRANSCRIPTION FACTOR REGULATION IN ADIPOGENESIS%WIKIPATHWAYS_20260211%WP3599%HOMO SAPIENS	TRANSCRIPTION FACTOR REGULATION IN ADIPOGENESIS%WIKIPATHWAYS_20260211%WP3599%HOMO SAPIENS		19	-0.2129078	-0.6165469	0.97744364	1.0	1.0	1717	tags=11%, list=7%, signal=11%	
T CELL RECEPTOR AND CO STIMULATORY SIGNALING%WIKIPATHWAYS_20260211%WP2583%HOMO SAPIENS	T CELL RECEPTOR AND CO STIMULATORY SIGNALING%WIKIPATHWAYS_20260211%WP2583%HOMO SAPIENS		22	-0.20632991	-0.6128489	0.9532374	1.0	1.0	6196	tags=36%, list=25%, signal=49%	
G BETA:GAMMA SIGNALLING THROUGH PI3KGAMMA%REACTOME DATABASE ID RELEASE 95%392451	G BETA:GAMMA SIGNALLING THROUGH PI3KGAMMA%REACTOME DATABASE ID RELEASE 95%392451		25	-0.19974396	-0.6126207	0.9638989	1.0	1.0	1619	tags=12%, list=7%, signal=13%	
FORMATION OF ATP BY CHEMIOSMOTIC COUPLING%REACTOME DATABASE ID RELEASE 95%163210	FORMATION OF ATP BY CHEMIOSMOTIC COUPLING%REACTOME DATABASE ID RELEASE 95%163210		18	-0.21083264	-0.6114657	0.9602649	1.0	1.0	1203	tags=6%, list=5%, signal=6%	
PID_PTP1B_PATHWAY%MSIGDB_C2%PID_PTP1B_PATHWAY	PID_PTP1B_PATHWAY%MSIGDB_C2%PID_PTP1B_PATHWAY		41	-0.1764158	-0.6106968	1.0	1.0	1.0	2958	tags=12%, list=12%, signal=14%	
G BETA:GAMMA SIGNALLING THROUGH PLC BETA%REACTOME%R-HSA-418217.5	G BETA:GAMMA SIGNALLING THROUGH PLC BETA%REACTOME%R-HSA-418217.5		20	-0.21126747	-0.61031395	0.9704797	1.0	1.0	1619	tags=15%, list=7%, signal=16%	
REGULATION OF FERTILIZATION%GOBP%GO:0080154	REGULATION OF FERTILIZATION%GOBP%GO:0080154		16	-0.22198334	-0.6089314	0.9724138	1.0	1.0	5435	tags=38%, list=22%, signal=48%	
ANGIOTENSIN II RECEPTOR TYPE 1 PATHWAY%WIKIPATHWAYS_20260211%WP5036%HOMO SAPIENS	ANGIOTENSIN II RECEPTOR TYPE 1 PATHWAY%WIKIPATHWAYS_20260211%WP5036%HOMO SAPIENS		22	-0.2038419	-0.60806787	0.9925373	1.0	1.0	3712	tags=18%, list=15%, signal=21%	
PID_EPHA2_FWD_PATHWAY%MSIGDB_C2%PID_EPHA2_FWD_PATHWAY	PID_EPHA2_FWD_PATHWAY%MSIGDB_C2%PID_EPHA2_FWD_PATHWAY		15	-0.22433305	-0.6071708	0.9370861	1.0	1.0	19002	tags=100%, list=78%, signal=446%	
TNFR1-INDUCED PROAPOPTOTIC SIGNALING%REACTOME%R-HSA-5357786.6	TNFR1-INDUCED PROAPOPTOTIC SIGNALING%REACTOME%R-HSA-5357786.6		25	-0.19635025	-0.6040553	0.981203	1.0	1.0	1692	tags=8%, list=7%, signal=9%	
TELOMERE C-STRAND (LAGGING STRAND) SYNTHESIS%REACTOME DATABASE ID RELEASE 95%174417	TELOMERE C-STRAND (LAGGING STRAND) SYNTHESIS%REACTOME DATABASE ID RELEASE 95%174417		34	-0.18584886	-0.6015105	0.9892857	1.0	1.0	1813	tags=12%, list=7%, signal=13%	
CD4-POSITIVE OR CD8-POSITIVE, ALPHA-BETA T CELL LINEAGE COMMITMENT%GOBP%GO:0043369	CD4-POSITIVE OR CD8-POSITIVE, ALPHA-BETA T CELL LINEAGE COMMITMENT%GOBP%GO:0043369		16	-0.21796265	-0.5996536	0.97904193	1.0	1.0	3852	tags=25%, list=16%, signal=30%	
PI3K AKT SIGNALING IN CANCER%REACTOME DATABASE ID RELEASE 95%2219528	PI3K AKT SIGNALING IN CANCER%REACTOME DATABASE ID RELEASE 95%2219528		99	-0.14824048	-0.59879094	1.0	1.0	1.0	3452	tags=13%, list=14%, signal=15%	
EXTRACELLULAR MATRIX ASSEMBLY%GOBP%GO:0085029	EXTRACELLULAR MATRIX ASSEMBLY%GOBP%GO:0085029		20	-0.1996725	-0.5976296	0.9763514	1.0	1.0	3348	tags=20%, list=14%, signal=23%	
HSF1-DEPENDENT TRANSACTIVATION%REACTOME%R-HSA-3371571.3	HSF1-DEPENDENT TRANSACTIVATION%REACTOME%R-HSA-3371571.3		24	-0.19225621	-0.5965666	0.97407407	1.0	1.0	4738	tags=21%, list=19%, signal=26%	
WOUND HEALING, SPREADING OF CELLS%GOBP%GO:0044319	WOUND HEALING, SPREADING OF CELLS%GOBP%GO:0044319		27	-0.18868266	-0.5927789	0.9785714	1.0	1.0	2335	tags=15%, list=10%, signal=16%	
EPIBOLY INVOLVED IN WOUND HEALING%GOBP%GO:0090505	EPIBOLY INVOLVED IN WOUND HEALING%GOBP%GO:0090505		27	-0.18868266	-0.5923551	0.98634815	1.0	1.0	2335	tags=15%, list=10%, signal=16%	
CORTICAL ACTIN CYTOSKELETON ORGANIZATION%GOBP%GO:0030866	CORTICAL ACTIN CYTOSKELETON ORGANIZATION%GOBP%GO:0030866		25	-0.19099195	-0.5901015	0.99261993	1.0	1.0	19820	tags=100%, list=81%, signal=524%	
T-HELPER 17 TYPE IMMUNE RESPONSE%GOBP%GO:0072538	T-HELPER 17 TYPE IMMUNE RESPONSE%GOBP%GO:0072538		35	-0.17518206	-0.58558434	0.99572647	1.0	1.0	705	tags=6%, list=3%, signal=6%	
CHAPERONE MEDIATED AUTOPHAGY%REACTOME DATABASE ID RELEASE 95%9613829	CHAPERONE MEDIATED AUTOPHAGY%REACTOME DATABASE ID RELEASE 95%9613829		21	-0.20149648	-0.58367777	0.98101264	1.0	1.0	5412	tags=29%, list=22%, signal=37%	
PID_AURORA_A_PATHWAY%MSIGDB_C2%PID_AURORA_A_PATHWAY	PID_AURORA_A_PATHWAY%MSIGDB_C2%PID_AURORA_A_PATHWAY		24	-0.19073583	-0.5829554	0.9927536	1.0	1.0	6058	tags=38%, list=25%, signal=50%	
MOLECULES ASSOCIATED WITH ELASTIC FIBRES%REACTOME%R-HSA-2129379.3	MOLECULES ASSOCIATED WITH ELASTIC FIBRES%REACTOME%R-HSA-2129379.3		28	-0.184327	-0.5792104	0.98876405	1.0	1.0	2802	tags=18%, list=11%, signal=20%	
REGULATION OF CD8-POSITIVE, ALPHA-BETA T CELL ACTIVATION%GOBP%GO:2001185	REGULATION OF CD8-POSITIVE, ALPHA-BETA T CELL ACTIVATION%GOBP%GO:2001185		20	-0.1976916	-0.57625365	0.9928058	1.0	1.0	4640	tags=30%, list=19%, signal=37%	
POSITIVE REGULATION OF PROTEIN EXIT FROM ENDOPLASMIC RETICULUM%GOBP%GO:0070863	POSITIVE REGULATION OF PROTEIN EXIT FROM ENDOPLASMIC RETICULUM%GOBP%GO:0070863		19	-0.19823352	-0.5760545	0.9822695	1.0	1.0	2857	tags=16%, list=12%, signal=18%	
INTERLEUKIN-12 SIGNALING%REACTOME%R-HSA-9020591.3	INTERLEUKIN-12 SIGNALING%REACTOME%R-HSA-9020591.3		44	-0.16655678	-0.5712804	1.0	1.0	1.0	4650	tags=20%, list=19%, signal=25%	
NEGATIVE REGULATION OF NUCLEOCYTOPLASMIC TRANSPORT%GOBP%GO:0046823	NEGATIVE REGULATION OF NUCLEOCYTOPLASMIC TRANSPORT%GOBP%GO:0046823		20	-0.18866459	-0.56694597	0.9883721	1.0	1.0	19876	tags=100%, list=81%, signal=530%	
COPPER ION HOMEOSTASIS%GOBP%GO:0055070	COPPER ION HOMEOSTASIS%GOBP%GO:0055070		15	-0.20824935	-0.564969	0.9878049	1.0	1.0	1627	tags=13%, list=7%, signal=14%	
PID_TAP63_PATHWAY%MSIGDB_C2%PID_TAP63_PATHWAY	PID_TAP63_PATHWAY%MSIGDB_C2%PID_TAP63_PATHWAY		44	-0.15897855	-0.5634398	1.0	1.0	1.0	5631	tags=36%, list=23%, signal=47%	
PID_WNT_NONCANONICAL_PATHWAY%MSIGDB_C2%PID_WNT_NONCANONICAL_PATHWAY	PID_WNT_NONCANONICAL_PATHWAY%MSIGDB_C2%PID_WNT_NONCANONICAL_PATHWAY		26	-0.17586899	-0.5613214	0.9890909	1.0	1.0	4976	tags=27%, list=20%, signal=34%	
LISTERIA MONOCYTOGENES ENTRY INTO HOST CELLS%REACTOME%R-HSA-8876384.4	LISTERIA MONOCYTOGENES ENTRY INTO HOST CELLS%REACTOME%R-HSA-8876384.4		19	-0.1940376	-0.5563953	0.99310344	1.0	1.0	3745	tags=21%, list=15%, signal=25%	
SCAVENGING BY CLASS A RECEPTORS%REACTOME%R-HSA-3000480.2	SCAVENGING BY CLASS A RECEPTORS%REACTOME%R-HSA-3000480.2		19	-0.1983089	-0.5560006	0.9866221	1.0	1.0	420	tags=5%, list=2%, signal=5%	
NFE2L2 REGULATING ANTI-OXIDANT DETOXIFICATION ENZYMES%REACTOME%R-HSA-9818027.3	NFE2L2 REGULATING ANTI-OXIDANT DETOXIFICATION ENZYMES%REACTOME%R-HSA-9818027.3		19	-0.19095731	-0.55160195	0.9799331	1.0	1.0	5171	tags=32%, list=21%, signal=40%	
POSITIVE REGULATION OF RELEASE OF CYTOCHROME C FROM MITOCHONDRIA%GOBP%GO:0090200	POSITIVE REGULATION OF RELEASE OF CYTOCHROME C FROM MITOCHONDRIA%GOBP%GO:0090200		22	-0.18238614	-0.55144036	0.9852941	1.0	1.0	4818	tags=27%, list=20%, signal=34%	
POSITIVE REGULATION OF LEUKOCYTE ADHESION TO VASCULAR ENDOTHELIAL CELL%GOBP%GO:1904996	POSITIVE REGULATION OF LEUKOCYTE ADHESION TO VASCULAR ENDOTHELIAL CELL%GOBP%GO:1904996		20	-0.19118688	-0.5488884	0.99348533	1.0	1.0	422	tags=5%, list=2%, signal=5%	
LYSOSOMAL MEMBRANE ORGANIZATION%GOBP%GO:0097212	LYSOSOMAL MEMBRANE ORGANIZATION%GOBP%GO:0097212		18	-0.19155844	-0.5473433	0.9932886	1.0	1.0	1612	tags=11%, list=7%, signal=12%	
NEGATIVE REGULATION OF ATP METABOLIC PROCESS%GOBP%GO:1903579	NEGATIVE REGULATION OF ATP METABOLIC PROCESS%GOBP%GO:1903579		16	-0.19978657	-0.5423114	0.9800664	1.0	1.0	753	tags=6%, list=3%, signal=6%	
NUCLEOTIDE SALVAGE%REACTOME%R-HSA-8956321.3	NUCLEOTIDE SALVAGE%REACTOME%R-HSA-8956321.3		22	-0.18171589	-0.5399318	0.984326	1.0	1.0	5114	tags=32%, list=21%, signal=40%	
SIGNALING BY EGFR IN CANCER%REACTOME%R-HSA-1643713.4	SIGNALING BY EGFR IN CANCER%REACTOME%R-HSA-1643713.4		23	-0.17535222	-0.53715897	0.9927536	1.0	1.0	5178	tags=26%, list=21%, signal=33%	
REGULATION OF WNT B CATENIN SIGNALING BY SMALL MOLECULE COMPOUNDS%WIKIPATHWAYS_20260211%WP3664%HOMO SAPIENS	REGULATION OF WNT B CATENIN SIGNALING BY SMALL MOLECULE COMPOUNDS%WIKIPATHWAYS_20260211%WP3664%HOMO SAPIENS		16	-0.19463761	-0.53702706	0.99346405	1.0	1.0	5230	tags=38%, list=21%, signal=48%	
NEGATIVE REGULATION OF CAMP/PKA SIGNAL TRANSDUCTION%GOBP%GO:0141162	NEGATIVE REGULATION OF CAMP/PKA SIGNAL TRANSDUCTION%GOBP%GO:0141162		27	-0.17491926	-0.53509885	0.99270076	1.0	1.0	4209	tags=22%, list=17%, signal=27%	
IFN-ALPHA%IOB%IFN-ALPHA	IFN-ALPHA%IOB%IFN-ALPHA		29	-0.16256034	-0.5168876	1.0	1.0	1.0	4088	tags=21%, list=17%, signal=25%	
BIOCARTA_IGF1MTOR_PATHWAY%MSIGDB_C2%BIOCARTA_IGF1MTOR_PATHWAY	BIOCARTA_IGF1MTOR_PATHWAY%MSIGDB_C2%BIOCARTA_IGF1MTOR_PATHWAY		18	-0.18233599	-0.5160329	0.99331105	1.0	1.0	6139	tags=39%, list=25%, signal=52%	
BIOCARTA_MITOCHONDRIA_PATHWAY%MSIGDB_C2%BIOCARTA_MITOCHONDRIA_PATHWAY	BIOCARTA_MITOCHONDRIA_PATHWAY%MSIGDB_C2%BIOCARTA_MITOCHONDRIA_PATHWAY		15	-0.1829468	-0.50144964	0.9966887	1.0	1.0	2782	tags=13%, list=11%, signal=15%	
POSITIVE REGULATION OF ACUTE INFLAMMATORY RESPONSE%GOBP%GO:0002675	POSITIVE REGULATION OF ACUTE INFLAMMATORY RESPONSE%GOBP%GO:0002675		20	-0.16286373	-0.47598928	1.0	1.0	1.0	2680	tags=10%, list=11%, signal=11%	
HOST PATHOGEN INTERACTION OF HUMAN CORONAVIRUSES APOPTOSIS%WIKIPATHWAYS_20260211%WP4864%HOMO SAPIENS	HOST PATHOGEN INTERACTION OF HUMAN CORONAVIRUSES APOPTOSIS%WIKIPATHWAYS_20260211%WP4864%HOMO SAPIENS		17	-0.16163047	-0.45909643	0.9969419	1.0	1.0	4818	tags=24%, list=20%, signal=29%	
DEVELOPMENT AND HETEROGENEITY OF THE ILC FAMILY%WIKIPATHWAYS_20260211%WP3893%HOMO SAPIENS	DEVELOPMENT AND HETEROGENEITY OF THE ILC FAMILY%WIKIPATHWAYS_20260211%WP3893%HOMO SAPIENS		31	-0.1345624	-0.44272074	1.0	1.0	1.0	3016	tags=10%, list=12%, signal=11%	
TRANSCRIPTION BY RNA POLYMERASE I%GOBP%GO:0006360	TRANSCRIPTION BY RNA POLYMERASE I%GOBP%GO:0006360		25	-0.14064904	-0.44121113	1.0	1.0	1.0	5728	tags=32%, list=23%, signal=42%	
REGULATION OF T CELL DIFFERENTIATION IN THYMUS%GOBP%GO:0033081	REGULATION OF T CELL DIFFERENTIATION IN THYMUS%GOBP%GO:0033081		15	-0.15884237	-0.4336944	1.0	0.9997769	1.0	4315	tags=20%, list=18%, signal=24%	
