NAME	GS<br> follow link to MSigDB	GS DETAILS	SIZE	ES	NES	NOM p-val	FDR q-val	FWER p-val	RANK AT MAX	LEADING EDGE	
HALLMARK_UNFOLDED_PROTEIN_RESPONSE%MSIGDBHALLMARK%HALLMARK_UNFOLDED_PROTEIN_RESPONSE	HALLMARK_UNFOLDED_PROTEIN_RESPONSE%MSIGDBHALLMARK%HALLMARK_UNFOLDED_PROTEIN_RESPONSE	Details ...	94	-0.56693727	-2.308962	0.0	0.0022569962	0.002	4584	tags=56%, list=19%, signal=69%	
RETROGRADE PROTEIN TRANSPORT, ER TO CYTOSOL%GOBP%GO:0030970	RETROGRADE PROTEIN TRANSPORT, ER TO CYTOSOL%GOBP%GO:0030970	Details ...	19	-0.7711783	-2.2866223	0.0	0.0022643916	0.004	2353	tags=58%, list=10%, signal=64%	
IRE1ALPHA ACTIVATES CHAPERONES%REACTOME%R-HSA-381070.3	IRE1ALPHA ACTIVATES CHAPERONES%REACTOME%R-HSA-381070.3	Details ...	49	-0.62483513	-2.2217293	0.0	0.0053235753	0.014	3723	tags=49%, list=15%, signal=58%	
ENDOPLASMIC RETICULUM TO CYTOSOL TRANSPORT%GOBP%GO:1903513	ENDOPLASMIC RETICULUM TO CYTOSOL TRANSPORT%GOBP%GO:1903513	Details ...	19	-0.7711783	-2.2134602	0.0	0.0048314277	0.017	2353	tags=58%, list=10%, signal=64%	
DISEASES ASSOCIATED WITH GLYCOSYLATION PRECURSOR BIOSYNTHESIS%REACTOME DATABASE ID RELEASE 95%5609975	DISEASES ASSOCIATED WITH GLYCOSYLATION PRECURSOR BIOSYNTHESIS%REACTOME DATABASE ID RELEASE 95%5609975	Details ...	16	-0.78509057	-2.2006934	0.0	0.0050160484	0.022	3629	tags=50%, list=15%, signal=59%	
MORPHINE METABOLISM PATHWAY%SMPDB%SMP0000622	MORPHINE METABOLISM PATHWAY%SMPDB%SMP0000622	Details ...	16	-0.77495456	-2.1634455	0.0	0.009339389	0.047	1216	tags=44%, list=5%, signal=46%	
XBP1(S) ACTIVATES CHAPERONE GENES%REACTOME%R-HSA-381038.5	XBP1(S) ACTIVATES CHAPERONE GENES%REACTOME%R-HSA-381038.5	Details ...	47	-0.6098359	-2.1502678	0.0	0.010639787	0.062	3723	tags=49%, list=15%, signal=58%	
DENGUE VIRUS GENOME TRANSLATION AND REPLICATION%REACTOME%R-HSA-9918487.1	DENGUE VIRUS GENOME TRANSLATION AND REPLICATION%REACTOME%R-HSA-9918487.1	Details ...	80	-0.5399991	-2.1413105	0.0	0.0113304565	0.073	1865	tags=30%, list=8%, signal=32%	
ETOPOSIDE ACTION PATHWAY%SMPDB%SMP0000442	ETOPOSIDE ACTION PATHWAY%SMPDB%SMP0000442	Details ...	20	-0.7067363	-2.135832	0.0	0.010834698	0.078	1216	tags=35%, list=5%, signal=37%	
ANDROSTENEDIONE METABOLISM%SMPDB%SMP0030406	ANDROSTENEDIONE METABOLISM%SMPDB%SMP0030406	Details ...	18	-0.745122	-2.1191185	0.0	0.013073459	0.106	1216	tags=39%, list=5%, signal=41%	
UNFOLDED PROTEIN RESPONSE (UPR)%REACTOME%R-HSA-381119.4	UNFOLDED PROTEIN RESPONSE (UPR)%REACTOME%R-HSA-381119.4	Details ...	92	-0.5333073	-2.1125195	0.0	0.01313936	0.116	3723	tags=39%, list=15%, signal=46%	
PROTEIN EXIT FROM ENDOPLASMIC RETICULUM%GOBP%GO:0032527	PROTEIN EXIT FROM ENDOPLASMIC RETICULUM%GOBP%GO:0032527	Details ...	25	-0.66780347	-2.0780694	0.0	0.01899768	0.175	2685	tags=52%, list=11%, signal=58%	
CLASSICAL ANTIBODY-MEDIATED COMPLEMENT ACTIVATION%REACTOME%R-HSA-173623.4	CLASSICAL ANTIBODY-MEDIATED COMPLEMENT ACTIVATION%REACTOME%R-HSA-173623.4	Details ...	69	-0.54194367	-2.0718257	0.0	0.019054536	0.191	5078	tags=58%, list=21%, signal=73%	
IBUPROFEN METABOLISM PATHWAY%PATHWHIZ%PW000566	IBUPROFEN METABOLISM PATHWAY%PATHWHIZ%PW000566	Details ...	23	-0.6578359	-2.0606134	0.0	0.020384928	0.22	1705	tags=35%, list=7%, signal=37%	
IMMUNOGLOBULIN MEDIATED IMMUNE RESPONSE%GOBP%GO:0016064	IMMUNOGLOBULIN MEDIATED IMMUNE RESPONSE%GOBP%GO:0016064	Details ...	114	-0.4892525	-2.023141	0.0	0.030026754	0.33	3946	tags=42%, list=16%, signal=50%	
ETOPOSIDE METABOLISM PATHWAY%PATHWHIZ%PW000577	ETOPOSIDE METABOLISM PATHWAY%PATHWHIZ%PW000577	Details ...	20	-0.7067363	-2.017073	0.0	0.029433295	0.342	1216	tags=35%, list=5%, signal=37%	
SORAFENIB METABOLISM PATHWAY%PATHWHIZ%PW000624	SORAFENIB METABOLISM PATHWAY%PATHWHIZ%PW000624	Details ...	16	-0.73851115	-2.0104284	0.0	0.03019508	0.365	1216	tags=44%, list=5%, signal=46%	
NEURON FATE COMMITMENT%GOBP%GO:0048663	NEURON FATE COMMITMENT%GOBP%GO:0048663	Details ...	22	-0.65830564	-2.0010962	0.0	0.032156326	0.394	4106	tags=45%, list=17%, signal=55%	
RETINOL METABOLISM%SMPDB%SMP0000074	RETINOL METABOLISM%SMPDB%SMP0000074	Details ...	37	-0.58314687	-1.9886198	0.0	0.03531906	0.444	1363	tags=30%, list=6%, signal=31%	
SYNTHESIS, SECRETION, AND INACTIVATION OF GLUCAGON-LIKE PEPTIDE-1 (GLP-1)%REACTOME%R-HSA-381771.6	SYNTHESIS, SECRETION, AND INACTIVATION OF GLUCAGON-LIKE PEPTIDE-1 (GLP-1)%REACTOME%R-HSA-381771.6	Details ...	21	-0.6572457	-1.9719616	0.0	0.04096243	0.513	1808	tags=33%, list=7%, signal=36%	
CD22 MEDIATED BCR REGULATION%REACTOME DATABASE ID RELEASE 95%5690714	CD22 MEDIATED BCR REGULATION%REACTOME DATABASE ID RELEASE 95%5690714		66	-0.52405155	-1.9658449	0.0	0.041522957	0.531	4814	tags=55%, list=20%, signal=68%	
VITAMIN A DEFICIENCY%SMPDB%SMP0000336	VITAMIN A DEFICIENCY%SMPDB%SMP0000336		37	-0.58314687	-1.9603112	0.0	0.04271176	0.558	1363	tags=30%, list=6%, signal=31%	
GLYCOSYLATION AND RELATED CONGENITAL DEFECTS%WIKIPATHWAYS_20260211%WP4521%HOMO SAPIENS	GLYCOSYLATION AND RELATED CONGENITAL DEFECTS%WIKIPATHWAYS_20260211%WP4521%HOMO SAPIENS		22	-0.64253306	-1.9594179	0.0	0.041348968	0.561	2293	tags=50%, list=9%, signal=55%	
B CELL MEDIATED IMMUNITY%GOBP%GO:0019724	B CELL MEDIATED IMMUNITY%GOBP%GO:0019724		118	-0.47227025	-1.9500003	0.0	0.04439794	0.603	3946	tags=41%, list=16%, signal=48%	
REGULATION OF CDH1 POSTTRANSLATIONAL PROCESSING AND TRAFFICKING TO PLASMA MEMBRANE%REACTOME DATABASE ID RELEASE 95%9768727	REGULATION OF CDH1 POSTTRANSLATIONAL PROCESSING AND TRAFFICKING TO PLASMA MEMBRANE%REACTOME DATABASE ID RELEASE 95%9768727		32	-0.60256106	-1.9495406	0.0	0.042897224	0.605	2176	tags=34%, list=9%, signal=38%	
ENDOPLASMIC RETICULUM UNFOLDED PROTEIN RESPONSE%GOBP%GO:0030968	ENDOPLASMIC RETICULUM UNFOLDED PROTEIN RESPONSE%GOBP%GO:0030968		54	-0.525479	-1.9336939	0.0	0.048693337	0.672	2429	tags=31%, list=10%, signal=35%	
PHOTODYNAMIC THERAPY INDUCED UNFOLDED PROTEIN RESPONSE%WIKIPATHWAYS_20260211%WP3613%HOMO SAPIENS	PHOTODYNAMIC THERAPY INDUCED UNFOLDED PROTEIN RESPONSE%WIKIPATHWAYS_20260211%WP3613%HOMO SAPIENS		20	-0.659862	-1.9118664	0.0	0.058989808	0.748	3341	tags=60%, list=14%, signal=69%	
FCGR ACTIVATION%REACTOME%R-HSA-2029481.3	FCGR ACTIVATION%REACTOME%R-HSA-2029481.3		73	-0.49430388	-1.9109303	0.0	0.05725131	0.75	4649	tags=52%, list=19%, signal=64%	
ESTABLISHMENT OF PROTEIN LOCALIZATION TO ENDOPLASMIC RETICULUM%GOBP%GO:0072599	ESTABLISHMENT OF PROTEIN LOCALIZATION TO ENDOPLASMIC RETICULUM%GOBP%GO:0072599		36	-0.5694872	-1.9082783	0.0	0.057182234	0.765	2888	tags=47%, list=12%, signal=53%	
NGF-STIMULATED TRANSCRIPTION%REACTOME DATABASE ID RELEASE 95%9031628	NGF-STIMULATED TRANSCRIPTION%REACTOME DATABASE ID RELEASE 95%9031628		38	-0.5649459	-1.908065	0.0	0.05550896	0.765	3016	tags=29%, list=12%, signal=33%	
ROLE OF LAT2 NTAL LAB ON CALCIUM MOBILIZATION%REACTOME DATABASE ID RELEASE 95%2730905	ROLE OF LAT2 NTAL LAB ON CALCIUM MOBILIZATION%REACTOME DATABASE ID RELEASE 95%2730905		71	-0.49295557	-1.9018096	0.0	0.05730022	0.794	4649	tags=51%, list=19%, signal=62%	
ESTRONE METABOLISM%SMPDB%SMP0030880	ESTRONE METABOLISM%SMPDB%SMP0030880		16	-0.68856525	-1.8888121	0.0	0.064253956	0.839	1216	tags=44%, list=5%, signal=46%	
RESPONSE TO UNFOLDED PROTEIN%GOBP%GO:0006986	RESPONSE TO UNFOLDED PROTEIN%GOBP%GO:0006986		94	-0.4668367	-1.8878433	0.0	0.06313265	0.844	2092	tags=23%, list=9%, signal=25%	
REGULATION OF OXIDATIVE STRESS-INDUCED INTRINSIC APOPTOTIC SIGNALING PATHWAY%GOBP%GO:1902175	REGULATION OF OXIDATIVE STRESS-INDUCED INTRINSIC APOPTOTIC SIGNALING PATHWAY%GOBP%GO:1902175		32	-0.581095	-1.8842193	0.0	0.06326316	0.851	4645	tags=44%, list=19%, signal=54%	
MATURATION OF DENV PROTEINS%REACTOME%R-HSA-9918432.1	MATURATION OF DENV PROTEINS%REACTOME%R-HSA-9918432.1		51	-0.51986736	-1.8810513	0.0	0.06354814	0.86	1608	tags=29%, list=7%, signal=31%	
CELLULAR RESPONSE TO UNFOLDED PROTEIN%GOBP%GO:0034620	CELLULAR RESPONSE TO UNFOLDED PROTEIN%GOBP%GO:0034620		69	-0.48107597	-1.8688575	0.0	0.07057675	0.892	2429	tags=26%, list=10%, signal=29%	
N GLYCAN BIOSYNTHESIS%WIKIPATHWAYS_20260211%WP5153%HOMO SAPIENS	N GLYCAN BIOSYNTHESIS%WIKIPATHWAYS_20260211%WP5153%HOMO SAPIENS		49	-0.50341463	-1.8686144	0.0	0.06885521	0.893	2272	tags=35%, list=9%, signal=38%	
N-GLYCAN TRIMMING IN THE ER AND CALNEXIN CALRETICULIN CYCLE%REACTOME%R-HSA-532668.4	N-GLYCAN TRIMMING IN THE ER AND CALNEXIN CALRETICULIN CYCLE%REACTOME%R-HSA-532668.4		35	-0.5468188	-1.8681072	0.0	0.06737376	0.893	4284	tags=51%, list=17%, signal=62%	
DEFECTIVE GALNT3 CAUSES HFTC%REACTOME DATABASE ID RELEASE 95%5083625	DEFECTIVE GALNT3 CAUSES HFTC%REACTOME DATABASE ID RELEASE 95%5083625		18	-0.6559093	-1.864548	0.0	0.06822979	0.901	1060	tags=28%, list=4%, signal=29%	
INCRETIN SYNTHESIS, SECRETION, AND INACTIVATION%REACTOME%R-HSA-400508.4	INCRETIN SYNTHESIS, SECRETION, AND INACTIVATION%REACTOME%R-HSA-400508.4		24	-0.6110604	-1.8577998	0.0	0.071020745	0.911	1808	tags=29%, list=7%, signal=31%	
MAINTENANCE OF GASTROINTESTINAL EPITHELIUM%GOBP%GO:0030277	MAINTENANCE OF GASTROINTESTINAL EPITHELIUM%GOBP%GO:0030277		21	-0.61841106	-1.8572626	0.003690037	0.06959798	0.911	1677	tags=29%, list=7%, signal=31%	
CELLULAR RESPONSE TO GLUCOSE STARVATION%GOBP%GO:0042149	CELLULAR RESPONSE TO GLUCOSE STARVATION%GOBP%GO:0042149		43	-0.5173585	-1.850484	0.0	0.072135	0.923	2491	tags=26%, list=10%, signal=28%	
PROTEIN REFOLDING%GOBP%GO:0042026	PROTEIN REFOLDING%GOBP%GO:0042026		24	-0.5962513	-1.8503188	0.0035460992	0.07056702	0.923	4738	tags=29%, list=19%, signal=36%	
CREATION OF C4 AND C2 ACTIVATORS%REACTOME%R-HSA-166786.4	CREATION OF C4 AND C2 ACTIVATORS%REACTOME%R-HSA-166786.4		76	-0.47890714	-1.8445251	0.0	0.07263647	0.927	4649	tags=49%, list=19%, signal=60%	
COTRANSLATIONAL PROTEIN TARGETING TO MEMBRANE%GOBP%GO:0006613	COTRANSLATIONAL PROTEIN TARGETING TO MEMBRANE%GOBP%GO:0006613		20	-0.6171117	-1.8415422	0.007352941	0.072926864	0.937	2888	tags=50%, list=12%, signal=57%	
INITIAL TRIGGERING OF COMPLEMENT%REACTOME%R-HSA-166663.4	INITIAL TRIGGERING OF COMPLEMENT%REACTOME%R-HSA-166663.4		82	-0.46874025	-1.8383383	0.0	0.07394868	0.945	4649	tags=46%, list=19%, signal=57%	
PROTEIN N-LINKED GLYCOSYLATION%GOBP%GO:0006487	PROTEIN N-LINKED GLYCOSYLATION%GOBP%GO:0006487		83	-0.45818388	-1.8300432	0.0	0.0781701	0.955	2790	tags=34%, list=11%, signal=38%	
SELENIUM METABOLISM AND SELENOPROTEINS%WIKIPATHWAYS_20260211%WP28%HOMO SAPIENS	SELENIUM METABOLISM AND SELENOPROTEINS%WIKIPATHWAYS_20260211%WP28%HOMO SAPIENS		39	-0.53889453	-1.8290612	0.004132231	0.077163525	0.958	1922	tags=26%, list=8%, signal=28%	
PROTEIN TARGETING TO ER%GOBP%GO:0045047	PROTEIN TARGETING TO ER%GOBP%GO:0045047		33	-0.5606772	-1.8246355	0.0	0.07922301	0.966	2888	tags=45%, list=12%, signal=51%	
FCERI MEDIATED MAPK ACTIVATION%REACTOME DATABASE ID RELEASE 95%2871796	FCERI MEDIATED MAPK ACTIVATION%REACTOME DATABASE ID RELEASE 95%2871796		85	-0.45687994	-1.8242842	0.0	0.07800552	0.966	4649	tags=46%, list=19%, signal=56%	
SCAVENGING OF HEME FROM PLASMA%REACTOME%R-HSA-2168880.3	SCAVENGING OF HEME FROM PLASMA%REACTOME%R-HSA-2168880.3		73	-0.46697873	-1.8230784	0.0	0.077419825	0.966	4649	tags=51%, list=19%, signal=62%	
RIBOSOMAL SCANNING AND START CODON RECOGNITION%REACTOME%R-HSA-72702.5	RIBOSOMAL SCANNING AND START CODON RECOGNITION%REACTOME%R-HSA-72702.5		59	-0.48346087	-1.811874	0.0	0.0856732	0.98	5797	tags=41%, list=24%, signal=53%	
IRINOTECAN ACTION PATHWAY%PATHWHIZ%PW000238	IRINOTECAN ACTION PATHWAY%PATHWHIZ%PW000238		24	-0.58399254	-1.8044748	0.0074074073	0.09054288	0.984	1216	tags=29%, list=5%, signal=31%	
COPI-MEDIATED ANTEROGRADE TRANSPORT%REACTOME DATABASE ID RELEASE 95%6807878	COPI-MEDIATED ANTEROGRADE TRANSPORT%REACTOME DATABASE ID RELEASE 95%6807878		83	-0.45233098	-1.802729	0.0	0.09041003	0.985	2959	tags=37%, list=12%, signal=42%	
ACETAMINOPHEN METABOLISM PATHWAY%PATHWHIZ%PW000616	ACETAMINOPHEN METABOLISM PATHWAY%PATHWHIZ%PW000616		29	-0.5523866	-1.7922633	0.003717472	0.09760842	0.994	1671	tags=28%, list=7%, signal=30%	
FCERI MEDIATED NF-KB ACTIVATION%REACTOME DATABASE ID RELEASE 95%2871837	FCERI MEDIATED NF-KB ACTIVATION%REACTOME DATABASE ID RELEASE 95%2871837		125	-0.41965985	-1.7914466	0.0	0.09649394	0.994	4690	tags=44%, list=19%, signal=54%	
RESPONSE TO TOPOLOGICALLY INCORRECT PROTEIN%GOBP%GO:0035966	RESPONSE TO TOPOLOGICALLY INCORRECT PROTEIN%GOBP%GO:0035966		111	-0.43343353	-1.784423	0.0	0.10058017	0.998	2429	tags=23%, list=10%, signal=25%	
IRINOTECAN METABOLISM PATHWAY%SMPDB%SMP0000600	IRINOTECAN METABOLISM PATHWAY%SMPDB%SMP0000600		24	-0.58399254	-1.7816714	0.0034602077	0.10121695	0.998	1216	tags=29%, list=5%, signal=31%	
DEFECTIVE C1GALT1C1 CAUSES TNPS%REACTOME%R-HSA-5083632.4	DEFECTIVE C1GALT1C1 CAUSES TNPS%REACTOME%R-HSA-5083632.4		19	-0.6070842	-1.7745261	0.009345794	0.10581648	0.998	1060	tags=26%, list=4%, signal=27%	
PROTEASOME DEGRADATION%WIKIPATHWAYS_20260211%WP183%HOMO SAPIENS	PROTEASOME DEGRADATION%WIKIPATHWAYS_20260211%WP183%HOMO SAPIENS		42	-0.4990162	-1.7623723	0.0	0.11480139	1.0	4690	tags=45%, list=19%, signal=56%	
DEFECTIVE GALNT12 CAUSES CRCS1%REACTOME%R-HSA-5083636.4	DEFECTIVE GALNT12 CAUSES CRCS1%REACTOME%R-HSA-5083636.4		18	-0.6129603	-1.7586789	0.010067114	0.11676777	1.0	1060	tags=28%, list=4%, signal=29%	
PARKIN UBIQUITIN PROTEASOMAL SYSTEM PATHWAY%WIKIPATHWAYS_20260211%WP2359%HOMO SAPIENS	PARKIN UBIQUITIN PROTEASOMAL SYSTEM PATHWAY%WIKIPATHWAYS_20260211%WP2359%HOMO SAPIENS		50	-0.48256502	-1.7519455	0.0	0.1217054	1.0	4409	tags=42%, list=18%, signal=51%	
CALNEXIN CALRETICULIN CYCLE%REACTOME%R-HSA-901042.5	CALNEXIN CALRETICULIN CYCLE%REACTOME%R-HSA-901042.5		26	-0.5510504	-1.7497029	0.007352941	0.122649714	1.0	4762	tags=54%, list=19%, signal=67%	
PROTEIN HYDROXYLATION%GOBP%GO:0018126	PROTEIN HYDROXYLATION%GOBP%GO:0018126		15	-0.6552722	-1.7476774	0.019292604	0.12250591	1.0	3787	tags=53%, list=15%, signal=63%	
ANTIGEN ACTIVATES B CELL RECEPTOR (BCR) LEADING TO GENERATION OF SECOND MESSENGERS%REACTOME DATABASE ID RELEASE 95%983695	ANTIGEN ACTIVATES B CELL RECEPTOR (BCR) LEADING TO GENERATION OF SECOND MESSENGERS%REACTOME DATABASE ID RELEASE 95%983695		90	-0.44408017	-1.7444837	0.0	0.12410803	1.0	4649	tags=46%, list=19%, signal=56%	
ROLE OF PHOSPHOLIPIDS IN PHAGOCYTOSIS%REACTOME DATABASE ID RELEASE 95%2029485	ROLE OF PHOSPHOLIPIDS IN PHAGOCYTOSIS%REACTOME DATABASE ID RELEASE 95%2029485		87	-0.43435535	-1.7431468	0.0	0.12351206	1.0	4649	tags=44%, list=19%, signal=54%	
SRP-DEPENDENT COTRANSLATIONAL PROTEIN TARGETING TO MEMBRANE%REACTOME DATABASE ID RELEASE 95%1799339	SRP-DEPENDENT COTRANSLATIONAL PROTEIN TARGETING TO MEMBRANE%REACTOME DATABASE ID RELEASE 95%1799339		112	-0.4119356	-1.7248048	0.0	0.14198326	1.0	5877	tags=38%, list=24%, signal=50%	
CELLULAR RESPONSE TO TOPOLOGICALLY INCORRECT PROTEIN%GOBP%GO:0035967	CELLULAR RESPONSE TO TOPOLOGICALLY INCORRECT PROTEIN%GOBP%GO:0035967		84	-0.44335595	-1.7166944	0.0056497175	0.14923517	1.0	2674	tags=25%, list=11%, signal=28%	
IBUPROFEN ACTION PATHWAY%SMPDB%SMP0000086	IBUPROFEN ACTION PATHWAY%SMPDB%SMP0000086		48	-0.48676297	-1.714705	0.0	0.14931367	1.0	2807	tags=29%, list=11%, signal=33%	
RESPONSE OF EIF2AK1 (HRI) TO HEME DEFICIENCY%REACTOME DATABASE ID RELEASE 95%9648895	RESPONSE OF EIF2AK1 (HRI) TO HEME DEFICIENCY%REACTOME DATABASE ID RELEASE 95%9648895		15	-0.6345428	-1.7119372	0.019736841	0.14999734	1.0	3070	tags=47%, list=13%, signal=53%	
ACTIVATION OF THE MRNA UPON BINDING OF THE CAP-BINDING COMPLEX AND EIFS, AND SUBSEQUENT BINDING TO 43S%REACTOME%R-HSA-72662.5	ACTIVATION OF THE MRNA UPON BINDING OF THE CAP-BINDING COMPLEX AND EIFS, AND SUBSEQUENT BINDING TO 43S%REACTOME%R-HSA-72662.5		60	-0.4518504	-1.7018821	0.0	0.16090061	1.0	5797	tags=40%, list=24%, signal=52%	
NEGATIVE REGULATION OF OXIDATIVE STRESS-INDUCED INTRINSIC APOPTOTIC SIGNALING PATHWAY%GOBP%GO:1902176	NEGATIVE REGULATION OF OXIDATIVE STRESS-INDUCED INTRINSIC APOPTOTIC SIGNALING PATHWAY%GOBP%GO:1902176		23	-0.5720374	-1.6947632	0.006756757	0.16812569	1.0	4404	tags=43%, list=18%, signal=53%	
GTP HYDROLYSIS AND JOINING OF THE 60S RIBOSOMAL SUBUNIT%REACTOME%R-HSA-72706.4	GTP HYDROLYSIS AND JOINING OF THE 60S RIBOSOMAL SUBUNIT%REACTOME%R-HSA-72706.4		112	-0.4056626	-1.673179	0.0	0.19780323	1.0	5877	tags=39%, list=24%, signal=51%	
PERK REGULATES GENE EXPRESSION%REACTOME%R-HSA-381042.3	PERK REGULATES GENE EXPRESSION%REACTOME%R-HSA-381042.3		32	-0.5155328	-1.6705705	0.004016064	0.19959363	1.0	4826	tags=47%, list=20%, signal=58%	
NUCLEAR EVENTS (KINASE AND TRANSCRIPTION FACTOR ACTIVATION)%REACTOME%R-HSA-198725.4	NUCLEAR EVENTS (KINASE AND TRANSCRIPTION FACTOR ACTIVATION)%REACTOME%R-HSA-198725.4		60	-0.4506815	-1.6678045	0.0	0.20120706	1.0	3016	tags=25%, list=12%, signal=28%	
POST-TRANSLATIONAL PROTEIN TARGETING TO ENDOPLASMIC RETICULUM MEMBRANE%GOBP%GO:0006620	POST-TRANSLATIONAL PROTEIN TARGETING TO ENDOPLASMIC RETICULUM MEMBRANE%GOBP%GO:0006620		18	-0.58119637	-1.6497746	0.019354839	0.22978692	1.0	4759	tags=61%, list=19%, signal=76%	
EUKARYOTIC TRANSLATION INITIATION%REACTOME%R-HSA-72613.5	EUKARYOTIC TRANSLATION INITIATION%REACTOME%R-HSA-72613.5		119	-0.38840526	-1.6476867	0.0	0.23021899	1.0	5877	tags=40%, list=24%, signal=53%	
FCGR3A-MEDIATED IL10 SYNTHESIS%REACTOME%R-HSA-9664323.3	FCGR3A-MEDIATED IL10 SYNTHESIS%REACTOME%R-HSA-9664323.3		98	-0.39872682	-1.643223	0.0067114094	0.23452166	1.0	4649	tags=41%, list=19%, signal=50%	
BIOSYNTHESIS OF THE N-GLYCAN PRECURSOR (DOLICHOL LIPID-LINKED OLIGOSACCHARIDE, LLO) AND TRANSFER TO A NASCENT PROTEIN%REACTOME DATABASE ID RELEASE 95%446193	BIOSYNTHESIS OF THE N-GLYCAN PRECURSOR (DOLICHOL LIPID-LINKED OLIGOSACCHARIDE, LLO) AND TRANSFER TO A NASCENT PROTEIN%REACTOME DATABASE ID RELEASE 95%446193		80	-0.4164492	-1.6416125	0.0	0.23442556	1.0	1867	tags=24%, list=8%, signal=26%	
NEGATIVE REGULATION OF SMAD PROTEIN SIGNAL TRANSDUCTION%GOBP%GO:0060392	NEGATIVE REGULATION OF SMAD PROTEIN SIGNAL TRANSDUCTION%GOBP%GO:0060392		21	-0.5509312	-1.6393008	0.018248174	0.23565696	1.0	3703	tags=43%, list=15%, signal=50%	
LYMPHOCYTE MEDIATED IMMUNITY%GOBP%GO:0002449	LYMPHOCYTE MEDIATED IMMUNITY%GOBP%GO:0002449		174	-0.36225095	-1.6373168	0.0	0.23652753	1.0	3830	tags=31%, list=16%, signal=37%	
CAP-DEPENDENT TRANSLATION INITIATION%REACTOME%R-HSA-72737.4	CAP-DEPENDENT TRANSLATION INITIATION%REACTOME%R-HSA-72737.4		119	-0.38840526	-1.6323775	0.0	0.24259855	1.0	5877	tags=40%, list=24%, signal=53%	
B CELL RECEPTOR SIGNALING PATHWAY%GOBP%GO:0050853	B CELL RECEPTOR SIGNALING PATHWAY%GOBP%GO:0050853		47	-0.46270812	-1.6312757	0.004950495	0.24154128	1.0	2883	tags=36%, list=12%, signal=41%	
HH MUTANTS ARE DEGRADED BY ERAD%REACTOME DATABASE ID RELEASE 95%5362768	HH MUTANTS ARE DEGRADED BY ERAD%REACTOME DATABASE ID RELEASE 95%5362768		43	-0.47512704	-1.6234798	0.008032128	0.25355643	1.0	4658	tags=49%, list=19%, signal=60%	
TRANSLATION INITIATION COMPLEX FORMATION%REACTOME%R-HSA-72649.4	TRANSLATION INITIATION COMPLEX FORMATION%REACTOME%R-HSA-72649.4		59	-0.4424084	-1.6199148	0.004716981	0.25766528	1.0	5797	tags=39%, list=24%, signal=51%	
TRANSLATION FACTORS%WIKIPATHWAYS_20260211%WP107%HOMO SAPIENS	TRANSLATION FACTORS%WIKIPATHWAYS_20260211%WP107%HOMO SAPIENS		43	-0.45877603	-1.6165578	0.00952381	0.2606679	1.0	3070	tags=35%, list=13%, signal=40%	
HALLMARK_MTORC1_SIGNALING%MSIGDBHALLMARK%HALLMARK_MTORC1_SIGNALING	HALLMARK_MTORC1_SIGNALING%MSIGDBHALLMARK%HALLMARK_MTORC1_SIGNALING		149	-0.3794113	-1.6164414	0.0	0.25800025	1.0	3532	tags=32%, list=14%, signal=37%	
REGULATION OF IFNA IFNB SIGNALING%REACTOME DATABASE ID RELEASE 95%912694	REGULATION OF IFNA IFNB SIGNALING%REACTOME DATABASE ID RELEASE 95%912694		23	-0.51881063	-1.6068684	0.014492754	0.27388695	1.0	1911	tags=22%, list=8%, signal=24%	
ER QUALITY CONTROL COMPARTMENT (ERQC)%REACTOME%R-HSA-901032.7	ER QUALITY CONTROL COMPARTMENT (ERQC)%REACTOME%R-HSA-901032.7		21	-0.5355802	-1.6056786	0.016722407	0.2736021	1.0	5193	tags=57%, list=21%, signal=72%	
HEDGEHOG%NETPATH%HEDGEHOG	HEDGEHOG%NETPATH%HEDGEHOG		20	-0.5498173	-1.5967859	0.020066889	0.28896588	1.0	1871	tags=30%, list=8%, signal=32%	
BINDING AND UPTAKE OF LIGANDS BY SCAVENGER RECEPTORS%REACTOME%R-HSA-2173782.3	BINDING AND UPTAKE OF LIGANDS BY SCAVENGER RECEPTORS%REACTOME%R-HSA-2173782.3		105	-0.39442933	-1.5944427	0.0	0.2903626	1.0	4649	tags=41%, list=19%, signal=50%	
AMPK-INDUCED ERAD AND LYSOSOME MEDIATED DEGRADATION OF PD-L1(CD274)%REACTOME DATABASE ID RELEASE 95%9931269	AMPK-INDUCED ERAD AND LYSOSOME MEDIATED DEGRADATION OF PD-L1(CD274)%REACTOME DATABASE ID RELEASE 95%9931269		55	-0.43516454	-1.5909967	0.0047393367	0.29483864	1.0	4409	tags=44%, list=18%, signal=53%	
DOLICHOL-LINKED OLIGOSACCHARIDE BIOSYNTHETIC PROCESS%GOBP%GO:0006488	DOLICHOL-LINKED OLIGOSACCHARIDE BIOSYNTHETIC PROCESS%GOBP%GO:0006488		18	-0.5744264	-1.5896603	0.030201342	0.2947597	1.0	2669	tags=50%, list=11%, signal=56%	
FCERI MEDIATED CA+2 MOBILIZATION%REACTOME DATABASE ID RELEASE 95%2871809	FCERI MEDIATED CA+2 MOBILIZATION%REACTOME DATABASE ID RELEASE 95%2871809		85	-0.38708988	-1.5843781	0.0	0.3024926	1.0	4837	tags=46%, list=20%, signal=57%	
SYNTHESIS OF SUBSTRATES IN N-GLYCAN BIOSYTHESIS%REACTOME%R-HSA-446219.4	SYNTHESIS OF SUBSTRATES IN N-GLYCAN BIOSYTHESIS%REACTOME%R-HSA-446219.4		65	-0.41741815	-1.5836238	0.0054644807	0.3008892	1.0	1867	tags=22%, list=8%, signal=23%	
DISEASES ASSOCIATED WITH N-GLYCOSYLATION OF PROTEINS%REACTOME DATABASE ID RELEASE 95%3781860	DISEASES ASSOCIATED WITH N-GLYCOSYLATION OF PROTEINS%REACTOME DATABASE ID RELEASE 95%3781860		20	-0.5451634	-1.5833921	0.013071896	0.2981861	1.0	1805	tags=35%, list=7%, signal=38%	
RESPIRATORY SYNCYTIAL VIRUS (RSV) GENOME REPLICATION, TRANSCRIPTION AND TRANSLATION%REACTOME%R-HSA-9820965.1	RESPIRATORY SYNCYTIAL VIRUS (RSV) GENOME REPLICATION, TRANSCRIPTION AND TRANSLATION%REACTOME%R-HSA-9820965.1		17	-0.56416386	-1.5697274	0.045454547	0.32511362	1.0	1303	tags=29%, list=5%, signal=31%	
NEGATIVE REGULATION OF INTRINSIC APOPTOTIC SIGNALING PATHWAY%GOBP%GO:2001243	NEGATIVE REGULATION OF INTRINSIC APOPTOTIC SIGNALING PATHWAY%GOBP%GO:2001243		77	-0.38782907	-1.5636455	0.0	0.336222	1.0	3087	tags=26%, list=13%, signal=30%	
UBIQUITIN–PROTEASOME PATHWAY%SMPDB%SMP0063816	UBIQUITIN–PROTEASOME PATHWAY%SMPDB%SMP0063816		28	-0.4961184	-1.5633512	0.027874565	0.3335194	1.0	4658	tags=43%, list=19%, signal=53%	
ALANINE TRANSPORT%GOBP%GO:0032328	ALANINE TRANSPORT%GOBP%GO:0032328		17	-0.55927515	-1.555442	0.039156627	0.34850338	1.0	2368	tags=47%, list=10%, signal=52%	
COPI-DEPENDENT GOLGI-TO-ER RETROGRADE TRAFFIC%REACTOME DATABASE ID RELEASE 95%6811434	COPI-DEPENDENT GOLGI-TO-ER RETROGRADE TRAFFIC%REACTOME DATABASE ID RELEASE 95%6811434		82	-0.38930294	-1.5536112	0.0	0.34954557	1.0	3014	tags=28%, list=12%, signal=32%	
HALLMARK_GLYCOLYSIS%MSIGDBHALLMARK%HALLMARK_GLYCOLYSIS	HALLMARK_GLYCOLYSIS%MSIGDBHALLMARK%HALLMARK_GLYCOLYSIS		153	-0.35815492	-1.5517591	0.0	0.3511372	1.0	2017	tags=16%, list=8%, signal=17%	
ADAPTIVE IMMUNE RESPONSE BASED ON SOMATIC RECOMBINATION OF IMMUNE RECEPTORS BUILT FROM IMMUNOGLOBULIN SUPERFAMILY DOMAINS%GOBP%GO:0002460	ADAPTIVE IMMUNE RESPONSE BASED ON SOMATIC RECOMBINATION OF IMMUNE RECEPTORS BUILT FROM IMMUNOGLOBULIN SUPERFAMILY DOMAINS%GOBP%GO:0002460		194	-0.3517132	-1.5513625	0.0	0.34858438	1.0	3852	tags=28%, list=16%, signal=33%	
LEISHMANIA PHAGOCYTOSIS%REACTOME DATABASE ID RELEASE 95%9664417	LEISHMANIA PHAGOCYTOSIS%REACTOME DATABASE ID RELEASE 95%9664417		119	-0.37055004	-1.5431844	0.0	0.36571315	1.0	4649	tags=39%, list=19%, signal=47%	
DIHYDROPYRIMIDINE DEHYDROGENASE DEFICIENCY (DHPD)%SMPDB%SMP0000179	DIHYDROPYRIMIDINE DEHYDROGENASE DEFICIENCY (DHPD)%SMPDB%SMP0000179		24	-0.49879098	-1.5399721	0.03180212	0.3704098	1.0	2976	tags=50%, list=12%, signal=57%	
DIMETHYLGLYCINE DEHYDROGENASE DEFICIENCY%SMPDB%SMP0000242	DIMETHYLGLYCINE DEHYDROGENASE DEFICIENCY%SMPDB%SMP0000242		24	-0.49879098	-1.5397257	0.026666667	0.36757398	1.0	2976	tags=50%, list=12%, signal=57%	
ERAD PATHWAY%GOBP%GO:0036503	ERAD PATHWAY%GOBP%GO:0036503		92	-0.3849243	-1.536335	0.0057142857	0.37279359	1.0	2353	tags=22%, list=10%, signal=24%	
HH MUTANTS ABROGATE LIGAND SECRETION%REACTOME DATABASE ID RELEASE 95%5387390	HH MUTANTS ABROGATE LIGAND SECRETION%REACTOME DATABASE ID RELEASE 95%5387390		46	-0.43688345	-1.5332029	0.004950495	0.37719905	1.0	4658	tags=46%, list=19%, signal=56%	
REGULATION OF ACTIN DYNAMICS FOR PHAGOCYTIC CUP FORMATION%REACTOME DATABASE ID RELEASE 95%2029482	REGULATION OF ACTIN DYNAMICS FOR PHAGOCYTIC CUP FORMATION%REACTOME DATABASE ID RELEASE 95%2029482		122	-0.36318102	-1.5329486	0.0	0.37453908	1.0	4649	tags=38%, list=19%, signal=46%	
HEDGEHOG LIGAND BIOGENESIS%REACTOME%R-HSA-5358346.2	HEDGEHOG LIGAND BIOGENESIS%REACTOME%R-HSA-5358346.2		52	-0.41080463	-1.53135	0.004608295	0.3756473	1.0	4658	tags=44%, list=19%, signal=55%	
PROTEIN TRANSMEMBRANE TRANSPORT%GOBP%GO:0071806	PROTEIN TRANSMEMBRANE TRANSPORT%GOBP%GO:0071806		59	-0.41306326	-1.5301105	0.015151516	0.37524968	1.0	4759	tags=44%, list=19%, signal=55%	
3-PHOSPHOGLYCERATE DEHYDROGENASE DEFICIENCY%SMPDB%SMP0000721	3-PHOSPHOGLYCERATE DEHYDROGENASE DEFICIENCY%SMPDB%SMP0000721		24	-0.49879098	-1.5299066	0.025641026	0.37235072	1.0	2976	tags=50%, list=12%, signal=57%	
GLYCINE AND SERINE METABOLISM%SMPDB%SMP0000004	GLYCINE AND SERINE METABOLISM%SMPDB%SMP0000004		24	-0.49879098	-1.5290995	0.030303031	0.371118	1.0	2976	tags=50%, list=12%, signal=57%	
DEGRADATION OF CRY AND PER PROTEINS%REACTOME DATABASE ID RELEASE 95%9932298	DEGRADATION OF CRY AND PER PROTEINS%REACTOME DATABASE ID RELEASE 95%9932298		48	-0.41580614	-1.529052	0.018518519	0.36793193	1.0	4964	tags=44%, list=20%, signal=55%	
B CELL ACTIVATION%REACTOME DATABASE ID RELEASE 95%983705	B CELL ACTIVATION%REACTOME DATABASE ID RELEASE 95%983705		156	-0.362771	-1.5286793	0.0	0.3657019	1.0	4658	tags=39%, list=19%, signal=48%	
SUPERPATHWAY OF METHIONINE DEGRADATION%BIOCYC%PWY-5328	SUPERPATHWAY OF METHIONINE DEGRADATION%BIOCYC%PWY-5328		20	-0.50272167	-1.5286638	0.02364865	0.3625694	1.0	1040	tags=30%, list=4%, signal=31%	
REGULATION OF TRANSLATIONAL INITIATION%GOBP%GO:0006446	REGULATION OF TRANSLATIONAL INITIATION%GOBP%GO:0006446		86	-0.38753328	-1.5261966	0.006535948	0.36567295	1.0	4612	tags=43%, list=19%, signal=53%	
CYTOSOLIC TRNA AMINOACYLATION%REACTOME DATABASE ID RELEASE 95%379716	CYTOSOLIC TRNA AMINOACYLATION%REACTOME DATABASE ID RELEASE 95%379716		23	-0.5011464	-1.5241787	0.038327526	0.36750734	1.0	2747	tags=30%, list=11%, signal=34%	
PARASITE INFECTION%REACTOME%R-HSA-9664407.3	PARASITE INFECTION%REACTOME%R-HSA-9664407.3		119	-0.37055004	-1.5206525	0.0	0.37353075	1.0	4649	tags=39%, list=19%, signal=47%	
NON-KETOTIC HYPERGLYCINEMIA%PATHWHIZ%PW000209	NON-KETOTIC HYPERGLYCINEMIA%PATHWHIZ%PW000209		24	-0.49879098	-1.519468	0.03422053	0.3734159	1.0	2976	tags=50%, list=12%, signal=57%	
L13A-MEDIATED TRANSLATIONAL SILENCING OF CERULOPLASMIN EXPRESSION%REACTOME%R-HSA-156827.5	L13A-MEDIATED TRANSLATIONAL SILENCING OF CERULOPLASMIN EXPRESSION%REACTOME%R-HSA-156827.5		111	-0.36663762	-1.5179971	0.0	0.37410593	1.0	5877	tags=38%, list=24%, signal=50%	
TRANSMISSION OF NERVE IMPULSE%GOBP%GO:0019226	TRANSMISSION OF NERVE IMPULSE%GOBP%GO:0019226		28	-0.46708867	-1.5159918	0.02112676	0.3762076	1.0	2263	tags=29%, list=9%, signal=31%	
FCGR3A-MEDIATED PHAGOCYTOSIS%REACTOME DATABASE ID RELEASE 95%9664422	FCGR3A-MEDIATED PHAGOCYTOSIS%REACTOME DATABASE ID RELEASE 95%9664422		119	-0.37055004	-1.5109805	0.0	0.38619286	1.0	4649	tags=39%, list=19%, signal=47%	
HUMORAL IMMUNE RESPONSE MEDIATED BY CIRCULATING IMMUNOGLOBULIN%GOBP%GO:0002455	HUMORAL IMMUNE RESPONSE MEDIATED BY CIRCULATING IMMUNOGLOBULIN%GOBP%GO:0002455		17	-0.5307846	-1.5046501	0.034013607	0.39942825	1.0	3473	tags=47%, list=14%, signal=55%	
ANK2 PATHWAY IN EPILEPSY DEVELOPMENT%WIKIPATHWAYS_20260211%WP5557%HOMO SAPIENS	ANK2 PATHWAY IN EPILEPSY DEVELOPMENT%WIKIPATHWAYS_20260211%WP5557%HOMO SAPIENS		17	-0.5323636	-1.5044225	0.04137931	0.3967852	1.0	2738	tags=47%, list=11%, signal=53%	
DISEASES OF GLYCOSYLATION%REACTOME DATABASE ID RELEASE 95%3781865	DISEASES OF GLYCOSYLATION%REACTOME DATABASE ID RELEASE 95%3781865		145	-0.35010967	-1.5027155	0.0	0.39830884	1.0	1805	tags=19%, list=7%, signal=20%	
DIMETHYLGLYCINE DEHYDROGENASE DEFICIENCY%SMPDB%SMP0000484	DIMETHYLGLYCINE DEHYDROGENASE DEFICIENCY%SMPDB%SMP0000484		24	-0.49879098	-1.502003	0.04248366	0.39727658	1.0	2976	tags=50%, list=12%, signal=57%	
FC EPSILON RECEPTOR (FCERI) SIGNALING%REACTOME DATABASE ID RELEASE 95%2454202	FC EPSILON RECEPTOR (FCERI) SIGNALING%REACTOME DATABASE ID RELEASE 95%2454202		174	-0.3360724	-1.5018153	0.0	0.39465636	1.0	4690	tags=37%, list=19%, signal=46%	
HYPERGLYCINEMIA, NON-KETOTIC%SMPDB%SMP0000485	HYPERGLYCINEMIA, NON-KETOTIC%SMPDB%SMP0000485		24	-0.49879098	-1.5017238	0.049469966	0.3918288	1.0	2976	tags=50%, list=12%, signal=57%	
SARCOSINEMIA%SMPDB%SMP0000244	SARCOSINEMIA%SMPDB%SMP0000244		24	-0.49879098	-1.4977226	0.05035971	0.39921594	1.0	2976	tags=50%, list=12%, signal=57%	
ER TO GOLGI ANTEROGRADE TRANSPORT%REACTOME%R-HSA-199977.6	ER TO GOLGI ANTEROGRADE TRANSPORT%REACTOME%R-HSA-199977.6		137	-0.3503777	-1.493945	0.0	0.40663558	1.0	2959	tags=28%, list=12%, signal=32%	
KINETOCHORE ASSEMBLY%GOBP%GO:0051382	KINETOCHORE ASSEMBLY%GOBP%GO:0051382		22	-0.4992558	-1.4936917	0.02846975	0.40415955	1.0	1930	tags=27%, list=8%, signal=30%	
POTENTIAL THERAPEUTICS FOR SARS%REACTOME%R-HSA-9679191.5	POTENTIAL THERAPEUTICS FOR SARS%REACTOME%R-HSA-9679191.5		156	-0.3463608	-1.4932704	0.0	0.40236536	1.0	4825	tags=37%, list=20%, signal=45%	
REGULATION OF ORNITHINE DECARBOXYLASE (ODC)%REACTOME%R-HSA-350562.6	REGULATION OF ORNITHINE DECARBOXYLASE (ODC)%REACTOME%R-HSA-350562.6		38	-0.4340076	-1.4916033	0.016597511	0.40370008	1.0	4658	tags=39%, list=19%, signal=49%	
FORMATION OF THE TERNARY COMPLEX, AND SUBSEQUENTLY, THE 43S COMPLEX%REACTOME%R-HSA-72695.4	FORMATION OF THE TERNARY COMPLEX, AND SUBSEQUENTLY, THE 43S COMPLEX%REACTOME%R-HSA-72695.4		52	-0.41473413	-1.49103	0.014563107	0.4023746	1.0	5797	tags=37%, list=24%, signal=48%	
REGULATION OF PD-L1(CD274) POST-TRANSLATIONAL MODIFICATION%REACTOME DATABASE ID RELEASE 95%9909615	REGULATION OF PD-L1(CD274) POST-TRANSLATIONAL MODIFICATION%REACTOME DATABASE ID RELEASE 95%9909615		86	-0.37193748	-1.4890827	0.01875	0.40445873	1.0	4688	tags=38%, list=19%, signal=47%	
RETROGRADE VESICLE-MEDIATED TRANSPORT, GOLGI TO ENDOPLASMIC RETICULUM%GOBP%GO:0006890	RETROGRADE VESICLE-MEDIATED TRANSPORT, GOLGI TO ENDOPLASMIC RETICULUM%GOBP%GO:0006890		51	-0.40881175	-1.484964	0.019417476	0.41287628	1.0	3738	tags=35%, list=15%, signal=42%	
INTRACELLULAR PROTEIN TRANSMEMBRANE TRANSPORT%GOBP%GO:0065002	INTRACELLULAR PROTEIN TRANSMEMBRANE TRANSPORT%GOBP%GO:0065002		29	-0.46652696	-1.4806018	0.033088237	0.4217652	1.0	1230	tags=24%, list=5%, signal=25%	
GAMMA CARBOXYLATION, HYPUSINYLATION, HYDROXYLATION, AND ARYLSULFATASE ACTIVATION%REACTOME DATABASE ID RELEASE 95%163841	GAMMA CARBOXYLATION, HYPUSINYLATION, HYDROXYLATION, AND ARYLSULFATASE ACTIVATION%REACTOME DATABASE ID RELEASE 95%163841		61	-0.39033434	-1.4801148	0.010928961	0.41993275	1.0	2164	tags=21%, list=9%, signal=23%	
HINDBRAIN DEVELOPMENT%GOBP%GO:0030902	HINDBRAIN DEVELOPMENT%GOBP%GO:0030902		43	-0.40655455	-1.4782523	0.01843318	0.42197606	1.0	4315	tags=37%, list=18%, signal=45%	
REGULATION OF KETONE BIOSYNTHETIC PROCESS%GOBP%GO:0010566	REGULATION OF KETONE BIOSYNTHETIC PROCESS%GOBP%GO:0010566		19	-0.50712365	-1.4776767	0.054607507	0.42047146	1.0	558	tags=16%, list=2%, signal=16%	
HALLMARK_MYC_TARGETS_V2%MSIGDBHALLMARK%HALLMARK_MYC_TARGETS_V2	HALLMARK_MYC_TARGETS_V2%MSIGDBHALLMARK%HALLMARK_MYC_TARGETS_V2		47	-0.41742665	-1.4690495	0.01369863	0.44195732	1.0	3023	tags=32%, list=12%, signal=36%	
REGULATION OF BLOOD VESSEL ENDOTHELIAL CELL PROLIFERATION INVOLVED IN SPROUTING ANGIOGENESIS%GOBP%GO:1903587	REGULATION OF BLOOD VESSEL ENDOTHELIAL CELL PROLIFERATION INVOLVED IN SPROUTING ANGIOGENESIS%GOBP%GO:1903587		18	-0.51559705	-1.4641151	0.042944785	0.4520853	1.0	1168	tags=22%, list=5%, signal=23%	
DEFECTIVE CFTR CAUSES CYSTIC FIBROSIS%REACTOME%R-HSA-5678895.5	DEFECTIVE CFTR CAUSES CYSTIC FIBROSIS%REACTOME%R-HSA-5678895.5		48	-0.40684396	-1.4632639	0.028708134	0.45138517	1.0	4658	tags=44%, list=19%, signal=54%	
CELLULAR RESPONSE TO HEAT%GOBP%GO:0034605	CELLULAR RESPONSE TO HEAT%GOBP%GO:0034605		38	-0.42563012	-1.4592916	0.037815128	0.45959243	1.0	3441	tags=26%, list=14%, signal=31%	
TERMINATION OF O-GLYCAN BIOSYNTHESIS%REACTOME DATABASE ID RELEASE 95%977068	TERMINATION OF O-GLYCAN BIOSYNTHESIS%REACTOME DATABASE ID RELEASE 95%977068		25	-0.46360135	-1.4587189	0.050541516	0.45804423	1.0	1060	tags=20%, list=4%, signal=21%	
REGULATION OF NEURON MIGRATION%GOBP%GO:2001222	REGULATION OF NEURON MIGRATION%GOBP%GO:2001222		33	-0.43859136	-1.4551697	0.02255639	0.4652167	1.0	3537	tags=27%, list=14%, signal=32%	
HEDGEHOG%IOB%HEDGEHOG	HEDGEHOG%IOB%HEDGEHOG		23	-0.48663518	-1.4516889	0.037542664	0.47262183	1.0	1871	tags=26%, list=8%, signal=28%	
SYNDECAN-3-MEDIATED SIGNALING EVENTS%PATHWAY INTERACTION DATABASE NCI-NATURE CURATED DATA%SYNDECAN-3-MEDIATED SIGNALING EVENTS	SYNDECAN-3-MEDIATED SIGNALING EVENTS%PATHWAY INTERACTION DATABASE NCI-NATURE CURATED DATA%SYNDECAN-3-MEDIATED SIGNALING EVENTS		21	-0.49128637	-1.450518	0.053003535	0.47303602	1.0	3178	tags=33%, list=13%, signal=38%	
PID_FRA_PATHWAY%MSIGDB_C2%PID_FRA_PATHWAY	PID_FRA_PATHWAY%MSIGDB_C2%PID_FRA_PATHWAY		33	-0.43587083	-1.4488719	0.044444446	0.47462156	1.0	2429	tags=21%, list=10%, signal=24%	
ATF4 ACTIVATES GENES IN RESPONSE TO ENDOPLASMIC RETICULUM STRESS%REACTOME%R-HSA-380994.5	ATF4 ACTIVATES GENES IN RESPONSE TO ENDOPLASMIC RETICULUM STRESS%REACTOME%R-HSA-380994.5		27	-0.45879415	-1.4469088	0.054945055	0.47732738	1.0	3489	tags=33%, list=14%, signal=39%	
GOLGI-TO-ER RETROGRADE TRANSPORT%REACTOME DATABASE ID RELEASE 95%8856688	GOLGI-TO-ER RETROGRADE TRANSPORT%REACTOME DATABASE ID RELEASE 95%8856688		116	-0.34617567	-1.4459378	0.0	0.47686502	1.0	3014	tags=27%, list=12%, signal=30%	
DEGRADATION OF DVL%REACTOME%R-HSA-4641258.3	DEGRADATION OF DVL%REACTOME%R-HSA-4641258.3		44	-0.40649235	-1.4435745	0.028169014	0.4808549	1.0	4976	tags=45%, list=20%, signal=57%	
REGULATION OF COMPLEMENT CASCADE%REACTOME%R-HSA-977606.8	REGULATION OF COMPLEMENT CASCADE%REACTOME%R-HSA-977606.8		107	-0.3453445	-1.4432713	0.0	0.47867805	1.0	4649	tags=39%, list=19%, signal=48%	
REGULATION OF INTRINSIC APOPTOTIC SIGNALING PATHWAY%GOBP%GO:2001242	REGULATION OF INTRINSIC APOPTOTIC SIGNALING PATHWAY%GOBP%GO:2001242		129	-0.33591586	-1.4359636	0.0	0.49892262	1.0	3196	tags=22%, list=13%, signal=25%	
PROTEIN TARGETING TO MEMBRANE%GOBP%GO:0006612	PROTEIN TARGETING TO MEMBRANE%GOBP%GO:0006612		81	-0.3635303	-1.4351028	0.011560693	0.49825975	1.0	3344	tags=26%, list=14%, signal=30%	
ESTABLISHMENT OF ENDOTHELIAL BARRIER%GOBP%GO:0061028	ESTABLISHMENT OF ENDOTHELIAL BARRIER%GOBP%GO:0061028		25	-0.47320306	-1.4348645	0.06959707	0.49575338	1.0	1418	tags=20%, list=6%, signal=21%	
POST-CHAPERONIN TUBULIN FOLDING PATHWAY%REACTOME DATABASE ID RELEASE 95%389977	POST-CHAPERONIN TUBULIN FOLDING PATHWAY%REACTOME DATABASE ID RELEASE 95%389977		23	-0.4612206	-1.4318708	0.050541516	0.5015157	1.0	1937	tags=22%, list=8%, signal=24%	
RETINA LAYER FORMATION%GOBP%GO:0010842	RETINA LAYER FORMATION%GOBP%GO:0010842		15	-0.52240545	-1.4254961	0.06930693	0.51785713	1.0	1294	tags=20%, list=5%, signal=21%	
METABOLISM OF POLYAMINES%REACTOME%R-HSA-351202.7	METABOLISM OF POLYAMINES%REACTOME%R-HSA-351202.7		45	-0.40289786	-1.4221389	0.03508772	0.5254669	1.0	4658	tags=42%, list=19%, signal=52%	
ANTI-INFLAMMATORY RESPONSE FAVOURING LEISHMANIA PARASITE INFECTION%REACTOME%R-HSA-9662851.3	ANTI-INFLAMMATORY RESPONSE FAVOURING LEISHMANIA PARASITE INFECTION%REACTOME%R-HSA-9662851.3		136	-0.3339747	-1.4204723	0.0	0.5275495	1.0	4649	tags=35%, list=19%, signal=43%	
NEGATIVE REGULATION OF STRIATED MUSCLE CELL DIFFERENTIATION%GOBP%GO:0051154	NEGATIVE REGULATION OF STRIATED MUSCLE CELL DIFFERENTIATION%GOBP%GO:0051154		17	-0.49898753	-1.4198457	0.056962024	0.5262528	1.0	3757	tags=41%, list=15%, signal=49%	
LEISHMANIA PARASITE GROWTH AND SURVIVAL%REACTOME DATABASE ID RELEASE 95%9664433	LEISHMANIA PARASITE GROWTH AND SURVIVAL%REACTOME DATABASE ID RELEASE 95%9664433		136	-0.3339747	-1.4181129	0.0	0.5284822	1.0	4649	tags=35%, list=19%, signal=43%	
DEFECTIVE B4GALT7 CAUSES EDS, PROGEROID TYPE%REACTOME DATABASE ID RELEASE 95%3560783	DEFECTIVE B4GALT7 CAUSES EDS, PROGEROID TYPE%REACTOME DATABASE ID RELEASE 95%3560783		20	-0.4789705	-1.4155111	0.06840391	0.5335558	1.0	660	tags=15%, list=3%, signal=15%	
REGULATION OF ACTIVATED PAK-2P34 BY PROTEASOME MEDIATED DEGRADATION%REACTOME DATABASE ID RELEASE 95%211733	REGULATION OF ACTIVATED PAK-2P34 BY PROTEASOME MEDIATED DEGRADATION%REACTOME DATABASE ID RELEASE 95%211733		37	-0.41263247	-1.4150535	0.068	0.5319023	1.0	4658	tags=43%, list=19%, signal=53%	
EPITHELIAL STRUCTURE MAINTENANCE%GOBP%GO:0010669	EPITHELIAL STRUCTURE MAINTENANCE%GOBP%GO:0010669		33	-0.4374128	-1.4143472	0.04819277	0.5311769	1.0	1677	tags=18%, list=7%, signal=19%	
METABOLIC PATHWAYS OF FIBROBLASTS%WIKIPATHWAYS_20260211%WP5312%HOMO SAPIENS	METABOLIC PATHWAYS OF FIBROBLASTS%WIKIPATHWAYS_20260211%WP5312%HOMO SAPIENS		22	-0.46224278	-1.4143287	0.08070175	0.5280515	1.0	2652	tags=23%, list=11%, signal=25%	
OSTEOARTHRITIC CHONDROCYTE HYPERTROPHY%WIKIPATHWAYS_20260211%WP5373%HOMO SAPIENS	OSTEOARTHRITIC CHONDROCYTE HYPERTROPHY%WIKIPATHWAYS_20260211%WP5373%HOMO SAPIENS		42	-0.41228247	-1.4139227	0.041841004	0.5262335	1.0	1334	tags=17%, list=5%, signal=18%	
HINT1 PATHWAY%WIKIPATHWAYS_20260211%WP5523%HOMO SAPIENS	HINT1 PATHWAY%WIKIPATHWAYS_20260211%WP5523%HOMO SAPIENS		20	-0.4848736	-1.412138	0.081911266	0.5292109	1.0	5628	tags=70%, list=23%, signal=91%	
HALLMARK_HYPOXIA%MSIGDBHALLMARK%HALLMARK_HYPOXIA	HALLMARK_HYPOXIA%MSIGDBHALLMARK%HALLMARK_HYPOXIA		141	-0.3272973	-1.4115559	0.0	0.5279083	1.0	2397	tags=19%, list=10%, signal=21%	
ANTERIOR/POSTERIOR PATTERN SPECIFICATION%GOBP%GO:0009952	ANTERIOR/POSTERIOR PATTERN SPECIFICATION%GOBP%GO:0009952		92	-0.3530581	-1.4107363	0.017094018	0.52720284	1.0	3883	tags=29%, list=16%, signal=35%	
REGULATION OF PROTEIN EXPORT FROM NUCLEUS%GOBP%GO:0046825	REGULATION OF PROTEIN EXPORT FROM NUCLEUS%GOBP%GO:0046825		24	-0.46236172	-1.410159	0.05185185	0.52590024	1.0	1885	tags=21%, list=8%, signal=23%	
THE CANONICAL RETINOID CYCLE IN RODS (TWILIGHT VISION)%REACTOME%R-HSA-2453902.7	THE CANONICAL RETINOID CYCLE IN RODS (TWILIGHT VISION)%REACTOME%R-HSA-2453902.7		22	-0.4694025	-1.407949	0.0647482	0.5297297	1.0	1709	tags=18%, list=7%, signal=20%	
AUF1 (HNRNP D0) BINDS AND DESTABILIZES MRNA%REACTOME DATABASE ID RELEASE 95%450408	AUF1 (HNRNP D0) BINDS AND DESTABILIZES MRNA%REACTOME DATABASE ID RELEASE 95%450408		41	-0.4009172	-1.4065799	0.06392694	0.53097403	1.0	4658	tags=41%, list=19%, signal=51%	
ISOPRENOID BIOSYNTHETIC PROCESS%GOBP%GO:0008299	ISOPRENOID BIOSYNTHETIC PROCESS%GOBP%GO:0008299		22	-0.46547154	-1.3988943	0.05952381	0.55315894	1.0	3567	tags=32%, list=15%, signal=37%	
PROTEIN LOCALIZATION TO ENDOPLASMIC RETICULUM%GOBP%GO:0070972	PROTEIN LOCALIZATION TO ENDOPLASMIC RETICULUM%GOBP%GO:0070972		26	-0.44162205	-1.3954643	0.06563707	0.56172574	1.0	2397	tags=23%, list=10%, signal=26%	
VISUAL CYCLE%WIKIPATHWAYS_20260211%WP5534%HOMO SAPIENS	VISUAL CYCLE%WIKIPATHWAYS_20260211%WP5534%HOMO SAPIENS		15	-0.5086266	-1.392504	0.09657321	0.56859344	1.0	1363	tags=13%, list=6%, signal=14%	
REGULATION OF ENDOPLASMIC RETICULUM STRESS-INDUCED INTRINSIC APOPTOTIC SIGNALING PATHWAY%GOBP%GO:1902235	REGULATION OF ENDOPLASMIC RETICULUM STRESS-INDUCED INTRINSIC APOPTOTIC SIGNALING PATHWAY%GOBP%GO:1902235		25	-0.45412806	-1.3910625	0.07984791	0.570469	1.0	3095	tags=28%, list=13%, signal=32%	
TRANSLATIONAL INITIATION%GOBP%GO:0006413	TRANSLATIONAL INITIATION%GOBP%GO:0006413		59	-0.37009543	-1.3897035	0.030303031	0.5718067	1.0	4713	tags=39%, list=19%, signal=48%	
NEGATIVE REGULATION OF FOCAL ADHESION ASSEMBLY%GOBP%GO:0051895	NEGATIVE REGULATION OF FOCAL ADHESION ASSEMBLY%GOBP%GO:0051895		18	-0.48255998	-1.3877709	0.1021021	0.5752666	1.0	2795	tags=28%, list=11%, signal=31%	
PID_ATM_PATHWAY%MSIGDB_C2%PID_ATM_PATHWAY	PID_ATM_PATHWAY%MSIGDB_C2%PID_ATM_PATHWAY		24	-0.46432477	-1.3866911	0.08461539	0.57575566	1.0	357	tags=13%, list=1%, signal=13%	
GSK3B AND BTRC:CUL1-MEDIATED-DEGRADATION OF NFE2L2%REACTOME DATABASE ID RELEASE 95%9762114	GSK3B AND BTRC:CUL1-MEDIATED-DEGRADATION OF NFE2L2%REACTOME DATABASE ID RELEASE 95%9762114		42	-0.396796	-1.3857591	0.045045044	0.57572985	1.0	4658	tags=40%, list=19%, signal=50%	
TRNA WOBBLE URIDINE MODIFICATION%GOBP%GO:0002098	TRNA WOBBLE URIDINE MODIFICATION%GOBP%GO:0002098		19	-0.4670418	-1.3835883	0.07284768	0.5802111	1.0	2634	tags=37%, list=11%, signal=41%	
HALLMARK_MYC_TARGETS_V1%MSIGDBHALLMARK%HALLMARK_MYC_TARGETS_V1	HALLMARK_MYC_TARGETS_V1%MSIGDBHALLMARK%HALLMARK_MYC_TARGETS_V1		150	-0.31287506	-1.3826761	0.0	0.5802241	1.0	4681	tags=37%, list=19%, signal=45%	
TRANSPORT TO THE GOLGI AND SUBSEQUENT MODIFICATION%REACTOME%R-HSA-948021.4	TRANSPORT TO THE GOLGI AND SUBSEQUENT MODIFICATION%REACTOME%R-HSA-948021.4		168	-0.31665435	-1.3820689	0.036585364	0.5792395	1.0	2959	tags=26%, list=12%, signal=30%	
CHONDROCYTE DIFFERENTIATION%GOBP%GO:0002062	CHONDROCYTE DIFFERENTIATION%GOBP%GO:0002062		36	-0.41001737	-1.3701363	0.04	0.6180509	1.0	818	tags=14%, list=3%, signal=14%	
TRANSLESION SYNTHESIS BY POLH%REACTOME DATABASE ID RELEASE 95%110320	TRANSLESION SYNTHESIS BY POLH%REACTOME DATABASE ID RELEASE 95%110320		18	-0.47862726	-1.3687372	0.07540984	0.61955893	1.0	1865	tags=28%, list=8%, signal=30%	
PROTEIN HYDROXYLATION%REACTOME DATABASE ID RELEASE 95%9629569	PROTEIN HYDROXYLATION%REACTOME DATABASE ID RELEASE 95%9629569		20	-0.4749514	-1.3671982	0.09219858	0.6222546	1.0	4651	tags=45%, list=19%, signal=56%	
EMBRYONIC SKELETAL SYSTEM MORPHOGENESIS%GOBP%GO:0048704	EMBRYONIC SKELETAL SYSTEM MORPHOGENESIS%GOBP%GO:0048704		40	-0.39524198	-1.3651954	0.06324111	0.6265185	1.0	4903	tags=35%, list=20%, signal=44%	
FBXL7 DOWN-REGULATES AURKA DURING MITOTIC ENTRY AND IN EARLY MITOSIS%REACTOME DATABASE ID RELEASE 95%8854050	FBXL7 DOWN-REGULATES AURKA DURING MITOTIC ENTRY AND IN EARLY MITOSIS%REACTOME DATABASE ID RELEASE 95%8854050		42	-0.39258948	-1.3645861	0.04405286	0.62553865	1.0	4658	tags=40%, list=19%, signal=50%	
GDNF RET SIGNALING AXIS%WIKIPATHWAYS_20260211%WP4830%HOMO SAPIENS	GDNF RET SIGNALING AXIS%WIKIPATHWAYS_20260211%WP4830%HOMO SAPIENS		29	-0.42581338	-1.3612902	0.08171206	0.6345415	1.0	4718	tags=34%, list=19%, signal=43%	
MYOGENESIS%REACTOME DATABASE ID RELEASE 95%525793	MYOGENESIS%REACTOME DATABASE ID RELEASE 95%525793		27	-0.42768374	-1.3609006	0.06690141	0.6326166	1.0	4693	tags=33%, list=19%, signal=41%	
FORMATION OF A POOL OF FREE 40S SUBUNITS%REACTOME%R-HSA-72689.3	FORMATION OF A POOL OF FREE 40S SUBUNITS%REACTOME%R-HSA-72689.3		101	-0.33482718	-1.358339	0.02255639	0.6389197	1.0	6117	tags=38%, list=25%, signal=50%	
VIF-MEDIATED DEGRADATION OF APOBEC3G%REACTOME DATABASE ID RELEASE 95%180585	VIF-MEDIATED DEGRADATION OF APOBEC3G%REACTOME DATABASE ID RELEASE 95%180585		40	-0.39689088	-1.3581891	0.06097561	0.6361575	1.0	4658	tags=43%, list=19%, signal=52%	
MITOCHONDRIAL UNFOLDED PROTEIN RESPONSE (UPRMT)%REACTOME%R-HSA-9841251.1	MITOCHONDRIAL UNFOLDED PROTEIN RESPONSE (UPRMT)%REACTOME%R-HSA-9841251.1		17	-0.4803682	-1.3577482	0.09803922	0.6344529	1.0	3195	tags=29%, list=13%, signal=34%	
NEGATIVE REGULATION OF STEM CELL POPULATION MAINTENANCE%GOBP%GO:1902455	NEGATIVE REGULATION OF STEM CELL POPULATION MAINTENANCE%GOBP%GO:1902455		21	-0.45581317	-1.3485006	0.0877193	0.66778344	1.0	3725	tags=29%, list=15%, signal=34%	
PROTEIN SYNTHESIS: SERINE%PATHWHIZ%PW120517	PROTEIN SYNTHESIS: SERINE%PATHWHIZ%PW120517		79	-0.34420264	-1.3479897	0.035928145	0.66643	1.0	6023	tags=35%, list=25%, signal=47%	
POSITIVE REGULATION OF DEFENSE RESPONSE TO VIRUS BY HOST%GOBP%GO:0002230	POSITIVE REGULATION OF DEFENSE RESPONSE TO VIRUS BY HOST%GOBP%GO:0002230		27	-0.41303745	-1.3409872	0.07936508	0.69111973	1.0	5036	tags=37%, list=21%, signal=47%	
DORSAL/VENTRAL PATTERN FORMATION%GOBP%GO:0009953	DORSAL/VENTRAL PATTERN FORMATION%GOBP%GO:0009953		37	-0.38544157	-1.3407784	0.044715445	0.688429	1.0	4345	tags=38%, list=18%, signal=46%	
NEGATIVE REGULATION OF CELL-MATRIX ADHESION%GOBP%GO:0001953	NEGATIVE REGULATION OF CELL-MATRIX ADHESION%GOBP%GO:0001953		34	-0.39876434	-1.3403531	0.06870229	0.68673885	1.0	2952	tags=26%, list=12%, signal=30%	
SOMITOGENESIS%REACTOME DATABASE ID RELEASE 95%9824272	SOMITOGENESIS%REACTOME DATABASE ID RELEASE 95%9824272		45	-0.38119814	-1.3394141	0.058558557	0.68705934	1.0	4658	tags=42%, list=19%, signal=52%	
POSITIVE REGULATION OF CYTOPLASMIC TRANSLATION%GOBP%GO:2000767	POSITIVE REGULATION OF CYTOPLASMIC TRANSLATION%GOBP%GO:2000767		17	-0.48385078	-1.3391081	0.110032365	0.68489677	1.0	3853	tags=41%, list=16%, signal=49%	
REGULATION OF IRE1-MEDIATED UNFOLDED PROTEIN RESPONSE%GOBP%GO:1903894	REGULATION OF IRE1-MEDIATED UNFOLDED PROTEIN RESPONSE%GOBP%GO:1903894		15	-0.49283433	-1.3379288	0.116719246	0.6861295	1.0	2121	tags=33%, list=9%, signal=36%	
UCH PROTEINASES%REACTOME DATABASE ID RELEASE 95%5689603	UCH PROTEINASES%REACTOME DATABASE ID RELEASE 95%5689603		81	-0.34014186	-1.3370167	0.06410257	0.6865122	1.0	4898	tags=41%, list=20%, signal=51%	
PROTEASOME ASSEMBLY%REACTOME%R-HSA-9907900.1	PROTEASOME ASSEMBLY%REACTOME%R-HSA-9907900.1		52	-0.36802843	-1.3370013	0.058295965	0.6832251	1.0	4658	tags=37%, list=19%, signal=45%	
NEGATIVE REGULATION OF CELL-SUBSTRATE JUNCTION ORGANIZATION%GOBP%GO:0150118	NEGATIVE REGULATION OF CELL-SUBSTRATE JUNCTION ORGANIZATION%GOBP%GO:0150118		19	-0.46586785	-1.3361907	0.10320285	0.68290055	1.0	2795	tags=26%, list=11%, signal=30%	
FCGAMMA RECEPTOR (FCGR) DEPENDENT PHAGOCYTOSIS%REACTOME DATABASE ID RELEASE 95%2029480	FCGAMMA RECEPTOR (FCGR) DEPENDENT PHAGOCYTOSIS%REACTOME DATABASE ID RELEASE 95%2029480		146	-0.30853146	-1.3361688	0.00990099	0.6796957	1.0	4649	tags=33%, list=19%, signal=40%	
PROTEIN FOLDING%GOBP%GO:0006457	PROTEIN FOLDING%GOBP%GO:0006457		176	-0.30676854	-1.336139	0.032258064	0.67656463	1.0	4052	tags=26%, list=17%, signal=30%	
GLYCOGEN CATABOLIC PROCESS%GOBP%GO:0005980	GLYCOGEN CATABOLIC PROCESS%GOBP%GO:0005980		21	-0.45970765	-1.3355699	0.07166124	0.6756456	1.0	5872	tags=52%, list=24%, signal=69%	
SYNTHESIS, SECRETION, AND DEACYLATION OF GHRELIN%REACTOME%R-HSA-422085.5	SYNTHESIS, SECRETION, AND DEACYLATION OF GHRELIN%REACTOME%R-HSA-422085.5		18	-0.46759537	-1.3321621	0.12662338	0.68519354	1.0	1303	tags=22%, list=5%, signal=23%	
FOXA1 TRANSCRIPTION FACTOR NETWORK%PATHWAY INTERACTION DATABASE NCI-NATURE CURATED DATA%FOXA1 TRANSCRIPTION FACTOR NETWORK	FOXA1 TRANSCRIPTION FACTOR NETWORK%PATHWAY INTERACTION DATABASE NCI-NATURE CURATED DATA%FOXA1 TRANSCRIPTION FACTOR NETWORK		44	-0.37786365	-1.3318764	0.08530806	0.6830496	1.0	3487	tags=30%, list=14%, signal=34%	
KINETOCHORE ORGANIZATION%GOBP%GO:0051383	KINETOCHORE ORGANIZATION%GOBP%GO:0051383		24	-0.4433803	-1.3317233	0.10489511	0.6804042	1.0	1930	tags=25%, list=8%, signal=27%	
NEGATIVE REGULATION OF TRANSCRIPTION ELONGATION BY RNA POLYMERASE II%GOBP%GO:0034244	NEGATIVE REGULATION OF TRANSCRIPTION ELONGATION BY RNA POLYMERASE II%GOBP%GO:0034244		17	-0.46953362	-1.331345	0.1	0.67869675	1.0	3599	tags=41%, list=15%, signal=48%	
CELLULAR RESPONSE TO ESTROGEN STIMULUS%GOBP%GO:0071391	CELLULAR RESPONSE TO ESTROGEN STIMULUS%GOBP%GO:0071391		16	-0.47387707	-1.3276287	0.14238411	0.6900311	1.0	4119	tags=50%, list=17%, signal=60%	
NEGATIVE REGULATION OF ENDOPLASMIC RETICULUM UNFOLDED PROTEIN RESPONSE%GOBP%GO:1900102	NEGATIVE REGULATION OF ENDOPLASMIC RETICULUM UNFOLDED PROTEIN RESPONSE%GOBP%GO:1900102		17	-0.4753584	-1.3257097	0.1329114	0.6940298	1.0	2397	tags=29%, list=10%, signal=33%	
AMPK REGULATION OF MAMMARY MILK PROTEIN SYNTHESIS%WIKIPATHWAYS_20260211%WP5492%HOMO SAPIENS	AMPK REGULATION OF MAMMARY MILK PROTEIN SYNTHESIS%WIKIPATHWAYS_20260211%WP5492%HOMO SAPIENS		20	-0.45821846	-1.323603	0.10763889	0.6994566	1.0	3357	tags=30%, list=14%, signal=35%	
POSITIVE REGULATION OF HIPPO SIGNALING%GOBP%GO:0035332	POSITIVE REGULATION OF HIPPO SIGNALING%GOBP%GO:0035332		16	-0.48935306	-1.3235239	0.13131313	0.6965408	1.0	2751	tags=25%, list=11%, signal=28%	
DECTIN-2 FAMILY%REACTOME DATABASE ID RELEASE 95%5621480	DECTIN-2 FAMILY%REACTOME DATABASE ID RELEASE 95%5621480		28	-0.41435108	-1.3209449	0.10204082	0.70355135	1.0	1060	tags=18%, list=4%, signal=19%	
RIBOSOMAL LARGE SUBUNIT BIOGENESIS%GOBP%GO:0042273	RIBOSOMAL LARGE SUBUNIT BIOGENESIS%GOBP%GO:0042273		77	-0.33654797	-1.3196353	0.037037037	0.70576197	1.0	2972	tags=26%, list=12%, signal=29%	
NEGATIVE REGULATION OF ENDOPLASMIC RETICULUM STRESS-INDUCED INTRINSIC APOPTOTIC SIGNALING PATHWAY%GOBP%GO:1902236	NEGATIVE REGULATION OF ENDOPLASMIC RETICULUM STRESS-INDUCED INTRINSIC APOPTOTIC SIGNALING PATHWAY%GOBP%GO:1902236		16	-0.47997287	-1.3190107	0.10932476	0.70508033	1.0	2353	tags=25%, list=10%, signal=28%	
THE ROLE OF GTSE1 IN G2 M PROGRESSION AFTER G2 CHECKPOINT%REACTOME DATABASE ID RELEASE 95%8852276	THE ROLE OF GTSE1 IN G2 M PROGRESSION AFTER G2 CHECKPOINT%REACTOME DATABASE ID RELEASE 95%8852276		47	-0.36371055	-1.318192	0.0990991	0.7051545	1.0	4658	tags=40%, list=19%, signal=50%	
POLYSACCHARIDE CATABOLIC PROCESS%GOBP%GO:0000272	POLYSACCHARIDE CATABOLIC PROCESS%GOBP%GO:0000272		22	-0.4387342	-1.3170707	0.09157509	0.70645463	1.0	5872	tags=50%, list=24%, signal=66%	
RESPONSE OF EIF2AK4 (GCN2) TO AMINO ACID DEFICIENCY%REACTOME%R-HSA-9633012.4	RESPONSE OF EIF2AK4 (GCN2) TO AMINO ACID DEFICIENCY%REACTOME%R-HSA-9633012.4		101	-0.327218	-1.3151029	0.027777778	0.711242	1.0	6117	tags=37%, list=25%, signal=49%	
PD-L1(CD274) GLYCOSYLATION AND TRANSLOCATION TO PLASMA MEMBRANE%REACTOME DATABASE ID RELEASE 95%9931295	PD-L1(CD274) GLYCOSYLATION AND TRANSLOCATION TO PLASMA MEMBRANE%REACTOME DATABASE ID RELEASE 95%9931295		17	-0.4628088	-1.31396	0.12811388	0.7126051	1.0	4688	tags=47%, list=19%, signal=58%	
PID_SYNDECAN_1_PATHWAY%MSIGDB_C2%PID_SYNDECAN_1_PATHWAY	PID_SYNDECAN_1_PATHWAY%MSIGDB_C2%PID_SYNDECAN_1_PATHWAY		37	-0.39066753	-1.3124526	0.0990991	0.7155839	1.0	1375	tags=19%, list=6%, signal=20%	
PRE-NOTCH PROCESSING IN GOLGI%REACTOME DATABASE ID RELEASE 95%1912420	PRE-NOTCH PROCESSING IN GOLGI%REACTOME DATABASE ID RELEASE 95%1912420		18	-0.4627547	-1.311347	0.13504823	0.7168528	1.0	693	tags=28%, list=3%, signal=29%	
BIOCARTA_IL12_PATHWAY%MSIGDB_C2%BIOCARTA_IL12_PATHWAY	BIOCARTA_IL12_PATHWAY%MSIGDB_C2%BIOCARTA_IL12_PATHWAY		16	-0.48282424	-1.3107795	0.13846155	0.7160019	1.0	1298	tags=19%, list=5%, signal=20%	
REGULATION OF RUNX3 EXPRESSION AND ACTIVITY%REACTOME DATABASE ID RELEASE 95%8941858	REGULATION OF RUNX3 EXPRESSION AND ACTIVITY%REACTOME DATABASE ID RELEASE 95%8941858		45	-0.36653626	-1.3096231	0.072115384	0.71758926	1.0	4658	tags=40%, list=19%, signal=49%	
RESPONSE TO ISCHEMIA%GOBP%GO:0002931	RESPONSE TO ISCHEMIA%GOBP%GO:0002931		26	-0.4186334	-1.3085973	0.12543555	0.71878034	1.0	4965	tags=42%, list=20%, signal=53%	
MORPHINE ACTION PATHWAY%PATHWHIZ%PW000412	MORPHINE ACTION PATHWAY%PATHWHIZ%PW000412		45	-0.37119463	-1.3079848	0.07589286	0.7181429	1.0	2807	tags=27%, list=11%, signal=30%	
EXERCISE INDUCED CIRCADIAN REGULATION%WIKIPATHWAYS_20260211%WP410%HOMO SAPIENS	EXERCISE INDUCED CIRCADIAN REGULATION%WIKIPATHWAYS_20260211%WP410%HOMO SAPIENS		32	-0.4011167	-1.3067327	0.07692308	0.7202677	1.0	3974	tags=31%, list=16%, signal=37%	
VPU MEDIATED DEGRADATION OF CD4%REACTOME DATABASE ID RELEASE 95%180534	VPU MEDIATED DEGRADATION OF CD4%REACTOME DATABASE ID RELEASE 95%180534		39	-0.384438	-1.3037065	0.0875	0.72989637	1.0	4658	tags=41%, list=19%, signal=51%	
SCF-BETA-TRCP MEDIATED DEGRADATION OF EMI1%REACTOME DATABASE ID RELEASE 95%174113	SCF-BETA-TRCP MEDIATED DEGRADATION OF EMI1%REACTOME DATABASE ID RELEASE 95%174113		42	-0.37562707	-1.3035976	0.06787331	0.7272212	1.0	4658	tags=38%, list=19%, signal=47%	
REGULATION OF PROTEIN PROCESSING%GOBP%GO:0070613	REGULATION OF PROTEIN PROCESSING%GOBP%GO:0070613		42	-0.3711961	-1.302271	0.09565217	0.7297147	1.0	1648	tags=17%, list=7%, signal=18%	
REGULATION OF RUNX2 EXPRESSION AND ACTIVITY%REACTOME DATABASE ID RELEASE 95%8939902	REGULATION OF RUNX2 EXPRESSION AND ACTIVITY%REACTOME DATABASE ID RELEASE 95%8939902		58	-0.34859946	-1.3021553	0.045454547	0.7270978	1.0	4658	tags=36%, list=19%, signal=45%	
AUTOPHAGY%WIKIPATHWAYS_20260211%WP4923%HOMO SAPIENS	AUTOPHAGY%WIKIPATHWAYS_20260211%WP4923%HOMO SAPIENS		25	-0.42246598	-1.3018608	0.11023622	0.72529066	1.0	3724	tags=28%, list=15%, signal=33%	
PID_HNF3A_PATHWAY%MSIGDB_C2%PID_HNF3A_PATHWAY	PID_HNF3A_PATHWAY%MSIGDB_C2%PID_HNF3A_PATHWAY		37	-0.3898556	-1.3003234	0.08171206	0.72855055	1.0	1551	tags=22%, list=6%, signal=23%	
NEGATIVE REGULATION OF NOTCH4 SIGNALING%REACTOME DATABASE ID RELEASE 95%9604323	NEGATIVE REGULATION OF NOTCH4 SIGNALING%REACTOME DATABASE ID RELEASE 95%9604323		43	-0.376492	-1.300242	0.09777778	0.72579354	1.0	4658	tags=37%, list=19%, signal=46%	
NEGATIVE REGULATION OF BONE REMODELING%GOBP%GO:0046851	NEGATIVE REGULATION OF BONE REMODELING%GOBP%GO:0046851		15	-0.47654787	-1.2989079	0.11949685	0.7281387	1.0	1692	tags=33%, list=7%, signal=36%	
PERIPHERAL NERVOUS SYSTEM DEVELOPMENT%GOBP%GO:0007422	PERIPHERAL NERVOUS SYSTEM DEVELOPMENT%GOBP%GO:0007422		37	-0.3842619	-1.2988347	0.082706764	0.7254251	1.0	1938	tags=19%, list=8%, signal=21%	
COMPLEMENT CASCADE%REACTOME%R-HSA-166658.6	COMPLEMENT CASCADE%REACTOME%R-HSA-166658.6		117	-0.31113476	-1.2980903	0.040650405	0.72532797	1.0	4649	tags=36%, list=19%, signal=44%	
POSITIVE REGULATION OF PROTEIN PROCESSING%GOBP%GO:0010954	POSITIVE REGULATION OF PROTEIN PROCESSING%GOBP%GO:0010954		21	-0.43687817	-1.2956399	0.13309352	0.7326271	1.0	1648	tags=19%, list=7%, signal=20%	
DEGRADATION OF CYSTEINE AND HOMOCYSTEINE%REACTOME DATABASE ID RELEASE 95%1614558	DEGRADATION OF CYSTEINE AND HOMOCYSTEINE%REACTOME DATABASE ID RELEASE 95%1614558		15	-0.48477504	-1.2927531	0.13636364	0.7415231	1.0	678	tags=13%, list=3%, signal=14%	
UBIQUITIN-DEPENDENT DEGRADATION OF CYCLIN D%REACTOME DATABASE ID RELEASE 95%75815	UBIQUITIN-DEPENDENT DEGRADATION OF CYCLIN D%REACTOME DATABASE ID RELEASE 95%75815		39	-0.38120323	-1.2907102	0.083333336	0.7467172	1.0	4658	tags=41%, list=19%, signal=51%	
REGULATION OF PROTEIN MATURATION%GOBP%GO:1903317	REGULATION OF PROTEIN MATURATION%GOBP%GO:1903317		44	-0.36628586	-1.2879256	0.08294931	0.75530404	1.0	1648	tags=16%, list=7%, signal=17%	
MAINTENANCE OF PROTEIN LOCALIZATION IN ORGANELLE%GOBP%GO:0072595	MAINTENANCE OF PROTEIN LOCALIZATION IN ORGANELLE%GOBP%GO:0072595		35	-0.3776896	-1.2863554	0.12781955	0.7587324	1.0	1999	tags=17%, list=8%, signal=19%	
NEGATIVE REGULATION OF PEPTIDE SECRETION%GOBP%GO:0002792	NEGATIVE REGULATION OF PEPTIDE SECRETION%GOBP%GO:0002792		24	-0.42036143	-1.2859236	0.11481482	0.75747293	1.0	3298	tags=29%, list=13%, signal=34%	
REGULATION OF LONG-TERM SYNAPTIC POTENTIATION%GOBP%GO:1900271	REGULATION OF LONG-TERM SYNAPTIC POTENTIATION%GOBP%GO:1900271		30	-0.39424357	-1.2850114	0.11578947	0.75822824	1.0	879	tags=13%, list=4%, signal=14%	
NEGATIVE REGULATION OF PEPTIDE HORMONE SECRETION%GOBP%GO:0090278	NEGATIVE REGULATION OF PEPTIDE HORMONE SECRETION%GOBP%GO:0090278		23	-0.42249224	-1.2847898	0.14675768	0.7560605	1.0	3298	tags=30%, list=13%, signal=35%	
DEREGULATED CDK5 TRIGGERS MULTIPLE NEURODEGENERATIVE PATHWAYS IN ALZHEIMER'S DISEASE MODELS%REACTOME DATABASE ID RELEASE 95%8862803	DEREGULATED CDK5 TRIGGERS MULTIPLE NEURODEGENERATIVE PATHWAYS IN ALZHEIMER'S DISEASE MODELS%REACTOME DATABASE ID RELEASE 95%8862803		20	-0.4389015	-1.2847545	0.092857145	0.75316936	1.0	1481	tags=25%, list=6%, signal=27%	
GLUCAN CATABOLIC PROCESS%GOBP%GO:0009251	GLUCAN CATABOLIC PROCESS%GOBP%GO:0009251		22	-0.4387342	-1.2843716	0.11913358	0.75180644	1.0	5872	tags=50%, list=24%, signal=66%	
GSK3B-MEDIATED PROTEASOMAL DEGRADATION OF PD-L1(CD274)%REACTOME DATABASE ID RELEASE 95%9929356	GSK3B-MEDIATED PROTEASOMAL DEGRADATION OF PD-L1(CD274)%REACTOME DATABASE ID RELEASE 95%9929356		44	-0.3637816	-1.2842364	0.06779661	0.7493546	1.0	4658	tags=39%, list=19%, signal=48%	
MITOCHONDRION LOCALIZATION%GOBP%GO:0051646	MITOCHONDRION LOCALIZATION%GOBP%GO:0051646		44	-0.3587238	-1.282791	0.09053498	0.75215757	1.0	3402	tags=32%, list=14%, signal=37%	
SYNDECAN-1-MEDIATED SIGNALING EVENTS%PATHWAY INTERACTION DATABASE NCI-NATURE CURATED DATA%SYNDECAN-1-MEDIATED SIGNALING EVENTS	SYNDECAN-1-MEDIATED SIGNALING EVENTS%PATHWAY INTERACTION DATABASE NCI-NATURE CURATED DATA%SYNDECAN-1-MEDIATED SIGNALING EVENTS		38	-0.38322154	-1.2824849	0.06896552	0.750484	1.0	1375	tags=21%, list=6%, signal=22%	
AGE RELATED MACULAR DEGENERATION%WIKIPATHWAYS_20260211%WP5526%HOMO SAPIENS	AGE RELATED MACULAR DEGENERATION%WIKIPATHWAYS_20260211%WP5526%HOMO SAPIENS		16	-0.47203606	-1.2824397	0.16717325	0.7476623	1.0	5240	tags=44%, list=21%, signal=56%	
PROTEIN SYNTHESIS: GLYCINE%PATHWHIZ%PW112928	PROTEIN SYNTHESIS: GLYCINE%PATHWHIZ%PW112928		79	-0.3243875	-1.2823386	0.06711409	0.74517196	1.0	6023	tags=35%, list=25%, signal=47%	
MIR TARGETED GENES IN SQUAMOUS CELL%WIKIPATHWAYS_20260211%WP2006%HOMO SAPIENS	MIR TARGETED GENES IN SQUAMOUS CELL%WIKIPATHWAYS_20260211%WP2006%HOMO SAPIENS		105	-0.31039134	-1.2790494	0.028368793	0.7556408	1.0	3017	tags=22%, list=12%, signal=25%	
22Q11 2 DISTAL CNV%WIKIPATHWAYS_20260211%WP5546%HOMO SAPIENS	22Q11 2 DISTAL CNV%WIKIPATHWAYS_20260211%WP5546%HOMO SAPIENS		115	-0.3040871	-1.2769932	0.042857144	0.76163054	1.0	3043	tags=19%, list=12%, signal=22%	
MYD88 DISTINCT INPUT OUTPUT PATHWAY%WIKIPATHWAYS_20260211%WP3877%HOMO SAPIENS	MYD88 DISTINCT INPUT OUTPUT PATHWAY%WIKIPATHWAYS_20260211%WP3877%HOMO SAPIENS		15	-0.47120053	-1.2766483	0.1486068	0.7602528	1.0	622	tags=20%, list=3%, signal=21%	
ANTIGEN PROCESSING: UB, ATP-INDEPENDENT PROTEASOMAL DEGRADATION%REACTOME DATABASE ID RELEASE 95%9912633	ANTIGEN PROCESSING: UB, ATP-INDEPENDENT PROTEASOMAL DEGRADATION%REACTOME DATABASE ID RELEASE 95%9912633		19	-0.43417433	-1.2761927	0.14642857	0.75926775	1.0	4658	tags=42%, list=19%, signal=52%	
NEURODEGENERATIVE DISEASES%REACTOME DATABASE ID RELEASE 95%8863678	NEURODEGENERATIVE DISEASES%REACTOME DATABASE ID RELEASE 95%8863678		20	-0.4389015	-1.2757577	0.13448276	0.75812745	1.0	1481	tags=25%, list=6%, signal=27%	
SURFACTANT METABOLISM%REACTOME DATABASE ID RELEASE 95%5683826	SURFACTANT METABOLISM%REACTOME DATABASE ID RELEASE 95%5683826		29	-0.3994866	-1.2751361	0.10638298	0.7579614	1.0	4692	tags=34%, list=19%, signal=43%	
NEGATIVE REGULATION OF INTRACELLULAR PROTEIN TRANSPORT%GOBP%GO:0090317	NEGATIVE REGULATION OF INTRACELLULAR PROTEIN TRANSPORT%GOBP%GO:0090317		27	-0.3916619	-1.2740742	0.12099644	0.75939655	1.0	5329	tags=37%, list=22%, signal=47%	
EUKARYOTIC TRANSLATION TERMINATION%REACTOME%R-HSA-72764.6	EUKARYOTIC TRANSLATION TERMINATION%REACTOME%R-HSA-72764.6		92	-0.31701437	-1.2731078	0.0625	0.7606488	1.0	6117	tags=36%, list=25%, signal=48%	
POSITIVE REGULATION OF ERAD PATHWAY%GOBP%GO:1904294	POSITIVE REGULATION OF ERAD PATHWAY%GOBP%GO:1904294		17	-0.4537178	-1.2706543	0.16083916	0.7682384	1.0	4404	tags=35%, list=18%, signal=43%	
CELL SURFACE INTERACTIONS AT THE VASCULAR WALL%REACTOME%R-HSA-202733.7	CELL SURFACE INTERACTIONS AT THE VASCULAR WALL%REACTOME%R-HSA-202733.7		194	-0.28700557	-1.2696186	0.01369863	0.7696202	1.0	2883	tags=20%, list=12%, signal=22%	
NEGATIVE REGULATION OF ENDOTHELIAL CELL PROLIFERATION%GOBP%GO:0001937	NEGATIVE REGULATION OF ENDOTHELIAL CELL PROLIFERATION%GOBP%GO:0001937		37	-0.37332642	-1.2687418	0.12711865	0.7703593	1.0	464	tags=11%, list=2%, signal=11%	
P53 PATHWAY BY GLUCOSE DEPRIVATION%PANTHER PATHWAY%P04397	P53 PATHWAY BY GLUCOSE DEPRIVATION%PANTHER PATHWAY%P04397		20	-0.43526348	-1.2679486	0.15467626	0.7708597	1.0	2839	tags=35%, list=12%, signal=40%	
OXYGEN-DEPENDENT PROLINE HYDROXYLATION OF HYPOXIA-INDUCIBLE FACTOR ALPHA%REACTOME DATABASE ID RELEASE 95%1234176	OXYGEN-DEPENDENT PROLINE HYDROXYLATION OF HYPOXIA-INDUCIBLE FACTOR ALPHA%REACTOME DATABASE ID RELEASE 95%1234176		53	-0.3488236	-1.267553	0.106796116	0.7696116	1.0	4690	tags=36%, list=19%, signal=44%	
CELLULAR RESPONSE TO MISFOLDED PROTEIN%GOBP%GO:0071218	CELLULAR RESPONSE TO MISFOLDED PROTEIN%GOBP%GO:0071218		16	-0.4601977	-1.2673386	0.1613924	0.7676615	1.0	4137	tags=44%, list=17%, signal=53%	
BIOCARTA_NGF_PATHWAY%MSIGDB_C2%BIOCARTA_NGF_PATHWAY	BIOCARTA_NGF_PATHWAY%MSIGDB_C2%BIOCARTA_NGF_PATHWAY		17	-0.43907377	-1.2669992	0.17073171	0.7662336	1.0	1334	tags=18%, list=5%, signal=19%	
NEGATIVE REGULATION OF RESPONSE TO ENDOPLASMIC RETICULUM STRESS%GOBP%GO:1903573	NEGATIVE REGULATION OF RESPONSE TO ENDOPLASMIC RETICULUM STRESS%GOBP%GO:1903573		43	-0.36473754	-1.2656007	0.13580246	0.76943386	1.0	2397	tags=21%, list=10%, signal=23%	
SIGNALING BY CTNNB1 PHOSPHO-SITE MUTANTS%REACTOME%R-HSA-4839743.5	SIGNALING BY CTNNB1 PHOSPHO-SITE MUTANTS%REACTOME%R-HSA-4839743.5		15	-0.45840812	-1.2651418	0.15384616	0.7686532	1.0	3454	tags=40%, list=14%, signal=47%	
MATURATION OF LSU-RRNA%GOBP%GO:0000470	MATURATION OF LSU-RRNA%GOBP%GO:0000470		31	-0.38691068	-1.2646714	0.105058365	0.7678944	1.0	2700	tags=26%, list=11%, signal=29%	
NUCLEOPHAGY%GOBP%GO:0044804	NUCLEOPHAGY%GOBP%GO:0044804		23	-0.4213915	-1.2645619	0.15384616	0.7655463	1.0	5929	tags=48%, list=24%, signal=63%	
RESPONSE TO HEAT%GOBP%GO:0009408	RESPONSE TO HEAT%GOBP%GO:0009408		61	-0.33305553	-1.2633889	0.085427135	0.76774853	1.0	3441	tags=25%, list=14%, signal=29%	
POSITIVE REGULATION OF PURINE NUCLEOTIDE CATABOLIC PROCESS%GOBP%GO:0033123	POSITIVE REGULATION OF PURINE NUCLEOTIDE CATABOLIC PROCESS%GOBP%GO:0033123		20	-0.4293831	-1.2616857	0.15789473	0.77223283	1.0	3357	tags=35%, list=14%, signal=41%	
CELL DIFFERENTIATION EXPANDED INDEX%WIKIPATHWAYS_20260211%WP2023%HOMO SAPIENS	CELL DIFFERENTIATION EXPANDED INDEX%WIKIPATHWAYS_20260211%WP2023%HOMO SAPIENS		16	-0.45807472	-1.2616818	0.14838709	0.7694756	1.0	3618	tags=31%, list=15%, signal=37%	
REGULATION OF UBIQUITIN-PROTEIN TRANSFERASE ACTIVITY%GOBP%GO:0051438	REGULATION OF UBIQUITIN-PROTEIN TRANSFERASE ACTIVITY%GOBP%GO:0051438		16	-0.4515803	-1.2606485	0.13836478	0.7713241	1.0	3772	tags=25%, list=15%, signal=30%	
15Q25 COPY NUMBER VARIATION%WIKIPATHWAYS_20260211%WP5408%HOMO SAPIENS	15Q25 COPY NUMBER VARIATION%WIKIPATHWAYS_20260211%WP5408%HOMO SAPIENS		36	-0.37533823	-1.2604555	0.09589041	0.76931506	1.0	1333	tags=17%, list=5%, signal=18%	
ENDOTHELIAL CELL DEVELOPMENT%GOBP%GO:0001885	ENDOTHELIAL CELL DEVELOPMENT%GOBP%GO:0001885		32	-0.3874922	-1.2603885	0.13651878	0.76684225	1.0	1418	tags=16%, list=6%, signal=17%	
ACTIVATION OF IRF3, IRF7 MEDIATED BY TBK1, IKKΕ (IKBKE)%REACTOME%R-HSA-936964.6	ACTIVATION OF IRF3, IRF7 MEDIATED BY TBK1, IKKΕ (IKBKE)%REACTOME%R-HSA-936964.6		17	-0.45365682	-1.2578237	0.15824915	0.77504176	1.0	2246	tags=29%, list=9%, signal=32%	
NEGATIVE REGULATION OF SIGNAL TRANSDUCTION BY P53 CLASS MEDIATOR%GOBP%GO:1901797	NEGATIVE REGULATION OF SIGNAL TRANSDUCTION BY P53 CLASS MEDIATOR%GOBP%GO:1901797		34	-0.3783478	-1.2569517	0.124497995	0.77596045	1.0	6114	tags=53%, list=25%, signal=70%	
CDK-MEDIATED PHOSPHORYLATION AND REMOVAL OF CDC6%REACTOME%R-HSA-69017.4	CDK-MEDIATED PHOSPHORYLATION AND REMOVAL OF CDC6%REACTOME%R-HSA-69017.4		60	-0.3311619	-1.2561646	0.06603774	0.7764543	1.0	4690	tags=42%, list=19%, signal=51%	
POSITIVE REGULATION OF PROTEIN MATURATION%GOBP%GO:1903319	POSITIVE REGULATION OF PROTEIN MATURATION%GOBP%GO:1903319		22	-0.4271055	-1.2558118	0.17708333	0.7750512	1.0	1648	tags=18%, list=7%, signal=19%	
CTNNB1 S45 MUTANTS AREN'T PHOSPHORYLATED%REACTOME%R-HSA-5358751.4	CTNNB1 S45 MUTANTS AREN'T PHOSPHORYLATED%REACTOME%R-HSA-5358751.4		15	-0.45840812	-1.2547854	0.15047021	0.77682054	1.0	3454	tags=40%, list=14%, signal=47%	
SCF(SKP2)-MEDIATED DEGRADATION OF P27 P21%REACTOME%R-HSA-187577.5	SCF(SKP2)-MEDIATED DEGRADATION OF P27 P21%REACTOME%R-HSA-187577.5		50	-0.34442723	-1.254685	0.10550459	0.77455115	1.0	4658	tags=38%, list=19%, signal=47%	
REGULATION OF EXPRESSION OF SLITS AND ROBOS%REACTOME%R-HSA-9010553.2	REGULATION OF EXPRESSION OF SLITS AND ROBOS%REACTOME%R-HSA-9010553.2		157	-0.28591433	-1.2540339	0.052083332	0.77472717	1.0	5877	tags=35%, list=24%, signal=46%	
REGULATION OF NEURON APOPTOTIC PROCESS%GOBP%GO:0043523	REGULATION OF NEURON APOPTOTIC PROCESS%GOBP%GO:0043523		135	-0.2962296	-1.2535902	0.057692308	0.7738885	1.0	3510	tags=23%, list=14%, signal=27%	
RIBOSOME ASSEMBLY%GOBP%GO:0042255	RIBOSOME ASSEMBLY%GOBP%GO:0042255		60	-0.32886022	-1.2533139	0.07	0.77239645	1.0	2752	tags=22%, list=11%, signal=24%	
GLI3 IS PROCESSED TO GLI3R BY THE PROTEASOME%REACTOME%R-HSA-5610785.2	GLI3 IS PROCESSED TO GLI3R BY THE PROTEASOME%REACTOME%R-HSA-5610785.2		47	-0.34005594	-1.2527434	0.08290155	0.7721379	1.0	4658	tags=36%, list=19%, signal=45%	
ASYMMETRIC LOCALIZATION OF PCP PROTEINS%REACTOME%R-HSA-4608870.3	ASYMMETRIC LOCALIZATION OF PCP PROTEINS%REACTOME%R-HSA-4608870.3		51	-0.3466921	-1.2516663	0.12206573	0.77407134	1.0	4409	tags=45%, list=18%, signal=55%	
POSITIVE REGULATION OF GLYCOLYTIC PROCESS%GOBP%GO:0045821	POSITIVE REGULATION OF GLYCOLYTIC PROCESS%GOBP%GO:0045821		20	-0.4293831	-1.2512982	0.15202703	0.77288365	1.0	3357	tags=35%, list=14%, signal=41%	
PROTEIN TARGETING%GOBP%GO:0006605	PROTEIN TARGETING%GOBP%GO:0006605		152	-0.28926876	-1.249177	0.028571429	0.7790753	1.0	2888	tags=20%, list=12%, signal=23%	
PROPANOATE METABOLISM%SMPDB%SMP0000016	PROPANOATE METABOLISM%SMPDB%SMP0000016		18	-0.43580568	-1.2484661	0.18707483	0.7795233	1.0	840	tags=17%, list=3%, signal=17%	
ATM PATHWAY%PATHWAY INTERACTION DATABASE NCI-NATURE CURATED DATA%ATM PATHWAY	ATM PATHWAY%PATHWAY INTERACTION DATABASE NCI-NATURE CURATED DATA%ATM PATHWAY		34	-0.36029738	-1.24789	0.1097561	0.7793265	1.0	357	tags=9%, list=1%, signal=9%	
SPOP-MEDIATED PROTEASOMAL DEGRADATION OF PD-L1(CD274)%REACTOME%R-HSA-9929491.1	SPOP-MEDIATED PROTEASOMAL DEGRADATION OF PD-L1(CD274)%REACTOME%R-HSA-9929491.1		46	-0.35519832	-1.2473172	0.10550459	0.7790628	1.0	4658	tags=39%, list=19%, signal=48%	
CTNNB1 T41 MUTANTS AREN'T PHOSPHORYLATED%REACTOME DATABASE ID RELEASE 95%5358752	CTNNB1 T41 MUTANTS AREN'T PHOSPHORYLATED%REACTOME DATABASE ID RELEASE 95%5358752		15	-0.45840812	-1.2469219	0.16216215	0.77811486	1.0	3454	tags=40%, list=14%, signal=47%	
FOXO-MEDIATED TRANSCRIPTION OF CELL DEATH GENES%REACTOME%R-HSA-9614657.2	FOXO-MEDIATED TRANSCRIPTION OF CELL DEATH GENES%REACTOME%R-HSA-9614657.2		16	-0.45267898	-1.2452236	0.19269103	0.78297746	1.0	1481	tags=25%, list=6%, signal=27%	
TYPE I COLLAGEN SYNTHESIS IN THE CONTEXT OF OSTEOGENESIS IMPERFECTA%WIKIPATHWAYS_20260211%WP4786%HOMO SAPIENS	TYPE I COLLAGEN SYNTHESIS IN THE CONTEXT OF OSTEOGENESIS IMPERFECTA%WIKIPATHWAYS_20260211%WP4786%HOMO SAPIENS		27	-0.40652224	-1.2431971	0.14642857	0.78928936	1.0	2093	tags=19%, list=9%, signal=20%	
HALLMARK_ESTROGEN_RESPONSE_LATE%MSIGDBHALLMARK%HALLMARK_ESTROGEN_RESPONSE_LATE	HALLMARK_ESTROGEN_RESPONSE_LATE%MSIGDBHALLMARK%HALLMARK_ESTROGEN_RESPONSE_LATE		168	-0.28699824	-1.2421194	0.033707865	0.7912665	1.0	2648	tags=19%, list=11%, signal=21%	
AUTODEGRADATION OF CDH1 BY CDH1:APC C%REACTOME DATABASE ID RELEASE 95%174084	AUTODEGRADATION OF CDH1 BY CDH1:APC C%REACTOME DATABASE ID RELEASE 95%174084		54	-0.33166564	-1.24201	0.10243902	0.78908056	1.0	4690	tags=41%, list=19%, signal=50%	
REGULATION OF BONE REMODELING%GOBP%GO:0046850	REGULATION OF BONE REMODELING%GOBP%GO:0046850		42	-0.34739405	-1.2411381	0.13392857	0.7902441	1.0	1692	tags=17%, list=7%, signal=18%	
RIBOSOME-ASSOCIATED QUALITY CONTROL%REACTOME%R-HSA-9948299.2	RIBOSOME-ASSOCIATED QUALITY CONTROL%REACTOME%R-HSA-9948299.2		141	-0.29030666	-1.240597	0.048	0.78992987	1.0	5877	tags=36%, list=24%, signal=47%	
CTNNB1 S33 MUTANTS AREN'T PHOSPHORYLATED%REACTOME DATABASE ID RELEASE 95%5358747	CTNNB1 S33 MUTANTS AREN'T PHOSPHORYLATED%REACTOME DATABASE ID RELEASE 95%5358747		15	-0.45840812	-1.239701	0.2	0.7910846	1.0	3454	tags=40%, list=14%, signal=47%	
PROTEIN IMPORT INTO MITOCHONDRIAL MATRIX%GOBP%GO:0030150	PROTEIN IMPORT INTO MITOCHONDRIAL MATRIX%GOBP%GO:0030150		24	-0.40824938	-1.2378193	0.1724138	0.7965069	1.0	4585	tags=54%, list=19%, signal=67%	
PHENYTOIN (ANTIARRHYTHMIC) ACTION PATHWAY%PATHWHIZ%PW000380	PHENYTOIN (ANTIARRHYTHMIC) ACTION PATHWAY%PATHWHIZ%PW000380		69	-0.3222861	-1.2375706	0.08522727	0.7949662	1.0	2807	tags=20%, list=11%, signal=23%	
PCNA-DEPENDENT LONG PATCH BASE EXCISION REPAIR%REACTOME DATABASE ID RELEASE 95%5651801	PCNA-DEPENDENT LONG PATCH BASE EXCISION REPAIR%REACTOME DATABASE ID RELEASE 95%5651801		21	-0.4110089	-1.2368921	0.17716536	0.79543036	1.0	6550	tags=52%, list=27%, signal=71%	
UBIQUITIN-MEDIATED DEGRADATION OF PHOSPHORYLATED CDC25A%REACTOME%R-HSA-69601.6	UBIQUITIN-MEDIATED DEGRADATION OF PHOSPHORYLATED CDC25A%REACTOME%R-HSA-69601.6		51	-0.3396095	-1.2368658	0.13004485	0.79293394	1.0	5378	tags=39%, list=22%, signal=50%	
AUTODEGRADATION OF THE E3 UBIQUITIN LIGASE COP1%REACTOME%R-HSA-349425.4	AUTODEGRADATION OF THE E3 UBIQUITIN LIGASE COP1%REACTOME%R-HSA-349425.4		39	-0.35765186	-1.2361883	0.1438849	0.7933226	1.0	4658	tags=41%, list=19%, signal=51%	
REGULATION OF ENDOPLASMIC RETICULUM UNFOLDED PROTEIN RESPONSE%GOBP%GO:1900101	REGULATION OF ENDOPLASMIC RETICULUM UNFOLDED PROTEIN RESPONSE%GOBP%GO:1900101		31	-0.38574392	-1.2357376	0.15686275	0.79269403	1.0	2397	tags=23%, list=10%, signal=25%	
BIOCARTA_CARDIACEGF_PATHWAY%MSIGDB_C2%BIOCARTA_CARDIACEGF_PATHWAY	BIOCARTA_CARDIACEGF_PATHWAY%MSIGDB_C2%BIOCARTA_CARDIACEGF_PATHWAY		16	-0.45866117	-1.2355701	0.17770036	0.79087865	1.0	1334	tags=13%, list=5%, signal=13%	
MALONYL-COA DECARBOXYLASE DEFICIENCY%PATHWHIZ%PW000478	MALONYL-COA DECARBOXYLASE DEFICIENCY%PATHWHIZ%PW000478		18	-0.43580568	-1.2350051	0.17857143	0.7908511	1.0	840	tags=17%, list=3%, signal=17%	
CELLULAR RESPONSE TO HYPOXIA%GOBP%GO:0071456	CELLULAR RESPONSE TO HYPOXIA%GOBP%GO:0071456		77	-0.31039947	-1.2333076	0.09756097	0.7955155	1.0	5051	tags=38%, list=21%, signal=47%	
EXERCISE AND HYPERTROPHY IN SKELETAL MUSCLE%WIKIPATHWAYS_20260211%WP516%HOMO SAPIENS	EXERCISE AND HYPERTROPHY IN SKELETAL MUSCLE%WIKIPATHWAYS_20260211%WP516%HOMO SAPIENS		16	-0.44890058	-1.2331173	0.17571884	0.7937481	1.0	3796	tags=25%, list=15%, signal=30%	
POSITIVE REGULATION OF NUCLEOTIDE CATABOLIC PROCESS%GOBP%GO:0030813	POSITIVE REGULATION OF NUCLEOTIDE CATABOLIC PROCESS%GOBP%GO:0030813		20	-0.4293831	-1.2319508	0.17785235	0.796005	1.0	3357	tags=35%, list=14%, signal=41%	
NOTCH2 ACTIVATION AND TRANSMISSION OF SIGNAL TO THE NUCLEUS%REACTOME%R-HSA-2979096.6	NOTCH2 ACTIVATION AND TRANSMISSION OF SIGNAL TO THE NUCLEUS%REACTOME%R-HSA-2979096.6		25	-0.39633065	-1.2318634	0.14173229	0.7938591	1.0	4743	tags=40%, list=19%, signal=50%	
P53-INDEPENDENT G1 S DNA DAMAGE CHECKPOINT%REACTOME%R-HSA-69613.5	P53-INDEPENDENT G1 S DNA DAMAGE CHECKPOINT%REACTOME%R-HSA-69613.5		51	-0.3396095	-1.231572	0.10747664	0.79260707	1.0	5378	tags=39%, list=22%, signal=50%	
DISEASES ASSOCIATED WITH GLYCOSAMINOGLYCAN METABOLISM%REACTOME%R-HSA-3560782.5	DISEASES ASSOCIATED WITH GLYCOSAMINOGLYCAN METABOLISM%REACTOME%R-HSA-3560782.5		40	-0.3564344	-1.2309983	0.11983471	0.79241574	1.0	1629	tags=18%, list=7%, signal=19%	
HALLMARK OF CANCER METASTASIS AND EPITHELIAL TO MESENCHYMAL TRANSITION%WIKIPATHWAYS_20260211%WP5469%HOMO SAPIENS	HALLMARK OF CANCER METASTASIS AND EPITHELIAL TO MESENCHYMAL TRANSITION%WIKIPATHWAYS_20260211%WP5469%HOMO SAPIENS		20	-0.4211	-1.2303597	0.18305084	0.7924956	1.0	4825	tags=50%, list=20%, signal=62%	
DEFECTIVE B3GALT6 CAUSES EDSP2 AND SEMDJL1%REACTOME DATABASE ID RELEASE 95%4420332	DEFECTIVE B3GALT6 CAUSES EDSP2 AND SEMDJL1%REACTOME DATABASE ID RELEASE 95%4420332		20	-0.41032434	-1.2303023	0.19093852	0.7902553	1.0	647	tags=10%, list=3%, signal=10%	
PROTEIN ALPHA-1,2-DEMANNOSYLATION%GOBP%GO:0036508	PROTEIN ALPHA-1,2-DEMANNOSYLATION%GOBP%GO:0036508		15	-0.4588092	-1.2302957	0.19760479	0.7878335	1.0	4762	tags=47%, list=19%, signal=58%	
NEGATIVE REGULATION OF NEURON APOPTOTIC PROCESS%GOBP%GO:0043524	NEGATIVE REGULATION OF NEURON APOPTOTIC PROCESS%GOBP%GO:0043524		81	-0.31598216	-1.229374	0.10465116	0.7892862	1.0	3510	tags=23%, list=14%, signal=27%	
DEGRADATION OF GLI2 BY THE PROTEASOME%REACTOME DATABASE ID RELEASE 95%5610783	DEGRADATION OF GLI2 BY THE PROTEASOME%REACTOME DATABASE ID RELEASE 95%5610783		47	-0.35130423	-1.2287849	0.12857144	0.7895031	1.0	4658	tags=38%, list=19%, signal=47%	
MALONIC ACIDURIA%SMPDB%SMP0000198	MALONIC ACIDURIA%SMPDB%SMP0000198		18	-0.43580568	-1.2287788	0.17708333	0.7871055	1.0	840	tags=17%, list=3%, signal=17%	
SKELETAL SYSTEM MORPHOGENESIS%GOBP%GO:0048705	SKELETAL SYSTEM MORPHOGENESIS%GOBP%GO:0048705		96	-0.3019615	-1.228778	0.06428572	0.7847054	1.0	3883	tags=21%, list=16%, signal=25%	
DEGRADATION OF AXIN%REACTOME%R-HSA-4641257.3	DEGRADATION OF AXIN%REACTOME%R-HSA-4641257.3		42	-0.34866187	-1.227895	0.13492064	0.78603697	1.0	4658	tags=38%, list=19%, signal=47%	
CTNNB1 S37 MUTANTS AREN'T PHOSPHORYLATED%REACTOME%R-HSA-5358749.4	CTNNB1 S37 MUTANTS AREN'T PHOSPHORYLATED%REACTOME%R-HSA-5358749.4		15	-0.45840812	-1.2271056	0.20189275	0.7869168	1.0	3454	tags=40%, list=14%, signal=47%	
PEPTIDE HORMONE SECRETION%GOBP%GO:0030072	PEPTIDE HORMONE SECRETION%GOBP%GO:0030072		31	-0.37577248	-1.225505	0.15062761	0.7915354	1.0	3654	tags=29%, list=15%, signal=34%	
P75(NTR)-MEDIATED SIGNALING%PATHWAY INTERACTION DATABASE NCI-NATURE CURATED DATA%P75(NTR)-MEDIATED SIGNALING	P75(NTR)-MEDIATED SIGNALING%PATHWAY INTERACTION DATABASE NCI-NATURE CURATED DATA%P75(NTR)-MEDIATED SIGNALING		68	-0.3183284	-1.2245907	0.093023255	0.79310524	1.0	1481	tags=15%, list=6%, signal=16%	
PROTEIN DEMANNOSYLATION%GOBP%GO:0036507	PROTEIN DEMANNOSYLATION%GOBP%GO:0036507		15	-0.4588092	-1.2241921	0.18987341	0.7923623	1.0	4762	tags=47%, list=19%, signal=58%	
SIGNALING BY GSK3BETA MUTANTS%REACTOME DATABASE ID RELEASE 95%5339716	SIGNALING BY GSK3BETA MUTANTS%REACTOME DATABASE ID RELEASE 95%5339716		15	-0.45840812	-1.2240489	0.20860927	0.79058105	1.0	3454	tags=40%, list=14%, signal=47%	
PLATELET CALCIUM HOMEOSTASIS%REACTOME DATABASE ID RELEASE 95%418360	PLATELET CALCIUM HOMEOSTASIS%REACTOME DATABASE ID RELEASE 95%418360		28	-0.38320005	-1.2207215	0.17142858	0.8025775	1.0	2792	tags=25%, list=11%, signal=28%	
REGULATION OF CARDIAC CONDUCTION%GOBP%GO:1903779	REGULATION OF CARDIAC CONDUCTION%GOBP%GO:1903779		23	-0.40408185	-1.2207166	0.13402061	0.80019534	1.0	598	tags=9%, list=2%, signal=9%	
SYNTHESIS OF ACTIVE UBIQUITIN: ROLES OF E1 AND E2 ENZYMES%REACTOME DATABASE ID RELEASE 95%8866652	SYNTHESIS OF ACTIVE UBIQUITIN: ROLES OF E1 AND E2 ENZYMES%REACTOME DATABASE ID RELEASE 95%8866652		30	-0.37613714	-1.2205578	0.1835206	0.7984902	1.0	4816	tags=40%, list=20%, signal=50%	
NEGATIVE REGULATION OF TISSUE REMODELING%GOBP%GO:0034104	NEGATIVE REGULATION OF TISSUE REMODELING%GOBP%GO:0034104		17	-0.43822986	-1.2193003	0.19850187	0.8011084	1.0	1692	tags=29%, list=7%, signal=32%	
REGULATION OF CELL-CELL ADHESION MEDIATED BY CADHERIN%GOBP%GO:2000047	REGULATION OF CELL-CELL ADHESION MEDIATED BY CADHERIN%GOBP%GO:2000047		20	-0.4250291	-1.2180126	0.21785714	0.8041736	1.0	4002	tags=35%, list=16%, signal=42%	
METHYLMALONIC ACIDURIA DUE TO COBALAMIN-RELATED DISORDERS%PATHWHIZ%PW000208	METHYLMALONIC ACIDURIA DUE TO COBALAMIN-RELATED DISORDERS%PATHWHIZ%PW000208		18	-0.43580568	-1.2176552	0.19935691	0.8032712	1.0	840	tags=17%, list=3%, signal=17%	
REGULATION OF INTRINSIC APOPTOTIC SIGNALING PATHWAY IN RESPONSE TO DNA DAMAGE BY P53 CLASS MEDIATOR%GOBP%GO:1902165	REGULATION OF INTRINSIC APOPTOTIC SIGNALING PATHWAY IN RESPONSE TO DNA DAMAGE BY P53 CLASS MEDIATOR%GOBP%GO:1902165		15	-0.44909263	-1.2173686	0.20068027	0.8019648	1.0	4825	tags=40%, list=20%, signal=50%	
SCHWANN CELL DIFFERENTIATION%GOBP%GO:0014037	SCHWANN CELL DIFFERENTIATION%GOBP%GO:0014037		16	-0.43776736	-1.2157373	0.19543974	0.8066077	1.0	1938	tags=31%, list=8%, signal=34%	
REGULATION OF NUCLEAR-TRANSCRIBED MRNA CATABOLIC PROCESS, DEADENYLATION-DEPENDENT DECAY%GOBP%GO:1900151	REGULATION OF NUCLEAR-TRANSCRIBED MRNA CATABOLIC PROCESS, DEADENYLATION-DEPENDENT DECAY%GOBP%GO:1900151		24	-0.3907414	-1.2152687	0.18996416	0.80633813	1.0	3853	tags=33%, list=16%, signal=40%	
POSITIVE REGULATION OF TRANSLATIONAL INITIATION%GOBP%GO:0045948	POSITIVE REGULATION OF TRANSLATIONAL INITIATION%GOBP%GO:0045948		32	-0.370404	-1.2141567	0.17624521	0.80842257	1.0	3400	tags=34%, list=14%, signal=40%	
RESPONSE TO STARVATION%GOBP%GO:0042594	RESPONSE TO STARVATION%GOBP%GO:0042594		170	-0.274666	-1.213352	0.03883495	0.80938643	1.0	3724	tags=21%, list=15%, signal=24%	
INTRA-GOLGI AND RETROGRADE GOLGI-TO-ER TRAFFIC%REACTOME DATABASE ID RELEASE 95%6811442	INTRA-GOLGI AND RETROGRADE GOLGI-TO-ER TRAFFIC%REACTOME DATABASE ID RELEASE 95%6811442		185	-0.27367932	-1.2131253	0.05882353	0.8079718	1.0	3014	tags=23%, list=12%, signal=26%	
GAP JUNCTION ASSEMBLY%REACTOME DATABASE ID RELEASE 95%190861	GAP JUNCTION ASSEMBLY%REACTOME DATABASE ID RELEASE 95%190861		19	-0.42176646	-1.2124537	0.18394649	0.80847716	1.0	4776	tags=21%, list=20%, signal=26%	
NOTCH3 ACTIVATION AND TRANSMISSION OF SIGNAL TO THE NUCLEUS%REACTOME DATABASE ID RELEASE 95%9013507	NOTCH3 ACTIVATION AND TRANSMISSION OF SIGNAL TO THE NUCLEUS%REACTOME DATABASE ID RELEASE 95%9013507		25	-0.3923268	-1.2092316	0.15946844	0.81973827	1.0	4743	tags=40%, list=19%, signal=50%	
PROTEIN SYNTHESIS: GLUTAMIC ACID%PATHWHIZ%PW112922	PROTEIN SYNTHESIS: GLUTAMIC ACID%PATHWHIZ%PW112922		79	-0.3040437	-1.2084793	0.088757396	0.82060766	1.0	6023	tags=35%, list=25%, signal=47%	
CELLULAR RESPONSE TO DECREASED OXYGEN LEVELS%GOBP%GO:0036294	CELLULAR RESPONSE TO DECREASED OXYGEN LEVELS%GOBP%GO:0036294		80	-0.29922733	-1.2084217	0.09090909	0.81847066	1.0	5051	tags=36%, list=21%, signal=46%	
REGULATION OF INTRINSIC APOPTOTIC SIGNALING PATHWAY BY P53 CLASS MEDIATOR%GOBP%GO:1902253	REGULATION OF INTRINSIC APOPTOTIC SIGNALING PATHWAY BY P53 CLASS MEDIATOR%GOBP%GO:1902253		24	-0.3889572	-1.2077342	0.18149467	0.81902504	1.0	6114	tags=46%, list=25%, signal=61%	
PROTEIN SYNTHESIS: PHENYLALANINE%PATHWHIZ%PW112934	PROTEIN SYNTHESIS: PHENYLALANINE%PATHWHIZ%PW112934		80	-0.30347407	-1.2074747	0.13475177	0.8178338	1.0	6023	tags=35%, list=25%, signal=46%	
INTRINSIC APOPTOTIC SIGNALING PATHWAY IN RESPONSE TO ENDOPLASMIC RETICULUM STRESS%GOBP%GO:0070059	INTRINSIC APOPTOTIC SIGNALING PATHWAY IN RESPONSE TO ENDOPLASMIC RETICULUM STRESS%GOBP%GO:0070059		31	-0.3721436	-1.2070935	0.17391305	0.8172	1.0	2429	tags=19%, list=10%, signal=21%	
POSITIVE REGULATION OF INTRACELLULAR PROTEIN TRANSPORT%GOBP%GO:0090316	POSITIVE REGULATION OF INTRACELLULAR PROTEIN TRANSPORT%GOBP%GO:0090316		79	-0.3042016	-1.2064131	0.12025317	0.81782585	1.0	2857	tags=19%, list=12%, signal=21%	
HALLMARK_ANDROGEN_RESPONSE%MSIGDBHALLMARK%HALLMARK_ANDROGEN_RESPONSE	HALLMARK_ANDROGEN_RESPONSE%MSIGDBHALLMARK%HALLMARK_ANDROGEN_RESPONSE		70	-0.31434873	-1.2055492	0.11377245	0.8193414	1.0	2301	tags=21%, list=9%, signal=24%	
PEPTIDE SECRETION%GOBP%GO:0002790	PEPTIDE SECRETION%GOBP%GO:0002790		31	-0.37577248	-1.20534	0.17391305	0.8179565	1.0	3654	tags=29%, list=15%, signal=34%	
REGULATION OF RESPONSE TO ENDOPLASMIC RETICULUM STRESS%GOBP%GO:1905897	REGULATION OF RESPONSE TO ENDOPLASMIC RETICULUM STRESS%GOBP%GO:1905897		81	-0.30867344	-1.205169	0.080213904	0.8163682	1.0	2397	tags=17%, list=10%, signal=19%	
NEUTRAL AMINO ACID TRANSPORT%GOBP%GO:0015804	NEUTRAL AMINO ACID TRANSPORT%GOBP%GO:0015804		43	-0.3347484	-1.2039671	0.13839285	0.81927866	1.0	1702	tags=21%, list=7%, signal=22%	
BIOCARTA_INSULIN_PATHWAY%MSIGDB_C2%BIOCARTA_INSULIN_PATHWAY	BIOCARTA_INSULIN_PATHWAY%MSIGDB_C2%BIOCARTA_INSULIN_PATHWAY		17	-0.4270836	-1.2023916	0.18654434	0.8238476	1.0	1717	tags=24%, list=7%, signal=25%	
GLYCOSAMINOGLYCAN-PROTEIN LINKAGE REGION BIOSYNTHESIS%REACTOME%R-HSA-1971475.6	GLYCOSAMINOGLYCAN-PROTEIN LINKAGE REGION BIOSYNTHESIS%REACTOME%R-HSA-1971475.6		29	-0.3789861	-1.2018524	0.18039216	0.82393825	1.0	660	tags=10%, list=3%, signal=11%	
RRNA MODIFICATION IN THE NUCLEUS AND CYTOSOL%REACTOME%R-HSA-6790901.6	RRNA MODIFICATION IN THE NUCLEUS AND CYTOSOL%REACTOME%R-HSA-6790901.6		60	-0.32062525	-1.2015414	0.11640212	0.8230249	1.0	4662	tags=42%, list=19%, signal=51%	
DEFECTIVE B3GAT3 CAUSES JDSSDHD%REACTOME DATABASE ID RELEASE 95%3560801	DEFECTIVE B3GAT3 CAUSES JDSSDHD%REACTOME DATABASE ID RELEASE 95%3560801		20	-0.41060793	-1.1989701	0.20727272	0.8318502	1.0	647	tags=10%, list=3%, signal=10%	
NEGATIVE REGULATION OF INTRINSIC APOPTOTIC SIGNALING PATHWAY BY P53 CLASS MEDIATOR%GOBP%GO:1902254	NEGATIVE REGULATION OF INTRINSIC APOPTOTIC SIGNALING PATHWAY BY P53 CLASS MEDIATOR%GOBP%GO:1902254		17	-0.43133557	-1.1984656	0.2056962	0.8318337	1.0	6114	tags=53%, list=25%, signal=71%	
SIGNALING BY NTRKS%REACTOME DATABASE ID RELEASE 95%166520	SIGNALING BY NTRKS%REACTOME DATABASE ID RELEASE 95%166520		130	-0.27697286	-1.1978588	0.09448819	0.83212346	1.0	3454	tags=19%, list=14%, signal=22%	
DEGRADATION OF GLI1 BY THE PROTEASOME%REACTOME DATABASE ID RELEASE 95%5610780	DEGRADATION OF GLI1 BY THE PROTEASOME%REACTOME DATABASE ID RELEASE 95%5610780		47	-0.33383814	-1.1972299	0.13043478	0.8325126	1.0	4658	tags=36%, list=19%, signal=45%	
NEGATIVE REGULATION OF PROTEASOMAL UBIQUITIN-DEPENDENT PROTEIN CATABOLIC PROCESS%GOBP%GO:0032435	NEGATIVE REGULATION OF PROTEASOMAL UBIQUITIN-DEPENDENT PROTEIN CATABOLIC PROCESS%GOBP%GO:0032435		39	-0.3530012	-1.1966865	0.16317992	0.83264077	1.0	6230	tags=44%, list=25%, signal=58%	
NEURON CELLULAR HOMEOSTASIS%GOBP%GO:0070050	NEURON CELLULAR HOMEOSTASIS%GOBP%GO:0070050		25	-0.38461718	-1.1964656	0.1858108	0.8314156	1.0	4294	tags=36%, list=18%, signal=44%	
P75NTR SIGNALS VIA NF-KB%REACTOME DATABASE ID RELEASE 95%193639	P75NTR SIGNALS VIA NF-KB%REACTOME DATABASE ID RELEASE 95%193639		16	-0.44326097	-1.1959499	0.20125785	0.83141124	1.0	505	tags=19%, list=2%, signal=19%	
BMP RECEPTOR SIGNALING%PATHWAY INTERACTION DATABASE NCI-NATURE CURATED DATA%BMP RECEPTOR SIGNALING	BMP RECEPTOR SIGNALING%PATHWAY INTERACTION DATABASE NCI-NATURE CURATED DATA%BMP RECEPTOR SIGNALING		41	-0.3460973	-1.1957902	0.13675214	0.8298663	1.0	1097	tags=15%, list=4%, signal=15%	
PROTEIN SYNTHESIS: PROLINE%PATHWHIZ%PW113695	PROTEIN SYNTHESIS: PROLINE%PATHWHIZ%PW113695		79	-0.3040437	-1.1955916	0.08791209	0.82838935	1.0	6023	tags=35%, list=25%, signal=47%	
HAIR FOLLICLE DEVELOPMENT CYTODIFFERENTIATION STAGE 3 OF 3%WIKIPATHWAYS_20260211%WP2840%HOMO SAPIENS	HAIR FOLLICLE DEVELOPMENT CYTODIFFERENTIATION STAGE 3 OF 3%WIKIPATHWAYS_20260211%WP2840%HOMO SAPIENS		78	-0.30161124	-1.1947008	0.10843374	0.83004534	1.0	2593	tags=23%, list=11%, signal=26%	
P38 SIGNALING MEDIATED BY MAPKAP KINASES%PATHWAY INTERACTION DATABASE NCI-NATURE CURATED DATA%P38 SIGNALING MEDIATED BY MAPKAP KINASES	P38 SIGNALING MEDIATED BY MAPKAP KINASES%PATHWAY INTERACTION DATABASE NCI-NATURE CURATED DATA%P38 SIGNALING MEDIATED BY MAPKAP KINASES		21	-0.406371	-1.1945223	0.19732441	0.82856977	1.0	1998	tags=19%, list=8%, signal=21%	
METABOLIC REPROGRAMMING IN PANCREATIC CANCER%WIKIPATHWAYS_20260211%WP5220%HOMO SAPIENS	METABOLIC REPROGRAMMING IN PANCREATIC CANCER%WIKIPATHWAYS_20260211%WP5220%HOMO SAPIENS		27	-0.382707	-1.1931418	0.17253521	0.8323134	1.0	2047	tags=22%, list=8%, signal=24%	
REGULATION OF ER TO GOLGI VESICLE-MEDIATED TRANSPORT%GOBP%GO:0060628	REGULATION OF ER TO GOLGI VESICLE-MEDIATED TRANSPORT%GOBP%GO:0060628		20	-0.4050842	-1.1919425	0.19614148	0.8352601	1.0	5419	tags=45%, list=22%, signal=58%	
EARLY SARS-COV-2 INFECTION EVENTS%REACTOME%R-HSA-9772572.4	EARLY SARS-COV-2 INFECTION EVENTS%REACTOME%R-HSA-9772572.4		37	-0.3558727	-1.1908576	0.18987341	0.8378834	1.0	1865	tags=16%, list=8%, signal=18%	
VALIDATED TRANSCRIPTIONAL TARGETS OF AP1 FAMILY MEMBERS FRA1 AND FRA2%PATHWAY INTERACTION DATABASE NCI-NATURE CURATED DATA%VALIDATED TRANSCRIPTIONAL TARGETS OF AP1 FAMILY MEMBERS FRA1 AND FRA2	VALIDATED TRANSCRIPTIONAL TARGETS OF AP1 FAMILY MEMBERS FRA1 AND FRA2%PATHWAY INTERACTION DATABASE NCI-NATURE CURATED DATA%VALIDATED TRANSCRIPTIONAL TARGETS OF AP1 FAMILY MEMBERS FRA1 AND FRA2		37	-0.34626976	-1.1902597	0.1627907	0.8383369	1.0	2429	tags=19%, list=10%, signal=21%	
VESICLE TARGETING, TO, FROM OR WITHIN GOLGI%GOBP%GO:0048199	VESICLE TARGETING, TO, FROM OR WITHIN GOLGI%GOBP%GO:0048199		29	-0.37569344	-1.1888287	0.17786561	0.84223336	1.0	912	tags=17%, list=4%, signal=18%	
NEGATIVE REGULATION OF HORMONE SECRETION%GOBP%GO:0046888	NEGATIVE REGULATION OF HORMONE SECRETION%GOBP%GO:0046888		36	-0.3510511	-1.1877903	0.17167382	0.8443717	1.0	3298	tags=28%, list=13%, signal=32%	
RIBOSOME QUALITY CONTROL (RQC) COMPLEX EXTRACTS AND DEGRADES NASCENT PEPTIDE%REACTOME%R-HSA-9954709.2	RIBOSOME QUALITY CONTROL (RQC) COMPLEX EXTRACTS AND DEGRADES NASCENT PEPTIDE%REACTOME%R-HSA-9954709.2		101	-0.29213804	-1.1874465	0.0945946	0.84370947	1.0	4706	tags=29%, list=19%, signal=35%	
REGULATION OF DEFENSE RESPONSE TO VIRUS BY HOST%GOBP%GO:0050691	REGULATION OF DEFENSE RESPONSE TO VIRUS BY HOST%GOBP%GO:0050691		36	-0.351877	-1.1870391	0.18834081	0.8433451	1.0	5036	tags=33%, list=21%, signal=42%	
TRNA WOBBLE BASE MODIFICATION%GOBP%GO:0002097	TRNA WOBBLE BASE MODIFICATION%GOBP%GO:0002097		27	-0.3766228	-1.1866292	0.1598513	0.84297806	1.0	2698	tags=33%, list=11%, signal=37%	
PID_S1P_S1P2_PATHWAY%MSIGDB_C2%PID_S1P_S1P2_PATHWAY	PID_S1P_S1P2_PATHWAY%MSIGDB_C2%PID_S1P_S1P2_PATHWAY		18	-0.41705418	-1.1858913	0.21472393	0.84397894	1.0	1334	tags=17%, list=5%, signal=18%	
OXIDATIVE STRESS RESPONSE%PANTHER PATHWAY%P00046	OXIDATIVE STRESS RESPONSE%PANTHER PATHWAY%P00046		22	-0.39008552	-1.1826776	0.2027972	0.85561574	1.0	863	tags=14%, list=4%, signal=14%	
ENTEROENDOCRINE CELL DIFFERENTIATION%GOBP%GO:0035883	ENTEROENDOCRINE CELL DIFFERENTIATION%GOBP%GO:0035883		16	-0.42966667	-1.1819249	0.26797387	0.856595	1.0	1590	tags=13%, list=6%, signal=13%	
REGULATION OF PD-L1(CD274) EXPRESSION%REACTOME%R-HSA-9909648.1	REGULATION OF PD-L1(CD274) EXPRESSION%REACTOME%R-HSA-9909648.1		162	-0.27177867	-1.1811568	0.053333335	0.85773885	1.0	2925	tags=22%, list=12%, signal=24%	
CS-GAG BIOSYNTHESIS%REACTOME DATABASE ID RELEASE 95%2022870	CS-GAG BIOSYNTHESIS%REACTOME DATABASE ID RELEASE 95%2022870		20	-0.39543712	-1.1800122	0.20618556	0.86074317	1.0	954	tags=15%, list=4%, signal=16%	
CELLULAR RESPONSE TO STARVATION%GOBP%GO:0009267	CELLULAR RESPONSE TO STARVATION%GOBP%GO:0009267		148	-0.27746505	-1.1796459	0.106796116	0.8602038	1.0	2846	tags=16%, list=12%, signal=17%	
REGULATION OF RUFFLE ASSEMBLY%GOBP%GO:1900027	REGULATION OF RUFFLE ASSEMBLY%GOBP%GO:1900027		24	-0.38602614	-1.1790178	0.19629629	0.8606654	1.0	2196	tags=17%, list=9%, signal=18%	
NEGATIVE REGULATION OF APOPTOTIC SIGNALING PATHWAY%GOBP%GO:2001234	NEGATIVE REGULATION OF APOPTOTIC SIGNALING PATHWAY%GOBP%GO:2001234		162	-0.27258313	-1.1786139	0.064935066	0.860188	1.0	3087	tags=20%, list=13%, signal=23%	
NUCLEUS LOCALIZATION%GOBP%GO:0051647	NUCLEUS LOCALIZATION%GOBP%GO:0051647		25	-0.37066576	-1.1775305	0.20875421	0.8628755	1.0	2689	tags=20%, list=11%, signal=22%	
NUCLEOTIDE-SUGAR BIOSYNTHETIC PROCESS%GOBP%GO:0009226	NUCLEOTIDE-SUGAR BIOSYNTHETIC PROCESS%GOBP%GO:0009226		26	-0.3716203	-1.1773895	0.19272727	0.86129063	1.0	1867	tags=19%, list=8%, signal=21%	
EUKARYOTIC TRANSLATION ELONGATION%REACTOME DATABASE ID RELEASE 95%156842	EUKARYOTIC TRANSLATION ELONGATION%REACTOME DATABASE ID RELEASE 95%156842		93	-0.29982555	-1.1773309	0.12676056	0.859403	1.0	6117	tags=37%, list=25%, signal=49%	
CELLULAR RESPONSE TO HYPOXIA%REACTOME DATABASE ID RELEASE 95%1234174	CELLULAR RESPONSE TO HYPOXIA%REACTOME DATABASE ID RELEASE 95%1234174		62	-0.30536687	-1.1766568	0.15121952	0.86017936	1.0	4690	tags=32%, list=19%, signal=40%	
WNT5A-DEPENDENT INTERNALIZATION OF FZD4%REACTOME%R-HSA-5099900.2	WNT5A-DEPENDENT INTERNALIZATION OF FZD4%REACTOME%R-HSA-5099900.2		15	-0.42545888	-1.1766347	0.23510972	0.8580818	1.0	1796	tags=20%, list=7%, signal=22%	
LINOLEIC ACID METABOLIC PROCESS%GOBP%GO:0043651	LINOLEIC ACID METABOLIC PROCESS%GOBP%GO:0043651		19	-0.40769425	-1.1764823	0.22945206	0.8566104	1.0	2426	tags=32%, list=10%, signal=35%	
REGULATION OF INTRACELLULAR PROTEIN TRANSPORT%GOBP%GO:0033157	REGULATION OF INTRACELLULAR PROTEIN TRANSPORT%GOBP%GO:0033157		118	-0.28247923	-1.17447	0.10526316	0.8632996	1.0	2914	tags=18%, list=12%, signal=20%	
PROTEASOMAL UBIQUITIN-INDEPENDENT PROTEIN CATABOLIC PROCESS%GOBP%GO:0010499	PROTEASOMAL UBIQUITIN-INDEPENDENT PROTEIN CATABOLIC PROCESS%GOBP%GO:0010499		19	-0.40581062	-1.1742923	0.24422443	0.86182785	1.0	4658	tags=42%, list=19%, signal=52%	
17P13 3 YWHAE COPY NUMBER VARIATION%WIKIPATHWAYS_20260211%WP5376%HOMO SAPIENS	17P13 3 YWHAE COPY NUMBER VARIATION%WIKIPATHWAYS_20260211%WP5376%HOMO SAPIENS		17	-0.4241154	-1.1735072	0.21100917	0.86297846	1.0	1286	tags=24%, list=5%, signal=25%	
RRNA PROCESSING IN THE NUCLEUS AND CYTOSOL%REACTOME%R-HSA-8868773.5	RRNA PROCESSING IN THE NUCLEUS AND CYTOSOL%REACTOME%R-HSA-8868773.5		192	-0.25929555	-1.1711813	0.0625	0.8713901	1.0	5047	tags=31%, list=21%, signal=38%	
POSITIVE REGULATION OF SMOOTHENED SIGNALING PATHWAY%GOBP%GO:0045880	POSITIVE REGULATION OF SMOOTHENED SIGNALING PATHWAY%GOBP%GO:0045880		22	-0.384039	-1.1706396	0.20567375	0.8715595	1.0	4119	tags=36%, list=17%, signal=44%	
PROTEIN SYNTHESIS: ISOLEUCINE%SMPDB%SMP0111872	PROTEIN SYNTHESIS: ISOLEUCINE%SMPDB%SMP0111872		79	-0.30185392	-1.1702752	0.16463415	0.8709692	1.0	6023	tags=35%, list=25%, signal=47%	
VALIDATED TARGETS OF C-MYC TRANSCRIPTIONAL ACTIVATION%PATHWAY INTERACTION DATABASE NCI-NATURE CURATED DATA%VALIDATED TARGETS OF C-MYC TRANSCRIPTIONAL ACTIVATION	VALIDATED TARGETS OF C-MYC TRANSCRIPTIONAL ACTIVATION%PATHWAY INTERACTION DATABASE NCI-NATURE CURATED DATA%VALIDATED TARGETS OF C-MYC TRANSCRIPTIONAL ACTIVATION		79	-0.296588	-1.1701478	0.13207547	0.8693109	1.0	4959	tags=38%, list=20%, signal=47%	
REGULATION OF APOPTOSIS%REACTOME DATABASE ID RELEASE 95%169911	REGULATION OF APOPTOSIS%REACTOME DATABASE ID RELEASE 95%169911		40	-0.34292153	-1.1700214	0.19907407	0.86771375	1.0	4658	tags=40%, list=19%, signal=49%	
PROTEIN SYNTHESIS: THREONINE%PATHWHIZ%PW120525	PROTEIN SYNTHESIS: THREONINE%PATHWHIZ%PW120525		79	-0.2946489	-1.1697035	0.14583333	0.8669479	1.0	6023	tags=35%, list=25%, signal=47%	
DEFECTIVE INTRINSIC PATHWAY FOR APOPTOSIS%REACTOME DATABASE ID RELEASE 95%9734009	DEFECTIVE INTRINSIC PATHWAY FOR APOPTOSIS%REACTOME DATABASE ID RELEASE 95%9734009		23	-0.3928969	-1.1696882	0.21452145	0.86489385	1.0	1481	tags=22%, list=6%, signal=23%	
FORMATION OF TUBULIN FOLDING INTERMEDIATES BY CCT TRIC%REACTOME%R-HSA-389960.4	FORMATION OF TUBULIN FOLDING INTERMEDIATES BY CCT TRIC%REACTOME%R-HSA-389960.4		26	-0.37382922	-1.169368	0.21804512	0.86418855	1.0	4821	tags=42%, list=20%, signal=53%	
REGULATION OF CARDIOCYTE DIFFERENTIATION%GOBP%GO:1905207	REGULATION OF CARDIOCYTE DIFFERENTIATION%GOBP%GO:1905207		21	-0.38843593	-1.168628	0.21754386	0.86534846	1.0	3757	tags=29%, list=15%, signal=34%	
N-CADHERIN SIGNALING EVENTS%PATHWAY INTERACTION DATABASE NCI-NATURE CURATED DATA%N-CADHERIN SIGNALING EVENTS	N-CADHERIN SIGNALING EVENTS%PATHWAY INTERACTION DATABASE NCI-NATURE CURATED DATA%N-CADHERIN SIGNALING EVENTS		34	-0.35885188	-1.1683718	0.21011673	0.86431193	1.0	3175	tags=26%, list=13%, signal=30%	
INTERACTION BETWEEN L1 AND ANKYRINS%REACTOME DATABASE ID RELEASE 95%445095	INTERACTION BETWEEN L1 AND ANKYRINS%REACTOME DATABASE ID RELEASE 95%445095		29	-0.36620477	-1.1683301	0.22348484	0.8623628	1.0	2263	tags=24%, list=9%, signal=27%	
ZNF598 AND THE RIBOSOME-ASSOCIATED QUALITY TRIGGER (RQT) COMPLEX DISSOCIATE A RIBOSOME STALLED ON A NO-GO MRNA%REACTOME DATABASE ID RELEASE 95%9954716	ZNF598 AND THE RIBOSOME-ASSOCIATED QUALITY TRIGGER (RQT) COMPLEX DISSOCIATE A RIBOSOME STALLED ON A NO-GO MRNA%REACTOME DATABASE ID RELEASE 95%9954716		95	-0.28847915	-1.1682702	0.17142858	0.86052144	1.0	6117	tags=36%, list=25%, signal=48%	
REGULATION OF ERYTHROCYTE DIFFERENTIATION%GOBP%GO:0045646	REGULATION OF ERYTHROCYTE DIFFERENTIATION%GOBP%GO:0045646		38	-0.34424946	-1.1675361	0.19574468	0.86153585	1.0	970	tags=13%, list=4%, signal=14%	
REGULATION OF LYSOSOMAL LUMEN PH%GOBP%GO:0035751	REGULATION OF LYSOSOMAL LUMEN PH%GOBP%GO:0035751		29	-0.36836457	-1.1669657	0.23214285	0.861886	1.0	3379	tags=34%, list=14%, signal=40%	
FORMATION OF THE URETERIC BUD%REACTOME DATABASE ID RELEASE 95%9830674	FORMATION OF THE URETERIC BUD%REACTOME DATABASE ID RELEASE 95%9830674		21	-0.40785757	-1.1657826	0.25089607	0.8650917	1.0	3108	tags=24%, list=13%, signal=27%	
SEALING OF THE NUCLEAR ENVELOPE (NE) BY ESCRT-III%REACTOME%R-HSA-9668328.2	SEALING OF THE NUCLEAR ENVELOPE (NE) BY ESCRT-III%REACTOME%R-HSA-9668328.2		32	-0.3598517	-1.1648266	0.2248062	0.8673808	1.0	4821	tags=28%, list=20%, signal=35%	
OLIGODENDROCYTE SPECIFICATION AND DIFFERENTIATION LEADING TO MYELIN COMPONENTS FOR CNS%WIKIPATHWAYS_20260211%WP4304%HOMO SAPIENS	OLIGODENDROCYTE SPECIFICATION AND DIFFERENTIATION LEADING TO MYELIN COMPONENTS FOR CNS%WIKIPATHWAYS_20260211%WP4304%HOMO SAPIENS		26	-0.36519778	-1.1645604	0.23404256	0.8663616	1.0	2040	tags=15%, list=8%, signal=17%	
APC C:CDC20 MEDIATED DEGRADATION OF SECURIN%REACTOME DATABASE ID RELEASE 95%174154	APC C:CDC20 MEDIATED DEGRADATION OF SECURIN%REACTOME DATABASE ID RELEASE 95%174154		55	-0.31056523	-1.1639057	0.16666667	0.8671369	1.0	4690	tags=40%, list=19%, signal=49%	
ACTIVATION OF MATRIX METALLOPROTEINASES%REACTOME DATABASE ID RELEASE 95%1592389	ACTIVATION OF MATRIX METALLOPROTEINASES%REACTOME DATABASE ID RELEASE 95%1592389		33	-0.3507115	-1.1638626	0.19396552	0.8652572	1.0	1375	tags=15%, list=6%, signal=16%	
CYTOPLASMIC TRANSLATION%GOBP%GO:0002181	CYTOPLASMIC TRANSLATION%GOBP%GO:0002181		164	-0.2600629	-1.1634351	0.028846154	0.8650756	1.0	5877	tags=34%, list=24%, signal=45%	
PROTEIN SYNTHESIS: METHIONINE%PATHWHIZ%PW112933	PROTEIN SYNTHESIS: METHIONINE%PATHWHIZ%PW112933		79	-0.30728102	-1.163242	0.18354431	0.8638687	1.0	6023	tags=35%, list=25%, signal=47%	
AMINO ACID IMPORT ACROSS PLASMA MEMBRANE%GOBP%GO:0089718	AMINO ACID IMPORT ACROSS PLASMA MEMBRANE%GOBP%GO:0089718		38	-0.34192964	-1.1631075	0.19502075	0.86239177	1.0	1702	tags=18%, list=7%, signal=20%	
PROTEIN SYNTHESIS: ASPARAGINE%SMPDB%SMP0111854	PROTEIN SYNTHESIS: ASPARAGINE%SMPDB%SMP0111854		79	-0.300448	-1.1624824	0.17964073	0.8628539	1.0	6023	tags=35%, list=25%, signal=47%	
PROTEIN SYNTHESIS: LYSINE%SMPDB%SMP0111874	PROTEIN SYNTHESIS: LYSINE%SMPDB%SMP0111874		79	-0.29552537	-1.1612681	0.15853658	0.8660644	1.0	6023	tags=35%, list=25%, signal=47%	
IRAK2 MEDIATED ACTIVATION OF TAK1 COMPLEX UPON TLR7 8 OR 9 STIMULATION%REACTOME%R-HSA-975163.3	IRAK2 MEDIATED ACTIVATION OF TAK1 COMPLEX UPON TLR7 8 OR 9 STIMULATION%REACTOME%R-HSA-975163.3		15	-0.42552972	-1.1606245	0.25856698	0.8668135	1.0	2246	tags=27%, list=9%, signal=29%	
NEGATIVE REGULATION OF NOTCH SIGNALING PATHWAY%GOBP%GO:0045746	NEGATIVE REGULATION OF NOTCH SIGNALING PATHWAY%GOBP%GO:0045746		29	-0.36584324	-1.1599408	0.24444444	0.86776835	1.0	2396	tags=21%, list=10%, signal=23%	
CEREBELLAR CORTEX DEVELOPMENT%GOBP%GO:0021695	CEREBELLAR CORTEX DEVELOPMENT%GOBP%GO:0021695		19	-0.39671364	-1.1598815	0.246875	0.8659556	1.0	4315	tags=47%, list=18%, signal=57%	
NOTCH%NETPATH%NOTCH	NOTCH%NETPATH%NOTCH		46	-0.32238647	-1.1597625	0.19806764	0.86440414	1.0	2336	tags=15%, list=10%, signal=17%	
DNA IR DAMAGE AND CELLULAR RESPONSE VIA ATR%WIKIPATHWAYS_20260211%WP4016%HOMO SAPIENS	DNA IR DAMAGE AND CELLULAR RESPONSE VIA ATR%WIKIPATHWAYS_20260211%WP4016%HOMO SAPIENS		69	-0.3040656	-1.1594819	0.1626506	0.86339414	1.0	2139	tags=17%, list=9%, signal=19%	
NEGATIVE REGULATION OF OSSIFICATION%GOBP%GO:0030279	NEGATIVE REGULATION OF OSSIFICATION%GOBP%GO:0030279		34	-0.3509538	-1.1594677	0.18699187	0.86140805	1.0	4636	tags=41%, list=19%, signal=51%	
SUPERPATHWAY OF PYRIMIDINE DEOXYRIBONUCLEOSIDE SALVAGE%BIOCYC%PWY-7200	SUPERPATHWAY OF PYRIMIDINE DEOXYRIBONUCLEOSIDE SALVAGE%BIOCYC%PWY-7200		15	-0.42841145	-1.1584307	0.24324325	0.8637231	1.0	2123	tags=20%, list=9%, signal=22%	
SELENIUM MICRONUTRIENT NETWORK%WIKIPATHWAYS_20260211%WP15%HOMO SAPIENS	SELENIUM MICRONUTRIENT NETWORK%WIKIPATHWAYS_20260211%WP15%HOMO SAPIENS		63	-0.30682302	-1.1569433	0.2	0.86836517	1.0	1982	tags=13%, list=8%, signal=14%	
NEGATIVE REGULATION OF UBIQUITIN-DEPENDENT PROTEIN CATABOLIC PROCESS%GOBP%GO:2000059	NEGATIVE REGULATION OF UBIQUITIN-DEPENDENT PROTEIN CATABOLIC PROCESS%GOBP%GO:2000059		52	-0.32382318	-1.1559217	0.17910448	0.8710596	1.0	5652	tags=37%, list=23%, signal=47%	
GAP-FILLING DNA REPAIR SYNTHESIS AND LIGATION IN GG-NER%REACTOME DATABASE ID RELEASE 95%5696397	GAP-FILLING DNA REPAIR SYNTHESIS AND LIGATION IN GG-NER%REACTOME DATABASE ID RELEASE 95%5696397		25	-0.36495274	-1.1553966	0.20557491	0.87126464	1.0	5676	tags=44%, list=23%, signal=57%	
MAGNESIUM ION TRANSPORT%GOBP%GO:0015693	MAGNESIUM ION TRANSPORT%GOBP%GO:0015693		17	-0.413322	-1.1545899	0.26490065	0.87277347	1.0	2947	tags=24%, list=12%, signal=27%	
ID%IOB%ID	ID%IOB%ID		17	-0.408932	-1.1511599	0.2588997	0.88606423	1.0	4563	tags=35%, list=19%, signal=43%	
PCP CE PATHWAY%REACTOME%R-HSA-4086400.4	PCP CE PATHWAY%REACTOME%R-HSA-4086400.4		79	-0.29121587	-1.1503624	0.14285715	0.88764447	1.0	4658	tags=35%, list=19%, signal=44%	
ANDROGENRECEPTOR%IOB%ANDROGENRECEPTOR	ANDROGENRECEPTOR%IOB%ANDROGENRECEPTOR		92	-0.2864514	-1.1488037	0.1388889	0.89252466	1.0	2363	tags=17%, list=10%, signal=19%	
VESICLE COATING%GOBP%GO:0006901	VESICLE COATING%GOBP%GO:0006901		35	-0.3369924	-1.147451	0.20746888	0.89674723	1.0	2308	tags=20%, list=9%, signal=22%	
INTERMEDIATE FILAMENT-BASED PROCESS%GOBP%GO:0045103	INTERMEDIATE FILAMENT-BASED PROCESS%GOBP%GO:0045103		85	-0.2902778	-1.1473205	0.17218544	0.8952732	1.0	2803	tags=16%, list=11%, signal=19%	
PROTEIN SYNTHESIS: TYROSINE%PATHWHIZ%PW120527	PROTEIN SYNTHESIS: TYROSINE%PATHWHIZ%PW120527		79	-0.29260603	-1.147253	0.19101124	0.8934998	1.0	6023	tags=35%, list=25%, signal=47%	
RETICULOPHAGY%GOBP%GO:0061709	RETICULOPHAGY%GOBP%GO:0061709		23	-0.37396204	-1.1469513	0.24460432	0.8927865	1.0	4179	tags=35%, list=17%, signal=42%	
INTERMEDIATE FILAMENT CYTOSKELETON ORGANIZATION%GOBP%GO:0045104	INTERMEDIATE FILAMENT CYTOSKELETON ORGANIZATION%GOBP%GO:0045104		84	-0.29113203	-1.1461432	0.15483871	0.8943982	1.0	2803	tags=17%, list=11%, signal=19%	
FORMATION OF PARAXIAL MESODERM%REACTOME%R-HSA-9793380.5	FORMATION OF PARAXIAL MESODERM%REACTOME%R-HSA-9793380.5		59	-0.30723873	-1.1460936	0.20408164	0.8925713	1.0	4409	tags=32%, list=18%, signal=39%	
TRAF6-MEDIATED INDUCTION OF TAK1 COMPLEX WITHIN TLR4 COMPLEX%REACTOME%R-HSA-937072.4	TRAF6-MEDIATED INDUCTION OF TAK1 COMPLEX WITHIN TLR4 COMPLEX%REACTOME%R-HSA-937072.4		15	-0.42552972	-1.1447632	0.27070063	0.8964569	1.0	2246	tags=27%, list=9%, signal=29%	
PID_LYSOPHOSPHOLIPID_PATHWAY%MSIGDB_C2%PID_LYSOPHOSPHOLIPID_PATHWAY	PID_LYSOPHOSPHOLIPID_PATHWAY%MSIGDB_C2%PID_LYSOPHOSPHOLIPID_PATHWAY		50	-0.31038588	-1.1447046	0.19512194	0.8946741	1.0	1396	tags=12%, list=6%, signal=13%	
REGULATION OF NEURAL PRECURSOR CELL PROLIFERATION%GOBP%GO:2000177	REGULATION OF NEURAL PRECURSOR CELL PROLIFERATION%GOBP%GO:2000177		42	-0.32644692	-1.1444296	0.20717132	0.8939663	1.0	3016	tags=26%, list=12%, signal=30%	
ENDOPLASMIC RETICULUM TO GOLGI VESICLE-MEDIATED TRANSPORT%GOBP%GO:0006888	ENDOPLASMIC RETICULUM TO GOLGI VESICLE-MEDIATED TRANSPORT%GOBP%GO:0006888		118	-0.27449915	-1.1435469	0.09016393	0.8958099	1.0	2959	tags=24%, list=12%, signal=27%	
RESPONSE TO ALKALOID%GOBP%GO:0043279	RESPONSE TO ALKALOID%GOBP%GO:0043279		24	-0.37562534	-1.1430455	0.24911033	0.89599454	1.0	938	tags=17%, list=4%, signal=17%	
EXPORT ACROSS PLASMA MEMBRANE%GOBP%GO:0140115	EXPORT ACROSS PLASMA MEMBRANE%GOBP%GO:0140115		63	-0.30439934	-1.1415317	0.21546961	0.9007522	1.0	2772	tags=19%, list=11%, signal=21%	
NEGATIVE REGULATION OF HYDROLASE ACTIVITY%GOBP%GO:0051346	NEGATIVE REGULATION OF HYDROLASE ACTIVITY%GOBP%GO:0051346		30	-0.34805527	-1.1409554	0.2364341	0.901256	1.0	703	tags=17%, list=3%, signal=17%	
PROTEIN SYNTHESIS: VALINE%PATHWHIZ%PW120528	PROTEIN SYNTHESIS: VALINE%PATHWHIZ%PW120528		79	-0.29333732	-1.1404911	0.17127071	0.9013219	1.0	6023	tags=35%, list=25%, signal=47%	
PID_P75_NTR_PATHWAY%MSIGDB_C2%PID_P75_NTR_PATHWAY	PID_P75_NTR_PATHWAY%MSIGDB_C2%PID_P75_NTR_PATHWAY		55	-0.30349252	-1.1395187	0.19555555	0.903687	1.0	1481	tags=15%, list=6%, signal=15%	
BIOCARTA_ATM_PATHWAY%MSIGDB_C2%BIOCARTA_ATM_PATHWAY	BIOCARTA_ATM_PATHWAY%MSIGDB_C2%BIOCARTA_ATM_PATHWAY		17	-0.40094525	-1.1394228	0.26217228	0.9020926	1.0	2737	tags=24%, list=11%, signal=26%	
CELL DIFFERENTIATION IN SPINAL CORD%GOBP%GO:0021515	CELL DIFFERENTIATION IN SPINAL CORD%GOBP%GO:0021515		15	-0.4232615	-1.1388797	0.26898733	0.90247566	1.0	1294	tags=20%, list=5%, signal=21%	
MITOTIC CHROMOSOME CONDENSATION%GOBP%GO:0007076	MITOTIC CHROMOSOME CONDENSATION%GOBP%GO:0007076		16	-0.4170629	-1.138558	0.29431438	0.9018781	1.0	5631	tags=56%, list=23%, signal=73%	
PROTEIN SYNTHESIS: TRYPTOPHAN%PATHWHIZ%PW120526	PROTEIN SYNTHESIS: TRYPTOPHAN%PATHWHIZ%PW120526		79	-0.29248068	-1.1374934	0.1741573	0.9045862	1.0	6023	tags=35%, list=25%, signal=47%	
PROTEIN SYNTHESIS: ALANINE%PATHWHIZ%PW101384	PROTEIN SYNTHESIS: ALANINE%PATHWHIZ%PW101384		79	-0.28562507	-1.1374882	0.18238993	0.90261894	1.0	6023	tags=34%, list=25%, signal=45%	
CDC20:PHOSPHO-APC C MEDIATED DEGRADATION OF CYCLIN A%REACTOME DATABASE ID RELEASE 95%174184	CDC20:PHOSPHO-APC C MEDIATED DEGRADATION OF CYCLIN A%REACTOME DATABASE ID RELEASE 95%174184		60	-0.30658153	-1.1373667	0.17910448	0.9011893	1.0	4690	tags=38%, list=19%, signal=47%	
REGULATION OF APC C ACTIVATORS BETWEEN G1 S AND EARLY ANAPHASE%REACTOME DATABASE ID RELEASE 95%176408	REGULATION OF APC C ACTIVATORS BETWEEN G1 S AND EARLY ANAPHASE%REACTOME DATABASE ID RELEASE 95%176408		68	-0.29558104	-1.1366639	0.22222222	0.90225065	1.0	4690	tags=35%, list=19%, signal=44%	
PROTEIN INSERTION INTO ER MEMBRANE%GOBP%GO:0045048	PROTEIN INSERTION INTO ER MEMBRANE%GOBP%GO:0045048		31	-0.3493186	-1.1364332	0.23015873	0.9013178	1.0	5069	tags=45%, list=21%, signal=57%	
NUCLEOSOME ASSEMBLY%GOBP%GO:0006334	NUCLEOSOME ASSEMBLY%GOBP%GO:0006334		59	-0.3082209	-1.1363904	0.225	0.8995378	1.0	1611	tags=14%, list=7%, signal=14%	
PRIMARY FOCAL SEGMENTAL GLOMERULOSCLEROSIS FSGS %WIKIPATHWAYS_20260211%WP2572%HOMO SAPIENS	PRIMARY FOCAL SEGMENTAL GLOMERULOSCLEROSIS FSGS %WIKIPATHWAYS_20260211%WP2572%HOMO SAPIENS		60	-0.29969716	-1.1356766	0.2028302	0.9008574	1.0	2805	tags=25%, list=11%, signal=28%	
OBSOLETE PROTEIN TARGETING TO MITOCHONDRION%GOBP%GO:0006626	OBSOLETE PROTEIN TARGETING TO MITOCHONDRION%GOBP%GO:0006626		26	-0.37027657	-1.1354864	0.25283018	0.8997123	1.0	3030	tags=27%, list=12%, signal=31%	
APC:CDC20 MEDIATED DEGRADATION OF CELL CYCLE PROTEINS PRIOR TO SATISFATION OF THE CELL CYCLE CHECKPOINT%REACTOME DATABASE ID RELEASE 95%179419	APC:CDC20 MEDIATED DEGRADATION OF CELL CYCLE PROTEINS PRIOR TO SATISFATION OF THE CELL CYCLE CHECKPOINT%REACTOME DATABASE ID RELEASE 95%179419		61	-0.30586505	-1.1342492	0.20618556	0.9035461	1.0	4690	tags=38%, list=19%, signal=47%	
AFFECTED PATHWAYS IN DUCHENNE MUSCULAR DYSTROPHY%WIKIPATHWAYS_20260211%WP5356%HOMO SAPIENS	AFFECTED PATHWAYS IN DUCHENNE MUSCULAR DYSTROPHY%WIKIPATHWAYS_20260211%WP5356%HOMO SAPIENS		59	-0.3033656	-1.1328663	0.20289855	0.90788364	1.0	3872	tags=31%, list=16%, signal=36%	
REGULATION OF HOMOTYPIC CELL-CELL ADHESION%REACTOME DATABASE ID RELEASE 95%9759476	REGULATION OF HOMOTYPIC CELL-CELL ADHESION%REACTOME DATABASE ID RELEASE 95%9759476		178	-0.25606725	-1.1327074	0.07446808	0.90661496	1.0	2925	tags=20%, list=12%, signal=22%	
CANONICAL GLYCOLYSIS%GOBP%GO:0061621	CANONICAL GLYCOLYSIS%GOBP%GO:0061621		18	-0.39020273	-1.1324717	0.27622378	0.9057249	1.0	2052	tags=28%, list=8%, signal=30%	
MMR%REACTOME%R-HSA-5358508.3	MMR%REACTOME%R-HSA-5358508.3		15	-0.41387278	-1.1323396	0.2882883	0.90431035	1.0	2768	tags=33%, list=11%, signal=38%	
BIOCARTA_TFF_PATHWAY%MSIGDB_C2%BIOCARTA_TFF_PATHWAY	BIOCARTA_TFF_PATHWAY%MSIGDB_C2%BIOCARTA_TFF_PATHWAY		21	-0.38117605	-1.1317747	0.24822696	0.9048552	1.0	4429	tags=29%, list=18%, signal=35%	
PID_HIF1_TFPATHWAY%MSIGDB_C2%PID_HIF1_TFPATHWAY	PID_HIF1_TFPATHWAY%MSIGDB_C2%PID_HIF1_TFPATHWAY		46	-0.3148889	-1.12954	0.20600858	0.9129905	1.0	3849	tags=30%, list=16%, signal=36%	
PROTEIN SYNTHESIS: CYSTEINE%PATHWHIZ%PW112918	PROTEIN SYNTHESIS: CYSTEINE%PATHWHIZ%PW112918		79	-0.2849049	-1.1292596	0.1724138	0.9123698	1.0	6023	tags=34%, list=25%, signal=45%	
INTEGRATED STRESS RESPONSE SIGNALING%GOBP%GO:0140467	INTEGRATED STRESS RESPONSE SIGNALING%GOBP%GO:0140467		37	-0.33758715	-1.1288971	0.22727273	0.91210675	1.0	5312	tags=32%, list=22%, signal=41%	
REGULATION OF HSF1-MEDIATED HEAT SHOCK RESPONSE%REACTOME DATABASE ID RELEASE 95%3371453	REGULATION OF HSF1-MEDIATED HEAT SHOCK RESPONSE%REACTOME DATABASE ID RELEASE 95%3371453		67	-0.2975505	-1.1282576	0.20320855	0.912901	1.0	2157	tags=15%, list=9%, signal=16%	
DEGRADATION OF CDH1%REACTOME DATABASE ID RELEASE 95%9766229	DEGRADATION OF CDH1%REACTOME DATABASE ID RELEASE 95%9766229		52	-0.305407	-1.1267034	0.20895523	0.91836816	1.0	4658	tags=35%, list=19%, signal=43%	
SARCOMERE ORGANIZATION%GOBP%GO:0045214	SARCOMERE ORGANIZATION%GOBP%GO:0045214		36	-0.3277503	-1.1258944	0.21686748	0.9202193	1.0	2110	tags=19%, list=9%, signal=21%	
POSITIVE REGULATION OF PROTEIN UBIQUITINATION%GOBP%GO:0031398	POSITIVE REGULATION OF PROTEIN UBIQUITINATION%GOBP%GO:0031398		84	-0.28376102	-1.1258799	0.19375	0.9183348	1.0	5886	tags=40%, list=24%, signal=53%	
ORGANIC CATION TRANSPORT%GOBP%GO:0015695	ORGANIC CATION TRANSPORT%GOBP%GO:0015695		86	-0.28148314	-1.1257129	0.20253165	0.9171507	1.0	1906	tags=19%, list=8%, signal=20%	
REGULATION OF CDH1 FUNCTION%REACTOME%R-HSA-9764561.1	REGULATION OF CDH1 FUNCTION%REACTOME%R-HSA-9764561.1		53	-0.30481538	-1.1248194	0.20526315	0.9190581	1.0	4658	tags=34%, list=19%, signal=42%	
PID_ERA_GENOMIC_PATHWAY%MSIGDB_C2%PID_ERA_GENOMIC_PATHWAY	PID_ERA_GENOMIC_PATHWAY%MSIGDB_C2%PID_ERA_GENOMIC_PATHWAY		49	-0.31392467	-1.1246635	0.21226415	0.9179043	1.0	3009	tags=22%, list=12%, signal=26%	
NEGATIVE REGULATION OF SYNCYTIUM FORMATION BY PLASMA MEMBRANE FUSION%GOBP%GO:0034242	NEGATIVE REGULATION OF SYNCYTIUM FORMATION BY PLASMA MEMBRANE FUSION%GOBP%GO:0034242		47	-0.31566325	-1.1241194	0.25128207	0.91832656	1.0	6023	tags=43%, list=25%, signal=56%	
CROSS-PRESENTATION OF SOLUBLE EXOGENOUS ANTIGENS (ENDOSOMES)%REACTOME DATABASE ID RELEASE 95%1236978	CROSS-PRESENTATION OF SOLUBLE EXOGENOUS ANTIGENS (ENDOSOMES)%REACTOME DATABASE ID RELEASE 95%1236978		41	-0.32632732	-1.1234407	0.2267658	0.9193635	1.0	4658	tags=37%, list=19%, signal=45%	
GLYCOLYTIC PROCESS THROUGH FRUCTOSE-6-PHOSPHATE%GOBP%GO:0061615	GLYCOLYTIC PROCESS THROUGH FRUCTOSE-6-PHOSPHATE%GOBP%GO:0061615		19	-0.37774488	-1.1213341	0.2885906	0.92710716	1.0	2052	tags=26%, list=8%, signal=29%	
RRNA TRANSCRIPTION%GOBP%GO:0009303	RRNA TRANSCRIPTION%GOBP%GO:0009303		29	-0.3518579	-1.1210252	0.26449275	0.9266761	1.0	6370	tags=45%, list=26%, signal=61%	
ALPHA-AMINO ACID BIOSYNTHETIC PROCESS%GOBP%GO:1901607	ALPHA-AMINO ACID BIOSYNTHETIC PROCESS%GOBP%GO:1901607		40	-0.3198285	-1.1192077	0.25974026	0.93284935	1.0	3892	tags=33%, list=16%, signal=39%	
MAPK TARGETS  NUCLEAR EVENTS MEDIATED BY MAP KINASES%REACTOME%R-HSA-450282.3	MAPK TARGETS  NUCLEAR EVENTS MEDIATED BY MAP KINASES%REACTOME%R-HSA-450282.3		30	-0.35012907	-1.116971	0.27376425	0.94138616	1.0	3454	tags=27%, list=14%, signal=31%	
REGULATION OF PTEN STABILITY AND ACTIVITY%REACTOME%R-HSA-8948751.3	REGULATION OF PTEN STABILITY AND ACTIVITY%REACTOME%R-HSA-8948751.3		56	-0.30681983	-1.1164914	0.23163842	0.9417404	1.0	4658	tags=32%, list=19%, signal=40%	
MATURATION OF LSU-RRNA FROM TRICISTRONIC RRNA TRANSCRIPT (SSU-RRNA, 5.8S RRNA, LSU-RRNA)%GOBP%GO:0000463	MATURATION OF LSU-RRNA FROM TRICISTRONIC RRNA TRANSCRIPT (SSU-RRNA, 5.8S RRNA, LSU-RRNA)%GOBP%GO:0000463		22	-0.37325367	-1.1161424	0.29545453	0.9414085	1.0	2671	tags=23%, list=11%, signal=25%	
REGULATION OF EXPRESSION AND FUNCTION OF TYPE I CLASSICAL CADHERINS%REACTOME DATABASE ID RELEASE 95%9764274	REGULATION OF EXPRESSION AND FUNCTION OF TYPE I CLASSICAL CADHERINS%REACTOME DATABASE ID RELEASE 95%9764274		163	-0.25907728	-1.1159567	0.20224719	0.94024265	1.0	2925	tags=21%, list=12%, signal=24%	
TRANSLESION SYNTHESIS BY POLK%REACTOME%R-HSA-5655862.2	TRANSLESION SYNTHESIS BY POLK%REACTOME%R-HSA-5655862.2		17	-0.39105818	-1.1159251	0.2764505	0.9384704	1.0	3772	tags=29%, list=15%, signal=35%	
STABILIZATION OF P53%REACTOME DATABASE ID RELEASE 95%69541	STABILIZATION OF P53%REACTOME DATABASE ID RELEASE 95%69541		44	-0.32214963	-1.1158626	0.25742576	0.9368569	1.0	4658	tags=39%, list=19%, signal=48%	
CELLULAR RESPONSE TO OXYGEN LEVELS%GOBP%GO:0071453	CELLULAR RESPONSE TO OXYGEN LEVELS%GOBP%GO:0071453		90	-0.27849397	-1.1155466	0.18902439	0.93632257	1.0	5051	tags=34%, list=21%, signal=43%	
REGULATION OF RESPONSE TO FOOD%GOBP%GO:0032095	REGULATION OF RESPONSE TO FOOD%GOBP%GO:0032095		19	-0.38540152	-1.114092	0.28719723	0.94093806	1.0	172	tags=16%, list=1%, signal=16%	
RENAL FILTRATION%GOBP%GO:0097205	RENAL FILTRATION%GOBP%GO:0097205		16	-0.4011878	-1.1137626	0.30769232	0.9405286	1.0	2658	tags=38%, list=11%, signal=42%	
REGULATION OF CDH1 EXPRESSION AND FUNCTION%REACTOME DATABASE ID RELEASE 95%9764265	REGULATION OF CDH1 EXPRESSION AND FUNCTION%REACTOME DATABASE ID RELEASE 95%9764265		163	-0.25907728	-1.1131346	0.16129032	0.9415166	1.0	2925	tags=21%, list=12%, signal=24%	
PEPTIDE CHAIN ELONGATION%REACTOME%R-HSA-156902.4	PEPTIDE CHAIN ELONGATION%REACTOME%R-HSA-156902.4		89	-0.2749691	-1.1112005	0.21290323	0.94829625	1.0	6117	tags=35%, list=25%, signal=46%	
GLUCOSE CATABOLIC PROCESS TO PYRUVATE%GOBP%GO:0061718	GLUCOSE CATABOLIC PROCESS TO PYRUVATE%GOBP%GO:0061718		18	-0.39020273	-1.1111296	0.2724138	0.94666874	1.0	2052	tags=28%, list=8%, signal=30%	
ALPHA6BETA4INTEGRIN%NETPATH%ALPHA6BETA4INTEGRIN	ALPHA6BETA4INTEGRIN%NETPATH%ALPHA6BETA4INTEGRIN		55	-0.29963285	-1.110645	0.23076923	0.94706976	1.0	2701	tags=18%, list=11%, signal=20%	
CO-INHIBITION BY CTLA4%REACTOME DATABASE ID RELEASE 95%389513	CO-INHIBITION BY CTLA4%REACTOME DATABASE ID RELEASE 95%389513		20	-0.38693193	-1.1091253	0.2768166	0.9520519	1.0	3454	tags=35%, list=14%, signal=41%	
PROTEIN LOCALIZATION TO SITE OF DOUBLE-STRAND BREAK%GOBP%GO:1990166	PROTEIN LOCALIZATION TO SITE OF DOUBLE-STRAND BREAK%GOBP%GO:1990166		15	-0.41058585	-1.1090926	0.30743244	0.95029384	1.0	2061	tags=20%, list=8%, signal=22%	
APC C:CDC20 MEDIATED DEGRADATION OF MITOTIC PROTEINS%REACTOME DATABASE ID RELEASE 95%176409	APC C:CDC20 MEDIATED DEGRADATION OF MITOTIC PROTEINS%REACTOME DATABASE ID RELEASE 95%176409		63	-0.29096824	-1.1087129	0.22335026	0.9501367	1.0	4690	tags=37%, list=19%, signal=45%	
CYTOPLASMIC TRANSLATIONAL INITIATION%GOBP%GO:0002183	CYTOPLASMIC TRANSLATIONAL INITIATION%GOBP%GO:0002183		37	-0.32636684	-1.1076823	0.259542	0.95306855	1.0	4713	tags=38%, list=19%, signal=47%	
TIGHT JUNCTION ORGANIZATION%GOBP%GO:0120193	TIGHT JUNCTION ORGANIZATION%GOBP%GO:0120193		40	-0.32042482	-1.1076577	0.27510917	0.95128363	1.0	1086	tags=10%, list=4%, signal=10%	
TISSUE REMODELING%GOBP%GO:0048771	TISSUE REMODELING%GOBP%GO:0048771		37	-0.32452345	-1.1067326	0.3080357	0.9537016	1.0	2939	tags=24%, list=12%, signal=28%	
AMINOGLYCAN BIOSYNTHETIC PROCESS%GOBP%GO:0006023	AMINOGLYCAN BIOSYNTHETIC PROCESS%GOBP%GO:0006023		29	-0.3474341	-1.1066811	0.28346458	0.9520398	1.0	1980	tags=17%, list=8%, signal=19%	
PROTEIN HETEROOLIGOMERIZATION%GOBP%GO:0051291	PROTEIN HETEROOLIGOMERIZATION%GOBP%GO:0051291		21	-0.3772235	-1.1064204	0.27106228	0.9512667	1.0	2467	tags=33%, list=10%, signal=37%	
HEDGEHOG 'ON' STATE%REACTOME%R-HSA-5632684.2	HEDGEHOG 'ON' STATE%REACTOME%R-HSA-5632684.2		71	-0.2839239	-1.1057665	0.2215909	0.95240134	1.0	4409	tags=34%, list=18%, signal=41%	
PID_RHOA_PATHWAY%MSIGDB_C2%PID_RHOA_PATHWAY	PID_RHOA_PATHWAY%MSIGDB_C2%PID_RHOA_PATHWAY		34	-0.3347068	-1.1047575	0.25641027	0.955187	1.0	3423	tags=29%, list=14%, signal=34%	
REGULATION OF PURINE NUCLEOTIDE CATABOLIC PROCESS%GOBP%GO:0033121	REGULATION OF PURINE NUCLEOTIDE CATABOLIC PROCESS%GOBP%GO:0033121		44	-0.31200424	-1.1042365	0.26778242	0.9558539	1.0	2491	tags=18%, list=10%, signal=20%	
DEGRADATION OF BETA-CATENIN BY THE DESTRUCTION COMPLEX%REACTOME%R-HSA-195253.4	DEGRADATION OF BETA-CATENIN BY THE DESTRUCTION COMPLEX%REACTOME%R-HSA-195253.4		70	-0.28290677	-1.104166	0.23033708	0.95431554	1.0	4409	tags=33%, list=18%, signal=40%	
TRANSLESION SYNTHESIS BY REV1%REACTOME%R-HSA-110312.3	TRANSLESION SYNTHESIS BY REV1%REACTOME%R-HSA-110312.3		16	-0.41056743	-1.1037142	0.29807693	0.95451355	1.0	3772	tags=31%, list=15%, signal=37%	
EPO SIGNALING PATHWAY%PATHWHIZ%PW070692	EPO SIGNALING PATHWAY%PATHWHIZ%PW070692		17	-0.3895271	-1.1033881	0.30769232	0.95407563	1.0	1334	tags=18%, list=5%, signal=19%	
POSITIVE REGULATION OF PROTEOLYSIS%GOBP%GO:0045862	POSITIVE REGULATION OF PROTEOLYSIS%GOBP%GO:0045862		61	-0.29691255	-1.102183	0.27683616	0.9577306	1.0	2106	tags=18%, list=9%, signal=20%	
FGF SIGNALING PATHWAY%PATHWAY INTERACTION DATABASE NCI-NATURE CURATED DATA%FGF SIGNALING PATHWAY	FGF SIGNALING PATHWAY%PATHWAY INTERACTION DATABASE NCI-NATURE CURATED DATA%FGF SIGNALING PATHWAY		46	-0.3055028	-1.1016012	0.28440368	0.9584907	1.0	1396	tags=15%, list=6%, signal=16%	
GENITALIA DEVELOPMENT%GOBP%GO:0048806	GENITALIA DEVELOPMENT%GOBP%GO:0048806		19	-0.38372296	-1.1011539	0.32068965	0.9586186	1.0	4386	tags=32%, list=18%, signal=38%	
DIENCEPHALON DEVELOPMENT%GOBP%GO:0021536	DIENCEPHALON DEVELOPMENT%GOBP%GO:0021536		21	-0.3762378	-1.1008012	0.31690142	0.9584473	1.0	4315	tags=43%, list=18%, signal=52%	
LEUCINE ISOLEUCINE AND VALINE METABOLISM%WIKIPATHWAYS_20260211%WP4686%HOMO SAPIENS	LEUCINE ISOLEUCINE AND VALINE METABOLISM%WIKIPATHWAYS_20260211%WP4686%HOMO SAPIENS		16	-0.3933722	-1.1004765	0.32890365	0.9580395	1.0	4260	tags=38%, list=17%, signal=45%	
NEGATIVE REGULATION OF CELL-SUBSTRATE ADHESION%GOBP%GO:0010812	NEGATIVE REGULATION OF CELL-SUBSTRATE ADHESION%GOBP%GO:0010812		55	-0.29649702	-1.0996804	0.26341462	0.96002084	1.0	2952	tags=22%, list=12%, signal=25%	
HALLMARK_UV_RESPONSE_UP%MSIGDBHALLMARK%HALLMARK_UV_RESPONSE_UP	HALLMARK_UV_RESPONSE_UP%MSIGDBHALLMARK%HALLMARK_UV_RESPONSE_UP		130	-0.26465598	-1.0989559	0.23636363	0.96144676	1.0	4563	tags=25%, list=19%, signal=31%	
ENERGY RESERVE METABOLIC PROCESS%GOBP%GO:0006112	ENERGY RESERVE METABOLIC PROCESS%GOBP%GO:0006112		42	-0.3126223	-1.0988652	0.24680851	0.95998263	1.0	2884	tags=17%, list=12%, signal=19%	
SMITH MAGENIS AND POTOCKI LUPSKI SYNDROME COPY NUMBER VARIATION%WIKIPATHWAYS_20260211%WP5381%HOMO SAPIENS	SMITH MAGENIS AND POTOCKI LUPSKI SYNDROME COPY NUMBER VARIATION%WIKIPATHWAYS_20260211%WP5381%HOMO SAPIENS		126	-0.25711325	-1.097129	0.2	0.966055	1.0	2275	tags=15%, list=9%, signal=17%	
REGULATION OF HIPPO SIGNALING%GOBP%GO:0035330	REGULATION OF HIPPO SIGNALING%GOBP%GO:0035330		45	-0.30866733	-1.0964967	0.28504673	0.9671202	1.0	3454	tags=22%, list=14%, signal=26%	
PROTEIN SYNTHESIS: HISTIDINE%PATHWHIZ%PW112929	PROTEIN SYNTHESIS: HISTIDINE%PATHWHIZ%PW112929		79	-0.28124052	-1.0964044	0.25301206	0.96571803	1.0	6023	tags=34%, list=25%, signal=45%	
REGULATION OF NUCLEOTIDE CATABOLIC PROCESS%GOBP%GO:0030811	REGULATION OF NUCLEOTIDE CATABOLIC PROCESS%GOBP%GO:0030811		44	-0.31200424	-1.0949314	0.31196582	0.97064126	1.0	2491	tags=18%, list=10%, signal=20%	
REGULATION OF MRNA STABILITY BY PROTEINS THAT BIND AU-RICH ELEMENTS%REACTOME%R-HSA-450531.6	REGULATION OF MRNA STABILITY BY PROTEINS THAT BIND AU-RICH ELEMENTS%REACTOME%R-HSA-450531.6		73	-0.2857789	-1.093448	0.25925925	0.9756801	1.0	5101	tags=38%, list=21%, signal=48%	
REGULATION OF GLYCOLYTIC PROCESS%GOBP%GO:0006110	REGULATION OF GLYCOLYTIC PROCESS%GOBP%GO:0006110		44	-0.31200424	-1.0933177	0.28015563	0.9744209	1.0	2491	tags=18%, list=10%, signal=20%	
APC C:CDH1 MEDIATED DEGRADATION OF CDC20 AND OTHER APC C:CDH1 TARGETED PROTEINS IN LATE MITOSIS EARLY G1%REACTOME DATABASE ID RELEASE 95%174178	APC C:CDH1 MEDIATED DEGRADATION OF CDC20 AND OTHER APC C:CDH1 TARGETED PROTEINS IN LATE MITOSIS EARLY G1%REACTOME DATABASE ID RELEASE 95%174178		61	-0.28814197	-1.0931246	0.2631579	0.97342217	1.0	4690	tags=36%, list=19%, signal=44%	
PID_SMAD2_3NUCLEAR_PATHWAY%MSIGDB_C2%PID_SMAD2_3NUCLEAR_PATHWAY	PID_SMAD2_3NUCLEAR_PATHWAY%MSIGDB_C2%PID_SMAD2_3NUCLEAR_PATHWAY		66	-0.2858099	-1.0930759	0.25	0.97177875	1.0	4733	tags=26%, list=19%, signal=32%	
PID_NCADHERIN_PATHWAY%MSIGDB_C2%PID_NCADHERIN_PATHWAY	PID_NCADHERIN_PATHWAY%MSIGDB_C2%PID_NCADHERIN_PATHWAY		29	-0.34023836	-1.0923759	0.3114754	0.97320527	1.0	3175	tags=24%, list=13%, signal=28%	
REGULATION OF BONE RESORPTION%GOBP%GO:0045124	REGULATION OF BONE RESORPTION%GOBP%GO:0045124		35	-0.32577038	-1.0923071	0.30120483	0.9717086	1.0	1692	tags=17%, list=7%, signal=18%	
PEPTIDE HORMONE METABOLISM%REACTOME DATABASE ID RELEASE 95%2980736	PEPTIDE HORMONE METABOLISM%REACTOME DATABASE ID RELEASE 95%2980736		85	-0.27331883	-1.0922722	0.2278481	0.9700417	1.0	1380	tags=13%, list=6%, signal=14%	
REGULATION OF STRIATED MUSCLE CELL DIFFERENTIATION%GOBP%GO:0051153	REGULATION OF STRIATED MUSCLE CELL DIFFERENTIATION%GOBP%GO:0051153		48	-0.3006634	-1.0916682	0.26760563	0.97102475	1.0	2934	tags=25%, list=12%, signal=28%	
REGULATION OF GRANULOCYTE MACROPHAGE COLONY-STIMULATING FACTOR PRODUCTION%GOBP%GO:0032645	REGULATION OF GRANULOCYTE MACROPHAGE COLONY-STIMULATING FACTOR PRODUCTION%GOBP%GO:0032645		15	-0.40478435	-1.0906167	0.3018868	0.97408843	1.0	622	tags=13%, list=3%, signal=14%	
CIRCADIAN REGULATION OF GENE EXPRESSION%GOBP%GO:0032922	CIRCADIAN REGULATION OF GENE EXPRESSION%GOBP%GO:0032922		65	-0.28848407	-1.0905474	0.2617801	0.972563	1.0	3547	tags=23%, list=14%, signal=27%	
GLYCOLYTIC PROCESS THROUGH GLUCOSE-6-PHOSPHATE%GOBP%GO:0061620	GLYCOLYTIC PROCESS THROUGH GLUCOSE-6-PHOSPHATE%GOBP%GO:0061620		19	-0.37774488	-1.0885286	0.31632653	0.9802138	1.0	2052	tags=26%, list=8%, signal=29%	
ENDOPLASMIC RETICULUM CALCIUM ION HOMEOSTASIS%GOBP%GO:0032469	ENDOPLASMIC RETICULUM CALCIUM ION HOMEOSTASIS%GOBP%GO:0032469		22	-0.3661003	-1.0883732	0.3257329	0.9791529	1.0	1873	tags=18%, list=8%, signal=20%	
NEGATIVE REGULATION OF DNA-TEMPLATED TRANSCRIPTION, ELONGATION%GOBP%GO:0032785	NEGATIVE REGULATION OF DNA-TEMPLATED TRANSCRIPTION, ELONGATION%GOBP%GO:0032785		23	-0.36049575	-1.0882229	0.3274648	0.97800356	1.0	3599	tags=30%, list=15%, signal=36%	
AUTOPHAGY OF PEROXISOME%GOBP%GO:0030242	AUTOPHAGY OF PEROXISOME%GOBP%GO:0030242		16	-0.3898368	-1.0872723	0.33114755	0.98073626	1.0	6033	tags=56%, list=25%, signal=75%	
ACTIVATION OF APC C AND APC C:CDC20 MEDIATED DEGRADATION OF MITOTIC PROTEINS%REACTOME DATABASE ID RELEASE 95%176814	ACTIVATION OF APC C AND APC C:CDC20 MEDIATED DEGRADATION OF MITOTIC PROTEINS%REACTOME DATABASE ID RELEASE 95%176814		64	-0.28829128	-1.0867333	0.25862068	0.98150915	1.0	4690	tags=36%, list=19%, signal=44%	
PROTEIN SYNTHESIS: ASPARTIC ACID%SMPDB%SMP0111858	PROTEIN SYNTHESIS: ASPARTIC ACID%SMPDB%SMP0111858		79	-0.2739708	-1.0862267	0.2621951	0.98190445	1.0	6023	tags=34%, list=25%, signal=45%	
REGULATION OF HORMONE BIOSYNTHETIC PROCESS%GOBP%GO:0046885	REGULATION OF HORMONE BIOSYNTHETIC PROCESS%GOBP%GO:0046885		17	-0.39688107	-1.0859687	0.330033	0.9812919	1.0	3520	tags=24%, list=14%, signal=27%	
ABC-FAMILY PROTEINS MEDIATED TRANSPORT%REACTOME%R-HSA-382556.6	ABC-FAMILY PROTEINS MEDIATED TRANSPORT%REACTOME%R-HSA-382556.6		90	-0.2644787	-1.0854632	0.23178808	0.98187697	1.0	4409	tags=29%, list=18%, signal=35%	
HEMATOPOIETIC PROGENITOR CELL DIFFERENTIATION%GOBP%GO:0002244	HEMATOPOIETIC PROGENITOR CELL DIFFERENTIATION%GOBP%GO:0002244		31	-0.33605236	-1.0852824	0.30656934	0.9809024	1.0	4119	tags=32%, list=17%, signal=39%	
CIRCADIAN CLOCK%REACTOME DATABASE ID RELEASE 95%9909396	CIRCADIAN CLOCK%REACTOME DATABASE ID RELEASE 95%9909396		108	-0.2653739	-1.0843749	0.26845637	0.9832399	1.0	5481	tags=36%, list=22%, signal=46%	
MBDNF AND PROBDNF REGULATION OF GABA NEUROTRANSMISSION%WIKIPATHWAYS_20260211%WP4829%HOMO SAPIENS	MBDNF AND PROBDNF REGULATION OF GABA NEUROTRANSMISSION%WIKIPATHWAYS_20260211%WP4829%HOMO SAPIENS		31	-0.32794338	-1.0843326	0.32061067	0.98162025	1.0	1382	tags=13%, list=6%, signal=14%	
REGULATION OF TRIGLYCERIDE BIOSYNTHETIC PROCESS%GOBP%GO:0010866	REGULATION OF TRIGLYCERIDE BIOSYNTHETIC PROCESS%GOBP%GO:0010866		17	-0.3913192	-1.0842448	0.33442622	0.980212	1.0	3558	tags=29%, list=15%, signal=34%	
NEURAL CREST CELL MIGRATION DURING DEVELOPMENT%WIKIPATHWAYS_20260211%WP4564%HOMO SAPIENS	NEURAL CREST CELL MIGRATION DURING DEVELOPMENT%WIKIPATHWAYS_20260211%WP4564%HOMO SAPIENS		28	-0.34124082	-1.0840045	0.3183391	0.97948754	1.0	1488	tags=18%, list=6%, signal=19%	
PEXOPHAGY%GOBP%GO:0000425	PEXOPHAGY%GOBP%GO:0000425		16	-0.3898368	-1.0835085	0.33881578	0.97991854	1.0	6033	tags=56%, list=25%, signal=75%	
GALANIN RECEPTOR PATHWAY%WIKIPATHWAYS_20260211%WP4970%HOMO SAPIENS	GALANIN RECEPTOR PATHWAY%WIKIPATHWAYS_20260211%WP4970%HOMO SAPIENS		15	-0.3936055	-1.0834706	0.31746033	0.97828054	1.0	2737	tags=27%, list=11%, signal=30%	
PROTEIN SYNTHESIS: GLUTAMINE%SMPDB%SMP0111862	PROTEIN SYNTHESIS: GLUTAMINE%SMPDB%SMP0111862		79	-0.2773974	-1.082215	0.23563218	0.9822641	1.0	6023	tags=34%, list=25%, signal=45%	
U12 DEPENDENT SPLICING%REACTOME%R-HSA-72165.3	U12 DEPENDENT SPLICING%REACTOME%R-HSA-72165.3		50	-0.29884705	-1.0814	0.2955665	0.98414165	1.0	4627	tags=34%, list=19%, signal=42%	
NEGATIVE REGULATION OF MUSCLE CELL APOPTOTIC PROCESS%GOBP%GO:0010656	NEGATIVE REGULATION OF MUSCLE CELL APOPTOTIC PROCESS%GOBP%GO:0010656		26	-0.33658648	-1.0809968	0.29104477	0.9842511	1.0	4098	tags=23%, list=17%, signal=28%	
RESPONSE TO MISFOLDED PROTEIN%GOBP%GO:0051788	RESPONSE TO MISFOLDED PROTEIN%GOBP%GO:0051788		19	-0.38341874	-1.0808792	0.3309091	0.9830168	1.0	4137	tags=37%, list=17%, signal=44%	
ENDOCHONDRAL BONE MORPHOGENESIS%GOBP%GO:0060350	ENDOCHONDRAL BONE MORPHOGENESIS%GOBP%GO:0060350		19	-0.3796738	-1.0791942	0.3028169	0.9888925	1.0	332	tags=11%, list=1%, signal=11%	
CEREBELLAR CORTEX MORPHOGENESIS%GOBP%GO:0021696	CEREBELLAR CORTEX MORPHOGENESIS%GOBP%GO:0021696		16	-0.39372703	-1.0790831	0.33105803	0.9876609	1.0	4315	tags=50%, list=18%, signal=61%	
PID_RB_1PATHWAY%MSIGDB_C2%PID_RB_1PATHWAY	PID_RB_1PATHWAY%MSIGDB_C2%PID_RB_1PATHWAY		58	-0.29013845	-1.0784986	0.30729166	0.9886099	1.0	332	tags=9%, list=1%, signal=9%	
POSITIVE REGULATION OF INTRINSIC APOPTOTIC SIGNALING PATHWAY%GOBP%GO:2001244	POSITIVE REGULATION OF INTRINSIC APOPTOTIC SIGNALING PATHWAY%GOBP%GO:2001244		42	-0.30544007	-1.0782256	0.30962342	0.9881733	1.0	1875	tags=14%, list=8%, signal=15%	
COLLAGEN FORMATION%REACTOME%R-HSA-1474290.5	COLLAGEN FORMATION%REACTOME%R-HSA-1474290.5		89	-0.2734963	-1.078019	0.25157234	0.98734623	1.0	2652	tags=17%, list=11%, signal=19%	
RESPONSE TO HYPOXIA%GOBP%GO:0001666	RESPONSE TO HYPOXIA%GOBP%GO:0001666		136	-0.25234672	-1.0778964	0.23728813	0.986099	1.0	2802	tags=20%, list=11%, signal=22%	
CENTRAL NERVOUS SYSTEM NEURON DIFFERENTIATION%GOBP%GO:0021953	CENTRAL NERVOUS SYSTEM NEURON DIFFERENTIATION%GOBP%GO:0021953		93	-0.26567522	-1.077494	0.2536232	0.9861568	1.0	3108	tags=19%, list=13%, signal=22%	
SIGNALING BY NTRK1 (TRKA)%REACTOME%R-HSA-187037.4	SIGNALING BY NTRK1 (TRKA)%REACTOME%R-HSA-187037.4		111	-0.26228786	-1.077193	0.22857143	0.9858804	1.0	903	tags=8%, list=4%, signal=8%	
5-HYDROXYTRYPTAMINE DEGREDATION%PANTHER PATHWAY%P04372	5-HYDROXYTRYPTAMINE DEGREDATION%PANTHER PATHWAY%P04372		18	-0.37230793	-1.0770952	0.34415585	0.98462516	1.0	2229	tags=28%, list=9%, signal=31%	
E-CADHERIN SIGNALING IN THE NASCENT ADHERENS JUNCTION%PATHWAY INTERACTION DATABASE NCI-NATURE CURATED DATA%E-CADHERIN SIGNALING IN THE NASCENT ADHERENS JUNCTION	E-CADHERIN SIGNALING IN THE NASCENT ADHERENS JUNCTION%PATHWAY INTERACTION DATABASE NCI-NATURE CURATED DATA%E-CADHERIN SIGNALING IN THE NASCENT ADHERENS JUNCTION		36	-0.3208207	-1.0749476	0.29411766	0.9929945	1.0	4758	tags=33%, list=19%, signal=41%	
PELO:HBS1L AND ABCE1 DISSOCIATE A RIBOSOME ON A NON-STOP MRNA%REACTOME%R-HSA-9954714.2	PELO:HBS1L AND ABCE1 DISSOCIATE A RIBOSOME ON A NON-STOP MRNA%REACTOME%R-HSA-9954714.2		89	-0.27135044	-1.0743661	0.328125	0.99379975	1.0	6117	tags=35%, list=25%, signal=46%	
POSITIVE REGULATION OF DNA-TEMPLATED TRANSCRIPTION INITIATION%GOBP%GO:2000144	POSITIVE REGULATION OF DNA-TEMPLATED TRANSCRIPTION INITIATION%GOBP%GO:2000144		64	-0.27981332	-1.0741457	0.30660376	0.9930678	1.0	2631	tags=19%, list=11%, signal=21%	
CELLULAR RESPONSE TO HEAT STRESS%REACTOME DATABASE ID RELEASE 95%3371556	CELLULAR RESPONSE TO HEAT STRESS%REACTOME DATABASE ID RELEASE 95%3371556		87	-0.2736702	-1.0736182	0.27564102	0.9938257	1.0	2956	tags=17%, list=12%, signal=20%	
NEURAL PRECURSOR CELL PROLIFERATION%GOBP%GO:0061351	NEURAL PRECURSOR CELL PROLIFERATION%GOBP%GO:0061351		36	-0.3223348	-1.0733322	0.3469388	0.99332654	1.0	605	tags=8%, list=2%, signal=9%	
G PROTEIN-COUPLED GLUTAMATE RECEPTOR SIGNALING PATHWAY%GOBP%GO:0007216	G PROTEIN-COUPLED GLUTAMATE RECEPTOR SIGNALING PATHWAY%GOBP%GO:0007216		15	-0.39636058	-1.0728717	0.3171521	0.99369514	1.0	676	tags=20%, list=3%, signal=21%	
ACTIVATION OF BH3-ONLY PROTEINS%REACTOME DATABASE ID RELEASE 95%114452	ACTIVATION OF BH3-ONLY PROTEINS%REACTOME DATABASE ID RELEASE 95%114452		30	-0.33081242	-1.0728217	0.3127413	0.9921997	1.0	2400	tags=23%, list=10%, signal=26%	
CELL FATE SPECIFICATION%GOBP%GO:0001708	CELL FATE SPECIFICATION%GOBP%GO:0001708		48	-0.3039142	-1.0721815	0.27234042	0.9934585	1.0	3792	tags=21%, list=15%, signal=25%	
CLEAR CELL RENAL CELL CARCINOMA PATHWAYS%WIKIPATHWAYS_20260211%WP4018%HOMO SAPIENS	CLEAR CELL RENAL CELL CARCINOMA PATHWAYS%WIKIPATHWAYS_20260211%WP4018%HOMO SAPIENS		60	-0.28588343	-1.0711039	0.325	0.9968012	1.0	2177	tags=17%, list=9%, signal=18%	
OMEGA 6 FATTY ACIDS IN SENESCENCE%WIKIPATHWAYS_20260211%WP5424%HOMO SAPIENS	OMEGA 6 FATTY ACIDS IN SENESCENCE%WIKIPATHWAYS_20260211%WP5424%HOMO SAPIENS		29	-0.33010036	-1.0710405	0.32713756	0.99535054	1.0	2737	tags=21%, list=11%, signal=23%	
ENERGY METABOLISM%WIKIPATHWAYS_20260211%WP1541%HOMO SAPIENS	ENERGY METABOLISM%WIKIPATHWAYS_20260211%WP1541%HOMO SAPIENS		41	-0.30178866	-1.0710009	0.3167421	0.99377304	1.0	2491	tags=17%, list=10%, signal=19%	
ESTROGEN-DEPENDENT GENE EXPRESSION%REACTOME DATABASE ID RELEASE 95%9018519	ESTROGEN-DEPENDENT GENE EXPRESSION%REACTOME DATABASE ID RELEASE 95%9018519		116	-0.2579554	-1.0705364	0.25185186	0.99423546	1.0	2296	tags=17%, list=9%, signal=19%	
PID_BMP_PATHWAY%MSIGDB_C2%PID_BMP_PATHWAY	PID_BMP_PATHWAY%MSIGDB_C2%PID_BMP_PATHWAY		31	-0.3380291	-1.0691274	0.35036495	0.9992154	1.0	4184	tags=32%, list=17%, signal=39%	
ESTABLISHMENT OF PROTEIN LOCALIZATION TO EXTRACELLULAR REGION%GOBP%GO:0035592	ESTABLISHMENT OF PROTEIN LOCALIZATION TO EXTRACELLULAR REGION%GOBP%GO:0035592		71	-0.2730637	-1.0688394	0.2826087	0.9989301	1.0	2718	tags=18%, list=11%, signal=21%	
BIOCARTA_IGF1_PATHWAY%MSIGDB_C2%BIOCARTA_IGF1_PATHWAY	BIOCARTA_IGF1_PATHWAY%MSIGDB_C2%BIOCARTA_IGF1_PATHWAY		17	-0.37556943	-1.0678607	0.34931508	1.0	1.0	1334	tags=18%, list=5%, signal=19%	
REGULATION OF NEUROTRANSMITTER RECEPTOR ACTIVITY%GOBP%GO:0099601	REGULATION OF NEUROTRANSMITTER RECEPTOR ACTIVITY%GOBP%GO:0099601		18	-0.37486836	-1.0667096	0.32107022	1.0	1.0	4223	tags=33%, list=17%, signal=40%	
MITOCHONDRIAL CALCIUM ION TRANSPORT%REACTOME DATABASE ID RELEASE 95%8949215	MITOCHONDRIAL CALCIUM ION TRANSPORT%REACTOME DATABASE ID RELEASE 95%8949215		23	-0.35165894	-1.0656563	0.35353535	1.0	1.0	1215	tags=9%, list=5%, signal=9%	
DIGESTIVE SYSTEM PROCESS%GOBP%GO:0022600	DIGESTIVE SYSTEM PROCESS%GOBP%GO:0022600		54	-0.289734	-1.0654155	0.31958762	1.0	1.0	1810	tags=13%, list=7%, signal=14%	
RENAL ABSORPTION%GOBP%GO:0070293	RENAL ABSORPTION%GOBP%GO:0070293		27	-0.33488488	-1.0650051	0.32550335	1.0	1.0	1982	tags=22%, list=8%, signal=24%	
NEURAL CREST CELL MIGRATION IN CANCER%WIKIPATHWAYS_20260211%WP4565%HOMO SAPIENS	NEURAL CREST CELL MIGRATION IN CANCER%WIKIPATHWAYS_20260211%WP4565%HOMO SAPIENS		31	-0.33146116	-1.064877	0.33606556	1.0	1.0	1488	tags=16%, list=6%, signal=17%	
POSITIVE REGULATION OF TRANSLATION%GOBP%GO:0045727	POSITIVE REGULATION OF TRANSLATION%GOBP%GO:0045727		117	-0.25255102	-1.0645144	0.29268292	1.0	1.0	3958	tags=26%, list=16%, signal=30%	
MAJOR PATHWAY OF RRNA PROCESSING IN THE NUCLEOLUS AND CYTOSOL%REACTOME%R-HSA-6791226.5	MAJOR PATHWAY OF RRNA PROCESSING IN THE NUCLEOLUS AND CYTOSOL%REACTOME%R-HSA-6791226.5		182	-0.24202424	-1.0638205	0.25641027	1.0	1.0	5877	tags=37%, list=24%, signal=48%	
REGULATION OF SMOOTH MUSCLE CELL APOPTOTIC PROCESS%GOBP%GO:0034391	REGULATION OF SMOOTH MUSCLE CELL APOPTOTIC PROCESS%GOBP%GO:0034391		22	-0.3475444	-1.0627909	0.36879432	1.0	1.0	6967	tags=55%, list=28%, signal=76%	
POSITIVE REGULATION OF CELL MIGRATION INVOLVED IN SPROUTING ANGIOGENESIS%GOBP%GO:0090050	POSITIVE REGULATION OF CELL MIGRATION INVOLVED IN SPROUTING ANGIOGENESIS%GOBP%GO:0090050		20	-0.36484897	-1.0625248	0.3594306	1.0	1.0	2297	tags=20%, list=9%, signal=22%	
LEUCINE STIMULATION ON INSULIN SIGNALING%SMPDB%SMP0000682	LEUCINE STIMULATION ON INSULIN SIGNALING%SMPDB%SMP0000682		15	-0.39345577	-1.0614771	0.36267605	1.0	1.0	3926	tags=27%, list=16%, signal=32%	
SUBSTANTIA NIGRA DEVELOPMENT%GOBP%GO:0021762	SUBSTANTIA NIGRA DEVELOPMENT%GOBP%GO:0021762		41	-0.30789685	-1.060722	0.33755276	1.0	1.0	2254	tags=17%, list=9%, signal=19%	
POSITIVE REGULATION OF RAS PROTEIN SIGNAL TRANSDUCTION%GOBP%GO:0046579	POSITIVE REGULATION OF RAS PROTEIN SIGNAL TRANSDUCTION%GOBP%GO:0046579		20	-0.36742148	-1.0605696	0.3509434	1.0	1.0	2047	tags=25%, list=8%, signal=27%	
INTERACTIONS BETWEEN LOXL4 AND OXIDATIVE STRESS PATHWAY%WIKIPATHWAYS_20260211%WP3670%HOMO SAPIENS	INTERACTIONS BETWEEN LOXL4 AND OXIDATIVE STRESS PATHWAY%WIKIPATHWAYS_20260211%WP3670%HOMO SAPIENS		16	-0.3940723	-1.0602553	0.36936936	1.0	1.0	2760	tags=19%, list=11%, signal=21%	
PROTEIN LOCALIZATION TO PHAGOPHORE ASSEMBLY SITE%GOBP%GO:0034497	PROTEIN LOCALIZATION TO PHAGOPHORE ASSEMBLY SITE%GOBP%GO:0034497		16	-0.3846389	-1.0598218	0.33910036	1.0	1.0	6507	tags=50%, list=27%, signal=68%	
NEGATIVE REGULATION OF GTPASE ACTIVITY%GOBP%GO:0034260	NEGATIVE REGULATION OF GTPASE ACTIVITY%GOBP%GO:0034260		15	-0.38642004	-1.0584207	0.3883495	1.0	1.0	693	tags=20%, list=3%, signal=21%	
PID_IL12_STAT4_PATHWAY%MSIGDB_C2%PID_IL12_STAT4_PATHWAY	PID_IL12_STAT4_PATHWAY%MSIGDB_C2%PID_IL12_STAT4_PATHWAY		27	-0.32957605	-1.0573262	0.35059762	1.0	1.0	1334	tags=15%, list=5%, signal=16%	
REGULATION OF MITOTIC CELL CYCLE%REACTOME DATABASE ID RELEASE 95%453276	REGULATION OF MITOTIC CELL CYCLE%REACTOME DATABASE ID RELEASE 95%453276		75	-0.26710865	-1.0572288	0.32222223	1.0	1.0	4690	tags=32%, list=19%, signal=39%	
BIOCARTA_MTOR_PATHWAY%MSIGDB_C2%BIOCARTA_MTOR_PATHWAY	BIOCARTA_MTOR_PATHWAY%MSIGDB_C2%BIOCARTA_MTOR_PATHWAY		17	-0.3740415	-1.0570087	0.37770897	1.0	1.0	4408	tags=29%, list=18%, signal=36%	
P53-DEPENDENT G1 DNA DAMAGE RESPONSE%REACTOME%R-HSA-69563.6	P53-DEPENDENT G1 DNA DAMAGE RESPONSE%REACTOME%R-HSA-69563.6		53	-0.28718615	-1.0568697	0.33170733	1.0	1.0	4658	tags=38%, list=19%, signal=46%	
RESOLUTION OF ABASIC SITES (AP SITES)%REACTOME DATABASE ID RELEASE 95%73933	RESOLUTION OF ABASIC SITES (AP SITES)%REACTOME DATABASE ID RELEASE 95%73933		36	-0.3141642	-1.0558108	0.34661356	1.0	1.0	5908	tags=39%, list=24%, signal=51%	
PROTEIN SECRETION%GOBP%GO:0009306	PROTEIN SECRETION%GOBP%GO:0009306		68	-0.27748516	-1.0553889	0.2947977	1.0	1.0	2718	tags=19%, list=11%, signal=21%	
NIK-->NONCANONICAL NF-KB SIGNALING%REACTOME%R-HSA-5676590.3	NIK-->NONCANONICAL NF-KB SIGNALING%REACTOME%R-HSA-5676590.3		46	-0.29830313	-1.0553324	0.3319838	1.0	1.0	4658	tags=37%, list=19%, signal=46%	
VALIDATED NUCLEAR ESTROGEN RECEPTOR ALPHA NETWORK%PATHWAY INTERACTION DATABASE NCI-NATURE CURATED DATA%VALIDATED NUCLEAR ESTROGEN RECEPTOR ALPHA NETWORK	VALIDATED NUCLEAR ESTROGEN RECEPTOR ALPHA NETWORK%PATHWAY INTERACTION DATABASE NCI-NATURE CURATED DATA%VALIDATED NUCLEAR ESTROGEN RECEPTOR ALPHA NETWORK		64	-0.28117222	-1.0552275	0.34715027	1.0	1.0	3195	tags=20%, list=13%, signal=23%	
RESPONSE TO DECREASED OXYGEN LEVELS%GOBP%GO:0036293	RESPONSE TO DECREASED OXYGEN LEVELS%GOBP%GO:0036293		139	-0.24770644	-1.0550374	0.26415095	1.0	1.0	2802	tags=19%, list=11%, signal=22%	
HORMONE SECRETION%GOBP%GO:0046879	HORMONE SECRETION%GOBP%GO:0046879		36	-0.32176954	-1.0547433	0.33070865	1.0	1.0	3654	tags=25%, list=15%, signal=29%	
PROTEIN LOCALIZATION TO EXTRACELLULAR REGION%GOBP%GO:0071692	PROTEIN LOCALIZATION TO EXTRACELLULAR REGION%GOBP%GO:0071692		70	-0.2748407	-1.0541973	0.30653265	1.0	1.0	2718	tags=19%, list=11%, signal=21%	
PID_FGF_PATHWAY%MSIGDB_C2%PID_FGF_PATHWAY	PID_FGF_PATHWAY%MSIGDB_C2%PID_FGF_PATHWAY		43	-0.30422089	-1.0539246	0.37109375	1.0	1.0	1396	tags=16%, list=6%, signal=17%	
ENTRAINMENT OF CIRCADIAN CLOCK BY PHOTOPERIOD%GOBP%GO:0043153	ENTRAINMENT OF CIRCADIAN CLOCK BY PHOTOPERIOD%GOBP%GO:0043153		23	-0.35124305	-1.0538203	0.37676057	1.0	1.0	4964	tags=39%, list=20%, signal=49%	
NEGATIVE REGULATION OF STRESS FIBER ASSEMBLY%GOBP%GO:0051497	NEGATIVE REGULATION OF STRESS FIBER ASSEMBLY%GOBP%GO:0051497		23	-0.34180516	-1.0530275	0.36764705	1.0	1.0	4271	tags=30%, list=17%, signal=37%	
BIOCARTA_VEGF_PATHWAY%MSIGDB_C2%BIOCARTA_VEGF_PATHWAY	BIOCARTA_VEGF_PATHWAY%MSIGDB_C2%BIOCARTA_VEGF_PATHWAY		22	-0.34498054	-1.0527692	0.3691756	1.0	1.0	3070	tags=18%, list=13%, signal=21%	
REGULATION OF PROTEIN EXIT FROM ENDOPLASMIC RETICULUM%GOBP%GO:0070861	REGULATION OF PROTEIN EXIT FROM ENDOPLASMIC RETICULUM%GOBP%GO:0070861		31	-0.32714447	-1.052536	0.37096775	1.0	1.0	2857	tags=19%, list=12%, signal=22%	
CHONDROITIN SULFATE PROTEOGLYCAN METABOLIC PROCESS%GOBP%GO:0050654	CHONDROITIN SULFATE PROTEOGLYCAN METABOLIC PROCESS%GOBP%GO:0050654		31	-0.3195317	-1.0524368	0.3540146	1.0	1.0	1980	tags=16%, list=8%, signal=18%	
REGULATION OF CIRCADIAN RHYTHM%GOBP%GO:0042752	REGULATION OF CIRCADIAN RHYTHM%GOBP%GO:0042752		101	-0.25305098	-1.051734	0.3203125	1.0	1.0	3654	tags=24%, list=15%, signal=28%	
REGULATION OF DNA-TEMPLATED TRANSCRIPTION INITIATION%GOBP%GO:2000142	REGULATION OF DNA-TEMPLATED TRANSCRIPTION INITIATION%GOBP%GO:2000142		82	-0.26532072	-1.0516411	0.33139536	1.0	1.0	2734	tags=18%, list=11%, signal=21%	
MITOCHONDRIAL CALCIUM ION HOMEOSTASIS%GOBP%GO:0051560	MITOCHONDRIAL CALCIUM ION HOMEOSTASIS%GOBP%GO:0051560		20	-0.3704677	-1.0512847	0.34285715	1.0	1.0	1873	tags=15%, list=8%, signal=16%	
PROTEIN SYNTHESIS: ARGININE%SMPDB%SMP0111853	PROTEIN SYNTHESIS: ARGININE%SMPDB%SMP0111853		79	-0.26772818	-1.051237	0.3292683	1.0	1.0	6023	tags=34%, list=25%, signal=45%	
ABC TRANSPORTER DISORDERS%REACTOME%R-HSA-5619084.7	ABC TRANSPORTER DISORDERS%REACTOME%R-HSA-5619084.7		65	-0.2835837	-1.0507457	0.3219512	1.0	1.0	4409	tags=31%, list=18%, signal=37%	
PHOTOPERIODISM%GOBP%GO:0009648	PHOTOPERIODISM%GOBP%GO:0009648		24	-0.3507894	-1.0506827	0.35986158	1.0	1.0	4964	tags=38%, list=20%, signal=47%	
PROTEIN SYNTHESIS: LEUCINE%SMPDB%SMP0111873	PROTEIN SYNTHESIS: LEUCINE%SMPDB%SMP0111873		79	-0.26496685	-1.0505412	0.35664335	1.0	1.0	6023	tags=34%, list=25%, signal=45%	
VIRAL GENE EXPRESSION%GOBP%GO:0019080	VIRAL GENE EXPRESSION%GOBP%GO:0019080		52	-0.2905576	-1.0502936	0.35748792	1.0	1.0	1460	tags=13%, list=6%, signal=14%	
NEGATIVE REGULATION OF EPITHELIAL CELL PROLIFERATION%GOBP%GO:0050680	NEGATIVE REGULATION OF EPITHELIAL CELL PROLIFERATION%GOBP%GO:0050680		84	-0.26800486	-1.0502911	0.30921054	1.0	1.0	3082	tags=14%, list=13%, signal=16%	
P53-DEPENDENT G1 S DNA DAMAGE CHECKPOINT%REACTOME DATABASE ID RELEASE 95%69580	P53-DEPENDENT G1 S DNA DAMAGE CHECKPOINT%REACTOME DATABASE ID RELEASE 95%69580		53	-0.28718615	-1.049613	0.3488372	1.0	1.0	4658	tags=38%, list=19%, signal=46%	
TRANSPORT ACROSS BLOOD-BRAIN BARRIER%GOBP%GO:0150104	TRANSPORT ACROSS BLOOD-BRAIN BARRIER%GOBP%GO:0150104		88	-0.26312193	-1.0495454	0.2818792	1.0	1.0	2821	tags=20%, list=12%, signal=23%	
CELLULAR RESPONSE TO NUTRIENT LEVELS%GOBP%GO:0031669	CELLULAR RESPONSE TO NUTRIENT LEVELS%GOBP%GO:0031669		187	-0.23750328	-1.0490196	0.2835821	1.0	1.0	3724	tags=18%, list=15%, signal=21%	
COLLAGEN BIOSYNTHESIS AND MODIFYING ENZYMES%REACTOME%R-HSA-1650814.6	COLLAGEN BIOSYNTHESIS AND MODIFYING ENZYMES%REACTOME%R-HSA-1650814.6		67	-0.2744679	-1.0485876	0.33146068	1.0	1.0	1981	tags=13%, list=8%, signal=15%	
HAIR FOLLICLE DEVELOPMENT ORGANOGENESIS STAGE 2 OF 3%WIKIPATHWAYS_20260211%WP2839%HOMO SAPIENS	HAIR FOLLICLE DEVELOPMENT ORGANOGENESIS STAGE 2 OF 3%WIKIPATHWAYS_20260211%WP2839%HOMO SAPIENS		26	-0.32442003	-1.0484091	0.32962963	1.0	1.0	2400	tags=23%, list=10%, signal=26%	
UNFOLDED PROTEIN RESPONSE%WIKIPATHWAYS_20260211%WP4925%HOMO SAPIENS	UNFOLDED PROTEIN RESPONSE%WIKIPATHWAYS_20260211%WP4925%HOMO SAPIENS		18	-0.37155476	-1.047967	0.36842105	1.0	1.0	4818	tags=44%, list=20%, signal=55%	
HORMONE TRANSPORT%GOBP%GO:0009914	HORMONE TRANSPORT%GOBP%GO:0009914		45	-0.30009612	-1.0476224	0.36407766	1.0	1.0	3654	tags=24%, list=15%, signal=29%	
CONSTITUTIVE SIGNALING BY NOTCH1 HD DOMAIN MUTANTS%REACTOME%R-HSA-2691232.3	CONSTITUTIVE SIGNALING BY NOTCH1 HD DOMAIN MUTANTS%REACTOME%R-HSA-2691232.3		15	-0.3898697	-1.0473214	0.384127	1.0	1.0	4489	tags=40%, list=18%, signal=49%	
KEAP1-NFE2L2 PATHWAY%REACTOME%R-HSA-9755511.5	KEAP1-NFE2L2 PATHWAY%REACTOME%R-HSA-9755511.5		112	-0.2560095	-1.0469155	0.288	1.0	1.0	5479	tags=34%, list=22%, signal=44%	
CARBOXYTERMINAL POST-TRANSLATIONAL MODIFICATIONS OF TUBULIN%REACTOME DATABASE ID RELEASE 95%8955332	CARBOXYTERMINAL POST-TRANSLATIONAL MODIFICATIONS OF TUBULIN%REACTOME DATABASE ID RELEASE 95%8955332		42	-0.29739904	-1.0461137	0.34579438	1.0	1.0	4821	tags=36%, list=20%, signal=44%	
PID_P38_ALPHA_BETA_DOWNSTREAM_PATHWAY%MSIGDB_C2%PID_P38_ALPHA_BETA_DOWNSTREAM_PATHWAY	PID_P38_ALPHA_BETA_DOWNSTREAM_PATHWAY%MSIGDB_C2%PID_P38_ALPHA_BETA_DOWNSTREAM_PATHWAY		26	-0.33195272	-1.0453055	0.39179105	1.0	1.0	3849	tags=27%, list=16%, signal=32%	
RHO GTPASES ACTIVATE PKNS%REACTOME%R-HSA-5625740.3	RHO GTPASES ACTIVATE PKNS%REACTOME%R-HSA-5625740.3		61	-0.27472562	-1.0444882	0.3233831	1.0	1.0	1889	tags=13%, list=8%, signal=14%	
NEGATIVE REGULATION OF ACTIN FILAMENT BUNDLE ASSEMBLY%GOBP%GO:0032232	NEGATIVE REGULATION OF ACTIN FILAMENT BUNDLE ASSEMBLY%GOBP%GO:0032232		27	-0.33080977	-1.0444236	0.38396624	1.0	1.0	4271	tags=30%, list=17%, signal=36%	
REGULATION OF RETINOBLASTOMA PROTEIN%PATHWAY INTERACTION DATABASE NCI-NATURE CURATED DATA%REGULATION OF RETINOBLASTOMA PROTEIN	REGULATION OF RETINOBLASTOMA PROTEIN%PATHWAY INTERACTION DATABASE NCI-NATURE CURATED DATA%REGULATION OF RETINOBLASTOMA PROTEIN		65	-0.27506447	-1.0442283	0.35858586	1.0	1.0	332	tags=8%, list=1%, signal=8%	
CD8-POSITIVE, ALPHA-BETA T CELL HOMEOSTASIS%GOBP%GO:0160165	CD8-POSITIVE, ALPHA-BETA T CELL HOMEOSTASIS%GOBP%GO:0160165		15	-0.3808277	-1.0440191	0.35603714	1.0	1.0	2798	tags=20%, list=11%, signal=23%	
CELLULAR RESPONSE TO LIPOPOLYSACCHARIDE%GOBP%GO:0071222	CELLULAR RESPONSE TO LIPOPOLYSACCHARIDE%GOBP%GO:0071222		122	-0.24726035	-1.0439721	0.34545454	1.0	1.0	2246	tags=15%, list=9%, signal=16%	
SIGNALING BY NOTCH1 HD DOMAIN MUTANTS IN CANCER%REACTOME DATABASE ID RELEASE 95%2691230	SIGNALING BY NOTCH1 HD DOMAIN MUTANTS IN CANCER%REACTOME DATABASE ID RELEASE 95%2691230		15	-0.3898697	-1.0431963	0.39817628	1.0	1.0	4489	tags=40%, list=18%, signal=49%	
REGULATION OF CELLULAR RESPONSE TO HEAT%GOBP%GO:1900034	REGULATION OF CELLULAR RESPONSE TO HEAT%GOBP%GO:1900034		16	-0.37964374	-1.041863	0.37762237	1.0	1.0	1950	tags=19%, list=8%, signal=20%	
VASCULAR TRANSPORT%GOBP%GO:0010232	VASCULAR TRANSPORT%GOBP%GO:0010232		88	-0.26312193	-1.0418533	0.33333334	1.0	1.0	2821	tags=20%, list=12%, signal=23%	
SPERM AXONEME ASSEMBLY%GOBP%GO:0007288	SPERM AXONEME ASSEMBLY%GOBP%GO:0007288		26	-0.3390324	-1.041471	0.37728938	1.0	1.0	3937	tags=27%, list=16%, signal=32%	
POSITIVE REGULATION OF INSULIN SECRETION%GOBP%GO:0032024	POSITIVE REGULATION OF INSULIN SECRETION%GOBP%GO:0032024		49	-0.29340544	-1.0414145	0.3617021	1.0	1.0	2646	tags=16%, list=11%, signal=18%	
CANONICAL WNT SIGNALING PATHWAY%PATHWAY INTERACTION DATABASE NCI-NATURE CURATED DATA%CANONICAL WNT SIGNALING PATHWAY	CANONICAL WNT SIGNALING PATHWAY%PATHWAY INTERACTION DATABASE NCI-NATURE CURATED DATA%CANONICAL WNT SIGNALING PATHWAY		20	-0.35018185	-1.0391817	0.3888889	1.0	1.0	5230	tags=40%, list=21%, signal=51%	
MIR TARGETED GENES IN LEUKOCYTES%WIKIPATHWAYS_20260211%WP2003%HOMO SAPIENS	MIR TARGETED GENES IN LEUKOCYTES%WIKIPATHWAYS_20260211%WP2003%HOMO SAPIENS		103	-0.25480446	-1.0385308	0.37593985	1.0	1.0	2305	tags=18%, list=9%, signal=20%	
PID_DELTA_NP63_PATHWAY%MSIGDB_C2%PID_DELTA_NP63_PATHWAY	PID_DELTA_NP63_PATHWAY%MSIGDB_C2%PID_DELTA_NP63_PATHWAY		39	-0.3014538	-1.0377648	0.36065573	1.0	1.0	36	tags=5%, list=0%, signal=5%	
DECTIN-1 MEDIATED NONCANONICAL NF-KB SIGNALING%REACTOME DATABASE ID RELEASE 95%5607761	DECTIN-1 MEDIATED NONCANONICAL NF-KB SIGNALING%REACTOME DATABASE ID RELEASE 95%5607761		47	-0.2973259	-1.036345	0.37272727	1.0	1.0	4658	tags=36%, list=19%, signal=45%	
INTERMEDIATE FILAMENT ORGANIZATION%GOBP%GO:0045109	INTERMEDIATE FILAMENT ORGANIZATION%GOBP%GO:0045109		72	-0.26889482	-1.0357369	0.35978836	1.0	1.0	2803	tags=15%, list=11%, signal=17%	
APC C-MEDIATED DEGRADATION OF CELL CYCLE PROTEINS%REACTOME DATABASE ID RELEASE 95%174143	APC C-MEDIATED DEGRADATION OF CELL CYCLE PROTEINS%REACTOME DATABASE ID RELEASE 95%174143		75	-0.26710865	-1.0352875	0.38121548	1.0	1.0	4690	tags=32%, list=19%, signal=39%	
NUCLEOTIDE EXCISION REPAIR%WIKIPATHWAYS_20260211%WP4753%HOMO SAPIENS	NUCLEOTIDE EXCISION REPAIR%WIKIPATHWAYS_20260211%WP4753%HOMO SAPIENS		32	-0.32131314	-1.035285	0.3956044	1.0	1.0	5676	tags=47%, list=23%, signal=61%	
VIRAL PROTEIN PROCESSING%GOBP%GO:0019082	VIRAL PROTEIN PROCESSING%GOBP%GO:0019082		31	-0.31614918	-1.0352774	0.40977442	1.0	1.0	1460	tags=16%, list=6%, signal=17%	
AMINO ACID TRANSMEMBRANE TRANSPORT%GOBP%GO:0003333	AMINO ACID TRANSMEMBRANE TRANSPORT%GOBP%GO:0003333		74	-0.26576433	-1.035144	0.33529413	1.0	1.0	1702	tags=15%, list=7%, signal=16%	
EMBRYONIC SKELETAL SYSTEM DEVELOPMENT%GOBP%GO:0048706	EMBRYONIC SKELETAL SYSTEM DEVELOPMENT%GOBP%GO:0048706		60	-0.27405772	-1.0350415	0.36898395	1.0	1.0	3712	tags=23%, list=15%, signal=27%	
PLATELET SENSITIZATION BY LDL%REACTOME%R-HSA-432142.4	PLATELET SENSITIZATION BY LDL%REACTOME%R-HSA-432142.4		17	-0.37121466	-1.0346332	0.38032788	1.0	1.0	3454	tags=35%, list=14%, signal=41%	
REGULATION OF EXECUTION PHASE OF APOPTOSIS%GOBP%GO:1900117	REGULATION OF EXECUTION PHASE OF APOPTOSIS%GOBP%GO:1900117		18	-0.3665052	-1.0341167	0.39721254	1.0	1.0	3358	tags=39%, list=14%, signal=45%	
REGULATION OF LIPOPOLYSACCHARIDE-MEDIATED SIGNALING PATHWAY%GOBP%GO:0031664	REGULATION OF LIPOPOLYSACCHARIDE-MEDIATED SIGNALING PATHWAY%GOBP%GO:0031664		29	-0.31988072	-1.0336983	0.33189654	1.0	1.0	2246	tags=28%, list=9%, signal=30%	
REGULATION OF SKELETAL MUSCLE CONTRACTION%GOBP%GO:0014819	REGULATION OF SKELETAL MUSCLE CONTRACTION%GOBP%GO:0014819		17	-0.36962274	-1.0330917	0.42771083	1.0	1.0	706	tags=12%, list=3%, signal=12%	
REGULATION OF MORPHOGENESIS OF A BRANCHING STRUCTURE%GOBP%GO:0060688	REGULATION OF MORPHOGENESIS OF A BRANCHING STRUCTURE%GOBP%GO:0060688		28	-0.32490006	-1.0330542	0.39453125	1.0	1.0	1808	tags=14%, list=7%, signal=15%	
ERBB2 ERBB3 SIGNALING EVENTS%PATHWAY INTERACTION DATABASE NCI-NATURE CURATED DATA%ERBB2 ERBB3 SIGNALING EVENTS	ERBB2 ERBB3 SIGNALING EVENTS%PATHWAY INTERACTION DATABASE NCI-NATURE CURATED DATA%ERBB2 ERBB3 SIGNALING EVENTS		41	-0.29419795	-1.032894	0.38222224	1.0	1.0	2047	tags=17%, list=8%, signal=19%	
AZATHIOPRINE ADME%REACTOME DATABASE ID RELEASE 95%9748787	AZATHIOPRINE ADME%REACTOME DATABASE ID RELEASE 95%9748787		23	-0.3434161	-1.0325797	0.39716312	1.0	1.0	3434	tags=26%, list=14%, signal=30%	
GLUTATHIONE-MEDIATED DETOXIFICATION I%BIOCYC%PWY-4061	GLUTATHIONE-MEDIATED DETOXIFICATION I%BIOCYC%PWY-4061		19	-0.3503802	-1.0324986	0.4029304	1.0	1.0	1671	tags=16%, list=7%, signal=17%	
SLC-MEDIATED TRANSPORT OF NEUROTRANSMITTERS%REACTOME%R-HSA-442660.4	SLC-MEDIATED TRANSPORT OF NEUROTRANSMITTERS%REACTOME%R-HSA-442660.4		21	-0.3648005	-1.0323044	0.4084507	1.0	1.0	3225	tags=19%, list=13%, signal=22%	
PID_FOXO_PATHWAY%MSIGDB_C2%PID_FOXO_PATHWAY	PID_FOXO_PATHWAY%MSIGDB_C2%PID_FOXO_PATHWAY		38	-0.30604053	-1.032011	0.38961038	1.0	1.0	2363	tags=18%, list=10%, signal=20%	
FRUCTOSE AND MANNOSE DEGRADATION%SMPDB%SMP0087197	FRUCTOSE AND MANNOSE DEGRADATION%SMPDB%SMP0087197		17	-0.36927158	-1.0316868	0.40064102	1.0	1.0	2511	tags=18%, list=10%, signal=20%	
NUCLEAR EVENTS MEDIATED BY NFE2L2%REACTOME%R-HSA-9759194.4	NUCLEAR EVENTS MEDIATED BY NFE2L2%REACTOME%R-HSA-9759194.4		86	-0.25409412	-1.0316651	0.36734694	1.0	1.0	5393	tags=33%, list=22%, signal=42%	
BDNF SIGNALING IN NEURODEVELOPMENT%WIKIPATHWAYS_20260211%WP5541%HOMO SAPIENS	BDNF SIGNALING IN NEURODEVELOPMENT%WIKIPATHWAYS_20260211%WP5541%HOMO SAPIENS		95	-0.24875854	-1.0316151	0.3618421	1.0	1.0	2806	tags=19%, list=11%, signal=21%	
VIRAL MRNA TRANSLATION%REACTOME DATABASE ID RELEASE 95%192823	VIRAL MRNA TRANSLATION%REACTOME DATABASE ID RELEASE 95%192823		89	-0.26205453	-1.0313001	0.36305732	1.0	1.0	6117	tags=34%, list=25%, signal=45%	
POSITIVE REGULATION OF ERYTHROCYTE DIFFERENTIATION%GOBP%GO:0045648	POSITIVE REGULATION OF ERYTHROCYTE DIFFERENTIATION%GOBP%GO:0045648		27	-0.33128268	-1.0308635	0.37184116	1.0	1.0	970	tags=15%, list=4%, signal=15%	
NOTCH SIGNALING%WIKIPATHWAYS_20260211%WP61%HOMO SAPIENS	NOTCH SIGNALING%WIKIPATHWAYS_20260211%WP61%HOMO SAPIENS		42	-0.29447424	-1.0307546	0.3628692	1.0	1.0	131	tags=7%, list=1%, signal=7%	
GENETIC CAUSES OF PORTO SINUSOIDAL VASCULAR DISEASE%WIKIPATHWAYS_20260211%WP5269%HOMO SAPIENS	GENETIC CAUSES OF PORTO SINUSOIDAL VASCULAR DISEASE%WIKIPATHWAYS_20260211%WP5269%HOMO SAPIENS		34	-0.30691996	-1.0304948	0.375	1.0	1.0	3121	tags=26%, list=13%, signal=30%	
REGULATION OF UBIQUITIN-DEPENDENT PROTEIN CATABOLIC PROCESS%GOBP%GO:2000058	REGULATION OF UBIQUITIN-DEPENDENT PROTEIN CATABOLIC PROCESS%GOBP%GO:2000058		152	-0.23757905	-1.0297993	0.34736842	1.0	1.0	4404	tags=24%, list=18%, signal=29%	
PID_ERBB2_ERBB3_PATHWAY%MSIGDB_C2%PID_ERBB2_ERBB3_PATHWAY	PID_ERBB2_ERBB3_PATHWAY%MSIGDB_C2%PID_ERBB2_ERBB3_PATHWAY		38	-0.3034458	-1.0296766	0.3955224	1.0	1.0	2047	tags=18%, list=8%, signal=20%	
VIRAL TRANSLATION%GOBP%GO:0019081	VIRAL TRANSLATION%GOBP%GO:0019081		15	-0.3849444	-1.0295062	0.41100323	1.0	1.0	5457	tags=33%, list=22%, signal=43%	
COOPERATION OF PREFOLDIN AND TRIC CCT IN ACTIN AND TUBULIN FOLDING%REACTOME DATABASE ID RELEASE 95%389958	COOPERATION OF PREFOLDIN AND TRIC CCT IN ACTIN AND TUBULIN FOLDING%REACTOME DATABASE ID RELEASE 95%389958		33	-0.31691658	-1.0286547	0.40520447	1.0	1.0	4352	tags=33%, list=18%, signal=40%	
PD-1 SIGNALING%REACTOME%R-HSA-389948.6	PD-1 SIGNALING%REACTOME%R-HSA-389948.6		185	-0.23153506	-1.0282716	0.3452381	1.0	1.0	2798	tags=19%, list=11%, signal=22%	
GLUTATHIONE CONJUGATION%REACTOME%R-HSA-156590.4	GLUTATHIONE CONJUGATION%REACTOME%R-HSA-156590.4		34	-0.30643308	-1.0277449	0.4054054	1.0	1.0	1671	tags=15%, list=7%, signal=16%	
REGULATION OF NEUROTRANSMITTER SECRETION%GOBP%GO:0046928	REGULATION OF NEUROTRANSMITTER SECRETION%GOBP%GO:0046928		55	-0.285421	-1.0271934	0.37980768	1.0	1.0	2637	tags=20%, list=11%, signal=22%	
POSITIVE REGULATION OF PROTEIN TRANSPORT%GOBP%GO:0051222	POSITIVE REGULATION OF PROTEIN TRANSPORT%GOBP%GO:0051222		183	-0.23503453	-1.0269021	0.35632184	1.0	1.0	2857	tags=16%, list=12%, signal=18%	
POSITIVE REGULATION OF NUCLEOTIDE METABOLIC PROCESS%GOBP%GO:0045981	POSITIVE REGULATION OF NUCLEOTIDE METABOLIC PROCESS%GOBP%GO:0045981		30	-0.31534034	-1.0266643	0.38181818	1.0	1.0	2491	tags=23%, list=10%, signal=26%	
RESPONSE TO TEMPERATURE STIMULUS%GOBP%GO:0009266	RESPONSE TO TEMPERATURE STIMULUS%GOBP%GO:0009266		88	-0.25436848	-1.0263104	0.39726028	1.0	1.0	5011	tags=32%, list=20%, signal=40%	
RUNX1 REGULATES TRANSCRIPTION OF GENES INVOLVED IN DIFFERENTIATION OF HSCS%REACTOME%R-HSA-8939236.2	RUNX1 REGULATES TRANSCRIPTION OF GENES INVOLVED IN DIFFERENTIATION OF HSCS%REACTOME%R-HSA-8939236.2		84	-0.25717807	-1.0261372	0.37288135	1.0	1.0	2925	tags=20%, list=12%, signal=23%	
POSITIVE REGULATION OF ATP METABOLIC PROCESS%GOBP%GO:1903580	POSITIVE REGULATION OF ATP METABOLIC PROCESS%GOBP%GO:1903580		29	-0.31534454	-1.0261359	0.4099617	1.0	1.0	2491	tags=24%, list=10%, signal=27%	
CHONDROITIN SULFATE PROTEOGLYCAN BIOSYNTHETIC PROCESS%GOBP%GO:0050650	CHONDROITIN SULFATE PROTEOGLYCAN BIOSYNTHETIC PROCESS%GOBP%GO:0050650		24	-0.33589178	-1.0246478	0.40754718	1.0	1.0	3874	tags=29%, list=16%, signal=35%	
GLUCOSE CATABOLIC PROCESS%GOBP%GO:0006007	GLUCOSE CATABOLIC PROCESS%GOBP%GO:0006007		20	-0.34542435	-1.0246344	0.37037036	1.0	1.0	2052	tags=25%, list=8%, signal=27%	
RAC1 SIGNALING PATHWAY%PATHWAY INTERACTION DATABASE NCI-NATURE CURATED DATA%RAC1 SIGNALING PATHWAY	RAC1 SIGNALING PATHWAY%PATHWAY INTERACTION DATABASE NCI-NATURE CURATED DATA%RAC1 SIGNALING PATHWAY		54	-0.28099698	-1.0246016	0.3604061	1.0	1.0	5113	tags=33%, list=21%, signal=42%	
ESR-MEDIATED SIGNALING%REACTOME DATABASE ID RELEASE 95%8939211	ESR-MEDIATED SIGNALING%REACTOME DATABASE ID RELEASE 95%8939211		183	-0.22717084	-1.0241367	0.37362638	1.0	1.0	2296	tags=15%, list=9%, signal=16%	
CELLULAR RESPONSE TO TYPE I INTERFERON%GOBP%GO:0071357	CELLULAR RESPONSE TO TYPE I INTERFERON%GOBP%GO:0071357		78	-0.25972384	-1.0240992	0.35119048	1.0	1.0	4409	tags=27%, list=18%, signal=33%	
ORC1 REMOVAL FROM CHROMATIN%REACTOME%R-HSA-68949.5	ORC1 REMOVAL FROM CHROMATIN%REACTOME%R-HSA-68949.5		58	-0.2743988	-1.0236787	0.37435898	1.0	1.0	4658	tags=34%, list=19%, signal=42%	
INTERFERON TYPE I SIGNALING%WIKIPATHWAYS_20260211%WP585%HOMO SAPIENS	INTERFERON TYPE I SIGNALING%WIKIPATHWAYS_20260211%WP585%HOMO SAPIENS		49	-0.28741193	-1.0235727	0.42677826	1.0	1.0	3423	tags=20%, list=14%, signal=24%	
ACTIVATION OF NF-KAPPAB IN B CELLS%REACTOME DATABASE ID RELEASE 95%1169091	ACTIVATION OF NF-KAPPAB IN B CELLS%REACTOME DATABASE ID RELEASE 95%1169091		54	-0.27971596	-1.023088	0.42713568	1.0	1.0	4658	tags=35%, list=19%, signal=43%	
CELLULAR RESPONSE TO ALKALOID%GOBP%GO:0071312	CELLULAR RESPONSE TO ALKALOID%GOBP%GO:0071312		19	-0.35612157	-1.0227891	0.39864865	1.0	1.0	938	tags=16%, list=4%, signal=16%	
NEGATIVE REGULATION OF PROTEIN TRANSPORT%GOBP%GO:0051224	NEGATIVE REGULATION OF PROTEIN TRANSPORT%GOBP%GO:0051224		79	-0.25733626	-1.0226738	0.41104296	1.0	1.0	2029	tags=13%, list=8%, signal=14%	
RA BIOSYNTHESIS PATHWAY%REACTOME DATABASE ID RELEASE 95%5365859	RA BIOSYNTHESIS PATHWAY%REACTOME DATABASE ID RELEASE 95%5365859		22	-0.34312958	-1.0219703	0.36742425	1.0	1.0	654	tags=14%, list=3%, signal=14%	
CELLULAR RESPONSE TO STARVATION%REACTOME%R-HSA-9711097.5	CELLULAR RESPONSE TO STARVATION%REACTOME%R-HSA-9711097.5		155	-0.23440772	-1.021674	0.37078652	1.0	1.0	6035	tags=34%, list=25%, signal=44%	
CD8-POSITIVE, ALPHA-BETA T CELL DIFFERENTIATION%GOBP%GO:0043374	CD8-POSITIVE, ALPHA-BETA T CELL DIFFERENTIATION%GOBP%GO:0043374		17	-0.35887694	-1.0211118	0.44642857	1.0	1.0	705	tags=12%, list=3%, signal=12%	
POSITIVE REGULATION OF PURINE NUCLEOTIDE METABOLIC PROCESS%GOBP%GO:1900544	POSITIVE REGULATION OF PURINE NUCLEOTIDE METABOLIC PROCESS%GOBP%GO:1900544		30	-0.31534034	-1.0201269	0.38022813	1.0	1.0	2491	tags=23%, list=10%, signal=26%	
HOMOCYSTINURIA-MEGALOBLASTIC ANEMIA DUE TO DEFECT IN COBALAMIN METABOLISM, CBLG COMPLEMENTATION TYPE%SMPDB%SMP0000570	HOMOCYSTINURIA-MEGALOBLASTIC ANEMIA DUE TO DEFECT IN COBALAMIN METABOLISM, CBLG COMPLEMENTATION TYPE%SMPDB%SMP0000570		16	-0.36551157	-1.0199714	0.42391303	1.0	1.0	1600	tags=25%, list=7%, signal=27%	
OBSOLETE PROTEOLYSIS INVOLVED IN PROTEIN CATABOLIC PROCESS%GOBP%GO:0051603	OBSOLETE PROTEOLYSIS INVOLVED IN PROTEIN CATABOLIC PROCESS%GOBP%GO:0051603		30	-0.31874126	-1.0197262	0.390625	1.0	1.0	1745	tags=17%, list=7%, signal=18%	
BONE MINERALIZATION%GOBP%GO:0030282	BONE MINERALIZATION%GOBP%GO:0030282		25	-0.32816455	-1.0185357	0.45454547	1.0	1.0	4168	tags=32%, list=17%, signal=39%	
RESPONSE TO PURINE-CONTAINING COMPOUND%GOBP%GO:0014074	RESPONSE TO PURINE-CONTAINING COMPOUND%GOBP%GO:0014074		74	-0.25867626	-1.0183454	0.4385965	1.0	1.0	1418	tags=12%, list=6%, signal=13%	
EPITHELIAL CELL MIGRATION%GOBP%GO:0010631	EPITHELIAL CELL MIGRATION%GOBP%GO:0010631		20	-0.34756115	-1.0181764	0.40780142	1.0	1.0	625	tags=10%, list=3%, signal=10%	
ADHERENS JUNCTIONS INTERACTIONS%REACTOME DATABASE ID RELEASE 95%418990	ADHERENS JUNCTIONS INTERACTIONS%REACTOME DATABASE ID RELEASE 95%418990		200	-0.22908938	-1.017605	0.3561644	1.0	1.0	2925	tags=19%, list=12%, signal=21%	
CORTICOTROPIN RELEASING HORMONE SIGNALING%WIKIPATHWAYS_20260211%WP2355%HOMO SAPIENS	CORTICOTROPIN RELEASING HORMONE SIGNALING%WIKIPATHWAYS_20260211%WP2355%HOMO SAPIENS		72	-0.26537833	-1.0173289	0.4198895	1.0	1.0	5467	tags=33%, list=22%, signal=43%	
HALLMARK_P53_PATHWAY%MSIGDBHALLMARK%HALLMARK_P53_PATHWAY	HALLMARK_P53_PATHWAY%MSIGDBHALLMARK%HALLMARK_P53_PATHWAY		177	-0.23413746	-1.0168911	0.42105263	1.0	1.0	2760	tags=14%, list=11%, signal=16%	
EMBRYONIC DIGIT MORPHOGENESIS%GOBP%GO:0042733	EMBRYONIC DIGIT MORPHOGENESIS%GOBP%GO:0042733		18	-0.35765538	-1.0168054	0.39805827	1.0	1.0	3487	tags=28%, list=14%, signal=32%	
REGULATION OF HYDROLASE ACTIVITY%GOBP%GO:0051336	REGULATION OF HYDROLASE ACTIVITY%GOBP%GO:0051336		155	-0.2300123	-1.0167954	0.36036035	1.0	1.0	2078	tags=14%, list=8%, signal=15%	
NEGATIVE REGULATION OF PROTEASOMAL PROTEIN CATABOLIC PROCESS%GOBP%GO:1901799	NEGATIVE REGULATION OF PROTEASOMAL PROTEIN CATABOLIC PROCESS%GOBP%GO:1901799		54	-0.27670285	-1.015968	0.44230768	1.0	1.0	4127	tags=20%, list=17%, signal=24%	
NEGATIVE REGULATION OF FERROPTOSIS%GOBP%GO:0110076	NEGATIVE REGULATION OF FERROPTOSIS%GOBP%GO:0110076		17	-0.3660025	-1.015753	0.38741723	1.0	1.0	4404	tags=35%, list=18%, signal=43%	
INTERLEUKIN-37 SIGNALING%REACTOME DATABASE ID RELEASE 95%9008059	INTERLEUKIN-37 SIGNALING%REACTOME DATABASE ID RELEASE 95%9008059		21	-0.34681457	-1.0157516	0.4334471	1.0	1.0	1152	tags=19%, list=5%, signal=20%	
PROTEIN COMPLEX OLIGOMERIZATION%GOBP%GO:0051259	PROTEIN COMPLEX OLIGOMERIZATION%GOBP%GO:0051259		193	-0.230867	-1.0157139	0.4	1.0	1.0	1340	tags=10%, list=5%, signal=10%	
PLATELET HOMEOSTASIS%REACTOME%R-HSA-418346.4	PLATELET HOMEOSTASIS%REACTOME%R-HSA-418346.4		85	-0.25291824	-1.015564	0.41333333	1.0	1.0	3899	tags=28%, list=16%, signal=33%	
L-AMINO ACID BIOSYNTHETIC PROCESS%GOBP%GO:0170034	L-AMINO ACID BIOSYNTHETIC PROCESS%GOBP%GO:0170034		33	-0.3071643	-1.0154041	0.41984734	1.0	1.0	4260	tags=33%, list=17%, signal=40%	
GLYCINE N-METHYLTRANSFERASE DEFICIENCY%SMPDB%SMP0000222	GLYCINE N-METHYLTRANSFERASE DEFICIENCY%SMPDB%SMP0000222		16	-0.36551157	-1.0148674	0.44012946	1.0	1.0	1600	tags=25%, list=7%, signal=27%	
ATM SIGNALING IN DEVELOPMENT AND DISEASE %WIKIPATHWAYS_20260211%WP3878%HOMO SAPIENS	ATM SIGNALING IN DEVELOPMENT AND DISEASE %WIKIPATHWAYS_20260211%WP3878%HOMO SAPIENS		38	-0.29722157	-1.0144948	0.41525424	1.0	1.0	2296	tags=13%, list=9%, signal=14%	
TP53 REGULATES TRANSCRIPTION OF GENES INVOLVED IN CYTOCHROME C RELEASE%REACTOME%R-HSA-6803204.3	TP53 REGULATES TRANSCRIPTION OF GENES INVOLVED IN CYTOCHROME C RELEASE%REACTOME%R-HSA-6803204.3		20	-0.35289192	-1.0141858	0.41414142	1.0	1.0	4818	tags=40%, list=20%, signal=50%	
REGULATION OF GLUCOSE METABOLIC PROCESS%GOBP%GO:0010906	REGULATION OF GLUCOSE METABOLIC PROCESS%GOBP%GO:0010906		69	-0.26650977	-1.0139399	0.37777779	1.0	1.0	2690	tags=20%, list=11%, signal=23%	
NEGATIVE REGULATION OF EPITHELIAL CELL MIGRATION%GOBP%GO:0010633	NEGATIVE REGULATION OF EPITHELIAL CELL MIGRATION%GOBP%GO:0010633		15	-0.37316957	-1.013838	0.42384106	1.0	1.0	4844	tags=33%, list=20%, signal=42%	
POSITIVE REGULATION OF COLLAGEN METABOLIC PROCESS%GOBP%GO:0010714	POSITIVE REGULATION OF COLLAGEN METABOLIC PROCESS%GOBP%GO:0010714		16	-0.3769628	-1.0135537	0.43225807	1.0	1.0	3421	tags=31%, list=14%, signal=36%	
NEURAL NUCLEUS DEVELOPMENT%GOBP%GO:0048857	NEURAL NUCLEUS DEVELOPMENT%GOBP%GO:0048857		46	-0.2914758	-1.0135313	0.40434784	1.0	1.0	2254	tags=15%, list=9%, signal=17%	
MAINTENANCE OF BLOOD-BRAIN BARRIER%GOBP%GO:0035633	MAINTENANCE OF BLOOD-BRAIN BARRIER%GOBP%GO:0035633		32	-0.30973437	-1.0128825	0.43727598	1.0	1.0	785	tags=9%, list=3%, signal=10%	
MEMBRANE REPOLARIZATION DURING CARDIAC MUSCLE CELL ACTION POTENTIAL%GOBP%GO:0086013	MEMBRANE REPOLARIZATION DURING CARDIAC MUSCLE CELL ACTION POTENTIAL%GOBP%GO:0086013		17	-0.35335696	-1.011751	0.43050846	1.0	1.0	1812	tags=18%, list=7%, signal=19%	
SPINAL CORD DEVELOPMENT%GOBP%GO:0021510	SPINAL CORD DEVELOPMENT%GOBP%GO:0021510		35	-0.30378795	-1.0117129	0.42592594	1.0	1.0	1294	tags=14%, list=5%, signal=15%	
DNA REPLICATION PRE-INITIATION%REACTOME%R-HSA-69002.4	DNA REPLICATION PRE-INITIATION%REACTOME%R-HSA-69002.4		117	-0.2405591	-1.0117083	0.39130434	1.0	1.0	4690	tags=32%, list=19%, signal=39%	
DNA DAMAGE RECOGNITION IN GG-NER%REACTOME%R-HSA-5696394.2	DNA DAMAGE RECOGNITION IN GG-NER%REACTOME%R-HSA-5696394.2		37	-0.3002352	-1.011542	0.43233082	1.0	1.0	3745	tags=27%, list=15%, signal=32%	
CELL-CELL JUNCTION ASSEMBLY%GOBP%GO:0007043	CELL-CELL JUNCTION ASSEMBLY%GOBP%GO:0007043		101	-0.24418809	-1.011223	0.43965518	1.0	1.0	1808	tags=12%, list=7%, signal=13%	
HYPERMETHIONINEMIA%SMPDB%SMP0000341	HYPERMETHIONINEMIA%SMPDB%SMP0000341		16	-0.36551157	-1.0111431	0.44164038	1.0	1.0	1600	tags=25%, list=7%, signal=27%	
INTERLEUKIN-4 AND INTERLEUKIN-13 SIGNALING%REACTOME DATABASE ID RELEASE 95%6785807	INTERLEUKIN-4 AND INTERLEUKIN-13 SIGNALING%REACTOME DATABASE ID RELEASE 95%6785807		111	-0.23863065	-1.0110838	0.3875969	1.0	1.0	1551	tags=11%, list=6%, signal=11%	
SIGNALING BY NOTCH4%REACTOME%R-HSA-9013694.3	SIGNALING BY NOTCH4%REACTOME%R-HSA-9013694.3		71	-0.26105702	-1.0109968	0.41758242	1.0	1.0	2925	tags=20%, list=12%, signal=22%	
STRIATED MUSCLE CELL DEVELOPMENT%GOBP%GO:0055002	STRIATED MUSCLE CELL DEVELOPMENT%GOBP%GO:0055002		92	-0.2488481	-1.0108762	0.4028777	1.0	1.0	2110	tags=13%, list=9%, signal=14%	
CLOCK CONTROLLED AUTOPHAGY IN BONE METABOLISM%WIKIPATHWAYS_20260211%WP5205%HOMO SAPIENS	CLOCK CONTROLLED AUTOPHAGY IN BONE METABOLISM%WIKIPATHWAYS_20260211%WP5205%HOMO SAPIENS		63	-0.26777336	-1.0107543	0.3923445	1.0	1.0	3512	tags=21%, list=14%, signal=24%	
AMINO ACID TRANSPORT ACROSS THE PLASMA MEMBRANE%REACTOME%R-HSA-352230.6	AMINO ACID TRANSPORT ACROSS THE PLASMA MEMBRANE%REACTOME%R-HSA-352230.6		31	-0.31217468	-1.010328	0.43939394	1.0	1.0	1702	tags=23%, list=7%, signal=24%	
RHOA SIGNALING PATHWAY%PATHWAY INTERACTION DATABASE NCI-NATURE CURATED DATA%RHOA SIGNALING PATHWAY	RHOA SIGNALING PATHWAY%PATHWAY INTERACTION DATABASE NCI-NATURE CURATED DATA%RHOA SIGNALING PATHWAY		45	-0.2851183	-1.0091985	0.4347826	1.0	1.0	3423	tags=22%, list=14%, signal=26%	
INTRINSIC APOPTOTIC SIGNALING PATHWAY%GOBP%GO:0097193	INTRINSIC APOPTOTIC SIGNALING PATHWAY%GOBP%GO:0097193		137	-0.23995078	-1.0088835	0.45192307	1.0	1.0	3647	tags=21%, list=15%, signal=25%	
POSITIVE REGULATION OF ATP-DEPENDENT ACTIVITY%GOBP%GO:0032781	POSITIVE REGULATION OF ATP-DEPENDENT ACTIVITY%GOBP%GO:0032781		19	-0.3482082	-1.0088584	0.44194758	1.0	1.0	562	tags=11%, list=2%, signal=11%	
SELENOCYSTEINE SYNTHESIS%REACTOME DATABASE ID RELEASE 95%2408557	SELENOCYSTEINE SYNTHESIS%REACTOME DATABASE ID RELEASE 95%2408557		93	-0.24838887	-1.00869	0.4011976	1.0	1.0	6117	tags=32%, list=25%, signal=43%	
PROTEIN PALMITOYLATION%GOBP%GO:0018345	PROTEIN PALMITOYLATION%GOBP%GO:0018345		22	-0.33596498	-1.008627	0.43173432	1.0	1.0	1589	tags=14%, list=6%, signal=15%	
PREFOLDIN MEDIATED TRANSFER OF SUBSTRATE TO CCT TRIC%REACTOME%R-HSA-389957.4	PREFOLDIN MEDIATED TRANSFER OF SUBSTRATE TO CCT TRIC%REACTOME%R-HSA-389957.4		28	-0.30747864	-1.0085359	0.41697416	1.0	1.0	4352	tags=36%, list=18%, signal=43%	
REGULATION OF HEART GROWTH%GOBP%GO:0060420	REGULATION OF HEART GROWTH%GOBP%GO:0060420		29	-0.31115642	-1.0080603	0.43636364	1.0	1.0	2942	tags=24%, list=12%, signal=27%	
GLUTATHIONE METABOLIC PROCESS%GOBP%GO:0006749	GLUTATHIONE METABOLIC PROCESS%GOBP%GO:0006749		38	-0.30012444	-1.0073408	0.4235808	1.0	1.0	1671	tags=16%, list=7%, signal=17%	
NEGATIVE REGULATION OF RHO PROTEIN SIGNAL TRANSDUCTION%GOBP%GO:0035024	NEGATIVE REGULATION OF RHO PROTEIN SIGNAL TRANSDUCTION%GOBP%GO:0035024		17	-0.3624107	-1.0072984	0.43014705	1.0	1.0	71	tags=6%, list=0%, signal=6%	
TRAF6 MEDIATED IRF7 ACTIVATION%REACTOME%R-HSA-933541.7	TRAF6 MEDIATED IRF7 ACTIVATION%REACTOME%R-HSA-933541.7		29	-0.31160864	-1.0072564	0.4456929	1.0	1.0	4874	tags=31%, list=20%, signal=39%	
PROTEINOGENIC AMINO ACID BIOSYNTHETIC PROCESS%GOBP%GO:0170038	PROTEINOGENIC AMINO ACID BIOSYNTHETIC PROCESS%GOBP%GO:0170038		37	-0.2930782	-1.0069833	0.4549356	1.0	1.0	4260	tags=32%, list=17%, signal=39%	
POSITIVE REGULATION OF PEPTIDE SECRETION%GOBP%GO:0002793	POSITIVE REGULATION OF PEPTIDE SECRETION%GOBP%GO:0002793		69	-0.26139992	-1.0068682	0.48087433	1.0	1.0	2793	tags=16%, list=11%, signal=18%	
TRANSCRIPTIONAL REGULATION OF MEMORY B CELL DIFFERENTIATION%WIKIPATHWAYS_20260211%WP5491%HOMO SAPIENS	TRANSCRIPTIONAL REGULATION OF MEMORY B CELL DIFFERENTIATION%WIKIPATHWAYS_20260211%WP5491%HOMO SAPIENS		39	-0.29026532	-1.0068537	0.42083332	1.0	1.0	2737	tags=18%, list=11%, signal=20%	
B CELL PROLIFERATION%GOBP%GO:0042100	B CELL PROLIFERATION%GOBP%GO:0042100		20	-0.33728737	-1.006085	0.45	1.0	1.0	2021	tags=15%, list=8%, signal=16%	
PROTEIN UBIQUITINATION%REACTOME%R-HSA-8852135.4	PROTEIN UBIQUITINATION%REACTOME%R-HSA-8852135.4		75	-0.26108035	-1.0059363	0.443038	1.0	1.0	2457	tags=17%, list=10%, signal=19%	
PATHOGENIC ESCHERICHIA COLI INFECTION%WIKIPATHWAYS_20260211%WP2272%HOMO SAPIENS	PATHOGENIC ESCHERICHIA COLI INFECTION%WIKIPATHWAYS_20260211%WP2272%HOMO SAPIENS		43	-0.2818183	-1.0058525	0.41025642	1.0	1.0	2902	tags=21%, list=12%, signal=24%	
PID_AP1_PATHWAY%MSIGDB_C2%PID_AP1_PATHWAY	PID_AP1_PATHWAY%MSIGDB_C2%PID_AP1_PATHWAY		59	-0.27350566	-1.0056051	0.4054054	1.0	1.0	3073	tags=20%, list=13%, signal=23%	
NEGATIVE REGULATION OF MYOBLAST FUSION%GOBP%GO:1901740	NEGATIVE REGULATION OF MYOBLAST FUSION%GOBP%GO:1901740		46	-0.28623965	-1.0054395	0.41632652	1.0	1.0	6023	tags=41%, list=25%, signal=55%	
P53 PATHWAY%PANTHER PATHWAY%P00059	P53 PATHWAY%PANTHER PATHWAY%P00059		43	-0.28922305	-1.0052879	0.4017094	1.0	1.0	3581	tags=21%, list=15%, signal=24%	
P38 MAPK PATHWAY%PANTHER PATHWAY%P05918	P38 MAPK PATHWAY%PANTHER PATHWAY%P05918		27	-0.31796998	-1.0050982	0.44444445	1.0	1.0	2806	tags=15%, list=11%, signal=17%	
MATURATION OF SPIKE PROTEIN%REACTOME%R-HSA-9694548.5	MATURATION OF SPIKE PROTEIN%REACTOME%R-HSA-9694548.5		41	-0.28645486	-1.0045906	0.42045453	1.0	1.0	2293	tags=22%, list=9%, signal=24%	
METHIONINE ADENOSYLTRANSFERASE DEFICIENCY%SMPDB%SMP0000221	METHIONINE ADENOSYLTRANSFERASE DEFICIENCY%SMPDB%SMP0000221		16	-0.36551157	-1.0045202	0.4250871	1.0	1.0	1600	tags=25%, list=7%, signal=27%	
RECEPTOR-TYPE TYROSINE-PROTEIN PHOSPHATASES%REACTOME%R-HSA-388844.4	RECEPTOR-TYPE TYROSINE-PROTEIN PHOSPHATASES%REACTOME%R-HSA-388844.4		19	-0.3508326	-1.0043825	0.43189368	1.0	1.0	996	tags=16%, list=4%, signal=16%	
REGULATION OF NUCLEAR SMAD2 3 SIGNALING%PATHWAY INTERACTION DATABASE NCI-NATURE CURATED DATA%REGULATION OF NUCLEAR SMAD2 3 SIGNALING	REGULATION OF NUCLEAR SMAD2 3 SIGNALING%PATHWAY INTERACTION DATABASE NCI-NATURE CURATED DATA%REGULATION OF NUCLEAR SMAD2 3 SIGNALING		82	-0.2550502	-1.0024971	0.43636364	1.0	1.0	4733	tags=24%, list=19%, signal=30%	
REGULATION OF CELL MIGRATION INVOLVED IN SPROUTING ANGIOGENESIS%GOBP%GO:0090049	REGULATION OF CELL MIGRATION INVOLVED IN SPROUTING ANGIOGENESIS%GOBP%GO:0090049		35	-0.3035789	-1.0021247	0.4367347	1.0	1.0	1168	tags=11%, list=5%, signal=12%	
DNA CATABOLIC PROCESS%GOBP%GO:0006308	DNA CATABOLIC PROCESS%GOBP%GO:0006308		24	-0.329857	-1.0019382	0.43726236	1.0	1.0	1905	tags=17%, list=8%, signal=18%	
RENIN ANGIOTENSIN ALDOSTERONE SYSTEM RAAS %WIKIPATHWAYS_20260211%WP4756%HOMO SAPIENS	RENIN ANGIOTENSIN ALDOSTERONE SYSTEM RAAS %WIKIPATHWAYS_20260211%WP4756%HOMO SAPIENS		34	-0.29640317	-1.0017473	0.45849803	1.0	1.0	2461	tags=18%, list=10%, signal=20%	
MALE INFERTILITY%WIKIPATHWAYS_20260211%WP4673%HOMO SAPIENS	MALE INFERTILITY%WIKIPATHWAYS_20260211%WP4673%HOMO SAPIENS		104	-0.24204409	-1.0015273	0.43030304	1.0	1.0	1726	tags=13%, list=7%, signal=13%	
TRANSCRIPTIONAL REGULATION BY RUNX3%REACTOME DATABASE ID RELEASE 95%8878159	TRANSCRIPTIONAL REGULATION BY RUNX3%REACTOME DATABASE ID RELEASE 95%8878159		85	-0.25463888	-1.0013605	0.43558282	1.0	1.0	2925	tags=22%, list=12%, signal=25%	
COPII-MEDIATED VESICLE TRANSPORT%REACTOME%R-HSA-204005.6	COPII-MEDIATED VESICLE TRANSPORT%REACTOME%R-HSA-204005.6		69	-0.26236492	-1.00104	0.49720672	1.0	1.0	2959	tags=25%, list=12%, signal=28%	
NEUROTROPHIN SIGNALING PATHWAY%GOBP%GO:0038179	NEUROTROPHIN SIGNALING PATHWAY%GOBP%GO:0038179		18	-0.3453434	-1.0003041	0.44186047	1.0	1.0	3408	tags=28%, list=14%, signal=32%	
INNER DYNEIN ARM ASSEMBLY%GOBP%GO:0036159	INNER DYNEIN ARM ASSEMBLY%GOBP%GO:0036159		15	-0.37982544	-0.99978507	0.43548387	1.0	1.0	2281	tags=27%, list=9%, signal=29%	
REGULATION OF GTPASE ACTIVITY%GOBP%GO:0043087	REGULATION OF GTPASE ACTIVITY%GOBP%GO:0043087		117	-0.23564368	-0.9992561	0.44347826	1.0	1.0	2718	tags=17%, list=11%, signal=19%	
NEGATIVE REGULATION OF EXTRINSIC APOPTOTIC SIGNALING PATHWAY VIA DEATH DOMAIN RECEPTORS%GOBP%GO:1902042	NEGATIVE REGULATION OF EXTRINSIC APOPTOTIC SIGNALING PATHWAY VIA DEATH DOMAIN RECEPTORS%GOBP%GO:1902042		24	-0.3216529	-0.9988352	0.43816254	1.0	1.0	2523	tags=29%, list=10%, signal=32%	
RESPONSE TO ARSENIC-CONTAINING SUBSTANCE%GOBP%GO:0046685	RESPONSE TO ARSENIC-CONTAINING SUBSTANCE%GOBP%GO:0046685		18	-0.35217053	-0.99862176	0.45928338	1.0	1.0	3524	tags=28%, list=14%, signal=32%	
REGULATION OF RAS BY GAPS%REACTOME DATABASE ID RELEASE 95%5658442	REGULATION OF RAS BY GAPS%REACTOME DATABASE ID RELEASE 95%5658442		54	-0.26975492	-0.9981632	0.4366812	1.0	1.0	4658	tags=35%, list=19%, signal=43%	
ATF-2 TRANSCRIPTION FACTOR NETWORK%PATHWAY INTERACTION DATABASE NCI-NATURE CURATED DATA%ATF-2 TRANSCRIPTION FACTOR NETWORK	ATF-2 TRANSCRIPTION FACTOR NETWORK%PATHWAY INTERACTION DATABASE NCI-NATURE CURATED DATA%ATF-2 TRANSCRIPTION FACTOR NETWORK		59	-0.26345402	-0.9980421	0.45933014	1.0	1.0	4682	tags=31%, list=19%, signal=38%	
METHIONINE METABOLISM%SMPDB%SMP0000033	METHIONINE METABOLISM%SMPDB%SMP0000033		16	-0.36551157	-0.9979357	0.4640523	1.0	1.0	1600	tags=25%, list=7%, signal=27%	
NEURODEGENERATION WITH BRAIN IRON ACCUMULATION NBIA SUBTYPES PATHWAY%WIKIPATHWAYS_20260211%WP4577%HOMO SAPIENS	NEURODEGENERATION WITH BRAIN IRON ACCUMULATION NBIA SUBTYPES PATHWAY%WIKIPATHWAYS_20260211%WP4577%HOMO SAPIENS		35	-0.3061801	-0.9976758	0.46183205	1.0	1.0	3926	tags=29%, list=16%, signal=34%	
KIDNEY DEVELOPMENT%REACTOME DATABASE ID RELEASE 95%9830369	KIDNEY DEVELOPMENT%REACTOME DATABASE ID RELEASE 95%9830369		46	-0.28462705	-0.9974433	0.4291498	1.0	1.0	1808	tags=15%, list=7%, signal=16%	
POSITIVE REGULATION OF PEPTIDE HORMONE SECRETION%GOBP%GO:0090277	POSITIVE REGULATION OF PEPTIDE HORMONE SECRETION%GOBP%GO:0090277		69	-0.26139992	-0.9974366	0.39673913	1.0	1.0	2793	tags=16%, list=11%, signal=18%	
POSITIVE REGULATION OF NEURON DIFFERENTIATION%GOBP%GO:0045666	POSITIVE REGULATION OF NEURON DIFFERENTIATION%GOBP%GO:0045666		40	-0.2924828	-0.99631864	0.46581197	1.0	1.0	2696	tags=23%, list=11%, signal=25%	
SUPERPATHWAY OF PYRIMIDINE DEOXYRIBONUCLEOTIDES <I>DE NOVO< I> BIOSYNTHESIS%BIOCYC%PWY-7211	SUPERPATHWAY OF PYRIMIDINE DEOXYRIBONUCLEOTIDES <I>DE NOVO< I> BIOSYNTHESIS%BIOCYC%PWY-7211		21	-0.33629516	-0.9957175	0.44551283	1.0	1.0	2123	tags=14%, list=9%, signal=16%	
CEREBELLUM MORPHOGENESIS%GOBP%GO:0021587	CEREBELLUM MORPHOGENESIS%GOBP%GO:0021587		17	-0.3519358	-0.9943167	0.44940478	1.0	1.0	4315	tags=47%, list=18%, signal=57%	
HALLMARK_TGF_BETA_SIGNALING%MSIGDBHALLMARK%HALLMARK_TGF_BETA_SIGNALING	HALLMARK_TGF_BETA_SIGNALING%MSIGDBHALLMARK%HALLMARK_TGF_BETA_SIGNALING		43	-0.284574	-0.9940865	0.47272727	1.0	1.0	3094	tags=26%, list=13%, signal=29%	
CYSTATHIONINE BETA-SYNTHASE DEFICIENCY%SMPDB%SMP0000177	CYSTATHIONINE BETA-SYNTHASE DEFICIENCY%SMPDB%SMP0000177		16	-0.36551157	-0.99394536	0.4592145	1.0	1.0	1600	tags=25%, list=7%, signal=27%	
PROTEIN K48-LINKED DEUBIQUITINATION%GOBP%GO:0071108	PROTEIN K48-LINKED DEUBIQUITINATION%GOBP%GO:0071108		22	-0.33596414	-0.9937663	0.43636364	1.0	1.0	3955	tags=27%, list=16%, signal=32%	
POSITIVE REGULATION OF NUCLEOCYTOPLASMIC TRANSPORT%GOBP%GO:0046824	POSITIVE REGULATION OF NUCLEOCYTOPLASMIC TRANSPORT%GOBP%GO:0046824		46	-0.2825871	-0.9928334	0.456621	1.0	1.0	2760	tags=17%, list=11%, signal=20%	
MAINTENANCE OF LOCATION%GOBP%GO:0051235	MAINTENANCE OF LOCATION%GOBP%GO:0051235		57	-0.2624811	-0.9928327	0.47783253	1.0	1.0	1999	tags=12%, list=8%, signal=13%	
ADRENERGIC RECEPTOR SIGNALING PATHWAY%GOBP%GO:0071875	ADRENERGIC RECEPTOR SIGNALING PATHWAY%GOBP%GO:0071875		19	-0.34348425	-0.99172044	0.45360824	1.0	1.0	2573	tags=32%, list=11%, signal=35%	
TYPE 2 PAPILLARY RENAL CELL CARCINOMA%WIKIPATHWAYS_20260211%WP4241%HOMO SAPIENS	TYPE 2 PAPILLARY RENAL CELL CARCINOMA%WIKIPATHWAYS_20260211%WP4241%HOMO SAPIENS		24	-0.3266807	-0.99139285	0.4632353	1.0	1.0	2760	tags=21%, list=11%, signal=23%	
S-ADENOSYLHOMOCYSTEINE (SAH) HYDROLASE DEFICIENCY%PATHWHIZ%PW000102	S-ADENOSYLHOMOCYSTEINE (SAH) HYDROLASE DEFICIENCY%PATHWHIZ%PW000102		16	-0.36551157	-0.99137217	0.46	1.0	1.0	1600	tags=25%, list=7%, signal=27%	
GLUCAGON-TYPE LIGAND RECEPTORS%REACTOME DATABASE ID RELEASE 95%420092	GLUCAGON-TYPE LIGAND RECEPTORS%REACTOME DATABASE ID RELEASE 95%420092		33	-0.2970613	-0.9912939	0.45454547	1.0	1.0	3899	tags=27%, list=16%, signal=32%	
SIGNALING BY NOTCH2%REACTOME%R-HSA-1980145.4	SIGNALING BY NOTCH2%REACTOME%R-HSA-1980145.4		35	-0.2907798	-0.99025774	0.45724908	1.0	1.0	3792	tags=26%, list=15%, signal=30%	
EPITHELIUM MIGRATION%GOBP%GO:0090132	EPITHELIUM MIGRATION%GOBP%GO:0090132		22	-0.3283957	-0.9900881	0.5034722	1.0	1.0	625	tags=9%, list=3%, signal=9%	
CARGO CONCENTRATION IN THE ER%REACTOME DATABASE ID RELEASE 95%5694530	CARGO CONCENTRATION IN THE ER%REACTOME DATABASE ID RELEASE 95%5694530		33	-0.29706863	-0.9897107	0.47540984	1.0	1.0	912	tags=15%, list=4%, signal=16%	
REGULATION OF CATECHOLAMINE SECRETION%GOBP%GO:0050433	REGULATION OF CATECHOLAMINE SECRETION%GOBP%GO:0050433		23	-0.32978192	-0.98939997	0.4730769	1.0	1.0	3450	tags=35%, list=14%, signal=40%	
CYTOPLASMIC RIBOSOMAL PROTEINS%WIKIPATHWAYS_20260211%WP477%HOMO SAPIENS	CYTOPLASMIC RIBOSOMAL PROTEINS%WIKIPATHWAYS_20260211%WP477%HOMO SAPIENS		86	-0.2486929	-0.98926735	0.4591195	1.0	1.0	6023	tags=34%, list=25%, signal=45%	
HALLMARK_G2M_CHECKPOINT%MSIGDBHALLMARK%HALLMARK_G2M_CHECKPOINT	HALLMARK_G2M_CHECKPOINT%MSIGDBHALLMARK%HALLMARK_G2M_CHECKPOINT		144	-0.23362885	-0.98916525	0.47572815	1.0	1.0	5065	tags=31%, list=21%, signal=39%	
POSITIVE REGULATION OF UBIQUITIN-DEPENDENT PROTEIN CATABOLIC PROCESS%GOBP%GO:2000060	POSITIVE REGULATION OF UBIQUITIN-DEPENDENT PROTEIN CATABOLIC PROCESS%GOBP%GO:2000060		91	-0.24210791	-0.98871773	0.5067568	1.0	1.0	1950	tags=13%, list=8%, signal=14%	
MITOTIC G2-G2 M PHASES%REACTOME%R-HSA-453274.4	MITOTIC G2-G2 M PHASES%REACTOME%R-HSA-453274.4		175	-0.2228336	-0.9885894	0.57746476	1.0	1.0	4821	tags=27%, list=20%, signal=34%	
RESPIRATORY SYNCYTIAL VIRUS INFECTION PATHWAY%REACTOME%R-HSA-9820952.2	RESPIRATORY SYNCYTIAL VIRUS INFECTION PATHWAY%REACTOME%R-HSA-9820952.2		119	-0.23660836	-0.988305	0.46564886	1.0	1.0	2396	tags=13%, list=10%, signal=15%	
TGF-BETA SIGNALING PATHWAY%PANTHER PATHWAY%P00052	TGF-BETA SIGNALING PATHWAY%PANTHER PATHWAY%P00052		85	-0.24354476	-0.9880945	0.47126436	1.0	1.0	4184	tags=27%, list=17%, signal=33%	
G2 M TRANSITION%REACTOME%R-HSA-69275.7	G2 M TRANSITION%REACTOME%R-HSA-69275.7		173	-0.22342521	-0.98790985	0.5145631	1.0	1.0	4821	tags=28%, list=20%, signal=34%	
ARYL HYDROCARBON RECEPTOR PATHWAY%WIKIPATHWAYS_20260211%WP2873%HOMO SAPIENS	ARYL HYDROCARBON RECEPTOR PATHWAY%WIKIPATHWAYS_20260211%WP2873%HOMO SAPIENS		41	-0.28134033	-0.98786306	0.472	1.0	1.0	1157	tags=10%, list=5%, signal=10%	
NONSENSE MEDIATED DECAY (NMD) INDEPENDENT OF THE EXON JUNCTION COMPLEX (EJC)%REACTOME%R-HSA-975956.2	NONSENSE MEDIATED DECAY (NMD) INDEPENDENT OF THE EXON JUNCTION COMPLEX (EJC)%REACTOME%R-HSA-975956.2		95	-0.24011467	-0.9865657	0.47887325	1.0	1.0	6117	tags=34%, list=25%, signal=45%	
COLLAGEN METABOLIC PROCESS%GOBP%GO:0032963	COLLAGEN METABOLIC PROCESS%GOBP%GO:0032963		52	-0.27114964	-0.9864654	0.47058824	1.0	1.0	1375	tags=12%, list=6%, signal=12%	
CARDIAC MUSCLE CELL MEMBRANE REPOLARIZATION%GOBP%GO:0099622	CARDIAC MUSCLE CELL MEMBRANE REPOLARIZATION%GOBP%GO:0099622		17	-0.35335696	-0.986305	0.44072947	1.0	1.0	1812	tags=18%, list=7%, signal=19%	
ANTIGEN PRESENTATION: FOLDING, ASSEMBLY AND PEPTIDE LOADING OF CLASS I MHC%REACTOME DATABASE ID RELEASE 95%983170	ANTIGEN PRESENTATION: FOLDING, ASSEMBLY AND PEPTIDE LOADING OF CLASS I MHC%REACTOME DATABASE ID RELEASE 95%983170		28	-0.31479284	-0.9857949	0.449827	1.0	1.0	228	tags=7%, list=1%, signal=7%	
NEURON MIGRATION%GOBP%GO:0001764	NEURON MIGRATION%GOBP%GO:0001764		67	-0.25401375	-0.9853353	0.4969697	1.0	1.0	2988	tags=18%, list=12%, signal=20%	
PID_ATR_PATHWAY%MSIGDB_C2%PID_ATR_PATHWAY	PID_ATR_PATHWAY%MSIGDB_C2%PID_ATR_PATHWAY		32	-0.2926516	-0.9847777	0.472	1.0	1.0	4594	tags=31%, list=19%, signal=38%	
ARACHIDONATE METABOLITES BIOSYNTHESIS%BIOCYC%PWY-8397	ARACHIDONATE METABOLITES BIOSYNTHESIS%BIOCYC%PWY-8397		28	-0.32127956	-0.9838185	0.4789272	1.0	1.0	143	tags=7%, list=1%, signal=7%	
MODIFIED AMINO ACID CATABOLIC PROCESS%GOBP%GO:0042219	MODIFIED AMINO ACID CATABOLIC PROCESS%GOBP%GO:0042219		26	-0.31099275	-0.98343164	0.47528517	1.0	1.0	1195	tags=15%, list=5%, signal=16%	
FOREBRAIN NEURON DIFFERENTIATION%GOBP%GO:0021879	FOREBRAIN NEURON DIFFERENTIATION%GOBP%GO:0021879		28	-0.31322652	-0.98333377	0.46743295	1.0	1.0	3108	tags=25%, list=13%, signal=29%	
HINDBRAIN MORPHOGENESIS%GOBP%GO:0021575	HINDBRAIN MORPHOGENESIS%GOBP%GO:0021575		18	-0.34820414	-0.9831922	0.42	1.0	1.0	4315	tags=44%, list=18%, signal=54%	
MATURATION OF SSU-RRNA FROM TRICISTRONIC RRNA TRANSCRIPT (SSU-RRNA, 5.8S RRNA, LSU-RRNA)%GOBP%GO:0000462	MATURATION OF SSU-RRNA FROM TRICISTRONIC RRNA TRANSCRIPT (SSU-RRNA, 5.8S RRNA, LSU-RRNA)%GOBP%GO:0000462		28	-0.30559927	-0.98248446	0.46743295	1.0	1.0	5381	tags=43%, list=22%, signal=55%	
REGULATION OF TISSUE REMODELING%GOBP%GO:0034103	REGULATION OF TISSUE REMODELING%GOBP%GO:0034103		62	-0.26303384	-0.9820674	0.49253732	1.0	1.0	4193	tags=26%, list=17%, signal=31%	
METHYLENETETRAHYDROFOLATE REDUCTASE DEFICIENCY (MTHFRD)%SMPDB%SMP0000340	METHYLENETETRAHYDROFOLATE REDUCTASE DEFICIENCY (MTHFRD)%SMPDB%SMP0000340		16	-0.36551157	-0.98081326	0.4551495	1.0	1.0	1600	tags=25%, list=7%, signal=27%	
NEGATIVE REGULATION OF EXTRINSIC APOPTOTIC SIGNALING PATHWAY%GOBP%GO:2001237	NEGATIVE REGULATION OF EXTRINSIC APOPTOTIC SIGNALING PATHWAY%GOBP%GO:2001237		71	-0.2541522	-0.9807971	0.4857143	1.0	1.0	3075	tags=20%, list=13%, signal=22%	
LIPOPOLYSACCHARIDE-MEDIATED SIGNALING PATHWAY%GOBP%GO:0031663	LIPOPOLYSACCHARIDE-MEDIATED SIGNALING PATHWAY%GOBP%GO:0031663		19	-0.33692655	-0.9803474	0.47058824	1.0	1.0	923	tags=16%, list=4%, signal=16%	
GLUCOCORTICOID RECEPTOR PATHWAY%WIKIPATHWAYS_20260211%WP2880%HOMO SAPIENS	GLUCOCORTICOID RECEPTOR PATHWAY%WIKIPATHWAYS_20260211%WP2880%HOMO SAPIENS		60	-0.25841904	-0.9802974	0.49519232	1.0	1.0	2072	tags=17%, list=8%, signal=18%	
DEGRADATION OF THE EXTRACELLULAR MATRIX%REACTOME DATABASE ID RELEASE 95%1474228	DEGRADATION OF THE EXTRACELLULAR MATRIX%REACTOME DATABASE ID RELEASE 95%1474228		110	-0.23579752	-0.97989	0.5258621	1.0	1.0	1622	tags=10%, list=7%, signal=11%	
SELENOAMINO ACID METABOLISM%REACTOME DATABASE ID RELEASE 95%2408522	SELENOAMINO ACID METABOLISM%REACTOME DATABASE ID RELEASE 95%2408522		116	-0.23449685	-0.9797825	0.5426357	1.0	1.0	5877	tags=31%, list=24%, signal=41%	
MITOCHONDRIAL TRANSLATION ELONGATION%REACTOME DATABASE ID RELEASE 95%5389840	MITOCHONDRIAL TRANSLATION ELONGATION%REACTOME DATABASE ID RELEASE 95%5389840		88	-0.24603282	-0.97956824	0.5121951	1.0	1.0	5397	tags=39%, list=22%, signal=49%	
BIOCARTA_EPO_PATHWAY%MSIGDB_C2%BIOCARTA_EPO_PATHWAY	BIOCARTA_EPO_PATHWAY%MSIGDB_C2%BIOCARTA_EPO_PATHWAY		16	-0.35164136	-0.9793717	0.47138047	1.0	1.0	1334	tags=19%, list=5%, signal=20%	
SENSORY PROCESSING OF SOUND BY OUTER HAIR CELLS OF THE COCHLEA%REACTOME DATABASE ID RELEASE 95%9662361	SENSORY PROCESSING OF SOUND BY OUTER HAIR CELLS OF THE COCHLEA%REACTOME DATABASE ID RELEASE 95%9662361		51	-0.27201548	-0.9787125	0.48768473	1.0	1.0	2524	tags=18%, list=10%, signal=20%	
MATURE B CELL DIFFERENTIATION INVOLVED IN IMMUNE RESPONSE%GOBP%GO:0002313	MATURE B CELL DIFFERENTIATION INVOLVED IN IMMUNE RESPONSE%GOBP%GO:0002313		15	-0.35527396	-0.9773393	0.5016077	1.0	1.0	4856	tags=53%, list=20%, signal=66%	
O-LINKED GLYCOSYLATION OF MUCINS%REACTOME DATABASE ID RELEASE 95%913709	O-LINKED GLYCOSYLATION OF MUCINS%REACTOME DATABASE ID RELEASE 95%913709		63	-0.25589463	-0.97729284	0.50980395	1.0	1.0	1208	tags=11%, list=5%, signal=12%	
POSITIVE REGULATION OF RESPONSE TO ENDOPLASMIC RETICULUM STRESS%GOBP%GO:1905898	POSITIVE REGULATION OF RESPONSE TO ENDOPLASMIC RETICULUM STRESS%GOBP%GO:1905898		35	-0.29110125	-0.97644734	0.50373137	1.0	1.0	5002	tags=31%, list=20%, signal=39%	
HALLMARK_NOTCH_SIGNALING%MSIGDBHALLMARK%HALLMARK_NOTCH_SIGNALING	HALLMARK_NOTCH_SIGNALING%MSIGDBHALLMARK%HALLMARK_NOTCH_SIGNALING		23	-0.3278879	-0.9753793	0.47636363	1.0	1.0	1289	tags=13%, list=5%, signal=14%	
SUPERPATHWAY OF PURINE NUCLEOTIDE SALVAGE%BIOCYC%PWY66-409	SUPERPATHWAY OF PURINE NUCLEOTIDE SALVAGE%BIOCYC%PWY66-409		29	-0.30062813	-0.97513	0.44166666	1.0	1.0	2377	tags=21%, list=10%, signal=23%	
EMBRYONIC APPENDAGE MORPHOGENESIS%GOBP%GO:0035113	EMBRYONIC APPENDAGE MORPHOGENESIS%GOBP%GO:0035113		37	-0.28321105	-0.97473514	0.48847926	1.0	1.0	3706	tags=27%, list=15%, signal=32%	
NEGATIVE REGULATION OF INSULIN SECRETION%GOBP%GO:0046676	NEGATIVE REGULATION OF INSULIN SECRETION%GOBP%GO:0046676		20	-0.33338156	-0.9746772	0.5	1.0	1.0	2696	tags=20%, list=11%, signal=22%	
ENDOCHONDRAL OSSIFICATION WITH SKELETAL DYSPLASIAS%WIKIPATHWAYS_20260211%WP4808%HOMO SAPIENS	ENDOCHONDRAL OSSIFICATION WITH SKELETAL DYSPLASIAS%WIKIPATHWAYS_20260211%WP4808%HOMO SAPIENS		52	-0.2628197	-0.97467124	0.4857143	1.0	1.0	1409	tags=12%, list=6%, signal=12%	
DUAL INCISION IN GG-NER%REACTOME%R-HSA-5696400.3	DUAL INCISION IN GG-NER%REACTOME%R-HSA-5696400.3		40	-0.2825513	-0.9743939	0.45333335	1.0	1.0	5676	tags=40%, list=23%, signal=52%	
PID_HEDGEHOG_GLI_PATHWAY%MSIGDB_C2%PID_HEDGEHOG_GLI_PATHWAY	PID_HEDGEHOG_GLI_PATHWAY%MSIGDB_C2%PID_HEDGEHOG_GLI_PATHWAY		37	-0.28621536	-0.97353053	0.51672864	1.0	1.0	1956	tags=14%, list=8%, signal=15%	
TRK RECEPTOR SIGNALING MEDIATED BY PI3K AND PLC-GAMMA%PATHWAY INTERACTION DATABASE NCI-NATURE CURATED DATA%TRK RECEPTOR SIGNALING MEDIATED BY PI3K AND PLC-GAMMA	TRK RECEPTOR SIGNALING MEDIATED BY PI3K AND PLC-GAMMA%PATHWAY INTERACTION DATABASE NCI-NATURE CURATED DATA%TRK RECEPTOR SIGNALING MEDIATED BY PI3K AND PLC-GAMMA		36	-0.28746128	-0.97304976	0.4857143	1.0	1.0	5599	tags=31%, list=23%, signal=40%	
EMBRYONIC LIMB MORPHOGENESIS%GOBP%GO:0030326	EMBRYONIC LIMB MORPHOGENESIS%GOBP%GO:0030326		37	-0.28321105	-0.9729399	0.5059289	1.0	1.0	3706	tags=27%, list=15%, signal=32%	
POSITIVE REGULATION OF ERBB SIGNALING PATHWAY%GOBP%GO:1901186	POSITIVE REGULATION OF ERBB SIGNALING PATHWAY%GOBP%GO:1901186		30	-0.29857838	-0.9728704	0.48473284	1.0	1.0	2922	tags=23%, list=12%, signal=26%	
NUCLEOSOME ASSEMBLY%REACTOME DATABASE ID RELEASE 95%774815	NUCLEOSOME ASSEMBLY%REACTOME DATABASE ID RELEASE 95%774815		52	-0.2662257	-0.9727766	0.5	1.0	1.0	1889	tags=13%, list=8%, signal=15%	
MAINTENANCE OF PROTEIN LOCATION%GOBP%GO:0045185	MAINTENANCE OF PROTEIN LOCATION%GOBP%GO:0045185		48	-0.26905954	-0.9724487	0.5023474	1.0	1.0	1999	tags=13%, list=8%, signal=14%	
DISEASES OF PROGRAMMED CELL DEATH%REACTOME%R-HSA-9645723.8	DISEASES OF PROGRAMMED CELL DEATH%REACTOME%R-HSA-9645723.8		70	-0.25434324	-0.9721602	0.47263682	1.0	1.0	2424	tags=17%, list=10%, signal=19%	
HS-GAG DEGRADATION%REACTOME DATABASE ID RELEASE 95%2024096	HS-GAG DEGRADATION%REACTOME DATABASE ID RELEASE 95%2024096		19	-0.33569604	-0.9720333	0.47619048	1.0	1.0	17	tags=5%, list=0%, signal=5%	
DISASSEMBLY OF THE DESTRUCTION COMPLEX AND RECRUITMENT OF AXIN TO THE MEMBRANE%REACTOME%R-HSA-4641262.6	DISASSEMBLY OF THE DESTRUCTION COMPLEX AND RECRUITMENT OF AXIN TO THE MEMBRANE%REACTOME%R-HSA-4641262.6		31	-0.2977074	-0.97202575	0.49785408	1.0	1.0	3951	tags=32%, list=16%, signal=38%	
BIOCARTA_IL6_PATHWAY%MSIGDB_C2%BIOCARTA_IL6_PATHWAY	BIOCARTA_IL6_PATHWAY%MSIGDB_C2%BIOCARTA_IL6_PATHWAY		18	-0.3421148	-0.9717854	0.48504984	1.0	1.0	1334	tags=17%, list=5%, signal=18%	
SWITCHING OF ORIGINS TO A POST-REPLICATIVE STATE%REACTOME%R-HSA-69052.6	SWITCHING OF ORIGINS TO A POST-REPLICATIVE STATE%REACTOME%R-HSA-69052.6		79	-0.24630171	-0.97134924	0.49101797	1.0	1.0	4690	tags=34%, list=19%, signal=42%	
CELL REDOX HOMEOSTASIS%GOBP%GO:0045454	CELL REDOX HOMEOSTASIS%GOBP%GO:0045454		38	-0.2826267	-0.97131455	0.5064935	1.0	1.0	1085	tags=11%, list=4%, signal=11%	
1P36 COPY NUMBER VARIATION SYNDROME%WIKIPATHWAYS_20260211%WP5345%HOMO SAPIENS	1P36 COPY NUMBER VARIATION SYNDROME%WIKIPATHWAYS_20260211%WP5345%HOMO SAPIENS		87	-0.24284148	-0.97073835	0.54545456	1.0	1.0	5472	tags=33%, list=22%, signal=43%	
MAINTENANCE OF LOCATION IN CELL%GOBP%GO:0051651	MAINTENANCE OF LOCATION IN CELL%GOBP%GO:0051651		57	-0.2624811	-0.9706801	0.4854369	1.0	1.0	1999	tags=12%, list=8%, signal=13%	
PID_IL1_PATHWAY%MSIGDB_C2%PID_IL1_PATHWAY	PID_IL1_PATHWAY%MSIGDB_C2%PID_IL1_PATHWAY		27	-0.30857992	-0.9700762	0.48	1.0	1.0	422	tags=11%, list=2%, signal=11%	
NEGATIVE REGULATION OF BIOMINERAL TISSUE DEVELOPMENT%GOBP%GO:0070168	NEGATIVE REGULATION OF BIOMINERAL TISSUE DEVELOPMENT%GOBP%GO:0070168		25	-0.31246677	-0.9699506	0.4742268	1.0	1.0	3854	tags=32%, list=16%, signal=38%	
MAINTENANCE OF PROTEIN LOCATION IN CELL%GOBP%GO:0032507	MAINTENANCE OF PROTEIN LOCATION IN CELL%GOBP%GO:0032507		48	-0.26905954	-0.96993893	0.5089286	1.0	1.0	1999	tags=13%, list=8%, signal=14%	
GLYCOSAMINOGLYCAN METABOLISM%REACTOME DATABASE ID RELEASE 95%1630316	GLYCOSAMINOGLYCAN METABOLISM%REACTOME DATABASE ID RELEASE 95%1630316		133	-0.22545774	-0.96928114	0.55172414	1.0	1.0	1980	tags=12%, list=8%, signal=13%	
BETA5 BETA6 BETA7 AND BETA8 INTEGRIN CELL SURFACE INTERACTIONS%PATHWAY INTERACTION DATABASE NCI-NATURE CURATED DATA%BETA5 BETA6 BETA7 AND BETA8 INTEGRIN CELL SURFACE INTERACTIONS	BETA5 BETA6 BETA7 AND BETA8 INTEGRIN CELL SURFACE INTERACTIONS%PATHWAY INTERACTION DATABASE NCI-NATURE CURATED DATA%BETA5 BETA6 BETA7 AND BETA8 INTEGRIN CELL SURFACE INTERACTIONS		17	-0.34059927	-0.96750057	0.49140894	1.0	1.0	17	tags=6%, list=0%, signal=6%	
RESOLUTION OF AP SITES VIA THE MULTIPLE-NUCLEOTIDE PATCH REPLACEMENT PATHWAY%REACTOME DATABASE ID RELEASE 95%110373	RESOLUTION OF AP SITES VIA THE MULTIPLE-NUCLEOTIDE PATCH REPLACEMENT PATHWAY%REACTOME DATABASE ID RELEASE 95%110373		25	-0.31598657	-0.9674128	0.5273973	1.0	1.0	6186	tags=40%, list=25%, signal=53%	
ANDROGEN RECEPTOR SIGNALING%WIKIPATHWAYS_20260211%WP138%HOMO SAPIENS	ANDROGEN RECEPTOR SIGNALING%WIKIPATHWAYS_20260211%WP138%HOMO SAPIENS		68	-0.2532424	-0.96737283	0.54497355	1.0	1.0	2659	tags=16%, list=11%, signal=18%	
REGULATION OF CELLULAR RESPIRATION%GOBP%GO:0043457	REGULATION OF CELLULAR RESPIRATION%GOBP%GO:0043457		34	-0.2923818	-0.9672108	0.5038168	1.0	1.0	3849	tags=29%, list=16%, signal=35%	
TOLL RECEPTOR SIGNALING PATHWAY%PANTHER PATHWAY%P00054	TOLL RECEPTOR SIGNALING PATHWAY%PANTHER PATHWAY%P00054		37	-0.289448	-0.96714437	0.5041322	1.0	1.0	622	tags=11%, list=3%, signal=11%	
MEIOTIC RECOMBINATION%REACTOME DATABASE ID RELEASE 95%912446	MEIOTIC RECOMBINATION%REACTOME DATABASE ID RELEASE 95%912446		56	-0.25887877	-0.9664511	0.5167464	1.0	1.0	1889	tags=14%, list=8%, signal=15%	
ERBB1 DOWNSTREAM SIGNALING%PATHWAY INTERACTION DATABASE NCI-NATURE CURATED DATA%ERBB1 DOWNSTREAM SIGNALING	ERBB1 DOWNSTREAM SIGNALING%PATHWAY INTERACTION DATABASE NCI-NATURE CURATED DATA%ERBB1 DOWNSTREAM SIGNALING		103	-0.23529443	-0.96616894	0.55263156	1.0	1.0	3454	tags=21%, list=14%, signal=25%	
DEPOSITION OF NEW CENPA-CONTAINING NUCLEOSOMES AT THE CENTROMERE%REACTOME DATABASE ID RELEASE 95%606279	DEPOSITION OF NEW CENPA-CONTAINING NUCLEOSOMES AT THE CENTROMERE%REACTOME DATABASE ID RELEASE 95%606279		52	-0.2662257	-0.9654436	0.52105266	1.0	1.0	1889	tags=13%, list=8%, signal=15%	
MYD88 DEPENDENT CASCADE INITIATED ON ENDOSOME%REACTOME%R-HSA-975155.6	MYD88 DEPENDENT CASCADE INITIATED ON ENDOSOME%REACTOME%R-HSA-975155.6		100	-0.22934587	-0.9648348	0.5808824	1.0	1.0	3794	tags=22%, list=15%, signal=26%	
POSITIVE REGULATION OF PROTEASOMAL PROTEIN CATABOLIC PROCESS%GOBP%GO:1901800	POSITIVE REGULATION OF PROTEASOMAL PROTEIN CATABOLIC PROCESS%GOBP%GO:1901800		103	-0.23504326	-0.9645147	0.5037594	1.0	1.0	2622	tags=13%, list=11%, signal=14%	
TGF-BETA RECEPTOR SIGNALING IN EMT (EPITHELIAL TO MESENCHYMAL TRANSITION)%REACTOME%R-HSA-2173791.3	TGF-BETA RECEPTOR SIGNALING IN EMT (EPITHELIAL TO MESENCHYMAL TRANSITION)%REACTOME%R-HSA-2173791.3		16	-0.35038662	-0.9642577	0.48089173	1.0	1.0	4512	tags=50%, list=18%, signal=61%	
MAP KINASE ACTIVATION%REACTOME%R-HSA-450294.5	MAP KINASE ACTIVATION%REACTOME%R-HSA-450294.5		62	-0.257204	-0.96404636	0.5138889	1.0	1.0	1334	tags=13%, list=5%, signal=14%	
NEGATIVE REGULATION OF ESTABLISHMENT OF PROTEIN LOCALIZATION%GOBP%GO:1904950	NEGATIVE REGULATION OF ESTABLISHMENT OF PROTEIN LOCALIZATION%GOBP%GO:1904950		87	-0.2455312	-0.96351224	0.525641	1.0	1.0	2914	tags=15%, list=12%, signal=17%	
REGULATION OF VASCULAR ENDOTHELIAL GROWTH FACTOR SIGNALING PATHWAY%GOBP%GO:1900746	REGULATION OF VASCULAR ENDOTHELIAL GROWTH FACTOR SIGNALING PATHWAY%GOBP%GO:1900746		28	-0.29773572	-0.963077	0.532567	1.0	1.0	4102	tags=21%, list=17%, signal=26%	
EAR MORPHOGENESIS%GOBP%GO:0042471	EAR MORPHOGENESIS%GOBP%GO:0042471		46	-0.27288774	-0.96255195	0.47826087	1.0	1.0	2177	tags=13%, list=9%, signal=14%	
NRIF SIGNALS CELL DEATH FROM THE NUCLEUS%REACTOME%R-HSA-205043.3	NRIF SIGNALS CELL DEATH FROM THE NUCLEUS%REACTOME%R-HSA-205043.3		16	-0.3440081	-0.96227884	0.48657718	1.0	1.0	1289	tags=19%, list=5%, signal=20%	
TGF BETA RECEPTOR SIGNALING IN SKELETAL DYSPLASIAS%WIKIPATHWAYS_20260211%WP4816%HOMO SAPIENS	TGF BETA RECEPTOR SIGNALING IN SKELETAL DYSPLASIAS%WIKIPATHWAYS_20260211%WP4816%HOMO SAPIENS		51	-0.26888144	-0.96223783	0.49779737	1.0	1.0	3712	tags=22%, list=15%, signal=25%	
SYNAPTIC SIGNALING ASSOCIATED WITH AUTISM SPECTRUM DISORDER%WIKIPATHWAYS_20260211%WP4539%HOMO SAPIENS	SYNAPTIC SIGNALING ASSOCIATED WITH AUTISM SPECTRUM DISORDER%WIKIPATHWAYS_20260211%WP4539%HOMO SAPIENS		42	-0.27415866	-0.9619745	0.52263373	1.0	1.0	2687	tags=19%, list=11%, signal=21%	
NEGATIVE REGULATION OF BLOOD VESSEL ENDOTHELIAL CELL MIGRATION%GOBP%GO:0043537	NEGATIVE REGULATION OF BLOOD VESSEL ENDOTHELIAL CELL MIGRATION%GOBP%GO:0043537		35	-0.28800607	-0.9617525	0.5060729	1.0	1.0	5479	tags=34%, list=22%, signal=44%	
REGULATION OF VASCULAR ENDOTHELIAL CELL PROLIFERATION%GOBP%GO:1905562	REGULATION OF VASCULAR ENDOTHELIAL CELL PROLIFERATION%GOBP%GO:1905562		18	-0.3401952	-0.96133214	0.4931973	1.0	1.0	464	tags=11%, list=2%, signal=11%	
CELLULAR RESPONSE TO MOLECULE OF BACTERIAL ORIGIN%GOBP%GO:0071219	CELLULAR RESPONSE TO MOLECULE OF BACTERIAL ORIGIN%GOBP%GO:0071219		133	-0.22649279	-0.96127903	0.57425743	1.0	1.0	2246	tags=14%, list=9%, signal=15%	
REGULATION OF NUCLEOTIDE METABOLIC PROCESS%GOBP%GO:0006140	REGULATION OF NUCLEOTIDE METABOLIC PROCESS%GOBP%GO:0006140		68	-0.24610318	-0.96061873	0.57714283	1.0	1.0	2553	tags=18%, list=10%, signal=20%	
DENGUE VIRUS ATTACHMENT AND ENTRY%REACTOME DATABASE ID RELEASE 95%9918485	DENGUE VIRUS ATTACHMENT AND ENTRY%REACTOME DATABASE ID RELEASE 95%9918485		44	-0.2807373	-0.9604141	0.49056605	1.0	1.0	2186	tags=14%, list=9%, signal=15%	
PEPTIDYL-TYROSINE DEPHOSPHORYLATION%GOBP%GO:0035335	PEPTIDYL-TYROSINE DEPHOSPHORYLATION%GOBP%GO:0035335		19	-0.32729048	-0.9603941	0.51324505	1.0	1.0	2074	tags=26%, list=8%, signal=29%	
HALLMARK_TNFA_SIGNALING_VIA_NFKB%MSIGDBHALLMARK%HALLMARK_TNFA_SIGNALING_VIA_NFKB	HALLMARK_TNFA_SIGNALING_VIA_NFKB%MSIGDBHALLMARK%HALLMARK_TNFA_SIGNALING_VIA_NFKB		169	-0.21944895	-0.9601033	0.625	1.0	1.0	4430	tags=21%, list=18%, signal=25%	
ACTIVATION OF BAD AND TRANSLOCATION TO MITOCHONDRIA%REACTOME DATABASE ID RELEASE 95%111447	ACTIVATION OF BAD AND TRANSLOCATION TO MITOCHONDRIA%REACTOME DATABASE ID RELEASE 95%111447		15	-0.36722973	-0.95966303	0.49221185	1.0	1.0	899	tags=13%, list=4%, signal=14%	
REGULATION OF SMAD PROTEIN SIGNAL TRANSDUCTION%GOBP%GO:0060390	REGULATION OF SMAD PROTEIN SIGNAL TRANSDUCTION%GOBP%GO:0060390		60	-0.2526024	-0.9593602	0.5706522	1.0	1.0	3712	tags=25%, list=15%, signal=29%	
RESPONSE TO TYPE I INTERFERON%GOBP%GO:0034340	RESPONSE TO TYPE I INTERFERON%GOBP%GO:0034340		86	-0.23702821	-0.95889175	0.49375	1.0	1.0	4658	tags=28%, list=19%, signal=34%	
REGULATION OF KIDNEY DEVELOPMENT%GOBP%GO:0090183	REGULATION OF KIDNEY DEVELOPMENT%GOBP%GO:0090183		25	-0.30546468	-0.95864993	0.5232975	1.0	1.0	1294	tags=12%, list=5%, signal=13%	
REGULATION OF CARDIAC MUSCLE TISSUE GROWTH%GOBP%GO:0055021	REGULATION OF CARDIAC MUSCLE TISSUE GROWTH%GOBP%GO:0055021		25	-0.30140987	-0.95859206	0.4893617	1.0	1.0	2942	tags=24%, list=12%, signal=27%	
XENOBIOTIC TRANSPORT%GOBP%GO:0042908	XENOBIOTIC TRANSPORT%GOBP%GO:0042908		35	-0.28549987	-0.9574417	0.5294118	1.0	1.0	2381	tags=20%, list=10%, signal=22%	
CLASS B 2 (SECRETIN FAMILY RECEPTORS)%REACTOME%R-HSA-373080.4	CLASS B 2 (SECRETIN FAMILY RECEPTORS)%REACTOME%R-HSA-373080.4		93	-0.2398416	-0.9572901	0.58450705	1.0	1.0	3951	tags=26%, list=16%, signal=31%	
NUCLEAR MIGRATION%GOBP%GO:0007097	NUCLEAR MIGRATION%GOBP%GO:0007097		21	-0.31920898	-0.95704746	0.51672864	1.0	1.0	2343	tags=14%, list=10%, signal=16%	
PID_MYC_ACTIV_PATHWAY%MSIGDB_C2%PID_MYC_ACTIV_PATHWAY	PID_MYC_ACTIV_PATHWAY%MSIGDB_C2%PID_MYC_ACTIV_PATHWAY		65	-0.25021726	-0.9569339	0.5507246	1.0	1.0	4959	tags=37%, list=20%, signal=46%	
PID_BETA_CATENIN_DEG_PATHWAY%MSIGDB_C2%PID_BETA_CATENIN_DEG_PATHWAY	PID_BETA_CATENIN_DEG_PATHWAY%MSIGDB_C2%PID_BETA_CATENIN_DEG_PATHWAY		16	-0.35095406	-0.95581234	0.4834437	1.0	1.0	6118	tags=50%, list=25%, signal=67%	
POSITIVE REGULATION OF B CELL PROLIFERATION%GOBP%GO:0030890	POSITIVE REGULATION OF B CELL PROLIFERATION%GOBP%GO:0030890		30	-0.29912215	-0.95494556	0.5	1.0	1.0	2562	tags=20%, list=10%, signal=22%	
G1 S DNA DAMAGE CHECKPOINTS%REACTOME DATABASE ID RELEASE 95%69615	G1 S DNA DAMAGE CHECKPOINTS%REACTOME DATABASE ID RELEASE 95%69615		67	-0.24884754	-0.95466477	0.55675673	1.0	1.0	4658	tags=31%, list=19%, signal=39%	
REGULATION OF CARBOHYDRATE CATABOLIC PROCESS%GOBP%GO:0043470	REGULATION OF CARBOHYDRATE CATABOLIC PROCESS%GOBP%GO:0043470		50	-0.26639724	-0.95451516	0.52380955	1.0	1.0	2491	tags=16%, list=10%, signal=18%	
MITOCHONDRIAL TRANSLATION TERMINATION%REACTOME%R-HSA-5419276.6	MITOCHONDRIAL TRANSLATION TERMINATION%REACTOME%R-HSA-5419276.6		89	-0.23710746	-0.9543601	0.53741497	1.0	1.0	5397	tags=37%, list=22%, signal=47%	
BRAIN DERIVED NEUROTROPHIC FACTOR BDNF SIGNALING%WIKIPATHWAYS_20260211%WP2380%HOMO SAPIENS	BRAIN DERIVED NEUROTROPHIC FACTOR BDNF SIGNALING%WIKIPATHWAYS_20260211%WP2380%HOMO SAPIENS		120	-0.22348063	-0.95408946	0.6272727	1.0	1.0	3175	tags=18%, list=13%, signal=21%	
NEGATIVE EPIGENETIC REGULATION OF RRNA EXPRESSION%REACTOME DATABASE ID RELEASE 95%5250941	NEGATIVE EPIGENETIC REGULATION OF RRNA EXPRESSION%REACTOME DATABASE ID RELEASE 95%5250941		76	-0.24300604	-0.9540714	0.58787876	1.0	1.0	4414	tags=26%, list=18%, signal=32%	
REGULATION OF RESPONSE TO NUTRIENT LEVELS%GOBP%GO:0032107	REGULATION OF RESPONSE TO NUTRIENT LEVELS%GOBP%GO:0032107		26	-0.30638996	-0.9540252	0.5038168	1.0	1.0	172	tags=12%, list=1%, signal=12%	
POSITIVE REGULATION OF PROTEIN SECRETION%GOBP%GO:0050714	POSITIVE REGULATION OF PROTEIN SECRETION%GOBP%GO:0050714		95	-0.23745802	-0.9536449	0.5614035	1.0	1.0	2802	tags=17%, list=11%, signal=19%	
TARGETING YAP IN PANCREATIC DUCTAL ADENOCARCINOMA PDAC %WIKIPATHWAYS_20260211%WP5495%HOMO SAPIENS	TARGETING YAP IN PANCREATIC DUCTAL ADENOCARCINOMA PDAC %WIKIPATHWAYS_20260211%WP5495%HOMO SAPIENS		19	-0.3346516	-0.9534682	0.5319149	1.0	1.0	2491	tags=21%, list=10%, signal=23%	
TOLL LIKE RECEPTOR SIGNALING RELATED TO MYD88%WIKIPATHWAYS_20260211%WP3858%HOMO SAPIENS	TOLL LIKE RECEPTOR SIGNALING RELATED TO MYD88%WIKIPATHWAYS_20260211%WP3858%HOMO SAPIENS		28	-0.29502434	-0.95344394	0.5418182	1.0	1.0	622	tags=11%, list=3%, signal=11%	
PID_INTEGRIN3_PATHWAY%MSIGDB_C2%PID_INTEGRIN3_PATHWAY	PID_INTEGRIN3_PATHWAY%MSIGDB_C2%PID_INTEGRIN3_PATHWAY		35	-0.28585914	-0.95336294	0.5	1.0	1.0	981	tags=11%, list=4%, signal=12%	
VALIDATED TRANSCRIPTIONAL TARGETS OF DELTANP63 ISOFORMS%PATHWAY INTERACTION DATABASE NCI-NATURE CURATED DATA%VALIDATED TRANSCRIPTIONAL TARGETS OF DELTANP63 ISOFORMS	VALIDATED TRANSCRIPTIONAL TARGETS OF DELTANP63 ISOFORMS%PATHWAY INTERACTION DATABASE NCI-NATURE CURATED DATA%VALIDATED TRANSCRIPTIONAL TARGETS OF DELTANP63 ISOFORMS		47	-0.2715938	-0.95325613	0.5565217	1.0	1.0	36	tags=4%, list=0%, signal=4%	
INTERMEMBRANE LIPID TRANSFER%GOBP%GO:0120009	INTERMEMBRANE LIPID TRANSFER%GOBP%GO:0120009		15	-0.34772092	-0.9524464	0.49666667	1.0	1.0	3759	tags=27%, list=15%, signal=31%	
PTEN REGULATION%REACTOME%R-HSA-6807070.4	PTEN REGULATION%REACTOME%R-HSA-6807070.4		125	-0.222426	-0.9522979	0.59090906	1.0	1.0	4265	tags=26%, list=17%, signal=31%	
RHOBTB1 GTPASE CYCLE%REACTOME%R-HSA-9013422.4	RHOBTB1 GTPASE CYCLE%REACTOME%R-HSA-9013422.4		23	-0.31221566	-0.95151323	0.52881354	1.0	1.0	5640	tags=52%, list=23%, signal=68%	
FOREBRAIN NEURON DEVELOPMENT%GOBP%GO:0021884	FOREBRAIN NEURON DEVELOPMENT%GOBP%GO:0021884		16	-0.3459881	-0.9511886	0.5067114	1.0	1.0	3108	tags=25%, list=13%, signal=29%	
TRAF6 MEDIATED INDUCTION OF NFKB AND MAP KINASES UPON TLR7 8 OR 9 ACTIVATION%REACTOME%R-HSA-975138.5	TRAF6 MEDIATED INDUCTION OF NFKB AND MAP KINASES UPON TLR7 8 OR 9 ACTIVATION%REACTOME%R-HSA-975138.5		99	-0.23167731	-0.95018053	0.60958904	1.0	1.0	3794	tags=22%, list=15%, signal=26%	
SIGNALING BY NODAL%REACTOME%R-HSA-1181150.3	SIGNALING BY NODAL%REACTOME%R-HSA-1181150.3		22	-0.31658015	-0.94982773	0.5123675	1.0	1.0	878	tags=14%, list=4%, signal=14%	
RESPONSE TO OXYGEN LEVELS%GOBP%GO:0070482	RESPONSE TO OXYGEN LEVELS%GOBP%GO:0070482		152	-0.22079116	-0.94943273	0.6666667	1.0	1.0	3778	tags=23%, list=15%, signal=27%	
AMINO ACID BIOSYNTHETIC PROCESS%GOBP%GO:0008652	AMINO ACID BIOSYNTHETIC PROCESS%GOBP%GO:0008652		46	-0.2703251	-0.9492897	0.52272725	1.0	1.0	3892	tags=30%, list=16%, signal=36%	
2-HYDROXYGLUTRIC ACIDURIA (D AND L FORM)%SMPDB%SMP0000136	2-HYDROXYGLUTRIC ACIDURIA (D AND L FORM)%SMPDB%SMP0000136		21	-0.30999961	-0.94815636	0.53061223	1.0	1.0	476	tags=10%, list=2%, signal=10%	
PROTEIN LOCALIZATION TO GOLGI APPARATUS%GOBP%GO:0034067	PROTEIN LOCALIZATION TO GOLGI APPARATUS%GOBP%GO:0034067		31	-0.29252642	-0.94809234	0.54509807	1.0	1.0	3411	tags=26%, list=14%, signal=30%	
NEGATIVE REGULATION OF CARBOHYDRATE METABOLIC PROCESS%GOBP%GO:0045912	NEGATIVE REGULATION OF CARBOHYDRATE METABOLIC PROCESS%GOBP%GO:0045912		39	-0.26532242	-0.94782674	0.54273504	1.0	1.0	3511	tags=23%, list=14%, signal=27%	
TRANSLESION SYNTHESIS BY Y FAMILY DNA POLYMERASES BYPASSES LESIONS ON DNA TEMPLATE%REACTOME DATABASE ID RELEASE 95%110313	TRANSLESION SYNTHESIS BY Y FAMILY DNA POLYMERASES BYPASSES LESIONS ON DNA TEMPLATE%REACTOME DATABASE ID RELEASE 95%110313		38	-0.27456826	-0.9475844	0.53543305	1.0	1.0	4407	tags=29%, list=18%, signal=35%	
PROTEIN DEGLYCOSYLATION%GOBP%GO:0006517	PROTEIN DEGLYCOSYLATION%GOBP%GO:0006517		17	-0.33189815	-0.9473573	0.503268	1.0	1.0	4762	tags=41%, list=19%, signal=51%	
MTOR SIGNALING PATHWAY%PATHWAY INTERACTION DATABASE NCI-NATURE CURATED DATA%MTOR SIGNALING PATHWAY	MTOR SIGNALING PATHWAY%PATHWAY INTERACTION DATABASE NCI-NATURE CURATED DATA%MTOR SIGNALING PATHWAY		66	-0.25190675	-0.94718903	0.56084657	1.0	1.0	5109	tags=32%, list=21%, signal=40%	
BASIGIN INTERACTIONS%REACTOME DATABASE ID RELEASE 95%210991	BASIGIN INTERACTIONS%REACTOME DATABASE ID RELEASE 95%210991		25	-0.30270633	-0.9469488	0.5	1.0	1.0	1702	tags=20%, list=7%, signal=21%	
MITOCHONDRIAL TRNA PROCESSING%GOBP%GO:0090646	MITOCHONDRIAL TRNA PROCESSING%GOBP%GO:0090646		17	-0.33720225	-0.9468804	0.53114754	1.0	1.0	1892	tags=18%, list=8%, signal=19%	
MICROTUBULE DEPOLYMERIZATION%GOBP%GO:0007019	MICROTUBULE DEPOLYMERIZATION%GOBP%GO:0007019		17	-0.34293166	-0.9468083	0.50501674	1.0	1.0	3590	tags=18%, list=15%, signal=21%	
BONE DEVELOPMENT%GOBP%GO:0060348	BONE DEVELOPMENT%GOBP%GO:0060348		91	-0.23124345	-0.9467332	0.5882353	1.0	1.0	1980	tags=12%, list=8%, signal=13%	
ENDOCHONDRAL OSSIFICATION%WIKIPATHWAYS_20260211%WP474%HOMO SAPIENS	ENDOCHONDRAL OSSIFICATION%WIKIPATHWAYS_20260211%WP474%HOMO SAPIENS		52	-0.2628197	-0.9466782	0.5606695	1.0	1.0	1409	tags=12%, list=6%, signal=12%	
4-HYDROXYBUTYRIC ACIDURIA SUCCINIC SEMIALDEHYDE DEHYDROGENASE DEFICIENCY%SMPDB%SMP0000243	4-HYDROXYBUTYRIC ACIDURIA SUCCINIC SEMIALDEHYDE DEHYDROGENASE DEFICIENCY%SMPDB%SMP0000243		21	-0.30999961	-0.94663876	0.5314685	1.0	1.0	476	tags=10%, list=2%, signal=10%	
NUCLEOTIDE-SUGAR METABOLIC PROCESS%GOBP%GO:0009225	NUCLEOTIDE-SUGAR METABOLIC PROCESS%GOBP%GO:0009225		35	-0.28320196	-0.9465375	0.56	1.0	1.0	1867	tags=14%, list=8%, signal=15%	
NEGATIVE REGULATION OF SMOOTH MUSCLE CELL PROLIFERATION%GOBP%GO:0048662	NEGATIVE REGULATION OF SMOOTH MUSCLE CELL PROLIFERATION%GOBP%GO:0048662		36	-0.28638545	-0.9463918	0.5078125	1.0	1.0	2737	tags=17%, list=11%, signal=19%	
IL12 SIGNALING MEDIATED BY STAT4%PATHWAY INTERACTION DATABASE NCI-NATURE CURATED DATA%IL12 SIGNALING MEDIATED BY STAT4	IL12 SIGNALING MEDIATED BY STAT4%PATHWAY INTERACTION DATABASE NCI-NATURE CURATED DATA%IL12 SIGNALING MEDIATED BY STAT4		30	-0.29217368	-0.9461681	0.5595668	1.0	1.0	1850	tags=17%, list=8%, signal=18%	
NEGATIVE REGULATION OF MRNA METABOLIC PROCESS%GOBP%GO:1903312	NEGATIVE REGULATION OF MRNA METABOLIC PROCESS%GOBP%GO:1903312		104	-0.22976524	-0.94570607	0.66206896	1.0	1.0	3909	tags=26%, list=16%, signal=31%	
RRNA PROCESSING%GOBP%GO:0006364	RRNA PROCESSING%GOBP%GO:0006364		180	-0.21568964	-0.94554	0.73255813	1.0	1.0	4545	tags=28%, list=19%, signal=35%	
PROSTAGLANDIN AND LEUKOTRIENE METABOLISM IN SENESCENCE %WIKIPATHWAYS_20260211%WP5122%HOMO SAPIENS	PROSTAGLANDIN AND LEUKOTRIENE METABOLISM IN SENESCENCE %WIKIPATHWAYS_20260211%WP5122%HOMO SAPIENS		26	-0.3011534	-0.94553536	0.5568182	1.0	1.0	2951	tags=27%, list=12%, signal=31%	
SPLICEOSOMAL COMPLEX ASSEMBLY%GOBP%GO:0000245	SPLICEOSOMAL COMPLEX ASSEMBLY%GOBP%GO:0000245		75	-0.23881091	-0.9450698	0.6121212	1.0	1.0	2858	tags=20%, list=12%, signal=23%	
PHOSPHATE ION TRANSPORT%GOBP%GO:0006817	PHOSPHATE ION TRANSPORT%GOBP%GO:0006817		18	-0.34137782	-0.9437685	0.54362416	1.0	1.0	3061	tags=17%, list=12%, signal=19%	
REGULATION OF ATP METABOLIC PROCESS%GOBP%GO:1903578	REGULATION OF ATP METABOLIC PROCESS%GOBP%GO:1903578		59	-0.2514166	-0.9435012	0.5751295	1.0	1.0	2491	tags=17%, list=10%, signal=19%	
ISOPRENOID METABOLIC PROCESS%GOBP%GO:0006720	ISOPRENOID METABOLIC PROCESS%GOBP%GO:0006720		97	-0.22636907	-0.94342256	0.6357616	1.0	1.0	1535	tags=11%, list=6%, signal=12%	
POSITIVE REGULATION OF MIRNA TRANSCRIPTION%GOBP%GO:1902895	POSITIVE REGULATION OF MIRNA TRANSCRIPTION%GOBP%GO:1902895		48	-0.26553273	-0.94302815	0.5522388	1.0	1.0	2802	tags=21%, list=11%, signal=23%	
GTP METABOLIC PROCESS%GOBP%GO:0046039	GTP METABOLIC PROCESS%GOBP%GO:0046039		16	-0.34792373	-0.9429289	0.5381944	1.0	1.0	2377	tags=38%, list=10%, signal=42%	
CHONDROITIN SULFATE DERMATAN SULFATE METABOLISM%REACTOME DATABASE ID RELEASE 95%1793185	CHONDROITIN SULFATE DERMATAN SULFATE METABOLISM%REACTOME DATABASE ID RELEASE 95%1793185		36	-0.27854934	-0.94221294	0.59107804	1.0	1.0	954	tags=11%, list=4%, signal=12%	
ASSEMBLY OF THE PRE-REPLICATIVE COMPLEX%REACTOME DATABASE ID RELEASE 95%68867	ASSEMBLY OF THE PRE-REPLICATIVE COMPLEX%REACTOME DATABASE ID RELEASE 95%68867		100	-0.22991537	-0.94202465	0.57042253	1.0	1.0	4409	tags=28%, list=18%, signal=34%	
IL6%NETPATH%IL6	IL6%NETPATH%IL6		55	-0.25283742	-0.94198096	0.6042781	1.0	1.0	2806	tags=16%, list=11%, signal=18%	
RESPONSE OF MTB TO PHAGOCYTOSIS%REACTOME%R-HSA-9637690.3	RESPONSE OF MTB TO PHAGOCYTOSIS%REACTOME%R-HSA-9637690.3		23	-0.31225312	-0.9419421	0.54754096	1.0	1.0	752	tags=13%, list=3%, signal=13%	
GLYCOSPHINGOLIPID CATABOLISM%REACTOME DATABASE ID RELEASE 95%9840310	GLYCOSPHINGOLIPID CATABOLISM%REACTOME DATABASE ID RELEASE 95%9840310		37	-0.2805983	-0.94093555	0.525	1.0	1.0	1240	tags=14%, list=5%, signal=14%	
MAP3K1 ROLE IN PROMOTING AND BLOCKING GONADAL DETERMINATION%WIKIPATHWAYS_20260211%WP4872%HOMO SAPIENS	MAP3K1 ROLE IN PROMOTING AND BLOCKING GONADAL DETERMINATION%WIKIPATHWAYS_20260211%WP4872%HOMO SAPIENS		15	-0.34751138	-0.9405801	0.5307443	1.0	1.0	1968	tags=20%, list=8%, signal=22%	
CANONICAL AND NON CANONICAL TGF B SIGNALING%WIKIPATHWAYS_20260211%WP3874%HOMO SAPIENS	CANONICAL AND NON CANONICAL TGF B SIGNALING%WIKIPATHWAYS_20260211%WP3874%HOMO SAPIENS		16	-0.3397867	-0.9405733	0.5621469	1.0	1.0	170	tags=13%, list=1%, signal=13%	
POSITIVE REGULATION OF INTRACELLULAR TRANSPORT%GOBP%GO:0032388	POSITIVE REGULATION OF INTRACELLULAR TRANSPORT%GOBP%GO:0032388		130	-0.2201486	-0.94030386	0.6853933	1.0	1.0	2929	tags=15%, list=12%, signal=17%	
CELLULAR RESPONSE TO BIOTIC STIMULUS%GOBP%GO:0071216	CELLULAR RESPONSE TO BIOTIC STIMULUS%GOBP%GO:0071216		153	-0.21562915	-0.940292	0.69512194	1.0	1.0	2246	tags=14%, list=9%, signal=15%	
IL3 SIGNALING%WIKIPATHWAYS_20260211%WP286%HOMO SAPIENS	IL3 SIGNALING%WIKIPATHWAYS_20260211%WP286%HOMO SAPIENS		42	-0.2740243	-0.9392759	0.59126985	1.0	1.0	2760	tags=24%, list=11%, signal=27%	
POSITIVE REGULATION OF SYNAPTIC TRANSMISSION%GOBP%GO:0050806	POSITIVE REGULATION OF SYNAPTIC TRANSMISSION%GOBP%GO:0050806		91	-0.22907965	-0.9392525	0.65189874	1.0	1.0	1660	tags=11%, list=7%, signal=12%	
NEGATIVE REGULATION OF OSTEOBLAST DIFFERENTIATION%GOBP%GO:0045668	NEGATIVE REGULATION OF OSTEOBLAST DIFFERENTIATION%GOBP%GO:0045668		36	-0.27873105	-0.93925166	0.5811966	1.0	1.0	1488	tags=11%, list=6%, signal=12%	
HEPATITIS B INFECTION%WIKIPATHWAYS_20260211%WP4666%HOMO SAPIENS	HEPATITIS B INFECTION%WIKIPATHWAYS_20260211%WP4666%HOMO SAPIENS		127	-0.22497582	-0.9390344	0.6721311	1.0	1.0	3712	tags=20%, list=15%, signal=23%	
SENSORY PERCEPTION OF SOUND%GOBP%GO:0007605	SENSORY PERCEPTION OF SOUND%GOBP%GO:0007605		112	-0.22568753	-0.93885696	0.712	1.0	1.0	2486	tags=14%, list=10%, signal=16%	
MRNA STABILIZATION%GOBP%GO:0048255	MRNA STABILIZATION%GOBP%GO:0048255		63	-0.24170484	-0.93820536	0.59585494	1.0	1.0	3853	tags=29%, list=16%, signal=34%	
RHO PROTEIN SIGNAL TRANSDUCTION%GOBP%GO:0007266	RHO PROTEIN SIGNAL TRANSDUCTION%GOBP%GO:0007266		59	-0.25631863	-0.93787676	0.6243386	1.0	1.0	2659	tags=15%, list=11%, signal=17%	
REGULATION OF ORGAN GROWTH%GOBP%GO:0046620	REGULATION OF ORGAN GROWTH%GOBP%GO:0046620		36	-0.2794842	-0.9378753	0.5769231	1.0	1.0	1621	tags=17%, list=7%, signal=18%	
INTRINSIC APOPTOTIC SIGNALING PATHWAY BY P53 CLASS MEDIATOR%GOBP%GO:0072332	INTRINSIC APOPTOTIC SIGNALING PATHWAY BY P53 CLASS MEDIATOR%GOBP%GO:0072332		38	-0.2745425	-0.9377924	0.62151396	1.0	1.0	2400	tags=21%, list=10%, signal=23%	
NEGATIVE REGULATION OF MAPK PATHWAY%REACTOME DATABASE ID RELEASE 95%5675221	NEGATIVE REGULATION OF MAPK PATHWAY%REACTOME DATABASE ID RELEASE 95%5675221		42	-0.26887122	-0.93765324	0.5904059	1.0	1.0	3745	tags=29%, list=15%, signal=34%	
FOXO FAMILY SIGNALING%PATHWAY INTERACTION DATABASE NCI-NATURE CURATED DATA%FOXO FAMILY SIGNALING	FOXO FAMILY SIGNALING%PATHWAY INTERACTION DATABASE NCI-NATURE CURATED DATA%FOXO FAMILY SIGNALING		48	-0.26308632	-0.9375291	0.57272726	1.0	1.0	2363	tags=19%, list=10%, signal=21%	
POLYSACCHARIDE METABOLIC PROCESS%GOBP%GO:0005976	POLYSACCHARIDE METABOLIC PROCESS%GOBP%GO:0005976		44	-0.26394832	-0.93580544	0.57641923	1.0	1.0	5872	tags=36%, list=24%, signal=48%	
T-HELPER 1 CELL DIFFERENTIATION%GOBP%GO:0045063	T-HELPER 1 CELL DIFFERENTIATION%GOBP%GO:0045063		24	-0.30563986	-0.93487567	0.56206894	1.0	1.0	940	tags=13%, list=4%, signal=13%	
MATURE B CELL DIFFERENTIATION%GOBP%GO:0002335	MATURE B CELL DIFFERENTIATION%GOBP%GO:0002335		16	-0.3409439	-0.9346107	0.5427632	1.0	1.0	4856	tags=50%, list=20%, signal=62%	
REGULATION OF PURINE NUCLEOTIDE METABOLIC PROCESS%GOBP%GO:1900542	REGULATION OF PURINE NUCLEOTIDE METABOLIC PROCESS%GOBP%GO:1900542		68	-0.24610318	-0.93456537	0.65591395	1.0	1.0	2553	tags=18%, list=10%, signal=20%	
MITOCHONDRIAL TRANSLATION INITIATION%REACTOME%R-HSA-5368286.3	MITOCHONDRIAL TRANSLATION INITIATION%REACTOME%R-HSA-5368286.3		88	-0.23430066	-0.9323893	0.60958904	1.0	1.0	5397	tags=38%, list=22%, signal=48%	
DNA MISMATCH REPAIR%WIKIPATHWAYS_20260211%WP531%HOMO SAPIENS	DNA MISMATCH REPAIR%WIKIPATHWAYS_20260211%WP531%HOMO SAPIENS		18	-0.33508098	-0.9322047	0.5736196	1.0	1.0	4010	tags=33%, list=16%, signal=40%	
REGULATION OF MUSCLE CELL APOPTOTIC PROCESS%GOBP%GO:0010660	REGULATION OF MUSCLE CELL APOPTOTIC PROCESS%GOBP%GO:0010660		41	-0.27687073	-0.9321712	0.58943087	1.0	1.0	4098	tags=20%, list=17%, signal=23%	
OLIGODENDROCYTE DIFFERENTIATION%GOBP%GO:0048709	OLIGODENDROCYTE DIFFERENTIATION%GOBP%GO:0048709		31	-0.2862447	-0.9321274	0.54316545	1.0	1.0	105	tags=6%, list=0%, signal=6%	
POSITIVE REGULATION OF EXOSOMAL SECRETION%GOBP%GO:1903543	POSITIVE REGULATION OF EXOSOMAL SECRETION%GOBP%GO:1903543		15	-0.3392091	-0.93152404	0.5566667	1.0	1.0	17	tags=7%, list=0%, signal=7%	
SIGNALING BY HEDGEHOG%REACTOME DATABASE ID RELEASE 95%5358351	SIGNALING BY HEDGEHOG%REACTOME DATABASE ID RELEASE 95%5358351		122	-0.2213525	-0.9314842	0.6846154	1.0	1.0	4658	tags=30%, list=19%, signal=37%	
SEROTONIN NEUROTRANSMITTER RELEASE CYCLE%REACTOME DATABASE ID RELEASE 95%181429	SEROTONIN NEUROTRANSMITTER RELEASE CYCLE%REACTOME DATABASE ID RELEASE 95%181429		17	-0.3419275	-0.930687	0.53571427	1.0	1.0	3031	tags=29%, list=12%, signal=34%	
TOLL-LIKE RECEPTOR PATHWAY 1%PATHWHIZ%PW064909	TOLL-LIKE RECEPTOR PATHWAY 1%PATHWHIZ%PW064909		33	-0.28308424	-0.92999065	0.53846157	1.0	1.0	3794	tags=27%, list=15%, signal=32%	
REGULATION OF PYRUVATE METABOLISM%REACTOME DATABASE ID RELEASE 95%9861718	REGULATION OF PYRUVATE METABOLISM%REACTOME DATABASE ID RELEASE 95%9861718		31	-0.2860199	-0.9297883	0.58704454	1.0	1.0	1583	tags=13%, list=6%, signal=14%	
REGULATION OF MICROTUBULE NUCLEATION%GOBP%GO:0010968	REGULATION OF MICROTUBULE NUCLEATION%GOBP%GO:0010968		18	-0.32755283	-0.9295116	0.53896105	1.0	1.0	1286	tags=11%, list=5%, signal=12%	
PURINERGIC SIGNALING IN LEISHMANIASIS INFECTION%REACTOME DATABASE ID RELEASE 95%9660826	PURINERGIC SIGNALING IN LEISHMANIASIS INFECTION%REACTOME DATABASE ID RELEASE 95%9660826		25	-0.29911986	-0.9294947	0.5878378	1.0	1.0	2118	tags=16%, list=9%, signal=17%	
STRIATED MUSCLE CELL DIFFERENTIATION%GOBP%GO:0051146	STRIATED MUSCLE CELL DIFFERENTIATION%GOBP%GO:0051146		132	-0.22130653	-0.9290787	0.70247936	1.0	1.0	2110	tags=11%, list=9%, signal=12%	
ESTROGEN SIGNALING%WIKIPATHWAYS_20260211%WP712%HOMO SAPIENS	ESTROGEN SIGNALING%WIKIPATHWAYS_20260211%WP712%HOMO SAPIENS		18	-0.32331902	-0.9286047	0.5432526	1.0	1.0	1334	tags=17%, list=5%, signal=18%	
CELL FATE COMMITMENT INVOLVED IN FORMATION OF PRIMARY GERM LAYER%GOBP%GO:0060795	CELL FATE COMMITMENT INVOLVED IN FORMATION OF PRIMARY GERM LAYER%GOBP%GO:0060795		16	-0.33540305	-0.92825973	0.55789477	1.0	1.0	147	tags=6%, list=1%, signal=6%	
REGULATION OF PROTEIN IMPORT INTO NUCLEUS%GOBP%GO:0042306	REGULATION OF PROTEIN IMPORT INTO NUCLEUS%GOBP%GO:0042306		41	-0.27212065	-0.92729574	0.6130435	1.0	1.0	2914	tags=17%, list=12%, signal=19%	
SENSORY ORGAN MORPHOGENESIS%GOBP%GO:0090596	SENSORY ORGAN MORPHOGENESIS%GOBP%GO:0090596		129	-0.22049025	-0.9271047	0.64912283	1.0	1.0	2429	tags=14%, list=10%, signal=15%	
EYE MORPHOGENESIS%GOBP%GO:0048592	EYE MORPHOGENESIS%GOBP%GO:0048592		85	-0.2277185	-0.926804	0.6486486	1.0	1.0	2429	tags=16%, list=10%, signal=18%	
FOREBRAIN GENERATION OF NEURONS%GOBP%GO:0021872	FOREBRAIN GENERATION OF NEURONS%GOBP%GO:0021872		32	-0.28416875	-0.9264855	0.5567766	1.0	1.0	3108	tags=22%, list=13%, signal=25%	
TOLL LIKE RECEPTOR 9 (TLR9) CASCADE%REACTOME%R-HSA-168138.6	TOLL LIKE RECEPTOR 9 (TLR9) CASCADE%REACTOME%R-HSA-168138.6		107	-0.2248993	-0.9255765	0.68	1.0	1.0	3794	tags=21%, list=15%, signal=25%	
REGULATION OF MIRNA TRANSCRIPTION%GOBP%GO:1902893	REGULATION OF MIRNA TRANSCRIPTION%GOBP%GO:1902893		65	-0.2460542	-0.92534953	0.61538464	1.0	1.0	3195	tags=23%, list=13%, signal=26%	
REGULATION OF STRIATED MUSCLE CELL APOPTOTIC PROCESS%GOBP%GO:0010662	REGULATION OF STRIATED MUSCLE CELL APOPTOTIC PROCESS%GOBP%GO:0010662		15	-0.34909946	-0.9251701	0.546875	1.0	1.0	16	tags=7%, list=0%, signal=7%	
SLC-MEDIATED TRANSPORT OF AMINO ACIDS%REACTOME%R-HSA-9958863.1	SLC-MEDIATED TRANSPORT OF AMINO ACIDS%REACTOME%R-HSA-9958863.1		36	-0.2746902	-0.925125	0.6031128	1.0	1.0	1702	tags=19%, list=7%, signal=21%	
ACTIN FILAMENT SEVERING%GOBP%GO:0051014	ACTIN FILAMENT SEVERING%GOBP%GO:0051014		15	-0.3444451	-0.92491114	0.55409837	1.0	1.0	2068	tags=20%, list=8%, signal=22%	
REGULATION OF NOTCH SIGNALING PATHWAY%GOBP%GO:0008593	REGULATION OF NOTCH SIGNALING PATHWAY%GOBP%GO:0008593		77	-0.23771743	-0.92452157	0.7106918	1.0	1.0	2400	tags=14%, list=10%, signal=16%	
TELOMERE EXTENSION BY TELOMERASE%REACTOME DATABASE ID RELEASE 95%171319	TELOMERE EXTENSION BY TELOMERASE%REACTOME DATABASE ID RELEASE 95%171319		23	-0.30551094	-0.9244222	0.5844595	1.0	1.0	5214	tags=43%, list=21%, signal=55%	
TRANSLESION SYNTHESIS%GOBP%GO:0019985	TRANSLESION SYNTHESIS%GOBP%GO:0019985		25	-0.30044165	-0.92336166	0.57092196	1.0	1.0	4340	tags=28%, list=18%, signal=34%	
REGULATION OF D-GLUCOSE TRANSMEMBRANE TRANSPORT%GOBP%GO:0010827	REGULATION OF D-GLUCOSE TRANSMEMBRANE TRANSPORT%GOBP%GO:0010827		52	-0.25086823	-0.9231453	0.6169154	1.0	1.0	3796	tags=21%, list=15%, signal=25%	
FOXO-MEDIATED TRANSCRIPTION%REACTOME%R-HSA-9614085.3	FOXO-MEDIATED TRANSCRIPTION%REACTOME%R-HSA-9614085.3		65	-0.24584134	-0.9228028	0.6212121	1.0	1.0	2737	tags=17%, list=11%, signal=19%	
ACYL-COA BIOSYNTHETIC PROCESS%GOBP%GO:0071616	ACYL-COA BIOSYNTHETIC PROCESS%GOBP%GO:0071616		42	-0.2550757	-0.9226479	0.6571429	1.0	1.0	2468	tags=19%, list=10%, signal=21%	
NEGATIVE REGULATION OF CELL JUNCTION ASSEMBLY%GOBP%GO:1901889	NEGATIVE REGULATION OF CELL JUNCTION ASSEMBLY%GOBP%GO:1901889		29	-0.288142	-0.92245615	0.59375	1.0	1.0	3108	tags=24%, list=13%, signal=28%	
LIPID METABOLISM PATHWAY%WIKIPATHWAYS_20260211%WP3965%HOMO SAPIENS	LIPID METABOLISM PATHWAY%WIKIPATHWAYS_20260211%WP3965%HOMO SAPIENS		21	-0.31330615	-0.9223969	0.5864407	1.0	1.0	2491	tags=19%, list=10%, signal=21%	
ESTABLISHMENT OF MITOCHONDRION LOCALIZATION%GOBP%GO:0051654	ESTABLISHMENT OF MITOCHONDRION LOCALIZATION%GOBP%GO:0051654		26	-0.3042035	-0.92237496	0.54873645	1.0	1.0	3402	tags=38%, list=14%, signal=45%	
RAC 1 CELL MOTILITY SIGNALING PATHWAY%SMPDB%SMP0063795	RAC 1 CELL MOTILITY SIGNALING PATHWAY%SMPDB%SMP0063795		22	-0.31042248	-0.92234993	0.6305733	1.0	1.0	4714	tags=32%, list=19%, signal=39%	
PID_NOTCH_PATHWAY%MSIGDB_C2%PID_NOTCH_PATHWAY	PID_NOTCH_PATHWAY%MSIGDB_C2%PID_NOTCH_PATHWAY		45	-0.26492754	-0.9222153	0.639485	1.0	1.0	1573	tags=11%, list=6%, signal=12%	
MYD88-INDEPENDENT TLR4 CASCADE%REACTOME DATABASE ID RELEASE 95%166166	MYD88-INDEPENDENT TLR4 CASCADE%REACTOME DATABASE ID RELEASE 95%166166		106	-0.2266335	-0.92184067	0.7083333	1.0	1.0	3794	tags=21%, list=15%, signal=24%	
ANATOMICAL STRUCTURE HOMEOSTASIS%GOBP%GO:0060249	ANATOMICAL STRUCTURE HOMEOSTASIS%GOBP%GO:0060249		136	-0.21844146	-0.9214469	0.67346936	1.0	1.0	1769	tags=12%, list=7%, signal=13%	
TIGHT JUNCTION ASSEMBLY%GOBP%GO:0120192	TIGHT JUNCTION ASSEMBLY%GOBP%GO:0120192		38	-0.26970604	-0.9213839	0.5947136	1.0	1.0	1086	tags=8%, list=4%, signal=8%	
TRANSCRIPTION INITIATION AT RNA POLYMERASE III PROMOTER%GOBP%GO:0006384	TRANSCRIPTION INITIATION AT RNA POLYMERASE III PROMOTER%GOBP%GO:0006384		25	-0.29424185	-0.92137533	0.6102941	1.0	1.0	3624	tags=28%, list=15%, signal=33%	
1Q21 1 COPY NUMBER VARIATION SYNDROME%WIKIPATHWAYS_20260211%WP4905%HOMO SAPIENS	1Q21 1 COPY NUMBER VARIATION SYNDROME%WIKIPATHWAYS_20260211%WP4905%HOMO SAPIENS		25	-0.29545444	-0.9210771	0.5859649	1.0	1.0	2491	tags=20%, list=10%, signal=22%	
CHK1 CHK2(CDS1) MEDIATED INACTIVATION OF CYCLIN B:CDK1 COMPLEX%REACTOME%R-HSA-75035.6	CHK1 CHK2(CDS1) MEDIATED INACTIVATION OF CYCLIN B:CDK1 COMPLEX%REACTOME%R-HSA-75035.6		15	-0.33126304	-0.9208619	0.5516129	1.0	1.0	899	tags=13%, list=4%, signal=14%	
SIGNALING BY WNT IN CANCER%REACTOME DATABASE ID RELEASE 95%4791275	SIGNALING BY WNT IN CANCER%REACTOME DATABASE ID RELEASE 95%4791275		34	-0.27495715	-0.92079335	0.58984375	1.0	1.0	3454	tags=26%, list=14%, signal=31%	
TRIF (TICAM1)-MEDIATED TLR4 SIGNALING%REACTOME%R-HSA-937061.5	TRIF (TICAM1)-MEDIATED TLR4 SIGNALING%REACTOME%R-HSA-937061.5		106	-0.2266335	-0.92075515	0.71428573	1.0	1.0	3794	tags=21%, list=15%, signal=24%	
CELLULAR RESPONSE TO CAMP%GOBP%GO:0071320	CELLULAR RESPONSE TO CAMP%GOBP%GO:0071320		33	-0.2696314	-0.92047805	0.5714286	1.0	1.0	1418	tags=12%, list=6%, signal=13%	
PI-3K CASCADE:FGFR1%REACTOME%R-HSA-5654689.4	PI-3K CASCADE:FGFR1%REACTOME%R-HSA-5654689.4		15	-0.34399295	-0.9203015	0.5777126	1.0	1.0	3452	tags=27%, list=14%, signal=31%	
PEPTIDE TRANSPORT%GOBP%GO:0015833	PEPTIDE TRANSPORT%GOBP%GO:0015833		49	-0.25638828	-0.92023665	0.6204082	1.0	1.0	3654	tags=24%, list=15%, signal=29%	
GLUTAMATE METABOLISM%PATHWHIZ%PW000003	GLUTAMATE METABOLISM%PATHWHIZ%PW000003		21	-0.30999961	-0.9197835	0.55445546	1.0	1.0	476	tags=10%, list=2%, signal=10%	
PID_WNT_CANONICAL_PATHWAY%MSIGDB_C2%PID_WNT_CANONICAL_PATHWAY	PID_WNT_CANONICAL_PATHWAY%MSIGDB_C2%PID_WNT_CANONICAL_PATHWAY		16	-0.3259398	-0.9196433	0.5614618	1.0	1.0	1808	tags=19%, list=7%, signal=20%	
CELL RECRUITMENT (PRO-INFLAMMATORY RESPONSE)%REACTOME DATABASE ID RELEASE 95%9664424	CELL RECRUITMENT (PRO-INFLAMMATORY RESPONSE)%REACTOME DATABASE ID RELEASE 95%9664424		25	-0.29911986	-0.919628	0.59205776	1.0	1.0	2118	tags=16%, list=9%, signal=17%	
METENCEPHALON DEVELOPMENT%GOBP%GO:0022037	METENCEPHALON DEVELOPMENT%GOBP%GO:0022037		28	-0.28683093	-0.9183842	0.58801496	1.0	1.0	4315	tags=36%, list=18%, signal=43%	
REGULATION OF MYELINATION%GOBP%GO:0031641	REGULATION OF MYELINATION%GOBP%GO:0031641		27	-0.296929	-0.9183183	0.578125	1.0	1.0	1938	tags=22%, list=8%, signal=24%	
HOMOCARNOSINOSIS%SMPDB%SMP0000385	HOMOCARNOSINOSIS%SMPDB%SMP0000385		21	-0.30999961	-0.9181831	0.5665529	1.0	1.0	476	tags=10%, list=2%, signal=10%	
PID_RAC1_PATHWAY%MSIGDB_C2%PID_RAC1_PATHWAY	PID_RAC1_PATHWAY%MSIGDB_C2%PID_RAC1_PATHWAY		42	-0.27422595	-0.9181798	0.5895197	1.0	1.0	4758	tags=31%, list=19%, signal=38%	
TOLL LIKE RECEPTOR 7 8 (TLR7 8) CASCADE%REACTOME%R-HSA-168181.9	TOLL LIKE RECEPTOR 7 8 (TLR7 8) CASCADE%REACTOME%R-HSA-168181.9		104	-0.22438098	-0.91814727	0.74	1.0	1.0	3794	tags=21%, list=15%, signal=25%	
NEGATIVE REGULATION OF DOUBLE-STRAND BREAK REPAIR VIA HOMOLOGOUS RECOMBINATION%GOBP%GO:2000042	NEGATIVE REGULATION OF DOUBLE-STRAND BREAK REPAIR VIA HOMOLOGOUS RECOMBINATION%GOBP%GO:2000042		25	-0.2933928	-0.91773355	0.60211265	1.0	1.0	6214	tags=52%, list=25%, signal=70%	
POSITIVE REGULATION OF TYPE II INTERFERON PRODUCTION%GOBP%GO:0032729	POSITIVE REGULATION OF TYPE II INTERFERON PRODUCTION%GOBP%GO:0032729		69	-0.23646374	-0.91761595	0.65806454	1.0	1.0	2798	tags=16%, list=11%, signal=18%	
CIRCADIAN RHYTHM GENES%WIKIPATHWAYS_20260211%WP3594%HOMO SAPIENS	CIRCADIAN RHYTHM GENES%WIKIPATHWAYS_20260211%WP3594%HOMO SAPIENS		164	-0.20821184	-0.9170225	0.7816092	1.0	1.0	3890	tags=22%, list=16%, signal=26%	
GLOBAL GENOME NUCLEOTIDE EXCISION REPAIR (GG-NER)%REACTOME%R-HSA-5696399.2	GLOBAL GENOME NUCLEOTIDE EXCISION REPAIR (GG-NER)%REACTOME%R-HSA-5696399.2		83	-0.23035255	-0.91686034	0.6617647	1.0	1.0	5676	tags=37%, list=23%, signal=48%	
BDNF TRKB SIGNALING%WIKIPATHWAYS_20260211%WP3676%HOMO SAPIENS	BDNF TRKB SIGNALING%WIKIPATHWAYS_20260211%WP3676%HOMO SAPIENS		29	-0.2898859	-0.9164948	0.56884056	1.0	1.0	2792	tags=21%, list=11%, signal=23%	
PID_TELOMERASE_PATHWAY%MSIGDB_C2%PID_TELOMERASE_PATHWAY	PID_TELOMERASE_PATHWAY%MSIGDB_C2%PID_TELOMERASE_PATHWAY		58	-0.24950361	-0.916018	0.6338798	1.0	1.0	1819	tags=10%, list=7%, signal=11%	
REGULATION OF PD-L1(CD274) TRANSCRIPTION%REACTOME%R-HSA-9909649.2	REGULATION OF PD-L1(CD274) TRANSCRIPTION%REACTOME%R-HSA-9909649.2		68	-0.24193472	-0.9152881	0.6573034	1.0	1.0	1889	tags=15%, list=8%, signal=16%	
APOPTOSIS%REACTOME DATABASE ID RELEASE 95%109581	APOPTOSIS%REACTOME DATABASE ID RELEASE 95%109581		163	-0.20619552	-0.9147671	0.74509805	1.0	1.0	2925	tags=18%, list=12%, signal=20%	
REGULATION OF BMP SIGNALING PATHWAY%GOBP%GO:0030510	REGULATION OF BMP SIGNALING PATHWAY%GOBP%GO:0030510		81	-0.22873303	-0.91472626	0.7241379	1.0	1.0	4695	tags=31%, list=19%, signal=38%	
REGULATION OF TELOMERASE%PATHWAY INTERACTION DATABASE NCI-NATURE CURATED DATA%REGULATION OF TELOMERASE	REGULATION OF TELOMERASE%PATHWAY INTERACTION DATABASE NCI-NATURE CURATED DATA%REGULATION OF TELOMERASE		68	-0.24386363	-0.9144996	0.65745854	1.0	1.0	1819	tags=10%, list=7%, signal=11%	
HOST PATHOGEN INTERACTION OF HUMAN CORONAVIRUSES MAPK SIGNALING%WIKIPATHWAYS_20260211%WP4877%HOMO SAPIENS	HOST PATHOGEN INTERACTION OF HUMAN CORONAVIRUSES MAPK SIGNALING%WIKIPATHWAYS_20260211%WP4877%HOMO SAPIENS		33	-0.27596906	-0.9144957	0.63076925	1.0	1.0	3423	tags=21%, list=14%, signal=25%	
SYNTHESIS OF PROSTAGLANDINS (PG) AND THROMBOXANES (TX)%REACTOME DATABASE ID RELEASE 95%2162123	SYNTHESIS OF PROSTAGLANDINS (PG) AND THROMBOXANES (TX)%REACTOME DATABASE ID RELEASE 95%2162123		15	-0.33712214	-0.9144738	0.5833333	1.0	1.0	2142	tags=13%, list=9%, signal=15%	
POSITIVE REGULATION OF HYDROLASE ACTIVITY%GOBP%GO:0051345	POSITIVE REGULATION OF HYDROLASE ACTIVITY%GOBP%GO:0051345		101	-0.22195838	-0.91436666	0.74496645	1.0	1.0	2078	tags=14%, list=8%, signal=15%	
PROTEIN TETRAMERIZATION%GOBP%GO:0051262	PROTEIN TETRAMERIZATION%GOBP%GO:0051262		84	-0.22579758	-0.91382474	0.7218543	1.0	1.0	2976	tags=17%, list=12%, signal=19%	
BETA-CATENIN PHOSPHORYLATION CASCADE%REACTOME%R-HSA-196299.3	BETA-CATENIN PHOSPHORYLATION CASCADE%REACTOME%R-HSA-196299.3		17	-0.32495666	-0.91355956	0.56875	1.0	1.0	3454	tags=35%, list=14%, signal=41%	
NEGATIVE REGULATION OF MRNA CATABOLIC PROCESS%GOBP%GO:1902373	NEGATIVE REGULATION OF MRNA CATABOLIC PROCESS%GOBP%GO:1902373		77	-0.23182839	-0.9134132	0.7	1.0	1.0	3853	tags=27%, list=16%, signal=32%	
PID_PRL_SIGNALING_EVENTS_PATHWAY%MSIGDB_C2%PID_PRL_SIGNALING_EVENTS_PATHWAY	PID_PRL_SIGNALING_EVENTS_PATHWAY%MSIGDB_C2%PID_PRL_SIGNALING_EVENTS_PATHWAY		19	-0.32423475	-0.9129369	0.6007067	1.0	1.0	2737	tags=16%, list=11%, signal=18%	
NEGATIVE REGULATION OF REGULATORY T CELL DIFFERENTIATION%GOBP%GO:0045590	NEGATIVE REGULATION OF REGULATORY T CELL DIFFERENTIATION%GOBP%GO:0045590		19	-0.3110406	-0.9125192	0.5925926	1.0	1.0	705	tags=11%, list=3%, signal=11%	
VOLTAGE GATED POTASSIUM CHANNELS%REACTOME%R-HSA-1296072.4	VOLTAGE GATED POTASSIUM CHANNELS%REACTOME%R-HSA-1296072.4		43	-0.25900006	-0.9121515	0.67105263	1.0	1.0	1846	tags=12%, list=8%, signal=13%	
TISSUE HOMEOSTASIS%GOBP%GO:0001894	TISSUE HOMEOSTASIS%GOBP%GO:0001894		136	-0.21844146	-0.9120971	0.72727275	1.0	1.0	1769	tags=12%, list=7%, signal=13%	
DEGRADATION OF BETA CATENIN%PATHWAY INTERACTION DATABASE NCI-NATURE CURATED DATA%DEGRADATION OF BETA CATENIN	DEGRADATION OF BETA CATENIN%PATHWAY INTERACTION DATABASE NCI-NATURE CURATED DATA%DEGRADATION OF BETA CATENIN		18	-0.31938958	-0.9120598	0.5344828	1.0	1.0	6118	tags=44%, list=25%, signal=59%	
REGULATION OF D-GLUCOSE IMPORT ACROSS PLASMA MEMBRANE%GOBP%GO:0046324	REGULATION OF D-GLUCOSE IMPORT ACROSS PLASMA MEMBRANE%GOBP%GO:0046324		37	-0.26251325	-0.91170657	0.627451	1.0	1.0	2425	tags=16%, list=10%, signal=18%	
CEREBELLUM DEVELOPMENT%GOBP%GO:0021549	CEREBELLUM DEVELOPMENT%GOBP%GO:0021549		28	-0.28683093	-0.91143507	0.61960787	1.0	1.0	4315	tags=36%, list=18%, signal=43%	
LYSOSOMAL LUMEN ACIDIFICATION%GOBP%GO:0007042	LYSOSOMAL LUMEN ACIDIFICATION%GOBP%GO:0007042		21	-0.31441623	-0.91143286	0.6037037	1.0	1.0	3363	tags=29%, list=14%, signal=33%	
REGULATION OF MEMBRANE PROTEIN ECTODOMAIN PROTEOLYSIS%GOBP%GO:0051043	REGULATION OF MEMBRANE PROTEIN ECTODOMAIN PROTEOLYSIS%GOBP%GO:0051043		24	-0.30011764	-0.9104175	0.52434456	1.0	1.0	1898	tags=13%, list=8%, signal=14%	
HSP90 CHAPERONE CYCLE FOR SHRS%REACTOME DATABASE ID RELEASE 95%3371497	HSP90 CHAPERONE CYCLE FOR SHRS%REACTOME DATABASE ID RELEASE 95%3371497		38	-0.26706907	-0.9103289	0.624	1.0	1.0	2843	tags=18%, list=12%, signal=21%	
TRANSCRIPTION-COUPLED NUCLEOTIDE EXCISION REPAIR (TC-NER)%REACTOME%R-HSA-6781827.3	TRANSCRIPTION-COUPLED NUCLEOTIDE EXCISION REPAIR (TC-NER)%REACTOME%R-HSA-6781827.3		75	-0.22967637	-0.91031635	0.66049385	1.0	1.0	5676	tags=40%, list=23%, signal=52%	
TRANSCRIPTIONAL REGULATION BY RUNX2%REACTOME DATABASE ID RELEASE 95%8878166	TRANSCRIPTIONAL REGULATION BY RUNX2%REACTOME DATABASE ID RELEASE 95%8878166		105	-0.21835704	-0.9097651	0.7591241	1.0	1.0	4409	tags=25%, list=18%, signal=30%	
DICARBOXYLIC ACID CATABOLIC PROCESS%GOBP%GO:0043649	DICARBOXYLIC ACID CATABOLIC PROCESS%GOBP%GO:0043649		15	-0.3293309	-0.90975153	0.5928339	1.0	1.0	853	tags=20%, list=3%, signal=21%	
EMBRYONIC CRANIAL SKELETON MORPHOGENESIS%GOBP%GO:0048701	EMBRYONIC CRANIAL SKELETON MORPHOGENESIS%GOBP%GO:0048701		15	-0.33798358	-0.9094647	0.5709779	1.0	1.0	1488	tags=20%, list=6%, signal=21%	
MITOCHONDRIAL PROTEIN DEGRADATION%REACTOME%R-HSA-9837999.2	MITOCHONDRIAL PROTEIN DEGRADATION%REACTOME%R-HSA-9837999.2		90	-0.22313829	-0.9090285	0.74172187	1.0	1.0	3824	tags=20%, list=16%, signal=24%	
DNA SYNTHESIS INVOLVED IN DNA REPLICATION%GOBP%GO:0090592	DNA SYNTHESIS INVOLVED IN DNA REPLICATION%GOBP%GO:0090592		26	-0.29112646	-0.90864253	0.6013986	1.0	1.0	4340	tags=27%, list=18%, signal=33%	
HYPERINSULINISM-HYPERAMMONEMIA SYNDROME%PATHWHIZ%PW000072	HYPERINSULINISM-HYPERAMMONEMIA SYNDROME%PATHWHIZ%PW000072		21	-0.30999961	-0.9083193	0.57328993	1.0	1.0	476	tags=10%, list=2%, signal=10%	
PID_ER_NONGENOMIC_PATHWAY%MSIGDB_C2%PID_ER_NONGENOMIC_PATHWAY	PID_ER_NONGENOMIC_PATHWAY%MSIGDB_C2%PID_ER_NONGENOMIC_PATHWAY		31	-0.27438295	-0.90817714	0.6231884	1.0	1.0	2659	tags=16%, list=11%, signal=18%	
REGULATION OF TRIGLYCERIDE METABOLIC PROCESS%GOBP%GO:0090207	REGULATION OF TRIGLYCERIDE METABOLIC PROCESS%GOBP%GO:0090207		32	-0.27169165	-0.90807265	0.63529414	1.0	1.0	1950	tags=16%, list=8%, signal=17%	
PIECEMEAL MICROAUTOPHAGY OF THE NUCLEUS%GOBP%GO:0034727	PIECEMEAL MICROAUTOPHAGY OF THE NUCLEUS%GOBP%GO:0034727		18	-0.31865415	-0.9077604	0.5874587	1.0	1.0	91	tags=6%, list=0%, signal=6%	
RNA LOCALIZATION%GOBP%GO:0006403	RNA LOCALIZATION%GOBP%GO:0006403		131	-0.21351944	-0.9076433	0.7948718	1.0	1.0	3897	tags=23%, list=16%, signal=27%	
SYNTHESIS OF DNA%REACTOME%R-HSA-69239.5	SYNTHESIS OF DNA%REACTOME%R-HSA-69239.5		108	-0.22007234	-0.90698504	0.780303	1.0	1.0	4690	tags=31%, list=19%, signal=38%	
PRC2 METHYLATES HISTONES AND DNA%REACTOME DATABASE ID RELEASE 95%212300	PRC2 METHYLATES HISTONES AND DNA%REACTOME DATABASE ID RELEASE 95%212300		43	-0.25797898	-0.9069807	0.6388889	1.0	1.0	2424	tags=19%, list=10%, signal=21%	
CARTILAGE DEVELOPMENT%GOBP%GO:0051216	CARTILAGE DEVELOPMENT%GOBP%GO:0051216		70	-0.23872852	-0.9068649	0.6793478	1.0	1.0	1328	tags=9%, list=5%, signal=9%	
PID_ECADHERIN_KERATINOCYTE_PATHWAY%MSIGDB_C2%PID_ECADHERIN_KERATINOCYTE_PATHWAY	PID_ECADHERIN_KERATINOCYTE_PATHWAY%MSIGDB_C2%PID_ECADHERIN_KERATINOCYTE_PATHWAY		17	-0.33603954	-0.9067668	0.5849673	1.0	1.0	2701	tags=24%, list=11%, signal=26%	
CARDIAC MUSCLE CELL DIFFERENTIATION%GOBP%GO:0055007	CARDIAC MUSCLE CELL DIFFERENTIATION%GOBP%GO:0055007		52	-0.2504026	-0.9065078	0.65174127	1.0	1.0	2110	tags=13%, list=9%, signal=15%	
NORC NEGATIVELY REGULATES RRNA EXPRESSION%REACTOME%R-HSA-427413.4	NORC NEGATIVELY REGULATES RRNA EXPRESSION%REACTOME%R-HSA-427413.4		73	-0.23688588	-0.90600693	0.6689189	1.0	1.0	4414	tags=26%, list=18%, signal=32%	
CELLULAR RESPONSE TO VASCULAR ENDOTHELIAL GROWTH FACTOR STIMULUS%GOBP%GO:0035924	CELLULAR RESPONSE TO VASCULAR ENDOTHELIAL GROWTH FACTOR STIMULUS%GOBP%GO:0035924		39	-0.26771355	-0.9059506	0.62655604	1.0	1.0	1677	tags=13%, list=7%, signal=14%	
NEUROGENESIS REGULATION IN THE OLFACTORY EPITHELIUM%WIKIPATHWAYS_20260211%WP5265%HOMO SAPIENS	NEUROGENESIS REGULATION IN THE OLFACTORY EPITHELIUM%WIKIPATHWAYS_20260211%WP5265%HOMO SAPIENS		47	-0.2545139	-0.90559155	0.65929204	1.0	1.0	766	tags=9%, list=3%, signal=9%	
XENOBIOTIC EXPORT FROM CELL%GOBP%GO:0046618	XENOBIOTIC EXPORT FROM CELL%GOBP%GO:0046618		15	-0.33205858	-0.90522295	0.60383385	1.0	1.0	2381	tags=27%, list=10%, signal=30%	
CELLULAR RESPONSE TO ATP%GOBP%GO:0071318	CELLULAR RESPONSE TO ATP%GOBP%GO:0071318		15	-0.32897082	-0.9047566	0.5709571	1.0	1.0	1340	tags=20%, list=5%, signal=21%	
MYOBLAST DIFFERENTIATION%GOBP%GO:0045445	MYOBLAST DIFFERENTIATION%GOBP%GO:0045445		23	-0.29486436	-0.904308	0.6393443	1.0	1.0	2696	tags=17%, list=11%, signal=20%	
DENGUE VIRUS MODULATES APOPTOSIS%REACTOME%R-HSA-9920951.1	DENGUE VIRUS MODULATES APOPTOSIS%REACTOME%R-HSA-9920951.1		16	-0.3337647	-0.90397274	0.6031746	1.0	1.0	4894	tags=38%, list=20%, signal=47%	
PURINE METABOLISM AND RELATED DISORDERS%WIKIPATHWAYS_20260211%WP4224%HOMO SAPIENS	PURINE METABOLISM AND RELATED DISORDERS%WIKIPATHWAYS_20260211%WP4224%HOMO SAPIENS		15	-0.33778653	-0.9034866	0.58032787	1.0	1.0	4908	tags=47%, list=20%, signal=58%	
TGF BETA RECEPTOR SIGNALING%WIKIPATHWAYS_20260211%WP560%HOMO SAPIENS	TGF BETA RECEPTOR SIGNALING%WIKIPATHWAYS_20260211%WP560%HOMO SAPIENS		49	-0.24992119	-0.90293556	0.6893204	1.0	1.0	3712	tags=20%, list=15%, signal=24%	
INTERLEUKIN-17 SIGNALING%REACTOME DATABASE ID RELEASE 95%448424	INTERLEUKIN-17 SIGNALING%REACTOME DATABASE ID RELEASE 95%448424		70	-0.2365287	-0.9027352	0.6787565	1.0	1.0	1334	tags=11%, list=5%, signal=12%	
NEGATIVE REGULATION OF RNA CATABOLIC PROCESS%GOBP%GO:1902369	NEGATIVE REGULATION OF RNA CATABOLIC PROCESS%GOBP%GO:1902369		90	-0.22279088	-0.9026187	0.707483	1.0	1.0	3853	tags=26%, list=16%, signal=30%	
RESPONSE TO OXYGEN RADICAL%GOBP%GO:0000305	RESPONSE TO OXYGEN RADICAL%GOBP%GO:0000305		15	-0.32538378	-0.90200645	0.5986622	1.0	1.0	5171	tags=33%, list=21%, signal=42%	
SUMOYLATION OF TRANSCRIPTION COFACTORS%REACTOME%R-HSA-3899300.7	SUMOYLATION OF TRANSCRIPTION COFACTORS%REACTOME%R-HSA-3899300.7		42	-0.2628142	-0.9016907	0.67906976	1.0	1.0	1919	tags=14%, list=8%, signal=15%	
PID_CD8_TCR_DOWNSTREAM_PATHWAY%MSIGDB_C2%PID_CD8_TCR_DOWNSTREAM_PATHWAY	PID_CD8_TCR_DOWNSTREAM_PATHWAY%MSIGDB_C2%PID_CD8_TCR_DOWNSTREAM_PATHWAY		56	-0.24071366	-0.9012855	0.67420816	1.0	1.0	2047	tags=13%, list=8%, signal=14%	
POSITIVE REGULATION OF PROTEIN IMPORT INTO NUCLEUS%GOBP%GO:0042307	POSITIVE REGULATION OF PROTEIN IMPORT INTO NUCLEUS%GOBP%GO:0042307		28	-0.28882307	-0.90114963	0.57454544	1.0	1.0	2760	tags=18%, list=11%, signal=20%	
MITOCHONDRIAL RNA PROCESSING%GOBP%GO:0000963	MITOCHONDRIAL RNA PROCESSING%GOBP%GO:0000963		28	-0.28372115	-0.90113664	0.66101694	1.0	1.0	1892	tags=14%, list=8%, signal=15%	
FORMATION OF THE EARLY ELONGATION COMPLEX%REACTOME%R-HSA-113418.5	FORMATION OF THE EARLY ELONGATION COMPLEX%REACTOME%R-HSA-113418.5		33	-0.27035326	-0.90109825	0.6572581	1.0	1.0	5413	tags=45%, list=22%, signal=58%	
EVASION BY RSV OF HOST INTERFERON RESPONSES%REACTOME%R-HSA-9833109.1	EVASION BY RSV OF HOST INTERFERON RESPONSES%REACTOME%R-HSA-9833109.1		33	-0.27209857	-0.90075296	0.6666667	1.0	1.0	4430	tags=24%, list=18%, signal=30%	
PSEUDOURIDINE SYNTHESIS%GOBP%GO:0001522	PSEUDOURIDINE SYNTHESIS%GOBP%GO:0001522		18	-0.31751108	-0.900238	0.5992908	1.0	1.0	1823	tags=22%, list=7%, signal=24%	
NOTCH%IOB%NOTCH	NOTCH%IOB%NOTCH		53	-0.24110821	-0.8998471	0.6806283	1.0	1.0	2336	tags=13%, list=10%, signal=15%	
POSITIVE REGULATION OF NOTCH SIGNALING PATHWAY%GOBP%GO:0045747	POSITIVE REGULATION OF NOTCH SIGNALING PATHWAY%GOBP%GO:0045747		34	-0.27734065	-0.8994198	0.6694215	1.0	1.0	3108	tags=21%, list=13%, signal=24%	
S1P2 PATHWAY%PATHWAY INTERACTION DATABASE NCI-NATURE CURATED DATA%S1P2 PATHWAY	S1P2 PATHWAY%PATHWAY INTERACTION DATABASE NCI-NATURE CURATED DATA%S1P2 PATHWAY		24	-0.2905135	-0.8990523	0.6020761	1.0	1.0	1334	tags=13%, list=5%, signal=13%	
HALLMARK_IL2_STAT5_SIGNALING%MSIGDBHALLMARK%HALLMARK_IL2_STAT5_SIGNALING	HALLMARK_IL2_STAT5_SIGNALING%MSIGDBHALLMARK%HALLMARK_IL2_STAT5_SIGNALING		170	-0.20447256	-0.89882785	0.8604651	1.0	1.0	2591	tags=13%, list=11%, signal=14%	
ADIPOGENESIS%WIKIPATHWAYS_20260211%WP236%HOMO SAPIENS	ADIPOGENESIS%WIKIPATHWAYS_20260211%WP236%HOMO SAPIENS		109	-0.21512376	-0.8986558	0.76	1.0	1.0	3995	tags=19%, list=16%, signal=23%	
RNA STABILIZATION%GOBP%GO:0043489	RNA STABILIZATION%GOBP%GO:0043489		75	-0.23110531	-0.8980414	0.7337278	1.0	1.0	3853	tags=27%, list=16%, signal=32%	
SIGNALING MEDIATED BY P38-ALPHA AND P38-BETA%PATHWAY INTERACTION DATABASE NCI-NATURE CURATED DATA%SIGNALING MEDIATED BY P38-ALPHA AND P38-BETA	SIGNALING MEDIATED BY P38-ALPHA AND P38-BETA%PATHWAY INTERACTION DATABASE NCI-NATURE CURATED DATA%SIGNALING MEDIATED BY P38-ALPHA AND P38-BETA		35	-0.2690005	-0.89791906	0.6738197	1.0	1.0	4157	tags=29%, list=17%, signal=34%	
DISORDERS OF MITOCHONDRIAL HOMEOSTATIS DYNAMICS PROTEIN IMPORT AND QUALITY CONTROL%WIKIPATHWAYS_20260211%WP5504%HOMO SAPIENS	DISORDERS OF MITOCHONDRIAL HOMEOSTATIS DYNAMICS PROTEIN IMPORT AND QUALITY CONTROL%WIKIPATHWAYS_20260211%WP5504%HOMO SAPIENS		52	-0.24404137	-0.8975803	0.6862745	1.0	1.0	3087	tags=17%, list=13%, signal=20%	
SPERMATID NUCLEUS DIFFERENTIATION%GOBP%GO:0007289	SPERMATID NUCLEUS DIFFERENTIATION%GOBP%GO:0007289		17	-0.32052854	-0.8970313	0.57863504	1.0	1.0	1015	tags=12%, list=4%, signal=12%	
3'-UTR-MEDIATED MRNA DESTABILIZATION%GOBP%GO:0061158	3'-UTR-MEDIATED MRNA DESTABILIZATION%GOBP%GO:0061158		22	-0.29772007	-0.8964738	0.6200717	1.0	1.0	2443	tags=18%, list=10%, signal=20%	
DOWNSTREAM SIGNALING EVENTS OF B CELL RECEPTOR (BCR)%REACTOME DATABASE ID RELEASE 95%1168372	DOWNSTREAM SIGNALING EVENTS OF B CELL RECEPTOR (BCR)%REACTOME DATABASE ID RELEASE 95%1168372		67	-0.23349659	-0.8964348	0.72864324	1.0	1.0	4409	tags=28%, list=18%, signal=34%	
HALLMARK_ESTROGEN_RESPONSE_EARLY%MSIGDBHALLMARK%HALLMARK_ESTROGEN_RESPONSE_EARLY	HALLMARK_ESTROGEN_RESPONSE_EARLY%MSIGDBHALLMARK%HALLMARK_ESTROGEN_RESPONSE_EARLY		174	-0.20897903	-0.89620566	0.8148148	1.0	1.0	2645	tags=17%, list=11%, signal=19%	
CYCLIN E ASSOCIATED EVENTS DURING G1 S TRANSITION%REACTOME%R-HSA-69202.5	CYCLIN E ASSOCIATED EVENTS DURING G1 S TRANSITION%REACTOME%R-HSA-69202.5		73	-0.23295969	-0.8960504	0.6474359	1.0	1.0	5347	tags=33%, list=22%, signal=42%	
TETRAHYDROFOLATE METABOLIC PROCESS%GOBP%GO:0046653	TETRAHYDROFOLATE METABOLIC PROCESS%GOBP%GO:0046653		15	-0.3346662	-0.89569825	0.627907	1.0	1.0	3764	tags=33%, list=15%, signal=39%	
GLYCOGEN METABOLIC PROCESS%GOBP%GO:0005977	GLYCOGEN METABOLIC PROCESS%GOBP%GO:0005977		34	-0.26838693	-0.8956141	0.67634857	1.0	1.0	5872	tags=41%, list=24%, signal=54%	
POSITIVE REGULATION OF EPIDERMAL GROWTH FACTOR RECEPTOR SIGNALING PATHWAY%GOBP%GO:0045742	POSITIVE REGULATION OF EPIDERMAL GROWTH FACTOR RECEPTOR SIGNALING PATHWAY%GOBP%GO:0045742		28	-0.28235075	-0.8949759	0.6498054	1.0	1.0	2922	tags=21%, list=12%, signal=24%	
ENDOCRINE PANCREAS DEVELOPMENT%GOBP%GO:0031018	ENDOCRINE PANCREAS DEVELOPMENT%GOBP%GO:0031018		20	-0.30973765	-0.8947766	0.59450173	1.0	1.0	3792	tags=20%, list=15%, signal=24%	
NEGATIVE REGULATION OF WNT SIGNALING PATHWAY%GOBP%GO:0030178	NEGATIVE REGULATION OF WNT SIGNALING PATHWAY%GOBP%GO:0030178		144	-0.21166629	-0.8947698	0.78504676	1.0	1.0	2904	tags=15%, list=12%, signal=16%	
REGULATION OF AEROBIC RESPIRATION%GOBP%GO:1903715	REGULATION OF AEROBIC RESPIRATION%GOBP%GO:1903715		23	-0.29602352	-0.8947456	0.6109091	1.0	1.0	3798	tags=26%, list=16%, signal=31%	
HEDGEHOG SIGNALING%WIKIPATHWAYS_20260211%WP4249%HOMO SAPIENS	HEDGEHOG SIGNALING%WIKIPATHWAYS_20260211%WP4249%HOMO SAPIENS		34	-0.26981336	-0.8946712	0.6525096	1.0	1.0	4560	tags=29%, list=19%, signal=36%	
APPENDAGE DEVELOPMENT%GOBP%GO:0048736	APPENDAGE DEVELOPMENT%GOBP%GO:0048736		69	-0.23302339	-0.8937448	0.68108106	1.0	1.0	3790	tags=22%, list=15%, signal=26%	
TRANSLESION SYNTHESIS BY POLI%REACTOME%R-HSA-5656121.2	TRANSLESION SYNTHESIS BY POLI%REACTOME%R-HSA-5656121.2		17	-0.33059385	-0.8929839	0.6447368	1.0	1.0	3772	tags=29%, list=15%, signal=35%	
CD8-POSITIVE, ALPHA-BETA T CELL ACTIVATION%GOBP%GO:0036037	CD8-POSITIVE, ALPHA-BETA T CELL ACTIVATION%GOBP%GO:0036037		20	-0.30888912	-0.8928637	0.63141024	1.0	1.0	705	tags=10%, list=3%, signal=10%	
POSITIVE REGULATION OF MIRNA METABOLIC PROCESS%GOBP%GO:2000630	POSITIVE REGULATION OF MIRNA METABOLIC PROCESS%GOBP%GO:2000630		54	-0.2412264	-0.8927296	0.7085427	1.0	1.0	2802	tags=19%, list=11%, signal=21%	
ALPHA ADRENERGIC RECEPTOR SIGNALING PATHWAY%PANTHER PATHWAY%P00002	ALPHA ADRENERGIC RECEPTOR SIGNALING PATHWAY%PANTHER PATHWAY%P00002		16	-0.31686977	-0.8926878	0.6446541	1.0	1.0	2805	tags=25%, list=11%, signal=28%	
REGULATION OF ESTABLISHMENT OF CELL POLARITY%GOBP%GO:2000114	REGULATION OF ESTABLISHMENT OF CELL POLARITY%GOBP%GO:2000114		20	-0.3037776	-0.8924096	0.6360656	1.0	1.0	1445	tags=15%, list=6%, signal=16%	
OSSIFICATION%GOBP%GO:0001503	OSSIFICATION%GOBP%GO:0001503		146	-0.2072948	-0.89201623	0.7653061	1.0	1.0	2645	tags=13%, list=11%, signal=15%	
LIMB DEVELOPMENT%GOBP%GO:0060173	LIMB DEVELOPMENT%GOBP%GO:0060173		69	-0.23302339	-0.89172816	0.6969697	1.0	1.0	3790	tags=22%, list=15%, signal=26%	
P53 TRANSCRIPTIONAL GENE NETWORK%WIKIPATHWAYS_20260211%WP4963%HOMO SAPIENS	P53 TRANSCRIPTIONAL GENE NETWORK%WIKIPATHWAYS_20260211%WP4963%HOMO SAPIENS		78	-0.2284304	-0.8917064	0.7777778	1.0	1.0	5240	tags=37%, list=21%, signal=47%	
ALPHA6BETA4INTEGRIN%IOB%ALPHA6BETA4INTEGRIN	ALPHA6BETA4INTEGRIN%IOB%ALPHA6BETA4INTEGRIN		50	-0.24998946	-0.89156157	0.67826086	1.0	1.0	2701	tags=16%, list=11%, signal=18%	
LONG-TERM SYNAPTIC POTENTIATION%GOBP%GO:0060291	LONG-TERM SYNAPTIC POTENTIATION%GOBP%GO:0060291		29	-0.2769017	-0.89108026	0.6387833	1.0	1.0	15	tags=7%, list=0%, signal=7%	
REGULATION OF PROTEIN UBIQUITINATION%GOBP%GO:0031396	REGULATION OF PROTEIN UBIQUITINATION%GOBP%GO:0031396		154	-0.20616771	-0.8900677	0.84615386	1.0	1.0	4964	tags=28%, list=20%, signal=35%	
SULFUR COMPOUND BIOSYNTHETIC PROCESS%GOBP%GO:0044272	SULFUR COMPOUND BIOSYNTHETIC PROCESS%GOBP%GO:0044272		87	-0.22244701	-0.8894894	0.7421384	1.0	1.0	2894	tags=18%, list=12%, signal=21%	
POSITIVE REGULATION OF PROTEIN MODIFICATION BY SMALL PROTEIN CONJUGATION OR REMOVAL%GOBP%GO:1903322	POSITIVE REGULATION OF PROTEIN MODIFICATION BY SMALL PROTEIN CONJUGATION OR REMOVAL%GOBP%GO:1903322		104	-0.21427162	-0.88888013	0.7669173	1.0	1.0	4379	tags=25%, list=18%, signal=30%	
REGULATION OF PROTEOLYSIS%GOBP%GO:0030162	REGULATION OF PROTEOLYSIS%GOBP%GO:0030162		129	-0.20783061	-0.8883607	0.8556701	1.0	1.0	2106	tags=12%, list=9%, signal=13%	
REGULATION OF LIPID STORAGE%GOBP%GO:0010883	REGULATION OF LIPID STORAGE%GOBP%GO:0010883		37	-0.26157457	-0.88787675	0.6496063	1.0	1.0	2381	tags=16%, list=10%, signal=18%	
RESPONSE TO ORGANOPHOSPHORUS%GOBP%GO:0046683	RESPONSE TO ORGANOPHOSPHORUS%GOBP%GO:0046683		62	-0.23188181	-0.88784045	0.7735849	1.0	1.0	1418	tags=11%, list=6%, signal=12%	
SIGNALING BY RETINOIC ACID%REACTOME DATABASE ID RELEASE 95%5362517	SIGNALING BY RETINOIC ACID%REACTOME DATABASE ID RELEASE 95%5362517		41	-0.2537628	-0.8872383	0.65800864	1.0	1.0	2636	tags=17%, list=11%, signal=19%	
INTRINSIC APOPTOTIC SIGNALING PATHWAY IN RESPONSE TO DNA DAMAGE BY P53 CLASS MEDIATOR%GOBP%GO:0042771	INTRINSIC APOPTOTIC SIGNALING PATHWAY IN RESPONSE TO DNA DAMAGE BY P53 CLASS MEDIATOR%GOBP%GO:0042771		22	-0.30007362	-0.8871924	0.66431093	1.0	1.0	4452	tags=41%, list=18%, signal=50%	
GLOMERULUS DEVELOPMENT%GOBP%GO:0032835	GLOMERULUS DEVELOPMENT%GOBP%GO:0032835		38	-0.2599294	-0.8871459	0.6899563	1.0	1.0	611	tags=11%, list=2%, signal=11%	
RESPONSE TO ATP%GOBP%GO:0033198	RESPONSE TO ATP%GOBP%GO:0033198		20	-0.29581767	-0.8870399	0.64396286	1.0	1.0	1340	tags=15%, list=5%, signal=16%	
NOREPINEPHRINE NEUROTRANSMITTER RELEASE CYCLE%REACTOME DATABASE ID RELEASE 95%181430	NOREPINEPHRINE NEUROTRANSMITTER RELEASE CYCLE%REACTOME DATABASE ID RELEASE 95%181430		17	-0.3159693	-0.88667685	0.6210191	1.0	1.0	3031	tags=29%, list=12%, signal=34%	
NEGATIVE REGULATION OF CD4-POSITIVE, ALPHA-BETA T CELL ACTIVATION%GOBP%GO:2000515	NEGATIVE REGULATION OF CD4-POSITIVE, ALPHA-BETA T CELL ACTIVATION%GOBP%GO:2000515		26	-0.28588358	-0.88661164	0.641115	1.0	1.0	4136	tags=23%, list=17%, signal=28%	
IRON UPTAKE AND TRANSPORT%REACTOME DATABASE ID RELEASE 95%917937	IRON UPTAKE AND TRANSPORT%REACTOME DATABASE ID RELEASE 95%917937		57	-0.2402986	-0.8864275	0.7037037	1.0	1.0	4068	tags=26%, list=17%, signal=31%	
RNA POLYMERASE II TRANSCRIPTION ELONGATION%REACTOME%R-HSA-75955.4	RNA POLYMERASE II TRANSCRIPTION ELONGATION%REACTOME%R-HSA-75955.4		58	-0.23930201	-0.88604414	0.6862745	1.0	1.0	5965	tags=45%, list=24%, signal=59%	
DNA REPLICATION%REACTOME%R-HSA-69306.9	DNA REPLICATION%REACTOME%R-HSA-69306.9		151	-0.20016243	-0.88558	0.82758623	1.0	1.0	2082	tags=13%, list=9%, signal=14%	
CYCLIN A:CDK2-ASSOCIATED EVENTS AT S PHASE ENTRY%REACTOME%R-HSA-69656.6	CYCLIN A:CDK2-ASSOCIATED EVENTS AT S PHASE ENTRY%REACTOME%R-HSA-69656.6		75	-0.22493804	-0.8853175	0.78142077	1.0	1.0	5347	tags=32%, list=22%, signal=41%	
EXTRINSIC APOPTOTIC SIGNALING PATHWAY VIA DEATH DOMAIN RECEPTORS%GOBP%GO:0008625	EXTRINSIC APOPTOTIC SIGNALING PATHWAY VIA DEATH DOMAIN RECEPTORS%GOBP%GO:0008625		38	-0.2553432	-0.8852861	0.6812749	1.0	1.0	1914	tags=13%, list=8%, signal=14%	
DNA REPLICATION%WIKIPATHWAYS_20260211%WP466%HOMO SAPIENS	DNA REPLICATION%WIKIPATHWAYS_20260211%WP466%HOMO SAPIENS		33	-0.26412153	-0.88510275	0.6951673	1.0	1.0	1957	tags=21%, list=8%, signal=23%	
NEGATIVE REGULATION OF CARTILAGE DEVELOPMENT%GOBP%GO:0061037	NEGATIVE REGULATION OF CARTILAGE DEVELOPMENT%GOBP%GO:0061037		17	-0.31681326	-0.88509387	0.6018519	1.0	1.0	1061	tags=12%, list=4%, signal=12%	
SUCCINIC SEMIALDEHYDE DEHYDROGENASE DEFICIENCY%SMPDB%SMP0000567	SUCCINIC SEMIALDEHYDE DEHYDROGENASE DEFICIENCY%SMPDB%SMP0000567		21	-0.30999961	-0.8849957	0.62828946	1.0	1.0	476	tags=10%, list=2%, signal=10%	
REGULATION OF RRNA PROCESSING%GOBP%GO:2000232	REGULATION OF RRNA PROCESSING%GOBP%GO:2000232		18	-0.31752163	-0.8845611	0.6603175	1.0	1.0	685	tags=11%, list=3%, signal=11%	
NEGATIVE REGULATION OF TOLL-LIKE RECEPTOR SIGNALING PATHWAY%GOBP%GO:0034122	NEGATIVE REGULATION OF TOLL-LIKE RECEPTOR SIGNALING PATHWAY%GOBP%GO:0034122		15	-0.32079715	-0.8842785	0.6	1.0	1.0	899	tags=13%, list=4%, signal=14%	
PARKINSON 39 S DISEASE PATHWAY%WIKIPATHWAYS_20260211%WP2371%HOMO SAPIENS	PARKINSON 39 S DISEASE PATHWAY%WIKIPATHWAYS_20260211%WP2371%HOMO SAPIENS		32	-0.26866606	-0.8842196	0.6626984	1.0	1.0	4429	tags=31%, list=18%, signal=38%	
HAIR CELL DIFFERENTIATION%GOBP%GO:0035315	HAIR CELL DIFFERENTIATION%GOBP%GO:0035315		22	-0.29433694	-0.88390595	0.65505224	1.0	1.0	1863	tags=23%, list=8%, signal=25%	
PID_ATF2_PATHWAY%MSIGDB_C2%PID_ATF2_PATHWAY	PID_ATF2_PATHWAY%MSIGDB_C2%PID_ATF2_PATHWAY		54	-0.24283975	-0.8830562	0.7067308	1.0	1.0	4682	tags=28%, list=19%, signal=34%	
FORMATION OF THE HIV-1 EARLY ELONGATION COMPLEX%REACTOME DATABASE ID RELEASE 95%167158	FORMATION OF THE HIV-1 EARLY ELONGATION COMPLEX%REACTOME DATABASE ID RELEASE 95%167158		33	-0.27035326	-0.88289773	0.692	1.0	1.0	5413	tags=45%, list=22%, signal=58%	
FORMATION OF RNA POL II ELONGATION COMPLEX%REACTOME%R-HSA-112382.4	FORMATION OF RNA POL II ELONGATION COMPLEX%REACTOME%R-HSA-112382.4		58	-0.23930201	-0.88259095	0.7040359	1.0	1.0	5965	tags=45%, list=24%, signal=59%	
PID_UPA_UPAR_PATHWAY%MSIGDB_C2%PID_UPA_UPAR_PATHWAY	PID_UPA_UPAR_PATHWAY%MSIGDB_C2%PID_UPA_UPAR_PATHWAY		29	-0.27039626	-0.88245684	0.6770428	1.0	1.0	572	tags=7%, list=2%, signal=7%	
NEGATIVE REGULATION OF NEURON PROJECTION DEVELOPMENT%GOBP%GO:0010977	NEGATIVE REGULATION OF NEURON PROJECTION DEVELOPMENT%GOBP%GO:0010977		70	-0.22986594	-0.88226813	0.79518074	1.0	1.0	2559	tags=17%, list=10%, signal=19%	
REGULATION OF T-HELPER 17 CELL DIFFERENTIATION%GOBP%GO:2000319	REGULATION OF T-HELPER 17 CELL DIFFERENTIATION%GOBP%GO:2000319		24	-0.28841674	-0.8816398	0.6494845	1.0	1.0	5954	tags=50%, list=24%, signal=66%	
CHROMOSOME MAINTENANCE%REACTOME DATABASE ID RELEASE 95%73886	CHROMOSOME MAINTENANCE%REACTOME DATABASE ID RELEASE 95%73886		118	-0.21230002	-0.8815041	0.78431374	1.0	1.0	4960	tags=27%, list=20%, signal=34%	
PROTEIN LOCALIZATION TO CHROMOSOME%GOBP%GO:0034502	PROTEIN LOCALIZATION TO CHROMOSOME%GOBP%GO:0034502		78	-0.22499736	-0.8801322	0.7295597	1.0	1.0	2239	tags=12%, list=9%, signal=13%	
GLUCAN METABOLIC PROCESS%GOBP%GO:0044042	GLUCAN METABOLIC PROCESS%GOBP%GO:0044042		35	-0.2582846	-0.8800651	0.6958175	1.0	1.0	5872	tags=40%, list=24%, signal=53%	
PURINERGIC SIGNALING%WIKIPATHWAYS_20260211%WP4900%HOMO SAPIENS	PURINERGIC SIGNALING%WIKIPATHWAYS_20260211%WP4900%HOMO SAPIENS		29	-0.27927893	-0.87986636	0.6511628	1.0	1.0	2252	tags=21%, list=9%, signal=23%	
LONG-TERM MEMORY%GOBP%GO:0007616	LONG-TERM MEMORY%GOBP%GO:0007616		23	-0.2888747	-0.87908846	0.64882946	1.0	1.0	15	tags=4%, list=0%, signal=4%	
TISSUE MIGRATION%GOBP%GO:0090130	TISSUE MIGRATION%GOBP%GO:0090130		26	-0.2801603	-0.878922	0.6666667	1.0	1.0	625	tags=8%, list=3%, signal=8%	
MITOCHONDRIAL RIBOSOME-ASSOCIATED QUALITY CONTROL%REACTOME DATABASE ID RELEASE 95%9937383	MITOCHONDRIAL RIBOSOME-ASSOCIATED QUALITY CONTROL%REACTOME DATABASE ID RELEASE 95%9937383		90	-0.21943104	-0.8785086	0.7922078	1.0	1.0	5397	tags=37%, list=22%, signal=47%	
PROTON TRANSMEMBRANE TRANSPORT%GOBP%GO:1902600	PROTON TRANSMEMBRANE TRANSPORT%GOBP%GO:1902600		61	-0.23377483	-0.8784994	0.75147927	1.0	1.0	3723	tags=21%, list=15%, signal=25%	
ANTERIOR/POSTERIOR AXIS SPECIFICATION%GOBP%GO:0009948	ANTERIOR/POSTERIOR AXIS SPECIFICATION%GOBP%GO:0009948		36	-0.26215264	-0.877766	0.65296805	1.0	1.0	3883	tags=25%, list=16%, signal=30%	
REGULATION OF POST-TRANSLATIONAL PROTEIN MODIFICATION%GOBP%GO:1901873	REGULATION OF POST-TRANSLATIONAL PROTEIN MODIFICATION%GOBP%GO:1901873		194	-0.19313653	-0.8775912	0.90588236	1.0	1.0	5230	tags=29%, list=21%, signal=37%	
BIOCARTA_EIF4_PATHWAY%MSIGDB_C2%BIOCARTA_EIF4_PATHWAY	BIOCARTA_EIF4_PATHWAY%MSIGDB_C2%BIOCARTA_EIF4_PATHWAY		20	-0.30229005	-0.8771583	0.6784452	1.0	1.0	3920	tags=20%, list=16%, signal=24%	
NUCLEOTIDE-EXCISION REPAIR%GOBP%GO:0006289	NUCLEOTIDE-EXCISION REPAIR%GOBP%GO:0006289		59	-0.23474792	-0.8771109	0.71359223	1.0	1.0	3577	tags=24%, list=15%, signal=28%	
MACROAUTOPHAGY%REACTOME DATABASE ID RELEASE 95%1632852	MACROAUTOPHAGY%REACTOME DATABASE ID RELEASE 95%1632852		122	-0.20589226	-0.8771037	0.8425926	1.0	1.0	2491	tags=11%, list=10%, signal=13%	
RAF-INDEPENDENT MAPK1 3 ACTIVATION%REACTOME%R-HSA-112409.5	RAF-INDEPENDENT MAPK1 3 ACTIVATION%REACTOME%R-HSA-112409.5		22	-0.29091617	-0.8764764	0.6703704	1.0	1.0	3082	tags=27%, list=13%, signal=31%	
CRANIAL SKELETAL SYSTEM DEVELOPMENT%GOBP%GO:1904888	CRANIAL SKELETAL SYSTEM DEVELOPMENT%GOBP%GO:1904888		26	-0.27427268	-0.8754402	0.6782946	1.0	1.0	3907	tags=23%, list=16%, signal=27%	
REMOVAL OF THE FLAP INTERMEDIATE FROM THE C-STRAND%REACTOME DATABASE ID RELEASE 95%174437	REMOVAL OF THE FLAP INTERMEDIATE FROM THE C-STRAND%REACTOME DATABASE ID RELEASE 95%174437		17	-0.30993518	-0.8751752	0.6514658	1.0	1.0	1813	tags=18%, list=7%, signal=19%	
GAP JUNCTION TRAFFICKING%REACTOME DATABASE ID RELEASE 95%190828	GAP JUNCTION TRAFFICKING%REACTOME DATABASE ID RELEASE 95%190828		28	-0.27706847	-0.87475187	0.670412	1.0	1.0	1512	tags=11%, list=6%, signal=11%	
MACROPHAGE STIMULATING PROTEIN MSP SIGNALING%WIKIPATHWAYS_20260211%WP5353%HOMO SAPIENS	MACROPHAGE STIMULATING PROTEIN MSP SIGNALING%WIKIPATHWAYS_20260211%WP5353%HOMO SAPIENS		84	-0.21965416	-0.8742589	0.7950311	1.0	1.0	2904	tags=14%, list=12%, signal=16%	
MYOMETRIAL RELAXATION AND CONTRACTION PATHWAYS%WIKIPATHWAYS_20260211%WP289%HOMO SAPIENS	MYOMETRIAL RELAXATION AND CONTRACTION PATHWAYS%WIKIPATHWAYS_20260211%WP289%HOMO SAPIENS		119	-0.20589589	-0.873986	0.85915494	1.0	1.0	1619	tags=10%, list=7%, signal=11%	
REGULATION OF EXOSOMAL SECRETION%GOBP%GO:1903541	REGULATION OF EXOSOMAL SECRETION%GOBP%GO:1903541		17	-0.3139171	-0.8738125	0.6797386	1.0	1.0	17	tags=6%, list=0%, signal=6%	
REGULATION OF MUSCLE ORGAN DEVELOPMENT%GOBP%GO:0048634	REGULATION OF MUSCLE ORGAN DEVELOPMENT%GOBP%GO:0048634		23	-0.28599095	-0.8737645	0.6941581	1.0	1.0	3792	tags=26%, list=15%, signal=31%	
PHOSPHORYLATED BMAL1:CLOCK (ARNTL:CLOCK) ACTIVATES EXPRESSION OF CORE CLOCK GENES%REACTOME DATABASE ID RELEASE 95%9931510	PHOSPHORYLATED BMAL1:CLOCK (ARNTL:CLOCK) ACTIVATES EXPRESSION OF CORE CLOCK GENES%REACTOME DATABASE ID RELEASE 95%9931510		20	-0.2952542	-0.87342817	0.63728815	1.0	1.0	3547	tags=25%, list=14%, signal=29%	
ENDOTHELIUM DEVELOPMENT%GOBP%GO:0003158	ENDOTHELIUM DEVELOPMENT%GOBP%GO:0003158		67	-0.22473128	-0.8731212	0.7540107	1.0	1.0	2336	tags=13%, list=10%, signal=15%	
NEGATIVE REGULATION OF INTERLEUKIN-2 PRODUCTION%GOBP%GO:0032703	NEGATIVE REGULATION OF INTERLEUKIN-2 PRODUCTION%GOBP%GO:0032703		22	-0.2902216	-0.87281317	0.6523179	1.0	1.0	1955	tags=23%, list=8%, signal=25%	
RAB GERANYLGERANYLATION%REACTOME%R-HSA-8873719.4	RAB GERANYLGERANYLATION%REACTOME%R-HSA-8873719.4		65	-0.23348837	-0.8723417	0.71938777	1.0	1.0	3569	tags=23%, list=15%, signal=27%	
SMAD PROTEIN SIGNAL TRANSDUCTION%GOBP%GO:0060395	SMAD PROTEIN SIGNAL TRANSDUCTION%GOBP%GO:0060395		17	-0.31197524	-0.8717426	0.6586207	1.0	1.0	1789	tags=18%, list=7%, signal=19%	
NLS-BEARING PROTEIN IMPORT INTO NUCLEUS%GOBP%GO:0006607	NLS-BEARING PROTEIN IMPORT INTO NUCLEUS%GOBP%GO:0006607		19	-0.29729593	-0.87172884	0.68345326	1.0	1.0	53	tags=5%, list=0%, signal=5%	
BONE REMODELING%GOBP%GO:0046849	BONE REMODELING%GOBP%GO:0046849		16	-0.32036823	-0.87153774	0.61419755	1.0	1.0	2939	tags=25%, list=12%, signal=28%	
AMINOGLYCAN METABOLIC PROCESS%GOBP%GO:0006022	AMINOGLYCAN METABOLIC PROCESS%GOBP%GO:0006022		54	-0.24062169	-0.87118423	0.76811594	1.0	1.0	2017	tags=13%, list=8%, signal=14%	
SKELETAL MUSCLE TISSUE DEVELOPMENT%GOBP%GO:0007519	SKELETAL MUSCLE TISSUE DEVELOPMENT%GOBP%GO:0007519		50	-0.23746586	-0.8709317	0.77619046	1.0	1.0	1922	tags=12%, list=8%, signal=13%	
MUSCLE TISSUE DEVELOPMENT%GOBP%GO:0060537	MUSCLE TISSUE DEVELOPMENT%GOBP%GO:0060537		179	-0.19882777	-0.8707341	0.85333335	1.0	1.0	3094	tags=15%, list=13%, signal=17%	
VESICLE BUDDING FROM MEMBRANE%GOBP%GO:0006900	VESICLE BUDDING FROM MEMBRANE%GOBP%GO:0006900		76	-0.2216664	-0.8699167	0.83146065	1.0	1.0	2308	tags=16%, list=9%, signal=17%	
INTRACELLULAR POTASSIUM ION HOMEOSTASIS%GOBP%GO:0030007	INTRACELLULAR POTASSIUM ION HOMEOSTASIS%GOBP%GO:0030007		21	-0.29672554	-0.8694879	0.65789473	1.0	1.0	2772	tags=24%, list=11%, signal=27%	
REGULATION OF BLOOD VESSEL ENDOTHELIAL CELL MIGRATION%GOBP%GO:0043535	REGULATION OF BLOOD VESSEL ENDOTHELIAL CELL MIGRATION%GOBP%GO:0043535		85	-0.22107023	-0.8691587	0.7635135	1.0	1.0	3818	tags=18%, list=16%, signal=21%	
SIGNALING BY SCF-KIT%REACTOME%R-HSA-1433557.6	SIGNALING BY SCF-KIT%REACTOME%R-HSA-1433557.6		39	-0.2524337	-0.86901	0.74058574	1.0	1.0	2701	tags=21%, list=11%, signal=23%	
SENSORY PERCEPTION OF MECHANICAL STIMULUS%GOBP%GO:0050954	SENSORY PERCEPTION OF MECHANICAL STIMULUS%GOBP%GO:0050954		121	-0.20718615	-0.8685889	0.8211382	1.0	1.0	2486	tags=13%, list=10%, signal=15%	
PI-3K CASCADE:FGFR4%REACTOME DATABASE ID RELEASE 95%5654720	PI-3K CASCADE:FGFR4%REACTOME DATABASE ID RELEASE 95%5654720		17	-0.311784	-0.86849105	0.6807818	1.0	1.0	3452	tags=29%, list=14%, signal=34%	
REGULATION OF LAMELLIPODIUM ORGANIZATION%GOBP%GO:1902743	REGULATION OF LAMELLIPODIUM ORGANIZATION%GOBP%GO:1902743		47	-0.24265614	-0.86843467	0.7654867	1.0	1.0	1005	tags=9%, list=4%, signal=9%	
REGULATION OF CELLULAR RESPONSE TO VASCULAR ENDOTHELIAL GROWTH FACTOR STIMULUS%GOBP%GO:1902547	REGULATION OF CELLULAR RESPONSE TO VASCULAR ENDOTHELIAL GROWTH FACTOR STIMULUS%GOBP%GO:1902547		30	-0.27615225	-0.8679469	0.654902	1.0	1.0	1694	tags=10%, list=7%, signal=11%	
ERK MAPK TARGETS%REACTOME%R-HSA-198753.3	ERK MAPK TARGETS%REACTOME%R-HSA-198753.3		22	-0.28963566	-0.8678282	0.66541356	1.0	1.0	903	tags=14%, list=4%, signal=14%	
POSTTRANSLATIONAL REGULATION OF ADHERENS JUNCTION STABILITY AND DISSASSEMBLY%PATHWAY INTERACTION DATABASE NCI-NATURE CURATED DATA%POSTTRANSLATIONAL REGULATION OF ADHERENS JUNCTION STABILITY AND DISSASSEMBLY	POSTTRANSLATIONAL REGULATION OF ADHERENS JUNCTION STABILITY AND DISSASSEMBLY%PATHWAY INTERACTION DATABASE NCI-NATURE CURATED DATA%POSTTRANSLATIONAL REGULATION OF ADHERENS JUNCTION STABILITY AND DISSASSEMBLY		48	-0.23490311	-0.86732936	0.73953485	1.0	1.0	2701	tags=17%, list=11%, signal=19%	
G ALPHA (Z) SIGNALLING EVENTS%REACTOME DATABASE ID RELEASE 95%418597	G ALPHA (Z) SIGNALLING EVENTS%REACTOME DATABASE ID RELEASE 95%418597		48	-0.24407011	-0.86721736	0.7584746	1.0	1.0	3899	tags=23%, list=16%, signal=27%	
PYRIDINE-CONTAINING COMPOUND BIOSYNTHETIC PROCESS%GOBP%GO:0072525	PYRIDINE-CONTAINING COMPOUND BIOSYNTHETIC PROCESS%GOBP%GO:0072525		17	-0.30987892	-0.86703324	0.6566265	1.0	1.0	3405	tags=29%, list=14%, signal=34%	
IL6-MEDIATED SIGNALING EVENTS%PATHWAY INTERACTION DATABASE NCI-NATURE CURATED DATA%IL6-MEDIATED SIGNALING EVENTS	IL6-MEDIATED SIGNALING EVENTS%PATHWAY INTERACTION DATABASE NCI-NATURE CURATED DATA%IL6-MEDIATED SIGNALING EVENTS		47	-0.2470906	-0.86693025	0.7671233	1.0	1.0	1334	tags=11%, list=5%, signal=11%	
POSITIVE REGULATION OF TRANSCRIPTION ELONGATION BY RNA POLYMERASE II%GOBP%GO:0032968	POSITIVE REGULATION OF TRANSCRIPTION ELONGATION BY RNA POLYMERASE II%GOBP%GO:0032968		50	-0.2440861	-0.86682194	0.75	1.0	1.0	929	tags=10%, list=4%, signal=10%	
REGULATION OF CHONDROCYTE DIFFERENTIATION%GOBP%GO:0032330	REGULATION OF CHONDROCYTE DIFFERENTIATION%GOBP%GO:0032330		29	-0.2650925	-0.8661134	0.70181817	1.0	1.0	2904	tags=21%, list=12%, signal=23%	
CELLULAR COMPONENT DISASSEMBLY INVOLVED IN EXECUTION PHASE OF APOPTOSIS%GOBP%GO:0006921	CELLULAR COMPONENT DISASSEMBLY INVOLVED IN EXECUTION PHASE OF APOPTOSIS%GOBP%GO:0006921		20	-0.29244474	-0.8657331	0.66898954	1.0	1.0	768	tags=10%, list=3%, signal=10%	
TRNA 5'-END PROCESSING%GOBP%GO:0099116	TRNA 5'-END PROCESSING%GOBP%GO:0099116		15	-0.31135234	-0.86572677	0.6485623	1.0	1.0	3824	tags=33%, list=16%, signal=39%	
NEGATIVE REGULATION OF MRNA SPLICING, VIA SPLICEOSOME%GOBP%GO:0048025	NEGATIVE REGULATION OF MRNA SPLICING, VIA SPLICEOSOME%GOBP%GO:0048025		26	-0.2731065	-0.86560637	0.6904762	1.0	1.0	4627	tags=31%, list=19%, signal=38%	
REGULATION OF COLLAGEN METABOLIC PROCESS%GOBP%GO:0010712	REGULATION OF COLLAGEN METABOLIC PROCESS%GOBP%GO:0010712		23	-0.26929066	-0.8651833	0.7118644	1.0	1.0	3421	tags=26%, list=14%, signal=30%	
SULFUR AMINO ACID METABOLISM%REACTOME DATABASE ID RELEASE 95%1614635	SULFUR AMINO ACID METABOLISM%REACTOME DATABASE ID RELEASE 95%1614635		28	-0.26668715	-0.86499035	0.71146244	1.0	1.0	4078	tags=21%, list=17%, signal=26%	
PROCESSIVE SYNTHESIS ON THE LAGGING STRAND%REACTOME%R-HSA-69183.4	PROCESSIVE SYNTHESIS ON THE LAGGING STRAND%REACTOME%R-HSA-69183.4		15	-0.32613298	-0.8647184	0.6584507	1.0	1.0	1813	tags=27%, list=7%, signal=29%	
THROMBOXANE SIGNALLING THROUGH TP RECEPTOR%REACTOME DATABASE ID RELEASE 95%428930	THROMBOXANE SIGNALLING THROUGH TP RECEPTOR%REACTOME DATABASE ID RELEASE 95%428930		24	-0.27962318	-0.863903	0.6968641	1.0	1.0	1619	tags=17%, list=7%, signal=18%	
MEMBRANE REPOLARIZATION%GOBP%GO:0086009	MEMBRANE REPOLARIZATION%GOBP%GO:0086009		28	-0.2638128	-0.86332375	0.72761196	1.0	1.0	4756	tags=29%, list=19%, signal=35%	
G2 M CHECKPOINTS%REACTOME%R-HSA-69481.5	G2 M CHECKPOINTS%REACTOME%R-HSA-69481.5		139	-0.19864543	-0.86300963	0.90625	1.0	1.0	2082	tags=12%, list=9%, signal=13%	
MITOCHONDRIAL CALCIUM ION TRANSMEMBRANE TRANSPORT%GOBP%GO:0006851	MITOCHONDRIAL CALCIUM ION TRANSMEMBRANE TRANSPORT%GOBP%GO:0006851		20	-0.2935066	-0.8619435	0.66083914	1.0	1.0	1215	tags=10%, list=5%, signal=11%	
PID_BETA_CATENIN_NUC_PATHWAY%MSIGDB_C2%PID_BETA_CATENIN_NUC_PATHWAY	PID_BETA_CATENIN_NUC_PATHWAY%MSIGDB_C2%PID_BETA_CATENIN_NUC_PATHWAY		64	-0.22989601	-0.8612643	0.7936508	1.0	1.0	3016	tags=20%, list=12%, signal=23%	
REGULATION OF TRANSLATION IN RESPONSE TO STRESS%GOBP%GO:0043555	REGULATION OF TRANSLATION IN RESPONSE TO STRESS%GOBP%GO:0043555		17	-0.30051634	-0.8611057	0.6594427	1.0	1.0	3341	tags=29%, list=14%, signal=34%	
POSITIVE REGULATION OF LEUKOCYTE APOPTOTIC PROCESS%GOBP%GO:2000108	POSITIVE REGULATION OF LEUKOCYTE APOPTOTIC PROCESS%GOBP%GO:2000108		20	-0.29515213	-0.86105055	0.68135595	1.0	1.0	332	tags=10%, list=1%, signal=10%	
VITAMIN CATABOLIC PROCESS%GOBP%GO:0009111	VITAMIN CATABOLIC PROCESS%GOBP%GO:0009111		15	-0.317367	-0.8609275	0.64873415	1.0	1.0	1131	tags=13%, list=5%, signal=14%	
ABORTIVE ELONGATION OF HIV-1 TRANSCRIPT IN THE ABSENCE OF TAT%REACTOME DATABASE ID RELEASE 95%167242	ABORTIVE ELONGATION OF HIV-1 TRANSCRIPT IN THE ABSENCE OF TAT%REACTOME DATABASE ID RELEASE 95%167242		23	-0.2827172	-0.86083037	0.7058824	1.0	1.0	5048	tags=43%, list=21%, signal=55%	
NEGATIVE REGULATION OF TUMOR NECROSIS FACTOR PRODUCTION%GOBP%GO:0032720	NEGATIVE REGULATION OF TUMOR NECROSIS FACTOR PRODUCTION%GOBP%GO:0032720		48	-0.2389024	-0.85988605	0.7932692	1.0	1.0	1692	tags=17%, list=7%, signal=18%	
MRNA 3'-END PROCESSING%GOBP%GO:0031124	MRNA 3'-END PROCESSING%GOBP%GO:0031124		33	-0.2601323	-0.8596991	0.7443609	1.0	1.0	2876	tags=21%, list=12%, signal=24%	
HOST-MEDIATED ACTIVATION OF VIRAL PROCESS%GOBP%GO:0044794	HOST-MEDIATED ACTIVATION OF VIRAL PROCESS%GOBP%GO:0044794		34	-0.25892758	-0.85960746	0.74058574	1.0	1.0	5061	tags=35%, list=21%, signal=44%	
BIOCARTA_ALK_PATHWAY%MSIGDB_C2%BIOCARTA_ALK_PATHWAY	BIOCARTA_ALK_PATHWAY%MSIGDB_C2%BIOCARTA_ALK_PATHWAY		32	-0.26424322	-0.85958004	0.69957083	1.0	1.0	5230	tags=38%, list=21%, signal=48%	
POSITIVE REGULATION OF CARTILAGE DEVELOPMENT%GOBP%GO:0061036	POSITIVE REGULATION OF CARTILAGE DEVELOPMENT%GOBP%GO:0061036		18	-0.30388272	-0.8588614	0.6666667	1.0	1.0	2652	tags=17%, list=11%, signal=19%	
REGULATION OF BROWN FAT CELL DIFFERENTIATION%GOBP%GO:0090335	REGULATION OF BROWN FAT CELL DIFFERENTIATION%GOBP%GO:0090335		22	-0.2869438	-0.85849833	0.6745763	1.0	1.0	2375	tags=18%, list=10%, signal=20%	
MITOCHONDRION TRANSPORT ALONG MICROTUBULE%GOBP%GO:0047497	MITOCHONDRION TRANSPORT ALONG MICROTUBULE%GOBP%GO:0047497		22	-0.2833908	-0.8584441	0.7089552	1.0	1.0	3402	tags=36%, list=14%, signal=42%	
TRNA METHYLATION%GOBP%GO:0030488	TRNA METHYLATION%GOBP%GO:0030488		38	-0.24864873	-0.8584283	0.7419355	1.0	1.0	1892	tags=13%, list=8%, signal=14%	
RUFFLE ORGANIZATION%GOBP%GO:0031529	RUFFLE ORGANIZATION%GOBP%GO:0031529		17	-0.30143464	-0.8583037	0.7086093	1.0	1.0	4486	tags=29%, list=18%, signal=36%	
INTRACELLULAR SIGNALLING THROUGH ADENOSINE RECEPTOR A2A AND ADENOSINE%SMPDB%SMP0000320	INTRACELLULAR SIGNALLING THROUGH ADENOSINE RECEPTOR A2A AND ADENOSINE%SMPDB%SMP0000320		37	-0.24973029	-0.8556531	0.75330395	1.0	1.0	2395	tags=16%, list=10%, signal=18%	
REGULATION OF ENDOTHELIAL CELL PROLIFERATION%GOBP%GO:0001936	REGULATION OF ENDOTHELIAL CELL PROLIFERATION%GOBP%GO:0001936		108	-0.20668232	-0.8556243	0.84782606	1.0	1.0	2412	tags=12%, list=10%, signal=13%	
POSITIVE REGULATION OF COLLAGEN BIOSYNTHETIC PROCESS%GOBP%GO:0032967	POSITIVE REGULATION OF COLLAGEN BIOSYNTHETIC PROCESS%GOBP%GO:0032967		15	-0.32085714	-0.8553708	0.6866197	1.0	1.0	3421	tags=27%, list=14%, signal=31%	
INSULIN RECEPTOR RECYCLING%REACTOME DATABASE ID RELEASE 95%77387	INSULIN RECEPTOR RECYCLING%REACTOME DATABASE ID RELEASE 95%77387		30	-0.2678929	-0.8553451	0.73571426	1.0	1.0	3723	tags=23%, list=15%, signal=27%	
LDL INFLUENCE ON CD14 AND TLR4%WIKIPATHWAYS_20260211%WP5272%HOMO SAPIENS	LDL INFLUENCE ON CD14 AND TLR4%WIKIPATHWAYS_20260211%WP5272%HOMO SAPIENS		22	-0.2806501	-0.8553123	0.68989545	1.0	1.0	40	tags=5%, list=0%, signal=5%	
REGULATION OF CENTROSOME CYCLE%GOBP%GO:0046605	REGULATION OF CENTROSOME CYCLE%GOBP%GO:0046605		54	-0.23320353	-0.8549246	0.7854077	1.0	1.0	3088	tags=19%, list=13%, signal=21%	
RESPONSE TO ELEVATED PLATELET CYTOSOLIC CA2+%REACTOME DATABASE ID RELEASE 95%76005	RESPONSE TO ELEVATED PLATELET CYTOSOLIC CA2+%REACTOME DATABASE ID RELEASE 95%76005		131	-0.19800961	-0.8548789	0.90163934	1.0	1.0	3514	tags=18%, list=14%, signal=21%	
REGULATION OF PLATELET AGGREGATION%GOBP%GO:0090330	REGULATION OF PLATELET AGGREGATION%GOBP%GO:0090330		27	-0.2670387	-0.85483325	0.76492536	1.0	1.0	1694	tags=15%, list=7%, signal=16%	
NEGATIVE REGULATION OF OSTEOCLAST DIFFERENTIATION%GOBP%GO:0045671	NEGATIVE REGULATION OF OSTEOCLAST DIFFERENTIATION%GOBP%GO:0045671		25	-0.28075615	-0.8536964	0.7064846	1.0	1.0	833	tags=12%, list=3%, signal=12%	
APOPTOTIC NUCLEAR CHANGES%GOBP%GO:0030262	APOPTOTIC NUCLEAR CHANGES%GOBP%GO:0030262		18	-0.30257136	-0.8533517	0.7183099	1.0	1.0	768	tags=11%, list=3%, signal=11%	
NEGATIVE REGULATION OF MEIOTIC CELL CYCLE%GOBP%GO:0051447	NEGATIVE REGULATION OF MEIOTIC CELL CYCLE%GOBP%GO:0051447		16	-0.30719435	-0.8532792	0.66225165	1.0	1.0	2134	tags=19%, list=9%, signal=21%	
GLYCOSAMINOGLYCAN SYNTHESIS IN FIBROBLASTS%WIKIPATHWAYS_20260211%WP5395%HOMO SAPIENS	GLYCOSAMINOGLYCAN SYNTHESIS IN FIBROBLASTS%WIKIPATHWAYS_20260211%WP5395%HOMO SAPIENS		34	-0.25949118	-0.8531604	0.7081712	1.0	1.0	3874	tags=21%, list=16%, signal=24%	
AUTOPHAGY OF MITOCHONDRION%GOBP%GO:0000422	AUTOPHAGY OF MITOCHONDRION%GOBP%GO:0000422		66	-0.21795386	-0.8531271	0.8351064	1.0	1.0	6033	tags=35%, list=25%, signal=46%	
REGULATION OF POST-TRANSCRIPTIONAL GENE SILENCING%GOBP%GO:0060147	REGULATION OF POST-TRANSCRIPTIONAL GENE SILENCING%GOBP%GO:0060147		28	-0.26309288	-0.8523086	0.70037454	1.0	1.0	2760	tags=21%, list=11%, signal=24%	
RELAXATION OF MUSCLE%GOBP%GO:0090075	RELAXATION OF MUSCLE%GOBP%GO:0090075		17	-0.3114992	-0.8520523	0.6832298	1.0	1.0	1621	tags=24%, list=7%, signal=25%	
REGULATION OF ESTABLISHMENT OR MAINTENANCE OF CELL POLARITY%GOBP%GO:0032878	REGULATION OF ESTABLISHMENT OR MAINTENANCE OF CELL POLARITY%GOBP%GO:0032878		23	-0.2814721	-0.851931	0.7368421	1.0	1.0	1445	tags=13%, list=6%, signal=14%	
REGULATION OF CARBOHYDRATE METABOLIC PROCESS%GOBP%GO:0006109	REGULATION OF CARBOHYDRATE METABOLIC PROCESS%GOBP%GO:0006109		130	-0.20232685	-0.8519063	0.8769231	1.0	1.0	3601	tags=22%, list=15%, signal=25%	
SIGNALING EVENTS MEDIATED BY PRL%PATHWAY INTERACTION DATABASE NCI-NATURE CURATED DATA%SIGNALING EVENTS MEDIATED BY PRL	SIGNALING EVENTS MEDIATED BY PRL%PATHWAY INTERACTION DATABASE NCI-NATURE CURATED DATA%SIGNALING EVENTS MEDIATED BY PRL		23	-0.2760755	-0.85156745	0.7090301	1.0	1.0	4594	tags=26%, list=19%, signal=32%	
STEROID HORMONE BIOSYNTHETIC PROCESS%GOBP%GO:0120178	STEROID HORMONE BIOSYNTHETIC PROCESS%GOBP%GO:0120178		27	-0.2703158	-0.8513534	0.69148934	1.0	1.0	942	tags=11%, list=4%, signal=12%	
RNA POLYMERASE III TRANSCRIPTION INITIATION%REACTOME%R-HSA-76046.4	RNA POLYMERASE III TRANSCRIPTION INITIATION%REACTOME%R-HSA-76046.4		36	-0.25085306	-0.8510203	0.7123894	1.0	1.0	3624	tags=25%, list=15%, signal=29%	
AUTOPHAGY%REACTOME DATABASE ID RELEASE 95%9612973	AUTOPHAGY%REACTOME DATABASE ID RELEASE 95%9612973		137	-0.20280239	-0.8509942	0.9150943	1.0	1.0	3030	tags=14%, list=12%, signal=16%	
FORMATION OF THE DYSTROPHIN-GLYCOPROTEIN COMPLEX (DGC)%REACTOME DATABASE ID RELEASE 95%9913351	FORMATION OF THE DYSTROPHIN-GLYCOPROTEIN COMPLEX (DGC)%REACTOME DATABASE ID RELEASE 95%9913351		30	-0.2549103	-0.8496216	0.74169743	1.0	1.0	2648	tags=17%, list=11%, signal=19%	
NEGATIVE REGULATION OF CHONDROCYTE DIFFERENTIATION%GOBP%GO:0032331	NEGATIVE REGULATION OF CHONDROCYTE DIFFERENTIATION%GOBP%GO:0032331		16	-0.31681502	-0.8495135	0.69131833	1.0	1.0	1061	tags=13%, list=4%, signal=13%	
POSITIVE REGULATION OF POST-TRANSLATIONAL PROTEIN MODIFICATION%GOBP%GO:1901875	POSITIVE REGULATION OF POST-TRANSLATIONAL PROTEIN MODIFICATION%GOBP%GO:1901875		105	-0.21309826	-0.8487433	0.875	1.0	1.0	4379	tags=25%, list=18%, signal=30%	
POSITIVE REGULATION OF TELOMERE MAINTENANCE VIA TELOMERE LENGTHENING%GOBP%GO:1904358	POSITIVE REGULATION OF TELOMERE MAINTENANCE VIA TELOMERE LENGTHENING%GOBP%GO:1904358		26	-0.2742408	-0.84862757	0.692029	1.0	1.0	3583	tags=31%, list=15%, signal=36%	
REGULATION OF CELL FATE COMMITMENT%GOBP%GO:0010453	REGULATION OF CELL FATE COMMITMENT%GOBP%GO:0010453		35	-0.2509311	-0.84768397	0.72131145	1.0	1.0	2314	tags=17%, list=9%, signal=19%	
RNA 5'-END PROCESSING%GOBP%GO:0000966	RNA 5'-END PROCESSING%GOBP%GO:0000966		38	-0.24986361	-0.84754753	0.720524	1.0	1.0	3824	tags=26%, list=16%, signal=31%	
REGULATION OF GENERATION OF PRECURSOR METABOLITES AND ENERGY%GOBP%GO:0043467	REGULATION OF GENERATION OF PRECURSOR METABOLITES AND ENERGY%GOBP%GO:0043467		105	-0.20251775	-0.84689	0.8707483	1.0	1.0	3849	tags=21%, list=16%, signal=25%	
ECM PROTEOGLYCANS%REACTOME DATABASE ID RELEASE 95%3000178	ECM PROTEOGLYCANS%REACTOME DATABASE ID RELEASE 95%3000178		56	-0.2249613	-0.84494996	0.81395346	1.0	1.0	720	tags=9%, list=3%, signal=9%	
SIGNALING BY PDGFR IN DISEASE%REACTOME%R-HSA-9671555.4	SIGNALING BY PDGFR IN DISEASE%REACTOME%R-HSA-9671555.4		18	-0.3035504	-0.8441431	0.7028754	1.0	1.0	71	tags=6%, list=0%, signal=6%	
ATR SIGNALING PATHWAY%PATHWAY INTERACTION DATABASE NCI-NATURE CURATED DATA%ATR SIGNALING PATHWAY	ATR SIGNALING PATHWAY%PATHWAY INTERACTION DATABASE NCI-NATURE CURATED DATA%ATR SIGNALING PATHWAY		39	-0.2459573	-0.8432278	0.768559	1.0	1.0	2058	tags=15%, list=8%, signal=17%	
HIGH-DENSITY LIPOPROTEIN PARTICLE REMODELING%GOBP%GO:0034375	HIGH-DENSITY LIPOPROTEIN PARTICLE REMODELING%GOBP%GO:0034375		20	-0.29356617	-0.84290314	0.7176871	1.0	1.0	2381	tags=20%, list=10%, signal=22%	
STRESS GRANULE ASSEMBLY%GOBP%GO:0034063	STRESS GRANULE ASSEMBLY%GOBP%GO:0034063		27	-0.26287508	-0.8427717	0.7327935	1.0	1.0	4132	tags=33%, list=17%, signal=40%	
PHYSICO CHEMICAL FEATURES AND TOXICITY ASSOCIATED PATHWAYS%WIKIPATHWAYS_20260211%WP3680%HOMO SAPIENS	PHYSICO CHEMICAL FEATURES AND TOXICITY ASSOCIATED PATHWAYS%WIKIPATHWAYS_20260211%WP3680%HOMO SAPIENS		52	-0.2311143	-0.84209985	0.8	1.0	1.0	5541	tags=44%, list=23%, signal=57%	
HALLMARK_EPITHELIAL_MESENCHYMAL_TRANSITION%MSIGDBHALLMARK%HALLMARK_EPITHELIAL_MESENCHYMAL_TRANSITION	HALLMARK_EPITHELIAL_MESENCHYMAL_TRANSITION%MSIGDBHALLMARK%HALLMARK_EPITHELIAL_MESENCHYMAL_TRANSITION		158	-0.19709466	-0.8416628	0.9519231	1.0	1.0	3066	tags=15%, list=13%, signal=17%	
REGULATION OF GLUCONEOGENESIS%GOBP%GO:0006111	REGULATION OF GLUCONEOGENESIS%GOBP%GO:0006111		38	-0.2464877	-0.84122396	0.78968257	1.0	1.0	3511	tags=24%, list=14%, signal=28%	
GLUTAMATE BINDING, ACTIVATION OF AMPA RECEPTORS AND SYNAPTIC PLASTICITY%REACTOME%R-HSA-399721.5	GLUTAMATE BINDING, ACTIVATION OF AMPA RECEPTORS AND SYNAPTIC PLASTICITY%REACTOME%R-HSA-399721.5		27	-0.2632668	-0.8411591	0.770073	1.0	1.0	3175	tags=19%, list=13%, signal=21%	
TP53 NETWORK%WIKIPATHWAYS_20260211%WP1742%HOMO SAPIENS	TP53 NETWORK%WIKIPATHWAYS_20260211%WP1742%HOMO SAPIENS		16	-0.3055617	-0.84012955	0.6875	1.0	1.0	5998	tags=50%, list=24%, signal=66%	
LPA RECEPTOR MEDIATED EVENTS%PATHWAY INTERACTION DATABASE NCI-NATURE CURATED DATA%LPA RECEPTOR MEDIATED EVENTS	LPA RECEPTOR MEDIATED EVENTS%PATHWAY INTERACTION DATABASE NCI-NATURE CURATED DATA%LPA RECEPTOR MEDIATED EVENTS		64	-0.21964248	-0.8399952	0.8376963	1.0	1.0	1396	tags=9%, list=6%, signal=10%	
POSITIVE REGULATION OF BMP SIGNALING PATHWAY%GOBP%GO:0030513	POSITIVE REGULATION OF BMP SIGNALING PATHWAY%GOBP%GO:0030513		24	-0.27481627	-0.8397668	0.70437956	1.0	1.0	4695	tags=42%, list=19%, signal=51%	
REGULATION OF SIGNAL TRANSDUCTION BY P53 CLASS MEDIATOR%GOBP%GO:1901796	REGULATION OF SIGNAL TRANSDUCTION BY P53 CLASS MEDIATOR%GOBP%GO:1901796		101	-0.20694338	-0.8395367	0.8767123	1.0	1.0	2397	tags=17%, list=10%, signal=19%	
ESTABLISHMENT OF MITOCHONDRION LOCALIZATION, MICROTUBULE-MEDIATED%GOBP%GO:0034643	ESTABLISHMENT OF MITOCHONDRION LOCALIZATION, MICROTUBULE-MEDIATED%GOBP%GO:0034643		22	-0.2833908	-0.83880246	0.73207545	1.0	1.0	3402	tags=36%, list=14%, signal=42%	
NEGATIVE REGULATION OF CANONICAL NF-KAPPAB SIGNAL TRANSDUCTION%GOBP%GO:0043124	NEGATIVE REGULATION OF CANONICAL NF-KAPPAB SIGNAL TRANSDUCTION%GOBP%GO:0043124		78	-0.21721278	-0.8383857	0.84324324	1.0	1.0	1950	tags=13%, list=8%, signal=14%	
TERPENOID METABOLIC PROCESS%GOBP%GO:0006721	TERPENOID METABOLIC PROCESS%GOBP%GO:0006721		85	-0.21340899	-0.8383811	0.8670886	1.0	1.0	1535	tags=11%, list=6%, signal=11%	
DEREGULATING CELLULAR METABOLISM THROUGH NON GENOTOXIC CARCINOGENS%WIKIPATHWAYS_20260211%WP5571%HOMO SAPIENS	DEREGULATING CELLULAR METABOLISM THROUGH NON GENOTOXIC CARCINOGENS%WIKIPATHWAYS_20260211%WP5571%HOMO SAPIENS		18	-0.3000717	-0.83829594	0.7003155	1.0	1.0	2429	tags=22%, list=10%, signal=25%	
NOTCH SIGNALING PATHWAY%PATHWAY INTERACTION DATABASE NCI-NATURE CURATED DATA%NOTCH SIGNALING PATHWAY	NOTCH SIGNALING PATHWAY%PATHWAY INTERACTION DATABASE NCI-NATURE CURATED DATA%NOTCH SIGNALING PATHWAY		58	-0.2183279	-0.83824646	0.8042328	1.0	1.0	2895	tags=14%, list=12%, signal=16%	
ELEVATION OF CYTOSOLIC CA2+ LEVELS%REACTOME DATABASE ID RELEASE 95%139853	ELEVATION OF CYTOSOLIC CA2+ LEVELS%REACTOME DATABASE ID RELEASE 95%139853		16	-0.2984784	-0.83794576	0.68025076	1.0	1.0	2792	tags=31%, list=11%, signal=35%	
POSITIVE REGULATION OF MORPHOGENESIS OF AN EPITHELIUM%GOBP%GO:1905332	POSITIVE REGULATION OF MORPHOGENESIS OF AN EPITHELIUM%GOBP%GO:1905332		26	-0.2697337	-0.8378598	0.7617329	1.0	1.0	1808	tags=15%, list=7%, signal=17%	
REGULATION OF AMINE TRANSPORT%GOBP%GO:0051952	REGULATION OF AMINE TRANSPORT%GOBP%GO:0051952		39	-0.24848637	-0.8378441	0.7882883	1.0	1.0	3943	tags=31%, list=16%, signal=37%	
BASE EXCISION REPAIR%REACTOME DATABASE ID RELEASE 95%73884	BASE EXCISION REPAIR%REACTOME DATABASE ID RELEASE 95%73884		68	-0.21199016	-0.8378256	0.84782606	1.0	1.0	2413	tags=12%, list=10%, signal=13%	
IMP METABOLIC PROCESS%GOBP%GO:0046040	IMP METABOLIC PROCESS%GOBP%GO:0046040		15	-0.30653945	-0.8376483	0.7167832	1.0	1.0	2482	tags=33%, list=10%, signal=37%	
ENTRAINMENT OF CIRCADIAN CLOCK%GOBP%GO:0009649	ENTRAINMENT OF CIRCADIAN CLOCK%GOBP%GO:0009649		26	-0.26932877	-0.83649004	0.7591241	1.0	1.0	4964	tags=35%, list=20%, signal=43%	
REGULATION OF HOMOTYPIC CELL-CELL ADHESION%GOBP%GO:0034110	REGULATION OF HOMOTYPIC CELL-CELL ADHESION%GOBP%GO:0034110		35	-0.24685413	-0.8352673	0.7877698	1.0	1.0	1808	tags=14%, list=7%, signal=15%	
BIOCARTA_MET_PATHWAY%MSIGDB_C2%BIOCARTA_MET_PATHWAY	BIOCARTA_MET_PATHWAY%MSIGDB_C2%BIOCARTA_MET_PATHWAY		28	-0.2653398	-0.8352027	0.7067669	1.0	1.0	1396	tags=14%, list=6%, signal=15%	
HEDGEHOG 'OFF' STATE%REACTOME DATABASE ID RELEASE 95%5610787	HEDGEHOG 'OFF' STATE%REACTOME DATABASE ID RELEASE 95%5610787		87	-0.20865062	-0.8351913	0.86928105	1.0	1.0	4658	tags=28%, list=19%, signal=34%	
G1 S TRANSITION%REACTOME DATABASE ID RELEASE 95%69206	G1 S TRANSITION%REACTOME DATABASE ID RELEASE 95%69206		121	-0.19941327	-0.8349576	0.97321427	1.0	1.0	4658	tags=27%, list=19%, signal=34%	
COPII-COATED VESICLE BUDDING%GOBP%GO:0090114	COPII-COATED VESICLE BUDDING%GOBP%GO:0090114		39	-0.24173734	-0.83468056	0.8057851	1.0	1.0	2308	tags=18%, list=9%, signal=20%	
PROTEIN DEPOLYMERIZATION%GOBP%GO:0051261	PROTEIN DEPOLYMERIZATION%GOBP%GO:0051261		35	-0.24650489	-0.8344518	0.8181818	1.0	1.0	1584	tags=11%, list=6%, signal=12%	
RETINA MORPHOGENESIS IN CAMERA-TYPE EYE%GOBP%GO:0060042	RETINA MORPHOGENESIS IN CAMERA-TYPE EYE%GOBP%GO:0060042		33	-0.25372863	-0.8335921	0.7606838	1.0	1.0	1646	tags=12%, list=7%, signal=13%	
CELLULAR RESPONSE TO CHEMICAL STRESS%REACTOME DATABASE ID RELEASE 95%9711123	CELLULAR RESPONSE TO CHEMICAL STRESS%REACTOME DATABASE ID RELEASE 95%9711123		188	-0.18676649	-0.8329999	0.96511626	1.0	1.0	5522	tags=30%, list=23%, signal=38%	
TRP CHANNELS%REACTOME%R-HSA-3295583.4	TRP CHANNELS%REACTOME%R-HSA-3295583.4		25	-0.26580748	-0.8324221	0.72302157	1.0	1.0	2792	tags=16%, list=11%, signal=18%	
NEGATIVE REGULATION OF MUSCLE CELL DIFFERENTIATION%GOBP%GO:0051148	NEGATIVE REGULATION OF MUSCLE CELL DIFFERENTIATION%GOBP%GO:0051148		34	-0.24813105	-0.83164823	0.79389316	1.0	1.0	3757	tags=26%, list=15%, signal=31%	
RNA POLYMERASE III TRANSCRIPTION INITIATION FROM TYPE 1 PROMOTER%REACTOME DATABASE ID RELEASE 95%76061	RNA POLYMERASE III TRANSCRIPTION INITIATION FROM TYPE 1 PROMOTER%REACTOME DATABASE ID RELEASE 95%76061		28	-0.2553197	-0.8315292	0.79310346	1.0	1.0	3624	tags=25%, list=15%, signal=29%	
UROTENSIN II MEDIATED SIGNALING%WIKIPATHWAYS_20260211%WP5158%HOMO SAPIENS	UROTENSIN II MEDIATED SIGNALING%WIKIPATHWAYS_20260211%WP5158%HOMO SAPIENS		60	-0.22458357	-0.8313504	0.8917526	1.0	1.0	2975	tags=18%, list=12%, signal=21%	
NEUROINFLAMMATION AND GLUTAMATERGIC SIGNALING%WIKIPATHWAYS_20260211%WP5083%HOMO SAPIENS	NEUROINFLAMMATION AND GLUTAMATERGIC SIGNALING%WIKIPATHWAYS_20260211%WP5083%HOMO SAPIENS		108	-0.20031324	-0.83049965	0.8984375	1.0	1.0	3175	tags=15%, list=13%, signal=17%	
INSULIN PROCESSING%REACTOME DATABASE ID RELEASE 95%264876	INSULIN PROCESSING%REACTOME DATABASE ID RELEASE 95%264876		25	-0.26610485	-0.83034617	0.73309606	1.0	1.0	3360	tags=20%, list=14%, signal=23%	
INTERCONVERSION OF NUCLEOTIDE DI- AND TRIPHOSPHATES%REACTOME DATABASE ID RELEASE 95%499943	INTERCONVERSION OF NUCLEOTIDE DI- AND TRIPHOSPHATES%REACTOME DATABASE ID RELEASE 95%499943		27	-0.2681797	-0.8301711	0.73049647	1.0	1.0	2469	tags=19%, list=10%, signal=21%	
RRNA CATABOLIC PROCESS%GOBP%GO:0016075	RRNA CATABOLIC PROCESS%GOBP%GO:0016075		18	-0.28949943	-0.8299534	0.7466216	1.0	1.0	5971	tags=44%, list=24%, signal=59%	
RNA POLYMERASE II TRANSCRIPTION TERMINATION%REACTOME%R-HSA-73856.6	RNA POLYMERASE II TRANSCRIPTION TERMINATION%REACTOME%R-HSA-73856.6		66	-0.2172124	-0.82931954	0.83832335	1.0	1.0	4143	tags=26%, list=17%, signal=31%	
REGULATION OF PROTEASOMAL UBIQUITIN-DEPENDENT PROTEIN CATABOLIC PROCESS%GOBP%GO:0032434	REGULATION OF PROTEASOMAL UBIQUITIN-DEPENDENT PROTEIN CATABOLIC PROCESS%GOBP%GO:0032434		119	-0.20291442	-0.82929444	0.9296875	1.0	1.0	5757	tags=33%, list=24%, signal=43%	
PROTEIN LOCALIZATION TO CHROMATIN%GOBP%GO:0071168	PROTEIN LOCALIZATION TO CHROMATIN%GOBP%GO:0071168		33	-0.2524733	-0.8287067	0.77734375	1.0	1.0	2239	tags=15%, list=9%, signal=17%	
REGULATION OF ACUTE INFLAMMATORY RESPONSE%GOBP%GO:0002673	REGULATION OF ACUTE INFLAMMATORY RESPONSE%GOBP%GO:0002673		33	-0.25370276	-0.82863426	0.7991803	1.0	1.0	3095	tags=15%, list=13%, signal=17%	
REGULATION OF POST-TRANSCRIPTIONAL GENE SILENCING BY REGULATORY NCRNA%GOBP%GO:1900368	REGULATION OF POST-TRANSCRIPTIONAL GENE SILENCING BY REGULATORY NCRNA%GOBP%GO:1900368		28	-0.26309288	-0.8285187	0.72262776	1.0	1.0	2760	tags=21%, list=11%, signal=24%	
NEGATIVE REGULATION OF CYTOKINE PRODUCTION INVOLVED IN IMMUNE RESPONSE%GOBP%GO:0002719	NEGATIVE REGULATION OF CYTOKINE PRODUCTION INVOLVED IN IMMUNE RESPONSE%GOBP%GO:0002719		23	-0.27361515	-0.8280493	0.72696245	1.0	1.0	4604	tags=35%, list=19%, signal=43%	
G PROTEIN GATED POTASSIUM CHANNELS%REACTOME%R-HSA-1296059.4	G PROTEIN GATED POTASSIUM CHANNELS%REACTOME%R-HSA-1296059.4		29	-0.25315925	-0.8273013	0.8030888	1.0	1.0	1619	tags=14%, list=7%, signal=15%	
MEMBRANE REPOLARIZATION DURING ACTION POTENTIAL%GOBP%GO:0086011	MEMBRANE REPOLARIZATION DURING ACTION POTENTIAL%GOBP%GO:0086011		22	-0.2769794	-0.8270939	0.7473684	1.0	1.0	4756	tags=32%, list=19%, signal=39%	
FACE DEVELOPMENT%GOBP%GO:0060324	FACE DEVELOPMENT%GOBP%GO:0060324		17	-0.29519114	-0.8266267	0.7028754	1.0	1.0	3094	tags=29%, list=13%, signal=34%	
WNT%NETPATH%WNT	WNT%NETPATH%WNT		46	-0.23481323	-0.82635844	0.8115942	1.0	1.0	1735	tags=13%, list=7%, signal=14%	
REGULATION OF MIRNA METABOLIC PROCESS%GOBP%GO:2000628	REGULATION OF MIRNA METABOLIC PROCESS%GOBP%GO:2000628		74	-0.21561821	-0.82499963	0.8787879	1.0	1.0	3195	tags=20%, list=13%, signal=23%	
REGULATION OF TP53 DEGRADATION%REACTOME%R-HSA-6804757.3	REGULATION OF TP53 DEGRADATION%REACTOME%R-HSA-6804757.3		36	-0.24118437	-0.82482535	0.8221344	1.0	1.0	4894	tags=33%, list=20%, signal=42%	
CALCIUM REGULATION IN CARDIAC CELLS%WIKIPATHWAYS_20260211%WP536%HOMO SAPIENS	CALCIUM REGULATION IN CARDIAC CELLS%WIKIPATHWAYS_20260211%WP536%HOMO SAPIENS		119	-0.19800946	-0.8247919	0.94262296	1.0	1.0	1619	tags=10%, list=7%, signal=11%	
POSITIVE REGULATION OF DNA-TEMPLATED TRANSCRIPTION, ELONGATION%GOBP%GO:0032786	POSITIVE REGULATION OF DNA-TEMPLATED TRANSCRIPTION, ELONGATION%GOBP%GO:0032786		58	-0.21717373	-0.8244676	0.84615386	1.0	1.0	929	tags=9%, list=4%, signal=9%	
REGULATION OF MIRNA-MEDIATED GENE SILENCING%GOBP%GO:0060964	REGULATION OF MIRNA-MEDIATED GENE SILENCING%GOBP%GO:0060964		28	-0.26309288	-0.82430106	0.73867595	1.0	1.0	2760	tags=21%, list=11%, signal=24%	
REGULATION OF SMOOTH MUSCLE CELL PROLIFERATION%GOBP%GO:0048660	REGULATION OF SMOOTH MUSCLE CELL PROLIFERATION%GOBP%GO:0048660		85	-0.20898288	-0.8241319	0.8597561	1.0	1.0	3016	tags=15%, list=12%, signal=17%	
WNT BETA CATENIN SIGNALING IN LEUKEMIA%WIKIPATHWAYS_20260211%WP3658%HOMO SAPIENS	WNT BETA CATENIN SIGNALING IN LEUKEMIA%WIKIPATHWAYS_20260211%WP3658%HOMO SAPIENS		23	-0.26794356	-0.8235695	0.72473866	1.0	1.0	3713	tags=26%, list=15%, signal=31%	
GAP-FILLING DNA REPAIR SYNTHESIS AND LIGATION IN TC-NER%REACTOME%R-HSA-6782210.3	GAP-FILLING DNA REPAIR SYNTHESIS AND LIGATION IN TC-NER%REACTOME%R-HSA-6782210.3		61	-0.22204295	-0.8232383	0.89325845	1.0	1.0	5478	tags=36%, list=22%, signal=46%	
INTRACELLULAR SIGNALLING THROUGH ADENOSINE RECEPTOR A2B AND ADENOSINE%SMPDB%SMP0000321	INTRACELLULAR SIGNALLING THROUGH ADENOSINE RECEPTOR A2B AND ADENOSINE%SMPDB%SMP0000321		38	-0.2412761	-0.82310146	0.8017621	1.0	1.0	2395	tags=16%, list=10%, signal=17%	
TRANSCRIPTIONAL REGULATION BY THE AP-2 (TFAP2) FAMILY OF TRANSCRIPTION FACTORS%REACTOME%R-HSA-8864260.5	TRANSCRIPTIONAL REGULATION BY THE AP-2 (TFAP2) FAMILY OF TRANSCRIPTION FACTORS%REACTOME%R-HSA-8864260.5		36	-0.24318247	-0.8230961	0.8106996	1.0	1.0	3778	tags=25%, list=15%, signal=30%	
NEGATIVE REGULATION OF T CELL MEDIATED IMMUNITY%GOBP%GO:0002710	NEGATIVE REGULATION OF T CELL MEDIATED IMMUNITY%GOBP%GO:0002710		28	-0.25938943	-0.8230696	0.7816901	1.0	1.0	4034	tags=29%, list=16%, signal=34%	
GAP JUNCTION TRAFFICKING AND REGULATION%REACTOME DATABASE ID RELEASE 95%157858	GAP JUNCTION TRAFFICKING AND REGULATION%REACTOME DATABASE ID RELEASE 95%157858		29	-0.2616962	-0.8225994	0.74125874	1.0	1.0	1512	tags=10%, list=6%, signal=11%	
PROTEIN K63-LINKED DEUBIQUITINATION%GOBP%GO:0070536	PROTEIN K63-LINKED DEUBIQUITINATION%GOBP%GO:0070536		24	-0.26789278	-0.8222627	0.76642334	1.0	1.0	2976	tags=21%, list=12%, signal=24%	
NEGATIVE REGULATION OF AXONOGENESIS%GOBP%GO:0050771	NEGATIVE REGULATION OF AXONOGENESIS%GOBP%GO:0050771		24	-0.26826257	-0.82186663	0.733564	1.0	1.0	2479	tags=17%, list=10%, signal=19%	
REGULATION OF TP53 ACTIVITY THROUGH METHYLATION%REACTOME%R-HSA-6804760.3	REGULATION OF TP53 ACTIVITY THROUGH METHYLATION%REACTOME%R-HSA-6804760.3		19	-0.28240928	-0.8208996	0.7328767	1.0	1.0	1599	tags=16%, list=7%, signal=17%	
10Q22Q23 COPY NUMBER VARIATION%WIKIPATHWAYS_20260211%WP5402%HOMO SAPIENS	10Q22Q23 COPY NUMBER VARIATION%WIKIPATHWAYS_20260211%WP5402%HOMO SAPIENS		56	-0.22406392	-0.8205856	0.8755981	1.0	1.0	628	tags=5%, list=3%, signal=5%	
REGULATION OF ENDOTHELIAL CELL MIGRATION%GOBP%GO:0010594	REGULATION OF ENDOTHELIAL CELL MIGRATION%GOBP%GO:0010594		156	-0.18648638	-0.82022583	0.98876405	1.0	1.0	2968	tags=13%, list=12%, signal=14%	
NONSENSE-MEDIATED DECAY (NMD)%REACTOME%R-HSA-927802.4	NONSENSE-MEDIATED DECAY (NMD)%REACTOME%R-HSA-927802.4		115	-0.19449139	-0.82019585	0.93793106	1.0	1.0	5877	tags=33%, list=24%, signal=43%	
POSITIVE REGULATION OF T-HELPER CELL DIFFERENTIATION%GOBP%GO:0045624	POSITIVE REGULATION OF T-HELPER CELL DIFFERENTIATION%GOBP%GO:0045624		22	-0.27359563	-0.8197689	0.77304965	1.0	1.0	5209	tags=36%, list=21%, signal=46%	
REGULATION OF NUCLEAR BETA CATENIN SIGNALING AND TARGET GENE TRANSCRIPTION%PATHWAY INTERACTION DATABASE NCI-NATURE CURATED DATA%REGULATION OF NUCLEAR BETA CATENIN SIGNALING AND TARGET GENE TRANSCRIPTION	REGULATION OF NUCLEAR BETA CATENIN SIGNALING AND TARGET GENE TRANSCRIPTION%PATHWAY INTERACTION DATABASE NCI-NATURE CURATED DATA%REGULATION OF NUCLEAR BETA CATENIN SIGNALING AND TARGET GENE TRANSCRIPTION		79	-0.2071403	-0.81966716	0.9	1.0	1.0	3016	tags=18%, list=12%, signal=20%	
RNA POLYMERASE III TRANSCRIPTION INITIATION FROM TYPE 2 PROMOTER%REACTOME DATABASE ID RELEASE 95%76066	RNA POLYMERASE III TRANSCRIPTION INITIATION FROM TYPE 2 PROMOTER%REACTOME DATABASE ID RELEASE 95%76066		27	-0.2590583	-0.8193693	0.7985348	1.0	1.0	3624	tags=26%, list=15%, signal=30%	
AP-1 TRANSCRIPTION FACTOR NETWORK%PATHWAY INTERACTION DATABASE NCI-NATURE CURATED DATA%AP-1 TRANSCRIPTION FACTOR NETWORK	AP-1 TRANSCRIPTION FACTOR NETWORK%PATHWAY INTERACTION DATABASE NCI-NATURE CURATED DATA%AP-1 TRANSCRIPTION FACTOR NETWORK		70	-0.21292055	-0.8188265	0.8786127	1.0	1.0	3195	tags=19%, list=13%, signal=21%	
SEMA3A PAK DEPENDENT AXON REPULSION%REACTOME%R-HSA-399954.4	SEMA3A PAK DEPENDENT AXON REPULSION%REACTOME%R-HSA-399954.4		16	-0.30386475	-0.81847334	0.73770493	1.0	1.0	5331	tags=38%, list=22%, signal=48%	
PID_TRKR_PATHWAY%MSIGDB_C2%PID_TRKR_PATHWAY	PID_TRKR_PATHWAY%MSIGDB_C2%PID_TRKR_PATHWAY		49	-0.22527368	-0.8175758	0.82608694	1.0	1.0	3408	tags=18%, list=14%, signal=21%	
PID_AVB3_INTEGRIN_PATHWAY%MSIGDB_C2%PID_AVB3_INTEGRIN_PATHWAY	PID_AVB3_INTEGRIN_PATHWAY%MSIGDB_C2%PID_AVB3_INTEGRIN_PATHWAY		58	-0.22337833	-0.8175519	0.8445596	1.0	1.0	1396	tags=9%, list=6%, signal=9%	
REGULATION OF MITOCHONDRIAL MEMBRANE POTENTIAL%GOBP%GO:0051881	REGULATION OF MITOCHONDRIAL MEMBRANE POTENTIAL%GOBP%GO:0051881		42	-0.23820482	-0.8174479	0.81777775	1.0	1.0	1865	tags=14%, list=8%, signal=15%	
PROCESSIVE SYNTHESIS ON THE C-STRAND OF THE TELOMERE%REACTOME DATABASE ID RELEASE 95%174414	PROCESSIVE SYNTHESIS ON THE C-STRAND OF THE TELOMERE%REACTOME DATABASE ID RELEASE 95%174414		19	-0.28638428	-0.8161645	0.7580645	1.0	1.0	1813	tags=16%, list=7%, signal=17%	
TRNA CHARGING%BIOCYC%TRNA-CHARGING-PWY	TRNA CHARGING%BIOCYC%TRNA-CHARGING-PWY		38	-0.24236415	-0.81565064	0.837963	1.0	1.0	2747	tags=18%, list=11%, signal=21%	
CS DS DEGRADATION%REACTOME%R-HSA-2024101.6	CS DS DEGRADATION%REACTOME%R-HSA-2024101.6		20	-0.2745295	-0.815632	0.7788162	1.0	1.0	647	tags=10%, list=3%, signal=10%	
INOSITOL PHOSPHATE METABOLIC PROCESS%GOBP%GO:0043647	INOSITOL PHOSPHATE METABOLIC PROCESS%GOBP%GO:0043647		24	-0.2630948	-0.81559134	0.75714284	1.0	1.0	3170	tags=21%, list=13%, signal=24%	
DUAL INCISION IN TC-NER%REACTOME%R-HSA-6782135.4	DUAL INCISION IN TC-NER%REACTOME%R-HSA-6782135.4		62	-0.2149979	-0.8152739	0.8994975	1.0	1.0	5676	tags=39%, list=23%, signal=50%	
VIRION ASSEMBLY%GOBP%GO:0019068	VIRION ASSEMBLY%GOBP%GO:0019068		34	-0.24202883	-0.81498283	0.81496066	1.0	1.0	2881	tags=21%, list=12%, signal=23%	
TRAFFICKING OF AMPA RECEPTORS%REACTOME%R-HSA-399719.3	TRAFFICKING OF AMPA RECEPTORS%REACTOME%R-HSA-399719.3		27	-0.2632668	-0.81459606	0.780303	1.0	1.0	3175	tags=19%, list=13%, signal=21%	
TRNA AMINOACYLATION FOR PROTEIN TRANSLATION%GOBP%GO:0006418	TRNA AMINOACYLATION FOR PROTEIN TRANSLATION%GOBP%GO:0006418		41	-0.23291741	-0.81280553	0.832636	1.0	1.0	2747	tags=17%, list=11%, signal=19%	
RETINOIC ACID METABOLIC PROCESS%GOBP%GO:0042573	RETINOIC ACID METABOLIC PROCESS%GOBP%GO:0042573		26	-0.25724608	-0.81208074	0.777027	1.0	1.0	2229	tags=15%, list=9%, signal=17%	
EPITHELIAL TO MESENCHYMAL TRANSITION%GOBP%GO:0001837	EPITHELIAL TO MESENCHYMAL TRANSITION%GOBP%GO:0001837		67	-0.215392	-0.81194425	0.87027025	1.0	1.0	2904	tags=19%, list=12%, signal=22%	
CENTRAL NERVOUS SYSTEM NEURON AXONOGENESIS%GOBP%GO:0021955	CENTRAL NERVOUS SYSTEM NEURON AXONOGENESIS%GOBP%GO:0021955		20	-0.27801988	-0.8119063	0.7687296	1.0	1.0	145	tags=5%, list=1%, signal=5%	
REGULATION OF STRIATED MUSCLE TISSUE DEVELOPMENT%GOBP%GO:0016202	REGULATION OF STRIATED MUSCLE TISSUE DEVELOPMENT%GOBP%GO:0016202		18	-0.28646195	-0.81177276	0.76870745	1.0	1.0	2760	tags=22%, list=11%, signal=25%	
BIOCARTA_AT1R_PATHWAY%MSIGDB_C2%BIOCARTA_AT1R_PATHWAY	BIOCARTA_AT1R_PATHWAY%MSIGDB_C2%BIOCARTA_AT1R_PATHWAY		22	-0.26297542	-0.81139314	0.77329195	1.0	1.0	2806	tags=18%, list=11%, signal=21%	
PID_IL6_7_PATHWAY%MSIGDB_C2%PID_IL6_7_PATHWAY	PID_IL6_7_PATHWAY%MSIGDB_C2%PID_IL6_7_PATHWAY		38	-0.2395873	-0.8107997	0.8417266	1.0	1.0	2806	tags=16%, list=11%, signal=18%	
REGULATION OF PEPTIDE HORMONE SECRETION%GOBP%GO:0090276	REGULATION OF PEPTIDE HORMONE SECRETION%GOBP%GO:0090276		136	-0.19097199	-0.80998707	0.94736844	1.0	1.0	2793	tags=13%, list=11%, signal=15%	
CENTRAL NERVOUS SYSTEM NEURON DEVELOPMENT%GOBP%GO:0021954	CENTRAL NERVOUS SYSTEM NEURON DEVELOPMENT%GOBP%GO:0021954		43	-0.23205326	-0.80880153	0.79916316	1.0	1.0	145	tags=5%, list=1%, signal=5%	
TNF STRESS RELATED SIGNALING%PATHWHIZ%PW064784	TNF STRESS RELATED SIGNALING%PATHWHIZ%PW064784		22	-0.25776803	-0.8084774	0.75357145	1.0	1.0	4186	tags=32%, list=17%, signal=38%	
SENESCENCE AND AUTOPHAGY IN CANCER%WIKIPATHWAYS_20260211%WP615%HOMO SAPIENS	SENESCENCE AND AUTOPHAGY IN CANCER%WIKIPATHWAYS_20260211%WP615%HOMO SAPIENS		86	-0.2009389	-0.8081056	0.93630576	1.0	1.0	1467	tags=5%, list=6%, signal=5%	
G BETA:GAMMA SIGNALLING THROUGH BTK%REACTOME DATABASE ID RELEASE 95%8964315	G BETA:GAMMA SIGNALLING THROUGH BTK%REACTOME DATABASE ID RELEASE 95%8964315		18	-0.28408137	-0.80762607	0.7852349	1.0	1.0	4306	tags=33%, list=18%, signal=40%	
ACTIVATION OF G PROTEIN GATED POTASSIUM CHANNELS%REACTOME%R-HSA-1296041.4	ACTIVATION OF G PROTEIN GATED POTASSIUM CHANNELS%REACTOME%R-HSA-1296041.4		29	-0.25315925	-0.80758214	0.80714285	1.0	1.0	1619	tags=14%, list=7%, signal=15%	
ATTACHMENT AND ENTRY%REACTOME DATABASE ID RELEASE 95%9694614	ATTACHMENT AND ENTRY%REACTOME DATABASE ID RELEASE 95%9694614		19	-0.27684796	-0.80734456	0.7524116	1.0	1.0	17	tags=5%, list=0%, signal=5%	
REGULATION OF RESPIRATORY BURST%GOBP%GO:0060263	REGULATION OF RESPIRATORY BURST%GOBP%GO:0060263		16	-0.2896295	-0.80716676	0.77397263	1.0	1.0	1961	tags=25%, list=8%, signal=27%	
BIOCARTA_ARENRF2_PATHWAY%MSIGDB_C2%BIOCARTA_ARENRF2_PATHWAY	BIOCARTA_ARENRF2_PATHWAY%MSIGDB_C2%BIOCARTA_ARENRF2_PATHWAY		17	-0.28764144	-0.8070881	0.7350993	1.0	1.0	1334	tags=12%, list=5%, signal=12%	
REGULATION OF ANDROGEN RECEPTOR ACTIVITY%PATHWAY INTERACTION DATABASE NCI-NATURE CURATED DATA%REGULATION OF ANDROGEN RECEPTOR ACTIVITY	REGULATION OF ANDROGEN RECEPTOR ACTIVITY%PATHWAY INTERACTION DATABASE NCI-NATURE CURATED DATA%REGULATION OF ANDROGEN RECEPTOR ACTIVITY		53	-0.21997957	-0.80707294	0.8601036	1.0	1.0	1968	tags=15%, list=8%, signal=16%	
INHIBITION OF VOLTAGE GATED CA2+ CHANNELS VIA GBETA GAMMA SUBUNITS%REACTOME%R-HSA-997272.3	INHIBITION OF VOLTAGE GATED CA2+ CHANNELS VIA GBETA GAMMA SUBUNITS%REACTOME%R-HSA-997272.3		29	-0.25315925	-0.80706817	0.8235294	1.0	1.0	1619	tags=14%, list=7%, signal=15%	
WHITE FAT CELL DIFFERENTIATION%WIKIPATHWAYS_20260211%WP4149%HOMO SAPIENS	WHITE FAT CELL DIFFERENTIATION%WIKIPATHWAYS_20260211%WP4149%HOMO SAPIENS		28	-0.25480628	-0.80695134	0.79850745	1.0	1.0	3852	tags=25%, list=16%, signal=30%	
ACTION POTENTIAL%GOBP%GO:0001508	ACTION POTENTIAL%GOBP%GO:0001508		100	-0.19845189	-0.8061244	0.9285714	1.0	1.0	1913	tags=11%, list=8%, signal=12%	
RESPONSE TO ACETYLCHOLINE%GOBP%GO:1905144	RESPONSE TO ACETYLCHOLINE%GOBP%GO:1905144		43	-0.2294692	-0.80583763	0.80786026	1.0	1.0	2757	tags=19%, list=11%, signal=21%	
NUCLEOLAR LARGE RRNA TRANSCRIPTION BY RNA POLYMERASE I%GOBP%GO:0042790	NUCLEOLAR LARGE RRNA TRANSCRIPTION BY RNA POLYMERASE I%GOBP%GO:0042790		15	-0.30236548	-0.8057815	0.72380954	1.0	1.0	17092	tags=100%, list=70%, signal=331%	
TP53 REGULATES TRANSCRIPTION OF DNA REPAIR GENES%REACTOME%R-HSA-6796648.5	TP53 REGULATES TRANSCRIPTION OF DNA REPAIR GENES%REACTOME%R-HSA-6796648.5		62	-0.215478	-0.80506563	0.88082904	1.0	1.0	5185	tags=34%, list=21%, signal=43%	
LAGGING STRAND SYNTHESIS%REACTOME%R-HSA-69186.4	LAGGING STRAND SYNTHESIS%REACTOME%R-HSA-69186.4		20	-0.27739123	-0.80495894	0.77	1.0	1.0	1813	tags=20%, list=7%, signal=22%	
PROSTANOID BIOSYNTHETIC PROCESS%GOBP%GO:0046457	PROSTANOID BIOSYNTHETIC PROCESS%GOBP%GO:0046457		17	-0.28751254	-0.8048368	0.7473684	1.0	1.0	2142	tags=12%, list=9%, signal=13%	
REGULATION OF MUSCLE TISSUE DEVELOPMENT%GOBP%GO:1901861	REGULATION OF MUSCLE TISSUE DEVELOPMENT%GOBP%GO:1901861		18	-0.28646195	-0.8047204	0.76567656	1.0	1.0	2760	tags=22%, list=11%, signal=25%	
EXTRINSIC APOPTOTIC SIGNALING PATHWAY%GOBP%GO:0097191	EXTRINSIC APOPTOTIC SIGNALING PATHWAY%GOBP%GO:0097191		77	-0.2076409	-0.8046047	0.9101796	1.0	1.0	2039	tags=12%, list=8%, signal=13%	
WNT%IOB%WNT	WNT%IOB%WNT		61	-0.21500948	-0.8044797	0.8780488	1.0	1.0	1808	tags=13%, list=7%, signal=14%	
VEGFR2 MEDIATED VASCULAR PERMEABILITY%REACTOME%R-HSA-5218920.4	VEGFR2 MEDIATED VASCULAR PERMEABILITY%REACTOME%R-HSA-5218920.4		27	-0.2579949	-0.80415684	0.78884465	1.0	1.0	5826	tags=37%, list=24%, signal=49%	
POSITIVE REGULATION OF FOCAL ADHESION ASSEMBLY%GOBP%GO:0051894	POSITIVE REGULATION OF FOCAL ADHESION ASSEMBLY%GOBP%GO:0051894		19	-0.2765768	-0.8030446	0.7733333	1.0	1.0	5575	tags=42%, list=23%, signal=54%	
PID_E2F_PATHWAY%MSIGDB_C2%PID_E2F_PATHWAY	PID_E2F_PATHWAY%MSIGDB_C2%PID_E2F_PATHWAY		57	-0.21715124	-0.80280757	0.8541667	1.0	1.0	1950	tags=12%, list=8%, signal=13%	
ENDOSOME TO LYSOSOME TRANSPORT%GOBP%GO:0008333	ENDOSOME TO LYSOSOME TRANSPORT%GOBP%GO:0008333		64	-0.21352392	-0.80264914	0.89944136	1.0	1.0	2651	tags=14%, list=11%, signal=16%	
REGULATION OF CARTILAGE DEVELOPMENT%GOBP%GO:0061035	REGULATION OF CARTILAGE DEVELOPMENT%GOBP%GO:0061035		37	-0.23529772	-0.8025403	0.8333333	1.0	1.0	2904	tags=16%, list=12%, signal=18%	
SARS-COV-1 TARGETS HOST INTRACELLULAR SIGNALLING AND REGULATORY PATHWAYS%REACTOME%R-HSA-9735871.2	SARS-COV-1 TARGETS HOST INTRACELLULAR SIGNALLING AND REGULATORY PATHWAYS%REACTOME%R-HSA-9735871.2		15	-0.3041922	-0.80235	0.7641196	1.0	1.0	899	tags=13%, list=4%, signal=14%	
SYNDECAN INTERACTIONS%REACTOME%R-HSA-3000170.4	SYNDECAN INTERACTIONS%REACTOME%R-HSA-3000170.4		20	-0.2789177	-0.8019722	0.8041958	1.0	1.0	17	tags=5%, list=0%, signal=5%	
INTRINSIC PATHWAY FOR APOPTOSIS%REACTOME DATABASE ID RELEASE 95%109606	INTRINSIC PATHWAY FOR APOPTOSIS%REACTOME DATABASE ID RELEASE 95%109606		54	-0.21773243	-0.8016614	0.8797814	1.0	1.0	2400	tags=17%, list=10%, signal=18%	
ENDOTHELIAL CELL DIFFERENTIATION%GOBP%GO:0045446	ENDOTHELIAL CELL DIFFERENTIATION%GOBP%GO:0045446		57	-0.21542874	-0.80161893	0.9059406	1.0	1.0	2336	tags=12%, list=10%, signal=14%	
MITOTIC G1 PHASE AND G1 S TRANSITION%REACTOME DATABASE ID RELEASE 95%453279	MITOTIC G1 PHASE AND G1 S TRANSITION%REACTOME DATABASE ID RELEASE 95%453279		138	-0.1871622	-0.80160564	0.9574468	1.0	1.0	5393	tags=30%, list=22%, signal=39%	
NEGATIVE REGULATION OF MRNA PROCESSING%GOBP%GO:0050686	NEGATIVE REGULATION OF MRNA PROCESSING%GOBP%GO:0050686		27	-0.253881	-0.8015457	0.8333333	1.0	1.0	4627	tags=30%, list=19%, signal=36%	
AUTOPHAGOSOME ASSEMBLY%GOBP%GO:0000045	AUTOPHAGOSOME ASSEMBLY%GOBP%GO:0000045		71	-0.21077155	-0.8010918	0.9388889	1.0	1.0	2884	tags=14%, list=12%, signal=16%	
RHO GTPASES ACTIVATE ROCKS%REACTOME%R-HSA-5627117.5	RHO GTPASES ACTIVATE ROCKS%REACTOME%R-HSA-5627117.5		19	-0.27931893	-0.8001605	0.7837838	1.0	1.0	2785	tags=16%, list=11%, signal=18%	
NONSENSE MEDIATED DECAY (NMD) ENHANCED BY THE EXON JUNCTION COMPLEX (EJC)%REACTOME DATABASE ID RELEASE 95%975957	NONSENSE MEDIATED DECAY (NMD) ENHANCED BY THE EXON JUNCTION COMPLEX (EJC)%REACTOME DATABASE ID RELEASE 95%975957		115	-0.19449139	-0.7994077	0.94736844	1.0	1.0	5877	tags=33%, list=24%, signal=43%	
POSITIVE REGULATION OF D-GLUCOSE IMPORT ACROSS PLASMA MEMBRANE%GOBP%GO:0046326	POSITIVE REGULATION OF D-GLUCOSE IMPORT ACROSS PLASMA MEMBRANE%GOBP%GO:0046326		26	-0.2565015	-0.7984892	0.7798507	1.0	1.0	1717	tags=12%, list=7%, signal=12%	
POSITIVE REGULATION OF LONG-TERM SYNAPTIC POTENTIATION%GOBP%GO:1900273	POSITIVE REGULATION OF LONG-TERM SYNAPTIC POTENTIATION%GOBP%GO:1900273		15	-0.29261768	-0.7984191	0.7616099	1.0	1.0	249	tags=7%, list=1%, signal=7%	
FRUCTOSURIA%SMPDB%SMP0000561	FRUCTOSURIA%SMPDB%SMP0000561		18	-0.27502576	-0.79781264	0.8038585	1.0	1.0	109	tags=6%, list=0%, signal=6%	
LENS FIBER CELL DIFFERENTIATION%GOBP%GO:0070306	LENS FIBER CELL DIFFERENTIATION%GOBP%GO:0070306		16	-0.28303385	-0.79697657	0.7859425	1.0	1.0	3639	tags=25%, list=15%, signal=29%	
RESPONSE TO ESTRADIOL%GOBP%GO:0032355	RESPONSE TO ESTRADIOL%GOBP%GO:0032355		31	-0.24492279	-0.7969014	0.8470149	1.0	1.0	4119	tags=26%, list=17%, signal=31%	
PID_VEGFR1_2_PATHWAY%MSIGDB_C2%PID_VEGFR1_2_PATHWAY	PID_VEGFR1_2_PATHWAY%MSIGDB_C2%PID_VEGFR1_2_PATHWAY		53	-0.21527782	-0.7968993	0.87946427	1.0	1.0	2701	tags=19%, list=11%, signal=21%	
MULTICELLULAR ORGANISMAL-LEVEL IRON ION HOMEOSTASIS%GOBP%GO:0060586	MULTICELLULAR ORGANISMAL-LEVEL IRON ION HOMEOSTASIS%GOBP%GO:0060586		16	-0.2878534	-0.7962964	0.77198696	1.0	1.0	2686	tags=19%, list=11%, signal=21%	
EXTRACELLULAR MATRIX DISASSEMBLY%GOBP%GO:0022617	EXTRACELLULAR MATRIX DISASSEMBLY%GOBP%GO:0022617		42	-0.23068577	-0.7962114	0.88492066	1.0	1.0	1375	tags=10%, list=6%, signal=10%	
GASTRIN SIGNALING%WIKIPATHWAYS_20260211%WP4659%HOMO SAPIENS	GASTRIN SIGNALING%WIKIPATHWAYS_20260211%WP4659%HOMO SAPIENS		96	-0.19886017	-0.79534096	0.9148936	1.0	1.0	2737	tags=13%, list=11%, signal=14%	
ACETYLCHOLINE RECEPTOR SIGNALING PATHWAY%GOBP%GO:0095500	ACETYLCHOLINE RECEPTOR SIGNALING PATHWAY%GOBP%GO:0095500		41	-0.22453408	-0.7952802	0.88340807	1.0	1.0	1263	tags=12%, list=5%, signal=13%	
NUCLEOTIDE EXCISION REPAIR%REACTOME%R-HSA-5696398.4	NUCLEOTIDE EXCISION REPAIR%REACTOME%R-HSA-5696398.4		107	-0.19647883	-0.795039	0.9230769	1.0	1.0	5676	tags=36%, list=23%, signal=46%	
PID_ERBB1_DOWNSTREAM_PATHWAY%MSIGDB_C2%PID_ERBB1_DOWNSTREAM_PATHWAY	PID_ERBB1_DOWNSTREAM_PATHWAY%MSIGDB_C2%PID_ERBB1_DOWNSTREAM_PATHWAY		85	-0.19930404	-0.79492074	0.94871795	1.0	1.0	3454	tags=21%, list=14%, signal=25%	
REGULATION OF DEFENSE RESPONSE TO VIRUS%GOBP%GO:0050688	REGULATION OF DEFENSE RESPONSE TO VIRUS%GOBP%GO:0050688		50	-0.21784075	-0.7947672	0.8839286	1.0	1.0	2356	tags=14%, list=10%, signal=15%	
PROTEIN QUALITY CONTROL FOR MISFOLDED OR INCOMPLETELY SYNTHESIZED PROTEINS%GOBP%GO:0006515	PROTEIN QUALITY CONTROL FOR MISFOLDED OR INCOMPLETELY SYNTHESIZED PROTEINS%GOBP%GO:0006515		30	-0.24475482	-0.79452336	0.8549618	1.0	1.0	2322	tags=17%, list=9%, signal=18%	
REGULATION OF CELL-SUBSTRATE JUNCTION ASSEMBLY%GOBP%GO:0090109	REGULATION OF CELL-SUBSTRATE JUNCTION ASSEMBLY%GOBP%GO:0090109		57	-0.20870057	-0.7942044	0.893401	1.0	1.0	5647	tags=32%, list=23%, signal=41%	
PID_CMYB_PATHWAY%MSIGDB_C2%PID_CMYB_PATHWAY	PID_CMYB_PATHWAY%MSIGDB_C2%PID_CMYB_PATHWAY		68	-0.20950179	-0.7937767	0.9202454	1.0	1.0	4161	tags=21%, list=17%, signal=25%	
NEGATIVE REGULATION OF PROTEIN PROCESSING%GOBP%GO:0010955	NEGATIVE REGULATION OF PROTEIN PROCESSING%GOBP%GO:0010955		16	-0.28746215	-0.79337233	0.74760383	1.0	1.0	1383	tags=13%, list=6%, signal=13%	
NEGATIVE REGULATION OF HIPPO SIGNALING%GOBP%GO:0035331	NEGATIVE REGULATION OF HIPPO SIGNALING%GOBP%GO:0035331		25	-0.25158405	-0.7932888	0.81625444	1.0	1.0	3454	tags=24%, list=14%, signal=28%	
PID_ILK_PATHWAY%MSIGDB_C2%PID_ILK_PATHWAY	PID_ILK_PATHWAY%MSIGDB_C2%PID_ILK_PATHWAY		34	-0.23735735	-0.79327977	0.80544746	1.0	1.0	2100	tags=15%, list=9%, signal=16%	
REGULATION OF SMOOTHENED SIGNALING PATHWAY%GOBP%GO:0008589	REGULATION OF SMOOTHENED SIGNALING PATHWAY%GOBP%GO:0008589		56	-0.21294214	-0.79184395	0.9303483	1.0	1.0	1865	tags=13%, list=8%, signal=13%	
TRNA AMINOACYLATION%REACTOME%R-HSA-379724.3	TRNA AMINOACYLATION%REACTOME%R-HSA-379724.3		41	-0.23083021	-0.791603	0.8504273	1.0	1.0	2747	tags=17%, list=11%, signal=19%	
RRNA METHYLATION%GOBP%GO:0031167	RRNA METHYLATION%GOBP%GO:0031167		25	-0.25954646	-0.79137105	0.8185185	1.0	1.0	2295	tags=20%, list=9%, signal=22%	
POSITIVE REGULATION OF BLOOD CIRCULATION%GOBP%GO:1903524	POSITIVE REGULATION OF BLOOD CIRCULATION%GOBP%GO:1903524		25	-0.25725642	-0.7912901	0.81569964	1.0	1.0	1394	tags=12%, list=6%, signal=13%	
REGULATION OF PEPTIDE SECRETION%GOBP%GO:0002791	REGULATION OF PEPTIDE SECRETION%GOBP%GO:0002791		138	-0.18595682	-0.79075676	0.98275864	1.0	1.0	2793	tags=13%, list=11%, signal=15%	
CELLULAR RESPONSE TO ACETYLCHOLINE%GOBP%GO:1905145	CELLULAR RESPONSE TO ACETYLCHOLINE%GOBP%GO:1905145		43	-0.2294692	-0.7905281	0.8598131	1.0	1.0	2757	tags=19%, list=11%, signal=21%	
REGULATION OF INTERLEUKIN-4 PRODUCTION%GOBP%GO:0032673	REGULATION OF INTERLEUKIN-4 PRODUCTION%GOBP%GO:0032673		25	-0.26120758	-0.78974634	0.79710144	1.0	1.0	3852	tags=28%, list=16%, signal=33%	
APICAL JUNCTION ASSEMBLY%GOBP%GO:0043297	APICAL JUNCTION ASSEMBLY%GOBP%GO:0043297		37	-0.23445588	-0.7894247	0.832618	1.0	1.0	435	tags=5%, list=2%, signal=5%	
FATTY ACID DERIVATIVE BIOSYNTHETIC PROCESS%GOBP%GO:1901570	FATTY ACID DERIVATIVE BIOSYNTHETIC PROCESS%GOBP%GO:1901570		48	-0.2216626	-0.78940254	0.88235295	1.0	1.0	2894	tags=19%, list=12%, signal=21%	
ARP2/3 COMPLEX-MEDIATED ACTIN NUCLEATION%GOBP%GO:0034314	ARP2/3 COMPLEX-MEDIATED ACTIN NUCLEATION%GOBP%GO:0034314		16	-0.28834298	-0.78918296	0.7655786	1.0	1.0	3106	tags=25%, list=13%, signal=29%	
RECRUITMENT OF MITOTIC CENTROSOME PROTEINS AND COMPLEXES%REACTOME DATABASE ID RELEASE 95%380270	RECRUITMENT OF MITOTIC CENTROSOME PROTEINS AND COMPLEXES%REACTOME DATABASE ID RELEASE 95%380270		79	-0.20052515	-0.7890293	0.9518072	1.0	1.0	4821	tags=27%, list=20%, signal=33%	
REGULATION OF MITF-M-DEPENDENT GENES INVOLVED IN PIGMENTATION%REACTOME DATABASE ID RELEASE 95%9824585	REGULATION OF MITF-M-DEPENDENT GENES INVOLVED IN PIGMENTATION%REACTOME DATABASE ID RELEASE 95%9824585		40	-0.23790574	-0.78856146	0.8604651	1.0	1.0	1808	tags=13%, list=7%, signal=13%	
REGULATION OF STEM CELL DIFFERENTIATION%GOBP%GO:2000736	REGULATION OF STEM CELL DIFFERENTIATION%GOBP%GO:2000736		63	-0.20691597	-0.7883942	0.90816325	1.0	1.0	4132	tags=22%, list=17%, signal=27%	
REGULATION OF NUCLEAR-TRANSCRIBED MRNA CATABOLIC PROCESS, NONSENSE-MEDIATED DECAY%GOBP%GO:2000622	REGULATION OF NUCLEAR-TRANSCRIBED MRNA CATABOLIC PROCESS, NONSENSE-MEDIATED DECAY%GOBP%GO:2000622		15	-0.28564763	-0.78762615	0.76875	1.0	1.0	2276	tags=27%, list=9%, signal=29%	
RECRUITMENT OF NUMA TO MITOTIC CENTROSOMES%REACTOME DATABASE ID RELEASE 95%380320	RECRUITMENT OF NUMA TO MITOTIC CENTROSOMES%REACTOME DATABASE ID RELEASE 95%380320		78	-0.19888908	-0.7874144	0.9577465	1.0	1.0	4821	tags=27%, list=20%, signal=33%	
PROTEIN TRANSPORT ALONG MICROTUBULE%GOBP%GO:0098840	PROTEIN TRANSPORT ALONG MICROTUBULE%GOBP%GO:0098840		19	-0.27357456	-0.7870512	0.8	1.0	1.0	3360	tags=21%, list=14%, signal=24%	
REGULATION OF RELEASE OF CYTOCHROME C FROM MITOCHONDRIA%GOBP%GO:0090199	REGULATION OF RELEASE OF CYTOCHROME C FROM MITOCHONDRIA%GOBP%GO:0090199		38	-0.22447422	-0.78664374	0.9004525	1.0	1.0	3647	tags=21%, list=15%, signal=25%	
POTASSIUM ION HOMEOSTASIS%GOBP%GO:0055075	POTASSIUM ION HOMEOSTASIS%GOBP%GO:0055075		31	-0.23707518	-0.7860387	0.8395522	1.0	1.0	2772	tags=19%, list=11%, signal=22%	
INTRACELLULAR SODIUM ION HOMEOSTASIS%GOBP%GO:0006883	INTRACELLULAR SODIUM ION HOMEOSTASIS%GOBP%GO:0006883		28	-0.24484137	-0.7855115	0.8171642	1.0	1.0	2772	tags=21%, list=11%, signal=24%	
REGULATION OF PLK1 ACTIVITY AT G2 M TRANSITION%REACTOME DATABASE ID RELEASE 95%2565942	REGULATION OF PLK1 ACTIVITY AT G2 M TRANSITION%REACTOME DATABASE ID RELEASE 95%2565942		84	-0.19814235	-0.7854959	0.94219655	1.0	1.0	4821	tags=25%, list=20%, signal=31%	
BIOCARTA_EGF_PATHWAY%MSIGDB_C2%BIOCARTA_EGF_PATHWAY	BIOCARTA_EGF_PATHWAY%MSIGDB_C2%BIOCARTA_EGF_PATHWAY		23	-0.25860542	-0.78501725	0.84444445	1.0	1.0	6528	tags=48%, list=27%, signal=65%	
NEGATIVE REGULATION OF BMP SIGNALING PATHWAY%GOBP%GO:0030514	NEGATIVE REGULATION OF BMP SIGNALING PATHWAY%GOBP%GO:0030514		44	-0.22192869	-0.78478444	0.9095238	1.0	1.0	2126	tags=16%, list=9%, signal=17%	
REGULATION OF OSTEOBLAST PROLIFERATION%GOBP%GO:0033688	REGULATION OF OSTEOBLAST PROLIFERATION%GOBP%GO:0033688		16	-0.2834016	-0.7845143	0.77257526	1.0	1.0	88	tags=6%, list=0%, signal=6%	
FORMATION OF HIV ELONGATION COMPLEX IN THE ABSENCE OF HIV TAT%REACTOME%R-HSA-167152.5	FORMATION OF HIV ELONGATION COMPLEX IN THE ABSENCE OF HIV TAT%REACTOME%R-HSA-167152.5		45	-0.21794237	-0.7844704	0.9052133	1.0	1.0	5413	tags=40%, list=22%, signal=51%	
REGULATION OF TP53 EXPRESSION AND DEGRADATION%REACTOME%R-HSA-6806003.4	REGULATION OF TP53 EXPRESSION AND DEGRADATION%REACTOME%R-HSA-6806003.4		37	-0.2306176	-0.7841452	0.8612245	1.0	1.0	4894	tags=32%, list=20%, signal=40%	
EXTRA-NUCLEAR ESTROGEN SIGNALING%REACTOME DATABASE ID RELEASE 95%9009391	EXTRA-NUCLEAR ESTROGEN SIGNALING%REACTOME DATABASE ID RELEASE 95%9009391		71	-0.20530571	-0.7841078	0.94011974	1.0	1.0	1619	tags=11%, list=7%, signal=12%	
LENS DEVELOPMENT IN CAMERA-TYPE EYE%GOBP%GO:0002088	LENS DEVELOPMENT IN CAMERA-TYPE EYE%GOBP%GO:0002088		41	-0.22715071	-0.7833805	0.87383175	1.0	1.0	5128	tags=34%, list=21%, signal=43%	
FRUCTOSE AND MANNOSE DEGRADATION%SMPDB%SMP0000064	FRUCTOSE AND MANNOSE DEGRADATION%SMPDB%SMP0000064		18	-0.27502576	-0.78311783	0.7708333	1.0	1.0	109	tags=6%, list=0%, signal=6%	
NEGATIVE REGULATION OF PROTEIN MATURATION%GOBP%GO:1903318	NEGATIVE REGULATION OF PROTEIN MATURATION%GOBP%GO:1903318		17	-0.2848725	-0.78295666	0.80254775	1.0	1.0	1383	tags=12%, list=6%, signal=12%	
NEGATIVE REGULATION OF INTERLEUKIN-6 PRODUCTION%GOBP%GO:0032715	NEGATIVE REGULATION OF INTERLEUKIN-6 PRODUCTION%GOBP%GO:0032715		33	-0.23962161	-0.7828075	0.84615386	1.0	1.0	2442	tags=18%, list=10%, signal=20%	
CENTROSOME MATURATION%REACTOME DATABASE ID RELEASE 95%380287	CENTROSOME MATURATION%REACTOME DATABASE ID RELEASE 95%380287		79	-0.20052515	-0.7817976	0.96067417	1.0	1.0	4821	tags=27%, list=20%, signal=33%	
POSTSYNAPTIC SIGNAL TRANSDUCTION%GOBP%GO:0098926	POSTSYNAPTIC SIGNAL TRANSDUCTION%GOBP%GO:0098926		44	-0.220527	-0.78138566	0.8888889	1.0	1.0	1263	tags=11%, list=5%, signal=12%	
REGULATION OF PTEN GENE TRANSCRIPTION%REACTOME%R-HSA-8943724.2	REGULATION OF PTEN GENE TRANSCRIPTION%REACTOME%R-HSA-8943724.2		59	-0.20910053	-0.78122157	0.9285714	1.0	1.0	3926	tags=22%, list=16%, signal=26%	
GLYCOSAMINOGLYCAN BIOSYNTHETIC PROCESS%GOBP%GO:0006024	GLYCOSAMINOGLYCAN BIOSYNTHETIC PROCESS%GOBP%GO:0006024		23	-0.25999594	-0.7807773	0.81789136	1.0	1.0	1980	tags=13%, list=8%, signal=14%	
REGULATION OF EXTRINSIC APOPTOTIC SIGNALING PATHWAY VIA DEATH DOMAIN RECEPTORS%GOBP%GO:1902041	REGULATION OF EXTRINSIC APOPTOTIC SIGNALING PATHWAY VIA DEATH DOMAIN RECEPTORS%GOBP%GO:1902041		34	-0.23679467	-0.7806466	0.85470086	1.0	1.0	2523	tags=21%, list=10%, signal=23%	
REGULATION OF T-HELPER CELL DIFFERENTIATION%GOBP%GO:0045622	REGULATION OF T-HELPER CELL DIFFERENTIATION%GOBP%GO:0045622		39	-0.22101259	-0.78038204	0.8691983	1.0	1.0	5954	tags=44%, list=24%, signal=57%	
FRUCTOSE INTOLERANCE, HEREDITARY%PATHWHIZ%PW000702	FRUCTOSE INTOLERANCE, HEREDITARY%PATHWHIZ%PW000702		18	-0.27502576	-0.7791917	0.8064516	1.0	1.0	109	tags=6%, list=0%, signal=6%	
TAT-MEDIATED ELONGATION OF THE HIV-1 TRANSCRIPT%REACTOME DATABASE ID RELEASE 95%167246	TAT-MEDIATED ELONGATION OF THE HIV-1 TRANSCRIPT%REACTOME DATABASE ID RELEASE 95%167246		43	-0.21783051	-0.7789259	0.9098712	1.0	1.0	5413	tags=40%, list=22%, signal=51%	
NEGATIVE REGULATION OF DOUBLE-STRAND BREAK REPAIR%GOBP%GO:2000780	NEGATIVE REGULATION OF DOUBLE-STRAND BREAK REPAIR%GOBP%GO:2000780		37	-0.22886997	-0.7786554	0.8492063	1.0	1.0	3855	tags=24%, list=16%, signal=29%	
T-HELPER 17 CELL DIFFERENTIATION%GOBP%GO:0072539	T-HELPER 17 CELL DIFFERENTIATION%GOBP%GO:0072539		24	-0.2542911	-0.77859306	0.83566433	1.0	1.0	5347	tags=29%, list=22%, signal=37%	
PID_AMB2_NEUTROPHILS_PATHWAY%MSIGDB_C2%PID_AMB2_NEUTROPHILS_PATHWAY	PID_AMB2_NEUTROPHILS_PATHWAY%MSIGDB_C2%PID_AMB2_NEUTROPHILS_PATHWAY		30	-0.24063109	-0.7785336	0.83882785	1.0	1.0	2701	tags=13%, list=11%, signal=15%	
REGULATION OF CELL-SUBSTRATE JUNCTION ORGANIZATION%GOBP%GO:0150116	REGULATION OF CELL-SUBSTRATE JUNCTION ORGANIZATION%GOBP%GO:0150116		65	-0.2097316	-0.77788484	0.93714285	1.0	1.0	5647	tags=32%, list=23%, signal=42%	
FORMATION OF HIV-1 ELONGATION COMPLEX CONTAINING HIV-1 TAT%REACTOME%R-HSA-167200.5	FORMATION OF HIV-1 ELONGATION COMPLEX CONTAINING HIV-1 TAT%REACTOME%R-HSA-167200.5		43	-0.21783051	-0.77732366	0.8942731	1.0	1.0	5413	tags=40%, list=22%, signal=51%	
POSITIVE REGULATION OF LIPID CATABOLIC PROCESS%GOBP%GO:0050996	POSITIVE REGULATION OF LIPID CATABOLIC PROCESS%GOBP%GO:0050996		22	-0.25659037	-0.77717555	0.82592595	1.0	1.0	1488	tags=14%, list=6%, signal=15%	
POSITIVE REGULATION OF ALPHA-BETA T CELL DIFFERENTIATION%GOBP%GO:0046638	POSITIVE REGULATION OF ALPHA-BETA T CELL DIFFERENTIATION%GOBP%GO:0046638		39	-0.22705697	-0.7771131	0.88142294	1.0	1.0	5209	tags=33%, list=21%, signal=42%	
TRNA AMINOACYLATION%GOBP%GO:0043039	TRNA AMINOACYLATION%GOBP%GO:0043039		44	-0.22002366	-0.77703696	0.9111111	1.0	1.0	2747	tags=16%, list=11%, signal=18%	
REGULATION OF DNA DAMAGE RESPONSE, SIGNAL TRANSDUCTION BY P53 CLASS MEDIATOR%GOBP%GO:0043516	REGULATION OF DNA DAMAGE RESPONSE, SIGNAL TRANSDUCTION BY P53 CLASS MEDIATOR%GOBP%GO:0043516		34	-0.23626332	-0.7770131	0.8423077	1.0	1.0	2904	tags=21%, list=12%, signal=23%	
AMB2 INTEGRIN SIGNALING%PATHWAY INTERACTION DATABASE NCI-NATURE CURATED DATA%AMB2 INTEGRIN SIGNALING	AMB2 INTEGRIN SIGNALING%PATHWAY INTERACTION DATABASE NCI-NATURE CURATED DATA%AMB2 INTEGRIN SIGNALING		32	-0.23605315	-0.77693874	0.8704454	1.0	1.0	572	tags=6%, list=2%, signal=6%	
NCRNAS IN WNT SIGNALING IN HEPATOCELLULAR CARCINOMA%WIKIPATHWAYS_20260211%WP4336%HOMO SAPIENS	NCRNAS IN WNT SIGNALING IN HEPATOCELLULAR CARCINOMA%WIKIPATHWAYS_20260211%WP4336%HOMO SAPIENS		76	-0.1981337	-0.7767917	0.9447853	1.0	1.0	4288	tags=28%, list=18%, signal=33%	
GOLGI ASSOCIATED VESICLE BIOGENESIS%REACTOME%R-HSA-432722.5	GOLGI ASSOCIATED VESICLE BIOGENESIS%REACTOME%R-HSA-432722.5		54	-0.21580268	-0.7764661	0.8715596	1.0	1.0	2431	tags=15%, list=10%, signal=16%	
E-CADHERIN SIGNALING IN KERATINOCYTES%PATHWAY INTERACTION DATABASE NCI-NATURE CURATED DATA%E-CADHERIN SIGNALING IN KERATINOCYTES	E-CADHERIN SIGNALING IN KERATINOCYTES%PATHWAY INTERACTION DATABASE NCI-NATURE CURATED DATA%E-CADHERIN SIGNALING IN KERATINOCYTES		21	-0.26156273	-0.7762312	0.82653064	1.0	1.0	2701	tags=19%, list=11%, signal=21%	
PI3K CASCADE%REACTOME DATABASE ID RELEASE 95%109704	PI3K CASCADE%REACTOME DATABASE ID RELEASE 95%109704		36	-0.23411874	-0.7761998	0.87711865	1.0	1.0	3452	tags=19%, list=14%, signal=23%	
ALPHA 6 BETA 4 SIGNALING%WIKIPATHWAYS_20260211%WP244%HOMO SAPIENS	ALPHA 6 BETA 4 SIGNALING%WIKIPATHWAYS_20260211%WP244%HOMO SAPIENS		26	-0.24770825	-0.7758958	0.8754579	1.0	1.0	2687	tags=15%, list=11%, signal=17%	
AMINO ACID ACTIVATION%GOBP%GO:0043038	AMINO ACID ACTIVATION%GOBP%GO:0043038		44	-0.22002366	-0.7756599	0.86098653	1.0	1.0	2747	tags=16%, list=11%, signal=18%	
SEX-CHROMOSOME DOSAGE COMPENSATION%GOBP%GO:0007549	SEX-CHROMOSOME DOSAGE COMPENSATION%GOBP%GO:0007549		15	-0.28416663	-0.7748204	0.74763405	1.0	1.0	2770	tags=20%, list=11%, signal=23%	
REGULATION OF PEPTIDE TRANSPORT%GOBP%GO:0090087	REGULATION OF PEPTIDE TRANSPORT%GOBP%GO:0090087		140	-0.18234427	-0.77481264	1.0	1.0	1.0	2793	tags=13%, list=11%, signal=14%	
A6B1 AND A6B4 INTEGRIN SIGNALING%PATHWAY INTERACTION DATABASE NCI-NATURE CURATED DATA%A6B1 AND A6B4 INTEGRIN SIGNALING	A6B1 AND A6B4 INTEGRIN SIGNALING%PATHWAY INTERACTION DATABASE NCI-NATURE CURATED DATA%A6B1 AND A6B4 INTEGRIN SIGNALING		45	-0.21848084	-0.77443826	0.8995633	1.0	1.0	1336	tags=9%, list=5%, signal=9%	
POSITIVE REGULATION OF HEART CONTRACTION%GOBP%GO:0045823	POSITIVE REGULATION OF HEART CONTRACTION%GOBP%GO:0045823		25	-0.25725642	-0.7743197	0.8549618	1.0	1.0	1394	tags=12%, list=6%, signal=13%	
PID_HIF2PATHWAY%MSIGDB_C2%PID_HIF2PATHWAY	PID_HIF2PATHWAY%MSIGDB_C2%PID_HIF2PATHWAY		25	-0.24801794	-0.77347785	0.8304498	1.0	1.0	2686	tags=20%, list=11%, signal=22%	
PID_MTOR_4PATHWAY%MSIGDB_C2%PID_MTOR_4PATHWAY	PID_MTOR_4PATHWAY%MSIGDB_C2%PID_MTOR_4PATHWAY		57	-0.20462383	-0.7725775	0.93939394	1.0	1.0	5109	tags=30%, list=21%, signal=38%	
REGULATION OF FOCAL ADHESION ASSEMBLY%GOBP%GO:0051893	REGULATION OF FOCAL ADHESION ASSEMBLY%GOBP%GO:0051893		57	-0.20870057	-0.7723575	0.907767	1.0	1.0	5647	tags=32%, list=23%, signal=41%	
PROLACTIN SIGNALING%WIKIPATHWAYS_20260211%WP2037%HOMO SAPIENS	PROLACTIN SIGNALING%WIKIPATHWAYS_20260211%WP2037%HOMO SAPIENS		63	-0.20168613	-0.77220696	0.95428574	1.0	1.0	2859	tags=16%, list=12%, signal=18%	
MYOTUBE DIFFERENTIATION%GOBP%GO:0014902	MYOTUBE DIFFERENTIATION%GOBP%GO:0014902		38	-0.22528575	-0.7721374	0.86725664	1.0	1.0	5039	tags=26%, list=21%, signal=33%	
POSITIVE REGULATION OF ANGIOGENESIS%GOBP%GO:0045766	POSITIVE REGULATION OF ANGIOGENESIS%GOBP%GO:0045766		122	-0.18618113	-0.77212673	0.97183096	1.0	1.0	2142	tags=13%, list=9%, signal=14%	
SKELETAL MUSCLE ORGAN DEVELOPMENT%GOBP%GO:0060538	SKELETAL MUSCLE ORGAN DEVELOPMENT%GOBP%GO:0060538		59	-0.2089363	-0.7714799	0.9285714	1.0	1.0	4004	tags=19%, list=16%, signal=22%	
HIV TRANSCRIPTION ELONGATION%REACTOME DATABASE ID RELEASE 95%167169	HIV TRANSCRIPTION ELONGATION%REACTOME DATABASE ID RELEASE 95%167169		43	-0.21783051	-0.77141017	0.9030837	1.0	1.0	5413	tags=40%, list=22%, signal=51%	
REGULATION OF CAMP/PKA SIGNAL TRANSDUCTION%GOBP%GO:0141161	REGULATION OF CAMP/PKA SIGNAL TRANSDUCTION%GOBP%GO:0141161		43	-0.22350141	-0.7712128	0.90829694	1.0	1.0	4209	tags=26%, list=17%, signal=31%	
GDNF%IOB%GDNF	GDNF%IOB%GDNF		15	-0.27931407	-0.77116567	0.8074324	1.0	1.0	5109	tags=40%, list=21%, signal=51%	
CELLULAR RESPONSE TO CORTICOSTEROID STIMULUS%GOBP%GO:0071384	CELLULAR RESPONSE TO CORTICOSTEROID STIMULUS%GOBP%GO:0071384		33	-0.2382086	-0.7708159	0.872428	1.0	1.0	2795	tags=18%, list=11%, signal=20%	
G PROTEIN SIGNALING%WIKIPATHWAYS_20260211%WP35%HOMO SAPIENS	G PROTEIN SIGNALING%WIKIPATHWAYS_20260211%WP35%HOMO SAPIENS		70	-0.20291516	-0.770519	0.959596	1.0	1.0	3899	tags=19%, list=16%, signal=22%	
TRANSLATIONAL ELONGATION%GOBP%GO:0006414	TRANSLATIONAL ELONGATION%GOBP%GO:0006414		60	-0.2049827	-0.76984435	0.9683258	1.0	1.0	2121	tags=12%, list=9%, signal=13%	
ACETYL-COA METABOLIC PROCESS%GOBP%GO:0006084	ACETYL-COA METABOLIC PROCESS%GOBP%GO:0006084		25	-0.24480668	-0.7687503	0.85409254	1.0	1.0	768	tags=8%, list=3%, signal=8%	
PID_HES_HEY_PATHWAY%MSIGDB_C2%PID_HES_HEY_PATHWAY	PID_HES_HEY_PATHWAY%MSIGDB_C2%PID_HES_HEY_PATHWAY		41	-0.21425588	-0.76829493	0.9151786	1.0	1.0	2336	tags=12%, list=10%, signal=13%	
PID_MYC_PATHWAY%MSIGDB_C2%PID_MYC_PATHWAY	PID_MYC_PATHWAY%MSIGDB_C2%PID_MYC_PATHWAY		21	-0.26274532	-0.76716095	0.80350876	1.0	1.0	5393	tags=43%, list=22%, signal=55%	
INSULIN SECRETION%GOBP%GO:0030073	INSULIN SECRETION%GOBP%GO:0030073		19	-0.26767918	-0.7656604	0.84805655	1.0	1.0	3419	tags=21%, list=14%, signal=24%	
NEGATIVE REGULATION OF PURINE NUCLEOTIDE METABOLIC PROCESS%GOBP%GO:1900543	NEGATIVE REGULATION OF PURINE NUCLEOTIDE METABOLIC PROCESS%GOBP%GO:1900543		19	-0.26433402	-0.7653686	0.8390411	1.0	1.0	1100	tags=11%, list=4%, signal=11%	
DNA IR DOUBLE STRAND BREAKS AND CELLULAR RESPONSE VIA ATM%WIKIPATHWAYS_20260211%WP3959%HOMO SAPIENS	DNA IR DOUBLE STRAND BREAKS AND CELLULAR RESPONSE VIA ATM%WIKIPATHWAYS_20260211%WP3959%HOMO SAPIENS		45	-0.21793954	-0.7651972	0.9117647	1.0	1.0	1478	tags=9%, list=6%, signal=9%	
RNA POL II CTD PHOSPHORYLATION AND INTERACTION WITH CE%REACTOME%R-HSA-77075.4	RNA POL II CTD PHOSPHORYLATION AND INTERACTION WITH CE%REACTOME%R-HSA-77075.4		27	-0.2422156	-0.76503783	0.8700361	1.0	1.0	6111	tags=44%, list=25%, signal=59%	
MICROTUBULE-BASED PROTEIN TRANSPORT%GOBP%GO:0099118	MICROTUBULE-BASED PROTEIN TRANSPORT%GOBP%GO:0099118		19	-0.27357456	-0.764811	0.81273407	1.0	1.0	3360	tags=21%, list=14%, signal=24%	
ENDOSOME TO LYSOSOME TRANSPORT VIA MULTIVESICULAR BODY SORTING PATHWAY%GOBP%GO:0032510	ENDOSOME TO LYSOSOME TRANSPORT VIA MULTIVESICULAR BODY SORTING PATHWAY%GOBP%GO:0032510		19	-0.26523647	-0.7644164	0.81125826	1.0	1.0	5883	tags=37%, list=24%, signal=48%	
INTRINSIC APOPTOTIC SIGNALING PATHWAY IN RESPONSE TO DNA DAMAGE%GOBP%GO:0008630	INTRINSIC APOPTOTIC SIGNALING PATHWAY IN RESPONSE TO DNA DAMAGE%GOBP%GO:0008630		59	-0.20497596	-0.76437724	0.9481865	1.0	1.0	3353	tags=20%, list=14%, signal=24%	
GPCRS CLASS B SECRETIN LIKE%WIKIPATHWAYS_20260211%WP334%HOMO SAPIENS	GPCRS CLASS B SECRETIN LIKE%WIKIPATHWAYS_20260211%WP334%HOMO SAPIENS		19	-0.26267228	-0.7640971	0.8120567	1.0	1.0	3045	tags=21%, list=12%, signal=24%	
C-MYC PATHWAY%PATHWAY INTERACTION DATABASE NCI-NATURE CURATED DATA%C-MYC PATHWAY	C-MYC PATHWAY%PATHWAY INTERACTION DATABASE NCI-NATURE CURATED DATA%C-MYC PATHWAY		25	-0.24128874	-0.763865	0.85925925	1.0	1.0	5629	tags=44%, list=23%, signal=57%	
DOSAGE COMPENSATION BY INACTIVATION OF X CHROMOSOME%GOBP%GO:0009048	DOSAGE COMPENSATION BY INACTIVATION OF X CHROMOSOME%GOBP%GO:0009048		15	-0.28416663	-0.76263523	0.829582	1.0	1.0	2770	tags=20%, list=11%, signal=23%	
REGULATION OF ERAD PATHWAY%GOBP%GO:1904292	REGULATION OF ERAD PATHWAY%GOBP%GO:1904292		24	-0.24275868	-0.76207256	0.87030715	1.0	1.0	4404	tags=25%, list=18%, signal=30%	
NEGATIVE REGULATION OF CELL CYCLE G2/M PHASE TRANSITION%GOBP%GO:1902750	NEGATIVE REGULATION OF CELL CYCLE G2/M PHASE TRANSITION%GOBP%GO:1902750		68	-0.19886449	-0.76198286	0.95977014	1.0	1.0	2172	tags=13%, list=9%, signal=14%	
NEGATIVE REGULATION OF DNA REPAIR%GOBP%GO:0045738	NEGATIVE REGULATION OF DNA REPAIR%GOBP%GO:0045738		39	-0.22272258	-0.7616201	0.9124424	1.0	1.0	3855	tags=23%, list=16%, signal=27%	
TAT-MEDIATED HIV ELONGATION ARREST AND RECOVERY%REACTOME DATABASE ID RELEASE 95%167243	TAT-MEDIATED HIV ELONGATION ARREST AND RECOVERY%REACTOME DATABASE ID RELEASE 95%167243		31	-0.22846045	-0.7615409	0.8821138	1.0	1.0	5048	tags=35%, list=21%, signal=45%	
REGULATION OF FERROPTOSIS%GOBP%GO:0110075	REGULATION OF FERROPTOSIS%GOBP%GO:0110075		27	-0.23657303	-0.7613138	0.88447654	1.0	1.0	2262	tags=19%, list=9%, signal=20%	
REGULATION OF BICELLULAR TIGHT JUNCTION ASSEMBLY%GOBP%GO:2000810	REGULATION OF BICELLULAR TIGHT JUNCTION ASSEMBLY%GOBP%GO:2000810		19	-0.26400658	-0.76099986	0.81985295	1.0	1.0	2904	tags=26%, list=12%, signal=30%	
POSITIVE REGULATION OF T-HELPER 17 TYPE IMMUNE RESPONSE%GOBP%GO:2000318	POSITIVE REGULATION OF T-HELPER 17 TYPE IMMUNE RESPONSE%GOBP%GO:2000318		16	-0.27072278	-0.7609083	0.79931974	1.0	1.0	1298	tags=13%, list=5%, signal=13%	
FOXO-MEDIATED TRANSCRIPTION OF OXIDATIVE STRESS, METABOLIC AND NEURONAL GENES%REACTOME DATABASE ID RELEASE 95%9615017	FOXO-MEDIATED TRANSCRIPTION OF OXIDATIVE STRESS, METABOLIC AND NEURONAL GENES%REACTOME DATABASE ID RELEASE 95%9615017		29	-0.23476192	-0.7605457	0.84555984	1.0	1.0	2322	tags=14%, list=9%, signal=15%	
NEGATIVE REGULATION OF NUCLEOTIDE METABOLIC PROCESS%GOBP%GO:0045980	NEGATIVE REGULATION OF NUCLEOTIDE METABOLIC PROCESS%GOBP%GO:0045980		19	-0.26433402	-0.76049024	0.8194946	1.0	1.0	1100	tags=11%, list=4%, signal=11%	
PHOTODYNAMIC THERAPY INDUCED NFE2L2 NRF2 SURVIVAL SIGNALING%WIKIPATHWAYS_20260211%WP3612%HOMO SAPIENS	PHOTODYNAMIC THERAPY INDUCED NFE2L2 NRF2 SURVIVAL SIGNALING%WIKIPATHWAYS_20260211%WP3612%HOMO SAPIENS		21	-0.2563145	-0.759936	0.8369565	1.0	1.0	1334	tags=10%, list=5%, signal=10%	
SEMI-LUNAR VALVE DEVELOPMENT%GOBP%GO:1905314	SEMI-LUNAR VALVE DEVELOPMENT%GOBP%GO:1905314		48	-0.20877373	-0.7599221	0.9116279	1.0	1.0	3108	tags=21%, list=13%, signal=24%	
POSITIVE REGULATION OF TELOMERE MAINTENANCE VIA TELOMERASE%GOBP%GO:0032212	POSITIVE REGULATION OF TELOMERE MAINTENANCE VIA TELOMERASE%GOBP%GO:0032212		23	-0.2483262	-0.75849605	0.86170214	1.0	1.0	3583	tags=30%, list=15%, signal=36%	
CELLULAR RESPONSE TO ESTRADIOL STIMULUS%GOBP%GO:0071392	CELLULAR RESPONSE TO ESTRADIOL STIMULUS%GOBP%GO:0071392		20	-0.25871584	-0.7582216	0.83985764	1.0	1.0	603	tags=10%, list=2%, signal=10%	
REGULATION OF CELL CYCLE G2/M PHASE TRANSITION%GOBP%GO:1902749	REGULATION OF CELL CYCLE G2/M PHASE TRANSITION%GOBP%GO:1902749		100	-0.18374573	-0.75792325	0.9782609	1.0	1.0	3482	tags=17%, list=14%, signal=20%	
PROSTACYCLIN SIGNALLING THROUGH PROSTACYCLIN RECEPTOR%REACTOME DATABASE ID RELEASE 95%392851	PROSTACYCLIN SIGNALLING THROUGH PROSTACYCLIN RECEPTOR%REACTOME DATABASE ID RELEASE 95%392851		19	-0.26737222	-0.75759923	0.86451614	1.0	1.0	3899	tags=26%, list=16%, signal=31%	
NEURONAL ACTION POTENTIAL%GOBP%GO:0019228	NEURONAL ACTION POTENTIAL%GOBP%GO:0019228		15	-0.28288674	-0.75752354	0.8210863	1.0	1.0	2263	tags=27%, list=9%, signal=29%	
REGULATION OF MYOBLAST FUSION%GOBP%GO:1901739	REGULATION OF MYOBLAST FUSION%GOBP%GO:1901739		56	-0.20358086	-0.75742394	0.9502488	1.0	1.0	6023	tags=36%, list=25%, signal=47%	
ATP BIOSYNTHESIS%BIOCYC%PWY-7980	ATP BIOSYNTHESIS%BIOCYC%PWY-7980		31	-0.23357433	-0.7569456	0.89285713	1.0	1.0	3723	tags=16%, list=15%, signal=19%	
REGULATION OF ALPHA-BETA T CELL DIFFERENTIATION%GOBP%GO:0046637	REGULATION OF ALPHA-BETA T CELL DIFFERENTIATION%GOBP%GO:0046637		59	-0.19830582	-0.7562524	0.97596157	1.0	1.0	5954	tags=39%, list=24%, signal=51%	
MESODERMAL CELL DIFFERENTIATION%GOBP%GO:0048333	MESODERMAL CELL DIFFERENTIATION%GOBP%GO:0048333		15	-0.28244546	-0.7561946	0.78125	1.0	1.0	1729	tags=13%, list=7%, signal=14%	
REGULATION OF STRESS FIBER ASSEMBLY%GOBP%GO:0051492	REGULATION OF STRESS FIBER ASSEMBLY%GOBP%GO:0051492		72	-0.19644788	-0.75617224	0.9371728	1.0	1.0	4518	tags=25%, list=18%, signal=31%	
BONE MORPHOGENESIS%GOBP%GO:0060349	BONE MORPHOGENESIS%GOBP%GO:0060349		39	-0.22475697	-0.7560808	0.89669424	1.0	1.0	1488	tags=8%, list=6%, signal=8%	
MIRNA REGULATION OF P53 PATHWAY IN PROSTATE CANCER%WIKIPATHWAYS_20260211%WP3982%HOMO SAPIENS	MIRNA REGULATION OF P53 PATHWAY IN PROSTATE CANCER%WIKIPATHWAYS_20260211%WP3982%HOMO SAPIENS		21	-0.25419563	-0.7558598	0.85396826	1.0	1.0	5002	tags=33%, list=20%, signal=42%	
POSITIVE REGULATION OF BLOOD VESSEL ENDOTHELIAL CELL MIGRATION%GOBP%GO:0043536	POSITIVE REGULATION OF BLOOD VESSEL ENDOTHELIAL CELL MIGRATION%GOBP%GO:0043536		51	-0.21189855	-0.75573677	0.92444444	1.0	1.0	3452	tags=18%, list=14%, signal=20%	
POSITIVE REGULATION OF ENDOTHELIAL CELL MIGRATION%GOBP%GO:0010595	POSITIVE REGULATION OF ENDOTHELIAL CELL MIGRATION%GOBP%GO:0010595		100	-0.18495114	-0.7553619	0.9925926	1.0	1.0	3452	tags=16%, list=14%, signal=19%	
PYRIMIDINE METABOLISM%WIKIPATHWAYS_20260211%WP4022%HOMO SAPIENS	PYRIMIDINE METABOLISM%WIKIPATHWAYS_20260211%WP4022%HOMO SAPIENS		71	-0.19057783	-0.7550625	0.9883721	1.0	1.0	4020	tags=21%, list=16%, signal=25%	
RNA POL II CTD PHOSPHORYLATION AND INTERACTION WITH CE DURING HIV INFECTION%REACTOME%R-HSA-167160.4	RNA POL II CTD PHOSPHORYLATION AND INTERACTION WITH CE DURING HIV INFECTION%REACTOME%R-HSA-167160.4		27	-0.2422156	-0.7545238	0.8731884	1.0	1.0	6111	tags=44%, list=25%, signal=59%	
GLYCOLYSIS%PANTHER PATHWAY%P00024	GLYCOLYSIS%PANTHER PATHWAY%P00024		17	-0.2723089	-0.7544394	0.8483871	1.0	1.0	1999	tags=18%, list=8%, signal=19%	
VITAMIN METABOLIC PROCESS%GOBP%GO:0006766	VITAMIN METABOLIC PROCESS%GOBP%GO:0006766		25	-0.24484503	-0.7538916	0.8255814	1.0	1.0	1943	tags=16%, list=8%, signal=17%	
RIBOSOME-ASSOCIATED UBIQUITIN-DEPENDENT PROTEIN CATABOLIC PROCESS%GOBP%GO:1990116	RIBOSOME-ASSOCIATED UBIQUITIN-DEPENDENT PROTEIN CATABOLIC PROCESS%GOBP%GO:1990116		17	-0.27308744	-0.75362587	0.83174604	1.0	1.0	2027	tags=18%, list=8%, signal=19%	
REGULATION OF HORMONE METABOLIC PROCESS%GOBP%GO:0032350	REGULATION OF HORMONE METABOLIC PROCESS%GOBP%GO:0032350		30	-0.232485	-0.7529198	0.8981132	1.0	1.0	3520	tags=23%, list=14%, signal=27%	
NEGATIVE REGULATION OF SMOOTHENED SIGNALING PATHWAY%GOBP%GO:0045879	NEGATIVE REGULATION OF SMOOTHENED SIGNALING PATHWAY%GOBP%GO:0045879		24	-0.2430839	-0.75289047	0.8698885	1.0	1.0	1865	tags=13%, list=8%, signal=14%	
PHOTODYNAMIC THERAPY INDUCED HIF 1 SURVIVAL SIGNALING%WIKIPATHWAYS_20260211%WP3614%HOMO SAPIENS	PHOTODYNAMIC THERAPY INDUCED HIF 1 SURVIVAL SIGNALING%WIKIPATHWAYS_20260211%WP3614%HOMO SAPIENS		25	-0.24836725	-0.7526351	0.84476537	1.0	1.0	3849	tags=20%, list=16%, signal=24%	
PID_AVB3_OPN_PATHWAY%MSIGDB_C2%PID_AVB3_OPN_PATHWAY	PID_AVB3_OPN_PATHWAY%MSIGDB_C2%PID_AVB3_OPN_PATHWAY		26	-0.24693748	-0.75204873	0.8782288	1.0	1.0	2659	tags=23%, list=11%, signal=26%	
PI5P, PP2A AND IER3 REGULATE PI3K AKT SIGNALING%REACTOME%R-HSA-6811558.5	PI5P, PP2A AND IER3 REGULATE PI3K AKT SIGNALING%REACTOME%R-HSA-6811558.5		100	-0.18231316	-0.751941	0.9849624	1.0	1.0	3454	tags=17%, list=14%, signal=20%	
CELL SURFACE RECEPTOR PROTEIN SERINE/THREONINE KINASE SIGNALING PATHWAY%GOBP%GO:0007178	CELL SURFACE RECEPTOR PROTEIN SERINE/THREONINE KINASE SIGNALING PATHWAY%GOBP%GO:0007178		139	-0.172965	-0.7511012	1.0	1.0	1.0	4372	tags=22%, list=18%, signal=26%	
CARBOHYDRATE CATABOLIC PROCESS%GOBP%GO:0016052	CARBOHYDRATE CATABOLIC PROCESS%GOBP%GO:0016052		98	-0.18414655	-0.7507499	0.9929078	1.0	1.0	2383	tags=12%, list=10%, signal=14%	
CHROMOSOME CONDENSATION%GOBP%GO:0030261	CHROMOSOME CONDENSATION%GOBP%GO:0030261		33	-0.22651877	-0.75073767	0.91071427	1.0	1.0	4324	tags=27%, list=18%, signal=33%	
NEUROTROPHIC FACTOR-MEDIATED TRK RECEPTOR SIGNALING%PATHWAY INTERACTION DATABASE NCI-NATURE CURATED DATA%NEUROTROPHIC FACTOR-MEDIATED TRK RECEPTOR SIGNALING	NEUROTROPHIC FACTOR-MEDIATED TRK RECEPTOR SIGNALING%PATHWAY INTERACTION DATABASE NCI-NATURE CURATED DATA%NEUROTROPHIC FACTOR-MEDIATED TRK RECEPTOR SIGNALING		61	-0.20117632	-0.7506015	0.93457943	1.0	1.0	3452	tags=18%, list=14%, signal=21%	
REGULATION OF HAIR CYCLE%GOBP%GO:0042634	REGULATION OF HAIR CYCLE%GOBP%GO:0042634		15	-0.2783898	-0.75055546	0.8287462	1.0	1.0	3419	tags=20%, list=14%, signal=23%	
POSITIVE REGULATION OF CARDIAC MUSCLE TISSUE GROWTH%GOBP%GO:0055023	POSITIVE REGULATION OF CARDIAC MUSCLE TISSUE GROWTH%GOBP%GO:0055023		17	-0.26873228	-0.7503281	0.8607595	1.0	1.0	2942	tags=24%, list=12%, signal=27%	
POSITIVE REGULATION OF TELOMERE MAINTENANCE%GOBP%GO:0032206	POSITIVE REGULATION OF TELOMERE MAINTENANCE%GOBP%GO:0032206		58	-0.19916381	-0.7494216	0.9731183	1.0	1.0	5856	tags=38%, list=24%, signal=50%	
METABOLIC EPILEPTIC DISORDERS%WIKIPATHWAYS_20260211%WP5355%HOMO SAPIENS	METABOLIC EPILEPTIC DISORDERS%WIKIPATHWAYS_20260211%WP5355%HOMO SAPIENS		68	-0.19432594	-0.74882966	0.9705882	1.0	1.0	4213	tags=22%, list=17%, signal=27%	
BMP SIGNALING PATHWAY%GOBP%GO:0030509	BMP SIGNALING PATHWAY%GOBP%GO:0030509		53	-0.20901644	-0.7487474	0.921659	1.0	1.0	415	tags=6%, list=2%, signal=6%	
POSITIVE REGULATION OF NEURAL PRECURSOR CELL PROLIFERATION%GOBP%GO:2000179	POSITIVE REGULATION OF NEURAL PRECURSOR CELL PROLIFERATION%GOBP%GO:2000179		24	-0.24321873	-0.7486795	0.8703704	1.0	1.0	1808	tags=13%, list=7%, signal=13%	
NEGATIVE REGULATION OF VASCULAR ASSOCIATED SMOOTH MUSCLE CELL PROLIFERATION%GOBP%GO:1904706	NEGATIVE REGULATION OF VASCULAR ASSOCIATED SMOOTH MUSCLE CELL PROLIFERATION%GOBP%GO:1904706		17	-0.27722988	-0.74752545	0.83441556	1.0	1.0	2737	tags=18%, list=11%, signal=20%	
PDGF PATHWAY%WIKIPATHWAYS_20260211%WP2526%HOMO SAPIENS	PDGF PATHWAY%WIKIPATHWAYS_20260211%WP2526%HOMO SAPIENS		32	-0.22629037	-0.7465031	0.90225565	1.0	1.0	2806	tags=16%, list=11%, signal=18%	
PAUSING AND RECOVERY OF TAT-MEDIATED HIV ELONGATION%REACTOME DATABASE ID RELEASE 95%167238	PAUSING AND RECOVERY OF TAT-MEDIATED HIV ELONGATION%REACTOME DATABASE ID RELEASE 95%167238		31	-0.22846045	-0.74564695	0.905303	1.0	1.0	5048	tags=35%, list=21%, signal=45%	
NEGATIVE REGULATION OF DNA REPLICATION%GOBP%GO:0008156	NEGATIVE REGULATION OF DNA REPLICATION%GOBP%GO:0008156		26	-0.23627788	-0.74430203	0.8690909	1.0	1.0	5214	tags=42%, list=21%, signal=54%	
HIV ELONGATION ARREST AND RECOVERY%REACTOME DATABASE ID RELEASE 95%167287	HIV ELONGATION ARREST AND RECOVERY%REACTOME DATABASE ID RELEASE 95%167287		33	-0.22881214	-0.7442904	0.9072581	1.0	1.0	5048	tags=36%, list=21%, signal=46%	
THE NLRP3 INFLAMMASOME%REACTOME%R-HSA-844456.10	THE NLRP3 INFLAMMASOME%REACTOME%R-HSA-844456.10		16	-0.26780748	-0.74402726	0.8686567	1.0	1.0	2118	tags=19%, list=9%, signal=21%	
ENDONUCLEOLYTIC CLEAVAGE OF TRICISTRONIC RRNA TRANSCRIPT (SSU-RRNA, 5.8S RRNA, LSU-RRNA)%GOBP%GO:0000479	ENDONUCLEOLYTIC CLEAVAGE OF TRICISTRONIC RRNA TRANSCRIPT (SSU-RRNA, 5.8S RRNA, LSU-RRNA)%GOBP%GO:0000479		20	-0.25459155	-0.74355394	0.86531985	1.0	1.0	4662	tags=35%, list=19%, signal=43%	
PID_ARF6_PATHWAY%MSIGDB_C2%PID_ARF6_PATHWAY	PID_ARF6_PATHWAY%MSIGDB_C2%PID_ARF6_PATHWAY		29	-0.23076382	-0.74344015	0.9025271	1.0	1.0	5326	tags=34%, list=22%, signal=44%	
PLASMA LIPOPROTEIN PARTICLE REMODELING%GOBP%GO:0034369	PLASMA LIPOPROTEIN PARTICLE REMODELING%GOBP%GO:0034369		33	-0.22442026	-0.7425797	0.9098039	1.0	1.0	2381	tags=15%, list=10%, signal=17%	
LOSS OF PROTEINS REQUIRED FOR INTERPHASE MICROTUBULE ORGANIZATION FROM THE CENTROSOME%REACTOME DATABASE ID RELEASE 95%380284	LOSS OF PROTEINS REQUIRED FOR INTERPHASE MICROTUBULE ORGANIZATION FROM THE CENTROSOME%REACTOME DATABASE ID RELEASE 95%380284		67	-0.19220003	-0.74206823	0.969697	1.0	1.0	4821	tags=27%, list=20%, signal=33%	
RESPONSE TO CAMP%GOBP%GO:0051591	RESPONSE TO CAMP%GOBP%GO:0051591		39	-0.21625961	-0.74173486	0.90733594	1.0	1.0	1418	tags=10%, list=6%, signal=11%	
PAUSING AND RECOVERY OF HIV ELONGATION%REACTOME DATABASE ID RELEASE 95%167290	PAUSING AND RECOVERY OF HIV ELONGATION%REACTOME DATABASE ID RELEASE 95%167290		33	-0.22881214	-0.7414952	0.91525424	1.0	1.0	5048	tags=36%, list=21%, signal=46%	
POSITIVE REGULATION OF MITOCHONDRIAL MEMBRANE PERMEABILITY%GOBP%GO:0035794	POSITIVE REGULATION OF MITOCHONDRIAL MEMBRANE PERMEABILITY%GOBP%GO:0035794		18	-0.2625196	-0.7414298	0.8344827	1.0	1.0	5230	tags=33%, list=21%, signal=42%	
NANOMATERIAL INDUCED APOPTOSIS%WIKIPATHWAYS_20260211%WP2507%HOMO SAPIENS	NANOMATERIAL INDUCED APOPTOSIS%WIKIPATHWAYS_20260211%WP2507%HOMO SAPIENS		15	-0.27107733	-0.7411981	0.8684211	1.0	1.0	4429	tags=33%, list=18%, signal=41%	
REGULATION OF T-HELPER 17 TYPE IMMUNE RESPONSE%GOBP%GO:2000316	REGULATION OF T-HELPER 17 TYPE IMMUNE RESPONSE%GOBP%GO:2000316		29	-0.2278639	-0.7406945	0.889313	1.0	1.0	1298	tags=10%, list=5%, signal=11%	
NUCLEAR SIGNALING BY ERBB4%REACTOME%R-HSA-1251985.7	NUCLEAR SIGNALING BY ERBB4%REACTOME%R-HSA-1251985.7		31	-0.2260576	-0.74062914	0.89837396	1.0	1.0	3195	tags=19%, list=13%, signal=22%	
INTRACELLULAR GLUCOSE HOMEOSTASIS%GOBP%GO:0001678	INTRACELLULAR GLUCOSE HOMEOSTASIS%GOBP%GO:0001678		61	-0.20340289	-0.7405139	0.945	1.0	1.0	3667	tags=23%, list=15%, signal=27%	
EGF SIGNALLING PATHWAY%SMPDB%SMP0063810	EGF SIGNALLING PATHWAY%SMPDB%SMP0063810		26	-0.23599865	-0.7396014	0.8932806	1.0	1.0	2823	tags=15%, list=12%, signal=17%	
NEF-MEDIATES DOWN MODULATION OF CELL SURFACE RECEPTORS BY RECRUITING THEM TO CLATHRIN ADAPTERS%REACTOME%R-HSA-164938.5	NEF-MEDIATES DOWN MODULATION OF CELL SURFACE RECEPTORS BY RECRUITING THEM TO CLATHRIN ADAPTERS%REACTOME%R-HSA-164938.5		21	-0.25078103	-0.73887116	0.8815789	1.0	1.0	3691	tags=19%, list=15%, signal=22%	
SARS-COV-1 MODULATES HOST TRANSLATION MACHINERY%REACTOME DATABASE ID RELEASE 95%9735869	SARS-COV-1 MODULATES HOST TRANSLATION MACHINERY%REACTOME DATABASE ID RELEASE 95%9735869		37	-0.21939252	-0.73886245	0.9079498	1.0	1.0	7586	tags=51%, list=31%, signal=74%	
NEGATIVE REGULATION OF CELL MIGRATION INVOLVED IN SPROUTING ANGIOGENESIS%GOBP%GO:0090051	NEGATIVE REGULATION OF CELL MIGRATION INVOLVED IN SPROUTING ANGIOGENESIS%GOBP%GO:0090051		15	-0.27441958	-0.7387413	0.8252427	1.0	1.0	131	tags=7%, list=1%, signal=7%	
PROTEIN-CONTAINING COMPLEX REMODELING%GOBP%GO:0034367	PROTEIN-CONTAINING COMPLEX REMODELING%GOBP%GO:0034367		34	-0.22291183	-0.7380531	0.91085273	1.0	1.0	2381	tags=15%, list=10%, signal=16%	
PID_AJDISS_2PATHWAY%MSIGDB_C2%PID_AJDISS_2PATHWAY	PID_AJDISS_2PATHWAY%MSIGDB_C2%PID_AJDISS_2PATHWAY		39	-0.21493998	-0.73762184	0.9259259	1.0	1.0	3337	tags=21%, list=14%, signal=24%	
PROTEIN-LIPID COMPLEX REMODELING%GOBP%GO:0034368	PROTEIN-LIPID COMPLEX REMODELING%GOBP%GO:0034368		33	-0.22442026	-0.73756874	0.91570884	1.0	1.0	2381	tags=15%, list=10%, signal=17%	
THE ROLE OF NEF IN HIV-1 REPLICATION AND DISEASE PATHOGENESIS%REACTOME%R-HSA-164952.3	THE ROLE OF NEF IN HIV-1 REPLICATION AND DISEASE PATHOGENESIS%REACTOME%R-HSA-164952.3		27	-0.23369291	-0.7373294	0.86346865	1.0	1.0	3691	tags=19%, list=15%, signal=22%	
EMBRYONIC HEMOPOIESIS%GOBP%GO:0035162	EMBRYONIC HEMOPOIESIS%GOBP%GO:0035162		16	-0.2623659	-0.7369639	0.8414239	1.0	1.0	3897	tags=31%, list=16%, signal=37%	
PKC GAMMA CALCIUM SIGNALING IN ATAXIA%WIKIPATHWAYS_20260211%WP4760%HOMO SAPIENS	PKC GAMMA CALCIUM SIGNALING IN ATAXIA%WIKIPATHWAYS_20260211%WP4760%HOMO SAPIENS		16	-0.2691544	-0.7365606	0.84313726	1.0	1.0	197	tags=6%, list=1%, signal=6%	
CLASS I PI3K SIGNALING EVENTS MEDIATED BY AKT%PATHWAY INTERACTION DATABASE NCI-NATURE CURATED DATA%CLASS I PI3K SIGNALING EVENTS MEDIATED BY AKT	CLASS I PI3K SIGNALING EVENTS MEDIATED BY AKT%PATHWAY INTERACTION DATABASE NCI-NATURE CURATED DATA%CLASS I PI3K SIGNALING EVENTS MEDIATED BY AKT		35	-0.22063254	-0.73612005	0.8697479	1.0	1.0	899	tags=9%, list=4%, signal=9%	
TRANSFORMING GROWTH FACTOR BETA RECEPTOR SUPERFAMILY SIGNALING PATHWAY%GOBP%GO:0141091	TRANSFORMING GROWTH FACTOR BETA RECEPTOR SUPERFAMILY SIGNALING PATHWAY%GOBP%GO:0141091		125	-0.17655142	-0.73608464	0.989899	1.0	1.0	4372	tags=22%, list=18%, signal=26%	
LIPID DROPLET ORGANIZATION%GOBP%GO:0034389	LIPID DROPLET ORGANIZATION%GOBP%GO:0034389		37	-0.21130621	-0.73507524	0.9537815	1.0	1.0	2491	tags=16%, list=10%, signal=18%	
PHOTORECEPTOR CELL DIFFERENTIATION%GOBP%GO:0046530	PHOTORECEPTOR CELL DIFFERENTIATION%GOBP%GO:0046530		38	-0.21403457	-0.7348471	0.9259259	1.0	1.0	2177	tags=13%, list=9%, signal=14%	
RETROGRADE AXONAL TRANSPORT%GOBP%GO:0008090	RETROGRADE AXONAL TRANSPORT%GOBP%GO:0008090		17	-0.25971258	-0.7342972	0.83231705	1.0	1.0	2664	tags=18%, list=11%, signal=20%	
PID_EPHRINB_REV_PATHWAY%MSIGDB_C2%PID_EPHRINB_REV_PATHWAY	PID_EPHRINB_REV_PATHWAY%MSIGDB_C2%PID_EPHRINB_REV_PATHWAY		24	-0.23784184	-0.7341698	0.89928055	1.0	1.0	2958	tags=21%, list=12%, signal=24%	
BIOCARTA_PDGF_PATHWAY%MSIGDB_C2%BIOCARTA_PDGF_PATHWAY	BIOCARTA_PDGF_PATHWAY%MSIGDB_C2%BIOCARTA_PDGF_PATHWAY		23	-0.23983324	-0.7334085	0.89169675	1.0	1.0	2806	tags=13%, list=11%, signal=15%	
PROTEIN HOMOTETRAMERIZATION%GOBP%GO:0051289	PROTEIN HOMOTETRAMERIZATION%GOBP%GO:0051289		61	-0.19414851	-0.73336005	0.960199	1.0	1.0	678	tags=7%, list=3%, signal=7%	
10Q11 21Q11 23 COPY NUMBER VARIATION SYNDROME%WIKIPATHWAYS_20260211%WP5352%HOMO SAPIENS	10Q11 21Q11 23 COPY NUMBER VARIATION SYNDROME%WIKIPATHWAYS_20260211%WP5352%HOMO SAPIENS		47	-0.20943424	-0.73323727	0.9348837	1.0	1.0	4457	tags=26%, list=18%, signal=31%	
BIOCARTA_CDMAC_PATHWAY%MSIGDB_C2%BIOCARTA_CDMAC_PATHWAY	BIOCARTA_CDMAC_PATHWAY%MSIGDB_C2%BIOCARTA_CDMAC_PATHWAY		16	-0.26128066	-0.73303974	0.8768769	1.0	1.0	1334	tags=13%, list=5%, signal=13%	
CELLULAR RESPONSE TO NERVE GROWTH FACTOR STIMULUS%GOBP%GO:1990090	CELLULAR RESPONSE TO NERVE GROWTH FACTOR STIMULUS%GOBP%GO:1990090		23	-0.23785563	-0.733025	0.90510947	1.0	1.0	3590	tags=17%, list=15%, signal=20%	
MICROAUTOPHAGY%GOBP%GO:0016237	MICROAUTOPHAGY%GOBP%GO:0016237		21	-0.25018552	-0.7330002	0.8701754	1.0	1.0	91	tags=5%, list=0%, signal=5%	
PID_IL12_2PATHWAY%MSIGDB_C2%PID_IL12_2PATHWAY	PID_IL12_2PATHWAY%MSIGDB_C2%PID_IL12_2PATHWAY		51	-0.20202503	-0.73236084	0.9611651	1.0	1.0	4045	tags=18%, list=17%, signal=21%	
BIOCARTA_HDAC_PATHWAY%MSIGDB_C2%BIOCARTA_HDAC_PATHWAY	BIOCARTA_HDAC_PATHWAY%MSIGDB_C2%BIOCARTA_HDAC_PATHWAY		19	-0.2524315	-0.73197955	0.889313	1.0	1.0	1717	tags=11%, list=7%, signal=11%	
CRISTAE FORMATION%REACTOME%R-HSA-8949613.3	CRISTAE FORMATION%REACTOME%R-HSA-8949613.3		31	-0.22841732	-0.731644	0.90943396	1.0	1.0	4834	tags=23%, list=20%, signal=28%	
ACTIVATED NOTCH1 TRANSMITS SIGNAL TO THE NUCLEUS%REACTOME DATABASE ID RELEASE 95%2122948	ACTIVATED NOTCH1 TRANSMITS SIGNAL TO THE NUCLEUS%REACTOME DATABASE ID RELEASE 95%2122948		31	-0.22554515	-0.7314683	0.90774906	1.0	1.0	3792	tags=23%, list=15%, signal=27%	
REGULATION OF CD4-POSITIVE, ALPHA-BETA T CELL ACTIVATION%GOBP%GO:2000514	REGULATION OF CD4-POSITIVE, ALPHA-BETA T CELL ACTIVATION%GOBP%GO:2000514		63	-0.19275466	-0.730753	0.96236557	1.0	1.0	5312	tags=30%, list=22%, signal=38%	
POSITIVE REGULATION OF CELL-SUBSTRATE JUNCTION ORGANIZATION%GOBP%GO:0150117	POSITIVE REGULATION OF CELL-SUBSTRATE JUNCTION ORGANIZATION%GOBP%GO:0150117		26	-0.22681148	-0.73046744	0.9198473	1.0	1.0	5575	tags=35%, list=23%, signal=45%	
CELLULAR RESPONSE TO PEPTIDE HORMONE STIMULUS%GOBP%GO:0071375	CELLULAR RESPONSE TO PEPTIDE HORMONE STIMULUS%GOBP%GO:0071375		174	-0.16608839	-0.7300902	1.0	1.0	1.0	3941	tags=17%, list=16%, signal=20%	
GLIAL CELL MIGRATION%GOBP%GO:0008347	GLIAL CELL MIGRATION%GOBP%GO:0008347		18	-0.251157	-0.7299691	0.8956229	1.0	1.0	4843	tags=33%, list=20%, signal=42%	
REGULATION OF ACTIN FILAMENT BUNDLE ASSEMBLY%GOBP%GO:0032231	REGULATION OF ACTIN FILAMENT BUNDLE ASSEMBLY%GOBP%GO:0032231		84	-0.18501754	-0.7289462	0.99390244	1.0	1.0	4518	tags=24%, list=18%, signal=29%	
TGF-BETA RECEPTOR SIGNALING ACTIVATES SMADS%REACTOME%R-HSA-2173789.6	TGF-BETA RECEPTOR SIGNALING ACTIVATES SMADS%REACTOME%R-HSA-2173789.6		44	-0.21393533	-0.7285656	0.9358974	1.0	1.0	4104	tags=30%, list=17%, signal=35%	
REGULATION OF COLLAGEN BIOSYNTHETIC PROCESS%GOBP%GO:0032965	REGULATION OF COLLAGEN BIOSYNTHETIC PROCESS%GOBP%GO:0032965		18	-0.25260884	-0.72740644	0.87213117	1.0	1.0	3421	tags=22%, list=14%, signal=26%	
AORTIC VALVE DEVELOPMENT%GOBP%GO:0003176	AORTIC VALVE DEVELOPMENT%GOBP%GO:0003176		44	-0.20683296	-0.7266342	0.9677419	1.0	1.0	4699	tags=30%, list=19%, signal=36%	
DOWNSTREAM SIGNALING OF ACTIVATED FGFR1%REACTOME DATABASE ID RELEASE 95%5654687	DOWNSTREAM SIGNALING OF ACTIVATED FGFR1%REACTOME DATABASE ID RELEASE 95%5654687		23	-0.24047326	-0.7264306	0.86713284	1.0	1.0	3452	tags=22%, list=14%, signal=25%	
PID_FOXM1_PATHWAY%MSIGDB_C2%PID_FOXM1_PATHWAY	PID_FOXM1_PATHWAY%MSIGDB_C2%PID_FOXM1_PATHWAY		37	-0.21847296	-0.7261951	0.9527559	1.0	1.0	1383	tags=8%, list=6%, signal=9%	
REGULATION OF MORPHOGENESIS OF AN EPITHELIUM%GOBP%GO:1905330	REGULATION OF MORPHOGENESIS OF AN EPITHELIUM%GOBP%GO:1905330		40	-0.21043463	-0.7260924	0.95528454	1.0	1.0	2927	tags=15%, list=12%, signal=17%	
HEAD AND NECK SQUAMOUS CELL CARCINOMA%WIKIPATHWAYS_20260211%WP4674%HOMO SAPIENS	HEAD AND NECK SQUAMOUS CELL CARCINOMA%WIKIPATHWAYS_20260211%WP4674%HOMO SAPIENS		65	-0.1892219	-0.7260675	0.95384616	1.0	1.0	5704	tags=32%, list=23%, signal=42%	
CONSTITUTIVE SIGNALING BY AKT1 E17K IN CANCER%REACTOME DATABASE ID RELEASE 95%5674400	CONSTITUTIVE SIGNALING BY AKT1 E17K IN CANCER%REACTOME DATABASE ID RELEASE 95%5674400		25	-0.23345718	-0.7255759	0.8833922	1.0	1.0	5998	tags=28%, list=24%, signal=37%	
AORTIC VALVE MORPHOGENESIS%GOBP%GO:0003180	AORTIC VALVE MORPHOGENESIS%GOBP%GO:0003180		39	-0.21129918	-0.7249288	0.9170507	1.0	1.0	3108	tags=21%, list=13%, signal=23%	
C-MYB TRANSCRIPTION FACTOR NETWORK%PATHWAY INTERACTION DATABASE NCI-NATURE CURATED DATA%C-MYB TRANSCRIPTION FACTOR NETWORK	C-MYB TRANSCRIPTION FACTOR NETWORK%PATHWAY INTERACTION DATABASE NCI-NATURE CURATED DATA%C-MYB TRANSCRIPTION FACTOR NETWORK		84	-0.18267371	-0.7243743	0.96710527	1.0	1.0	2047	tags=11%, list=8%, signal=12%	
TRANSFERRIN ENDOCYTOSIS AND RECYCLING%REACTOME%R-HSA-917977.3	TRANSFERRIN ENDOCYTOSIS AND RECYCLING%REACTOME%R-HSA-917977.3		31	-0.22418322	-0.7240864	0.92395437	1.0	1.0	3723	tags=23%, list=15%, signal=27%	
SIGNALING BY PTK6%REACTOME DATABASE ID RELEASE 95%8848021	SIGNALING BY PTK6%REACTOME DATABASE ID RELEASE 95%8848021		51	-0.19764633	-0.72376615	0.97	1.0	1.0	4645	tags=18%, list=19%, signal=22%	
MESONEPHROS DEVELOPMENT%GOBP%GO:0001823	MESONEPHROS DEVELOPMENT%GOBP%GO:0001823		37	-0.21284625	-0.7235005	0.92885375	1.0	1.0	4345	tags=24%, list=18%, signal=30%	
NOTCH-MEDIATED HES HEY NETWORK%PATHWAY INTERACTION DATABASE NCI-NATURE CURATED DATA%NOTCH-MEDIATED HES HEY NETWORK	NOTCH-MEDIATED HES HEY NETWORK%PATHWAY INTERACTION DATABASE NCI-NATURE CURATED DATA%NOTCH-MEDIATED HES HEY NETWORK		47	-0.19875233	-0.72305316	0.9530516	1.0	1.0	2336	tags=11%, list=10%, signal=12%	
REGULATION OF VASCULAR ASSOCIATED SMOOTH MUSCLE CELL PROLIFERATION%GOBP%GO:1904705	REGULATION OF VASCULAR ASSOCIATED SMOOTH MUSCLE CELL PROLIFERATION%GOBP%GO:1904705		38	-0.21228962	-0.72283596	0.9285714	1.0	1.0	2737	tags=16%, list=11%, signal=18%	
REGULATION OF INTERFERON-ALPHA PRODUCTION%GOBP%GO:0032647	REGULATION OF INTERFERON-ALPHA PRODUCTION%GOBP%GO:0032647		27	-0.23243143	-0.72234523	0.9019608	1.0	1.0	1816	tags=11%, list=7%, signal=12%	
ACETYLCHOLINE NEUROTRANSMITTER RELEASE CYCLE%REACTOME%R-HSA-264642.6	ACETYLCHOLINE NEUROTRANSMITTER RELEASE CYCLE%REACTOME%R-HSA-264642.6		16	-0.2656937	-0.7211455	0.87713313	1.0	1.0	4327	tags=38%, list=18%, signal=46%	
IRS-MEDIATED SIGNALLING%REACTOME DATABASE ID RELEASE 95%112399	IRS-MEDIATED SIGNALLING%REACTOME DATABASE ID RELEASE 95%112399		39	-0.21117204	-0.72057915	0.93227094	1.0	1.0	3452	tags=18%, list=14%, signal=21%	
MITOTIC CELL CYCLE PHASE TRANSITION%GOBP%GO:0044772	MITOTIC CELL CYCLE PHASE TRANSITION%GOBP%GO:0044772		117	-0.17105414	-0.7199905	1.0	1.0	1.0	4835	tags=26%, list=20%, signal=32%	
SLC25A46 PATHWAY%WIKIPATHWAYS_20260211%WP5521%HOMO SAPIENS	SLC25A46 PATHWAY%WIKIPATHWAYS_20260211%WP5521%HOMO SAPIENS		17	-0.25610682	-0.7197739	0.8647799	1.0	1.0	2678	tags=24%, list=11%, signal=26%	
TERMINATION OF TRANSLESION DNA SYNTHESIS%REACTOME DATABASE ID RELEASE 95%5656169	TERMINATION OF TRANSLESION DNA SYNTHESIS%REACTOME DATABASE ID RELEASE 95%5656169		32	-0.21629658	-0.7193337	0.9389313	1.0	1.0	5676	tags=38%, list=23%, signal=49%	
IRON-SULFUR CLUSTER ASSEMBLY%GOBP%GO:0016226	IRON-SULFUR CLUSTER ASSEMBLY%GOBP%GO:0016226		26	-0.22677095	-0.7191234	0.8851351	1.0	1.0	2010	tags=12%, list=8%, signal=13%	
REGULATION OF FEEDING BEHAVIOR%GOBP%GO:0060259	REGULATION OF FEEDING BEHAVIOR%GOBP%GO:0060259		20	-0.24699607	-0.718888	0.9141104	1.0	1.0	1713	tags=10%, list=7%, signal=11%	
METALLO-SULFUR CLUSTER ASSEMBLY%GOBP%GO:0031163	METALLO-SULFUR CLUSTER ASSEMBLY%GOBP%GO:0031163		26	-0.22677095	-0.7188446	0.90262175	1.0	1.0	2010	tags=12%, list=8%, signal=13%	
IL26 SIGNALING%WIKIPATHWAYS_20260211%WP5347%HOMO SAPIENS	IL26 SIGNALING%WIKIPATHWAYS_20260211%WP5347%HOMO SAPIENS		40	-0.21486153	-0.7181024	0.96682465	1.0	1.0	863	tags=8%, list=4%, signal=8%	
SIGNALING BY TYPE 1 INSULIN-LIKE GROWTH FACTOR 1 RECEPTOR (IGF1R)%REACTOME DATABASE ID RELEASE 95%2404192	SIGNALING BY TYPE 1 INSULIN-LIKE GROWTH FACTOR 1 RECEPTOR (IGF1R)%REACTOME DATABASE ID RELEASE 95%2404192		44	-0.20473592	-0.71801364	0.9626556	1.0	1.0	3452	tags=18%, list=14%, signal=21%	
LATE ENDOSOMAL MICROAUTOPHAGY%REACTOME DATABASE ID RELEASE 95%9615710	LATE ENDOSOMAL MICROAUTOPHAGY%REACTOME DATABASE ID RELEASE 95%9615710		33	-0.2162112	-0.71781117	0.944	1.0	1.0	2651	tags=15%, list=11%, signal=17%	
APPENDAGE MORPHOGENESIS%GOBP%GO:0035107	APPENDAGE MORPHOGENESIS%GOBP%GO:0035107		44	-0.2036686	-0.71764386	0.9353448	1.0	1.0	3706	tags=23%, list=15%, signal=27%	
LOSS OF NLP FROM MITOTIC CENTROSOMES%REACTOME DATABASE ID RELEASE 95%380259	LOSS OF NLP FROM MITOTIC CENTROSOMES%REACTOME DATABASE ID RELEASE 95%380259		67	-0.19220003	-0.7172104	0.9888268	1.0	1.0	4821	tags=27%, list=20%, signal=33%	
NADPH REGENERATION%GOBP%GO:0006740	NADPH REGENERATION%GOBP%GO:0006740		15	-0.2646384	-0.714726	0.88294315	1.0	1.0	853	tags=13%, list=3%, signal=14%	
RESPONSE TO BMP%GOBP%GO:0071772	RESPONSE TO BMP%GOBP%GO:0071772		60	-0.18810429	-0.71414423	0.978022	1.0	1.0	415	tags=5%, list=2%, signal=5%	
SIGNALING BY NOTCH3%REACTOME%R-HSA-9012852.3	SIGNALING BY NOTCH3%REACTOME%R-HSA-9012852.3		48	-0.19773024	-0.7138253	0.9660194	1.0	1.0	3792	tags=19%, list=15%, signal=22%	
MITOPHAGY%GOBP%GO:0000423	MITOPHAGY%GOBP%GO:0000423		50	-0.19323629	-0.71337384	0.9698492	1.0	1.0	543	tags=4%, list=2%, signal=4%	
SIGNALING BY NON-RECEPTOR TYROSINE KINASES%REACTOME DATABASE ID RELEASE 95%9006927	SIGNALING BY NON-RECEPTOR TYROSINE KINASES%REACTOME DATABASE ID RELEASE 95%9006927		51	-0.19764633	-0.7129224	0.97209305	1.0	1.0	4645	tags=18%, list=19%, signal=22%	
NEURON MATURATION%GOBP%GO:0042551	NEURON MATURATION%GOBP%GO:0042551		27	-0.22006604	-0.7102257	0.9298893	1.0	1.0	1475	tags=7%, list=6%, signal=8%	
ACTIVATION OF GTPASE ACTIVITY%GOBP%GO:0090630	ACTIVATION OF GTPASE ACTIVITY%GOBP%GO:0090630		22	-0.23558193	-0.7098267	0.92619926	1.0	1.0	1835	tags=14%, list=7%, signal=15%	
PHOSPHATIDYLINOSITOL 3-KINASE/PROTEIN KINASE B SIGNAL TRANSDUCTION%GOBP%GO:0043491	PHOSPHATIDYLINOSITOL 3-KINASE/PROTEIN KINASE B SIGNAL TRANSDUCTION%GOBP%GO:0043491		43	-0.20135227	-0.7098153	0.9506726	1.0	1.0	2433	tags=12%, list=10%, signal=13%	
PROSTAGLANDIN METABOLIC PROCESS%GOBP%GO:0006693	PROSTAGLANDIN METABOLIC PROCESS%GOBP%GO:0006693		29	-0.21939638	-0.70938176	0.9385246	1.0	1.0	2142	tags=10%, list=9%, signal=11%	
EGF RECEPTOR (ERBB1) SIGNALING PATHWAY%PATHWAY INTERACTION DATABASE NCI-NATURE CURATED DATA%EGF RECEPTOR (ERBB1) SIGNALING PATHWAY	EGF RECEPTOR (ERBB1) SIGNALING PATHWAY%PATHWAY INTERACTION DATABASE NCI-NATURE CURATED DATA%EGF RECEPTOR (ERBB1) SIGNALING PATHWAY		32	-0.2134848	-0.7092451	0.94017094	1.0	1.0	3452	tags=19%, list=14%, signal=22%	
PID_ECADHERIN_NASCENT_AJ_PATHWAY%MSIGDB_C2%PID_ECADHERIN_NASCENT_AJ_PATHWAY	PID_ECADHERIN_NASCENT_AJ_PATHWAY%MSIGDB_C2%PID_ECADHERIN_NASCENT_AJ_PATHWAY		29	-0.22321129	-0.7091494	0.91935486	1.0	1.0	5479	tags=34%, list=22%, signal=44%	
LIMB MORPHOGENESIS%GOBP%GO:0035108	LIMB MORPHOGENESIS%GOBP%GO:0035108		44	-0.2036686	-0.70904505	0.95475113	1.0	1.0	3706	tags=23%, list=15%, signal=27%	
FGFR2 ALTERNATIVE SPLICING%REACTOME%R-HSA-6803529.3	FGFR2 ALTERNATIVE SPLICING%REACTOME%R-HSA-6803529.3		26	-0.22368746	-0.70902497	0.9236641	1.0	1.0	5957	tags=42%, list=24%, signal=56%	
REGULATION OF CALCIUM ION-DEPENDENT EXOCYTOSIS%GOBP%GO:0017158	REGULATION OF CALCIUM ION-DEPENDENT EXOCYTOSIS%GOBP%GO:0017158		36	-0.21245399	-0.7090213	0.9298246	1.0	1.0	2696	tags=19%, list=11%, signal=22%	
SPROUTING ANGIOGENESIS%GOBP%GO:0002040	SPROUTING ANGIOGENESIS%GOBP%GO:0002040		54	-0.1888053	-0.7087395	0.9849246	1.0	1.0	2760	tags=13%, list=11%, signal=15%	
ROS AND RNS PRODUCTION IN PHAGOCYTES%REACTOME%R-HSA-1222556.11	ROS AND RNS PRODUCTION IN PHAGOCYTES%REACTOME%R-HSA-1222556.11		36	-0.21349974	-0.7086775	0.948	1.0	1.0	3872	tags=28%, list=16%, signal=33%	
UROKINASE-TYPE PLASMINOGEN ACTIVATOR (UPA) AND UPAR-MEDIATED SIGNALING%PATHWAY INTERACTION DATABASE NCI-NATURE CURATED DATA%UROKINASE-TYPE PLASMINOGEN ACTIVATOR (UPA) AND UPAR-MEDIATED SIGNALING	UROKINASE-TYPE PLASMINOGEN ACTIVATOR (UPA) AND UPAR-MEDIATED SIGNALING%PATHWAY INTERACTION DATABASE NCI-NATURE CURATED DATA%UROKINASE-TYPE PLASMINOGEN ACTIVATOR (UPA) AND UPAR-MEDIATED SIGNALING		42	-0.20420608	-0.7086236	0.9718875	1.0	1.0	2973	tags=12%, list=12%, signal=14%	
RESPIRATORY SYNCYTIAL VIRUS (RSV) ATTACHMENT AND ENTRY%REACTOME%R-HSA-9820960.2	RESPIRATORY SYNCYTIAL VIRUS (RSV) ATTACHMENT AND ENTRY%REACTOME%R-HSA-9820960.2		23	-0.23642372	-0.7080407	0.9113475	1.0	1.0	17	tags=4%, list=0%, signal=4%	
HOST-MEDIATED PERTURBATION OF VIRAL TRANSCRIPTION%GOBP%GO:0043921	HOST-MEDIATED PERTURBATION OF VIRAL TRANSCRIPTION%GOBP%GO:0043921		27	-0.22229634	-0.7067802	0.9413793	1.0	1.0	2696	tags=19%, list=11%, signal=21%	
BASE EXCISION REPAIR%WIKIPATHWAYS_20260211%WP4752%HOMO SAPIENS	BASE EXCISION REPAIR%WIKIPATHWAYS_20260211%WP4752%HOMO SAPIENS		27	-0.2215734	-0.70669585	0.9190141	1.0	1.0	4010	tags=22%, list=16%, signal=27%	
REGULATION OF ACTIN NUCLEATION%GOBP%GO:0051125	REGULATION OF ACTIN NUCLEATION%GOBP%GO:0051125		33	-0.21121807	-0.70647264	0.9563492	1.0	1.0	4271	tags=24%, list=17%, signal=29%	
PHOTODYNAMIC THERAPY INDUCED AP 1 SURVIVAL SIGNALING%WIKIPATHWAYS_20260211%WP3611%HOMO SAPIENS	PHOTODYNAMIC THERAPY INDUCED AP 1 SURVIVAL SIGNALING%WIKIPATHWAYS_20260211%WP3611%HOMO SAPIENS		42	-0.20480242	-0.7059979	0.96747965	1.0	1.0	3423	tags=19%, list=14%, signal=22%	
CALCIUM-INDEPENDENT CELL-CELL ADHESION%GOBP%GO:0016338	CALCIUM-INDEPENDENT CELL-CELL ADHESION%GOBP%GO:0016338		20	-0.24231263	-0.7048666	0.89045936	1.0	1.0	785	tags=10%, list=3%, signal=10%	
UNSATURATED FATTY ACID BIOSYNTHETIC PROCESS%GOBP%GO:0006636	UNSATURATED FATTY ACID BIOSYNTHETIC PROCESS%GOBP%GO:0006636		27	-0.22293745	-0.7045683	0.93214285	1.0	1.0	2814	tags=11%, list=11%, signal=13%	
PID_P73PATHWAY%MSIGDB_C2%PID_P73PATHWAY	PID_P73PATHWAY%MSIGDB_C2%PID_P73PATHWAY		65	-0.1842032	-0.704462	0.98888886	1.0	1.0	4818	tags=26%, list=20%, signal=32%	
INFLUENZA INFECTION%REACTOME%R-HSA-168255.6	INFLUENZA INFECTION%REACTOME%R-HSA-168255.6		155	-0.15992163	-0.7035415	1.0	1.0	1.0	6023	tags=31%, list=25%, signal=41%	
REVERSE CHOLESTEROL TRANSPORT%GOBP%GO:0043691	REVERSE CHOLESTEROL TRANSPORT%GOBP%GO:0043691		17	-0.24746175	-0.7030985	0.9141914	1.0	1.0	2381	tags=18%, list=10%, signal=20%	
INTRACELLULAR IRON ION HOMEOSTASIS%GOBP%GO:0006879	INTRACELLULAR IRON ION HOMEOSTASIS%GOBP%GO:0006879		64	-0.18865214	-0.70281553	0.9948718	1.0	1.0	3877	tags=19%, list=16%, signal=22%	
TRAIL%IOB%TRAIL	TRAIL%IOB%TRAIL		43	-0.19950694	-0.70186657	0.97021276	1.0	1.0	4429	tags=26%, list=18%, signal=31%	
SIGNALING EVENTS MEDIATED BY THE HEDGEHOG FAMILY%PATHWAY INTERACTION DATABASE NCI-NATURE CURATED DATA%SIGNALING EVENTS MEDIATED BY THE HEDGEHOG FAMILY	SIGNALING EVENTS MEDIATED BY THE HEDGEHOG FAMILY%PATHWAY INTERACTION DATABASE NCI-NATURE CURATED DATA%SIGNALING EVENTS MEDIATED BY THE HEDGEHOG FAMILY		22	-0.23768516	-0.69866174	0.904918	1.0	1.0	4315	tags=32%, list=18%, signal=39%	
MRNA CAPPING%REACTOME DATABASE ID RELEASE 95%72086	MRNA CAPPING%REACTOME DATABASE ID RELEASE 95%72086		29	-0.21986428	-0.69827867	0.9490909	1.0	1.0	6111	tags=45%, list=25%, signal=60%	
PDGFR BETA PATHWAY%WIKIPATHWAYS_20260211%WP3972%HOMO SAPIENS	PDGFR BETA PATHWAY%WIKIPATHWAYS_20260211%WP3972%HOMO SAPIENS		22	-0.22997405	-0.697339	0.9055944	1.0	1.0	1334	tags=9%, list=5%, signal=10%	
ALPHA-BETA T CELL ACTIVATION INVOLVED IN IMMUNE RESPONSE%GOBP%GO:0002287	ALPHA-BETA T CELL ACTIVATION INVOLVED IN IMMUNE RESPONSE%GOBP%GO:0002287		39	-0.20166914	-0.6964106	0.9590909	1.0	1.0	940	tags=8%, list=4%, signal=8%	
INFLUENZA VIRAL RNA TRANSCRIPTION AND REPLICATION%REACTOME DATABASE ID RELEASE 95%168273	INFLUENZA VIRAL RNA TRANSCRIPTION AND REPLICATION%REACTOME DATABASE ID RELEASE 95%168273		133	-0.16315167	-0.695675	1.0	1.0	1.0	6023	tags=30%, list=25%, signal=40%	
BIOCARTA_BCR_PATHWAY%MSIGDB_C2%BIOCARTA_BCR_PATHWAY	BIOCARTA_BCR_PATHWAY%MSIGDB_C2%BIOCARTA_BCR_PATHWAY		29	-0.2161877	-0.69471204	0.93869734	1.0	1.0	1334	tags=10%, list=5%, signal=11%	
PID_MET_PATHWAY%MSIGDB_C2%PID_MET_PATHWAY	PID_MET_PATHWAY%MSIGDB_C2%PID_MET_PATHWAY		64	-0.18885879	-0.6942147	0.9885057	1.0	1.0	3357	tags=20%, list=14%, signal=23%	
RHOBTB GTPASE CYCLE%REACTOME%R-HSA-9706574.4	RHOBTB GTPASE CYCLE%REACTOME%R-HSA-9706574.4		35	-0.209485	-0.6937099	0.97021276	1.0	1.0	4585	tags=29%, list=19%, signal=35%	
RESPONSE TO NERVE GROWTH FACTOR%GOBP%GO:1990089	RESPONSE TO NERVE GROWTH FACTOR%GOBP%GO:1990089		23	-0.23785563	-0.6935804	0.9249012	1.0	1.0	3590	tags=17%, list=15%, signal=20%	
REGULATION OF DNA STRAND ELONGATION%GOBP%GO:0060382	REGULATION OF DNA STRAND ELONGATION%GOBP%GO:0060382		17	-0.24400558	-0.6929384	0.9198718	1.0	1.0	3021	tags=24%, list=12%, signal=27%	
FOXM1 TRANSCRIPTION FACTOR NETWORK%PATHWAY INTERACTION DATABASE NCI-NATURE CURATED DATA%FOXM1 TRANSCRIPTION FACTOR NETWORK	FOXM1 TRANSCRIPTION FACTOR NETWORK%PATHWAY INTERACTION DATABASE NCI-NATURE CURATED DATA%FOXM1 TRANSCRIPTION FACTOR NETWORK		41	-0.19959943	-0.6927757	0.9722222	1.0	1.0	1383	tags=7%, list=6%, signal=8%	
UBIQUITIN-DEPENDENT PROTEIN CATABOLIC PROCESS VIA THE C-END DEGRON RULE PATHWAY%GOBP%GO:0140627	UBIQUITIN-DEPENDENT PROTEIN CATABOLIC PROCESS VIA THE C-END DEGRON RULE PATHWAY%GOBP%GO:0140627		16	-0.24933691	-0.69122607	0.91362125	1.0	1.0	2654	tags=19%, list=11%, signal=21%	
TELOMERE MAINTENANCE IN RESPONSE TO DNA DAMAGE%GOBP%GO:0043247	TELOMERE MAINTENANCE IN RESPONSE TO DNA DAMAGE%GOBP%GO:0043247		15	-0.25367147	-0.6909802	0.9071856	1.0	1.0	4563	tags=33%, list=19%, signal=41%	
CELLULAR RESPONSE TO BMP STIMULUS%GOBP%GO:0071773	CELLULAR RESPONSE TO BMP STIMULUS%GOBP%GO:0071773		60	-0.18810429	-0.69075996	0.9904306	1.0	1.0	415	tags=5%, list=2%, signal=5%	
EYE PHOTORECEPTOR CELL DIFFERENTIATION%GOBP%GO:0001754	EYE PHOTORECEPTOR CELL DIFFERENTIATION%GOBP%GO:0001754		28	-0.21872212	-0.6906095	0.9486166	1.0	1.0	2177	tags=14%, list=9%, signal=16%	
REGULATION OF SYNCYTIUM FORMATION BY PLASMA MEMBRANE FUSION%GOBP%GO:0060142	REGULATION OF SYNCYTIUM FORMATION BY PLASMA MEMBRANE FUSION%GOBP%GO:0060142		62	-0.18458869	-0.6904929	0.969697	1.0	1.0	6023	tags=34%, list=25%, signal=45%	
LIPOPROTEIN BIOSYNTHETIC PROCESS%GOBP%GO:0042158	LIPOPROTEIN BIOSYNTHETIC PROCESS%GOBP%GO:0042158		35	-0.2065588	-0.69033563	0.93801653	1.0	1.0	1589	tags=9%, list=6%, signal=9%	
BMAL1:CLOCK,NPAS2 ACTIVATES CIRCADIAN EXPRESSION%REACTOME%R-HSA-1368108.9	BMAL1:CLOCK,NPAS2 ACTIVATES CIRCADIAN EXPRESSION%REACTOME%R-HSA-1368108.9		26	-0.21756724	-0.6902747	0.94676805	1.0	1.0	19170	tags=100%, list=78%, signal=460%	
DOWNSTREAM SIGNALING OF ACTIVATED FGFR4%REACTOME DATABASE ID RELEASE 95%5654716	DOWNSTREAM SIGNALING OF ACTIVATED FGFR4%REACTOME DATABASE ID RELEASE 95%5654716		22	-0.23146893	-0.68992776	0.9245283	1.0	1.0	3452	tags=23%, list=14%, signal=26%	
NEGATIVE REGULATION OF ENDOTHELIAL CELL MIGRATION%GOBP%GO:0010596	NEGATIVE REGULATION OF ENDOTHELIAL CELL MIGRATION%GOBP%GO:0010596		51	-0.1926752	-0.6894967	0.9661836	1.0	1.0	5480	tags=31%, list=22%, signal=40%	
CELLULAR RESPONSE TO EPIDERMAL GROWTH FACTOR STIMULUS%GOBP%GO:0071364	CELLULAR RESPONSE TO EPIDERMAL GROWTH FACTOR STIMULUS%GOBP%GO:0071364		29	-0.21446478	-0.68931586	0.9230769	1.0	1.0	2904	tags=17%, list=12%, signal=20%	
DOPAMINE NEUROTRANSMITTER RELEASE CYCLE%REACTOME%R-HSA-212676.5	DOPAMINE NEUROTRANSMITTER RELEASE CYCLE%REACTOME%R-HSA-212676.5		22	-0.23140854	-0.68856996	0.93772894	1.0	1.0	3031	tags=23%, list=12%, signal=26%	
SULFUR AMINO ACID METABOLIC PROCESS%GOBP%GO:0000096	SULFUR AMINO ACID METABOLIC PROCESS%GOBP%GO:0000096		32	-0.20693916	-0.688335	0.9563492	1.0	1.0	1600	tags=9%, list=7%, signal=10%	
SARS-COV-2 MODULATES HOST TRANSLATION MACHINERY%REACTOME DATABASE ID RELEASE 95%9754678	SARS-COV-2 MODULATES HOST TRANSLATION MACHINERY%REACTOME DATABASE ID RELEASE 95%9754678		49	-0.19041112	-0.6880845	0.99038464	1.0	1.0	5381	tags=27%, list=22%, signal=34%	
REGULATION OF PROTEIN DEACETYLATION%GOBP%GO:0090311	REGULATION OF PROTEIN DEACETYLATION%GOBP%GO:0090311		16	-0.24918376	-0.6875945	0.90789473	1.0	1.0	5563	tags=38%, list=23%, signal=48%	
CANCER IMMUNOTHERAPY BY PD 1 BLOCKADE%WIKIPATHWAYS_20260211%WP4585%HOMO SAPIENS	CANCER IMMUNOTHERAPY BY PD 1 BLOCKADE%WIKIPATHWAYS_20260211%WP4585%HOMO SAPIENS		21	-0.22881357	-0.686026	0.9322034	1.0	1.0	1061	tags=10%, list=4%, signal=10%	
UPTAKE AND ACTIONS OF BACTERIAL TOXINS%REACTOME%R-HSA-5339562.5	UPTAKE AND ACTIONS OF BACTERIAL TOXINS%REACTOME%R-HSA-5339562.5		25	-0.22482517	-0.6857623	0.95302016	1.0	1.0	2806	tags=20%, list=11%, signal=23%	
CELLULAR RESPONSE TO UV%GOBP%GO:0034644	CELLULAR RESPONSE TO UV%GOBP%GO:0034644		74	-0.17681685	-0.68528134	0.99346405	1.0	1.0	5561	tags=32%, list=23%, signal=42%	
U2-TYPE PRESPLICEOSOME ASSEMBLY%GOBP%GO:1903241	U2-TYPE PRESPLICEOSOME ASSEMBLY%GOBP%GO:1903241		25	-0.21853013	-0.68468875	0.93869734	1.0	1.0	2858	tags=16%, list=12%, signal=18%	
PROTEIN LIPIDATION%GOBP%GO:0006497	PROTEIN LIPIDATION%GOBP%GO:0006497		34	-0.20848571	-0.6843227	0.9832636	1.0	1.0	1589	tags=9%, list=6%, signal=9%	
AGGREPHAGY%REACTOME DATABASE ID RELEASE 95%9646399	AGGREPHAGY%REACTOME DATABASE ID RELEASE 95%9646399		24	-0.21691579	-0.6823111	0.95789474	1.0	1.0	2254	tags=13%, list=9%, signal=14%	
NEPHRIN NEPH1 SIGNALING IN THE KIDNEY PODOCYTE%PATHWAY INTERACTION DATABASE NCI-NATURE CURATED DATA%NEPHRIN NEPH1 SIGNALING IN THE KIDNEY PODOCYTE	NEPHRIN NEPH1 SIGNALING IN THE KIDNEY PODOCYTE%PATHWAY INTERACTION DATABASE NCI-NATURE CURATED DATA%NEPHRIN NEPH1 SIGNALING IN THE KIDNEY PODOCYTE		28	-0.21338838	-0.68212205	0.9503817	1.0	1.0	2806	tags=18%, list=11%, signal=20%	
CORTICAL CYTOSKELETON ORGANIZATION%GOBP%GO:0030865	CORTICAL CYTOSKELETON ORGANIZATION%GOBP%GO:0030865		41	-0.19626054	-0.67832285	0.98695654	1.0	1.0	4851	tags=22%, list=20%, signal=27%	
G1/S TRANSITION OF MITOTIC CELL CYCLE%GOBP%GO:0000082	G1/S TRANSITION OF MITOTIC CELL CYCLE%GOBP%GO:0000082		68	-0.17390954	-0.67577296	0.9945946	1.0	1.0	4835	tags=28%, list=20%, signal=35%	
WARBURG EFFECT MODULATED BY DEUBIQUITINATING ENZYMES AND THEIR SUBSTRATES%WIKIPATHWAYS_20260211%WP5216%HOMO SAPIENS	WARBURG EFFECT MODULATED BY DEUBIQUITINATING ENZYMES AND THEIR SUBSTRATES%WIKIPATHWAYS_20260211%WP5216%HOMO SAPIENS		21	-0.2262487	-0.6751326	0.9131944	1.0	1.0	1999	tags=14%, list=8%, signal=16%	
INSERTION OF TAIL-ANCHORED PROTEINS INTO THE ENDOPLASMIC RETICULUM MEMBRANE%REACTOME%R-HSA-9609523.4	INSERTION OF TAIL-ANCHORED PROTEINS INTO THE ENDOPLASMIC RETICULUM MEMBRANE%REACTOME%R-HSA-9609523.4		19	-0.23324369	-0.674434	0.9498328	1.0	1.0	4616	tags=32%, list=19%, signal=39%	
TERMINATION OF RNA POLYMERASE I TRANSCRIPTION%GOBP%GO:0006363	TERMINATION OF RNA POLYMERASE I TRANSCRIPTION%GOBP%GO:0006363		15	-0.25738755	-0.6739539	0.9015385	1.0	1.0	5728	tags=47%, list=23%, signal=61%	
INTERFERON ALPHA BETA SIGNALING%REACTOME DATABASE ID RELEASE 95%909733	INTERFERON ALPHA BETA SIGNALING%REACTOME DATABASE ID RELEASE 95%909733		75	-0.17266008	-0.6727258	0.98342544	1.0	1.0	3852	tags=15%, list=16%, signal=17%	
PHOSPHOLIPID DEPHOSPHORYLATION%GOBP%GO:0046839	PHOSPHOLIPID DEPHOSPHORYLATION%GOBP%GO:0046839		32	-0.20790642	-0.6726532	0.96564883	1.0	1.0	3861	tags=25%, list=16%, signal=30%	
PI-3K CASCADE:FGFR2%REACTOME DATABASE ID RELEASE 95%5654695	PI-3K CASCADE:FGFR2%REACTOME DATABASE ID RELEASE 95%5654695		18	-0.23906691	-0.67189246	0.910596	1.0	1.0	3452	tags=22%, list=14%, signal=26%	
NUCLEOSIDE DIPHOSPHATE METABOLIC PROCESS%GOBP%GO:0009132	NUCLEOSIDE DIPHOSPHATE METABOLIC PROCESS%GOBP%GO:0009132		59	-0.1820885	-0.6709457	0.98913044	1.0	1.0	2614	tags=15%, list=11%, signal=17%	
POSITIVE REGULATION OF MICROTUBULE POLYMERIZATION OR DEPOLYMERIZATION%GOBP%GO:0031112	POSITIVE REGULATION OF MICROTUBULE POLYMERIZATION OR DEPOLYMERIZATION%GOBP%GO:0031112		32	-0.2001739	-0.67061037	0.9672727	1.0	1.0	1372	tags=9%, list=6%, signal=10%	
REGULATION OF PYRUVATE DEHYDROGENASE (PDH) COMPLEX%REACTOME%R-HSA-204174.5	REGULATION OF PYRUVATE DEHYDROGENASE (PDH) COMPLEX%REACTOME%R-HSA-204174.5		15	-0.2517789	-0.6703961	0.9313725	1.0	1.0	1583	tags=13%, list=6%, signal=14%	
NAD METABOLISM IN ONCOGENE INDUCED SENESCENCE AND MITOCHONDRIAL DYSFUNCTION ASSOCIATED SENESCENCE%WIKIPATHWAYS_20260211%WP5046%HOMO SAPIENS	NAD METABOLISM IN ONCOGENE INDUCED SENESCENCE AND MITOCHONDRIAL DYSFUNCTION ASSOCIATED SENESCENCE%WIKIPATHWAYS_20260211%WP5046%HOMO SAPIENS		17	-0.2353281	-0.6700717	0.9349315	1.0	1.0	2129	tags=18%, list=9%, signal=19%	
REGULATION OF GENE SILENCING BY REGULATORY NCRNA%GOBP%GO:0060966	REGULATION OF GENE SILENCING BY REGULATORY NCRNA%GOBP%GO:0060966		33	-0.20340231	-0.6700131	0.9634146	1.0	1.0	2760	tags=18%, list=11%, signal=20%	
POSITIVE REGULATION OF D-GLUCOSE TRANSMEMBRANE TRANSPORT%GOBP%GO:0010828	POSITIVE REGULATION OF D-GLUCOSE TRANSMEMBRANE TRANSPORT%GOBP%GO:0010828		34	-0.1988535	-0.6695736	0.97328246	1.0	1.0	3796	tags=18%, list=15%, signal=21%	
GAB1 SIGNALOSOME%REACTOME%R-HSA-180292.5	GAB1 SIGNALOSOME%REACTOME%R-HSA-180292.5		16	-0.24530932	-0.66913295	0.9217687	1.0	1.0	5178	tags=25%, list=21%, signal=32%	
HEXOSE CATABOLIC PROCESS%GOBP%GO:0019320	HEXOSE CATABOLIC PROCESS%GOBP%GO:0019320		40	-0.1987172	-0.66814077	0.96444446	1.0	1.0	2052	tags=13%, list=8%, signal=14%	
POSITIVE REGULATION OF ACTIVATED T CELL PROLIFERATION%GOBP%GO:0042104	POSITIVE REGULATION OF ACTIVATED T CELL PROLIFERATION%GOBP%GO:0042104		19	-0.22892442	-0.6678355	0.93311036	1.0	1.0	1298	tags=11%, list=5%, signal=11%	
EXTENSION OF TELOMERES%REACTOME%R-HSA-180786.4	EXTENSION OF TELOMERES%REACTOME%R-HSA-180786.4		51	-0.17964225	-0.6677471	0.98275864	1.0	1.0	5214	tags=31%, list=21%, signal=40%	
HEPARAN SULFATE PROTEOGLYCAN BIOSYNTHETIC PROCESS%GOBP%GO:0015012	HEPARAN SULFATE PROTEOGLYCAN BIOSYNTHETIC PROCESS%GOBP%GO:0015012		27	-0.21241401	-0.6661131	0.9652778	1.0	1.0	1980	tags=11%, list=8%, signal=12%	
POSITIVE REGULATION OF ORGAN GROWTH%GOBP%GO:0046622	POSITIVE REGULATION OF ORGAN GROWTH%GOBP%GO:0046622		20	-0.23022968	-0.66552746	0.9489051	1.0	1.0	4639	tags=35%, list=19%, signal=43%	
DEVELOPMENT OF URETERIC DERIVED COLLECTING SYSTEM%WIKIPATHWAYS_20260211%WP5053%HOMO SAPIENS	DEVELOPMENT OF URETERIC DERIVED COLLECTING SYSTEM%WIKIPATHWAYS_20260211%WP5053%HOMO SAPIENS		39	-0.1934906	-0.6651996	0.9826087	1.0	1.0	4831	tags=28%, list=20%, signal=35%	
POLYMERASE SWITCHING ON THE C-STRAND OF THE TELOMERE%REACTOME DATABASE ID RELEASE 95%174411	POLYMERASE SWITCHING ON THE C-STRAND OF THE TELOMERE%REACTOME DATABASE ID RELEASE 95%174411		26	-0.21803021	-0.6651593	0.954717	1.0	1.0	1521	tags=12%, list=6%, signal=12%	
SYNAPTIC_VESICLE_TRAFFICKING%PANTHER PATHWAY%P05734	SYNAPTIC_VESICLE_TRAFFICKING%PANTHER PATHWAY%P05734		20	-0.2298762	-0.6644566	0.9398734	1.0	1.0	2738	tags=20%, list=11%, signal=22%	
BMP SIGNALING IN EYELID DEVELOPMENT%WIKIPATHWAYS_20260211%WP3927%HOMO SAPIENS	BMP SIGNALING IN EYELID DEVELOPMENT%WIKIPATHWAYS_20260211%WP3927%HOMO SAPIENS		19	-0.2315747	-0.6641448	0.9114391	1.0	1.0	4119	tags=21%, list=17%, signal=25%	
POSITIVE REGULATION OF HEART GROWTH%GOBP%GO:0060421	POSITIVE REGULATION OF HEART GROWTH%GOBP%GO:0060421		20	-0.23022968	-0.6639348	0.9451613	1.0	1.0	4639	tags=35%, list=19%, signal=43%	
BUDDING AND MATURATION OF HIV VIRION%REACTOME DATABASE ID RELEASE 95%162588	BUDDING AND MATURATION OF HIV VIRION%REACTOME DATABASE ID RELEASE 95%162588		28	-0.20554283	-0.6639013	0.94814813	1.0	1.0	2651	tags=14%, list=11%, signal=16%	
BIOCARTA_VIP_PATHWAY%MSIGDB_C2%BIOCARTA_VIP_PATHWAY	BIOCARTA_VIP_PATHWAY%MSIGDB_C2%BIOCARTA_VIP_PATHWAY		18	-0.23868273	-0.66237915	0.9295302	1.0	1.0	6040	tags=44%, list=25%, signal=59%	
GLUTAMATE NEUROTRANSMITTER RELEASE CYCLE%REACTOME%R-HSA-210500.6	GLUTAMATE NEUROTRANSMITTER RELEASE CYCLE%REACTOME%R-HSA-210500.6		23	-0.22496478	-0.66152936	0.95714283	1.0	1.0	3031	tags=22%, list=12%, signal=25%	
BIOCARTA_GLEEVEC_PATHWAY%MSIGDB_C2%BIOCARTA_GLEEVEC_PATHWAY	BIOCARTA_GLEEVEC_PATHWAY%MSIGDB_C2%BIOCARTA_GLEEVEC_PATHWAY		19	-0.22808436	-0.66133136	0.9390681	1.0	1.0	1334	tags=11%, list=5%, signal=11%	
PROTEIN TRIMERIZATION%GOBP%GO:0070206	PROTEIN TRIMERIZATION%GOBP%GO:0070206		15	-0.24281849	-0.6608206	0.93225807	1.0	1.0	1340	tags=13%, list=5%, signal=14%	
BIOCARTA_RAC1_PATHWAY%MSIGDB_C2%BIOCARTA_RAC1_PATHWAY	BIOCARTA_RAC1_PATHWAY%MSIGDB_C2%BIOCARTA_RAC1_PATHWAY		18	-0.23355007	-0.6601954	0.92720306	1.0	1.0	1906	tags=11%, list=8%, signal=12%	
NATURAL KILLER CELL ACTIVATION INVOLVED IN IMMUNE RESPONSE%GOBP%GO:0002323	NATURAL KILLER CELL ACTIVATION INVOLVED IN IMMUNE RESPONSE%GOBP%GO:0002323		21	-0.22589625	-0.6596572	0.95114005	1.0	1.0	1911	tags=10%, list=8%, signal=10%	
SYNTHESIS OF PIPS AT THE GOLGI MEMBRANE%REACTOME%R-HSA-1660514.5	SYNTHESIS OF PIPS AT THE GOLGI MEMBRANE%REACTOME%R-HSA-1660514.5		18	-0.22845101	-0.6594823	0.93292683	1.0	1.0	4657	tags=28%, list=19%, signal=34%	
POSITIVE REGULATION OF HOMOTYPIC CELL-CELL ADHESION%GOBP%GO:0034112	POSITIVE REGULATION OF HOMOTYPIC CELL-CELL ADHESION%GOBP%GO:0034112		17	-0.23756564	-0.65911347	0.9531773	1.0	1.0	1808	tags=12%, list=7%, signal=13%	
BACTERIAL INFECTION PATHWAYS%REACTOME DATABASE ID RELEASE 95%9824439	BACTERIAL INFECTION PATHWAYS%REACTOME DATABASE ID RELEASE 95%9824439		78	-0.1682705	-0.6590703	1.0	1.0	1.0	5032	tags=26%, list=21%, signal=32%	
LYMPHOCYTE COSTIMULATION%GOBP%GO:0031294	LYMPHOCYTE COSTIMULATION%GOBP%GO:0031294		37	-0.19073696	-0.65794915	0.98785424	1.0	1.0	2701	tags=14%, list=11%, signal=15%	
HEMATOPOIETIC STEM CELL GENE REGULATION BY GABP ALPHA BETA COMPLEX%WIKIPATHWAYS_20260211%WP3657%HOMO SAPIENS	HEMATOPOIETIC STEM CELL GENE REGULATION BY GABP ALPHA BETA COMPLEX%WIKIPATHWAYS_20260211%WP3657%HOMO SAPIENS		16	-0.2420006	-0.65748036	0.91749173	1.0	1.0	4624	tags=25%, list=19%, signal=31%	
REGULATION OF MUSCLE ADAPTATION%GOBP%GO:0043502	REGULATION OF MUSCLE ADAPTATION%GOBP%GO:0043502		47	-0.18284923	-0.65683216	0.97607654	1.0	1.0	4608	tags=21%, list=19%, signal=26%	
SARS-COV-1 INFECTION%REACTOME%R-HSA-9678108.8	SARS-COV-1 INFECTION%REACTOME%R-HSA-9678108.8		140	-0.15430161	-0.656203	1.0	1.0	1.0	4588	tags=19%, list=19%, signal=24%	
CONSTITUTIVE SIGNALING BY LIGAND-RESPONSIVE EGFR CANCER VARIANTS%REACTOME%R-HSA-1236382.3	CONSTITUTIVE SIGNALING BY LIGAND-RESPONSIVE EGFR CANCER VARIANTS%REACTOME%R-HSA-1236382.3		17	-0.22959642	-0.6556667	0.942029	1.0	1.0	5178	tags=29%, list=21%, signal=37%	
BIOCARTA_TCR_PATHWAY%MSIGDB_C2%BIOCARTA_TCR_PATHWAY	BIOCARTA_TCR_PATHWAY%MSIGDB_C2%BIOCARTA_TCR_PATHWAY		36	-0.1923169	-0.65359396	1.0	1.0	1.0	6528	tags=44%, list=27%, signal=61%	
RHO GTPASES ACTIVATE CIT%REACTOME%R-HSA-5625900.4	RHO GTPASES ACTIVATE CIT%REACTOME%R-HSA-5625900.4		19	-0.22721791	-0.6534047	0.9591195	1.0	1.0	2785	tags=16%, list=11%, signal=18%	
T-HELPER CELL DIFFERENTIATION%GOBP%GO:0042093	T-HELPER CELL DIFFERENTIATION%GOBP%GO:0042093		50	-0.18211307	-0.65296984	0.9758454	1.0	1.0	4201	tags=18%, list=17%, signal=22%	
BIOCARTA_CELLCYCLE_PATHWAY%MSIGDB_C2%BIOCARTA_CELLCYCLE_PATHWAY	BIOCARTA_CELLCYCLE_PATHWAY%MSIGDB_C2%BIOCARTA_CELLCYCLE_PATHWAY		19	-0.23164302	-0.65214413	0.94237286	1.0	1.0	18824	tags=100%, list=77%, signal=432%	
PROSTANOID METABOLIC PROCESS%GOBP%GO:0006692	PROSTANOID METABOLIC PROCESS%GOBP%GO:0006692		32	-0.19988759	-0.6519317	0.97328246	1.0	1.0	2142	tags=9%, list=9%, signal=10%	
WATER TRANSPORT%GOBP%GO:0006833	WATER TRANSPORT%GOBP%GO:0006833		21	-0.21862613	-0.6508399	0.96043164	1.0	1.0	19143	tags=100%, list=78%, signal=457%	
MESONEPHRIC EPITHELIUM DEVELOPMENT%GOBP%GO:0072163	MESONEPHRIC EPITHELIUM DEVELOPMENT%GOBP%GO:0072163		33	-0.19775337	-0.65063035	0.9705882	1.0	1.0	4345	tags=24%, list=18%, signal=29%	
URETERIC BUD DEVELOPMENT%GOBP%GO:0001657	URETERIC BUD DEVELOPMENT%GOBP%GO:0001657		32	-0.19993713	-0.6502588	0.9816176	1.0	1.0	4345	tags=25%, list=18%, signal=30%	
NONCANONICAL WNT SIGNALING PATHWAY%PATHWAY INTERACTION DATABASE NCI-NATURE CURATED DATA%NONCANONICAL WNT SIGNALING PATHWAY	NONCANONICAL WNT SIGNALING PATHWAY%PATHWAY INTERACTION DATABASE NCI-NATURE CURATED DATA%NONCANONICAL WNT SIGNALING PATHWAY		32	-0.1939551	-0.64883566	0.97540987	1.0	1.0	4976	tags=28%, list=20%, signal=35%	
SYNAPTIC TRANSMISSION, CHOLINERGIC%GOBP%GO:0007271	SYNAPTIC TRANSMISSION, CHOLINERGIC%GOBP%GO:0007271		20	-0.22110406	-0.648455	0.9509434	1.0	1.0	1263	tags=10%, list=5%, signal=11%	
THYMIC STROMAL LYMPHOPOIETIN TSLP SIGNALING%WIKIPATHWAYS_20260211%WP2203%HOMO SAPIENS	THYMIC STROMAL LYMPHOPOIETIN TSLP SIGNALING%WIKIPATHWAYS_20260211%WP2203%HOMO SAPIENS		32	-0.19980727	-0.6475343	0.9672131	1.0	1.0	4306	tags=25%, list=18%, signal=30%	
TIGHT JUNCTION INTERACTIONS%REACTOME DATABASE ID RELEASE 95%420029	TIGHT JUNCTION INTERACTIONS%REACTOME DATABASE ID RELEASE 95%420029		30	-0.19677967	-0.647481	0.9848485	1.0	1.0	4233	tags=23%, list=17%, signal=28%	
MESODERM FORMATION%GOBP%GO:0001707	MESODERM FORMATION%GOBP%GO:0001707		29	-0.20276429	-0.6459657	0.96498054	1.0	1.0	4717	tags=24%, list=19%, signal=30%	
NRF2 ARE REGULATION%WIKIPATHWAYS_20260211%WP4357%HOMO SAPIENS	NRF2 ARE REGULATION%WIKIPATHWAYS_20260211%WP4357%HOMO SAPIENS		21	-0.21580805	-0.64372957	0.98214287	1.0	1.0	5230	tags=33%, list=21%, signal=42%	
HOST-MEDIATED ACTIVATION OF VIRAL TRANSCRIPTION%GOBP%GO:0043923	HOST-MEDIATED ACTIVATION OF VIRAL TRANSCRIPTION%GOBP%GO:0043923		17	-0.23185118	-0.643431	0.9478827	1.0	1.0	267	tags=6%, list=1%, signal=6%	
MESONEPHRIC TUBULE DEVELOPMENT%GOBP%GO:0072164	MESONEPHRIC TUBULE DEVELOPMENT%GOBP%GO:0072164		33	-0.19775337	-0.6433202	0.972332	1.0	1.0	4345	tags=24%, list=18%, signal=29%	
NEGATIVE REGULATION OF TCF-DEPENDENT SIGNALING BY WNT LIGAND ANTAGONISTS%REACTOME DATABASE ID RELEASE 95%3772470	NEGATIVE REGULATION OF TCF-DEPENDENT SIGNALING BY WNT LIGAND ANTAGONISTS%REACTOME DATABASE ID RELEASE 95%3772470		15	-0.24004376	-0.64038146	0.9514563	1.0	1.0	2309	tags=20%, list=9%, signal=22%	
SIGNALING BY LIGAND-RESPONSIVE EGFR VARIANTS IN CANCER%REACTOME%R-HSA-5637815.3	SIGNALING BY LIGAND-RESPONSIVE EGFR VARIANTS IN CANCER%REACTOME%R-HSA-5637815.3		17	-0.22959642	-0.64021593	0.9461078	1.0	1.0	5178	tags=29%, list=21%, signal=37%	
BIOCARTA_GPCR_PATHWAY%MSIGDB_C2%BIOCARTA_GPCR_PATHWAY	BIOCARTA_GPCR_PATHWAY%MSIGDB_C2%BIOCARTA_GPCR_PATHWAY		22	-0.21274571	-0.63996637	0.9667774	1.0	1.0	5109	tags=32%, list=21%, signal=40%	
NUCLEOTIDE-BINDING DOMAIN, LEUCINE RICH REPEAT CONTAINING RECEPTOR SIGNALING PATHWAY%GOBP%GO:0035872	NUCLEOTIDE-BINDING DOMAIN, LEUCINE RICH REPEAT CONTAINING RECEPTOR SIGNALING PATHWAY%GOBP%GO:0035872		16	-0.2264862	-0.63753176	0.93666667	1.0	1.0	1692	tags=13%, list=7%, signal=13%	
SIGNALING BY FGFR2 IIIA TM%REACTOME%R-HSA-8851708.2	SIGNALING BY FGFR2 IIIA TM%REACTOME%R-HSA-8851708.2		19	-0.22196181	-0.6370659	0.9641694	1.0	1.0	4960	tags=37%, list=20%, signal=46%	
DEVELOPMENTAL CELL LINEAGES%REACTOME DATABASE ID RELEASE 95%9734767	DEVELOPMENTAL CELL LINEAGES%REACTOME DATABASE ID RELEASE 95%9734767		21	-0.22030349	-0.63609445	0.9724138	1.0	1.0	224	tags=5%, list=1%, signal=5%	
NEGATIVE REGULATION OF PROTEIN LOCALIZATION TO NUCLEUS%GOBP%GO:1900181	NEGATIVE REGULATION OF PROTEIN LOCALIZATION TO NUCLEUS%GOBP%GO:1900181		27	-0.20225911	-0.6345089	0.968	1.0	1.0	5329	tags=30%, list=22%, signal=38%	
REGULATION OF T CELL MEDIATED IMMUNE RESPONSE TO TUMOR CELL%GOBP%GO:0002840	REGULATION OF T CELL MEDIATED IMMUNE RESPONSE TO TUMOR CELL%GOBP%GO:0002840		19	-0.22012427	-0.6344333	0.95035464	1.0	1.0	3831	tags=26%, list=16%, signal=31%	
TELOMERE C-STRAND (LAGGING STRAND) SYNTHESIS%REACTOME DATABASE ID RELEASE 95%174417	TELOMERE C-STRAND (LAGGING STRAND) SYNTHESIS%REACTOME DATABASE ID RELEASE 95%174417		34	-0.18584886	-0.6332077	0.9784173	1.0	1.0	1813	tags=12%, list=7%, signal=13%	
REGULATION OF EPITHELIAL CELL APOPTOTIC PROCESS%GOBP%GO:1904035	REGULATION OF EPITHELIAL CELL APOPTOTIC PROCESS%GOBP%GO:1904035		23	-0.20876965	-0.63175815	0.98349833	1.0	1.0	2491	tags=17%, list=10%, signal=19%	
PROTEIN HOMOTRIMERIZATION%GOBP%GO:0070207	PROTEIN HOMOTRIMERIZATION%GOBP%GO:0070207		15	-0.24281849	-0.63117254	0.9442815	1.0	1.0	1340	tags=13%, list=5%, signal=14%	
MONOCYTE DIFFERENTIATION%GOBP%GO:0030224	MONOCYTE DIFFERENTIATION%GOBP%GO:0030224		16	-0.23082548	-0.6307091	0.95348835	1.0	1.0	4209	tags=25%, list=17%, signal=30%	
GROWTH HORMONE RECEPTOR SIGNALING%REACTOME DATABASE ID RELEASE 95%982772	GROWTH HORMONE RECEPTOR SIGNALING%REACTOME DATABASE ID RELEASE 95%982772		23	-0.205457	-0.62791884	0.98245615	1.0	1.0	4640	tags=30%, list=19%, signal=38%	
PROCESSING OF SMDT1%REACTOME%R-HSA-8949664.2	PROCESSING OF SMDT1%REACTOME%R-HSA-8949664.2		16	-0.22262625	-0.6272065	0.96153843	1.0	1.0	19044	tags=100%, list=78%, signal=449%	
EMBRYONIC DIGESTIVE TRACT DEVELOPMENT%GOBP%GO:0048566	EMBRYONIC DIGESTIVE TRACT DEVELOPMENT%GOBP%GO:0048566		20	-0.20950474	-0.6267144	0.93225807	1.0	1.0	19366	tags=100%, list=79%, signal=477%	
REGULATION OF INFLAMMATORY RESPONSE TO ANTIGENIC STIMULUS%GOBP%GO:0002861	REGULATION OF INFLAMMATORY RESPONSE TO ANTIGENIC STIMULUS%GOBP%GO:0002861		29	-0.19623609	-0.6248395	0.9783394	1.0	1.0	3095	tags=17%, list=13%, signal=20%	
MECHANOREGULATION AND PATHOLOGY OF YAP TAZ VIA HIPPO AND NON HIPPO MECHANISMS%WIKIPATHWAYS_20260211%WP4534%HOMO SAPIENS	MECHANOREGULATION AND PATHOLOGY OF YAP TAZ VIA HIPPO AND NON HIPPO MECHANISMS%WIKIPATHWAYS_20260211%WP4534%HOMO SAPIENS		33	-0.19332409	-0.62454414	0.9916318	1.0	1.0	3073	tags=15%, list=13%, signal=17%	
INFECTION WITH ENTEROBACTERIA%REACTOME%R-HSA-9640148.3	INFECTION WITH ENTEROBACTERIA%REACTOME%R-HSA-9640148.3		17	-0.22082198	-0.62292546	0.9648562	1.0	1.0	1982	tags=12%, list=8%, signal=13%	
DOWNREGULATION OF ERBB2 SIGNALING%REACTOME%R-HSA-8863795.3	DOWNREGULATION OF ERBB2 SIGNALING%REACTOME%R-HSA-8863795.3		27	-0.19713432	-0.62200326	0.9647059	1.0	1.0	5178	tags=26%, list=21%, signal=33%	
7Q11 23 DISTAL COPY NUMBER VARIATION%WIKIPATHWAYS_20260211%WP5401%HOMO SAPIENS	7Q11 23 DISTAL COPY NUMBER VARIATION%WIKIPATHWAYS_20260211%WP5401%HOMO SAPIENS		18	-0.21828978	-0.6212776	0.94139194	1.0	1.0	2680	tags=17%, list=11%, signal=19%	
METABOLIC REPROGRAMMING IN COLON CANCER%WIKIPATHWAYS_20260211%WP4290%HOMO SAPIENS	METABOLIC REPROGRAMMING IN COLON CANCER%WIKIPATHWAYS_20260211%WP4290%HOMO SAPIENS		23	-0.2030627	-0.62116164	0.96405226	1.0	1.0	5194	tags=35%, list=21%, signal=44%	
TNFR1-INDUCED PROAPOPTOTIC SIGNALING%REACTOME%R-HSA-5357786.6	TNFR1-INDUCED PROAPOPTOTIC SIGNALING%REACTOME%R-HSA-5357786.6		25	-0.19635025	-0.6180999	0.9586466	1.0	1.0	1692	tags=8%, list=7%, signal=9%	
IRON METABOLISM DISORDERS%WIKIPATHWAYS_20260211%WP5172%HOMO SAPIENS	IRON METABOLISM DISORDERS%WIKIPATHWAYS_20260211%WP5172%HOMO SAPIENS		15	-0.23253347	-0.6179821	0.9372937	1.0	1.0	4840	tags=33%, list=20%, signal=42%	
REGULATION OF FERTILIZATION%GOBP%GO:0080154	REGULATION OF FERTILIZATION%GOBP%GO:0080154		16	-0.22198334	-0.6170785	0.9509202	1.0	1.0	5435	tags=38%, list=22%, signal=48%	
13Q12 12 COPY NUMBER VARIATION%WIKIPATHWAYS_20260211%WP5406%HOMO SAPIENS	13Q12 12 COPY NUMBER VARIATION%WIKIPATHWAYS_20260211%WP5406%HOMO SAPIENS		27	-0.20045365	-0.61694324	0.99661016	1.0	1.0	3353	tags=19%, list=14%, signal=21%	
PLASMINOGEN ACTIVATING CASCADE%PANTHER PATHWAY%P00050	PLASMINOGEN ACTIVATING CASCADE%PANTHER PATHWAY%P00050		15	-0.23245236	-0.61681837	0.951049	1.0	1.0	2523	tags=13%, list=10%, signal=15%	
G BETA:GAMMA SIGNALLING THROUGH PLC BETA%REACTOME%R-HSA-418217.5	G BETA:GAMMA SIGNALLING THROUGH PLC BETA%REACTOME%R-HSA-418217.5		20	-0.21126747	-0.6151839	0.9748428	1.0	1.0	1619	tags=15%, list=7%, signal=16%	
ANGIOTENSIN II RECEPTOR TYPE 1 PATHWAY%WIKIPATHWAYS_20260211%WP5036%HOMO SAPIENS	ANGIOTENSIN II RECEPTOR TYPE 1 PATHWAY%WIKIPATHWAYS_20260211%WP5036%HOMO SAPIENS		22	-0.2038419	-0.6150976	0.97029704	1.0	1.0	3712	tags=18%, list=15%, signal=21%	
VASOPRESSIN REGULATED WATER REABSORPTION%WIKIPATHWAYS_20260211%WP5085%HOMO SAPIENS	VASOPRESSIN REGULATED WATER REABSORPTION%WIKIPATHWAYS_20260211%WP5085%HOMO SAPIENS		35	-0.18398145	-0.61439604	0.9956522	1.0	1.0	1286	tags=6%, list=5%, signal=6%	
T CELL RECEPTOR AND CO STIMULATORY SIGNALING%WIKIPATHWAYS_20260211%WP2583%HOMO SAPIENS	T CELL RECEPTOR AND CO STIMULATORY SIGNALING%WIKIPATHWAYS_20260211%WP2583%HOMO SAPIENS		22	-0.20632991	-0.61370414	0.9722222	1.0	1.0	6196	tags=36%, list=25%, signal=49%	
PERTURBATIONS TO HOST CELL AUTOPHAGY INDUCED BY SARS COV 2 PROTEINS%WIKIPATHWAYS_20260211%WP4936%HOMO SAPIENS	PERTURBATIONS TO HOST CELL AUTOPHAGY INDUCED BY SARS COV 2 PROTEINS%WIKIPATHWAYS_20260211%WP4936%HOMO SAPIENS		37	-0.18020092	-0.6134774	0.9879518	1.0	1.0	4088	tags=22%, list=17%, signal=26%	
PI3K AKT SIGNALING IN CANCER%REACTOME DATABASE ID RELEASE 95%2219528	PI3K AKT SIGNALING IN CANCER%REACTOME DATABASE ID RELEASE 95%2219528		99	-0.14824048	-0.6123756	1.0	1.0	1.0	3452	tags=13%, list=14%, signal=15%	
PID_PTP1B_PATHWAY%MSIGDB_C2%PID_PTP1B_PATHWAY	PID_PTP1B_PATHWAY%MSIGDB_C2%PID_PTP1B_PATHWAY		41	-0.1764158	-0.6097974	0.995671	1.0	1.0	2958	tags=12%, list=12%, signal=14%	
G BETA:GAMMA SIGNALLING THROUGH PI3KGAMMA%REACTOME DATABASE ID RELEASE 95%392451	G BETA:GAMMA SIGNALLING THROUGH PI3KGAMMA%REACTOME DATABASE ID RELEASE 95%392451		25	-0.19974396	-0.6092352	0.98058254	1.0	1.0	1619	tags=12%, list=7%, signal=13%	
WOUND HEALING, SPREADING OF CELLS%GOBP%GO:0044319	WOUND HEALING, SPREADING OF CELLS%GOBP%GO:0044319		27	-0.18868266	-0.608641	0.9822695	1.0	1.0	2335	tags=15%, list=10%, signal=16%	
EPIBOLY INVOLVED IN WOUND HEALING%GOBP%GO:0090505	EPIBOLY INVOLVED IN WOUND HEALING%GOBP%GO:0090505		27	-0.18868266	-0.6065272	0.9739777	1.0	1.0	2335	tags=15%, list=10%, signal=16%	
CD4-POSITIVE OR CD8-POSITIVE, ALPHA-BETA T CELL LINEAGE COMMITMENT%GOBP%GO:0043369	CD4-POSITIVE OR CD8-POSITIVE, ALPHA-BETA T CELL LINEAGE COMMITMENT%GOBP%GO:0043369		16	-0.21796265	-0.603331	0.94920635	1.0	1.0	3852	tags=25%, list=16%, signal=30%	
TRANSCRIPTION FACTOR REGULATION IN ADIPOGENESIS%WIKIPATHWAYS_20260211%WP3599%HOMO SAPIENS	TRANSCRIPTION FACTOR REGULATION IN ADIPOGENESIS%WIKIPATHWAYS_20260211%WP3599%HOMO SAPIENS		19	-0.2129078	-0.6007325	0.98207885	1.0	1.0	1717	tags=11%, list=7%, signal=11%	
FORMATION OF ATP BY CHEMIOSMOTIC COUPLING%REACTOME DATABASE ID RELEASE 95%163210	FORMATION OF ATP BY CHEMIOSMOTIC COUPLING%REACTOME DATABASE ID RELEASE 95%163210		18	-0.21083264	-0.60000944	0.9757785	1.0	1.0	1203	tags=6%, list=5%, signal=6%	
PID_EPHA2_FWD_PATHWAY%MSIGDB_C2%PID_EPHA2_FWD_PATHWAY	PID_EPHA2_FWD_PATHWAY%MSIGDB_C2%PID_EPHA2_FWD_PATHWAY		15	-0.22433305	-0.5988557	0.972973	1.0	1.0	19002	tags=100%, list=78%, signal=446%	
APOPTOSIS%WIKIPATHWAYS_20260211%WP254%HOMO SAPIENS	APOPTOSIS%WIKIPATHWAYS_20260211%WP254%HOMO SAPIENS		74	-0.15788256	-0.5977606	1.0	1.0	1.0	4818	tags=23%, list=20%, signal=29%	
CHAPERONE MEDIATED AUTOPHAGY%REACTOME DATABASE ID RELEASE 95%9613829	CHAPERONE MEDIATED AUTOPHAGY%REACTOME DATABASE ID RELEASE 95%9613829		21	-0.20149648	-0.5927484	0.9612676	1.0	1.0	5412	tags=29%, list=22%, signal=37%	
MOLECULES ASSOCIATED WITH ELASTIC FIBRES%REACTOME%R-HSA-2129379.3	MOLECULES ASSOCIATED WITH ELASTIC FIBRES%REACTOME%R-HSA-2129379.3		28	-0.184327	-0.58921784	0.98239434	1.0	1.0	2802	tags=18%, list=11%, signal=20%	
EXTRACELLULAR MATRIX ASSEMBLY%GOBP%GO:0085029	EXTRACELLULAR MATRIX ASSEMBLY%GOBP%GO:0085029		20	-0.1996725	-0.5873738	0.98214287	1.0	1.0	3348	tags=20%, list=14%, signal=23%	
HSF1-DEPENDENT TRANSACTIVATION%REACTOME%R-HSA-3371571.3	HSF1-DEPENDENT TRANSACTIVATION%REACTOME%R-HSA-3371571.3		24	-0.19225621	-0.585597	0.99646646	1.0	1.0	4738	tags=21%, list=19%, signal=26%	
T-HELPER 17 TYPE IMMUNE RESPONSE%GOBP%GO:0072538	T-HELPER 17 TYPE IMMUNE RESPONSE%GOBP%GO:0072538		35	-0.17518206	-0.5851239	0.9882353	1.0	1.0	705	tags=6%, list=3%, signal=6%	
CORTICAL ACTIN CYTOSKELETON ORGANIZATION%GOBP%GO:0030866	CORTICAL ACTIN CYTOSKELETON ORGANIZATION%GOBP%GO:0030866		25	-0.19099195	-0.58494794	0.99642855	1.0	1.0	19820	tags=100%, list=81%, signal=524%	
INTERLEUKIN-12 SIGNALING%REACTOME%R-HSA-9020591.3	INTERLEUKIN-12 SIGNALING%REACTOME%R-HSA-9020591.3		44	-0.16655678	-0.5843223	1.0	1.0	1.0	4650	tags=20%, list=19%, signal=25%	
PID_AURORA_A_PATHWAY%MSIGDB_C2%PID_AURORA_A_PATHWAY	PID_AURORA_A_PATHWAY%MSIGDB_C2%PID_AURORA_A_PATHWAY		24	-0.19073583	-0.5806458	0.9962963	1.0	1.0	6058	tags=38%, list=25%, signal=50%	
PID_WNT_NONCANONICAL_PATHWAY%MSIGDB_C2%PID_WNT_NONCANONICAL_PATHWAY	PID_WNT_NONCANONICAL_PATHWAY%MSIGDB_C2%PID_WNT_NONCANONICAL_PATHWAY		26	-0.17586899	-0.56876755	0.985348	1.0	1.0	4976	tags=27%, list=20%, signal=34%	
REGULATION OF CD8-POSITIVE, ALPHA-BETA T CELL ACTIVATION%GOBP%GO:2001185	REGULATION OF CD8-POSITIVE, ALPHA-BETA T CELL ACTIVATION%GOBP%GO:2001185		20	-0.1976916	-0.56860936	0.9898649	1.0	1.0	4640	tags=30%, list=19%, signal=37%	
PID_TAP63_PATHWAY%MSIGDB_C2%PID_TAP63_PATHWAY	PID_TAP63_PATHWAY%MSIGDB_C2%PID_TAP63_PATHWAY		44	-0.15897855	-0.5667552	1.0	1.0	1.0	5631	tags=36%, list=23%, signal=47%	
NEGATIVE REGULATION OF NUCLEOCYTOPLASMIC TRANSPORT%GOBP%GO:0046823	NEGATIVE REGULATION OF NUCLEOCYTOPLASMIC TRANSPORT%GOBP%GO:0046823		20	-0.18866459	-0.5660385	0.9861111	1.0	1.0	19876	tags=100%, list=81%, signal=530%	
SCAVENGING BY CLASS A RECEPTORS%REACTOME%R-HSA-3000480.2	SCAVENGING BY CLASS A RECEPTORS%REACTOME%R-HSA-3000480.2		19	-0.1983089	-0.5659536	0.9768212	1.0	1.0	420	tags=5%, list=2%, signal=5%	
POSITIVE REGULATION OF PROTEIN EXIT FROM ENDOPLASMIC RETICULUM%GOBP%GO:0070863	POSITIVE REGULATION OF PROTEIN EXIT FROM ENDOPLASMIC RETICULUM%GOBP%GO:0070863		19	-0.19823352	-0.5651302	0.9867987	1.0	1.0	2857	tags=16%, list=12%, signal=18%	
COPPER ION HOMEOSTASIS%GOBP%GO:0055070	COPPER ION HOMEOSTASIS%GOBP%GO:0055070		15	-0.20824935	-0.5623116	0.9907975	1.0	1.0	1627	tags=13%, list=7%, signal=14%	
LISTERIA MONOCYTOGENES ENTRY INTO HOST CELLS%REACTOME%R-HSA-8876384.4	LISTERIA MONOCYTOGENES ENTRY INTO HOST CELLS%REACTOME%R-HSA-8876384.4		19	-0.1940376	-0.5615287	0.9831081	1.0	1.0	3745	tags=21%, list=15%, signal=25%	
NFE2L2 REGULATING ANTI-OXIDANT DETOXIFICATION ENZYMES%REACTOME%R-HSA-9818027.3	NFE2L2 REGULATING ANTI-OXIDANT DETOXIFICATION ENZYMES%REACTOME%R-HSA-9818027.3		19	-0.19095731	-0.5539198	0.9968553	1.0	1.0	5171	tags=32%, list=21%, signal=40%	
NEGATIVE REGULATION OF CAMP/PKA SIGNAL TRANSDUCTION%GOBP%GO:0141162	NEGATIVE REGULATION OF CAMP/PKA SIGNAL TRANSDUCTION%GOBP%GO:0141162		27	-0.17491926	-0.5506151	0.99230766	1.0	1.0	4209	tags=22%, list=17%, signal=27%	
POSITIVE REGULATION OF LEUKOCYTE ADHESION TO VASCULAR ENDOTHELIAL CELL%GOBP%GO:1904996	POSITIVE REGULATION OF LEUKOCYTE ADHESION TO VASCULAR ENDOTHELIAL CELL%GOBP%GO:1904996		20	-0.19118688	-0.5492565	0.992674	1.0	1.0	422	tags=5%, list=2%, signal=5%	
POSITIVE REGULATION OF RELEASE OF CYTOCHROME C FROM MITOCHONDRIA%GOBP%GO:0090200	POSITIVE REGULATION OF RELEASE OF CYTOCHROME C FROM MITOCHONDRIA%GOBP%GO:0090200		22	-0.18238614	-0.5472277	0.99312717	1.0	1.0	4818	tags=27%, list=20%, signal=34%	
LYSOSOMAL MEMBRANE ORGANIZATION%GOBP%GO:0097212	LYSOSOMAL MEMBRANE ORGANIZATION%GOBP%GO:0097212		18	-0.19155844	-0.54181975	1.0	1.0	1.0	1612	tags=11%, list=7%, signal=12%	
NEGATIVE REGULATION OF ATP METABOLIC PROCESS%GOBP%GO:1903579	NEGATIVE REGULATION OF ATP METABOLIC PROCESS%GOBP%GO:1903579		16	-0.19978657	-0.5379448	0.9928315	1.0	1.0	753	tags=6%, list=3%, signal=6%	
REGULATION OF WNT B CATENIN SIGNALING BY SMALL MOLECULE COMPOUNDS%WIKIPATHWAYS_20260211%WP3664%HOMO SAPIENS	REGULATION OF WNT B CATENIN SIGNALING BY SMALL MOLECULE COMPOUNDS%WIKIPATHWAYS_20260211%WP3664%HOMO SAPIENS		16	-0.19463761	-0.52872896	0.9864865	1.0	1.0	5230	tags=38%, list=21%, signal=48%	
IFN-ALPHA%IOB%IFN-ALPHA	IFN-ALPHA%IOB%IFN-ALPHA		29	-0.16256034	-0.52781266	1.0	1.0	1.0	4088	tags=21%, list=17%, signal=25%	
NUCLEOTIDE SALVAGE%REACTOME%R-HSA-8956321.3	NUCLEOTIDE SALVAGE%REACTOME%R-HSA-8956321.3		22	-0.18171589	-0.5249665	0.9933775	1.0	1.0	5114	tags=32%, list=21%, signal=40%	
SIGNALING BY EGFR IN CANCER%REACTOME%R-HSA-1643713.4	SIGNALING BY EGFR IN CANCER%REACTOME%R-HSA-1643713.4		23	-0.17535222	-0.52441484	0.99261993	1.0	1.0	5178	tags=26%, list=21%, signal=33%	
BIOCARTA_IGF1MTOR_PATHWAY%MSIGDB_C2%BIOCARTA_IGF1MTOR_PATHWAY	BIOCARTA_IGF1MTOR_PATHWAY%MSIGDB_C2%BIOCARTA_IGF1MTOR_PATHWAY		18	-0.18233599	-0.51796097	0.9933775	1.0	1.0	6139	tags=39%, list=25%, signal=52%	
BIOCARTA_MITOCHONDRIA_PATHWAY%MSIGDB_C2%BIOCARTA_MITOCHONDRIA_PATHWAY	BIOCARTA_MITOCHONDRIA_PATHWAY%MSIGDB_C2%BIOCARTA_MITOCHONDRIA_PATHWAY		15	-0.1829468	-0.49887243	0.996875	1.0	1.0	2782	tags=13%, list=11%, signal=15%	
POSITIVE REGULATION OF ACUTE INFLAMMATORY RESPONSE%GOBP%GO:0002675	POSITIVE REGULATION OF ACUTE INFLAMMATORY RESPONSE%GOBP%GO:0002675		20	-0.16286373	-0.47654647	1.0	1.0	1.0	2680	tags=10%, list=11%, signal=11%	
HOST PATHOGEN INTERACTION OF HUMAN CORONAVIRUSES APOPTOSIS%WIKIPATHWAYS_20260211%WP4864%HOMO SAPIENS	HOST PATHOGEN INTERACTION OF HUMAN CORONAVIRUSES APOPTOSIS%WIKIPATHWAYS_20260211%WP4864%HOMO SAPIENS		17	-0.16163047	-0.46016952	1.0	1.0	1.0	4818	tags=24%, list=20%, signal=29%	
REGULATION OF T CELL DIFFERENTIATION IN THYMUS%GOBP%GO:0033081	REGULATION OF T CELL DIFFERENTIATION IN THYMUS%GOBP%GO:0033081		15	-0.15884237	-0.44672918	1.0	1.0	1.0	4315	tags=20%, list=18%, signal=24%	
DEVELOPMENT AND HETEROGENEITY OF THE ILC FAMILY%WIKIPATHWAYS_20260211%WP3893%HOMO SAPIENS	DEVELOPMENT AND HETEROGENEITY OF THE ILC FAMILY%WIKIPATHWAYS_20260211%WP3893%HOMO SAPIENS		31	-0.1345624	-0.4386924	1.0	1.0	1.0	3016	tags=10%, list=12%, signal=11%	
TRANSCRIPTION BY RNA POLYMERASE I%GOBP%GO:0006360	TRANSCRIPTION BY RNA POLYMERASE I%GOBP%GO:0006360		25	-0.14064904	-0.4351716	1.0	0.9997616	1.0	5728	tags=32%, list=23%, signal=42%	
